-4.45E-23,1.62464953228583e-08,-4.56E-26,6.321567327298189e-16,-6.31E-39,5.85949903602069e-26,0,1.96016049174058e-36,0,-5.90E-43,0,0,-3.09E-46,1.79234807026036e-32,-4.19E-19,1.41401709799531e-13,0,0,5.194557170315898e-41,-6.03E-38,0,0,0,0,0,0,0,0,0,0,0,0,-9.47E-45,7.631572913366e-35,-8.08E-17,5.43492456222796e-14,2.2177598248620203e-25,-3.18E-23,-7.77E-39,1.89648139001289e-32,-1.44E-46,4.04021666365245e-37,0,0,-7.99E-29,-6.77E-31,-2.59E-23,1.36776332186325e-18,4.9861856912333e-34,-7.95E-34,1.7341042299881602e-21,2.384120863215e-18,7.64781724614867e-27,-3.56E-21,-9.28E-45,7.95648037295389e-36,1.25578918541604e-42,2.71513738982676e-38,2.45868934521018e-12,8.97831826134378e-07,9.86150286916525e-08,7.05950114557765e-08,6.72730294832954e-22,1.5902175549616e-11,2.68392585955649e-43,1.85637360820652e-17,5.18019749898374e-29,5.26205169375042e-13,7.50169163214214e-06,2.23333213183708e-07,-3.10E-13,1.46830638061278e-07,5.30981454276296e-43,5.7147378361867e-33,0,-4.59E-39,0,2.82930918062583e-43,-2.80E-47,-1.53E-35,-1.45E-48,4.47094598914372e-28,0,0,-8.64E-42,1.03869404347742e-27,0,0,0,-4.66E-39,2.8370910504712304e-44,7.185736017280292e-44,1.03756385105993e-45,-9.73E-47,4.7274632594567e-43,-2.60E-40,-2.38E-39,3.38750568538224e-38,-1.13E-40,3.37659259000096e-43,0,0,0,0,0,-1.54E-47,0,0,3.9451424391303e-45,-4.54E-38,-2.41E-36,2.93112128163393e-39,4.730285215591312e-44,0,-6.04E-48,-2.33E-46,4.5769683607492404e-45,-3.31E-41,-6.78E-42,-1.86E-36,0,1.3905364921188e-44,1.64628519813355e-44,-1.61E-37,1.9356956492832498e-43,-5.49E-37,-1.19E-43,-4.90E-40,0,0,-2.33E-42,-2.30E-40,-1.62E-43,-4.66E-40,0,8.16952270716932e-39,0,-1.12E-40,1.41259925839195e-46,-8.22E-37,3.59839613528092e-41,-7.17E-34,-2.50E-41,-1.82E-36,1.14303391885082e-42,-2.59E-34,0,0,0,0,-3.82E-39,-7.70E-42,0,0,0,0,0,2.59499715615707e-47,0,5.03837650094316e-47,0,-3.27E-45,0,0,1.96465831991486e-44,0
-8.96E-27,1.56628896393628e-14,-1.21E-32,-1.51E-22,-3.71E-35,-5.21E-21,1.28340250155135e-39,-2.87E-22,4.21213612504668e-43,-7.25E-26,0,3.4641190297353e-42,-1.43E-23,1.51110890388203e-07,7.727569775457791e-23,6.51185221797406e-17,-6.87E-36,-5.12E-36,-1.90E-36,2.6121953600257097e-36,-2.44E-48,-4.35E-43,3.44105531787509e-44,4.21244234823915e-38,1.50671432607289e-45,1.5034562307293896e-40,0,-2.37E-44,1.11924698770917e-45,2.97442671601679e-40,0,6.428829390851891e-47,-6.36E-25,5.94668275441291e-07,-1.20E-12,1.45676234453758e-09,2.59556192216613e-06,4.86814698928757e-05,-5.20E-15,2.04090145746329e-10,7.1159880677413e-24,-1.37E-18,2.46174931925826e-37,-9.96E-29,9.00902069857161e-13,2.80170597340157e-10,1.17139302922248e-12,1.75714053681074e-08,2.4913700175846004e-16,8.024234129868722e-14,5.658240743200661e-15,1.2870476128253e-05,-4.13E-19,4.60187590813335e-05,-8.51E-29,4.0476529077161504e-20,-1.59E-26,1.74162017397428e-20,2.98229467050838e-23,2.79823464764984e-07,1.58153361819422e-20,4.94290147782858e-07,-1.49E-24,8.58980368959106e-06,8.67581355525766e-27,0.0002672095250396,-1.74E-24,4.56386232751747e-05,5.28344302638892e-08,1.96873332709203e-06,-7.08E-18,-7.46E-15,1.1020098434354501e-19,2.39155320574478e-07,3.1118212087833494e-27,3.38839563458875e-17,-1.23E-31,-3.77E-23,5.24441124561891e-27,1.13165481844165e-08,-2.84E-25,2.35702558748458e-09,2.9988877641192603e-47,-4.55E-35,-3.43E-25,1.2901571962643502e-09,0,2.6311332502161094e-40,6.10721093001137e-37,-2.68E-22,7.427669366530289e-33,-4.99E-27,6.959418005303471e-35,-1.69E-32,-3.15E-21,2.36389431580916e-19,1.04942979850847e-16,-3.82E-16,6.756285470198669e-26,-2.04E-26,-3.71E-39,-2.27E-35,-6.24E-33,-3.35E-34,-1.92E-28,2.3262964747427492e-28,-7.65E-36,-2.08E-30,-6.13E-23,3.4020119732531e-17,4.39278167144443e-13,1.08625173577023e-24,-1.15E-31,-1.11E-29,-3.63E-27,1.53845194714697e-25,-1.08E-18,-3.62E-19,-4.30E-15,5.11586229555093e-12,-2.02E-25,7.48654985357774e-23,-1.14E-17,1.9158875975760902e-14,-5.83E-17,1.44306114180486e-10,-1.27E-16,1.08038942669724e-15,3.07031943123501e-27,9.90108460680478e-26,-4.52E-15,-2.18E-16,-2.91E-16,1.8802670112522e-15,-8.03E-26,-9.52E-16,-1.51E-23,-3.88E-17,3.95888864244833e-21,9.353449569276221e-14,1.40710165232996e-14,2.54840636351939e-08,-5.13E-15,7.125676243998759e-12,2.81363331853537e-16,1.61236594521743e-08,-1.70E-40,6.18698962471253e-41,-1.35E-38,9.546582474560207e-36,-6.73E-27,-3.19E-27,-1.52E-34,-1.44E-33,2.1505322271992895e-26,4.69714044413015e-25,-3.34E-26,-4.04E-23,-4.44E-27,5.78751676719598e-23,6.92727692939497e-23,3.3121159589921696e-22,3.8000729362385897e-26,1.73673246624585e-24,6.54151743886847e-22,-2.31E-26
1.96671364440853e-38,6.6556598620182e-27,3.3097223890184397e-40,-1.67E-32,0,3.53859566063866e-37,0,-1.50E-42,0,4.97278544993371e-45,0,-7.73E-45,-3.55E-49,-3.10E-25,9.15833225709128e-37,1.94776682391352e-33,0,4.657067828014159e-43,0,0,0,0,0,2.90134614928997e-46,0,-8.18E-48,0,0,0,-1.20E-44,0,-5.59E-48,-1.89E-49,6.1742419118200796e-27,-1.87E-28,5.4886950618163e-23,4.89656363911857e-26,8.85200039482208e-22,-1.40E-37,-2.34E-20,-5.30E-40,2.1849876554165e-20,0,-8.95E-36,-5.45E-13,2.88009051653896e-07,-9.79E-13,1.14463682825464e-08,-2.90E-17,1.1482347756048e-08,1.78391557166625e-12,7.47971612875311e-07,3.85327919372367e-18,8.90587642623418e-05,1.74444032982773e-27,4.23813231719232e-08,-8.88E-32,4.74302048578801e-09,3.6119510324683796e-27,-2.25E-21,-2.47E-20,-4.69E-17,-5.72E-31,8.7283917375193e-12,2.90077707583163e-47,1.74941728776965e-13,4.1885875358480994e-37,2.8904301537387e-07,-1.32E-19,8.28001781056331e-16,-3.69E-27,6.55302288232064e-25,-1.94E-46,-5.86E-32,0,1.6858385647214398e-30,0,2.60650442227882e-34,0,-6.96E-25,9.15482446205238e-49,5.1023623191792e-10,0,1.19240802373179e-38,2.61766464182007e-39,5.58588114375541e-05,0,-7.32E-41,2.93020343639231e-42,8.844269856633931e-09,8.28682017001492e-29,5.23386291085231e-19,8.63336841691491e-30,-2.20E-25,3.8806554602197495e-34,1.14364870622139e-28,3.9709462850414505e-25,-7.16E-17,7.83819282950411e-26,8.42479937456996e-17,8.36844541373608e-38,1.65729343652144e-29,-6.79E-35,-1.04E-28,-7.83E-40,-3.06E-34,0,2.15071345432548e-35,-1.80E-34,-2.99E-28,-1.42E-18,-6.17E-19,1.5753364942018302e-25,4.36479013014302e-29,7.02993383097511e-32,1.05512325398354e-32,2.36582857613281e-46,-8.08E-42,-2.43E-43,-2.96E-35,0,-3.32E-41,-1.31E-46,1.32940260726885e-34,1.79973744861317e-46,4.17960085650131e-30,-1.65E-44,3.73016035213767e-34,0,2.49989894412467e-41,5.5554673799942386e-42,-1.12E-38,2.18716179229076e-45,8.55608621713557e-38,-4.26E-44,2.65061288895168e-27,2.64031420208261e-43,2.40838590231649e-30,1.1226513947732299e-41,1.08662175728772e-26,9.24530794254107e-41,1.0527436059592e-27,-7.62E-43,-4.16E-32,-5.22E-44,-1.52E-29,0,0,0,0,-2.61E-48,-3.42E-47,0,5.0155443777594e-46,3.00501547865126e-42,-5.98E-39,-1.47E-43,-1.13E-35,-2.06E-44,-6.20E-35,-6.13E-41,1.03154343984479e-36,3.02264165875384e-41,1.85616817199543e-37,1.87728062296555e-36,-1.11E-38
0,0,0,0,0,0,-4.96E-47,0,0,0,0,0,1.58867710232275e-41,0,0,0,0,0,0,0,0,0,0,0,0,0,0,0,0,0,0,0,2.77167484197723e-47,0,0,0,0,0,3.6938385391210304e-44,0,2.33444969053928e-43,0,4.77715385565279e-48,0,0,0,0,0,0,0,0,0,0,0,2.23200710629378e-43,0,-5.03E-38,0,9.95250901569843e-44,0,0,0,0,0,6.87539951146631e-46,0,0,0,0,0,0,0,0,0,0,0,0,0,1.66062649492867e-41,0,6.3661043130559e-38,0,-1.96E-42,0,3.49585926244533e-29,0,-1.24E-36,0,1.8952811104591e-28,0,7.87953103459101e-30,0,1.07535004391847e-25,0,0,0,5.798279722467538e-41,0,1.05709302687937e-37,0,2.68781559026462e-24,0,4.91743025502732e-26,0,2.54683846069178e-35,-5.39E-45,1.09130087217837e-36,0,0,0,0,0,0,0,0,0,0,0,0,0,0,0,0,0,0,0,0,0,0,0,0,0,0,0,0,0,0,0,0,0,0,0,0,0,0,0,0,0,0,0,0,0,0,0,0,0,0,0,0,0,0,0,0,0,0,0
1.15932310641355e-40,3.9129041688781804e-24,9.56854975083034e-42,4.86643480349609e-28,0,-5.27E-35,0,0,0,0,0,0,0,5.27724158709853e-45,9.80053875123911e-39,-4.04E-33,0,0,2.92717760763038e-49,2.76566017203376e-45,0,0,0,0,0,0,0,0,0,0,0,0,0,-8.52E-47,-8.46E-47,-1.06E-42,0,0,0,0,0,0,0,0,0,0,0,-7.82E-44,0,0,0,-1.53E-41,0,-5.05E-44,0,0,0,0,-1.73E-40,-2.89E-28,6.79499057820186e-42,-3.39E-30,0,6.10465052832253e-35,0,1.06330665452417e-37,0,4.53909939597227e-37,1.83604464572027e-36,4.01546837463319e-32,-3.99E-37,-3.37E-34,0,0,0,0,0,0,0,0,0,6.8865945303833e-46,0,0,0,0,0,0,0,0,0,0,0,0,0,0,0,0,0,0,0,0,0,0,0,0,0,0,0,0,0,0,0,0,0,0,0,0,0,0,0,0,0,0,0,0,0,0,0,0,0,0,0,0,0,0,0,0,0,0,0,0,0,0,0,0,0,0,0,0,0,0,0,0,0,0,0,0,0,0,0,0,0,0,0,0
2.165335984933e-45,5.558457253451549e-26,4.24158944405487e-41,-9.30E-26,0,2.83278081239333e-27,0,2.77929008468996e-35,0,1.62646218462459e-41,0,0,0,-7.62E-39,-1.96E-36,6.117869311293919e-30,0,0,-3.06E-42,3.48079309657667e-32,0,0,0,0,0,0,0,0,0,0,0,0,0,1.00833320683766e-43,5.46342158221849e-45,6.286901747501669e-40,0,0,0,0,0,0,0,0,0,0,0,2.6692570817985e-47,0,0,0,7.030165141859519e-42,0,-1.15E-42,0,0,0,0,4.837517588814951e-44,-1.19E-23,1.54804461101259e-46,2.73837865902973e-25,0,6.57354261231446e-27,0,-1.74E-28,0,3.36367968650089e-31,-4.80E-40,9.49147303675084e-37,1.66308685799128e-39,3.00450651782689e-34,0,3.47698208203315e-44,0,-3.30E-49,0,0,0,3.54282299394604e-43,0,1.80580970204291e-38,0,0,0,6.44321459635067e-43,0,0,0,0,0,0,0,0,0,0,0,0,0,0,0,0,0,0,0,0,0,0,0,0,0,0,0,0,0,0,0,0,0,0,0,0,0,0,0,0,0,0,0,0,0,0,0,0,0,0,0,0,0,0,0,0,0,0,0,0,0,0,0,0,0,-2.11E-46,0,0,0,0,0,0,0,0,0,0,0,0,0,0
1.42870882765161e-29,1.27801609426307e-20,2.10543630111969e-29,-3.07E-26,3.49780513060887e-48,-6.78E-24,0,3.12015819662166e-31,0,1.31720802005986e-33,0,1.08398788119914e-37,1.7152811564424498e-42,7.10109974472226e-14,2.49977109583648e-27,-1.29E-25,-6.18E-47,1.56043476308717e-37,-6.09E-44,3.52492542674809e-41,0,0,0,-4.00E-41,0,-1.26E-44,0,1.18667057453433e-46,0,-1.91E-37,0,7.013395300475368e-41,-1.23E-43,1.1967384716958902e-19,-7.09E-25,5.82063513985269e-21,3.03766723382884e-26,6.75078610370484e-19,5.7463339906451e-33,-9.76E-15,2.0595418918178305e-35,-4.63E-14,0,-6.63E-31,-9.81E-22,1.05338693736447e-07,-1.86E-17,2.08230263687346e-11,3.69339371724871e-22,1.51573112228516e-11,-1.05E-19,1.00110645807667e-07,6.466547324711099e-30,8.74702475919167e-06,-2.82E-39,-5.90E-17,2.6111478302271e-35,-4.03E-14,1.72960784794263e-23,1.60720461483056e-16,1.3268180551077501e-21,1.0062660669404799e-11,-1.59E-32,1.8852813695920695e-11,-1.55E-43,7.61177298706611e-06,-7.96E-36,8.22346937225069e-06,-4.28E-19,1.62596697024708e-11,2.1226981594364705e-23,1.15961104002039e-20,3.3063233265918797e-40,4.77359408516147e-26,4.01024287518587e-47,-8.30E-25,2.98911788465191e-48,4.6101081325690895e-28,8.0981816752478e-44,-1.72E-17,-3.40E-44,2.26709594178877e-05,0,-5.31E-31,-6.56E-39,5.05817311284373e-05,0,-5.24E-34,-1.29E-41,4.35961553156344e-10,3.7073406961589e-40,5.56335497306526e-22,-9.58E-40,-1.60E-26,2.68834154085685e-30,-7.34E-25,-5.07E-25,1.15786986492348e-18,1.97523914869176e-30,-8.67E-22,-5.29E-42,1.4288368606329398e-30,-1.15E-39,-2.14E-31,2.31239137358978e-39,2.17178516992316e-34,0,-8.15E-33,-1.27E-30,9.66721054387492e-25,5.1680540583486515e-19,2.3149568644059e-25,4.29408219852171e-32,1.03625451978324e-32,5.08165202647255e-34,-6.01E-33,1.18741145520941e-40,1.01430982836008e-36,3.49400236781071e-37,2.41230567370791e-28,1.50447489325117e-43,-1.10E-34,2.9645707286052293e-40,1.93870183946542e-28,3.14277583591717e-39,-2.05E-23,-2.82E-38,8.33982952132251e-30,1.4613791359827398e-42,6.02329243475687e-37,-5.89E-37,5.89057730515563e-32,6.90829842421599e-39,-4.69E-32,-5.34E-39,-1.23E-21,-1.30E-38,-1.19E-24,-1.11E-36,-2.59E-21,1.1301654582881e-34,-1.73E-21,-2.04E-38,-1.99E-25,1.17654150711443e-37,-9.51E-23,0,0,0,0,1.65314872142042e-40,-1.08E-40,-1.43E-46,3.8309247952992786e-40,-9.15E-38,2.73686331418739e-34,1.42182245666815e-39,3.22410830312735e-32,1.6086694362234199e-40,-6.12E-32,-6.87E-36,1.79303781823144e-32,-1.21E-38,-8.77E-35,-8.55E-34,5.74670593604294e-36
1.16343083984293e-06,5.80618432924437e-05,5.99605279335322e-14,4.260770211444709e-11,-2.52E-25,-1.40E-19,3.05896486870125e-37,-2.27E-26,-1.55E-41,2.8593148734671997e-31,0,1.03472331424361e-38,-4.67E-28,1.73656565420178e-13,1.63300306394579e-10,1.49377618538579e-06,4.64005885185426e-32,3.31024869158133e-32,5.80710774443328e-30,-1.66E-30,-4.63E-41,3.89304981022217e-39,2.39805836586821e-39,1.10029823544813e-35,-1.59E-43,-2.77E-36,0,1.8194287612543998e-41,-1.05E-44,-8.84E-37,0,1.95081504830946e-41,-4.15E-28,3.68378772950518e-16,0.0003462354211351,0.0004818770360043,0.0009720284360288,0.0021766555075838,1.08842961843248e-17,1.91042457072899e-10,-6.76E-26,2.53015977436257e-10,-9.50E-38,-2.66E-27,3.72808208895814e-05,0.0054434789065383,0.0008185164028781,0.0091543337657716,3.31863745679031e-07,0.002613752900255,6.24591147269246e-05,0.0127903644149343,3.6563431074831104e-14,0.0111390604732782,3.5251656216314504e-19,0.0058548167718813,-2.12E-22,0.0012714461721271,6.19112173691697e-05,0.0017586290316214,9.4769712385038e-05,0.0122840254310705,9.62878742401589e-12,0.0072885068422604,1.07489946609651e-24,0.0006384797713389,2.70700936976382e-18,0.0116909678347892,0.0024775290807675,0.0072734933736617,0.0006826283445792,0.0015986017756142,1.30848094499303e-23,1.2905425145927e-18,-2.22E-33,-8.74E-22,-2.29E-33,2.56690416032934e-27,-9.08E-30,7.04663295864833e-15,1.95016455620452e-27,0.0002731152027287,-1.30E-44,-1.39E-32,-2.53E-24,0.0023195811476572,-4.41E-48,-6.74E-35,-1.59E-29,0.0005063393070056,-1.09E-17,4.42154054729313e-05,2.03593187482028e-17,5.12411169074295e-10,-1.81E-20,4.6750738503631997e-14,1.9456744667253695e-11,7.813124863329e-05,5.0676057540034e-15,0.0008036616017709,-2.25E-22,3.4358113296507404e-14,7.69024979352467e-18,1.38516389710952e-09,-1.34E-24,4.96077572238777e-15,2.08186277471674e-33,-2.18E-19,-3.70E-19,7.14093034858172e-12,3.10843392388287e-05,7.20202795306127e-07,1.38374836030955e-09,7.47181760459596e-11,6.26220777786649e-13,5.217054548455e-16,7.3261577691738e-25,2.0202282736848905e-23,6.71846027239817e-21,9.744160159257293e-19,1.74097439778558e-28,-1.17E-24,-2.19E-24,-1.43E-20,5.5295751200516e-24,-2.99E-17,-4.99E-23,-1.38E-20,-8.52E-27,-1.28E-24,-2.13E-21,-4.24E-20,-5.22E-23,-3.37E-20,-9.72E-28,8.160558967545219e-16,-6.08E-27,3.59773734526936e-17,-2.98E-25,5.764665380342391e-15,1.10998756279123e-20,6.481791850750571e-15,7.96282204896326e-21,-7.75E-18,5.40529519678598e-22,-3.18E-16,-5.92E-37,7.55771430515736e-38,-2.65E-40,2.9416920442942e-40,2.2371746432699705e-23,4.89779138984081e-27,2.2138157654268503e-31,-9.89E-31,8.61091681070874e-27,-7.51E-23,3.32576275021473e-29,-1.99E-21,1.15700141367895e-29,-4.53E-22,1.34095748445758e-23,7.47917099180015e-22,-1.39E-25,-5.10E-22,-7.08E-20,1.15372648166131e-24
5.58144429104388e-07,0.0063513908783973,5.08016216605563e-06,0.0011353777383454,-7.74E-20,1.70776231932533e-05,6.70953276137149e-35,5.67111669510742e-19,-3.50E-39,-1.73E-23,0,-5.26E-33,-4.08E-29,8.13872126510219e-05,0.0006566539575421,0.002955004731419,-1.08E-31,-1.66E-30,-1.08E-20,-8.35E-19,2.0558826624872e-40,1.23927414918758e-36,5.44435978493848e-41,-4.39E-34,-2.21E-46,9.006882202231929e-36,0,-5.17E-38,9.05159722326216e-47,-1.25E-34,0,-3.83E-37,-4.64E-28,2.60977612243074e-06,2.6491659630456e-05,0.0010484813548038,6.90753746058976e-08,0.0001209962531015,1.03605994317885e-20,3.06963710067743e-06,1.08000441393301e-30,4.02719805427148e-11,-9.68E-41,1.50437230969108e-25,-1.69E-17,2.79490123829203e-05,7.228579608820181e-15,0.0006886441258828,-4.61E-19,5.34346530527235e-08,4.45784423634608e-18,0.00259195758807,1.66272435474298e-22,0.0005486034275802,3.39646560583467e-38,2.44173899187432e-20,9.66102602385204e-35,1.320924482569e-13,3.63584386075678e-08,0.0074519739121387,4.22843443767923e-10,0.0081299449077159,1.06686260593985e-21,0.0103125585620807,8.06809491068416e-31,0.0059783335246212,4.22928006956118e-25,0.0078977743208023,3.5439125419287e-05,0.0016713008349597,0.0017769393883247,0.0087500940988311,8.627826980580399e-23,1.9210841750104e-08,-1.56E-34,-3.70E-17,2.28437054807143e-33,-5.27E-21,2.36227065662237e-32,8.02201506151723e-06,-5.65E-31,0.0001967016102316,-1.20E-47,-1.94E-26,1.98876802115459e-31,8.99456721431461e-06,0,-1.26E-31,3.80417719555465e-43,-1.49E-17,-1.14E-36,7.28123838459485e-27,9.50818639308886e-38,1.67778183380543e-30,1.1167586858229099e-26,3.29603552982619e-20,3.50481110122207e-21,8.89330307106406e-14,2.5911688475897493e-28,-2.37E-20,-1.81E-40,-6.27E-32,-7.25E-37,-3.97E-30,-1.14E-38,3.79571147366116e-32,0,-4.81E-34,-1.06E-26,3.87838234462281e-18,7.79594083214669e-13,1.5888058491359402e-23,1.03817320142993e-28,1.4404460910808998e-29,3.3833080355296194e-30,1.2673117611418598e-30,3.46330232549097e-23,2.04428503857866e-18,7.77665823373738e-22,2.57682298717808e-12,-2.10E-27,-1.19E-20,5.77226760983334e-25,3.13619541661392e-16,-2.39E-25,1.61915796301238e-12,2.8808136251572e-23,7.72603517303384e-17,1.17124045364537e-29,-1.38E-23,1.36834324158837e-21,-6.61E-17,3.3756943070502903e-23,-1.30E-16,-5.15E-31,6.953895126576092e-14,-1.07E-29,-2.90E-15,-6.11E-28,4.4923688291420197e-11,3.3299264952727507e-21,2.4044190074102e-08,2.13930701058252e-21,1.07896801645966e-12,-4.06E-23,1.25770242373154e-09,6.432183459624441e-35,1.37301335236375e-34,-2.89E-34,-4.16E-32,-3.60E-19,2.36373246701622e-20,5.30922992304628e-32,8.43519092966862e-29,6.55791520832288e-32,-4.00E-27,-4.68E-33,1.10244396991664e-23,-3.89E-34,2.62911456816566e-22,3.33152736568334e-28,-3.86E-22,1.12503758203545e-33,1.45797427066112e-30,1.9661231976661003e-24,1.78444821927257e-32
4.6911871612959306e-15,0.0022957103892454,1.81336511101536e-11,0.000353299156886,-4.95E-23,1.00990125670311e-06,1.08390647444258e-36,1.15216558724341e-17,-3.53E-41,-5.09E-23,0,2.03791183586727e-31,-1.26E-34,2.18808489140348e-12,3.86541489637935e-06,0.0007448565968212,-2.32E-35,-1.12E-31,2.87585460140736e-19,-3.25E-18,2.01595494058713e-42,-3.20E-36,6.85673882772754e-43,-1.20E-30,7.32496924533427e-48,9.62309715149539e-33,0,8.51653804598575e-33,0,1.1463272165731502e-31,0,-3.06E-36,2.2181219348685803e-31,1.21430852864297e-10,2.60758693470705e-10,0.0001584287929967,5.02958366294037e-16,1.92616338432214e-10,-5.53E-30,-1.29E-15,1.88413181788214e-37,-9.90E-23,-1.46E-44,7.37036953567152e-29,4.74734481512714e-28,1.3035792030028202e-19,-1.20E-23,3.93524264584059e-13,-1.01E-32,-1.95E-21,5.7023796147213805e-24,4.01018490748854e-10,-1.12E-29,-5.45E-17,-1.45E-45,-6.75E-32,-1.54E-41,2.62136990739245e-26,1.02289290564852e-13,0.0031271282516278,-3.71E-16,0.0023620629446788,2.66235360385732e-23,0.0011260662877735,-2.76E-35,0.0001375983573547,-7.63E-32,3.4566205167161e-07,2.30432477804017e-07,0.0003520807742989,1.69839749108532e-05,0.0026354959257603,-6.36E-24,2.63247866130156e-07,1.4349980686360396e-34,7.70179270625315e-17,-6.54E-35,6.991871351580531e-20,1.17515072778552e-34,1.74133601377826e-15,5.65691253022175e-39,-5.96E-17,0,1.04674904461374e-29,-1.58E-43,2.74692235548613e-21,0,-4.68E-37,0,-1.74E-29,1.06085965091347e-42,8.46560776712937e-37,9.73197899198539e-43,-1.31E-38,-8.09E-35,-1.99E-27,2.25902305464696e-31,-6.91E-25,-1.66E-39,2.9662861592721896e-30,5.98845497574708e-49,-2.53E-41,-5.20E-45,-4.08E-37,1.41298938937241e-46,9.186879381989507e-40,0,-2.93E-41,-5.59E-35,-1.08E-27,-9.04E-26,-2.41E-33,8.51077420118195e-37,2.20460808266932e-37,1.27110198379348e-39,-1.78E-39,2.9520009808503897e-26,3.27357145924914e-23,8.39889566446195e-24,7.064288001608999e-13,7.73301690650383e-29,-1.03E-19,-1.31E-25,3.2636041340815703e-15,-1.81E-25,3.56379049869852e-12,-8.29E-26,7.53485612998269e-21,-1.88E-33,4.97725566718392e-29,-1.06E-24,7.64727860347475e-21,-6.78E-26,1.03526455299279e-20,1.2309291250146601e-35,-1.48E-20,-7.74E-35,-3.25E-22,-9.36E-33,-2.86E-18,1.81475589396554e-24,1.03363190722154e-10,-7.31E-26,1.4143288287054e-15,-2.28E-25,1.08093759148132e-10,1.57522638675568e-37,3.26582801184879e-34,5.49141785578469e-32,2.45952931517907e-29,3.85207659997874e-22,6.70681967054582e-21,2.62571829351062e-35,-9.12E-29,9.25320020861168e-38,3.794814466591449e-34,4.01490849230769e-38,2.58540037253918e-28,1.00942099387047e-38,1.867033424544e-27,1.00604591899622e-33,4.36365281576239e-29,-3.32E-40,3.59133712862974e-37,4.3478622813429806e-31,2.29376179478976e-37
0.0002608036609083,0.0094044036779052,0.0004490867792004,0.0059609243910615,5.26493066695055e-07,0.0124657582867188,-9.32E-20,0.013942721190401,1.39739217307556e-21,0.0133246844927647,-1.04E-19,7.19274138748043e-06,5.359366622202972e-19,0.0074293009789806,0.0050732672472091,0.0061766450243275,0.0001248935138031,0.0019788659596856,0.0010067628835046,0.00329249929096,8.03038972272971e-08,0.0004607203164906,4.61674574321328e-08,2.88646082033568e-05,1.93756143887841e-14,5.00426076623036e-08,2.27614735433765e-22,3.77586438343547e-08,-1.66E-17,1.22841099328908e-08,2.6676578303682692e-28,6.18861007476815e-14,1.00582101678601e-16,0.0034431773759053,0.0021623433506185,0.0032528035371574,2.54995671608793e-08,3.41962157709663e-10,1.26750222993487e-09,1.55786608165281e-05,1.45614833879666e-09,2.39469850356289e-07,6.87292199674626e-11,2.24669514516157e-05,-4.73E-22,1.5797523829781e-18,3.89235765085361e-26,-6.49E-22,3.3480542998222204e-15,2.0412806144576e-09,-5.63E-29,2.31492257370728e-23,-7.10E-28,8.25416303405585e-24,2.1549617510355401e-44,5.3704850531348094e-30,1.16503544107138e-21,4.98133539705294e-14,1.00134815083579e-05,0.0049494180706049,1.02864947414138e-15,4.24631189392927e-05,4.40871918540618e-18,0.0004139422069513,2.39616850364995e-21,0.0031990400508485,-7.44E-28,4.78967148902897e-13,4.14439865378876e-10,1.51413460686442e-09,0.0017052522219913,0.0009156279911029,6.89126872115895e-05,0.0050509538739624,1.76486919579011e-10,0.0032399161479001,3.77791752739311e-07,0.0049944159364583,9.356265994188372e-20,0.0047863400575442,-1.04E-22,0.0017571843638986,-2.37E-18,3.91327359834237e-06,1.50731061416733e-27,3.11188159644523e-06,1.58721852800841e-26,-1.34E-16,6.60467275453649e-26,6.6571441691e-15,-4.00E-37,2.45043644651874e-19,1.82289721737016e-38,2.46493958395719e-21,2.9166086726071203e-15,7.16885872178777e-12,2.91278237983807e-16,1.7334414093502e-14,1.1789178891603098e-30,9.307634591877861e-19,-4.87E-33,-4.14E-25,1.63691488752205e-31,-1.47E-24,-2.37E-24,4.52430905267944e-24,-2.90E-25,6.48127612285891e-22,2.4466122690301397e-16,-3.84E-15,-1.18E-19,-1.20E-27,-1.27E-31,-1.32E-29,-2.15E-25,-1.13E-21,0.000770784149384,0.0042726180876012,0.0003172368459588,0.0030543130918279,7.73914192244661e-05,0.0038161232365295,7.535499983936e-05,0.0041353453145735,3.50532330695637e-06,0.0027959805740055,0.0002720932773355,0.0031086446097518,0.0012221379947732,0.0035048464487772,0.0016432885847589,0.0024378886615508,0.0009173937345179,0.0027100703674791,8.94554900107893e-15,0.0002392639110758,5.92707271893055e-09,0.0002537300855564,1.8031456617282198e-09,4.8693906178789e-05,9.85229437610503e-06,0.000534316332259,3.0143959600172e-05,0.0025314658653829,2.49769941371688e-06,0.0011767513766608,5.57252620332739e-05,0.0015931706331915,0.0001414312556885,0.0041722066489537,0.0020940737680831,0.0057516543378024,2.85094487276496e-05,0.0065937766203625,7.17704769731683e-05,0.0004221760479463,1.54233388766463e-05,0.0008826861746902,1.22852100892988e-05,0.0011823035647855,0.0003051888846937,0.0015025505851363,6.51399130387367e-14,9.528405149675341e-14,5.51631184256799e-06,1.86471241783619e-09
1.03304422376717e-05,0.0047877812833842,2.80598456342089e-05,0.0006642514785804,3.95553260128583e-15,0.0002162577499527,5.21952058842966e-27,7.976591300156059e-11,-8.69E-31,-1.93E-14,-1.07E-39,-9.60E-23,8.974309321311351e-25,0.0015316408695581,0.001355767260503,0.0022716816355185,2.27458185205761e-22,7.56222240253751e-20,-1.39E-13,-1.08E-12,4.8266080878214896e-30,-1.21E-27,6.0892269379279e-30,-9.36E-23,-1.30E-32,-8.68E-24,-2.71E-41,-3.90E-28,-1.41E-33,7.207844734479831e-23,0,3.4345894373823003e-26,-3.90E-23,0.0002797685688502,0.0004157948868703,0.0027406522079324,6.91345456175089e-05,0.0022887373279457,-5.21E-18,0.0022211270314645,4.15054350876583e-20,0.0006414562938153,2.53049902450127e-27,3.3974713236234e-11,1.77994091539681e-09,0.0029378128065624,2.34709906254288e-07,0.0035956829903398,8.22394728071811e-13,0.0011546413451666,2.39547777041882e-10,0.008197251229969,-3.08E-19,0.0077452164297018,4.70749133619166e-28,1.48158529176291e-10,1.8299577115204e-21,7.41744959320456e-05,4.66018021122506e-06,0.0081606849790281,3.28032679025515e-07,0.0126671153257833,5.64667883974365e-19,0.0150052009949497,-3.63E-28,0.0119969291827276,-1.08E-22,0.0166837141249283,0.0004276731428735,0.0056152180691481,0.002947754359097,0.003775083452542,1.5968658774356702e-15,0.0001474288771115,9.00188409679396e-24,6.62148098515002e-06,-1.39E-22,6.496245088985981e-10,1.89651164920983e-24,0.0024227822631371,2.37363183739203e-28,0.0052471696876351,-9.42E-34,1.37200065220737e-13,-1.32E-29,0.0032362717698944,-1.60E-36,-9.63E-19,-3.73E-31,1.53284734334908e-08,-1.37E-26,2.6129662545541305e-17,4.2322793185471794e-30,-5.95E-20,-2.69E-16,6.69948772645647e-05,2.6349618833270104e-15,0.0001296367051852,-8.20E-19,8.449838678399711e-09,6.01988944044319e-34,-9.39E-22,6.86559872573658e-29,-1.03E-19,-1.53E-25,-2.93E-18,1.2391601329585e-32,-2.36E-17,4.77024030471155e-10,4.00938982228095e-07,5.43582714659229e-07,5.874699004135199e-12,2.1452623259715306e-21,-4.56E-21,-2.06E-20,3.60462630966217e-19,4.93455572391775e-13,2.09191424296694e-09,8.1134915938547e-12,0.000107675891519,5.31844702930496e-19,-1.45E-10,1.36494909266224e-14,3.33523336266065e-06,1.63906339280139e-15,0.0007050062411482,4.28596320794148e-13,4.75121820707197e-05,-1.47E-17,-1.16E-10,2.97019952043082e-10,7.36513994839737e-06,7.19849055059795e-13,5.13357700252719e-06,6.8128308748848e-21,0.0028892154883244,-7.57E-19,0.0015014077029295,-1.59E-17,0.0043579418621911,4.42454948991706e-11,0.0023357639045494,2.89531690470898e-11,0.0012364339443885,2.0715072806880903e-15,0.0020934962871251,5.89028330064262e-26,-3.41E-26,-8.36E-27,7.24417975599948e-29,7.799527239083361e-10,6.66013758274813e-13,1.25189463224597e-21,3.18312326017988e-19,3.84678115280473e-17,3.65261808807184e-11,9.165912763114053e-19,7.74127313128926e-08,1.0185832120597401e-19,1.0330822725748e-07,1.15897827414432e-14,9.56565344549264e-08,4.24225820983878e-16,5.4564614293419295e-11,1.53606515074678e-08,2.23178360968295e-14
0.0001613664445488,0.002704948728666,0.0001532207566643,0.0008164751409107,1.37024437061667e-07,6.62859839235589e-05,1.52967570405064e-22,5.64380781977949e-13,6.20252960827597e-28,4.73545772377359e-20,4.40413217465171e-40,2.41286997292045e-27,9.94868921829486e-22,0.0002939835102654,0.002255317167141,0.0024891131515182,3.88586894473817e-23,5.25260731381548e-22,3.5860427047109e-14,5.61881632688249e-16,-3.38E-31,-1.36E-27,-1.12E-31,2.30703550593015e-25,-1.36E-35,-7.42E-25,-1.56E-41,-1.45E-30,-2.68E-35,-1.67E-25,0,-3.93E-31,-6.70E-21,0.0001434866660604,0.0017231217516801,0.0015351530045189,0.0006309819325091,0.0033720088812786,2.56341958803092e-15,0.0007974686959542,-1.28E-18,0.0006007907133884,9.41870027148508e-29,3.5062903967698e-16,2.70597603236996e-06,0.0032987704419503,0.0003505143633998,0.0048749131761485,6.532859295334491e-09,0.0022164417115775,3.87113834474677e-05,0.0071089519221793,2.90127627462115e-13,0.0107505526398646,-2.03E-21,0.0057761671980594,-2.80E-20,0.0025466850118171,0.0002431736225304,0.0048231302874297,0.0002253665607404,0.0070649164684424,1.04987381980745e-09,0.0078455377640817,-1.23E-24,0.0044999246136604,5.44448873022418e-18,0.0090469589273555,0.0030134294399903,0.0046006028591815,0.0035914203157405,0.0045291554716036,1.51976910696235e-10,4.82840279101264e-05,5.46099372468806e-21,2.14504791122359e-07,-1.14E-22,2.04886223517773e-12,3.14134708269408e-21,0.0012904081649386,-7.17E-27,0.0015500494191653,3.45517656124489e-35,-3.31E-21,-5.80E-25,0.004419936191619,-1.87E-40,-9.99E-24,-4.91E-29,0.0018527259284186,4.72218701358646e-19,0.0012924390219976,-4.90E-19,8.08902166250301e-06,2.72098600624874e-14,3.67281483213087e-05,3.0185367086669e-12,0.000865058492758,1.34912322170601e-16,0.0012525115761911,-3.62E-22,1.09467870765387e-05,5.3957482448210704e-21,1.51112095386675e-05,2.08526118239814e-18,3.45322688523539e-09,1.0933511761068e-24,4.07294242539745e-06,1.11292821230388e-09,2.24674204451116e-06,2.76427052995464e-05,2.06407327475722e-09,1.23982640098291e-13,3.64052926929463e-14,5.63852740041923e-14,1.81529130557722e-13,6.6492927776907e-09,3.54833377994367e-07,1.26490485160816e-07,0.0005006742580929,1.40899041445216e-14,6.37534892402078e-12,4.44715106991036e-10,1.25159762125133e-05,1.17577532920475e-11,0.0005776122631172,5.362852317172631e-09,9.34238321452163e-05,4.82410742562895e-18,1.32342741254216e-12,4.71122439263436e-07,0.0001010392756218,1.0424301332596e-08,5.29270038018719e-05,-1.66E-18,0.0004867172912622,-1.06E-16,0.0003877078228342,-9.63E-16,0.0013781027425555,7.7684361225003e-08,0.0014639351686177,1.22976554616217e-07,0.00113112908528,1.4010207695317399e-11,0.0020828726855688,-4.12E-26,-4.89E-26,-2.62E-25,7.38500110376031e-26,2.7377924780344e-07,7.20876820896727e-11,7.86723568281046e-24,4.5118498337946605e-20,2.36172014881087e-17,1.26871974025723e-10,-1.12E-17,6.5848417865861e-08,-1.29E-18,5.18831644673343e-08,6.050183416065e-12,4.62483947906543e-07,3.05494638424474e-16,3.0690595595367e-11,2.7514472912532e-07,8.175136538828392e-14
2.56639038592169e-21,2.42600107048048e-05,-7.86E-25,2.09264332896398e-12,-1.00E-33,8.07438056590252e-23,-5.40E-48,4.20904756129913e-38,0,-5.20E-45,0,0,-2.46E-37,7.198722448825249e-30,-3.27E-17,-9.35E-13,0,0,-1.45E-39,-1.46E-37,0,0,0,0,0,0,0,0,0,0,0,0,-5.99E-38,-4.07E-29,3.52253326312754e-08,2.43145541114387e-08,6.21600377357414e-10,1.10869998871084e-08,1.4064793794132302e-31,2.92334107209648e-29,-2.01E-38,7.95611406509016e-34,0,0,4.34315951675446e-16,-2.28E-14,4.11650852693613e-09,0.0009213610981358,-6.01E-21,-3.03E-19,8.35552833358293e-12,0.0034067727556176,3.21604686635308e-14,0.0007066847346046,-1.01E-35,1.09811138509346e-22,1.92635533463588e-33,1.5012542754128e-23,1.29302735151241e-07,0.0041212015805982,0.0004299659957765,0.0141323710282069,7.1361199794947315e-09,0.0014002524460273,-3.59E-31,1.03718873327125e-10,-1.08E-19,0.0027967006931782,0.0046293675526042,0.0064740247749863,0.0001278341794726,0.0029269063365019,-1.11E-32,-5.35E-29,-7.66E-46,-2.58E-39,8.967353653955738e-48,3.16255547167307e-44,1.37767139434709e-39,-2.16E-30,3.99812594159828e-38,2.77626637024959e-22,0,0,1.47899288748136e-31,1.11343862014965e-12,0,0,-1.15E-43,-3.43E-29,-2.50E-35,3.61467955415829e-30,-9.52E-36,1.87277778322683e-35,1.55254220529148e-37,2.09909551013554e-35,1.01833610392084e-26,-4.73E-27,-5.38E-29,7.26992738847977e-27,-9.56E-40,-2.02E-37,-1.15E-37,-1.60E-35,-6.85E-43,-8.84E-42,0,0,-1.24E-39,-3.40E-33,-2.50E-23,-2.06E-26,6.036454615001521e-31,1.38752097496859e-35,-8.78E-39,4.82663305610007e-41,-6.19E-39,4.51003868156111e-38,-4.91E-33,-7.26E-32,-3.26E-43,2.3548114438552498e-42,-2.00E-37,-1.29E-34,-8.92E-35,-3.81E-33,-3.74E-37,-2.27E-36,0,-7.65E-44,3.5954821276626296e-36,-1.41E-35,-4.55E-37,6.457459228524599e-37,9.77848529798633e-41,-1.77E-36,-7.26E-40,-3.95E-38,-3.84E-38,-2.43E-34,1.70630377275839e-32,2.60772700676134e-30,-2.02E-34,-3.58E-32,5.0257352463237e-33,1.3795994785528102e-31,0,0,0,0,-3.96E-35,-4.73E-37,0,0,-2.17E-46,-5.67E-44,-1.97E-45,-1.40E-42,-1.44E-45,-3.20E-43,-5.92E-43,-1.74E-41,2.16033513250076e-45,-2.73E-43,1.6884050151052696e-40,-1.64E-45
2.43186009150239e-07,0.0136288173320154,4.04459977129231e-06,0.0038835928450734,5.42119630279656e-23,0.0022419935254942,3.4593322279102398e-34,1.37258695558105e-09,1.09341150440117e-37,-2.45E-18,2.3025020835804e-47,1.00758411230083e-26,3.54092487539543e-28,0.0014341957731739,0.0013294644135369,0.0124452027125469,1.2739063443601102e-31,9.782162348282353e-31,-2.41E-18,-4.63E-14,5.97254391401456e-39,8.61945357491571e-37,-1.83E-39,3.48243894475649e-33,9.87708407348584e-43,-3.19E-36,0,2.30002805343521e-36,1.96462909697391e-44,9.87416600922793e-31,0,2.56315531540668e-32,1.03642835529665e-26,0.0001506125028626,0.0012533934251329,0.0073774699034909,0.000353081495345,0.0015411301022321,-1.03E-20,3.81517198739299e-15,-7.45E-29,1.22429420435578e-19,8.18525697830323e-37,-6.22E-26,1.6090145200367098e-18,3.03175554512851e-17,3.2126889736107906e-15,2.30256844136982e-07,-1.24E-20,2.45911573858256e-17,2.97740488853326e-12,1.45496905404709e-05,-1.02E-17,9.84286698283481e-10,2.37722631465165e-36,1.08453881764611e-27,-6.16E-32,1.10379727448958e-21,1.53729665650938e-07,0.0108678941190316,6.83883053748562e-08,0.0068983409194797,-3.15E-17,0.0069150290185813,9.28077127521748e-26,0.0102890047447695,-1.68E-19,0.0005983175757172,0.0015219566947488,0.0045282071956112,0.0049853076780481,0.012526176083091,9.44889703497678e-20,1.52281275093638e-07,-2.15E-29,-2.38E-11,7.85465774276153e-30,-2.92E-18,2.42122487511381e-29,1.7282906524772e-05,3.3024200704481203e-31,8.93367655759614e-06,-5.48E-45,-3.22E-19,4.73772616199853e-31,-6.66E-16,0,1.0171469980319e-27,1.48780359628682e-41,7.61546258084445e-22,-2.26E-33,-1.21E-28,-9.62E-35,-1.16E-30,6.70602598865415e-25,-1.35E-22,1.66432692545362e-21,1.14429358587302e-19,-1.67E-26,3.38735305702582e-27,-1.53E-36,-8.94E-33,1.19962034235667e-33,-7.39E-34,3.07198942886255e-34,-1.57E-32,7.8598186169373e-42,1.1363132468923e-32,-2.19E-26,1.48407221686041e-20,3.76101410942218e-17,6.72513103627443e-26,-3.69E-30,-4.82E-30,2.41561965545972e-30,4.01868760939253e-29,1.68161501119801e-17,1.5443629199153601e-15,-1.97E-16,-6.27E-12,5.58697769905884e-23,-1.82E-19,2.04625963793341e-18,-3.22E-12,-1.17E-18,-1.09E-13,-5.61E-17,-4.35E-14,3.4206713067272303e-25,9.645252456565432e-24,-8.97E-16,7.97711440750944e-14,-1.54E-16,-1.37E-13,-1.71E-29,-5.50E-18,2.5790033509166e-26,-6.25E-20,3.05837299353867e-25,-4.47E-16,3.33640470061097e-16,1.34264339911108e-10,-3.96E-16,7.298720065213209e-13,3.31558246060902e-18,2.31853761864493e-10,-1.30E-34,-3.76E-35,3.57430034471356e-32,2.4147737991216e-30,-1.31E-14,-5.88E-17,-1.23E-29,-2.05E-28,2.4072033005225e-28,-1.36E-26,-2.62E-28,-2.44E-24,-8.09E-30,-1.04E-24,-1.61E-24,-8.63E-23,-7.95E-29,-8.47E-28,-9.78E-23,-2.04E-27
-2.61E-10,0.0040187125440247,-3.61E-13,-3.96E-05,1.5382484515747902e-25,2.4088037024451602e-17,1.02568201408579e-41,3.68516568563582e-26,-6.03E-47,5.49741845732987e-32,0,-6.01E-43,6.55243421512104e-33,5.9525502024294e-08,-3.52E-05,-0.000619847,-7.91E-40,9.85705085384953e-41,-1.29E-26,-2.16E-26,-1.78E-47,-1.02E-45,3.89489427914226e-45,7.59625661821072e-41,1.56053692617991e-47,-9.85E-43,0,4.3790577010150495e-47,1.20482010821578e-47,-2.49E-43,0,-3.82E-47,2.44749430001524e-33,1.77134928111152e-10,0.0002391302911636,0.0009497080449112,0.0002286798843814,0.0008444595973534,-4.24E-22,3.7799430130581906e-09,-2.26E-28,4.3267387169231004e-10,2.10584649098729e-41,1.39072034354742e-30,0.0026837186709641,0.0127415757846447,0.0024140961696656,0.0044768714526261,0.0007488499839785,0.0125334121859923,0.0002364583879573,0.0026243066168006,2.11377700311101e-06,0.0019366301110265,5.140110058385e-08,0.0120353616781667,2.40895062953674e-16,0.0060178205248395,1.68999187293869e-06,0.0103474402406897,9.82391108749168e-05,0.0165845335796221,1.50086526154981e-14,0.0197101017396794,1.01991552615378e-30,0.0036323610234601,-8.49E-18,0.0125029576422813,0.0070022368493712,0.0127186116439972,0.001414263457594,0.0108363435323943,6.72381938106047e-29,6.72257481375356e-16,5.5586746570041e-38,-2.30E-22,-1.39E-37,4.65416281051017e-27,-8.68E-34,3.0051402967129403e-10,-1.84E-35,0.0005429430456831,8.7240371319833e-48,-3.37E-35,-3.63E-23,0.0033718818700507,0,-4.38E-38,3.0779977661945696e-30,0.0019129202046557,1.81207176693364e-05,0.0125596461838005,0.0002175187229559,0.0095473494506802,-6.81E-19,-6.87E-15,6.49801739539538e-09,9.12861243655e-07,6.48318440517725e-06,0.0071903938409781,2.95823877998659e-11,0.0001032484030367,-3.34E-13,4.45504755726401e-07,7.040700139260392e-19,1.6253556584984702e-14,-2.91E-32,-2.47E-23,-1.88E-16,-4.91E-14,1.1301265412859e-05,0.0028019708182532,0.0019037956352568,-1.99E-10,-2.70E-13,-4.63E-15,-6.03E-30,-9.05E-28,1.0254974900039299e-26,-1.47E-21,3.89727678825156e-33,3.7396312879498e-29,-3.44E-29,4.90964029887011e-24,-4.33E-29,5.41912961825674e-20,1.6100390550052096e-28,2.4981439863197e-23,-6.82E-32,2.21530088326659e-30,-1.09E-25,-3.44E-26,-3.57E-28,-7.79E-25,-1.16E-30,-1.42E-18,-5.53E-30,7.04313336259337e-21,4.48567582719921e-28,-1.15E-17,-3.69E-25,-1.14E-16,1.36325448629903e-27,2.4659899253217403e-20,-1.39E-28,-8.64E-18,9.10896172267733e-46,-9.93E-45,-1.60E-45,6.78505256429868e-44,1.41935106304908e-25,-1.54E-29,4.66364265230807e-39,1.49721849949797e-37,1.42480008464529e-29,2.49567288269723e-28,-7.90E-31,-1.70E-25,-8.83E-32,-1.63E-25,1.3149855896061899e-27,-2.05E-26,-1.87E-25,-7.06E-23,-1.11E-23,6.98146901237695e-25
7.64693143403909e-07,0.0020726670452196,3.92569357238479e-09,7.79757880779206e-05,-1.81E-25,9.98875740412903e-11,1.5801610845602699e-41,-2.13E-29,-5.08E-46,8.698158014921698e-35,0,0,-2.13E-36,-2.06E-24,4.33468889952399e-07,9.12480408312668e-05,-1.23E-46,-2.99E-46,-4.91E-26,-3.45E-20,0,0,0,0,0,0,0,0,0,0,0,0,-5.38E-35,2.1857894600318703e-25,1.38566998907939e-08,6.48105304740814e-08,1.6107647392944302e-20,-3.26E-19,-4.74E-32,5.05849810948852e-28,-7.30E-39,3.44033457330115e-32,0,9.337281097970813e-46,-6.95E-30,1.11936377440075e-24,-1.21E-28,4.0938294406880803e-19,-4.95E-33,2.69490893667403e-29,4.72918081527435e-28,2.00978538731035e-17,1.78719002587877e-25,-1.16E-19,-2.63E-44,1.31619876423957e-32,1.80695306806816e-41,-1.08E-30,0.0006500303975346,0.0036581326927836,6.61398540625609e-05,0.0024996694647849,1.72935771172001e-17,0.0005996035587061,-1.62E-31,3.71178776023212e-07,4.906515574103281e-25,2.62103439492065e-06,0.0006087644255154,0.000438314260706,0.0025895296328299,0.004956192089385,-1.80E-29,7.210914636858219e-26,6.93117257313859e-42,1.4586217722406e-33,-3.81E-43,1.31968365011761e-38,7.88398579623292e-38,-1.46E-27,-4.61E-38,1.3218572092188301e-21,0,3.92740600987897e-49,5.18263801139482e-35,1.10202959705653e-21,0,0,9.69413898562207e-47,-2.30E-31,7.3409359140028e-46,-9.60E-38,-1.19E-47,1.57032967787992e-44,-1.61E-38,1.64020047900698e-36,-2.43E-34,2.04573409026864e-33,-1.83E-39,8.393848039240339e-36,0,-8.36E-46,3.96366219042592e-46,3.26290647402566e-44,-1.17E-47,-1.05E-45,0,0,-3.56E-40,-2.24E-34,5.70815112264502e-30,-8.88E-37,3.2851429032451395e-42,8.41505677798614e-43,-2.47E-43,9.49109146372108e-43,1.19929436998163e-32,4.50934000189583e-32,1.45697671397899e-29,2.80523045750204e-28,-2.02E-36,-1.32E-35,1.04717509003414e-33,1.68606775551197e-30,4.02818466166394e-32,3.22348664873781e-29,-2.71E-32,-2.46E-31,-1.07E-39,-1.30E-38,-3.12E-31,-2.18E-30,-4.33E-32,-1.24E-31,-2.08E-39,9.21110190791236e-33,1.38899191912943e-38,-4.85E-34,-4.50E-36,7.45935415693106e-31,2.21179526207733e-30,5.3807034249114295e-28,2.2551480190279694e-30,3.04891360988459e-29,7.77933510628916e-31,-2.23E-27,0,0,-5.46E-42,-1.91E-40,-1.26E-25,2.6162903599813e-30,2.39095875215946e-45,1.05009289782597e-44,-4.48E-42,-2.80E-41,6.10339174997239e-42,1.95928585942954e-40,4.08068004329958e-43,7.75330221459254e-41,-3.09E-39,2.03412623913738e-38,-6.70E-43,1.01638821576846e-41,-8.11E-37,-5.03E-43
5.32867941230089e-24,1.0938533596556e-10,2.33566504571934e-27,-1.82E-19,-6.36E-45,-2.57E-28,0,-1.53E-45,0,0,0,0,0,2.0644309977483493e-40,6.265669467201731e-25,-1.82E-19,0,0,-5.88E-44,1.59261307502542e-38,0,0,0,0,0,0,0,0,0,0,0,0,0,-7.57E-42,7.2304445838568e-28,7.37157874083877e-27,8.223846657596669e-36,-5.02E-33,0,-3.92E-46,0,0,0,0,3.1332416948242295e-42,4.88105848824561e-36,-3.78E-41,-1.77E-28,3.3694706510913e-47,4.95181780961848e-42,7.08063342305994e-42,-2.12E-26,2.26209990911666e-42,1.31849362289947e-26,0,1.13292138216754e-41,0,-2.78E-44,-9.90E-22,4.20693526211221e-06,-1.07E-24,6.1030833878579e-07,3.7144674083792e-38,-1.61E-17,0,1.1695592168198802e-25,-4.48E-49,4.6468738953401696e-18,4.26992364199652e-16,2.10894854586171e-12,1.00217599616745e-14,3.77643396972751e-10,0,-4.28E-43,0,0,0,0,0,2.43424958834353e-43,0,1.49274610889163e-33,0,0,0,-5.38E-31,0,0,0,2.73645382893982e-43,0,0,0,0,0,0,0,6.10321630803492e-49,0,0,0,0,0,0,0,0,0,0,0,0,7.95473940274614e-46,0,0,0,0,0,0,0,0,0,0,0,0,0,0,0,0,0,0,0,0,0,0,0,0,0,0,0,0,0,0,-5.44E-46,0,0,0,-3.29E-46,0,0,0,0,0,0,0,0,0,0,0,0,0,0,0,0,0,0,0,0
-3.64E-14,0.0004638045783405,2.5191504871250402e-17,1.53205606899639e-08,5.72601459682012e-36,-9.30E-18,-5.06E-49,1.60937136905238e-24,0,-1.06E-30,0,3.3469228195401103e-47,-1.16E-36,7.16118667174604e-12,-6.04E-14,6.52266757920056e-07,1.73374207713524e-46,-3.41E-45,-3.21E-34,5.84800784608611e-33,0,0,0,-9.40E-49,0,0,0,0,0,0,0,0,2.5237389892066e-36,4.40593242813857e-13,2.07968893875541e-06,2.42199165560837e-05,1.738553707605e-07,5.82395113428978e-05,-1.04E-30,3.20889217481423e-20,-7.39E-38,-3.13E-24,0,3.15879034373575e-40,4.78834858796334e-08,7.41020819739352e-08,9.53723541053965e-05,0.0013886804017617,-7.25E-17,-1.39E-15,2.58581350268461e-06,0.0008939766175254,-4.73E-19,2.15258980132272e-05,-5.19E-31,3.6905553514767103e-25,-1.18E-34,-6.44E-23,1.02261756816919e-05,0.0019811390478517,4.89469515849617e-06,0.0020815625083409,8.25749150032428e-19,0.0034397338561172,-5.96E-34,0.000912727863117,9.46868321173225e-23,0.0009332439186663,0.0011994323708462,0.0039609535545179,0.0007378610534466,0.0029555618511314,-1.02E-31,3.06643173450053e-18,1.89378443145291e-43,-5.18E-28,-2.00E-45,3.57316840551407e-33,-2.31E-38,4.03377306539245e-18,-1.63E-38,2.02010182729429e-13,0,-3.31E-40,-6.07E-31,-9.60E-17,0,-4.13E-48,-2.96E-43,1.60224532962412e-27,-4.64E-29,-4.61E-29,8.234992036369151e-31,-1.26E-30,7.048662466280339e-33,-1.53E-28,-4.55E-24,-1.48E-21,-7.57E-25,-6.14E-23,-6.29E-37,4.71812697837254e-34,-5.37E-35,-1.52E-31,3.41083657593413e-39,-7.19E-34,0,-3.84E-39,-3.35E-32,-2.34E-26,3.44711875217674e-19,-2.41E-21,-1.88E-26,-4.31E-30,-3.37E-32,-6.13E-34,2.14691263835732e-34,6.44667233821716e-29,-1.89E-31,-5.75E-23,1.50503318299561e-39,-1.65E-31,3.1579605079493e-35,-7.51E-25,-6.40E-34,-3.59E-23,-3.26E-34,9.48788065816641e-28,1.67147406311588e-40,9.04867582690896e-36,-8.23E-32,6.95108195690464e-28,-2.52E-34,1.8653461901995598e-27,9.75740046364874e-39,1.76753593100199e-26,1.31695718757079e-38,-2.50E-28,5.57332543134083e-37,7.80973901026788e-25,-5.86E-31,-2.37E-19,-1.48E-31,-5.82E-24,-8.18E-32,-1.29E-20,0,-5.31E-48,3.835691370649871e-46,-6.41E-45,-1.01E-30,7.23014716479174e-32,-7.97E-46,-9.32E-42,3.07610670496813e-41,-1.94E-36,7.74125284309735e-43,-1.17E-34,5.25734212086099e-44,5.4222687856909695e-36,-2.08E-37,-2.26E-33,2.9818964419538e-38,-3.77E-35,-1.03E-32,1.66664419340565e-36
0,1.92447993955345e-44,0,0,0,2.5229139018193698e-49,0,0,0,0,0,0,0,0,0,0,0,0,0,0,0,0,0,0,0,0,0,0,0,0,0,0,0,0,0,0,0,0,0,0,0,0,0,0,0,0,0,0,0,0,0,7.31392510572932e-48,0,-1.67E-49,0,0,0,0,0,1.8040096686471697e-42,0,-1.01E-40,0,6.5519603666381e-41,0,-1.16E-42,0,-3.84E-43,0,0,0,0,0,0,0,0,0,0,0,0,0,-5.58E-50,0,0,0,0,0,0,0,0,0,0,0,0,0,0,0,0,0,0,0,0,0,0,0,0,0,0,0,0,0,0,0,0,0,0,0,0,0,0,0,0,0,0,0,0,0,0,0,0,0,0,0,0,0,0,0,0,0,0,0,0,0,0,0,0,0,0,0,0,0,0,0,0,0,0,0,0,0,0,0,0,0,0,0,0
2.2131006007706598e-26,1.05714444414897e-05,-7.48E-28,1.54020930895794e-13,1.66461261272503e-42,-4.04E-23,0,-3.20E-32,0,3.02591335859255e-38,0,2.164477032996e-47,-1.43E-44,-1.97E-20,-9.63E-24,3.26771204410407e-11,0,5.02380537486017e-44,-3.44E-40,8.771255440382e-34,0,0,0,-1.86E-46,0,1.9744543579456e-48,0,0,0,1.65795339696185e-46,0,0,-2.59E-45,8.238069250402219e-22,2.22568132442627e-17,1.07135391751261e-07,-4.22E-18,7.82514086688929e-10,-3.08E-36,-4.98E-20,-4.59E-43,1.96897900722689e-21,0,1.51938513578371e-36,-9.68E-17,0.0001514368949824,2.09231096570277e-14,0.0005258212749273,-1.39E-18,3.449397052877e-05,-8.56E-20,0.0039276731518712,1.5452897733131902e-23,0.0052473652717213,-2.78E-26,0.001158377614203,2.84415044784036e-30,5.9975889837318e-05,-1.22E-20,0.0008162791428881,-3.93E-19,0.0044925754599812,-1.86E-27,0.0034072353296627,-2.51E-40,1.3141313149736e-05,-8.22E-31,0.0045553194680265,2.41922090601452e-13,0.0001677176766483,8.99586451854313e-14,1.00181055164642e-05,7.397795751032958e-41,1.33403086163412e-23,0,-1.94E-28,0,5.21249133064118e-33,-1.18E-46,1.00047040163343e-20,2.8135827180041e-46,5.00494857519871e-06,0,2.7561095878297196e-40,4.229330494379829e-36,0.0004618401695193,0,-1.57E-42,5.43003154925867e-47,3.55714521669255e-06,-1.70E-25,4.01524782400636e-09,2.20943830812862e-27,1.64417515987644e-19,-3.04E-36,5.30242656181776e-30,4.23656475763789e-27,2.2438583084945203e-19,-1.39E-24,1.50406694155695e-08,7.12293540687114e-36,-2.41E-25,1.45545594592249e-35,-1.81E-25,3.8505975529292e-41,8.31249659936232e-35,0,-4.04E-35,-7.31E-34,-1.30E-30,5.99166995555877e-22,-4.10E-20,1.23062804642031e-22,3.6215107510329e-30,-3.27E-33,-5.73E-34,2.56003853401348e-41,4.55880526559636e-36,-1.53E-39,4.27644211085669e-29,-5.96E-45,3.81539813869522e-35,-5.53E-42,2.19378305352296e-29,-1.12E-41,-1.88E-26,-1.01E-40,-3.36E-31,1.1035225406557901e-44,7.750196449102869e-40,4.24954056650175e-38,3.87144817152627e-34,-3.14E-40,1.47053513854695e-32,1.58529504529268e-44,-1.11E-25,-3.91E-44,2.92692186745728e-28,1.11062452468728e-41,-1.76E-24,8.04567166126471e-38,-8.53E-25,3.90890008165231e-38,2.68655572210651e-28,-1.54E-39,1.1873676992424e-24,0,0,0,-8.68E-47,2.34148636966253e-37,6.68519611185933e-38,0,-1.52E-44,9.5386978564533e-44,-4.91E-40,-1.90E-46,1.0938621566603501e-35,3.29717285723486e-48,-1.80E-35,-2.47E-41,3.6706077005223e-37,1.28669268554565e-41,2.29960783022089e-37,1.5654728718189e-36,1.1807429249996396e-40
-1.43E-34,7.1078425325512e-08,1.59543032444077e-37,1.77723165280883e-17,0,1.24445270167368e-20,0,-3.61E-34,0,8.47604879864698e-38,0,0,0,8.56771353997075e-22,1.65365628188986e-32,1.79896000201149e-24,0,0,0,-2.87E-43,0,0,0,0,0,0,0,0,0,0,0,0,0,-2.23E-29,-4.07E-30,-7.11E-26,1.11482112993773e-35,1.53033193796505e-29,0,-3.20E-36,0,3.23406856660158e-39,0,0,-1.08E-37,-3.91E-29,2.49060082952301e-32,-1.43E-20,4.780768834767742e-44,9.59573102316917e-35,-4.73E-32,5.83850692432158e-11,3.72427163174269e-41,8.17668164815453e-10,0,-5.70E-26,0,1.27752965454577e-32,1.07795854639795e-29,2.6682670989584e-05,-9.22E-31,6.18332177526924e-05,6.61430641214944e-41,0.0005867068470654,0,8.71814917254441e-05,5.05820363193463e-45,0.0001352809920781,-5.41E-25,-2.10E-20,-5.98E-24,2.27648124666768e-19,0,5.47560719385054e-39,0,-6.38E-44,0,0,0,4.68832444772865e-30,0,1.36361485650212e-08,0,2.90017195637297e-41,0,2.0055117846335697e-11,0,2.95134470161082e-49,0,2.41894285557451e-23,0,-9.66E-32,0,-1.12E-37,0,0,8.09639112721005e-48,3.84742076926018e-43,0,5.81617851925854e-38,0,1.37022847590233e-43,0,2.27680643033712e-49,0,0,0,0,0,0,-5.64E-42,-4.24E-45,0,0,0,0,0,0,0,5.12349751018761e-45,0,0,0,1.7914134548763402e-45,0,-4.51E-44,0,0,0,0,0,0,0,0,0,-2.07E-46,0,0,0,-6.64E-44,0,6.82227838296257e-43,0,-1.64E-46,0,-1.71E-42,0,0,0,0,0,0,0,0,0,0,0,0,0,0,0,0,0,0,0,0
-1.76E-30,2.89422943305617e-11,1.44061390960753e-35,4.33894402979796e-21,5.44103020316936e-49,-1.33E-25,0,7.60313268959608e-37,0,-1.33E-43,0,-3.34E-45,1.2095991678812e-41,-7.35E-18,9.40561632043884e-31,1.36575754717034e-18,0,0,0,-9.18E-44,0,0,0,0,0,0,0,0,0,2.18250362424921e-46,0,0,5.41145944232433e-45,-3.97E-19,2.08469128435105e-21,-5.56E-17,-3.51E-22,-1.03E-17,4.9739368384053696e-36,-7.16E-20,-2.59E-44,-2.35E-24,0,-1.08E-40,2.2019472209055706e-21,-2.12E-08,4.771706841627621e-15,0.0005092002895887,4.45303679524925e-28,-8.20E-17,9.07606492749541e-17,0.0017677209463766,-1.58E-27,0.0024932904397657,-2.18E-38,-5.27E-20,-5.94E-43,-1.47E-19,1.39173839194094e-21,0.0003649922994755,-8.30E-18,0.0081902743567379,3.93631883424203e-27,0.0035360898755749,1.7664968148623498e-42,3.09611968873909e-07,-7.19E-32,0.009334214188347,1.83472199995659e-10,0.0003375255030937,4.98420248150902e-14,3.7096082074656e-08,2.8553797598342298e-43,1.5798529297099597e-30,0,-1.88E-26,0,-6.31E-34,5.65003540815766e-44,-9.08E-17,3.35807223497158e-42,-2.82E-06,0,-1.13E-39,-1.65E-38,-1.61E-05,0,5.1648532278189297e-48,0,-8.53E-21,-1.18E-39,3.72392145736004e-27,1.03325218923028e-40,-1.03E-30,-6.85E-44,1.80157155579706e-38,4.07747200306876e-33,-2.47E-30,-9.17E-37,1.02029040927477e-24,3.8026689095994e-46,-5.62E-34,7.892978830255641e-46,-3.40E-35,0,-1.60E-46,0,7.66748216328674e-45,1.8556283261394802e-44,3.8309928443608495e-36,3.3538997821055e-27,-4.32E-32,-1.73E-36,4.2506423060781e-40,8.195179984465142e-44,-1.37E-45,9.09934067743388e-47,5.690545672853599e-43,1.10029139128417e-42,1.69209730325975e-35,0,-7.45E-41,6.034882631256991e-46,-2.46E-35,-7.25E-44,1.26562636015396e-29,-5.52E-45,-1.10E-35,0,1.01594138663549e-44,-5.36E-41,-5.29E-37,8.0442106438538105e-44,-2.17E-37,-1.40E-45,2.38706064498028e-30,-1.75E-45,-3.79E-35,-2.11E-42,1.3803528022759e-27,-6.19E-39,4.86914793009819e-27,-7.72E-42,-2.58E-31,-8.56E-42,1.97579239607662e-27,0,0,0,0,-2.35E-47,0,0,0,0,0,0,3.98383963413233e-44,0,6.06428442609458e-43,-2.11E-47,2.17247395253123e-43,0,0,4.22661915185539e-43,0
-2.11E-31,2.75491882131085e-22,6.785730663454901e-36,5.68555713093451e-29,-3.92E-45,-1.81E-29,0,2.38694007208275e-40,0,1.2526751596270501e-44,0,0,5.3186935639858895e-49,1.20249400770398e-32,-1.01E-32,3.7364013376854e-28,0,0,-5.85E-50,4.0466268914722e-47,0,0,0,0,0,0,0,0,0,0,0,0,-2.55E-48,1.44849557643433e-32,9.08884871710607e-22,-9.12E-22,5.89030363976499e-24,-1.81E-21,4.75650542993254e-41,1.75259826144497e-35,-3.94E-48,-2.38E-41,0,0,1.9080976866710505e-20,-2.11E-20,-7.52E-15,1.30049721989637e-06,4.38440643015109e-26,8.91020041962859e-27,1.03517692373748e-14,2.64487462519328e-05,-2.07E-23,1.66060635204451e-07,2.87677964204738e-34,3.00543046086725e-27,-4.38E-41,6.49878327866214e-30,4.24501746208233e-19,-2.64E-13,9.429145216338362e-15,3.37266657636057e-05,4.15972332196598e-22,7.70827378865778e-07,1.16718762444848e-43,-2.39E-16,-6.71E-26,1.01208402497574e-05,4.173210716415491e-15,1.20077923447513e-08,2.17280179256825e-17,1.36723754457532e-15,1.02804591939795e-44,-1.46E-34,0,3.66586718559692e-42,0,-2.04E-46,0,1.94690622134218e-34,5.34031426953055e-49,-3.46E-26,0,0,-8.01E-42,4.36874839645064e-23,0,0,0,-6.28E-35,-7.17E-39,8.42032914116116e-37,1.75074605919159e-40,6.697214812211688e-41,-1.96E-44,6.56968660466486e-44,-3.38E-35,-6.86E-37,-6.06E-37,-2.30E-37,0,6.5603860689364096e-49,7.98301986830513e-48,-2.47E-46,0,0,0,0,0,2.15441314070774e-40,6.094296523112649e-30,2.20493630090891e-35,-5.45E-38,5.07466110537382e-46,0,0,0,-6.21E-46,3.8569719867581104e-45,2.8122307826075693e-40,0,4.82046671727737e-46,-5.13E-48,7.33435112295861e-41,1.86215608844946e-46,6.41330634808942e-39,-8.34E-47,2.5376010214438098e-42,0,0,6.45718332360876e-45,1.9647280269836097e-42,-1.89E-47,1.6120415238453999e-41,0,2.31233030775315e-44,0,1.2292091792323001e-45,0,1.76009104459661e-40,-1.86E-43,-1.58E-36,-4.50E-45,7.86450660419597e-40,1.35087791210378e-44,-1.61E-36,0,0,0,0,4.88427791180985e-45,7.19710046170579e-47,0,0,0,0,0,0,0,0,0,8.649990520523558e-48,0,0,1.23087027271774e-46,0
9.92136501102317e-44,-3.92E-28,5.2540785290661186e-42,3.90925342934814e-29,0,-3.79E-31,0,5.29927893372557e-41,0,-6.35E-48,0,0,0,-3.03E-47,8.62040357841268e-37,-1.18E-32,0,0,-1.26E-47,2.71560599569008e-38,0,0,0,0,0,0,0,0,0,0,0,0,0,3.1667761905645603e-47,4.846066945791e-47,1.18310156802797e-42,0,0,0,0,0,0,0,0,0,0,0,1.6064745386308e-46,0,0,0,4.58545914679538e-45,0,-3.77E-47,0,0,0,0,1.35895257130442e-44,-4.19E-30,-9.61E-47,-7.36E-34,0,-1.34E-38,0,8.80704608325052e-39,0,6.147479708576719e-40,4.44683800727071e-41,7.14088329959087e-38,1.82702505325325e-38,1.58358220147449e-33,0,0,0,0,0,0,0,0,0,0,0,0,0,0,0,0,0,0,0,0,0,0,0,0,0,0,0,0,0,0,0,0,0,0,0,0,0,0,0,0,0,0,0,0,0,0,0,0,0,0,0,0,0,0,0,0,0,0,0,0,0,0,0,0,0,0,0,0,0,0,0,0,0,0,0,0,0,0,0,0,0,0,0,0,0,0,0,0,0,0,0,0,0,0
-2.75E-18,0.0002713869397251,-1.27E-21,-2.10E-12,-2.40E-31,-2.02E-14,-1.77E-46,-6.09E-30,0,1.6406289043174797e-36,0,0,-5.98E-43,-1.20E-27,1.04933194143056e-17,1.5143684336777998e-12,0,0,4.35698054797193e-31,-1.55E-30,0,0,0,0,0,0,0,0,0,0,0,0,-9.39E-42,-4.16E-28,2.10335675326089e-11,2.31002590813236e-12,-9.92E-22,-1.62E-20,1.4889395230758198e-36,-8.64E-33,-2.22E-43,8.21858202925967e-37,0,-3.32E-47,7.57114635129017e-25,-2.71E-26,2.19214990984284e-17,-2.67E-18,-1.36E-29,-7.72E-30,2.01907888121063e-12,-7.89E-18,-5.22E-20,2.47471248623862e-22,-1.80E-35,9.88360013451423e-39,6.09854409595858e-39,9.04692929213068e-37,5.1735638661078e-11,0.0048648350426725,1.85276111472764e-05,0.0049967377122287,-5.10E-15,4.67076703523211e-12,-2.54E-37,5.56493086403701e-17,1.31290965059863e-22,-1.14E-16,0.0011043519060038,0.003340773896828,1.06369603491614e-06,0.0009572144198382,-6.83E-36,-1.04E-30,2.09306536029438e-47,-1.66E-36,-1.79E-47,-5.22E-40,-2.14E-44,1.08812517439553e-29,-2.01E-44,-1.47E-28,0,1.05385394598419e-46,5.64635365269579e-38,-7.82E-30,0,0,0,-2.76E-40,-1.20E-40,2.29318418914032e-43,2.9501449080759096e-42,6.42763757100904e-45,-7.53E-46,-2.24E-41,-3.96E-36,-4.46E-36,-1.54E-37,7.70506819296901e-39,0,0,-2.89E-47,3.10632290645661e-46,0,0,0,0,8.72703144328909e-45,1.13971133462711e-38,-1.80E-31,1.01260383495686e-34,7.957483307742479e-40,-4.57E-45,1.03688032920586e-46,2.50231868629432e-46,-5.02E-39,1.08064732660281e-37,-2.07E-36,-4.10E-33,6.260957123438009e-42,6.60452218922731e-39,1.7070493389762e-38,2.0170754137460305e-35,-3.72E-38,-2.77E-33,-2.98E-39,-1.03E-36,-7.01E-46,-9.83E-44,-6.23E-40,-2.88E-36,-9.33E-39,-1.21E-36,-7.99E-45,-1.02E-37,-9.41E-44,1.43541494014913e-38,-1.93E-41,8.679718998736219e-36,3.34588190836929e-36,-2.93E-32,-1.25E-37,-3.48E-34,3.7224658159429e-36,-8.82E-32,0,0,-1.23E-46,-1.87E-44,-2.49E-34,-3.18E-34,0,0,0,0,0,8.88008026836949e-45,0,2.1208416083657601e-44,-1.70E-45,2.62495495665982e-43,0,0,7.98740124665146e-44,0
6.70562497695978e-43,2.92612727704351e-26,3.82335797632772e-47,1.69046290569037e-32,0,7.89062583121335e-32,0,6.5883063967809e-46,0,8.14329651513724e-50,0,0,0,-5.20E-34,1.51051072733459e-39,-3.57E-32,0,0,0,0,0,0,0,0,0,0,0,0,0,0,0,0,0,7.55912685246336e-36,-1.21E-32,1.59268217041412e-29,6.66757351045712e-38,2.38135574542536e-31,0,-6.57E-37,0,-1.46E-34,0,0,3.06733134379369e-18,4.89970939109814e-12,4.63242663310745e-18,3.2816075436079803e-10,2.20463036731796e-28,-1.30E-15,-5.14E-21,4.7113764269759314e-09,2.49586820918845e-26,8.88020255855895e-07,-4.86E-33,1.23826336620822e-10,-8.78E-38,-9.78E-16,-1.83E-34,2.8461764500308402e-21,-2.88E-27,1.66569095928289e-18,-4.21E-38,-1.09E-17,0,-2.54E-22,5.55520166847929e-43,-2.27E-18,-3.45E-23,-1.39E-19,2.9861909935642297e-26,3.64631387043636e-23,0,4.87371509727448e-39,0,-1.21E-44,0,0,0,9.19985317284505e-37,0,6.14798956579025e-21,0,3.58703082235613e-47,-3.73E-47,2.52728953543125e-12,0,5.9026894032216386e-49,0,4.38993219135495e-17,5.548857097758541e-35,-1.48E-19,2.97364345951076e-36,9.30384676847714e-29,8.3717279578229e-47,-3.69E-43,-2.76E-38,-4.52E-33,7.659751626546489e-34,-6.14E-20,-2.01E-44,-5.04E-35,3.9876251739027e-43,-1.02E-35,-1.21E-48,-2.54E-42,0,-2.95E-42,9.75297010314129e-44,-2.15E-43,-8.75E-35,-8.79E-31,8.7578924719702e-32,-1.77E-38,-3.33E-41,-1.09E-42,0,0,0,3.65651318034757e-45,0,0,0,1.44938555517405e-46,0,-2.68E-45,0,0,0,0,0,0,0,0,0,6.96114735523159e-42,0,1.2120002507230401e-44,0,3.97981842653915e-41,0,-8.32E-41,0,-1.01E-45,0,-1.04E-41,0,0,0,0,0,0,0,0,0,0,0,0,0,0,0,0,0,0,0,0
7.282958599635241e-25,-1.96E-25,2.27740158622312e-25,-3.55E-29,-6.10E-40,-3.88E-34,0,-2.88E-48,0,0,0,0,0,1.0431830077958301e-44,-4.62E-24,1.46530190846597e-23,0,0,1.3144268482042e-40,-3.87E-42,0,0,0,0,0,0,0,0,0,0,0,0,0,2.47404389887856e-48,1.00763501726777e-33,-8.52E-34,-2.23E-40,-1.55E-41,0,0,0,0,0,0,0,0,-1.73E-48,3.3322660988903902e-46,0,0,0,-6.45E-42,0,9.25176837170348e-43,0,0,0,0,1.6806354518664e-25,-2.81E-24,2.380450570798e-30,-9.55E-26,1.40164027062678e-42,-1.04E-27,0,-1.02E-31,0,2.80648889439836e-33,-3.38E-25,2.85392201443412e-30,1.39839593881715e-21,2.32232151210921e-22,0,0,0,0,0,0,0,0,0,-1.70E-40,0,0,0,-6.32E-42,0,0,0,0,0,0,0,0,0,0,0,0,0,0,0,0,0,0,0,0,0,0,0,0,0,0,0,0,0,0,0,0,0,0,0,0,0,0,0,0,0,0,0,0,0,0,0,0,0,0,0,0,0,0,0,0,0,0,0,0,0,0,0,0,7.81716085470456e-48,0,0,0,0,0,0,0,0,0,0,0,0,0,0,0
1.12904546631906e-25,1.56796946734091e-44,-2.43E-39,0,-2.93E-40,0,8.29949833718224e-39,0,1.47413966510353e-42,0,0,0,6.05290014535537e-32,0,5.45619983538071e-43,-2.44E-43,0,0,0,0,0,0,0,0,0,0,0,0,0,0,0,0,-1.26E-35,0,-7.76E-33,-7.32E-40,4.2929823993160203e-35,-2.10E-39,-1.86E-37,0,2.72769645113791e-34,0,0,0,6.93769778111811e-30,1.6246486827569398e-36,4.65311887282625e-24,1.05902027649204e-30,1.6521132187579998e-30,-1.42E-40,-1.65E-19,6.53922740906373e-35,4.23011577690982e-11,2.51538701581558e-41,-1.03E-20,2.8461661175050303e-46,-4.63E-27,6.95640619700564e-50,1.09240543162362e-18,-2.07E-42,2.8585211085407e-18,2.40545193013295e-37,1.84527439272557e-10,-3.14E-46,3.83961145357937e-14,0,1.74545003617375e-09,-1.89E-44,-6.87E-27,7.5091778073728e-33,-1.76E-31,-3.72E-37,-6.55E-44,0,4.28814567092244e-46,0,0,0,-3.42E-36,0,6.162254463230809e-22,0,-4.34E-46,0,3.1415947583230105e-15,0,0,0,-8.53E-24,0,-1.05E-30,0,1.28653331932029e-39,0,0,0,4.30886790653566e-42,-1.83E-48,-2.38E-34,1.3271350358508e-47,-1.73E-46,0,-2.78E-49,0,0,0,0,0,0,0,5.43616986869713e-42,-2.67E-41,-1.02E-46,0,0,0,0,0,0,0,0,0,0,0,-1.85E-45,0,0,0,0,0,0,0,0,0,2.43704080752142e-45,0,0,0,9.34688677292787e-44,0,-9.11E-44,0,-4.21E-47,0,-4.06E-43,0,0,0,0,0,0,0,0,0,0,0,0,0,0,0,0,0,0,0,0,0
2.02666667744227e-31,6.022175240547412e-19,-3.60E-33,2.50981160913609e-23,-1.28E-48,-4.51E-25,0,-1.21E-40,0,5.48451020294493e-46,0,0,0,2.32386573649062e-30,-2.24E-27,1.96931136444749e-24,0,0,-1.29E-48,7.123376635892981e-45,0,0,0,0,0,0,0,0,0,0,0,0,0,4.07530192753616e-33,-1.42E-21,9.41255503228192e-23,-1.40E-29,4.33750132807157e-27,0,-5.85E-39,0,-8.67E-42,0,0,-8.02E-29,1.82838994965397e-25,1.33232916465414e-24,1.53354574554215e-09,2.35008685712451e-34,-2.71E-29,-2.33E-26,5.58596752207666e-05,1.6463343888280202e-31,1.20989772184428e-06,0,-1.48E-25,0,-1.23E-28,-8.10E-25,3.70233954099019e-10,1.53310988044168e-18,0.0001964046051029,-2.04E-26,2.55085393762687e-05,-8.37E-49,5.51141919837193e-12,-1.96E-35,0.0003908109635326,2.27505600544535e-15,3.24399397850538e-08,6.997056590321339e-22,1.03855009018871e-18,0,-2.24E-39,0,1.52808967729879e-45,0,0,0,4.964342865763139e-34,0,1.38106682168447e-20,0,2.6182706732526497e-49,-5.17E-48,9.688894259188133e-14,0,0,0,-1.99E-29,-5.73E-46,3.23950601449433e-35,6.84372270063599e-47,-8.61E-41,0,0,2.32353969364579e-44,-1.17E-42,-1.27E-42,-9.36E-36,0,0,0,5.0848676944195596e-48,0,0,0,0,0,0,1.45261414560499e-38,-3.03E-39,-7.84E-43,0,0,0,0,0,0,3.57623045582896e-46,0,0,0,6.163275024338251e-47,0,5.34749113288054e-44,0,0,0,0,0,0,0,0,0,-2.10E-46,0,0,0,-3.72E-45,0,6.697619629034869e-43,0,6.69963864330478e-46,0,2.06120494363698e-42,0,0,0,0,0,0,0,0,0,0,0,0,0,0,0,0,0,0,0,0
-2.81E-17,2.34488378602559e-06,-1.48E-18,5.01266106922797e-12,6.8128989869659495e-34,-2.06E-22,0,1.67283837292155e-34,0,-5.38E-41,0,0,1.34465196672728e-41,-2.29E-24,-9.40E-16,3.66805593363273e-10,0,0,-5.17E-36,2.23179250652205e-32,0,0,0,0,0,0,0,0,0,0,0,0,-1.63E-38,-5.89E-26,-4.61E-15,-1.18E-15,-8.38E-18,-2.30E-18,-3.80E-35,6.13703026796598e-32,1.04801836936594e-41,2.3411567900232297e-36,0,0,4.24798806400796e-27,5.25500881970961e-28,-7.49E-18,1.12060534224868e-14,-3.71E-32,-2.89E-34,2.1520914980255706e-15,2.7892062547769603e-15,-9.83E-20,-1.79E-18,-1.30E-39,4.6379662326727803e-35,-1.17E-39,7.94976439842044e-37,8.29590856484408e-07,5.80185052203628e-05,5.5906018222864e-07,1.34043158096728e-05,4.8208830481604e-18,3.7111135269987697e-13,4.0645855377455503e-38,-2.54E-17,-8.56E-25,1.9518081663859299e-13,9.99489983466421e-06,8.50769405351116e-07,9.56158449929114e-06,7.57659753564676e-06,-7.88E-34,5.87116133367013e-29,-8.09E-48,1.40984420084088e-37,0,-1.84E-42,2.6569008133172e-43,-8.97E-29,4.72473776948584e-43,-2.09E-24,0,5.2365413465053e-49,8.6256270604001e-38,-4.86E-26,0,0,0,1.0450944876799598e-36,-6.95E-43,2.1471485682131698e-43,6.90901551450962e-45,-1.39E-47,4.28977180559091e-41,2.99538286509024e-38,-1.03E-36,-2.21E-34,2.02827037182267e-38,-1.73E-40,0,0,-1.63E-47,2.8384186831536003e-47,0,-2.04E-47,0,0,4.022197052528299e-43,-2.23E-37,-1.32E-33,4.87170039857189e-37,-2.57E-42,-1.26E-44,-8.15E-46,-1.44E-45,7.5221323032384e-40,1.04342161147694e-38,4.3297011117621305e-35,1.81477271707424e-32,-4.80E-44,-2.12E-40,-1.05E-39,6.53949675133017e-35,3.50696057970735e-37,5.92453228955372e-33,-2.66E-39,-9.20E-38,0,3.4331812375958e-44,1.5315760218855998e-37,-1.02E-36,-8.28E-39,3.49285190267362e-37,1.08510054301827e-42,-3.01E-36,9.95138286639376e-43,-2.15E-37,6.52824667198083e-41,-2.80E-34,6.642736511672381e-35,-1.15E-30,7.59069954026307e-36,1.13952253448571e-33,1.90013972694417e-35,-4.98E-31,0,0,0,0,1.79077579857714e-35,6.00127218287817e-38,0,0,0,0,0,-6.17E-45,0,4.03070120075453e-46,-1.28E-45,1.5577191262376198e-43,0,-5.29E-47,-3.06E-42,0
-9.88E-25,-2.47E-18,-1.96E-28,2.64393437593845e-24,3.97639037437936e-43,-2.77E-29,0,-3.48E-46,0,0,0,0,0,-7.89E-40,1.14160211564091e-27,-2.24E-23,0,0,3.82699200421596e-46,1.2708755975309898e-43,0,0,0,0,0,0,0,0,0,0,0,0,0,-6.94E-42,-2.08E-27,2.17925553195469e-29,-1.33E-34,-8.92E-34,0,-3.37E-47,0,0,0,0,1.49685252068299e-39,2.8964573015726495e-36,3.3057679065030504e-35,5.461999292752548e-29,-3.14E-44,7.57411720445844e-43,2.34398119320834e-33,-4.29E-26,3.39856478713679e-33,-3.05E-29,0,-4.35E-46,0,-2.81E-44,2.04077121100638e-12,3.5308930249402e-07,3.12077522031518e-12,4.36878202929409e-07,5.61108388878475e-27,-1.84E-17,-3.36E-47,6.15317744736104e-24,7.71949329051479e-32,5.481546277963371e-20,3.8606460846779006e-10,2.71740857915947e-10,1.3436713851415e-12,4.72469626273122e-10,0,2.81491784129024e-45,0,0,0,0,0,1.5613574199412e-43,0,1.56383575982367e-31,0,0,7.06320209355144e-46,1.42654919181204e-32,0,0,0,3.81368823495931e-43,0,0,0,0,0,0,0,0,0,0,0,0,0,0,0,0,0,0,0,0,1.90360601535253e-45,0,0,0,0,0,0,0,0,0,0,0,0,0,0,0,0,0,0,0,0,0,0,0,0,0,0,0,0,0,0,-9.47E-49,0,0,0,0,0,0,0,0,0,0,0,0,0,0,0,0,0,0,0,0,0,0,0,0
4.13567297320404e-26,8.90485040733406e-16,-7.90E-24,4.65203582375854e-17,7.38773154992665e-42,-2.32E-20,0,2.96899498779877e-32,0,8.35535086350799e-33,0,0,0,6.92563879521411e-42,-9.07E-20,6.2180959455703095e-16,0,0,6.05688206920439e-32,-9.90E-23,0,0,0,0,0,0,0,0,0,0,0,0,0,-3.07E-41,1.8655237437590502e-31,3.34077999891726e-27,-8.99E-41,9.21254582688752e-39,0,-1.37E-45,0,0,0,0,0,1.28383335930887e-46,-2.09E-45,-1.44E-39,0,0,1.18670155555821e-43,-1.42E-37,0,1.50412074290795e-43,0,0,0,0,2.0614944051275505e-23,1.92633508678226e-16,4.27923553965695e-26,5.57803125498115e-22,8.71249589287021e-44,2.68695898487086e-33,0,-4.89E-36,0,2.85465320395753e-36,1.4875723519998098e-22,2.0535234195313e-21,-4.53E-18,1.11229837401174e-15,0,3.95101098080479e-36,0,-3.00E-42,0,-2.00E-47,0,7.94069129784063e-45,0,-2.18E-47,0,0,0,0,0,0,0,0,0,0,0,0,0,0,0,0,0,0,0,0,0,0,0,0,0,0,0,0,0,0,0,0,0,0,0,0,0,9.33607803426908e-43,0,-8.97E-48,0,1.3173648177378798e-42,0,9.55892608615734e-42,0,0,0,0,0,0,0,0,0,0,0,0,0,-8.90E-46,0,7.43650726645418e-42,0,6.77635206288461e-45,0,4.12902681862251e-41,0,0,0,2.08140396900098e-47,2.92998769813371e-45,-6.63E-43,0,0,0,0,0,0,0,0,0,0,0,0,0,0
6.763641146104901e-11,0.0048886206703243,1.69317038828795e-10,0.0013880689009317,-2.90E-21,0.0005546615227841,3.89123204509172e-38,3.41680760545886e-17,-1.03E-42,6.306353735114971e-23,0,-2.99E-38,7.89246125009966e-35,9.57665082947486e-22,1.22677978383775e-06,0.0005707352388855,3.7282320963663603e-44,1.7882728970090998e-43,-6.46E-19,9.02900693200284e-14,0,2.74202678474774e-47,0,-5.73E-45,0,-3.36E-47,0,1.43130311894288e-45,0,1.72492893790196e-41,0,-5.74E-44,8.525880251894739e-33,-8.68E-20,3.70400789629235e-10,7.84409864481812e-08,-8.49E-17,4.821878709432111e-15,4.36263655428388e-34,-4.18E-27,-6.46E-42,3.0542779543933e-31,0,4.06349464531919e-40,1.3196910689284e-26,-6.91E-21,2.44430076916135e-24,4.23288245588944e-12,1.6925255175356998e-31,3.24216014059679e-27,-6.02E-25,1.206235469771e-08,3.57511000583165e-27,2.99999210720746e-09,-2.21E-46,6.34715232647108e-30,-3.12E-44,-5.79E-29,7.33776848148936e-06,0.0074476294266532,1.62574249229058e-06,0.0053064930864048,-1.29E-18,0.0083643870381089,-3.96E-34,0.0002299405449896,5.27851052515437e-29,0.0005401245511824,0.0002518211372746,0.0010253307757438,0.0007969418947962,0.0062344697389759,-2.29E-31,2.2095508090293097e-22,6.88228451309016e-40,1.48008028527511e-27,7.58914008727173e-41,-1.07E-32,-2.39E-38,-3.08E-21,2.94667449057969e-38,-1.33E-16,0,3.39327611962627e-34,3.23352155644188e-39,2.53162100986303e-17,0,3.34251718268382e-41,0,1.42864591737077e-28,5.04501766318325e-44,1.21553002723175e-35,-2.22E-45,-3.72E-43,2.14823156727694e-40,1.0789358117673e-37,9.404333067559511e-35,-4.05E-33,2.24876717800026e-39,5.855735081096651e-35,0,6.757197651004501e-47,-1.58E-48,9.38803184775671e-46,0,-6.50E-49,0,0,-6.23E-43,-1.75E-35,3.40447108446871e-30,-7.96E-36,8.285559547833138e-41,-4.34E-44,-1.68E-46,-1.97E-45,-8.90E-34,1.85469493535306e-30,-2.33E-31,-1.71E-26,5.81025195896443e-37,1.38468772662345e-30,-8.40E-34,7.01105585329924e-28,-3.26E-33,-2.34E-26,-2.48E-33,1.03474128812123e-30,-2.92E-40,1.23243051222952e-37,-1.19E-32,1.7108748495206598e-30,-2.39E-33,7.879292660323171e-31,8.52103601053974e-42,-7.83E-32,1.9874514113233597e-40,-9.02E-34,1.04382873642668e-38,1.21633886874612e-29,-7.14E-33,1.6676767813716202e-25,-1.38E-31,-7.51E-28,6.158004344166701e-32,-1.17E-25,-4.52E-46,1.79518806959521e-43,-3.11E-36,-4.07E-32,-2.18E-26,-3.63E-26,1.24841971898792e-44,7.70490018100391e-41,-2.92E-45,-3.70E-43,4.57794717428825e-46,-2.14E-39,6.23165670017389e-46,-7.17E-39,3.66879840022478e-41,-1.66E-38,-5.84E-47,-4.94E-45,6.13494836014831e-39,-1.41E-44
1.27631404034306e-18,-6.57E-22,1.20115976582211e-27,2.53841171662687e-29,-1.15E-29,-1.78E-39,-4.87E-32,-1.23E-43,5.0837641296389095e-36,2.11725709393568e-47,-5.71E-41,0,-2.86E-15,-4.86E-29,-1.30E-24,-1.33E-21,-8.43E-41,-1.73E-41,6.16750409028954e-42,3.42116447944344e-45,0,0,1.61523496402793e-44,-1.15E-47,3.29973940656123e-45,0,0,0,2.0687070186297802e-44,0,3.3787653327628803e-47,0,-7.71E-19,-4.12E-29,2.28537387837656e-07,7.83833415488232e-08,4.07143102510444e-06,9.88116548970063e-06,2.61332761547702e-17,-1.10E-19,-5.11E-15,1.0752747200069201e-21,-2.71E-34,4.13861190282648e-39,0.0095558022748058,0.0056836770636543,0.0106181802889502,0.004849086925677,0.0031648584337933,0.0008357423696266,0.0112189245697041,0.0002897414874666,0.0128771518466639,5.49783656848318e-07,0.0096574910883708,1.73465083796665e-05,0.0002486955057824,5.58479795890651e-08,6.28019571063639e-08,4.56369235591335e-08,0.0066773436685441,0.0001760345897394,0.0023594223224258,1.49072276496689e-14,0.0004180311926102,1.58001533831992e-25,0.011720158533029,5.848619551863639e-11,0.0036092906079139,0.0022977765817799,-3.77E-16,1.52376834042318e-14,1.7242601406470802e-23,2.6126883237899e-25,-2.42E-24,-5.17E-32,1.23346271650568e-28,1.5598860635118199e-34,1.13382353412237e-17,-1.17E-27,8.61963352517338e-05,8.709235067738462e-23,4.252095555506981e-35,1.74114999771301e-47,0.0028088730908092,-3.09E-18,-5.15E-43,0,2.66481434291884e-05,9.63653191549583e-24,9.55377122236647e-06,6.4979762782350405e-09,1.45821983579993e-08,1.37008870913003e-11,2.30145830315371e-22,9.58367220650723e-25,3.37868377355667e-10,3.23759816513128e-13,7.56285582537573e-07,2.64142347063297e-08,-5.39E-19,1.9784553403299305e-23,-5.92E-18,-7.18E-19,-3.86E-22,-1.44E-25,1.54477664826789e-33,7.04250515082859e-37,-9.24E-25,-1.93E-20,8.87503154937906e-08,1.44176030987044e-07,1.46659748795338e-10,3.48977294488275e-17,-2.43E-20,-1.08E-20,2.0672616603779298e-29,-3.83E-29,8.88422090725652e-23,-4.57E-25,1.84820927579016e-30,9.48590139473829e-33,-1.92E-25,-4.67E-28,-4.53E-22,-1.45E-24,-1.59E-25,-9.87E-27,8.43503765445445e-33,3.41534368909871e-33,-3.36E-25,-8.42E-26,-3.80E-26,-1.41E-26,-2.12E-22,2.26343679703346e-25,1.37001974991054e-23,7.57634283461529e-26,-1.56E-20,-1.98E-23,2.37107194016454e-19,3.608424161770111e-21,-7.08E-23,-1.40E-24,-2.72E-21,-2.74E-23,1.94074098558761e-46,-6.63E-48,0,0,4.47943519461982e-33,1.0014633331226e-35,-4.07E-40,2.37030828634709e-40,1.71394822640361e-31,-2.81E-31,1.67796990298605e-29,-1.06E-30,2.56330658717581e-29,-3.00E-31,-2.89E-29,-2.29E-30,8.05624908456376e-29,9.443252477432739e-29,-1.57E-26,-1.07E-28
-3.30E-22,0.0011419816474947,-1.77E-21,7.64465618948887e-08,-2.16E-34,4.46869641152599e-06,2.5481222075270603e-47,3.61255872522919e-21,0,4.22410383354989e-28,0,-1.93E-41,2.91606416424585e-43,-4.67E-19,-1.94E-18,1.3429793693811698e-11,0,2.1482893671208302e-47,-1.46E-33,4.02115890993844e-31,0,0,0,0,0,0,0,0,0,2.36047602279314e-46,0,8.38542964024159e-48,1.03140846354958e-42,1.22951206320953e-20,-1.17E-12,1.05334143174416e-08,1.11485552303373e-20,6.58533909215957e-19,7.35144042769088e-37,3.16158090682662e-27,-1.51E-44,7.40892402887911e-32,0,5.7951950967695e-41,1.06579728441079e-24,-9.18E-23,-1.21E-16,7.16876671102978e-14,-6.34E-31,-4.77E-27,2.09976528127775e-13,2.26117827015271e-09,1.53568913301165e-26,2.6367494274065e-17,2.1646083153519396e-40,-4.68E-34,9.94672328036383e-44,-9.64E-32,-2.55E-15,0.0065386543581392,2.7549830813471697e-11,0.0080656143889102,5.2634901710570505e-23,0.0009492965002338,2.14610957045279e-39,9.61390154569726e-06,7.63504137651614e-28,9.27804950416315e-07,2.8139309972024e-06,0.0016089996241866,5.8573236827662e-11,1.75002275074631e-05,-8.21E-37,-1.67E-24,-3.39E-47,-2.04E-30,0,-7.39E-35,2.090893008602e-44,-1.15E-21,-4.29E-45,-1.13E-20,0,2.21508936473472e-33,8.900664593663829e-42,-1.06E-23,0,-1.06E-41,0,6.28127562617462e-33,4.03831903705308e-40,1.41222480209351e-38,2.63190700264217e-41,-1.26E-41,7.52120203699499e-40,4.11475395604563e-37,8.679142491744239e-36,1.75708925979603e-32,4.50255841828575e-37,-6.80E-35,0,2.13081339519055e-45,-6.30E-47,-1.77E-42,1.41097371264006e-48,1.33952614481433e-44,0,3.2080040315360604e-45,-8.65E-41,-1.94E-35,-6.93E-30,3.0354995745359698e-33,6.16755460194059e-38,1.03587247854312e-41,6.36228763320786e-43,-9.22E-43,-1.31E-36,2.8129447191191298e-33,1.19472958310433e-36,2.1321083047618292e-28,2.822066982574e-41,-1.61E-35,-1.85E-38,-2.37E-29,1.56238255067268e-38,-1.43E-27,3.60285072934319e-37,1.95173976782163e-32,5.38799259532892e-43,-4.95E-40,8.7725139839336e-36,2.62818049573854e-32,-3.34E-37,2.1914889470483e-32,-1.41E-45,-2.51E-31,-4.86E-44,1.29323593607886e-33,-8.54E-43,-6.93E-30,1.36568262648136e-36,1.3850168413268e-26,-9.08E-35,-1.06E-29,5.5770126186424994e-37,7.02205319776577e-27,0,0,2.3786035715312604e-44,-1.11E-40,3.7692933804704092e-28,7.88365409076858e-32,0,8.41013998706261e-46,8.28937119741441e-45,-7.56E-43,6.699434889202311e-47,5.1232830596226295e-40,0,6.12597837961014e-39,-9.86E-42,-1.42E-38,-3.33E-45,6.26618369896192e-44,-2.02E-38,1.5558724641587998e-43
-2.19E-24,1.58244384799992e-08,7.963345148719679e-28,1.00376840743809e-16,-1.07E-39,-3.97E-19,0,6.62619577149594e-27,0,-3.38E-31,0,4.85331557929314e-37,6.07429444860567e-39,1.47646807985967e-10,-4.58E-25,1.01881402123275e-18,2.9390824835675e-42,-4.80E-39,-4.89E-41,1.28986594942904e-37,0,1.4528649381872402e-47,0,1.67053496978345e-41,0,1.13288549760753e-44,0,7.77147585828289e-46,0,3.43784216923056e-40,0,-4.74E-43,8.69010740093537e-39,5.030657328785802e-16,-1.21E-17,2.92659097465049e-14,-2.32E-16,2.99272412960814e-14,-3.51E-27,-3.14E-16,-2.61E-32,1.04799776163346e-16,-3.50E-47,3.15670801642292e-32,3.09425329489131e-05,0.0007824215809449,0.000162107713509,0.0036566343086716,1.0025578549776e-11,4.64192398833607e-07,5.64576773612683e-06,0.0068019713658554,2.28125584058092e-12,0.0043694796724697,1.5262516119168101e-21,1.08455500181096e-11,2.40827981963811e-27,1.62040360990019e-09,1.56304578408764e-17,0.00050360867666,5.53094746745337e-08,0.0057247018659594,-5.02E-21,0.0054452702900213,4.44122081274125e-37,0.0022816395200728,-2.19E-25,0.0066328289429821,3.08622843251655e-06,0.0007878308085261,7.202527169070661e-17,4.37812973488629e-10,-6.53E-35,-2.42E-20,-1.03E-43,1.22537587867821e-23,-8.56E-44,9.740652396501127e-28,-1.15E-38,-3.09E-16,-3.98E-39,0.0007224362828217,0,-4.65E-28,2.38229901280958e-31,0.0012222855357962,0,-5.46E-36,-1.19E-38,5.56408323191666e-13,8.592341867723021e-25,1.7557545771061802e-20,-4.93E-26,-3.53E-23,-4.72E-25,-6.94E-21,-2.18E-18,-2.26E-17,-1.96E-19,7.55128549544513e-19,5.72473844979353e-35,5.43706701132326e-29,4.80804720500005e-32,-6.45E-28,9.36780961927058e-35,6.20371588278203e-31,3.0714224152952803e-45,-6.33E-33,-6.03E-26,-3.47E-19,-1.45E-14,-5.06E-15,1.03302329337954e-22,-8.66E-27,1.94782309232712e-29,7.96955321412885e-29,5.65516436272444e-36,6.16323284034092e-33,-2.13E-31,-6.82E-27,-2.74E-39,-8.61E-33,4.790678427639769e-36,-6.37E-28,1.3073429184855402e-35,-1.80E-20,-2.11E-33,3.68562409963074e-27,-2.16E-37,-1.29E-32,-4.94E-30,-1.85E-27,-1.36E-33,8.55928505108903e-29,-4.80E-35,-8.20E-19,-1.54E-34,-2.29E-22,-7.94E-33,-7.57E-18,-8.99E-29,-2.38E-18,-1.20E-30,-1.37E-22,-2.45E-33,-3.73E-19,2.83807283913887e-46,-5.84E-47,0,-4.32E-48,1.24605373370233e-35,7.04676175519723e-37,4.5308830415696e-43,-3.49E-39,6.60013278565684e-35,6.4268593356371995e-31,1.33168066686429e-37,6.8376288998118e-29,1.67297544347054e-38,4.08241884974146e-29,-9.34E-32,8.90002674252213e-29,7.65741078076686e-33,1.0643900912811696e-28,-2.62E-26,1.13551677168749e-29
-1.14E-19,4.34937383653323e-06,-5.19E-22,1.04432463381401e-14,-4.28E-39,1.6478669084461301e-21,0,-6.42E-34,0,2.54738497292882e-38,0,-4.01E-49,7.133059499468399e-44,-2.29E-22,1.25087635409775e-18,-4.21E-14,0,0,1.34468988077838e-40,-7.01E-36,0,0,0,0,0,0,0,0,0,0,0,0,2.6103558242018e-43,-1.48E-26,1.38654902909804e-18,-1.19E-14,2.21352637220012e-19,8.336305837649098e-17,-1.94E-35,-4.71E-27,1.1344225687941598e-42,4.35469742759705e-31,0,-5.59E-45,5.87671428978318e-17,1.094648129389e-12,1.12356351810288e-09,0.0010143209889402,-1.78E-20,1.12277392526584e-18,4.15275156850624e-10,0.0031740871556564,-6.27E-21,0.0017558932007718,-6.42E-30,1.59754024840874e-17,2.8538705576293598e-34,-7.11E-23,-2.33E-17,0.0014852928244388,1.4513145205935e-10,0.0095708372430918,-1.12E-19,0.0052151409293123,1.68463763884084e-38,6.08966372997407e-05,-1.54E-25,0.0058849909963444,2.71862521240585e-07,0.0005751917174913,6.84127470146472e-10,9.40874162811637e-06,-5.28E-39,5.384807146138991e-31,1.75887845402889e-49,5.280160515961149e-34,0,-1.23E-38,2.37597939617741e-44,-1.96E-24,8.092689356985442e-44,1.86435919246744e-06,0,-4.13E-41,-3.88E-36,1.50530653054925e-05,0,3.2169657247557904e-47,5.035916356167311e-46,-8.26E-19,2.5751534423430504e-31,-1.31E-25,2.05726208469779e-32,-9.61E-32,-2.79E-39,3.22242991665358e-36,1.43058433166564e-27,2.0993905866577895e-26,3.16191242991229e-27,-3.44E-28,-2.82E-40,-4.04E-37,-9.79E-39,3.0423424747394195e-36,4.00514966716544e-45,-3.39E-42,0,2.1702499801257e-46,-3.12E-42,-3.30E-35,1.39909817012316e-23,-1.57E-24,7.154852068163149e-30,-2.12E-36,1.03961195217932e-39,6.1849577940709e-41,-4.04E-44,-1.25E-40,-1.76E-38,-3.66E-34,3.4865904738351203e-46,-5.86E-41,6.67630792383746e-42,-7.13E-36,-3.23E-40,-8.09E-33,1.97964236652096e-41,7.62641810897254e-38,0,3.100372852318661e-44,2.65437761599555e-39,-1.34E-37,7.30187278237774e-41,-1.51E-37,-1.71E-44,2.0576078701547293e-34,-4.88E-44,-9.58E-36,-5.08E-42,-3.09E-33,-8.07E-38,-5.64E-31,3.57120516949817e-39,-6.09E-34,-9.70E-39,-2.63E-31,0,0,0,0,-2.32E-39,-1.35E-40,0,0,0,1.33662315058675e-45,-1.12E-47,1.53497195783278e-42,0,3.28636609534363e-42,4.119334278747951e-44,4.5006131344698e-42,7.00649232162409e-46,-6.29E-44,7.75535190189899e-41,7.30831045240174e-45
-6.92E-16,0.0001859579790701,3.94747814458888e-18,7.23247179573017e-12,-1.73E-27,4.7495793925021e-20,-1.01E-39,3.41451632580593e-24,1.30731131510061e-43,1.31739649295314e-29,0,-9.47E-33,3.31220043472855e-26,2.69340170991497e-07,8.373923367922962e-14,5.17335914073864e-08,-2.91E-35,-8.88E-33,-2.82E-36,3.4894104396336794e-30,1.12924874333881e-42,9.39871678500446e-41,3.5752848713027197e-40,-1.68E-35,3.4919083823279604e-44,2.4306847264999e-38,0,4.15113872046051e-39,6.943872568820151e-44,-2.04E-33,0,-5.55E-37,2.52458382891531e-26,7.449147398422451e-10,1.24620859136566e-05,0.0003005826183777,9.03508946939785e-05,0.0006023398414335,-2.41E-16,2.76162653313599e-07,9.677275115111461e-20,1.01486097721255e-08,2.06024808909884e-37,9.804266362386179e-28,0.0043336565513779,0.0080498814520027,0.0077698934348901,0.0073658761365335,0.0008092273456136,0.0018405208575469,0.0084591579056032,0.0084988172903222,0.0004784826160481,0.0067872639631183,6.46626678770558e-06,1.89337732985385e-08,5.36605592839133e-08,1.5749671376485e-06,2.70495365903297e-05,0.0040992251669438,0.0040921409494203,0.0087964787905538,4.35170016511224e-05,0.0061303276321685,2.06681815504708e-25,0.0010342829198399,3.42962758288062e-08,0.0080185514676511,0.0066237154193182,0.0086070835176106,0.0003465846282878,0.0037905845571069,-5.63E-21,-1.06E-16,1.26886582803382e-32,-7.88E-19,2.4399189068427293e-34,2.05987133803036e-21,1.19953259760687e-27,2.07120169692569e-08,1.00451630297745e-28,0.0007239145783726,4.74329988258337e-44,-4.46E-28,6.18881201294421e-21,0.0024468884484616,0,9.62920823411876e-34,7.69364196865767e-27,6.43844688200337e-10,1.66022243832849e-09,5.702216523809821e-15,2.09951467748313e-14,1.83329171441294e-17,-2.22E-16,-9.51E-16,1.09291774828099e-08,2.49066231880639e-06,4.06831121495572e-07,1.89156019597434e-07,-3.81E-23,-1.39E-23,-6.34E-21,-3.34E-19,-2.79E-24,-2.22E-24,-6.05E-38,-3.03E-29,3.67279080401251e-19,-1.31E-13,3.34957124658117e-05,0.0001038574589245,1.36552624137826e-10,-3.73E-19,-5.63E-21,8.49775409881055e-20,6.99843206457322e-27,-1.32E-25,-2.10E-20,5.87275709154772e-21,-1.99E-29,4.0413787919962196e-26,-5.37E-25,-4.12E-22,-3.42E-22,5.87817845580223e-16,-5.64E-24,3.1880034985071904e-20,-1.50E-28,2.5696354067407798e-26,-2.70E-22,6.4758533552220505e-21,6.16829337284429e-24,-1.39E-21,-1.53E-23,1.06887178050441e-13,-1.33E-22,1.4515024029382e-16,-3.08E-20,1.17188286133225e-12,-9.44E-18,1.6625275859846798e-12,-1.44E-21,8.60412536795152e-18,-7.05E-20,1.9517888651562902e-14,2.78387758868542e-39,-1.95E-39,-6.60E-42,-1.78E-39,2.36309953183313e-26,5.18832159635128e-28,-1.41E-34,4.5391726650739095e-33,-2.51E-25,1.81624874582078e-23,7.00637397123045e-25,9.878609484489e-22,2.5598619296609e-26,6.55300209099658e-23,1.54086365911234e-23,1.80669086779762e-21,-2.62E-20,-5.39E-20,-1.96E-19,-3.27E-20
2.47171995933421e-06,0.0010411225187493,2.69929489377664e-06,0.0002596977435154,-3.44E-19,1.47360273864442e-07,-1.95E-31,2.72478228146119e-19,-5.71E-36,-3.95E-24,1.93668399553491e-48,-2.61E-35,5.21822572050057e-26,1.882404233319e-05,0.000394744189445,0.001077991051476,1.59307324499609e-31,5.50067032266703e-30,-9.53E-19,-1.36E-19,-8.65E-40,-1.09E-35,-1.12E-39,1.07394791999393e-31,6.512853089873301e-45,-1.87E-34,0,1.78888907345022e-37,-9.96E-45,-5.27E-35,0,3.1196966090673897e-43,2.04267804223669e-25,1.93687752072408e-06,0.0001833992971154,0.0012392694650331,4.17049552497482e-05,0.0009475966911266,-2.87E-20,1.82348985378349e-05,-4.85E-26,2.75570654183999e-13,3.38534270923369e-37,1.12029386721972e-25,2.1994776242314e-09,4.09988949106116e-07,2.47207903652995e-05,0.0002539343628652,3.0895111881279104e-17,1.48607219031736e-08,1.47301290920599e-05,0.0004383701565847,2.24938853050421e-18,1.64316042309793e-05,5.270813922477739e-34,8.95012613787535e-25,6.48211843256302e-29,1.17634183417178e-18,9.13006375322332e-06,0.0020043454213486,2.21952479845722e-05,0.0041641804452699,2.27058293663658e-16,0.0039336626921353,6.987973500508879e-28,0.0016286307596463,1.52372340411506e-21,0.0014142908516173,0.0009288603820243,0.0021051810501044,0.0016987492570389,0.0036433921318109,-1.30E-19,4.62881655990522e-07,1.09649614477454e-28,1.28848375280604e-14,9.49834547904792e-31,3.93862397158801e-20,-6.06E-27,4.85646028310276e-06,7.462709114065778e-29,4.47959921237491e-06,-1.04E-44,-1.07E-31,9.50721087050802e-30,7.42989888588439e-09,0,-5.07E-38,-4.08E-37,9.38678208669582e-22,4.53176313949362e-30,-7.93E-29,-4.64E-31,-2.02E-31,-6.24E-23,1.24933443780959e-16,1.60112316760732e-19,1.12591176550928e-12,3.22207758992636e-26,3.8694898225568203e-23,5.75242552300443e-37,7.162114278296259e-34,1.51082809583844e-34,3.23513174527406e-30,-1.65E-32,9.49655974693917e-29,2.56644274124422e-39,-2.14E-28,-5.29E-21,7.3299510502915e-14,1.20880971916289e-10,-1.30E-21,3.63939560121575e-27,3.44805495246871e-27,6.15047350672626e-27,7.10584576330898e-26,1.6738580113403602e-20,2.7381080713094407e-15,-3.59E-17,2.99219466643484e-07,2.13266899704697e-24,1.04455443894241e-17,-2.11E-21,1.9362900267740104e-10,-2.13E-19,1.45422631599588e-07,1.41499489125631e-20,8.607151959515039e-11,-5.64E-26,-3.82E-21,2.22819506555735e-16,9.83948801571399e-11,3.7830058098922e-20,4.69018017787084e-11,7.192728771903241e-25,1.15323575112087e-08,1.90094672056408e-24,1.16310058484e-09,2.12317415836855e-22,1.03111004045377e-06,1.58047548292865e-16,4.05374826380342e-05,7.01201685336752e-17,2.66273641969772e-07,-5.07E-18,1.02504377395007e-05,-1.84E-35,4.71112247486472e-33,2.95882346389038e-30,1.4013183079624698e-30,1.8245247745155499e-13,5.3552614395548304e-17,1.05106670077151e-30,-2.57E-26,-9.89E-28,7.374217333273831e-23,2.5315723721343e-28,3.97843521582352e-21,1.78277860406032e-29,3.7709365714785903e-20,3.37461794552516e-24,9.46075152285491e-19,-4.37E-27,-1.98E-23,3.6131816540270704e-19,-7.32E-25
4.70896418760128e-05,0.000532089800093,0.0001332596508224,0.0004788578227547,1.61293981427572e-07,0.000260345819141,2.76981919260156e-19,4.07376203726998e-05,1.25690888534818e-22,6.57426111120047e-08,-1.65E-32,9.67287455902819e-26,-7.14E-23,1.27238498734894e-13,0.0010418660091764,0.0011299095433349,9.969478896548493e-19,2.2230842209235497e-18,1.14121859814542e-05,1.83232171081941e-05,-9.04E-26,-9.27E-24,-2.45E-26,-9.27E-27,4.655246075601881e-31,4.16108974836644e-30,-2.15E-34,1.13014336669676e-29,-9.28E-34,-5.31E-29,-9.10E-42,4.02290430497233e-32,-2.66E-21,2.55593070698803e-12,0.0003266409557256,0.0005331321700132,1.0060864762959e-05,9.31224969403846e-08,-2.27E-19,7.501921195799942e-19,3.41691078119623e-27,3.0764775055036603e-25,1.35653217511019e-27,3.25372798464943e-24,6.51853904145585e-22,2.37417986188679e-20,8.14635292810775e-19,-5.79E-17,1.5258234721775502e-20,8.81663763567181e-21,9.754973892554621e-19,1.74360691612358e-14,-2.50E-19,-4.66E-21,8.70034075797985e-40,-5.48E-35,-8.19E-30,-2.78E-28,5.49329538949016e-06,0.0004443685008377,2.20280239810896e-06,0.0006317104763137,4.31803587465792e-17,1.36984141392922e-06,-4.60E-26,8.325563171951881e-09,-1.51E-22,3.19316846212505e-13,0.0002038173072758,0.000415773954192,0.0015889377784696,0.0007962880541183,2.88539485797365e-07,1.4420815379209e-05,2.1803779618055903e-15,3.98225386387646e-10,2.1576853518769803e-15,2.6604895664685104e-15,-9.84E-26,3.92706237126221e-19,-4.40E-29,-9.60E-21,-7.17E-35,6.80248983995121e-26,-1.03E-33,-3.19E-25,-2.56E-40,-1.34E-32,4.63871573638e-38,1.6150158234017597e-30,4.3611657573164895e-36,-1.43E-36,-3.40E-38,2.65479733694404e-37,-1.59E-22,-2.87E-23,8.46204512910091e-21,4.8619620489366e-23,-2.61E-29,4.29414300641322e-31,2.72375668220599e-40,3.80519256782779e-39,4.49748414620028e-35,7.02381480509489e-37,1.90504096405346e-33,7.81841755609566e-34,-6.29E-37,-7.20E-35,2.20568603159086e-23,1.19641727313045e-20,4.6641820729635805e-20,-7.90E-28,1.1075020946529999e-32,1.21416671449303e-31,-3.37E-31,-3.29E-29,2.26920836450423e-06,3.08728859606855e-06,8.94849683794316e-07,2.62297583242992e-06,7.43802864899975e-09,1.79839148459097e-07,1.22947118660402e-07,2.56108552170823e-07,2.03019846973325e-12,1.54964098043304e-09,1.85383144246427e-08,3.13592100361412e-08,-6.83E-16,3.917192495015591e-15,1.75350489777034e-07,1.50824232332067e-07,4.10512791824456e-08,8.89942813503399e-09,2.7114239469671396e-26,-1.67E-21,9.61772322591601e-22,-1.08E-19,6.31397655684062e-22,-5.74E-20,2.90338871764341e-10,2.9069712177843603e-09,5.2868532918686715e-09,2.45272688577852e-08,1.99451944437487e-12,4.051068231679851e-09,2.65431817553231e-22,-1.83E-21,-2.61E-20,1.37311627984185e-19,8.55990902665428e-05,5.41764775637998e-05,1.71606821506487e-18,2.2787773066564e-18,2.5223941327602003e-20,-3.53E-20,1.76410661638724e-20,2.99588951959501e-19,-2.39E-22,1.61061219357824e-19,2.55477897313213e-17,7.672078532086159e-18,2.5877728167579303e-25,2.6383758199441102e-25,-4.13E-19,1.39316681728852e-22
4.23657734246408e-32,-2.69E-19,-2.91E-37,-1.98E-28,-1.32E-48,1.16819375937578e-28,0,-1.27E-39,0,2.52724772501626e-42,0,0,0,9.93567281768495e-34,-1.21E-34,-7.78E-27,0,0,0,-4.35E-48,0,0,0,0,0,0,0,0,0,0,0,0,3.86526083404989e-48,9.49686956177181e-33,5.83352863068161e-20,1.38484548521593e-18,1.15623394157659e-21,3.52159597540005e-19,-1.25E-40,5.03982351618442e-36,0,4.18038743523404e-42,0,0,-1.76E-24,2.0732152207488296e-22,1.00663697006805e-08,9.18980676265878e-05,-3.46E-32,1.07117486420722e-30,6.99099266100613e-08,3.22889297011912e-05,4.64888560983476e-19,2.22920771232889e-09,-2.86E-34,-3.31E-31,1.47056244328436e-39,2.56484846843861e-30,-2.41E-21,1.66904395209758e-06,2.3861543606963e-09,0.0055163071740315,4.72485271397979e-19,0.00076740872792,2.3009069755428097e-42,3.16400514373997e-10,8.28064590126644e-27,0.0008368173739503,1.70116620660638e-07,0.0002160564034861,1.1960668514509701e-17,-9.71E-15,-1.77E-45,-1.50E-34,0,4.045218580669109e-42,0,2.62743462060903e-47,0,-9.95E-35,0,9.79703386199474e-22,0,0,-6.06E-42,2.5820853382556003e-22,0,0,0,-1.96E-32,1.72817609475876e-41,-1.46E-37,-6.92E-43,2.45473567215038e-42,3.86387444207211e-48,1.43853103221751e-47,-1.09E-39,6.3424867106612796e-40,1.6112189498590596e-40,6.57250249899281e-38,0,0,0,0,0,0,0,0,0,-1.75E-42,4.15152994388812e-35,1.95861880734892e-37,-5.35E-42,0,0,0,1.43769582703455e-45,2.34359206235233e-43,4.7228724014149e-42,-7.71E-38,0,2.13445782085956e-45,1.32818724009917e-45,-6.74E-40,1.4336521259732998e-44,-4.99E-38,-6.46E-45,2.2142221374081e-42,0,0,-1.21E-43,8.430934278302609e-43,-6.06E-46,1.97894936073496e-42,0,-1.24E-43,0,-1.88E-45,0,-6.67E-41,3.81409928353299e-42,1.24481760260052e-36,2.28906845382864e-43,-4.54E-39,8.5682198157431e-43,-7.51E-37,0,0,0,0,-5.99E-47,2.07039876295646e-46,0,0,0,0,0,0,0,0,0,0,0,0,0,0
0,5.59380234937499e-42,0,2.63119346842106e-48,0,0,0,0,0,0,0,0,0,0,0,-1.77E-48,0,0,0,0,0,0,0,0,0,0,0,0,0,0,0,0,0,0,0,0,0,0,0,0,0,0,0,0,0,0,0,0,0,0,0,2.54623765545221e-46,0,0,0,0,0,0,0,-8.18E-38,0,-4.76E-35,0,1.44840358103901e-42,0,-2.98E-47,0,-1.43E-42,-3.48E-49,8.27716208645486e-44,-6.49E-49,-1.38E-43,0,0,0,0,0,0,0,0,0,0,0,0,0,0,0,0,0,0,0,0,0,0,0,0,0,0,0,0,0,0,0,0,0,0,0,0,0,0,0,0,0,0,0,0,0,0,0,0,0,0,0,0,0,0,0,0,0,0,0,0,0,0,0,0,0,0,0,0,0,0,0,0,0,0,0,0,0,0,0,0,0,0,0,0,0,0,0,0,0,0,0,0,0,0
-7.44E-41,3.0645684729787603e-25,-7.21E-44,-4.85E-33,0,-3.96E-38,0,0,0,0,0,0,0,-2.24E-48,2.7874699663889798e-40,-3.65E-34,0,0,0,0,0,0,0,0,0,0,0,0,0,0,0,0,0,0,-5.01E-42,3.63418981360815e-41,-3.78E-49,4.25618264910597e-45,0,0,0,0,0,0,0,1.7883309257235002e-47,5.97815589268468e-41,-5.38E-38,0,0,1.52089137640686e-38,2.79968090017044e-36,0,-4.11E-41,0,0,0,0,4.71727097107743e-32,-1.62E-21,-6.93E-32,-3.06E-23,4.2233658252535896e-48,6.102975943821431e-31,0,2.3609282141662905e-35,0,-1.00E-33,3.01480353089381e-29,9.05753534204562e-25,-1.66E-29,4.6660196209442e-27,0,0,0,0,0,0,0,0,0,-1.34E-45,0,0,0,-2.24E-46,0,0,0,0,0,0,0,0,0,0,0,0,0,0,0,0,0,0,0,0,0,0,0,0,0,0,0,0,0,0,0,0,0,0,0,0,0,0,0,0,0,0,0,0,0,0,0,0,0,0,0,0,0,0,0,0,0,0,0,0,0,0,0,0,0,0,0,0,0,0,0,0,0,0,0,0,0,0,0,0
1.15189886153719e-16,0.0005114881894191,-4.08E-16,0.0003172704126198,1.33417299371548e-21,0.0001011976566807,1.01462707936698e-34,4.0886586165634695e-12,2.26324425054363e-38,1.27301251592178e-18,8.050149808106791e-46,-3.26E-28,6.516831324495889e-36,2.17869133762919e-12,5.58019565411059e-06,0.0006058794628159,6.622746284875359e-30,6.97809220440251e-29,8.91046344245163e-16,8.460897766611979e-11,-1.61E-35,1.8373409172904498e-33,-1.12E-36,-1.95E-33,6.38265972346057e-44,-6.20E-37,-5.05E-46,6.4351752451674e-35,5.6533866616279e-47,-6.98E-33,0,-5.80E-33,2.27737062009194e-33,2.74486008542156e-14,3.02972417035579e-07,4.82337338155441e-05,-7.46E-18,-2.90E-17,-1.49E-30,-1.04E-21,8.22446102589239e-38,-5.92E-28,1.04291797445836e-42,-2.35E-33,6.11607210104742e-30,-5.44E-25,1.2155956277181e-28,2.31339253616106e-21,9.46762006444026e-31,9.83952660918159e-27,-4.52E-33,3.9471974619234e-19,3.24456113120884e-36,9.61632170825075e-24,0,6.71952499764826e-34,5.943088898347798e-41,-7.81E-30,-1.98E-19,0.0002427180431363,-2.44E-19,2.00454469112537e-05,-7.75E-30,5.29880148154146e-07,-6.69E-38,5.84494567716717e-07,1.04954930326246e-36,-6.42E-17,7.88062961946563e-11,2.33605185840424e-05,1.87646772405454e-07,0.000284304143727,1.3851101705789802e-23,9.95080837593003e-13,-6.58E-32,-2.21E-20,7.10360595975567e-34,-1.43E-24,1.07218991890595e-36,-4.31E-17,-2.33E-41,-1.03E-16,2.58994852355754e-48,-1.14E-25,5.21021029582528e-48,1.75417569137859e-23,0,-3.99E-34,0,-1.26E-30,5.30264689727217e-47,9.09895763049569e-36,0,-2.47E-43,9.89465713846792e-33,-6.15E-30,-1.02E-29,-3.35E-28,1.41242810441817e-36,-9.00E-33,0,-1.31E-45,4.50634045500831e-44,2.98770675577147e-42,8.88759441260889e-43,-4.65E-41,0,4.62913219111076e-45,-2.17E-33,-4.39E-27,-2.02E-26,-8.22E-34,3.56963281875913e-38,3.35044098672434e-37,3.96520038396997e-39,8.57882587633165e-36,7.416384802290291e-23,1.11608189078975e-18,-4.62E-24,-9.30E-17,8.637918541616379e-27,4.41171406864112e-21,3.23974782349898e-25,-1.49E-17,1.49549280316407e-26,-2.47E-17,2.67862684320743e-25,4.3020054718575e-20,-1.27E-30,-8.82E-27,2.6726791680358704e-23,-3.59E-20,1.35504951138758e-24,6.73466820615639e-21,3.5664890579135096e-36,2.32615526637189e-26,1.3342750040950199e-34,8.87370034966865e-26,8.397207875884549e-33,-1.73E-23,4.39052000981157e-25,6.68194228791617e-18,-4.57E-24,-1.14E-17,1.48951236178327e-26,-8.70E-18,-1.30E-30,-3.51E-30,7.03263504462822e-26,2.93878851506071e-25,3.72047888926376e-15,1.0617747988078299e-16,4.1851480724787e-30,3.87359598083563e-27,8.566398313908941e-35,2.16087049027994e-32,1.94255995837009e-35,1.7278873987299398e-30,8.37079514745872e-36,2.5831540530851497e-30,-1.98E-31,-2.39E-28,1.30902357275807e-36,1.0137566203188499e-34,1.1682767587377196e-28,-2.58E-35
7.22365681027007e-05,0.0011196720410261,4.6123060614004e-05,0.0006296151218365,3.23348340055001e-14,0.000140456748179,2.8263619360049e-31,1.20893206441168e-14,-1.24E-35,-1.38E-22,0,1.32216339068918e-39,1.21551901707632e-29,-2.29E-20,0.0011838117746761,0.0022372498979024,-7.45E-39,-5.44E-38,1.53831004764709e-21,-8.55E-19,-1.17E-46,7.020243381320731e-44,7.83898614081283e-44,-1.02E-43,-9.55E-49,-6.37E-46,0,-9.46E-47,0,1.63290893369938e-42,0,-8.66E-46,-2.57E-28,-6.23E-20,0.0001897084490443,0.0002066592179234,1.0535761241558598e-11,-9.39E-17,-9.10E-24,6.73931577996386e-26,-9.74E-32,-4.64E-33,7.13064736556326e-42,4.96912311377079e-37,-6.09E-27,2.1569800584011497e-30,-1.17E-26,-4.68E-26,-1.52E-27,-1.03E-27,-6.43E-27,-1.38E-23,-1.73E-30,2.83098859785547e-29,0,-1.45E-43,3.2826030484300703e-35,2.7505297845747098e-36,5.46013397453323e-07,0.0003308748070291,8.813323699217711e-10,7.78640450147232e-06,7.61329311102726e-20,2.18353746009178e-13,2.4920475951397493e-28,-6.31E-17,-5.67E-30,1.95793895546361e-21,4.3218399384561e-05,2.18117103822074e-05,0.0031435580068578,0.002930795732902,2.18477507577526e-19,1.06326019536163e-17,6.13285331608388e-32,-3.98E-24,-1.51E-32,-1.89E-29,1.29345119777756e-30,1.01231463386814e-24,-3.31E-34,1.9147306694756598e-26,1.36313080187239e-49,3.70854822660697e-32,1.7163864217955096e-40,3.19669721647074e-31,0,-1.70E-40,-6.75E-46,5.73999673877777e-39,-1.43E-46,-1.12E-45,-1.24E-47,4.81551550683186e-47,4.78435083440229e-32,-9.90E-34,-1.74E-28,-1.59E-30,5.6805836667016e-39,-2.28E-41,0,0,3.2595784032038903e-45,-5.08E-48,-3.03E-43,-6.36E-44,0,3.2168172294248903e-46,3.13810064020051e-35,-2.17E-29,-7.94E-28,3.55728756172065e-38,1.2003403462805e-43,8.881320100344098e-43,-1.20E-42,-9.26E-41,-8.73E-25,2.2402508933902e-26,-4.65E-20,2.24648416921252e-20,-7.95E-28,1.20359961263631e-25,-3.39E-23,-4.94E-22,-6.20E-22,1.16430665910057e-21,3.49465357590127e-24,7.71585355195586e-26,2.4193227596517697e-33,-3.01E-32,3.5410124249163404e-23,6.35914803639145e-24,3.7492392915739e-24,2.11392116917221e-25,-5.85E-31,3.27241929618481e-28,-3.68E-30,2.44002270737733e-28,-3.18E-28,3.8553441592616e-26,-1.06E-20,3.7862613788219103e-20,-1.48E-21,-5.64E-21,-1.21E-20,2.55939808877231e-19,3.1279574595422995e-41,-6.40E-41,5.52114232220653e-33,1.49360868739271e-31,1.8701569983212105e-17,-2.87E-19,-7.66E-38,2.06387302679338e-36,-3.46E-38,-1.45E-37,-2.71E-36,8.4759140987998e-35,1.40543555128032e-37,4.04086296363136e-35,5.49297424538538e-33,-1.80E-33,2.07774635824496e-38,-1.63E-38,9.47418242044081e-33,-3.56E-38
4.52733343763294e-15,1.1846483153181e-06,1.4764001481021e-22,2.90409794244405e-13,-5.17E-35,-1.87E-22,1.0124988904081e-48,-6.35E-38,0,6.93165542664997e-44,0,0,1.49279961187887e-36,1.83152068563409e-28,5.8836534124514e-20,8.95058063566447e-12,0,0,-7.86E-39,-4.20E-37,0,0,0,0,0,0,0,0,0,0,0,0,7.39379777351289e-38,5.39240870077812e-31,9.44356809035845e-18,-4.00E-19,4.61709397205686e-24,1.07583203148008e-25,4.57254638711019e-38,-1.28E-35,-3.20E-42,-3.56E-39,0,0,8.221485229581869e-33,7.91877437846447e-33,-6.89E-29,3.86377134845023e-27,-2.24E-36,-2.53E-36,9.144216863277299e-27,-2.82E-24,2.39581510039992e-25,7.38064933968184e-29,1.3852635351820796e-40,-2.44E-42,1.94679934963385e-39,6.5040528470445e-40,8.8868155909782e-06,1.42845564353585e-05,1.11436778854586e-06,8.65011945515427e-09,-5.67E-17,1.8768053275451105e-17,2.6401888488464e-28,-1.14E-21,2.2404889349121704e-23,-5.42E-21,3.19759778004463e-05,5.15021435873479e-08,5.40942916576464e-05,9.63431040599e-06,-5.31E-38,-2.09E-35,-1.58E-48,1.2944660678826098e-42,0,-3.13E-48,-8.32E-41,2.81614019288967e-32,-5.94E-34,1.1312647309087e-28,0,6.93841728411952e-48,-2.66E-31,1.38078428261981e-32,0,0,1.95801746840745e-41,1.1249520254569e-40,-1.28E-48,8.66550693101166e-48,0,0,1.24394861746217e-43,-3.35E-41,-4.03E-37,-4.39E-38,-1.70E-43,3.38048616999584e-45,0,0,0,0,0,0,0,0,-7.18E-45,-3.12E-38,-1.67E-34,6.965560997814729e-42,0,4.90166129496335e-47,5.637407615099841e-47,7.31928215741088e-46,1.7024866407478802e-44,2.95928757511505e-43,1.14455335897554e-38,-1.19E-37,0,1.5470335046146e-46,-4.31E-42,-1.66E-41,-1.28E-40,-2.14E-39,-1.85E-42,-1.84E-41,0,0,-7.01E-41,-1.96E-40,-3.88E-42,-3.06E-42,1.38911326028721e-45,-2.34E-40,-1.12E-44,3.61682508897311e-43,-7.53E-43,-1.21E-38,-6.81E-39,-2.09E-36,6.85911138780344e-40,-3.99E-38,7.9019896824451e-39,-6.85E-37,0,0,0,0,1.6305759459308e-39,1.89562128617799e-42,0,0,0,0,0,0,0,0,-6.04E-48,-5.25E-46,0,0,-8.66E-45,0
1.9307765964895502e-24,4.543245461025551e-15,2.44726431466362e-26,3.88073517416825e-24,-9.81E-44,-7.58E-36,0,4.38218783518304e-48,0,0,0,0,-5.16E-42,8.157417639147709e-36,2.32086410751237e-24,2.44385644910344e-21,0,0,6.61542139324467e-48,5.33284683851824e-46,0,0,0,0,0,0,0,0,0,0,0,0,4.0685969340352193e-42,1.30895786766626e-37,9.817969640840092e-17,4.25979539825471e-18,6.2808361971306e-17,2.3932541748748e-15,4.0438603542062696e-33,-2.41E-34,1.23152133768569e-39,-1.53E-38,0,0,1.74474646713833e-06,2.74027410964356e-07,0.0031389038368391,0.0019942668803316,-1.92E-13,5.08490073881129e-17,0.0003359696331894,0.0009795772988466,9.15631649714403e-08,0.0001204766275488,-1.00E-18,1.29591820190663e-17,-9.14E-22,-1.56E-19,3.60051878051928e-09,7.24972130028852e-05,1.09481685268637e-05,0.0006225667206821,6.10364236116915e-16,6.46277374980314e-06,-9.49E-38,9.866550909677912e-23,9.26932272613168e-21,8.28810048357192e-05,0.0003932270939874,0.0007132414383485,1.39425003091549e-06,1.54631054886409e-05,-5.35E-38,-3.80E-37,0,1.97853648333896e-47,0,0,4.01884614576889e-44,1.81898923566415e-38,2.76466589703642e-41,1.0479803617921101e-23,0,0,-8.10E-27,2.50972937062978e-11,0,0,-9.09E-42,1.88101773229756e-25,-1.88E-21,3.63372790068275e-23,-4.28E-24,-2.28E-25,-2.12E-38,-1.56E-39,-3.69E-26,-2.43E-29,-5.40E-21,-1.61E-22,-1.60E-32,4.76343373056739e-34,-8.05E-34,-2.21E-34,-6.75E-41,1.27486332244557e-43,0,0,3.91314780440887e-42,-1.22E-36,-1.98E-24,-5.75E-21,-1.28E-22,-7.81E-33,-5.71E-39,1.20236999357384e-40,-2.12E-44,-7.17E-47,4.15801988921444e-37,8.57131647799201e-41,0,0,-1.40E-41,3.4899172319682e-43,9.15819664153876e-39,2.1647561812753493e-40,4.62599985467824e-42,-4.55E-45,0,0,4.1683430216101e-40,9.512361541991398e-43,5.05452285398601e-41,7.1919732819929e-44,5.9410993152693e-44,-9.99E-43,1.3075351111972e-44,-4.43E-43,1.15303634831727e-40,1.54725166755199e-40,6.81195445791627e-36,2.53600988770426e-37,1.46046666889801e-38,3.39517950636942e-40,7.53008210548127e-37,5.57874795993128e-38,0,0,0,0,1.2239618274686998e-43,4.27225141562444e-48,0,0,0,0,0,0,0,0,7.24809550512836e-47,0,5.8387436013534e-47,0,1.8074856543216704e-44,0
1.66954496370203e-05,0.0004924465578284,1.22923666601648e-10,3.5367616053811e-07,-1.28E-22,1.35278540846139e-14,5.36531948362351e-37,1.70242247708672e-24,-3.09E-41,-1.05E-28,0,-8.82E-39,2.54486178271168e-29,9.67777706973649e-11,5.52457614064483e-08,4.83643400032793e-05,-1.74E-34,-1.06E-34,-8.79E-29,-1.25E-28,1.28773189663992e-42,-1.18E-41,1.38277566701821e-40,-1.74E-39,-3.17E-45,-2.15E-42,0,-5.70E-43,-1.49E-46,-5.22E-41,0,-2.98E-47,-1.70E-29,2.2487330540867e-13,0.0001760803714533,5.83046600251466e-05,3.82530625137419e-05,8.46945766348842e-05,1.4783028361019601e-19,1.4231159417358601e-15,4.0120150018930893e-28,9.97236419781726e-22,-3.07E-39,2.43273651964193e-33,1.28016533626288e-07,2.68464858687242e-06,9.4743691250851e-06,9.37332278745082e-05,2.71158018935344e-11,6.34336952567719e-10,1.5498690572223e-08,5.36786497317254e-05,7.837821686183319e-18,2.41077897441649e-06,-2.93E-32,2.7945869735372e-25,5.25640831258464e-29,1.0425411774614701e-19,0.0001794379774786,0.0010987119065055,3.90595324745097e-05,0.0010298111689504,1.57513258150726e-13,0.0002701062463772,-6.49E-27,0.0001023106064835,2.77184320111344e-20,0.0002594905805963,0.0012682997518859,0.0008597934428098,0.0025617888892385,0.0037611674952109,8.70232115200678e-23,-2.82E-18,2.52996706204984e-33,7.41352419932318e-22,5.02068170228953e-33,1.93258295096367e-25,5.3719630135525296e-30,6.031291940136241e-15,-2.18E-29,1.11188651761742e-10,-1.30E-46,3.32582515376622e-35,-1.32E-26,3.04358796371392e-10,0,2.1994601254284504e-44,1.43077750880367e-35,-1.24E-22,5.08185418017586e-26,2.3032131005763096e-26,4.15106122989565e-28,6.52574720458376e-28,-8.79E-24,2.4778860950140202e-23,3.00694201733012e-16,1.25626644831284e-16,-2.47E-21,9.07762451424729e-21,2.34898323915479e-32,9.31146294579016e-32,1.94420910643405e-29,2.7910870252592397e-28,1.28825158935803e-31,6.75703646923445e-32,-2.23E-44,4.20337267229282e-39,1.16640883142611e-25,2.10110980192732e-18,4.23352067344164e-10,1.15114952894571e-17,4.181853547463541e-23,1.11854003024943e-25,-8.05E-28,-7.00E-27,8.9570296992358e-25,1.1700977488907901e-23,-7.70E-22,1.23858098121358e-20,1.89480424767214e-28,-3.56E-28,3.91224818509964e-25,3.04675138720662e-22,5.44014172008695e-24,9.41248898028122e-20,-3.97E-25,5.80958579595048e-22,2.91171167344738e-27,4.9373195960822486e-28,7.6466309666158e-22,1.10645522288389e-20,7.24921880772244e-24,7.95586743219046e-22,-1.70E-28,4.93057545690562e-22,2.7046657271715e-27,3.65462783414773e-23,8.12694464833865e-26,1.56125788524101e-19,9.929874665586252e-20,9.46865421327902e-18,-5.51E-22,2.10781452536687e-20,1.17795411041908e-22,1.1037934161754e-17,4.80469781070809e-39,2.19438960057469e-39,5.74850132064762e-39,1.29375816250404e-38,9.48971987825045e-24,6.54206199473653e-26,-1.32E-34,-8.79E-34,1.56276742508519e-29,-4.42E-29,5.46186848088686e-31,2.86833578228729e-29,3.58215808084939e-31,3.52304702786185e-30,-1.43E-25,-2.20E-25,-4.04E-29,6.51449810961239e-29,-1.50E-23,4.68149828660105e-28
1.35269931920798e-08,0.0001218317136715,5.14521362993804e-07,7.33832620475221e-06,1.29248961789798e-23,3.852925225426031e-14,3.06972948902555e-41,1.21359307322873e-22,-2.69E-45,-4.81E-28,0,1.1653966095517498e-36,-1.02E-34,5.35868865883214e-09,0.000160193517814,0.0005151292346895,-7.06E-41,3.2378735089218303e-35,-6.86E-23,-2.93E-22,0,6.27908377284664e-43,0,3.52711403455178e-37,0,-3.26E-41,0,6.27464568224449e-41,0,3.89284583170374e-37,0,-6.03E-40,2.82641834674735e-33,8.076078524716129e-11,5.1182744221546e-09,1.48425838522348e-05,-2.11E-15,6.25717541740452e-08,1.54536183313311e-29,6.725157778599199e-13,-2.03E-41,4.58261755068998e-20,0,4.87114389766039e-29,1.682509668765e-23,9.1470659437829e-09,2.7739854191589996e-20,1.66207088132897e-05,-3.51E-28,1.35104254382036e-16,-1.50E-20,0.0002222353198218,-5.61E-26,2.00348476619194e-05,5.305128351920471e-47,-1.62E-20,1.00841600726883e-44,-1.36E-19,2.84579326080388e-09,0.0002993546716028,3.34070056890314e-12,0.0011530331666977,3.70619469675416e-24,0.0020303447605103,8.73688527093327e-36,0.0005201271021638,-1.82E-29,0.0005705862545806,3.23917335518261e-06,0.0001093028733511,0.0003898288047092,0.000805044462599,6.390448498333588e-29,7.98888920925831e-14,4.20150822554786e-41,-3.55E-21,-4.96E-41,5.75436502985999e-24,1.45489156394494e-39,7.01261634878216e-11,1.04325194083683e-37,5.27868973619428e-07,0,-4.01E-31,-8.74E-38,4.95243091913908e-07,0,1.72411533995742e-35,0,-2.00E-21,2.90194888210231e-43,-6.05E-28,1.0230718058276401e-44,7.11493917914828e-33,-5.11E-37,-6.38E-32,-2.52E-32,3.02036665019993e-27,3.5831038888193e-38,-5.56E-27,0,-2.64E-38,1.85651624844305e-49,-3.31E-39,0,-6.63E-44,0,-2.08E-40,-4.11E-38,6.38840682214673e-30,5.57314950708477e-24,1.7677690948804802e-31,-7.07E-39,3.37835622809489e-41,2.1193129253016e-43,3.21466469436597e-42,-4.35E-31,1.11074722293023e-26,9.44463796124583e-29,2.49977626999276e-19,4.51886558188397e-34,4.21281536795078e-24,5.268868975384861e-31,9.44652969223989e-21,9.704211483109073e-31,1.28602789077146e-18,-2.88E-31,1.99962143958825e-24,8.98533425244923e-37,-4.33E-33,7.58410077549863e-30,5.40081881698109e-25,-2.45E-31,3.5584338802084204e-24,2.15750857539924e-39,-4.59E-22,1.31123379830949e-38,2.22294014637538e-24,1.4380096354142098e-36,-1.72E-19,-4.61E-29,-1.43E-16,-6.34E-29,1.07165901059002e-20,7.22201133854171e-30,-1.40E-16,1.88876877672088e-43,1.0459732032067496e-40,7.056629598441559e-36,5.18016498215281e-35,-1.17E-24,4.82613193211246e-24,-1.41E-39,-1.06E-34,9.704433965246547e-41,4.72354085353865e-38,4.85619145382404e-42,-7.07E-34,8.914830027934479e-43,3.44031492849277e-32,-3.28E-37,3.39017959620014e-34,1.13008882404195e-43,-9.89E-41,2.4074132741696798e-34,1.69841254394992e-41
9.54164177969289e-07,9.69731702121101e-06,5.51619554106464e-12,3.37710981598198e-11,1.47587654071435e-26,1.37532007073549e-23,5.0927853813448594e-42,-4.97E-38,-5.86E-46,6.50200695921482e-44,0,0,-6.52E-33,3.88627380638768e-33,1.8121450419728495e-11,1.34547291264468e-08,0,0,-5.90E-34,8.45250665107884e-33,0,0,0,0,0,0,0,0,0,0,0,0,-3.54E-32,-1.37E-33,6.79118737429008e-13,4.37846395953598e-18,-1.37E-21,-1.75E-22,3.37120142926477e-36,-7.28E-37,-5.33E-40,-1.67E-42,0,0,-1.15E-22,-1.29E-21,6.7590602016125e-10,8.71195222971041e-06,7.595836797795219e-28,1.72041299614381e-28,1.372174093728e-07,1.86516446697256e-05,1.4506829183758698e-11,1.37420852787809e-07,-1.88E-31,3.20979821187205e-27,4.10109291565726e-32,5.21232559462269e-29,5.75269063750818e-05,0.000178069297494,0.0013946570811473,0.0011646495570344,2.45705776287697e-06,1.52676577822342e-05,-2.40E-25,-1.29E-19,1.906117253459e-06,1.96889985296391e-05,0.000650506859984,0.0003871115548734,0.0002175917203169,0.000219134418337,3.67814255472402e-32,-5.95E-34,6.8256461978592894e-43,-7.95E-42,1.7946663779450102e-45,7.33804954755808e-46,2.4340103290837997e-34,-1.69E-34,-1.85E-31,-8.35E-27,0,0,-2.43E-23,1.85864656565048e-22,0,0,1.65029613705312e-37,-3.27E-33,5.454175802659e-37,1.3971830057911802e-35,1.29168132883486e-37,1.15625959323123e-38,8.482363562680891e-44,1.7507083439084797e-42,2.35210473377276e-35,8.62291367148905e-37,2.4986988534789403e-35,-2.74E-36,-4.61E-47,1.6400965172341e-48,-1.81E-46,-9.75E-47,0,0,0,0,4.36855636360255e-47,1.30157150439185e-39,1.3374555418303602e-31,-1.22E-34,3.05899608553655e-36,-6.50E-46,1.10734792439461e-47,-3.75E-47,6.07894920980173e-41,4.56841930269927e-41,-6.43E-35,-1.27E-36,1.14099006369994e-42,-7.80E-43,3.6336127879122e-38,4.95087523407766e-39,-4.64E-36,-5.04E-38,-2.35E-39,-2.08E-40,0,0,-7.64E-39,-2.59E-39,-1.85E-39,-2.62E-39,-1.72E-40,4.4957824819442e-42,-5.57E-41,5.807263554273269e-42,-2.66E-38,-1.11E-40,-1.96E-34,-2.03E-35,2.52499519379398e-37,3.33716073288874e-38,-2.33E-34,-7.45E-35,0,0,0,0,9.29112824057791e-37,1.26646009408413e-38,0,0,0,0,0,0,0,0,-1.15E-46,-1.61E-46,0,0,1.5660457162116504e-44,0
5.5069853074519496e-11,0.0004789819057383,1.31626457598396e-10,7.80935438173237e-05,-6.63E-24,7.04806008497305e-11,-2.17E-36,-5.42E-25,-5.67E-41,9.8491287663677e-33,0,2.00414540092222e-49,9.18093012965794e-24,1.40220293768484e-16,2.38879155640735e-05,0.0004067600190575,-2.15E-37,-3.03E-38,3.66353880700628e-24,-7.90E-23,1.0962870461512002e-47,3.8306523440655e-46,-8.00E-45,5.49468877705889e-46,-2.35E-46,0,0,0,2.01266743718611e-45,0,0,0,-6.03E-25,-1.25E-19,0.0001715541569579,0.000291487211034,0.0002874568220997,0.0003793308252242,2.4960401727644e-15,1.41292536611258e-17,-1.74E-23,1.71435373580695e-24,-1.54E-38,-1.08E-38,9.72938135906801e-15,2.47070932178696e-08,9.17903790342014e-10,4.76025385812714e-05,-4.27E-18,-1.04E-16,4.94133667057441e-08,0.0002531152334399,1.29037313344341e-08,2.36942603665403e-05,-2.95E-34,5.91022085308508e-23,6.5774476749034e-26,7.39348733865319e-21,3.85166519743574e-07,0.00062502597675,0.0001021806424025,0.0012286783777921,3.1216584683836103e-09,0.0011340271704906,4.50754489301951e-25,1.47486514655733e-05,1.66083488117091e-13,0.0010573486388959,0.0008419733539718,0.0010054805911858,0.0003205879732035,0.0013842211804103,2.48373940485768e-20,-1.45E-18,-1.31E-29,-3.25E-27,-8.21E-32,-2.25E-31,-7.47E-27,9.604841285224901e-20,5.1584627917033796e-26,9.52459321314424e-08,1.2812066406798601e-45,2.64474586700208e-41,7.143731614823199e-27,1.53541660481322e-07,0,-2.95E-49,-5.55E-37,3.3107045690558706e-21,4.1824051716481895e-34,2.5380759971314696e-30,1.83757580255722e-35,-7.50E-34,4.66288259623022e-24,5.86967621719204e-25,-1.80E-18,-7.98E-20,-4.73E-26,1.32810653844343e-24,3.48672919157132e-38,9.56672753706754e-38,1.28131255248665e-33,-1.38E-31,-8.41E-31,-1.09E-31,-1.74E-38,-1.14E-39,2.39686172005383e-27,2.6333566043604006e-21,-3.52E-16,-2.78E-24,-9.48E-29,-9.47E-29,-3.63E-30,-7.21E-30,-4.96E-24,-2.35E-25,1.35975310319779e-19,5.553120727687161e-21,-1.67E-27,3.53234145357695e-29,-4.47E-22,-9.02E-24,-5.94E-21,-3.33E-22,-6.59E-22,-2.41E-24,2.9380901662538696e-30,1.15964547787363e-30,-1.11E-20,-7.11E-23,-1.74E-21,-8.32E-24,1.31212646375702e-27,-1.90E-25,9.8517580205035e-26,-2.43E-26,5.06805835488091e-24,-1.00E-22,3.0576386777718804e-20,-3.46E-19,-9.04E-20,-8.04E-22,6.34668085950203e-19,2.7602681691706104e-20,1.1343839742586e-43,-5.05E-45,-2.04E-39,1.1798740388373e-39,-2.59E-22,-3.46E-24,-4.92E-35,-1.11E-36,6.181109078606701e-32,-5.07E-33,1.9612974481762e-30,3.90153047530027e-32,5.2531082343957305e-31,2.65272989625482e-33,7.81335625250379e-28,9.28363680697556e-30,-1.67E-30,7.34143226501494e-32,-3.72E-26,6.141821546129829e-30
1.87358841925839e-22,2.90576118066533e-08,-1.37E-23,1.2592930493949e-13,-6.36E-39,-2.41E-20,0,7.58855454986359e-32,0,-6.71E-38,0,0,0,4.93403255394959e-34,8.91300306831553e-22,5.4540082565005403e-17,0,0,-3.18E-38,-2.12E-31,0,0,0,0,0,0,0,0,0,0,0,0,0,-2.51E-36,-3.29E-27,-1.27E-26,-1.32E-35,4.50026464081499e-36,0,-9.07E-48,0,3.09474042474562e-49,0,0,1.46763916303556e-40,1.2569274434235e-39,-7.37E-33,5.35005696263069e-31,9.3224808336645e-47,-1.17E-44,3.4179707432828904e-31,-1.74E-28,3.60909418645536e-35,5.6616919601086695e-30,0,2.33785891419206e-46,0,-1.19E-46,5.98491076726818e-18,2.21269497241814e-07,1.03462009555249e-16,1.5029268875148002e-10,2.33548051416915e-31,7.54460406230674e-14,2.78920872676118e-49,1.46817749458407e-16,7.48137858914309e-37,5.672556706730591e-23,5.36223575170629e-13,5.72394581879672e-11,1.74301164048368e-13,1.42056759752498e-10,0,-1.46E-40,0,2.41711207047909e-45,0,0,0,6.37900320804193e-39,0,-1.49E-28,0,-2.04E-46,0,1.85988211649971e-32,0,0,0,-1.21E-41,0,0,0,0,0,0,0,0,0,0,0,0,0,0,0,0,0,0,0,0,5.26803933956698e-49,0,0,0,0,0,0,0,0,-5.14E-45,0,0,0,-2.82E-46,0,-2.75E-45,0,0,0,0,0,0,0,0,0,0,0,0,0,0,0,5.29368899597301e-44,0,-9.21E-47,0,6.712219644115872e-44,0,0,0,0,5.26934546502307e-47,-5.49E-47,0,0,0,0,0,0,0,0,0,0,0,0,0,0
4.05384439410924e-12,0.0024815629442686,9.87965495255944e-10,0.000326408157996,-4.70E-24,2.45720083050579e-06,8.73485215783042e-39,-2.11E-17,4.35618547919447e-43,-1.98E-22,0,-3.52E-28,1.7332734127033498e-33,2.46192230936614e-05,7.51479211890573e-06,0.0008769579018733,-4.55E-34,6.1476483840710096e-27,-2.96E-22,-1.25E-20,-3.23E-42,2.6653523027154e-38,2.4326868228084697e-42,-6.71E-29,-9.87E-48,-2.21E-32,0,-3.21E-33,-8.65E-48,-8.39E-30,0,2.15389832578925e-34,-3.10E-32,1.31930280155936e-05,1.40945788643776e-08,0.000224151947384,1.91367892018484e-14,1.36110677044249e-07,-8.06E-25,5.25626177544669e-07,1.09469954899448e-32,1.99225154888632e-14,-4.71E-41,-1.80E-22,-1.15E-18,5.89369195281846e-07,2.05790714423374e-12,7.30113332726533e-05,1.66245676832331e-23,4.57625956978589e-13,3.1743458940030003e-16,0.000347746493413,9.7700477760894e-25,0.0001442441914295,-3.65E-35,1.67871606209343e-19,1.60256794158369e-35,-3.49E-17,5.56448732943438e-10,0.0036563682752251,1.60276995588859e-10,0.0063468043713447,1.5964377624637701e-21,0.0002861654417467,-1.99E-33,0.0005393500102192,-8.01E-26,0.00011499198469,1.36570506179966e-05,0.0017934685286075,5.44436377450826e-05,0.0038870898391917,-1.74E-25,2.48367544193177e-08,1.7629008021802002e-32,7.71087793146758e-08,2.37033077846183e-34,2.6959495398468703e-15,6.73685182703455e-32,3.7374622472386e-05,9.5944289956593e-38,1.4168105259468e-05,-2.32E-48,-1.40E-23,1.83154634784139e-33,5.48515190344831e-08,0,-1.53E-29,-3.82E-44,1.59185964558288e-19,-6.58E-36,-2.92E-26,-7.59E-37,1.06203390287687e-29,-3.29E-29,-3.31E-22,-2.31E-25,3.29289118424322e-20,-4.37E-31,7.4522795760761e-22,-1.72E-43,-1.47E-31,-1.16E-39,5.934722787179891e-31,6.0107439139445196e-40,7.63764115504325e-33,-9.73E-48,4.35243864534638e-27,-1.55E-28,1.01471689016838e-23,4.78111641996639e-20,-1.64E-27,-2.18E-33,7.11862096943641e-34,-4.15E-34,-4.80E-33,-9.79E-29,-1.78E-22,1.38156071251696e-24,6.95859809318862e-14,9.21827693018967e-31,-9.56E-21,-8.81E-27,2.5924318202896296e-11,-1.54E-25,1.15104942646942e-06,-1.79E-25,4.24452674996601e-14,-1.97E-29,-3.99E-25,-7.77E-22,4.44830212024988e-18,-7.40E-25,1.76690446555927e-17,2.73548991513021e-29,3.20240871741509e-09,-5.33E-28,2.10910945892124e-12,-3.57E-26,4.89833336342057e-07,-1.20E-21,9.26393488557068e-07,-2.97E-23,3.2164190025283702e-09,-4.73E-25,9.75092344676413e-06,-3.61E-38,4.22240898651125e-36,-3.51E-33,-7.09E-30,6.83133821047055e-22,5.2646431093242e-24,-1.71E-33,-2.29E-29,2.20579945243285e-32,1.3726878060173e-28,-6.12E-33,2.06186721212424e-24,-1.09E-33,2.7338639166946e-23,-3.34E-28,8.85217477768935e-25,6.05136175293731e-32,-7.98E-29,-2.18E-24,6.929761231754739e-30
-5.19E-28,7.85654971460581e-20,-2.09E-28,-8.45E-26,4.72980982661222e-47,-6.36E-31,0,3.55777309801839e-44,0,0,0,0,0,-7.87E-45,-5.55E-26,4.1815649420509995e-24,0,0,-9.71E-41,4.8237679077714194e-36,0,0,0,0,0,0,0,0,0,0,0,0,0,1.5496421365015802e-45,1.00856716836536e-30,1.45897791543245e-33,-4.15E-40,1.16809715557391e-39,0,0,0,0,0,0,-4.13E-43,3.78647071810649e-43,-1.24E-39,-1.26E-32,-2.68E-48,1.46222448451285e-47,-1.40E-37,-2.99E-30,-2.99E-38,4.3027633407589e-33,0,0,0,0,-7.29E-20,-2.64E-16,-3.64E-19,-6.98E-17,-3.55E-35,2.67111621571822e-24,0,-1.60E-33,3.42756499343092e-43,3.00984274142748e-25,-5.50E-18,1.9804992883969498e-18,-4.73E-19,1.51988369491775e-18,0,1.79474627464814e-46,0,0,0,0,0,0,0,-9.91E-41,0,0,0,-7.89E-40,0,0,0,0,0,0,0,0,0,0,0,0,0,0,0,0,0,0,0,0,0,0,0,0,0,0,0,0,0,0,0,0,0,0,0,0,0,0,0,0,0,0,0,0,0,0,0,0,0,0,0,0,0,0,0,0,0,0,0,0,0,0,0,0,-1.59E-47,0,0,0,0,0,0,0,0,0,0,0,0,0,0,0
2.1632468811946e-24,2.63460075289385e-07,-1.03E-27,-6.13E-17,-4.95E-42,-4.48E-26,0,4.1421418320601e-32,0,-1.26E-37,0,-1.00E-48,4.11312302281576e-47,-7.75E-19,3.24443688296191e-23,9.1950429557829e-15,0,0,2.33741535814282e-40,3.5194930307421504e-35,0,0,0,0,0,0,0,0,0,0,0,0,6.03357788729738e-48,-1.31E-20,5.1178024833413104e-17,4.30913103210111e-11,-6.15E-22,3.45468404765197e-16,4.01096589465562e-41,-4.36E-25,-5.01E-48,1.76495625116532e-27,0,7.77868264322775e-43,-6.36E-23,2.43611068696912e-10,1.64570918264931e-18,4.79373695095295e-05,-3.84E-28,-1.82E-19,1.08225476118062e-20,0.0006782849919945,1.37583866365588e-29,0.0005913741313455,2.45408862098576e-41,5.9643573500395305e-21,-8.25E-45,-9.69E-20,4.8114247851715494e-18,0.0002206975457013,5.15024944642642e-18,0.0010868417767889,6.40063653223623e-27,0.0004300991856274,-2.96E-41,3.95473684202657e-10,1.81687534574468e-32,0.0017365259615416,1.10508782323051e-10,2.24705217977228e-05,8.21930681313696e-10,3.130744442089e-05,-1.26E-43,-7.90E-27,0,-1.57E-30,0,9.67882101071326e-36,7.784991468471209e-49,-6.56E-20,-3.76E-47,2.21374693218907e-09,0,3.25354561410995e-43,-2.41E-41,8.35922020399034e-08,0,0,0,7.866887895905821e-23,5.186074234641248e-41,-1.59E-27,-4.76E-41,-8.16E-34,4.3413205272974804e-44,-2.34E-38,-1.27E-34,-1.80E-30,-2.94E-36,-4.21E-25,-6.14E-47,1.81720987879914e-34,9.70401043061184e-45,7.81080326522395e-35,0,-1.35E-43,0,-5.22E-44,4.3124372164701115e-44,3.87651916101526e-38,4.11271708763158e-29,6.91342166973628e-32,-1.53E-36,-3.58E-39,6.07250072147338e-42,-1.01E-43,3.49414682013461e-45,7.13883859204109e-41,-5.54E-43,-4.76E-34,0,-7.15E-40,1.61550152477538e-45,-2.39E-34,-5.92E-45,-6.09E-31,-1.57E-45,-8.31E-38,0,0,-2.23E-42,-6.56E-38,-4.76E-45,-3.85E-37,0,-2.41E-33,0,7.535541967918069e-36,0,-5.17E-31,-3.24E-41,-1.77E-29,-2.49E-42,-6.06E-33,-8.85E-43,-5.91E-29,0,0,0,0,2.68793770847759e-41,-5.92E-41,0,0,0,0,0,-1.27E-44,0,-2.11E-43,0,4.78257975879748e-44,0,0,1.7146969722244902e-44,0
1.40533242184162e-21,7.095104087980841e-10,1.90611251023043e-22,3.1578051122067907e-15,-7.36E-40,2.04495661826991e-23,0,-4.86E-38,0,3.822235371903e-44,0,0,0,5.396967941982371e-35,-2.44E-21,2.9950144046858402e-15,0,0,1.31673323933432e-34,-1.37E-34,0,0,0,0,0,0,0,0,0,0,0,0,0,-5.83E-39,-3.70E-29,2.1412698884385895e-26,-2.29E-36,-6.00E-34,0,1.22898130321116e-41,0,-1.21E-45,0,0,-6.83E-48,-7.25E-42,5.5082269517304405e-46,6.11700107259061e-41,-8.36E-50,1.2550173745791e-43,-7.94E-47,4.36516613000786e-40,7.25327535898604e-46,-1.74E-42,0,0,0,1.5770172848611802e-46,-1.04E-22,6.83147473844905e-14,1.86713215255895e-27,4.42429577981668e-21,-9.85E-38,-3.01E-21,0,-7.76E-23,-1.92E-46,-3.35E-31,9.95769889104725e-23,-8.09E-25,-2.39E-18,1.86447486184729e-12,0,7.39281281254249e-41,0,1.71308283849098e-46,0,0,0,9.96773613881288e-39,0,-2.15E-32,0,0,0,2.15783297635758e-36,0,0,0,-5.02E-46,0,0,0,0,0,0,0,4.5550337712300604e-46,0,0,0,0,0,0,0,0,0,0,0,0,2.889624938539281e-44,0,0,0,0,0,0,-1.59E-47,0,3.61213872897728e-43,0,0,0,1.06191196820439e-44,0,-5.42E-44,0,3.3443877430186603e-47,0,0,0,2.6205384667491704e-47,0,1.01912615587259e-47,0,0,0,0,0,-2.80E-46,0,8.29989080419589e-43,0,-3.70E-45,0,-1.20E-42,0,0,0,0,-9.18E-44,3.806576011321381e-45,0,0,0,0,0,0,0,0,0,0,0,0,0,0
2.99316860543628e-11,3.04677170288514e-05,7.39552745795719e-14,3.74816016983965e-10,7.34460037093138e-27,-6.73E-21,-3.49E-39,-6.85E-30,-6.64E-44,-1.01E-34,0,0,4.31674680870481e-34,-6.27E-27,-9.67E-08,-3.42E-05,7.88835479333393e-44,3.1944326332732298e-43,2.17246274475266e-29,1.45160290051539e-30,0,0,0,0,0,0,0,0,0,0,0,0,2.03771622683012e-32,3.3316754671448e-28,-0.000179102,-0.000408325,-4.59E-10,-5.10E-12,1.7634473476282e-29,7.68979685714331e-26,-6.87E-40,7.7536770526678e-35,0,0,5.59263251211372e-26,4.80868328430423e-24,5.57621191367044e-20,4.30955236983414e-19,8.99481329351237e-29,4.0505931260051e-27,-1.13E-18,-7.66E-17,7.02364191408571e-27,3.08458074474544e-21,2.90561563388431e-42,-7.63E-38,-2.60E-42,1.21329323791421e-33,7.19823919030378e-06,0.0009772057085662,1.93554102482168e-05,0.0011173731003197,-8.40E-20,-1.70E-07,-3.48E-32,-4.62E-11,1.06539978011157e-27,4.1762781288442197e-16,0.0005814873825866,0.000353019828402,-7.64E-05,-0.000732309,2.6890052594428998e-27,-1.16E-23,-1.24E-40,3.0166600367262203e-35,-1.70E-42,-1.93E-39,2.5132321272073e-36,3.72144204316819e-29,4.71223306437698e-37,-6.18E-27,0,0,1.94820198745948e-38,-3.51E-26,0,0,0,9.19087834967654e-37,2.0127313353653501e-44,-1.51E-43,-1.25E-44,-2.67E-42,1.20680476917596e-36,1.07115034368761e-34,-8.23E-30,1.4442650427787799e-28,4.31373872272103e-35,-1.28E-36,-2.10E-47,-1.14E-45,1.39311122766918e-43,4.6458689054444e-42,2.1668524872686703e-46,2.33338279051022e-44,0,0,6.09598860683068e-39,9.644563849228709e-30,-1.90E-25,5.77666264216876e-35,5.40233815089514e-39,3.92871139056373e-39,6.47008493360789e-41,3.73681863947408e-40,-9.21E-31,-2.84E-29,-1.44E-26,-2.08E-25,7.132729489189871e-35,-1.21E-32,-6.22E-31,-8.58E-28,-3.05E-30,-5.94E-27,-3.27E-30,-1.19E-28,-5.57E-38,5.70805356115464e-37,8.430181397235599e-30,-1.18E-27,-3.19E-30,4.0467654491847495e-30,2.817056927503e-39,1.82755338731689e-34,8.02495497391418e-39,2.70608844325395e-34,-2.43E-36,-2.42E-32,-1.69E-27,-8.40E-25,-3.54E-27,-9.03E-26,-8.25E-30,-1.28E-24,2.51983305386778e-45,3.04410859579652e-45,5.72698893136061e-42,-8.50E-42,3.2149056472883603e-23,-1.92E-25,-3.50E-42,-4.34E-42,1.57590814761893e-42,8.737915145705919e-42,-9.77E-44,-3.41E-41,2.0567764283431105e-44,1.63760462018968e-42,1.33689546339336e-38,-4.53E-37,5.605193857299271e-45,-1.63E-41,1.03184195562764e-35,1.34048426681691e-41
-2.23E-23,8.55640086942919e-05,8.35057344690108e-23,2.08415248089459e-09,-1.89E-38,-3.36E-21,0,2.68902297816566e-32,0,5.17822604974664e-38,0,0,2.2338512968740803e-47,-2.46E-29,3.6806085342650397e-16,5.20905954304555e-08,0,0,4.4395178456943096e-34,-4.63E-31,0,0,0,0,0,0,0,0,0,0,0,0,3.57018116549925e-46,-4.19E-30,7.30700900999051e-13,1.71600493785953e-08,-1.78E-21,-5.18E-18,-1.10E-40,-1.19E-31,0,4.03525698662122e-38,0,0,-3.68E-25,-1.64E-22,-1.14E-21,3.78193791580166e-13,4.707345115022111e-31,-7.24E-28,4.36924595886106e-25,1.21402714424341e-09,4.6458373663964e-30,1.90629860760507e-15,3.0900045839256103e-47,1.77752682948176e-32,5.31024753696065e-49,5.86614857502932e-33,-1.89E-17,0.0007494019181193,-3.38E-18,0.0012661396357857,-6.21E-24,8.28601857570398e-05,-1.11E-42,4.0356133037647695e-12,2.49657696005409e-33,2.22791163131685e-06,1.81615601556598e-09,8.99689177016204e-05,2.72287654512378e-09,0.0001390893299425,-5.88E-41,-1.08E-28,0,8.61273895208827e-38,0,-3.52E-41,7.784991468471209e-49,-6.42E-33,1.52580407700873e-49,-1.85E-25,0,0,-1.49E-45,-4.53E-24,0,0,0,1.47169386528861e-36,3.94295133165001e-42,-1.30E-39,-1.38E-42,-5.52E-43,-6.33E-44,-2.94E-39,-6.04E-39,7.343844719160898e-35,1.0089361133877e-38,-3.56E-37,0,0,0,-1.14E-48,0,0,0,0,-1.34E-43,-1.34E-36,4.98289251925673e-31,2.66914940509317e-34,-4.99E-39,1.88137293821387e-46,0,-1.88E-47,2.15388946287622e-41,1.35591875866883e-36,4.929105373788829e-40,1.5980198666698102e-31,-3.58E-45,2.05676109967043e-37,3.68077303976247e-42,9.473878930993189e-34,-2.12E-43,3.43946628384371e-32,-1.03E-41,-2.65E-35,0,-5.58E-43,1.34176392071739e-40,-3.59E-35,-1.39E-41,-3.84E-35,0,5.28847078699839e-38,0,9.69450902060734e-39,2.2601588134271204e-47,3.4903897242686804e-35,2.23233073148569e-40,1.00299285514759e-31,-4.28E-40,-3.41E-33,2.15357834196156e-41,5.582988987515431e-31,0,0,7.85017680373353e-47,-3.15E-44,-1.90E-35,5.67115970469084e-35,0,-7.05E-48,0,3.4493500660303203e-46,0,1.3656432033992198e-43,0,1.18313676183398e-43,5.04346645565182e-46,8.727459835625369e-42,0,-2.91E-46,-7.72E-42,0
2.50129285681811e-37,1.3474874816556101e-17,-2.83E-39,6.115027201647231e-25,0,4.5715617284553e-27,0,-5.36E-38,0,-3.31E-43,0,0,0,3.1120556989932e-29,9.87225698958158e-36,-4.84E-28,0,0,0,2.1234530970058e-46,0,0,0,0,0,0,0,0,0,0,0,0,0,1.11661233759886e-32,1.57740892985427e-33,3.38968158841475e-30,1.52204595769255e-35,5.73929387480607e-32,0,1.85222439735375e-36,0,3.74222521884829e-39,0,0,-4.31E-29,1.60197163891877e-22,2.69976795435765e-21,8.11033147312695e-13,-7.07E-38,-9.96E-29,1.2214554776914699e-26,3.70007368643497e-07,-9.89E-36,1.51012977943726e-06,-7.64E-45,5.48488524852078e-26,0,-7.34E-28,2.04702035371485e-32,-4.04E-15,2.23736337916136e-28,1.45582023645448e-09,-1.10E-36,1.42067234341884e-07,0,5.76803728554207e-09,1.51811531258785e-41,8.2970853818759e-07,1.0846733992072e-24,8.738457799518589e-16,-6.18E-27,-3.80E-23,0,2.6321757693976996e-41,0,-2.17E-43,0,0,0,9.80071741585869e-34,0,5.777117985299372e-19,0,-5.96E-47,0,-3.15E-17,0,0,0,-5.86E-28,-2.02E-49,-1.74E-34,0,2.4348774189374305e-39,0,0,0,-2.11E-45,-4.14E-49,1.77149459860603e-35,0,-1.08E-47,0,-3.79E-49,0,0,0,0,0,0,-5.54E-45,-1.51E-44,-8.22E-47,0,0,0,0,0,0,0,0,0,0,0,0,-2.26E-46,0,0,0,0,0,0,0,0,0,-6.39E-47,0,0,0,3.3081634334256504e-45,0,1.29014141046554e-44,0,0,0,-1.72E-44,0,0,0,0,0,0,0,0,0,0,0,0,0,0,0,0,0,0,0,0
-1.83E-42,3.59801971283913e-28,-1.13E-46,1.8692479203707701e-37,0,9.1142853647925e-37,0,2.9346885905387204e-45,0,0,0,0,0,2.41630155903536e-29,3.44168725633652e-43,-1.35E-34,0,0,0,0,0,0,0,0,0,0,0,0,0,0,0,0,0,-1.96E-33,-2.36E-33,2.90146503685491e-27,2.57129421172078e-30,-3.46E-28,1.94370020360076e-45,-2.64E-35,0,1.7349538460140696e-40,0,0,-6.19E-24,-2.97E-21,3.73215152099103e-14,8.35422753462402e-06,-9.57E-31,6.49905528363288e-29,1.38352391487159e-16,8.26759217909731e-05,-3.92E-28,2.9367340239531e-06,1.14562418078257e-38,2.97382054379628e-27,7.210929265729161e-44,2.92591739842702e-29,-3.82E-34,6.81871156761024e-19,-1.88E-19,2.93540737674617e-05,-8.09E-30,5.5177203419672e-09,0,-1.39E-17,3.2583470141703696e-36,2.01979623223224e-05,-2.16E-17,2.88723121698541e-09,2.5050678405559e-30,-1.90E-26,0,3.03566296627506e-38,0,7.04121233934588e-41,0,-2.30E-45,0,-5.89E-32,0,1.02534643033311e-21,0,-5.65E-46,-1.15E-42,1.00398307436725e-17,0,0,0,5.07110925806006e-32,-2.74E-42,6.30454321504336e-37,-3.95E-43,4.36509328523096e-42,3.34869118312916e-47,1.97764169140914e-44,3.02012495427078e-39,-1.43E-38,-7.51E-41,-4.28E-37,0,0,0,0,0,0,0,0,0,2.33979598504114e-41,-5.48E-34,6.84174720583477e-37,6.35095650305693e-41,0,0,0,0,0,0,-5.80E-44,0,0,0,-1.87E-45,0,-2.69E-40,0,-2.01E-44,0,0,0,8.48226924763546e-46,0,9.17213540285335e-47,0,5.37509538989185e-41,0,1.64684528996826e-42,0,-3.86E-39,0,1.85498887882437e-39,0,1.26384949619525e-41,0,-6.88E-39,0,0,0,0,0,0,0,0,0,0,0,0,0,0,0,0,0,0,0,0
1.05215772425614e-08,0.0019467448895985,3.94229122866757e-07,0.002224457839366,-6.73E-22,0.0006034744945518,-1.11E-30,3.4545910103609902e-09,6.47941302469339e-34,5.55406648708721e-11,-1.74E-45,-1.88E-25,6.31309724852201e-39,-1.88E-21,0.0003296715538264,0.0039852874814211,-9.23E-34,9.39047342306017e-31,1.11382160191582e-07,0.0002670925394924,3.94218293306848e-33,5.51912367384924e-26,-1.37E-38,-3.14E-29,7.77628289392398e-44,7.459942547283319e-30,2.08110219562966e-43,1.51486644888022e-25,-5.50E-47,-7.12E-29,0,-7.75E-29,5.10386197966876e-36,2.1125129229438502e-20,7.51673862154661e-08,0.0003385805493502,-6.94E-20,-3.80E-21,2.23613867309108e-36,8.78659972734704e-24,1.94414812835294e-42,-1.09E-30,-9.44E-44,4.807690978501629e-30,-4.65E-37,-3.69E-27,5.44955930623493e-39,3.71405232378553e-25,2.3508886349714e-39,3.6702393140478e-30,-6.85E-42,-9.54E-25,-1.53E-39,1.39382405602904e-24,0,8.10803921964282e-38,2.27392385600565e-45,-9.76E-35,8.93697984192344e-14,0.0018161939162786,-2.96E-20,7.25276572048113e-06,-3.84E-31,4.80277533634538e-06,-2.43E-37,2.50834847928147e-09,8.223493978577e-40,2.38523800759958e-16,1.36323545313137e-11,1.37895469944774e-09,0.000257634975757,0.0013324502051959,-2.21E-26,5.2604728524274703e-14,9.19198702240572e-35,-1.96E-20,-4.58E-35,-4.37E-22,-1.00E-39,1.0181139037333201e-23,-1.82E-47,-1.08E-25,0,-6.04E-30,0,-2.17E-26,0,1.00760614138964e-36,0,1.25981956603069e-37,0,2.3822206191337602e-45,0,-3.72E-48,3.44276096983511e-39,3.30712172622826e-32,-1.65E-37,1.53357908427998e-32,-7.76E-48,-1.67E-38,0,0,0,-4.87E-47,0,-7.05E-46,0,-3.68E-44,2.3468916332487003e-36,2.08031902200758e-32,-4.20E-32,-5.18E-42,-3.07E-46,1.06539049911115e-45,-1.37E-46,-8.92E-44,-5.67E-27,7.17552817123322e-21,-9.47E-27,1.52083774667801e-17,-1.18E-29,8.07844189441693e-20,-5.88E-28,1.6851260508773e-18,3.67928358728752e-30,2.3682586822417097e-18,-4.98E-29,-2.40E-22,-1.90E-33,-8.23E-28,6.77629267851988e-28,3.78699249251121e-22,-4.40E-29,-1.94E-21,1.03072477674228e-39,3.16821151115862e-28,7.88982564250505e-38,2.44233736158461e-26,2.54773796257859e-37,-2.60E-25,1.26783350469777e-28,4.26156579726882e-19,-5.24E-29,7.13518443693076e-19,-1.93E-30,6.13081992217489e-18,-1.10E-30,1.20781226702935e-25,1.38470409526379e-19,2.085066471385e-10,1.8702087559341903e-15,4.1666743878605205e-09,1.10999632686125e-34,2.80203459141119e-27,3.86683577802114e-38,1.99167574561605e-33,-1.18E-39,-1.46E-29,-4.46E-40,1.7960897063670597e-30,3.20423188005444e-36,3.93702376621787e-29,-9.36E-42,5.23527406410642e-37,-8.55E-32,-2.43E-38
1.19736219107545e-16,0.0008148558829637,-1.34E-15,4.74736168241969e-06,-1.00E-35,4.1853675098993005e-16,0,9.72876675714026e-24,0,4.31668389998446e-29,0,1.71350423488048e-44,-8.77E-45,-3.38E-19,-7.14E-14,1.33764367544585e-06,0,9.67344012166409e-46,-2.92E-32,2.30186512930531e-26,0,0,0,0,0,0,0,0,0,3.65311765432272e-47,0,0,-2.35E-43,-1.07E-19,-2.21E-11,2.73160648962685e-08,3.22830191446017e-17,1.9317455284232e-14,-3.70E-38,1.75589828118324e-24,1.03700384821583e-46,2.0526367769718093e-28,0,4.97251529932257e-40,1.0615046672802e-23,8.02402646536622e-21,-1.26E-19,2.89284107226386e-11,-8.09E-29,2.27107305073728e-25,1.1416167035043602e-19,9.14232435804558e-09,-6.84E-27,-4.50E-18,3.76381731242148e-43,5.14447147676653e-32,-2.81E-44,-1.60E-27,4.85502950404191e-10,0.0021794604987846,9.097342656091968e-12,0.0016151319769784,2.34229517776599e-22,0.0007923218882065,-2.29E-39,8.37300689605154e-05,-5.65E-30,2.31027067752056e-06,2.39776967889417e-05,0.0009421098567678,5.41314020469848e-05,0.0014742798897678,-2.94E-38,-2.70E-23,0,6.19052110584405e-28,0,-1.67E-33,-2.73E-46,-5.36E-21,1.67151836636306e-45,-2.60E-19,0,-9.20E-40,-2.33E-42,-8.36E-21,0,-1.58E-47,0,1.9817771407163497e-30,-1.13E-39,1.2140243937131901e-37,1.5744850932024099e-40,3.479874681820209e-40,3.74721505695892e-42,3.9617156396902e-35,5.85611926447268e-36,-2.89E-30,-6.00E-38,5.85541431970224e-34,-3.59E-48,5.7013523880854e-42,5.84802618259562e-48,3.539197382119e-41,0,1.87132454146937e-43,0,4.92437432038674e-46,-1.50E-40,2.23231917436642e-33,-1.02E-28,-6.96E-33,-1.45E-36,-1.70E-40,3.0302676619051696e-42,1.23177841573705e-41,-3.95E-40,-3.68E-33,4.6246871729553503e-38,3.39693701999304e-27,-5.84E-44,6.72710373153419e-34,8.56469260374936e-41,-8.18E-30,-7.46E-41,4.45033415333653e-27,7.417072337936019e-40,8.81570393402544e-32,0,-2.15E-40,4.97810652272238e-38,5.31273332123878e-32,7.8805648314964e-40,1.97117317103811e-31,0,-1.23E-31,0,7.57897388641882e-33,3.27723027946933e-46,-3.17E-29,-1.75E-38,-6.22E-26,1.84321130427988e-38,1.7891852471652599e-28,-1.11E-39,6.177280659071101e-26,0,0,1.90806788503559e-46,-1.99E-42,-1.47E-32,-4.68E-33,0,-2.15E-44,0,-1.59E-43,0,-1.34E-39,0,-2.47E-39,6.30584308946168e-45,4.08736028138463e-39,0,8.1777663210503e-44,6.4588157416373686e-40,1.07792189563447e-45
1.7947473946598e-15,0.0008389906632796,1.85437918258988e-14,4.17690013836933e-05,-7.98E-35,1.19573447953536e-17,0,-1.16E-33,0,3.97392262872962e-37,0,0,0,5.7108359077713696e-33,3.73286929297958e-11,7.83271857747608e-05,0,0,2.2297098364713897e-30,7.87398989673801e-25,0,0,0,0,0,0,0,0,0,0,0,0,0,-1.13E-33,2.3883797231796e-19,1.47370500849432e-17,3.74619302831904e-29,-2.28E-26,-3.81E-43,-2.19E-36,0,-1.39E-40,0,0,2.49518471498194e-36,4.06620690716939e-35,-3.01E-34,-4.07E-31,1.34634089219494e-40,-3.22E-37,6.33499481426503e-34,-2.51E-29,-1.34E-36,-4.86E-34,0,8.855526190121439e-49,0,-2.59E-43,2.57045196351339e-09,6.52745228249129e-05,2.89818631448099e-12,1.11259913625472e-11,7.76056557722721e-32,-1.85E-18,0,-4.37E-21,-3.40E-39,1.47078317844563e-26,3.35523742626151e-06,2.4222992650092203e-09,7.85773264930125e-05,0.0010660757367807,-1.32E-43,2.08712149928721e-32,0,9.21097354281422e-40,0,5.56506292136782e-43,0,1.24469022821402e-35,0,-1.90E-32,0,0,0,-7.94E-36,0,0,0,-4.43E-45,0,0,0,0,0,6.21106928028029e-46,-9.00E-44,-4.62E-41,2.37823676796567e-48,3.2241574694493003e-46,0,0,0,0,0,0,0,0,0,4.6620293366317e-43,-8.95E-38,-2.29E-45,0,0,0,0,-4.05E-45,3.35102056081705e-41,-3.87E-43,5.97848201734198e-36,0,-4.60E-42,-1.03E-44,1.0149733233992598e-36,2.05045231862228e-45,-1.45E-36,2.63210561549011e-44,-2.66E-42,0,0,3.65591762850023e-43,3.56233309669876e-41,2.3017274099821804e-44,9.21676752328671e-41,0,1.41618325948182e-40,0,-1.32E-42,0,-5.20E-38,-1.00E-42,1.26290481885962e-34,4.25947320800688e-43,2.35089842283758e-37,-1.09E-43,2.068116482526e-34,0,0,1.55047976016801e-46,-9.84E-43,-3.12E-37,-1.60E-38,0,0,0,0,0,0,0,0,0,0,0,0,0,0
-5.73E-12,7.55222231111934e-05,-3.73E-15,1.68659429897846e-10,-5.79E-26,5.25690359910032e-22,-3.93E-35,-2.20E-26,-1.45E-38,1.23133838128592e-29,0,1.15734787368836e-43,9.22501213730724e-22,4.6991856773047e-10,-3.59E-07,9.34919936071048e-05,4.40329829251149e-34,4.44314786723297e-35,1.14452499989862e-27,1.25376429094561e-29,2.5667539145078498e-43,-6.08E-41,-2.80E-40,-6.57E-43,5.95093240567905e-44,-5.13E-46,0,-2.97E-48,-1.96E-44,3.0348977435911803e-46,0,0,1.00400496477454e-20,1.1889778131066e-11,-8.75E-05,0.0023763776784624,3.91691973136643e-05,0.0028314051552014,-5.20E-15,-7.98E-15,-1.17E-23,2.17602130913074e-21,-1.40E-37,-4.93E-36,1.06472696310721e-07,4.86524227320383e-08,-0.000153036,0.00192248209277,-4.36E-16,-1.93E-17,-0.001037951,0.0014721636414515,-8.11E-09,0.0005540803679583,-1.77E-23,-1.00E-20,8.16285656371324e-25,-2.42E-20,-8.06E-07,0.0015703597488162,-0.000653457,0.0037958232354212,-3.99E-10,0.0032763593571735,-1.36E-23,0.0006246512473112,-4.76E-17,0.0036785248939556,0.0014969413045905,0.0041543825195578,-0.00054367,0.0062958876886845,-3.17E-17,9.46427790671258e-13,-7.67E-28,1.6795815455312502e-23,2.116434360328e-29,3.41298062620441e-29,6.62644193709724e-23,-5.12E-13,-3.45E-24,2.92297951935677e-06,-1.89E-44,-1.01E-36,-1.57E-23,6.24216769208601e-07,0,2.87099139076476e-43,2.24037997921816e-35,-4.34E-21,-8.27E-28,3.87623851070276e-27,1.04700403461728e-28,3.86830219149093e-30,-1.35E-20,-3.65E-22,-1.48E-17,-7.42E-19,-2.03E-22,-1.90E-23,7.41340329925309e-33,2.1227137331416493e-34,-2.80E-30,-2.86E-30,-3.29E-30,-3.56E-31,-1.17E-36,3.5937045679086302e-37,-5.78E-23,6.54991816804255e-19,-1.45E-15,-9.86E-22,-1.91E-26,-4.95E-28,1.45924701427107e-29,1.0859252600293199e-26,-1.83E-19,1.32324257839825e-20,-4.51E-14,-1.78E-18,-4.99E-23,9.37781861105965e-24,-3.72E-19,2.17504306278032e-20,-1.95E-17,1.4359669530679798e-18,-3.06E-18,-5.48E-20,1.05486664557649e-25,-3.78E-27,-4.17E-16,-5.90E-18,-5.25E-19,-4.38E-21,-4.30E-24,-1.64E-22,-8.68E-24,-3.80E-23,-2.54E-21,-8.30E-21,-5.58E-13,-7.39E-14,-1.89E-14,-3.28E-17,-2.24E-14,1.16713405907903e-16,-5.74E-38,-1.04E-38,-3.68E-35,-1.25E-35,-1.50E-19,-1.05E-21,1.03556250370928e-31,1.44869866047508e-35,1.8297265812237e-27,1.00445429202226e-28,-1.05E-27,-1.39E-29,8.13038157707655e-29,9.866854053319109e-30,-6.42E-24,5.766687297733101e-26,-4.09E-25,-8.48E-27,-4.09E-22,-2.17E-25
4.4264783458251687e-11,0.0005514068781351,-1.38E-13,3.07955232971975e-06,2.1699769880674502e-24,3.36146085754638e-15,-8.88E-33,4.7422410060354e-20,-1.40E-36,5.547675318685051e-25,2.67646806724598e-37,-2.68E-28,-1.67E-18,0.0001180959009788,4.75940936874973e-06,0.0006952108662722,-3.33E-20,2.6735603297845003e-20,-5.47E-25,-3.79E-25,9.09729499219496e-27,-4.70E-27,-1.68E-23,-2.24E-23,-1.28E-26,-6.57E-25,-1.90E-38,1.62788390424237e-31,-1.24E-27,5.38278381621306e-25,-2.21E-45,3.51354994503582e-30,1.82844193251855e-18,3.10571812048936e-05,0.0010090774507275,0.0016980056705002,0.0032209506282699,0.0021992801184507,4.6460515638149e-07,0.0007784066142815,6.767349077389621e-09,-0.001134614,-1.95E-20,-1.55E-15,0.002011709357132,0.0028291921868704,0.0022345131410135,0.0022966587839338,0.0009876294214229,0.0025622903212729,0.0013704496930532,0.0025441819605074,0.0001826699199551,0.0034986376087856,1.50443217316452e-05,0.0021215824110717,7.67047888042461e-08,0.0003431540713796,1.1597587454464e-05,0.0016201547984682,0.0001876439285498,0.0022179391323271,2.1133547453344803e-09,0.0013302172907679,-9.63E-23,0.0017139894809428,1.3489376094525702e-15,0.0014126732079937,0.0022037161789003,0.0020489252751907,0.002062266808001,0.0052311587085168,1.76168089102742e-13,9.78432766672037e-06,-1.06E-20,1.79677542481162e-07,-5.85E-21,1.09408871487735e-10,-2.61E-18,0.0007925293518038,-5.53E-21,0.0010764560294405,-1.15E-27,1.9969782802053e-21,-1.06E-19,0.0025261036295877,8.931188873883259e-33,3.92642321599457e-23,-2.50E-21,0.0004426317790729,9.30704945442466e-08,6.82537020531095e-10,2.49791604827774e-11,-4.34E-16,-0.00030748,-0.000913409,0.0001887555590128,2.93540579724651e-06,0.0003746431128737,2.46777307173641e-05,-2.55E-16,-1.27E-19,-5.71E-14,3.562017748080431e-15,1.75020638291411e-14,-5.23E-15,1.0735633541453e-20,-2.45E-17,-0.000461005,-0.00061765,0.0010431471741256,0.0010743539914175,3.21811423977564e-08,-2.40E-12,3.2031966224430097e-13,-3.29E-10,1.07061151098531e-12,2.4313938094819203e-09,3.2549495266993e-09,0.0001581179934792,-8.88E-15,1.11842476072923e-12,1.30857552992176e-11,1.64126440236729e-06,2.72057428504718e-11,0.0006340644801876,-2.85E-09,0.0002592936354894,-6.44E-14,1.06025104467484e-10,6.26880509808232e-07,0.0002933699185237,2.27688681368844e-09,5.7974632676894e-05,5.0194089779884e-13,0.002693947225513,1.033242457108e-10,0.0035432932123321,7.08319034882088e-09,0.0041331504288987,3.31563376389843e-06,0.0028843688783692,2.85553880042788e-08,0.0015137760141322,2.06695497231279e-10,0.0021440778888791,5.63603744531079e-26,7.24397859898956e-26,-1.54E-32,-2.32E-31,-1.84E-17,-2.66E-18,-8.34E-20,-3.18E-19,-0.000140796,-0.000231994,-5.42E-06,-0.000206009,-1.83E-07,-5.01E-05,-0.000245359,-0.00036035,-1.16E-05,-1.04E-05,-0.005344405,-0.000297581
-6.09E-06,-0.001197003,-3.96E-14,3.24905471495029e-07,-3.38E-28,-8.86E-13,7.138117177377141e-47,4.1957139159398194e-30,0,9.20862526071261e-38,0,0,-5.32E-38,2.99135955650571e-24,-5.83E-16,-5.97E-08,0,0,-7.57E-34,3.94812121374391e-32,0,0,0,0,0,0,0,0,0,0,0,0,4.67501877002889e-37,-2.20E-25,-4.13E-05,-4.75E-06,-4.54E-16,-7.95E-17,3.6128569616912197e-34,5.750512727383938e-29,-1.74E-41,1.40523814198033e-32,0,0,1.9512934216114906e-21,2.69529314207265e-23,-1.84E-19,-1.31E-18,4.2040487050848005e-26,-3.74E-26,2.10438878528584e-19,-2.48E-18,8.703255135001731e-21,3.4600711123602e-25,-5.18E-44,6.93661462194256e-41,3.83592726704179e-41,4.38088130345445e-32,-0.001004502,-0.005501237,-8.83E-05,-0.0002516,-3.99E-15,-4.36E-06,4.635117097820799e-34,-5.42E-10,2.8236341698721902e-24,-9.51E-16,-0.015071882,-0.007571793,-0.004991988,-0.00505326,5.99257975052851e-35,4.4841121501429195e-28,6.05054188185938e-47,3.95967796820077e-36,0,2.36661412790058e-41,-1.13E-39,-2.07E-26,-3.89E-40,1.12532101219614e-23,0,3.4908355578208298e-43,6.2643407018364e-37,-1.67E-26,0,0,7.115968764149459e-49,-2.63E-36,6.93875983372682e-39,-2.61E-42,2.52248559659489e-41,-1.34E-42,2.94619293448807e-39,3.8794720199367e-38,-3.07E-30,-4.42E-31,5.55355837174213e-33,1.59072790193716e-34,1.46017695364636e-43,6.461980277902361e-47,6.261486739124808e-41,-2.81E-41,7.67166564329726e-46,-9.57E-45,0,0,-1.44E-42,-3.39E-35,6.98499996330173e-27,7.482437400297931e-31,-5.80E-39,-8.91E-40,-2.02E-42,-1.49E-42,-4.08E-40,-1.06E-38,1.8279306107023e-35,1.12573291343081e-32,5.1654837211086e-44,-1.91E-40,4.28692707664997e-39,8.186594120176849e-36,1.26094312558324e-37,3.42758608149599e-33,4.73429198647006e-39,-1.17E-37,0,8.75811540203011e-46,2.73266012482075e-37,8.916830464282661e-37,1.51203029984604e-40,-2.01E-37,-9.15E-44,2.31763639156048e-37,-2.14E-43,-5.37E-38,-3.75E-41,-1.19E-34,1.52478570094141e-35,1.93103078148793e-30,4.825699842433349e-36,4.0837019542003795e-34,2.4967448406239697e-36,1.3442671069100498e-30,0,0,0,-1.27E-47,-9.63E-33,5.6994210562555e-35,0,0,0,6.46753137380685e-47,0,-1.99E-45,0,-8.43E-45,-9.63E-46,1.64153753438149e-43,-2.34E-46,-4.76E-45,-1.28E-41,3.23376568690342e-45
-0.029762639,0.0008471168017383,-0.020111259,0.0008184317863666,-0.000293149,7.98054357274617e-05,3.1051811306299698e-22,-9.88E-20,1.08260475913529e-25,7.87377112927501e-26,-2.23E-42,1.5837083212917199e-40,1.1812724366887301e-23,5.10716866475574e-20,-0.006812574,0.0020243896130904,4.34744182020719e-39,-1.63E-38,1.03751311712048e-10,7.656055445189261e-09,1.55916379897059e-47,-1.71E-44,2.7617401147096e-43,1.51605916574041e-44,1.01753377125404e-45,1.38211805056192e-47,0,2.70312203766361e-49,-6.14E-45,9.19211826865477e-46,0,-3.05E-46,1.37515333420074e-21,-9.76E-21,-0.002582154,2.21292352019287e-05,-3.15E-15,-1.86E-18,-2.68E-21,1.77399244606988e-25,3.25789024514948e-29,-4.95E-31,-2.12E-36,-4.73E-37,3.05228607881835e-25,5.332872990373281e-31,3.73178512891916e-26,-1.73E-29,1.58796518896807e-24,6.15675023100513e-28,1.0244265110836e-27,-2.46E-30,-1.19E-25,9.50363169214884e-34,-2.02E-46,-1.22E-47,1.36858494540261e-31,-3.74E-35,-0.010312449,6.23109605862435e-05,-8.88E-05,1.34372446468758e-13,-2.44E-11,5.0424265138928e-17,-5.84E-21,3.3202891444976904e-15,-1.09E-24,1.51401763738758e-26,-0.000754366,3.34063374738398e-10,-0.087756334,0.0014544895406534,-8.52E-17,6.01888581999348e-20,-6.43E-28,-4.54E-26,-2.65E-29,-7.61E-30,1.1549821379689602e-25,5.09065764034636e-22,-1.14E-27,9.82563816332961e-25,-3.88E-44,-4.37E-33,-1.41E-34,-1.56E-32,0,-8.22E-43,-1.54E-39,-1.22E-36,1.643955123101e-46,-9.88E-42,-2.59E-48,-6.71E-44,6.53645074179087e-29,-1.40E-32,1.58022411858245e-25,-6.11E-32,-7.40E-38,-4.20E-40,0,-3.07E-46,-7.86E-45,-1.18E-45,1.64099905970149e-39,2.34276051280584e-41,-1.53E-43,-1.10E-44,3.04148729110435e-32,1.068059946808e-26,3.60278248777995e-26,2.5650226849931197e-41,1.25221728221236e-42,-2.76E-41,2.36872314320924e-40,3.90292139997295e-37,1.54776111813437e-25,-3.92E-26,4.60448164529162e-19,1.16043129948016e-21,-3.81E-27,3.2724542153181e-28,1.01971105864714e-21,6.23200736506182e-24,3.83668266486768e-20,-6.63E-23,-4.80E-23,-1.01E-25,8.73379930582917e-31,1.18525347941026e-32,-2.22E-22,-1.98E-25,-3.26E-23,1.97709342788041e-26,-8.15E-27,1.67761302205337e-27,-6.10E-26,3.48625565178545e-28,1.01293336162157e-23,-2.87E-25,2.8055510855169803e-19,2.98724647243845e-21,-7.61E-21,8.039984136694761e-23,5.8649213045173e-19,2.51562752036098e-21,-8.38E-42,-1.15E-42,2.93808195426971e-32,1.61733199830787e-32,-2.47E-20,1.09815239933148e-22,-1.47E-36,-9.25E-37,2.97448626030561e-34,-3.93E-36,-2.10E-32,6.72888588082167e-34,-2.38E-32,7.673543600039939e-34,4.56280257461041e-31,-1.79E-32,3.659323861911229e-34,9.94836566604408e-36,-3.14E-30,-1.21E-34
-4.88E-13,-0.000123932,-5.35E-14,-5.17E-08,-9.87E-35,-6.56E-06,5.06249445204052e-49,-5.87E-15,0,2.96876417993966e-21,0,-7.24E-37,3.60607423638244e-46,-6.28E-17,-3.82E-11,-6.43E-07,-5.72E-49,3.89147273929888e-46,-1.33E-30,5.0653141462114695e-30,0,-3.89E-48,0,-2.35E-49,0,0,0,1.02718637431217e-47,0,-2.36E-41,0,-7.26E-44,1.0596848263184e-44,-1.93E-20,-1.57E-08,-9.35E-06,-2.51E-18,-1.40E-14,6.24928462966347e-38,7.6072221579935e-25,3.0022962880210803e-45,-1.53E-29,0,1.0464391715453e-40,-1.62E-26,7.931495053151e-22,8.70293856562469e-27,1.3340999196747101e-17,3.06821596870567e-28,4.94535413255443e-26,-2.66E-30,-9.57E-14,-5.53E-30,1.47553101499583e-22,0,1.90567620372625e-38,-4.32E-47,4.455967624755031e-31,-8.61E-13,-0.000154339,1.7763229730231402e-19,-0.000145768,-5.47E-24,-3.16E-07,3.86123034012457e-40,-1.30E-07,1.23943577237515e-31,-2.71E-12,-8.77E-08,-6.72E-05,-3.11E-05,-0.000611064,4.78724413426541e-38,1.2930770529295001e-21,-1.23E-48,-6.55E-28,0,3.56008139477748e-33,3.11399658738848e-47,9.810145156656581e-20,2.76933439977084e-47,-3.90E-20,0,-2.16E-28,9.99967307191781e-44,3.48990817366187e-26,0,-1.98E-37,0,-2.68E-33,4.35966401020549e-43,-3.63E-39,-1.07E-44,1.7404046519389e-40,-9.84E-40,3.51765361923702e-35,-5.65E-32,4.35175570042254e-29,5.33176748561804e-36,-1.82E-33,-3.92E-47,5.358392133385882e-44,-5.34E-44,1.30457305263015e-39,-2.02E-49,-1.60E-43,0,5.94450197601943e-45,-1.06E-40,-3.09E-32,-9.88E-26,-4.40E-31,9.1975010655624e-38,2.5399821899809996e-38,1.5586101929557899e-40,-6.84E-41,7.3150355133154e-38,3.02045811175463e-32,-7.95E-37,3.80059155913569e-26,-1.76E-42,-9.93E-33,1.19294659968525e-39,-1.71E-28,3.70525180257327e-40,2.6501712707116e-27,-2.42E-38,-1.14E-31,2.62743462060903e-45,1.21429045487835e-39,-3.37E-36,-8.02E-32,-1.70E-38,-1.05E-31,0,3.14571426142512e-30,0,1.43822180325381e-32,5.57694187213143e-45,5.0521134682656895e-30,2.33797848287907e-37,6.7092975946257805e-25,-2.54E-36,7.33488566238823e-28,5.19688738070539e-39,8.096587240665861e-25,0,6.53939283351581e-45,9.0149946982089e-42,-1.80E-39,-7.83E-30,6.6547393397702e-30,0,-1.10E-43,1.9736598089081902e-47,-4.57E-43,0,1.3333656426720199e-40,0,2.2495078571746198e-40,-7.50E-44,-4.92E-39,-2.04E-46,-2.43E-43,-1.07E-39,-6.12E-45
-5.95E-05,1.07307355025295e-12,-2.69E-09,-3.61E-21,6.79922552999701e-24,-2.21E-30,-1.84E-40,-3.77E-46,-1.05E-43,0,0,0,2.9838798629371504e-35,-1.96E-42,-3.26E-13,1.69553480920346e-18,0,0,1.87615236029274e-32,1.17878606738522e-36,0,0,0,0,0,0,0,0,0,0,0,0,-3.15E-35,3.3871541249010604e-44,5.41111349049042e-22,-3.40E-29,3.5651907239585e-30,6.7895094879899e-35,4.2030879154080494e-40,0,-3.87E-44,0,0,0,-3.53E-36,-1.26E-39,1.09373153428591e-31,-1.17E-30,-6.20E-40,2.5348956116959304e-44,-3.27E-33,-3.87E-25,-6.61E-29,1.01834513188063e-26,-1.41E-46,-3.89E-44,-2.43E-42,7.897399263274601e-45,-0.000435326,-2.29E-08,-5.72E-09,-4.71E-06,1.34754468518351e-19,6.45199948598703e-17,2.19673841800037e-31,4.32561744044261e-29,-4.79E-27,4.18534667954044e-20,-7.56E-11,4.93091495752639e-13,-4.19E-06,2.41245985296265e-12,4.9806379815278e-38,1.12982768914349e-45,-4.65E-44,0,5.38041219237344e-48,0,-8.97E-39,-1.31E-45,5.5321871149325e-39,-4.44E-36,0,0,1.51584379194106e-35,6.44760588479328e-33,0,0,-9.14E-48,-4.89E-44,0,0,0,0,0,0,1.03917180117741e-44,0,-3.62E-46,0,0,0,0,0,0,0,0,0,0,3.84127868510092e-48,4.6171362028881e-43,2.03018308510671e-47,0,0,0,0,2.86083270898521e-44,0,1.7832303196076299e-40,-3.65E-47,1.64336111505605e-46,0,2.46151959977992e-42,0,7.5500494419785e-42,0,-1.36E-43,0,0,0,-1.95E-43,-2.76E-47,-2.86E-43,0,-1.19E-44,0,7.10952897341267e-46,0,-1.08E-42,0,-1.34E-39,-7.57E-48,-6.35E-42,-1.02E-47,-7.30E-40,-7.01E-48,0,0,0,0,7.02140112394883e-41,-2.59E-44,0,0,0,0,0,0,0,0,0,0,0,0,0,0
-3.98E-11,1.38818353938301e-06,-4.84E-05,-5.06E-05,-2.76E-16,2.81476986572245e-10,-6.75E-34,-2.60E-28,5.15427331773029e-38,-2.81E-34,0,0,1.32990457687672e-40,3.75624174367925e-28,-0.012570875,-0.008390531,-4.56E-42,-1.15E-42,-3.49E-12,-1.04E-13,0,4.09257729066827e-49,-5.96E-47,0,0,0,0,0,0,0,0,0,-5.60E-39,1.93529465995714e-30,6.43787178584364e-16,-2.28E-17,-6.73E-33,-5.77E-35,4.6512108747462e-42,-2.69E-40,-1.24E-44,-4.76E-42,3.09703680654279e-43,4.23779777517586e-48,-7.87E-47,8.83489127235183e-44,1.03646336118699e-48,-3.01E-41,7.719181349661362e-45,5.22417181826137e-42,-1.28E-48,-2.31E-41,-2.00E-46,-1.80E-40,0,0,7.58606790994379e-50,-1.89E-43,-1.34E-21,7.10405976612122e-11,9.19419584333503e-30,4.12332423175848e-18,1.52371847338344e-37,2.13051818908566e-16,9.153485739048501e-45,-4.71E-17,4.62918290644388e-48,2.5255773217347997e-31,-7.05E-25,7.86615245463736e-27,-3.57E-07,-2.24E-11,-3.04E-26,4.89908213982931e-29,4.57262769861139e-34,-7.21E-37,-1.24E-34,3.67509874451207e-39,-1.21E-45,8.83614862208866e-33,0,1.86423725734461e-29,0,-1.76E-45,0,8.618936710605811e-35,0,0,0,-7.13E-42,0,0,0,0,1.5197906138817e-46,-1.43E-43,-4.34E-47,-2.97E-46,0,0,0,0,0,0,0,0,0,0,1.11902251467665e-45,3.11197351394766e-44,-2.28E-45,0,0,0,0,0,-1.03E-28,3.77315208395112e-29,-4.23E-29,-9.20E-29,9.61990985800545e-31,-2.33E-31,4.27071731368715e-29,-8.73E-29,-8.72E-33,6.94314336440919e-32,-1.10E-30,-1.30E-30,3.35575500880261e-35,-7.99E-36,5.433064241005751e-31,4.24427863118695e-30,3.4577744337217804e-31,8.3870306522353e-31,-5.65E-43,4.021114642191709e-40,2.17686660424357e-39,3.65084585107255e-37,-6.45E-40,-1.27E-36,-5.59E-34,-1.25E-31,-2.92E-31,-1.89E-29,1.76101843184157e-33,1.45781631560878e-29,-1.15E-44,2.85833039029892e-44,-1.71E-33,6.96678632945964e-34,-1.15E-22,1.01044210163934e-25,-2.54E-40,3.12828183138969e-41,3.07353068418554e-40,-2.85E-40,-1.04E-38,-6.48E-39,6.50141403692645e-39,-1.30E-39,-3.29E-37,2.05794360334173e-37,-1.75E-46,-3.68E-45,-9.52E-39,-1.90E-43
-1.69E-27,0.0003916509503032,-2.86E-16,5.24019854746194e-06,-1.44E-19,0.0011360159577286,-5.40E-24,0.0462018497613468,-1.40E-20,0.0995458119170174,-2.31E-17,0.238175500167691,3.18469470484212e-21,0.0320717568925012,3.5514832405109e-18,4.23385183892396e-17,-0.002715477,-0.051700257,-4.36E-08,-4.93E-05,-0.000493679,-0.009590492,-0.002674837,-0.031398472,-5.79E-09,0.0002414607854926,-2.38E-14,0.0026413345081174,-2.70E-14,0.0185579601541012,4.39041596848551e-22,0.34455407572843,6.95669807782636e-19,0.0028584888882543,-2.46E-06,-0.000141172,-0.001090581,-0.022901193,-2.11E-09,5.03087933157067e-05,-6.30E-10,0.0001363920873704,-2.05E-12,0.0001526558446163,-1.98E-07,-5.70E-09,-2.98E-19,2.64314856013346e-18,-2.32E-07,-0.001885669,-5.00E-27,6.867082272589131e-25,6.50554515899846e-28,7.1468824041867295e-22,-8.21E-31,5.33673675762224e-19,-4.91E-13,0.0002505149957792,6.34539278504243e-29,0.0003341048123304,1.1918394762241899e-28,-9.97E-27,-3.22E-27,2.13783344130115e-19,3.03531929805268e-27,2.35679912271416e-05,2.9872432250485493e-28,4.15784977416699e-14,-1.05E-06,-0.000174933,1.5683737337816902e-17,4.40680041556698e-17,-4.31E-05,-0.005045768,-7.45E-11,0.0005116723080836,-3.05E-08,8.76606163453277e-05,-2.72E-20,0.0050993110129169,-1.27E-23,0.0084964230260034,8.94940501416588e-16,0.234890849828859,-5.71E-24,0.0456551824277099,-2.41E-14,0.257045961916939,2.11291325922509e-18,0.0354831878467934,3.30280994077566e-18,6.39522841787736e-08,8.29379531700314e-16,9.74505688733641e-07,-0.000917346,-0.018525825,-8.34E-05,-0.001506852,-2.51E-14,1.00732903973314e-06,5.63073087248559e-16,1.63287552172687e-06,-5.50E-10,3.48766383148876e-06,-0.000426531,-0.015964268,-5.86E-12,4.05357517078803e-05,-0.113385963,-0.098267507,-0.005187257,-8.26E-07,-7.68E-11,-5.48E-07,-0.006390263,-0.064084465,-8.19E-05,-0.115093644,-4.72E-06,-0.062292632,-8.43E-07,-0.033996791,-2.91E-07,-0.016852767,-1.76E-10,-0.00088811,-6.58E-06,-0.053425294,-9.83E-05,-0.139746379,-0.001200274,-0.117435417,-1.28E-05,-0.097692324,5.3977047661128e-14,5.88937389081503e-05,1.62066024197529e-11,-0.000380371,-8.18E-11,-0.000646796,-9.91E-06,-0.029512777,-1.84E-06,-0.026651223,-7.57E-12,-0.00119995,-0.004053022,-0.048379475,-0.000307802,-0.00262122,-6.47E-05,-0.000494516,-0.000258847,-0.038960559,-0.004945442,-0.165586586,-5.58E-05,-0.070354827,-1.99E-05,-0.040021168,-0.003309417,-0.136005917,-0.001701449,-0.171069533,-0.074388906,-0.053272883
-4.95E-15,-0.0005086,-3.09E-11,-0.000544407,-1.06E-22,9.05046257147001e-08,-5.04E-39,-6.08E-22,-6.95E-42,-2.76E-27,0,3.8913388252653e-38,6.0426591073349105e-31,-2.18E-11,-5.94E-05,-0.039451339,-5.02E-37,-2.21E-31,-1.35E-19,1.2748805665167802e-15,2.75825820811641e-45,1.35997887117709e-38,-5.43E-45,-4.78E-34,7.96192309275464e-48,6.80311658354036e-36,0,5.27565067990474e-39,3.08928232875841e-49,3.2110972096148e-36,0,5.77662930772198e-47,7.8165948580276e-30,-2.41E-10,-1.13E-06,-0.01990048,-1.03E-09,-0.001186084,-2.99E-23,-7.93E-08,1.02628130584642e-32,9.527117884457311e-15,-5.73E-43,-1.05E-26,-4.64E-14,-0.000789206,-9.00E-08,-0.026448189,-8.29E-21,-3.84E-08,-1.22E-09,-0.008899428,1.07042847114462e-21,-1.44E-05,4.10581165789028e-38,-9.60E-20,-1.59E-35,-3.69E-14,-3.95E-10,-0.001662011,-3.91E-10,-0.015496797,1.2643338021196101e-21,0.0007817552105124,1.13429817885573e-32,5.83020110716896e-05,-9.48E-26,0.0007621315536585,-0.000316638,-0.083975781,-0.00090679,-0.109916974,9.41406365458066e-26,-2.54E-08,-1.98E-35,-1.47E-19,-4.40E-38,8.06051605067107e-22,4.67986091670853e-32,-8.16E-11,-2.90E-33,-2.09E-12,1.36313080187239e-49,-1.33E-34,2.18580565909883e-33,-8.14E-08,0,-5.99E-43,1.20274651433867e-44,-8.78E-19,-7.91E-35,-6.53E-26,-7.54E-34,1.10857934159272e-28,-2.95E-29,-1.09E-22,3.7828378379073e-25,-4.21E-17,-2.03E-29,6.327309496582241e-20,7.93603431205169e-39,-8.02E-33,1.30087207512468e-34,-3.62E-27,-1.78E-38,1.6400568590423102e-31,-1.22E-48,-3.97E-35,-8.74E-30,7.340019369649209e-22,-1.25E-14,1.88302625221223e-23,3.79816854039407e-28,-1.30E-29,-1.54E-30,1.4812437309116998e-31,4.44255674327817e-27,9.38771852968127e-21,6.21464598504897e-26,-9.87E-15,1.07220368192182e-32,1.07954696539037e-20,6.27824566638654e-28,-2.30E-16,-1.63E-27,-4.98E-14,-8.29E-27,1.11912827271783e-18,-3.32E-31,2.20102720171221e-26,-6.62E-25,3.46359725406882e-20,-6.93E-27,1.04874076627249e-18,9.0848457196891e-33,1.4662948509711001e-15,6.88591075883948e-32,-9.35E-17,1.31749319894788e-29,1.46754089985873e-13,-1.04E-24,-1.19E-10,5.916495708279131e-25,-1.42E-14,2.74904586150559e-26,-1.26E-11,1.7911047700227e-39,-2.15E-37,-1.88E-32,-4.21E-29,7.24220779345434e-22,6.34509829194516e-20,1.72197478509753e-36,2.59281890103925e-30,5.08849430014099e-34,1.26448049657934e-30,-8.59E-36,1.96065876628229e-24,-5.76E-37,1.38285640797903e-23,-3.08E-30,5.457904808571651e-25,5.4431851877062496e-36,6.32327741518788e-32,4.25022353466574e-27,-1.60E-34
5.0189747915764e-26,0.0022332381840592,2.33672316113016e-26,7.43047860525612e-06,2.42012562187548e-36,0.00010097360913,-2.21E-46,2.85513457572724e-14,0,4.17463202646937e-19,0,-1.90E-29,-4.02E-43,3.36813457271298e-06,2.36044441489303e-18,1.00740701896101e-11,3.03885504866585e-44,-9.33E-34,-3.90E-29,-7.85E-22,0,-3.37E-45,0,-3.28E-38,0,-3.73E-40,0,-2.23E-39,0,4.8563593329034496e-33,0,-1.75E-35,-5.30E-41,2.26051204378449e-10,7.630359080873221e-20,-1.54E-12,3.64339584788331e-22,-7.45E-15,-1.30E-36,1.4967848911615998e-19,2.5783229064088097e-43,-7.22E-24,0,-3.67E-30,4.4437696735897896e-26,-1.02E-16,4.01566638410583e-20,4.34410551740821e-05,-2.62E-30,-3.65E-22,8.20667718996351e-21,0.0007639257419776,2.9983791456299297e-30,1.35513679872456e-05,-2.01E-41,-2.44E-25,9.646261888654693e-44,-4.23E-23,-2.43E-21,0.006718899985534,-1.67E-20,0.0072879893436383,-4.69E-29,0.0062343891227618,-1.93E-41,0.0052153393706039,5.78299626540202e-33,0.0017788919286916,1.54050680281341e-13,5.46410863728312e-05,7.919618229672651e-15,3.46874078436887e-06,9.8215121978672e-36,6.666987004756501e-16,-2.39E-43,-6.34E-17,2.71388827936324e-42,-3.36E-20,-3.14E-44,2.80853220030598e-12,-1.37E-45,5.92233022900433e-08,0,-1.56E-20,4.40390366984072e-45,6.9900108446527e-13,0,6.78832607011635e-29,0,2.01954179523723e-23,-7.26E-40,3.5356783229663096e-30,1.74909771436053e-40,-3.75E-33,-8.90E-40,-5.12E-33,-1.11E-35,-2.80E-29,2.84011539156172e-38,-2.37E-29,0,-6.36E-36,1.74419701541225e-46,3.70894288594801e-37,1.0279951334949e-47,-5.49E-40,0,4.523249990772029e-36,5.82035330307126e-39,-1.65E-32,1.01961163010944e-28,-2.39E-33,-1.85E-36,6.11913732870481e-39,-8.44E-40,-2.77E-40,-1.94E-33,1.99458577787358e-30,3.1867883542610096e-33,-1.31E-24,-3.93E-37,-8.44E-25,-6.28E-35,-5.80E-21,3.03859458923247e-36,-1.03E-18,9.03443892305578e-34,-4.15E-29,-6.62E-39,-3.39E-34,-1.54E-32,4.74770920705242e-29,1.14419522183384e-33,-1.58E-27,-1.59E-44,1.73089974823171e-24,5.56861584591432e-43,5.919080187287689e-28,4.6765567552294294e-42,-4.30E-23,2.64516745911454e-34,4.90987542577511e-18,-8.18E-33,-7.27E-23,-8.43E-35,3.72502374710526e-18,-3.05E-46,5.3349131080438896e-43,5.86053412771252e-45,7.24741768816836e-37,6.294836879525781e-32,-1.44E-27,-6.78E-44,-1.66E-38,-1.17E-41,4.80622773984117e-38,2.2253289556967e-44,2.7450354897886298e-33,-7.40E-44,1.16106420315772e-32,-2.17E-38,8.61583924995755e-34,9.50167939966246e-43,9.46525608322952e-40,2.20835587852419e-37,1.2577996807997199e-40
0.0036280166554873,-3.90E-16,0.0069931436070324,0.00046986491798,0.0062080385374239,2.66773290175438e-08,0.0071820888803107,2.22383356356199e-21,0.0078057363601802,4.14813733209475e-20,0.0101135197505744,2.88612430088777e-20,0.0036414079593932,8.17107452396474e-32,0.0030939965154666,0.0005252039441046,0.0001490383947019,1.01845885774307e-07,0.0070913513007728,0.0059985620029134,0.0064356962498727,0.0002706660609453,0.0013850538708385,2.14316708129919e-06,0.003781932717967,1.48808324304704e-09,0.0062292915103146,9.53631841511584e-11,0.0052431197455542,-2.11E-20,0.0062692753527712,-2.23E-24,0.0056177529254649,-1.01E-21,0.0005705700247147,0.0002494266410363,-2.58E-23,1.03921598261112e-29,3.5352384960359e-11,-1.68E-27,1.43197666624311e-08,5.09069846407178e-26,1.130729682008e-06,3.9292528034316e-26,1.07480536235406e-32,2.0587265616929e-44,-3.44E-35,-1.45E-47,-3.26E-23,8.61825401148443e-35,-4.74E-37,0,-4.03E-33,0,8.92642925067144e-36,0,-1.39E-13,1.63484394227724e-32,0.0010988454131002,1.80080356600671e-23,2.00459539734191e-22,-3.21E-34,9.019600256484782e-09,1.15000332420661e-42,1.1740099397816e-07,-7.11E-38,-8.42E-26,2.29950518546453e-48,-3.18E-24,1.7075619759792696e-28,1.49749852254235e-06,1.22406278503954e-14,0.0016563784600276,2.9590126622866096e-11,0.0016889120615045,1.99945941328002e-20,3.08140711719982e-06,-1.34E-21,0.0005241641445624,-5.93E-38,0.0018879802947768,3.39615239695799e-39,0.0023066505779246,1.07938990192839e-29,7.55398203713346e-05,1.15726615966314e-39,8.85820044558998e-07,-8.86E-29,1.54020857576226e-11,-5.06E-37,8.19618666233312e-27,0,1.33829137070817e-29,0,-4.47E-24,3.79473491753029e-36,-7.51E-22,1.68009153620475e-39,3.9207890918398303e-25,0,-1.02E-26,0,-9.25E-30,0,3.50995304775598e-33,3.50757650217275e-46,-2.33E-26,-1.33E-46,1.34833197567307e-34,8.73010793564504e-33,9.973451530672668e-36,-4.11E-47,0,-7.21E-49,8.581946414058242e-45,2.8955919429846798e-40,1.21302160089188e-12,-3.08E-16,-5.62E-17,1.15366640778653e-17,1.36169299647888e-10,-3.90E-17,3.43193143680129e-12,-3.70E-18,9.32507837498435e-16,-1.04E-24,6.3486505432276e-14,1.19497418263276e-18,4.9561563751777204e-15,1.84889547763834e-20,6.68178352908357e-14,1.78263542572194e-16,1.07582830096421e-14,1.34195169292485e-18,-8.00E-18,6.63189554510415e-34,-1.21E-17,1.84099062325164e-30,-9.82E-21,-5.54E-32,2.55405530966277e-19,1.14256759465878e-22,2.7860509375629504e-17,1.41018369397378e-21,2.19463739609172e-16,-1.61E-25,0.003187358676997,5.33979620662921e-05,0.0060688356653695,0.0018547479923803,0.0044566686458403,0.00052398678049,0.0001832606356155,4.1747428171903e-13,1.2572611658830198e-22,9.27870311177481e-26,1.00227225687292e-18,6.58958782228102e-26,-1.10E-16,1.12007126510775e-24,-1.90E-18,-5.52E-24,6.622307042265591e-31,2.5683276886317198e-34,1.46453291193665e-26,1.03660445945638e-29
2.30112902546934e-23,0.0003807688185435,1.41127270348254e-08,0.008505657646924,-6.56E-22,0.0082683528635472,1.73998794654104e-35,0.0024153695452137,-3.11E-32,0.0054521497700991,1.74858687873949e-34,4.08051829341304e-06,-3.37E-43,1.23319297205801e-06,4.14021768347007e-07,4.56655469120153e-05,3.03533496085177e-27,6.94663320711663e-21,0.0001341188814925,0.0035477086738871,4.15829146273189e-19,7.58882443754742e-10,4.62095934022798e-25,3.86369208115707e-18,1.21104242888312e-26,1.30196116278292e-14,1.0527803875911402e-25,4.62807321063233e-09,1.94787448820342e-36,4.08834049283011e-17,8.60645783157553e-39,2.86508454956876e-13,1.10699629791714e-33,4.0123392022378e-08,-1.70E-15,3.70576605876766e-07,-1.12E-40,-9.94E-41,-5.29E-44,4.68538391425132e-28,-4.53E-44,4.5042640853294e-28,-9.21E-44,-9.88E-27,0,-1.22E-46,0,0,0,-3.36E-41,0,0,0,-1.59E-48,0,0,0,1.93094907354379e-31,1.34999398693019e-36,1.0750225411598e-06,-1.44E-46,-3.72E-25,6.44242244530208e-49,-5.48E-23,0,6.79281626900573e-14,0,5.548596861265399e-37,1.0034529063869199e-40,-5.91E-40,1.3663464237807e-20,2.9985720400459303e-25,8.271610263127528e-29,-1.77E-16,-1.08E-35,9.26035537884182e-17,7.27541834512027e-36,-5.96E-22,0,5.71087504037464e-14,0,1.9233557032836202e-15,2.49452936742647e-46,2.21365417584034e-13,0,4.35823342864515e-22,0,1.6632417016325302e-19,0,-9.52E-27,0,3.7435495160869096e-40,0,4.25451845836961e-42,0,3.0593890524391e-39,0,8.42764660192435e-39,0,-4.87E-39,0,-2.53E-43,0,-4.53E-45,0,0,0,-1.82E-41,0,-1.17E-45,0,0,0,0,0,0,-1.63E-31,-6.64E-26,-1.40E-33,6.91996279506434e-27,-9.65E-35,5.24169206523753e-24,-1.86E-33,3.48333286171208e-23,2.96682797472988e-40,1.43444611977507e-27,-3.01E-35,5.95099389891336e-29,8.29624094718325e-39,-1.63E-29,-1.53E-32,-5.18E-29,-2.15E-35,2.87081063682836e-29,0,-1.58E-31,0,8.390662251210929e-36,-1.70E-47,2.15621383632539e-35,1.40758978093752e-38,-5.78E-32,1.2513480977869e-37,3.41269012866894e-31,-4.54E-41,-3.71E-30,-3.34E-22,-2.17E-15,-6.93E-13,2.3358543071168e-06,-2.27E-14,2.93205629887147e-08,7.48097215140206e-31,-2.00E-20,1.29235244287308e-43,-1.14E-38,1.15765676599175e-42,-5.44E-33,1.46170596824222e-41,-1.11E-29,2.0376355262726093e-40,-7.95E-35,0,0,5.59401471475313e-41,-4.96E-46
-3.63E-26,9.2165833471657e-17,1.06398455515381e-22,4.502956206094129e-10,1.51640795057262e-35,9.450670989990869e-13,0,-9.95E-23,0,9.00178390704772e-22,0,2.64310771656516e-32,0,3.17948033970506e-33,-4.07E-16,6.0762420871249e-13,0,3.7972334227329095e-42,4.53537807205315e-22,-4.63E-13,0,0,0,1.4487921371089802e-45,0,2.53858417450148e-48,0,-6.05E-41,0,7.97478825418635e-38,0,-2.50E-36,0,5.50652496587977e-29,-8.91E-29,8.60549402490046e-27,-6.37E-40,-1.02E-38,0,-8.74E-43,0,6.59179710470817e-47,0,-9.01E-42,0,-1.09E-46,1.15162595687444e-49,-4.47E-41,0,-1.94E-47,0,-4.57E-41,0,4.2799131629796804e-44,0,0,0,-3.48E-49,2.08749298347494e-30,-3.49E-20,3.63383607955528e-36,-1.96E-26,-7.16E-49,1.44885315771693e-29,0,-4.51E-31,0,1.07261591349804e-37,-3.71E-27,-1.33E-26,-1.22E-20,-1.40E-18,6.71896549138896e-44,5.20192072853844e-31,0,-1.71E-32,0,-2.16E-36,0,-2.75E-38,0,8.06643388071772e-39,0,2.67645362659438e-37,0,4.732798955447701e-45,0,-2.01E-42,0,0,0,0,0,0,0,0,0,0,0,0,0,0,0,0,0,0,0,0,0,0,0,0,0,0,0,0,7.73471255603912e-43,1.72135432178068e-38,-5.52E-43,-2.19E-37,2.6649099163071e-46,-1.04E-37,-1.03E-44,-1.67E-36,2.4967455934517903e-46,-6.73E-37,2.20871329376912e-45,-2.51E-41,0,-4.03E-44,2.3141323099552897e-43,7.41473704435892e-41,1.1039959522991501e-44,-4.99E-41,0,-1.95E-43,0,-7.41E-44,0,-9.71E-42,1.52315050470089e-47,2.82673879828153e-37,-7.11E-46,-1.13E-39,9.167373131096931e-47,1.73052687192457e-36,0,1.1942884639132002e-47,-1.70E-41,1.1231231725694e-35,4.98157858095597e-34,3.56304046011037e-31,0,-1.42E-45,0,0,0,0,0,-7.18E-46,0,-2.59E-47,0,0,0,0
0,2.3923461836981097e-43,0,1.4102513563862e-46,0,9.96313116479338e-45,0,0,0,0,0,0,0,0,0,0,0,0,0,0,0,0,0,0,0,0,0,0,0,0,0,0,0,0,0,0,0,0,0,0,0,0,0,0,0,0,0,0,0,0,0,0,0,0,0,0,0,0,0,-2.08E-44,0,4.832335500850091e-47,0,2.77433654140442e-45,0,1.07972389272444e-45,0,0,0,0,0,0,0,0,0,0,0,0,0,0,0,0,0,0,0,0,0,0,0,0,0,0,0,0,0,0,0,0,0,0,0,0,0,0,0,0,0,0,0,0,0,0,0,0,0,0,0,0,0,0,0,0,0,0,0,0,0,0,0,0,0,0,0,0,0,0,0,0,0,0,0,0,0,0,0,0,0,0,0,0,0,0,0,0,0,0,0,0,0,0,0,0,0,0,0,0
0,0,0,0,0,0,0,0,0,0,0,0,0,0,0,0,0,0,0,0,0,0,0,0,0,0,0,0,0,0,0,0,0,0,0,0,0,0,0,0,0,0,0,0,0,0,0,0,0,0,0,0,0,0,0,0,0,0,0,0,0,0,0,0,0,0,0,0,0,0,0,0,0,0,0,0,0,0,0,0,0,0,0,0,0,0,0,0,0,0,0,0,0,0,0,0,0,0,0,0,0,0,0,0,0,0,0,0,0,0,0,0,0,0,0,0,0,0,0,0,0,0,0,0,0,0,0,0,0,0,0,0,0,0,0,0,0,0,0,0,0,0,0,0,0,0,0,0,0,0,0,0,0,0,0,0,0,0,0,0,0,0,0,0,0,0
0.0002018868604557,0.136384509148897,0.0001974420473007,0.139292050813675,-2.69E-14,0.170028249519118,1.7371415667016197e-30,0.117669922546426,9.02336084554497e-35,0.0849917676660496,2.56379948825797e-43,2.41621663546603e-11,2.2429815237667e-31,1.97241695229098e-06,0.0082671878288828,0.184188989365556,-1.91E-29,9.612174440513552e-24,0.0001032287770601,0.013875974961598,-5.85E-34,2.9335931683436902e-24,-1.68E-37,-1.80E-26,6.32965560904749e-43,3.12762576658896e-28,1.3526859813405e-42,8.88925764172944e-18,-7.31E-45,1.97329796549682e-17,0,1.41126127944773e-14,-1.39E-29,6.55022336996093e-05,0.0002567614888373,0.0020776128136975,9.96153336981229e-07,0.0001363034410605,-6.46E-25,4.54733232767382e-10,2.77430292279537e-34,6.33353980941123e-19,6.37433546200598e-39,-2.25E-20,2.33856188229645e-12,5.24217675701317e-10,9.71072541693032e-06,0.0001300067836925,-2.24E-21,-1.54E-18,3.91847688137937e-08,9.383146169047e-05,7.00082983564833e-14,1.70967374964477e-09,-4.94E-34,4.27448298032658e-31,-2.61E-34,3.13075159116743e-22,0.0003313892744065,0.0224759466114203,0.0010022318923012,0.0037536261526546,1.82874333828227e-08,0.0008896079442595,-5.69E-31,5.1912848440526e-05,-3.90E-19,4.97772972613616e-05,0.0017374389991651,0.0020228629567467,0.0038791427604727,0.0062592047872655,7.80310144279477e-23,0.000122469455141,-1.21E-29,1.68568416363936e-05,-1.94E-30,9.846231504581319e-11,2.91513838171446e-32,1.09267281658682e-09,-1.37E-34,1.6711086446534801e-15,4.0634929203816e-46,5.67366482739563e-18,-3.01E-32,-3.44E-22,0,-2.32E-23,6.8313300135834815e-46,-7.13E-29,-3.17E-33,-1.05E-29,1.23711418123271e-33,3.5844633002327e-32,-4.08E-30,-9.69E-24,-2.10E-26,7.492458704358301e-21,2.21301628562601e-29,-2.70E-27,9.47844455366386e-41,9.82843711208453e-37,-4.29E-39,1.96347825176794e-33,3.80770000819185e-39,4.479201446596261e-35,0,1.04668264082993e-30,-2.07E-29,-8.41E-24,-1.22E-19,3.4833336266464603e-25,-7.28E-29,-3.02E-31,-1.95E-32,-2.90E-32,6.02120130198346e-22,2.12449283157063e-15,8.764396617675001e-22,7.67197759306554e-09,4.168250583093721e-25,1.85962300297536e-12,-1.36E-24,2.72925217183769e-08,-3.86E-25,1.34594162007381e-07,5.35596956245895e-25,3.42372516034354e-16,-2.98E-28,4.94742717758415e-24,-9.43E-23,4.6567802491741895e-16,3.0019929831066203e-23,3.15666751542959e-16,5.60835181102888e-34,1.14151608409918e-16,7.38760653012786e-32,6.59454838886787e-19,4.79598496250751e-31,6.650560803339192e-14,8.86104495701721e-23,3.16913227546082e-07,-1.54E-22,1.02209932054151e-10,2.33915295013561e-24,7.17934239354764e-07,1.92141363628022e-29,-9.59E-25,1.85355920142164e-20,-1.87E-13,6.52769436269805e-11,1.14488025268836e-07,-2.02E-29,3.73152812892982e-24,9.32453982824311e-32,-5.18E-29,7.257582057072529e-33,-1.03E-24,1.98708236761016e-33,-7.47E-24,6.60956083834585e-29,-1.04E-24,-3.50E-35,2.4998575879219303e-31,-1.68E-26,1.8678616533776e-32
0.0038886659656724,0.0002764939686486,0.0038933358079592,0.0003404689877993,0.0059734013916263,2.68283556862931e-08,0.0015841730449005,3.32072926263214e-13,0.0001680558881125,2.5447906476517003e-16,6.35475471422558e-21,-5.27E-24,2.63449613283778e-05,-1.05E-16,0.0031521437120205,0.0025471114172335,-6.25E-17,-4.15E-15,0.0046300536197329,0.0029673160453106,1.09814589463547e-16,7.60103745219968e-17,4.63738734572148e-21,3.70277039935442e-19,4.53647686932823e-22,1.12591315068674e-21,-2.07E-21,-9.78E-23,-1.89E-22,6.670592752019741e-25,5.06437066792025e-23,2.80089587212906e-32,2.47517472511742e-05,5.21102029489172e-13,0.0022464668999053,0.0019567549461204,2.49665086436007e-07,1.54155087217052e-10,5.61667112432093e-12,-7.77E-12,-5.62E-19,3.18850583653627e-19,-4.48E-20,1.09073723292943e-20,-1.49E-17,2.08890212001526e-17,3.38794420809022e-18,-7.13E-22,8.55259712003887e-18,-6.05E-16,-7.52E-22,8.436069191496491e-23,2.84220004067074e-17,3.92532642071718e-27,-1.10E-27,-5.16E-40,-1.25E-22,2.8792595384746003e-24,0.0018579741530566,0.0001582099520452,9.08355671968297e-06,3.92715560170485e-09,0.0005404118485809,1.3776298429878698e-11,0.0012656727078165,4.58717664710474e-14,4.51614007376786e-10,-2.23E-16,1.05988666352469e-05,1.44028460978714e-07,0.0029163935791096,0.0012618827606838,0.0006545731918827,0.0001604854228001,5.83756079406669e-08,7.116423634855679e-11,1.31372074548358e-12,2.49856756557902e-10,6.98736319532994e-08,-1.27E-17,6.63059314839617e-07,-8.12E-22,-1.64E-19,3.54740965464461e-26,2.30723708231693e-12,1.44317326228373e-28,-1.82E-29,2.88326791516157e-31,1.42344970668487e-23,1.28621198135396e-33,-5.11E-30,7.43878767342755e-40,-3.74E-34,3.886094102562819e-40,-3.06E-21,5.1343192852189305e-20,1.30420630723385e-18,-4.63E-20,1.46401529472681e-26,7.081075741775271e-31,4.60424064999405e-31,-9.07E-41,6.26277473906562e-32,1.54189746868048e-35,9.40539788709148e-30,1.51994385995805e-29,7.13309012942451e-30,4.0801033854189394e-30,-2.65E-21,-7.36E-18,-1.02E-17,-2.07E-30,5.87783537397989e-34,-5.41E-33,1.7707240510981498e-30,7.04739866713074e-28,8.67181244576576e-06,5.72381490486896e-05,0.0009046310309695,0.0015209738756614,2.96072377934942e-07,2.02312381478909e-05,4.6631681269592e-05,0.0002790958589461,2.61698929044917e-05,0.0001519686680751,3.46561830239719e-06,2.01923130593011e-05,6.869500835582541e-15,-1.23E-15,1.32863170232464e-05,3.59011008523455e-05,4.91770474508739e-06,3.07482969829195e-05,-5.74E-16,-9.50E-15,6.002312414165981e-15,-3.54E-14,3.36840929666456e-14,-1.75E-12,3.29101194501848e-05,3.96675093171016e-05,4.50319237582294e-05,0.0001656647666347,5.52787788100414e-05,0.0002693613764767,-4.77E-15,-5.00E-14,0.0004808256241289,0.001355393278378,0.0031406826320233,0.0025026437033251,-2.89E-17,-1.65E-14,3.868692242293981e-19,2.07724066064669e-18,3.16142903510078e-18,2.45839033280183e-16,1.3043870619620802e-19,3.72069714783293e-17,-1.19E-16,1.03659883993429e-16,3.39268023336032e-22,6.56021808259953e-23,3.59279562991656e-16,-4.36E-20
6.17335230443644e-07,0.0018761063501295,4.16508354764637e-15,2.4902420073738e-06,1.20278144835187e-21,1.13229078506953e-07,-1.07E-30,-3.26E-20,5.38932357032239e-34,-3.47E-25,-8.09E-44,-1.33E-37,1.38746265997577e-10,9.90442403133851e-05,6.6258586144467e-09,7.91729073445191e-05,4.00059442205802e-31,3.51439544674788e-32,-1.17E-29,-4.65E-28,-7.53E-40,-3.02E-38,2.2542740160274097e-36,-9.49E-37,-5.77E-36,8.6099493204534e-40,2.66895164621685e-46,-7.54E-43,-1.42E-35,3.01320357763468e-39,0,-5.48E-43,9.73488840129304e-14,6.87378200909117e-06,0.0009433232738597,0.0006599558947559,0.003283600174653,0.0026616171308263,1.17972812478377e-06,2.53439807591925e-05,3.48694700733058e-08,3.89121730012376e-08,-1.82E-28,-9.04E-29,0.0026097412168807,0.0025006294617421,0.0052363698109738,0.0043655725943508,0.001087249550624,0.000514547699033,0.0023803142006845,0.0041583163415058,0.0001668540913623,0.0019690363307732,6.92621010314375e-12,4.73185772843322e-12,4.69425305673915e-07,2.45629514205632e-11,0.0008078529575247,0.0040527848250205,0.0056244593100606,0.0060452687960087,0.0014457984558366,0.0122476585919005,2.86937334297815e-08,0.0044711580163242,0.0001741123722997,0.0119096467415294,0.0053406964298436,0.0044347381994143,0.0027327272541154,0.0077398262910496,6.3041428104216e-16,3.71939983232354e-10,-7.66E-21,5.246288795878519e-16,5.71925363094451e-24,3.12393675348492e-21,6.40155872628168e-14,3.31425121182107e-05,1.3067798840866298e-11,2.54738438672299e-05,-7.28E-35,9.3709672554623e-30,1.24705531261661e-09,4.0405859389056e-05,9.86347099883932e-41,-2.98E-36,-1.06E-18,4.99994401182409e-19,1.03502443000891e-11,3.40735218254247e-17,-7.94E-16,2.8856678097670403e-19,2.57501449701326e-06,4.10376562359022e-07,0.0005041095263,4.49469737665378e-05,3.55508813780712e-05,1.37999687300138e-09,1.64837458617518e-19,-9.08E-24,9.26684150851686e-17,-5.60E-20,4.16926057808153e-16,-1.16E-18,-1.22E-22,2.77957596299724e-24,6.24617646817818e-10,7.718136798016e-05,0.001446755002946,5.56095120912084e-05,2.5892032556787098e-12,8.01548640209588e-15,1.1682136137712e-15,7.22904041025037e-13,2.1291401016717306e-21,6.749959856952551e-23,1.38496958188436e-16,9.165777630279591e-17,-4.66E-24,-3.50E-23,1.9446678294390002e-19,-1.97E-18,-2.86E-16,1.9380709897141e-11,6.330167464022182e-19,-1.37E-16,4.278278710256261e-23,6.94142586562556e-22,-3.08E-18,-1.66E-17,1.5276816043887598e-18,5.20604283344737e-17,-3.74E-17,5.26711777436804e-10,-3.52E-16,8.25353222003763e-13,6.18930473862513e-14,1.96466137447162e-08,1.72124974594943e-10,1.21776900090286e-07,-2.01E-16,1.41808311003627e-13,-7.07E-16,9.69373489434313e-10,-7.04E-36,-3.70E-37,-5.36E-40,7.17717522504552e-39,1.42731845935105e-24,-3.55E-25,1.86435019547554e-30,-1.76E-29,2.65756611603727e-19,-1.48E-21,-9.01E-19,-5.57E-20,-6.59E-20,1.47053492366375e-21,1.8172643723009802e-17,-2.21E-17,1.7020504785053902e-15,1.31261402831931e-16,-5.03E-15,2.29940257000633e-17
-3.03E-17,-1.46E-40,5.3461050093112e-05,-1.64E-22,0.0002181953122883,-3.81E-27,2.01436160180347e-08,-4.07E-35,4.61956475191898e-06,-3.75E-33,0.0052840691491626,6.02524683550702e-27,3.67603245414278e-08,4.94140357018215e-35,-3.14E-26,-2.11E-28,0.0016213560146002,2.49762209472137e-10,3.29340584354643e-09,-1.87E-20,3.59431160839419e-06,8.03216767628152e-12,0.000364156762899,1.32680807740481e-10,0.002497313690017,2.4189963290407e-17,0.0059347108185531,-2.46E-22,0.0076481502675007,1.05019487526144e-19,0.0141866883528694,1.000415814087e-30,0.0021564337802517,-1.00E-24,2.1954773403520906e-21,-3.37E-22,3.0057343419217607e-15,4.04470096271072e-18,0.0040670318588313,6.229174975155911e-17,0.0040404925586042,5.82761364243365e-16,0.0065693093621203,1.15459908965841e-18,9.93690841923076e-19,4.5918855579944185e-28,-4.18E-27,3.2426014250608e-32,1.18043643600329e-10,-1.33E-16,-3.79E-31,3.67241476921092e-43,-7.43E-24,-2.69E-46,1.70987260254573e-20,5.05899739962924e-43,0.0021376339829933,3.74134883965783e-18,-5.47E-17,-8.99E-43,1.00559278916367e-39,0,4.73673362794632e-27,0,-6.71E-17,-5.99E-42,-1.39E-27,5.28886192656841e-47,1.04736519099287e-13,1.9125272271175202e-21,-1.77E-33,-2.01E-38,4.01477745394283e-05,6.00851038059275e-17,0.001982046742409,-7.99E-20,0.0020697929086282,-1.03E-16,1.03377249053198e-07,-3.65E-30,0.0007438214534598,1.50551536250782e-29,0.0073203715148381,-3.26E-20,0.0029210231236275,-2.25E-30,0.0077495469180142,-2.67E-19,0.0038108029625428,-6.99E-23,6.7081393169382e-07,-5.12E-31,4.62528811342841e-07,4.40070613036643e-28,9.66092815730955e-08,-2.80E-14,7.83078670515142e-05,1.01534011102919e-19,1.16916741866885e-05,-1.70E-25,1.95287437242769e-05,-3.66E-27,1.65370305808022e-06,-1.25E-16,-6.92E-12,-4.44E-14,0.000117318452138,-4.01E-15,-4.08E-12,2.08970278412221e-12,1.24093376228663e-17,4.229862353382181e-23,-8.96E-27,-3.94E-24,-5.29E-19,-8.84E-14,1.82166604771492e-05,6.659734483081629e-11,1.8936633541636e-10,2.7414842875604904e-15,0.0007133565203127,5.5913363681033185e-11,0.0004421384580601,9.26433707819298e-12,0.0001275020704296,-1.89E-16,0.0007651994596765,7.84248973751042e-10,0.0020354475855128,3.56270382084745e-08,0.0001766484450875,1.93811494377149e-07,0.0003788142723947,1.39733246010339e-09,0.0011326605723827,2.82727187512108e-19,0.0001379666419338,-4.43E-16,1.34876328230612e-06,-5.34E-17,3.07496178148644e-07,2.5425853578972097e-12,2.68251439010554e-06,1.52508950457066e-13,7.90649211351863e-09,-7.02E-20,5.35725203156515e-06,1.33560091518439e-13,8.53036264120711e-07,-3.29E-17,1.20676077777307e-13,-3.37E-21,0.0007140633445046,1.2391725290151598e-11,0.0003665381374676,3.41160741935089e-06,0.0024009491931227,3.69402795661857e-07,0.0046120521542958,1.76396454812826e-07,0.0004143647252796,9.89591153197068e-07,-7.81E-10,-1.99E-10,7.87812355519124e-08,1.26826030915009e-08
0.0013408609717279,0.0010368832187726,0.0002701068053334,7.51372737418203e-05,3.35567870959135e-10,5.0144090529346895e-12,-8.56E-25,3.8793018396819097e-22,4.840189370770979e-30,-7.71E-28,-2.99E-43,-6.71E-45,-8.37E-18,1.8309511660073799e-16,0.0021856273010013,0.0019967757209791,-3.97E-31,-5.80E-32,5.61267003142734e-22,6.96497459716963e-23,-4.45E-39,-2.94E-39,-1.69E-35,4.6106345124457486e-40,-1.86E-37,1.99183519759368e-43,-5.26E-45,-1.52E-46,-1.41E-37,-1.69E-44,0,0,-1.38E-14,-3.11E-13,-0.006398238,-0.006484881,-0.002040077,-8.20E-05,-1.26E-12,-8.14E-17,7.392436747813079e-22,-4.28E-24,-2.02E-30,1.11911864265251e-35,-1.44E-18,-3.33E-21,-2.21E-09,-9.63E-11,-1.10E-18,1.54850004815889e-20,-1.16E-06,-1.30E-07,-2.71E-05,-6.54E-16,3.50582829107335e-28,1.20657268823829e-32,5.00164090361045e-24,2.68337725833686e-27,0.0008480913554841,-0.002622323,-0.003801989,-0.010184967,-0.000121649,-0.009462878,5.4043208451414e-19,-0.001043999,-1.39E-06,-1.84E-05,-0.004665689,-0.005845424,0.0042608230542235,0.002988410398925,-5.05E-06,-1.65E-09,-3.66E-18,4.2008742314470097e-22,5.52000867457059e-21,6.692240073412901e-26,9.712098583691941e-20,5.833930832872251e-17,4.04329776581721e-22,2.9865724999053e-17,-2.75E-37,5.7650621538048086e-40,1.82988669364207e-23,3.58243049326626e-21,-2.74E-44,-1.66E-46,3.25211066890092e-32,2.32782581576116e-29,-1.65E-35,-1.51E-36,-1.18E-37,3.08474927921226e-39,2.58879305994074e-22,1.07337309087934e-23,2.8224624114683203e-20,-1.27E-23,1.44144337711437e-27,1.15691626147132e-31,-1.22E-38,-1.08E-40,-9.97E-36,-3.87E-38,-6.46E-34,3.16074324859819e-34,-2.21E-33,1.2359577075637498e-36,8.06525408416222e-24,-4.89E-20,6.05666404600489e-20,-3.84E-28,-1.26E-34,-2.00E-34,-6.72E-33,-2.04E-30,-1.19E-13,6.09131014493404e-18,-2.20E-05,-3.26E-11,5.70292987882009e-17,-3.49E-21,-2.16E-08,-1.77E-15,-8.38E-07,-4.63E-13,-9.28E-10,-4.12E-15,2.09801427579585e-21,-6.21E-24,-3.12E-09,-3.73E-13,-8.46E-10,-6.67E-16,-5.55E-18,-6.39E-20,-1.53E-17,-3.29E-20,-2.33E-15,-4.37E-18,-5.82E-06,-1.02E-10,-5.86E-07,-1.39E-11,-1.10E-05,-1.83E-10,-6.69E-35,-2.83E-36,-1.56E-33,5.0653445800807895e-34,-3.81E-14,5.29339741599363e-19,7.80980727408854e-29,-9.16E-31,3.59238744974903e-24,-9.95E-26,8.549262480979101e-21,-1.65E-25,5.42426388579649e-21,-2.40E-26,9.411560719690852e-20,-1.53E-22,2.58157045327529e-24,3.44992750814634e-26,1.4181476482377301e-19,3.86756324388033e-24
0.0001060190340223,0.0006087140366516,4.99506007702357e-06,9.05573185545309e-05,-1.13E-23,6.19099382631204e-07,-1.73E-40,-8.58E-25,1.56759530165399e-45,9.59490524783951e-31,0,-6.73E-46,5.22235111262145e-37,5.81714248880692e-19,3.31626903817641e-05,0.0001894389531839,0,0,-1.06E-26,1.26565186214984e-22,0,0,0,0,0,0,0,0,0,0,0,0,-4.83E-35,-3.48E-21,5.08089496345047e-05,9.19251844808802e-06,7.55563512047171e-11,1.07277390829514e-10,2.62412115811594e-31,-3.99E-26,1.01311138124738e-38,-2.14E-30,0,-1.49E-44,5.1010763626765404e-20,-2.60E-18,8.07688388026721e-16,2.45372153720844e-07,-7.61E-25,4.01778185444834e-23,6.49872302162643e-12,7.24293424982573e-06,2.55360619760467e-13,1.49518533119541e-08,6.89572110040602e-37,-4.41E-28,9.62955971781716e-37,-7.20E-26,0.0004647568648962,0.0014398457099694,0.0020132541313764,0.0024034169271874,1.78212121248672e-09,0.0050542091836739,1.92468934153411e-32,0.0012255080437076,-3.61E-15,0.0004423834819597,0.0024768267520252,0.0012564795381547,0.0027150380664107,0.0022870718866596,1.10193449731843e-29,3.6811124099303104e-25,2.67663337070645e-41,2.5010076027671003e-32,8.485029592088312e-44,-1.33E-38,8.84281470565096e-38,-1.62E-22,-1.65E-39,4.01501889865437e-10,0,2.0295805514545497e-36,-4.40E-34,2.2063210923397e-14,0,-1.39E-44,3.28429327576129e-48,1.13814189834817e-25,-7.55E-38,-5.69E-33,6.8442621237840795e-40,2.40185153332748e-39,-2.84E-39,-3.27E-36,-1.15E-29,-8.70E-30,-4.32E-31,-1.21E-30,6.29012339515034e-44,8.039391650209168e-42,-6.08E-42,2.52281196586304e-40,5.88779173517375e-46,-1.46E-44,0,-1.32E-47,-3.88E-41,-8.09E-33,9.48432219716273e-25,-1.68E-27,1.23328465270703e-37,-1.74E-38,3.47691342716994e-42,1.15780017888529e-41,8.120918450727819e-36,1.71749879549019e-35,-1.52E-32,-2.06E-29,8.66877089932577e-40,2.2306437924450003e-37,-5.20E-34,-4.83E-31,5.3570749211058e-34,-1.76E-29,1.04776871635963e-34,6.99455358934545e-34,-6.13E-44,1.4909815660416098e-42,8.80331455649741e-34,3.83182139550642e-33,4.89329458020468e-35,3.6092733740021293e-34,1.44837254764963e-40,2.06756475435058e-34,-9.82E-40,-2.58E-35,-1.34E-37,-6.74E-31,1.98912914678406e-31,8.76083302789978e-29,1.46308570823753e-32,-5.49E-31,4.42324001405677e-31,-1.23E-28,0,0,-2.35E-46,-4.18E-44,1.24846635716268e-33,7.1460275312445e-33,0,0,-7.89E-47,-1.10E-44,-3.08E-45,-3.54E-42,-1.92E-45,-6.01E-42,-8.96E-43,-1.72E-42,-2.36E-45,-3.27E-44,-5.48E-40,-1.90E-44
9.97864345499198e-20,1.37082267900057e-06,8.37374250407081e-18,8.10026794472938e-14,-1.29E-33,-2.11E-24,0,2.31147300502601e-37,0,8.30705820805666e-44,0,0,-5.52E-43,8.73544414230726e-31,2.45822150664059e-15,-6.42E-13,0,0,3.00682558608054e-36,-1.82E-33,0,0,0,0,0,0,0,0,0,0,0,0,-2.89E-42,-1.37E-32,1.43259355715799e-17,6.66901483782692e-20,-2.85E-27,-5.38E-26,5.48431484825927e-39,1.47760996370462e-36,1.41491025922368e-47,1.46336580459841e-41,0,0,-7.54E-33,-4.41E-29,-3.61E-28,1.08872262042457e-23,-7.29E-37,-5.20E-33,1.13511254124955e-29,-1.07E-17,-2.37E-31,3.08380398598676e-20,1.6108975704392902e-45,3.5045111143239e-32,5.59700090395653e-46,-3.02E-34,1.78914032615691e-12,0.0004463927487525,5.81496318471062e-12,0.0012237599330322,2.56262007659928e-25,5.93263511337756e-07,2.46496852571782e-41,8.19889862012243e-23,-6.60E-31,2.31685421939107e-08,4.48483018614934e-09,1.23396841679342e-05,6.16966013763646e-10,4.12373417746531e-06,5.23810336288984e-39,1.06126509792296e-35,0,6.91345609520216e-42,0,6.0681228142637205e-47,-6.19E-45,4.05204532794315e-34,-1.69E-44,-1.17E-28,0,0,-5.58E-43,-3.14E-24,0,0,0,5.25128507923436e-35,-4.50E-47,-2.32E-40,3.69930956791134e-49,3.55785509954931e-48,-1.29E-48,-8.46E-49,-1.44E-40,-6.18E-39,2.30482266697054e-43,-3.38E-40,0,0,0,0,0,0,0,0,0,2.20711268781644e-42,-1.06E-36,1.13853334540389e-39,-4.13E-45,0,0,0,-1.51E-45,-2.02E-44,2.7382880769603e-40,5.11650181954165e-40,0,1.00893489431387e-46,-4.73E-44,-5.89E-41,3.29198923397544e-42,-1.38E-39,1.3152187015162902e-44,-2.20E-43,0,0,1.36368761354234e-43,-3.56E-43,1.31797801509469e-44,-3.70E-43,0,9.61395937832457e-43,0,-3.11E-45,3.13031995659657e-45,6.51805188219736e-41,-1.21E-39,2.50433084592696e-38,1.18856397291049e-41,-1.91E-40,1.71824991333463e-41,1.10642713039252e-38,0,0,0,0,3.806093432842619e-40,-4.60E-43,0,0,0,0,0,0,0,0,0,0,0,0,0,0
-5.02E-22,1.40526697930869e-05,-1.36E-15,4.7405737835624e-05,1.18056747699318e-16,0.0028163421600598,-7.31E-20,0.0478078321184307,-3.15E-20,0.134230234673465,8.05764476315536e-13,0.16557577514667,-3.82E-19,0.0357778651394023,-4.04E-20,5.55908590514676e-20,0.0024914728867668,0.0026493680771408,5.80076289527947e-06,2.21103975741858e-05,0.0002408539339608,0.0004830154695603,0.0011535548888856,0.001174347447762,0.0002487363156487,0.000715611243773,1.90304821247769e-10,0.0012839045996367,2.8583944171953e-05,0.0407333625034507,2.77558397995856e-21,0.166182951666211,7.62818894046259e-10,0.0061735027525848,4.22667869004071e-11,8.70454999581101e-08,2.3252330598911e-09,2.836651005631e-05,0.0004107547645825,0.0019915521546119,0.0015420887767647,0.0021533637913076,0.000429762282656,0.0016318884712775,6.87202883903199e-14,1.03232973890341e-06,1.46181221703722e-24,3.89645008375452e-17,1.05336683556811e-09,0.0002639602148887,2.0246910368625e-30,-3.22E-21,1.68418623893163e-32,2.5685059190322203e-14,-1.34E-38,1.50732383015729e-10,0.0001997737693495,0.0012964336746753,-2.21E-26,1.06504366501432e-05,-1.04E-32,2.34818548316868e-30,-1.53E-34,-2.37E-24,-1.50E-31,8.041097713231259e-11,1.90951846062042e-33,-5.42E-17,1.1169950207136e-12,3.2703915895724e-05,-7.34E-27,2.09330903420969e-26,0.0007501115502017,0.0013673846304273,5.88034590712877e-05,0.0017132892453697,0.0008565700028209,0.0023587139468093,4.541691888150222e-19,0.014171004712226,2.52215178083175e-19,0.0492922075153343,1.18495337709401e-05,0.219356678606226,-8.91E-18,0.051697533023394,8.43324274394067e-05,0.230381504106684,7.61900387108989e-07,0.0786523954785486,1.29185812686863e-25,0.0001130491085946,1.15312343267467e-29,4.66531855870692e-05,3.17827295502541e-07,0.0012864289718102,3.55908604769871e-08,0.0007190712309898,1.54895660872731e-20,0.0002048499365979,4.32927034956117e-21,3.08224640258556e-06,1.57708474444299e-17,1.2052633569216e-06,-7.68E-17,3.3916042274694e-08,4.97059097439245e-10,0.0008934531343239,2.46507798132755e-05,0.0001626902929485,3.03685029727434e-07,-3.89E-21,2.3214263235890602e-23,2.3859276146849202e-21,-1.61E-18,1.04173845461448e-12,0.0097638604506342,0.0037258570886148,0.000205813390464,0.0001957094913459,0.0067986398898131,0.0034461122123524,0.0013836424964327,0.002845818788952,2.11079202792811e-06,0.0024813542337357,0.0037221471839275,0.003736020521503,0.014560189913027,0.0049892333627212,0.0092105283654382,0.0044239709299662,0.005814817868717,0.0023244865453505,1.39788805493136e-10,0.0034797674390779,2.36603514150781e-06,0.0041665019295913,9.78040091906973e-08,0.0041411690824829,3.09868099656087e-05,0.0034598008437352,4.61539364494805e-05,0.0021364374966356,1.0336852411923e-09,0.0003493227561877,0.0020420483597725,0.0029670838788605,0.000347243764895,0.0023746616295765,0.0003782328457565,0.0014602815528906,0.0036693906025434,0.0025599914106633,0.0083143473045349,0.0042228126289466,0.0090951388983558,0.0025340174850835,0.0085462038552984,0.0028146800606019,0.0102707088489892,0.003187977317711,9.21899973625277e-06,0.0002259206729218,0.0059503043460584,0.0010965923120518
2.96818137465432e-27,5.167391405404759e-18,-1.06E-30,1.70256658076324e-24,-2.29E-41,1.41428215912435e-29,0,-2.11E-39,0,5.33662793823004e-45,0,0,0,4.78243488507544e-38,5.72738902078475e-28,-3.50E-22,0,0,-5.69E-44,-8.57E-43,0,0,0,0,0,0,0,0,0,0,0,0,0,1.52597002352314e-38,-6.67E-24,1.3025377921227e-21,2.4863099920999403e-31,-2.06E-30,2.7815473809022703e-47,2.51460491233459e-43,0,0,0,0,4.41558942044657e-34,1.11605860836745e-31,-4.52E-23,9.22849817047744e-19,1.50298113729289e-41,1.7850387101376496e-40,-3.03E-20,-9.63E-19,-1.89E-34,3.47223113489929e-23,-3.72E-49,1.34443965731678e-39,0,1.77177711087592e-42,7.07228385414381e-18,3.75968460606223e-06,-1.19E-14,0.0006218120071699,-7.19E-29,-5.36E-16,0,7.8996935966013e-24,-3.76E-33,-2.47E-17,3.91491056886266e-12,3.63432579211131e-06,-7.19E-15,1.09362959222656e-11,1.4318401001009398e-42,7.85971351532002e-38,0,7.0897557319646e-48,0,0,0,3.6273430142848693e-40,0,-7.49E-36,0,0,0,2.38760119329917e-31,0,0,0,-1.34E-45,0,0,0,0,0,0,-5.76E-48,-9.09E-47,0,0,0,0,0,0,0,0,0,0,0,0,-4.82E-43,-1.89E-48,0,0,0,0,1.81986813548678e-47,4.21981923915996e-46,3.68609520314724e-43,1.62027543419293e-41,0,0,2.09264846182695e-45,1.97648102634891e-43,2.36878738178739e-45,-8.45E-43,9.00834727065954e-47,-5.02E-46,0,0,7.28675201448905e-46,-5.11E-45,4.734116433529791e-47,-1.17E-46,0,0,0,0,0,5.49528809539144e-48,6.30203521319992e-46,-6.21E-42,1.78481172824529e-44,2.1886594317522897e-42,-3.46E-44,-1.03E-40,0,0,0,0,6.79843134736422e-43,2.91746199474901e-42,0,0,0,0,0,0,0,0,0,0,0,0,0,0
0,0,0,0,0,0,0,0,0,0,0,0,0,0,0,0,0,0,0,0,0,0,0,0,0,0,0,0,0,0,0,0,0,0,0,0,0,0,0,0,0,0,0,0,0,0,0,0,0,0,0,0,0,0,0,0,0,0,0,0,0,0,0,0,0,0,0,0,0,0,0,0,0,0,0,0,0,0,0,0,0,0,0,0,0,0,0,0,0,0,0,0,0,0,0,0,0,0,0,0,0,0,0,0,0,0,0,0,0,0,0,0,0,0,0,0,0,0,0,0,0,0,0,0,0,0,0,0,0,0,0,0,0,0,0,0,0,0,0,0,0,0,0,0,0,0,0,0,0,0,0,0,0,0,0,0,0,0,0,0,0,0,0,0,0,0
2.07322191976419e-32,-1.67E-21,7.30018759622252e-37,-4.33E-28,1.03962541381986e-45,-2.87E-34,0,-1.39E-38,0,-5.80E-43,0,3.2066326414755497e-48,-6.11E-41,-8.67E-24,1.12999443873376e-30,-1.03E-24,-3.10E-46,-2.91E-40,1.29673968018026e-46,-1.03E-46,0,0,0,-5.62E-45,0,1.47328142891735e-44,0,0,0,-2.39E-43,0,0,-1.45E-42,-7.47E-26,-9.89E-19,-1.50E-15,4.34712230006934e-15,2.19310242839606e-13,-6.53E-33,8.24225120544097e-21,3.14595944366399e-37,-3.16E-19,0,6.39769433110742e-34,0.0003259751770064,0.0038163155650361,0.0011341652447203,0.0033474822273878,2.407878903667e-06,0.002961331570275,0.000117813666574,0.0036940053492484,1.84049851814689e-10,0.0037378407360324,2.5142797745186106e-15,0.0038544995538361,-3.06E-20,0.0003960878895095,-3.63E-20,2.68276165185998e-09,3.25252607030834e-05,0.001233224235986,-1.27E-18,1.08757727211522e-05,6.85263434044202e-39,-4.65E-19,-3.64E-23,0.000399560948195,0.000347277360895,0.0005907826881821,-1.89E-19,-1.31E-18,-1.19E-39,-7.76E-27,-5.45E-48,3.73329827250828e-29,1.37499422693988e-47,8.48660757573227e-31,-1.02E-42,3.5802219179604804e-24,-4.78E-42,5.27777663049565e-15,0,-9.47E-40,2.4307165982395499e-29,4.12328169842935e-05,0,-2.93E-42,3.39005129338861e-37,6.26447352520747e-06,6.03469842401834e-13,0.0003484701041216,3.77372183962677e-12,4.95613973351426e-07,1.79729057753864e-30,-9.40E-24,-2.34E-20,-7.99E-15,1.26768151515209e-13,0.0003499666104393,-1.77E-24,7.4955207962732e-18,1.57265752422366e-25,5.2341454588444e-16,1.9140942044797e-32,1.95663250025631e-25,-2.65E-43,7.27459541456474e-31,-1.03E-25,-7.66E-25,-1.38E-13,8.44573531767908e-07,4.49822597991824e-08,4.40211038639124e-18,1.73665545027026e-23,1.20562700703947e-24,-6.51E-41,5.86808492136394e-35,-1.46E-36,-5.09E-30,-6.23E-43,-1.89E-36,-7.03E-40,-9.12E-32,-8.48E-39,9.52290087785433e-27,-8.75E-38,-1.52E-29,-1.87E-41,-1.00E-35,4.9645166118771e-36,-1.22E-30,-2.37E-38,-3.15E-31,8.544156216680698e-41,3.10141970663345e-24,4.11111742056255e-39,2.8751998367552e-27,3.90207166268376e-37,1.8584114789653202e-23,-3.02E-34,2.61520525365796e-24,-1.07E-36,-6.27E-28,-4.50E-37,-3.67E-25,0,0,0,0,1.00485346053617e-39,-7.98E-41,-8.97E-47,-3.69E-42,-2.53E-37,-3.20E-32,1.49124389916328e-39,1.70453481556107e-31,1.1484992096578796e-40,1.3315031466653e-30,-1.26E-36,1.64828124765049e-30,2.13928431188926e-33,-2.09E-30,1.10894821528761e-30,2.10200166955936e-32
2.4353714497566397e-34,6.54125561295462e-10,-1.41E-35,3.86488895313157e-20,0,3.5562739210070204e-21,0,-2.41E-30,0,2.9059650375438e-34,0,-3.21E-48,0,-1.40E-18,-2.80E-31,-5.77E-23,0,0,-1.41E-48,-4.59E-41,0,0,0,0,0,0,0,0,0,0,0,0,0,4.68951878187334e-24,-1.20E-23,-1.85E-19,-1.06E-25,-1.18E-20,3.5331290009176804e-44,4.6448566649981497e-29,0,4.30031031087286e-31,0,-4.30E-46,-3.72E-23,-2.35E-17,-3.43E-19,2.93689789105875e-07,1.18588713252662e-27,-9.74E-24,-2.97E-18,0.0002921825165952,-9.20E-34,0.0004477109571621,-1.37E-41,3.19206289334151e-21,-1.48E-45,-2.08E-24,7.844333704525599e-23,0.0002315305719857,4.48736688654687e-19,0.001940237950042,-7.64E-32,0.0042575418144697,0,0.0004291015871451,2.66012602951591e-35,0.0039394401647277,2.76871685098952e-16,6.47908432986926e-09,1.82197293278835e-17,8.76470996647651e-12,0,2.50832163481671e-32,0,2.6153027492791798e-34,0,1.81599519232732e-39,0,1.09054837668927e-23,0,4.8546573506493e-09,0,1.8979592126796495e-36,3.7847357468556804e-44,6.46484491458711e-08,0,-1.59E-45,0,1.12291186632007e-22,4.282377184731289e-41,-7.82E-30,9.383871834541927e-42,6.880689051484429e-36,2.96230373892195e-47,5.01055879425e-40,6.87228609830115e-37,-6.38E-32,7.29948597039056e-38,-9.29E-31,5.98845497574708e-49,3.27671514419955e-41,2.29279756682717e-47,4.88216661572178e-41,0,1.7624489338077903e-46,0,0,1.5491572950929002e-45,-4.28E-39,-3.83E-30,6.00700731766201e-33,-1.40E-36,-2.02E-42,1.00056938408503e-43,3.7706814704097504e-45,0,3.76997058441932e-44,6.80241972973212e-48,2.17891253451876e-38,0,-6.05E-44,0,-2.16E-38,0,4.78777037941892e-36,0,6.8618388563304e-41,0,0,-6.03E-46,-5.62E-42,0,6.42821109568653e-41,0,3.50811169748469e-35,0,-2.58E-39,0,5.05962860250787e-33,1.37369136142711e-45,9.877283913345348e-33,1.00092747451773e-46,6.42868044898391e-37,0,-2.83E-34,0,0,0,0,2.50149147350546e-46,5.652517257595421e-47,0,0,0,0,0,1.29749857807853e-46,0,1.0769529770766001e-45,0,-2.77E-45,0,0,-9.98E-45,0
6.46529306814463e-31,-1.05E-21,-3.36E-35,-5.49E-28,2.9925666117431497e-48,-5.48E-33,0,1.58199838036576e-41,0,1.2697027926402e-45,0,0,0,2.46607889567557e-27,-2.87E-33,-6.57E-27,0,0,0,3.3899734405233704e-47,0,0,0,0,0,0,0,0,0,0,0,0,0,3.4246102254144104e-31,-8.25E-25,-2.93E-23,-4.91E-25,2.09166540043792e-22,-2.54E-41,2.6496023176328503e-31,-4.84E-48,-1.15E-30,0,3.1783483313818902e-47,3.02412056307697e-11,3.16573007801543e-06,8.44066371094681e-08,0.0003760800468665,-2.49E-19,1.0440701437159e-08,6.6624292294489614e-09,0.001963789132481,2.71541857163102e-15,0.0011029982526148,1.7934674791980302e-21,2.00959161000329e-05,-9.64E-31,4.9842866429464e-13,5.93473872231297e-21,4.700856014611311e-09,1.02237915843096e-09,0.0008746000290613,2.93096453210528e-20,1.73539121569103e-05,3.41678069028245e-47,-1.46E-18,6.37550018718003e-27,0.0006712276507057,7.1104119753122e-09,4.08674146901675e-05,1.53324075929279e-19,-1.47E-16,-9.50E-48,-2.81E-35,0,-8.21E-38,0,5.17543939031837e-43,0,1.3212436896157e-29,0,8.20699973496716e-15,0,8.128421305112841e-44,-1.72E-39,7.09557353753432e-06,0,0,5.47382212626882e-50,6.78002667759872e-14,1.12254853930777e-24,3.33653886904578e-16,-5.89E-24,4.96154451379087e-20,1.10971258342823e-40,3.20235205290718e-38,1.01541802625215e-29,-1.01E-27,-4.01E-26,2.4165485354399505e-17,-1.61E-35,-9.66E-30,-7.00E-35,-9.84E-28,3.6437388290563504e-45,5.43137540461895e-38,0,-7.71E-44,-9.27E-39,2.82904338126754e-36,4.5435029452284397e-26,2.11222553446259e-22,-1.03E-23,-3.26E-29,-9.78E-36,3.52683539704842e-37,0,2.38857692782639e-47,-1.62E-45,7.09134678238255e-41,0,0,-1.92E-48,1.80715371427723e-41,-3.12E-48,2.60281692471933e-37,-1.33E-47,8.078973927443049e-42,0,0,3.87459025385812e-45,-3.81E-43,0,-1.53E-43,0,2.0582060916275295e-36,0,-4.41E-39,0,3.25117492739078e-35,-2.13E-44,-1.34E-35,5.69475052607191e-45,-4.22E-39,7.792267161432391e-46,-5.68E-36,0,0,0,0,5.09563077936297e-47,-6.57E-49,0,0,0,-4.96E-46,0,-2.54E-45,0,2.23294548551175e-44,-3.32E-47,7.03532562335916e-46,1.16774872027068e-46,4.9159400900071186e-42,1.13656667336183e-43,-3.09E-44
4.47096078379302e-48,0,9.36389525455126e-24,-5.51E-26,3.04079624074173e-27,-3.33E-28,9.11249001367294e-48,-1.80E-47,-2.28E-39,9.14927716805476e-41,8.27867851957991e-45,1.03836456703917e-42,0,0,3.06270955366759e-33,1.31406853202873e-36,0,0,1.5650755132993902e-23,-1.48E-24,2.37636693266021e-38,-3.72E-40,-9.16E-44,1.25460884823551e-44,-1.70E-43,-7.55E-45,7.93127022802969e-43,1.75583184141866e-43,0,0,7.705363256242932e-45,2.94421751812927e-46,-2.13E-46,-3.96E-49,-2.09E-41,-2.00E-36,0,0,0,0,0,0,0,0,0,0,0,0,0,0,0,0,0,0,0,0,0,0,0,0,0,0,0,0,0,0,0,0,0,0,0,0,0,0,0,0,0,0,0,0,0,0,0,0,0,0,0,0,0,0,0,0,0,0,0,0,0,0,0,0,0,0,0,0,0,0,0,0,0,0,0,0,0,0,0,0,0,0,0,0,0,0,0,0,0,0,0,0,0,0,0,0,0,0,0,0,0,0,0,0,0,0,0,0,0,0,3.45368422704032e-46,4.84350321475907e-46,-4.88E-35,-1.07E-32,-7.79E-39,-8.32E-40,0,0,0,0,0,0,0,0,0,0,0,0,0,0
3.64267676339647e-05,0.0132373116655646,3.50567856702333e-05,0.0072485446184407,1.79773494020082e-06,0.0979129983870015,1.53582668859446e-14,0.0456764951831747,-8.75E-19,0.0530965708713615,-5.00E-17,3.57817168123919e-09,-7.06E-21,0.0018296657463031,0.0001478128111308,0.0003119593957092,2.95640700161814e-05,0.0003519374079094,7.71929717533519e-05,0.0006267466946577,1.58895308381262e-07,8.07597604035648e-06,9.756070843071673e-09,2.20817448345365e-06,1.86286022852818e-13,2.8131446481126703e-09,3.37102999240958e-17,1.35827481078417e-11,6.53815826621854e-17,4.39307003167736e-11,2.60982671352247e-25,-3.18E-18,1.05408354600427e-14,0.0006843228676985,0.000146065920639,0.0002324587931833,1.7364037184563e-06,1.51213635115438e-05,8.15938852108004e-17,0.0001960330329255,3.8292293006892005e-16,8.98417324473416e-06,2.97624163498918e-16,6.32606115552744e-05,1.1869279677245301e-17,5.44608917188095e-08,1.5660223134968e-18,4.50507645551533e-07,6.69552458502181e-17,1.30634222013582e-09,-1.92E-19,2.79463227366166e-06,8.22476809720098e-18,3.28172810569295e-07,4.2681898257026404e-44,-1.46E-20,-1.11E-24,1.97521477812437e-06,4.0542191315972e-05,0.0022434511141711,1.91056687358143e-05,0.0005765888499658,4.53813696084894e-14,0.00098446847688,7.014852280983751e-23,0.0018240579916751,4.80850457256033e-18,0.0003336568658488,8.28301414626695e-05,0.0001376877160719,0.0002016220427665,0.0002922506553307,3.10903766904091e-05,0.0011612457936609,1.02534264155035e-10,0.0011128943108624,3.25888961543271e-10,0.001196477922323,4.3254617187454015e-22,0.0013854238318527,-3.29E-26,0.0012630985883574,1.8668846252436704e-19,4.7875208350441e-07,-6.31E-29,0.0004275986533026,2.11526385537016e-27,2.58246520874546e-16,6.676670106305779e-33,5.83034595460089e-06,5.07780854521275e-42,2.6836526039674407e-15,1.65158450141578e-44,-2.04E-19,5.5571932561184e-17,-3.13E-12,3.23092632882756e-16,1.45770114290305e-13,-4.76E-32,8.27750730430407e-14,7.5914356209726e-42,9.084135293367729e-22,-8.94E-40,-3.20E-23,-3.55E-33,-1.25E-28,-1.14E-34,-1.79E-18,2.33054216793614e-16,7.96285307337829e-14,-6.60E-14,1.9527796519732098e-30,-3.61E-34,-2.15E-33,1.88579963748485e-31,2.61201048775253e-28,8.67691968892497e-06,0.0003680304911209,1.32195702592152e-06,0.0006399242029146,1.80073489794787e-07,0.0005368096799546,3.38490114136381e-07,0.0005652121053196,2.94503943530045e-12,0.000441230535664,4.77728152305609e-08,0.0001157126597517,8.803243217400149e-11,1.06452305885796e-05,1.13080601762904e-06,9.16010464415923e-05,1.17398341240663e-07,0.0003685141807396,-6.16E-20,0.0001926830790721,-8.47E-19,7.2826599501484e-06,1.76219501754323e-18,6.07535682197561e-05,1.02728534642431e-09,0.0001536761393966,1.13955917771936e-08,0.0002802091723953,3.76902614313536e-13,0.0005404726353299,0.0001477975708693,0.0005299327215412,0.0001880526172774,0.0008410198477184,0.0002711175519374,0.0007906717266867,1.95508085866001e-06,0.0009768237151941,8.89313019336861e-16,3.0996569587100002e-12,-2.23E-16,3.1985955762572e-07,-1.96E-15,8.55124227524055e-06,1.81429091704464e-14,4.52206128333273e-08,7.3252305008178e-19,-4.48E-16,-5.32E-15,4.0647949879597e-16
5.31292179427054e-33,-1.87E-21,1.75962363506525e-33,-1.16E-24,0,-1.08E-32,0,0,0,0,0,0,0,1.65950165619233e-46,3.56512821773224e-31,-1.47E-26,0,0,0,1.85373269202857e-45,0,0,0,0,0,0,0,0,0,0,0,0,0,-5.94E-49,3.11521029300704e-39,-3.02E-38,0,-9.41E-48,0,0,0,0,0,0,0,0,-8.50E-46,-1.21E-40,0,0,5.54269450961333e-44,-1.34E-36,0,1.40568048559175e-39,0,0,0,0,-9.04E-31,-5.44E-22,6.00856520355821e-33,1.1080798052683e-22,3.0494132907763204e-47,-6.12E-29,0,1.0580946377426898e-30,0,7.09902720415565e-30,1.2467978852522799e-28,1.03050599773407e-25,2.42707915954054e-27,7.57782854338514e-24,0,0,0,0,0,0,0,0,0,1.53635133637843e-43,0,0,0,2.31640929123995e-44,0,0,0,0,0,0,0,0,0,0,0,0,0,0,0,0,0,0,0,0,0,0,0,0,0,0,0,0,0,0,0,0,0,0,0,0,0,0,0,0,0,0,0,0,0,0,0,0,0,0,0,0,0,0,0,0,0,0,0,0,0,0,0,0,0,0,0,0,0,0,0,0,0,0,0,0,0,0,0,0
3.7999852686753e-42,-1.73E-24,5.97062487366324e-48,7.85479329036272e-34,0,-1.03E-34,0,-3.34E-46,0,0,0,0,0,-5.29E-39,1.43765667698355e-43,1.9604677921385305e-35,0,0,0,0,0,0,0,0,0,0,0,0,0,0,0,0,0,1.44878526291989e-43,-1.10E-37,-1.66E-36,-8.44E-40,-2.65E-38,0,-6.54E-47,0,2.0115812760846495e-48,0,0,1.42030135835446e-38,-8.16E-32,-1.14E-33,1.42973333245452e-25,-2.60E-44,-6.19E-38,3.15604732773465e-35,-5.72E-22,5.36484863830328e-49,-7.70E-22,0,-2.72E-33,0,3.11251297772195e-37,-3.02E-36,-3.78E-22,3.11096255680745e-35,-3.14E-21,-6.87E-48,-5.92E-20,0,-3.31E-20,0,2.9953350090259003e-20,1.98469676109055e-31,-6.35E-30,-3.00E-34,1.2439869826571298e-30,0,0,0,0,0,0,0,-1.65E-43,0,-5.74E-24,0,0,0,-3.59E-23,0,0,0,-2.40E-35,0,1.03959623608992e-45,0,0,0,0,0,0,0,-1.77E-46,0,0,0,0,0,0,0,0,0,0,0,0,0,0,0,0,0,0,0,0,0,0,0,0,0,0,0,0,0,0,0,0,0,0,0,0,0,0,0,0,0,0,0,0,0,0,0,0,0,0,0,0,0,0,0,0,0,0,0,0,0,0,0,0,0,0
2.7021062442468e-29,-2.19E-16,-5.47E-26,-1.58E-16,3.80442831590742e-40,-7.27E-16,0,2.34868204553019e-29,0,2.49341674863796e-36,0,0,0,-6.68E-34,-3.17E-24,-9.83E-20,0,0,6.64998760480725e-32,-2.85E-24,0,0,0,0,0,0,0,0,0,0,0,0,0,-2.80E-36,4.6674346104233696e-36,-1.13E-32,-4.00E-45,4.5020833402217896e-42,0,-3.89E-48,0,0,0,0,0,-1.47E-47,0,-3.05E-46,0,0,0,-1.49E-48,0,-1.21E-46,0,0,0,0,2.21724946245494e-31,1.41150784852508e-18,-1.38E-34,-1.25E-25,-4.29E-49,-2.33E-24,0,1.74401819805589e-22,0,9.42470977131172e-38,7.1849225215643205e-31,4.42265922062701e-32,-6.09E-25,-1.88E-21,0,5.19831547782833e-39,0,-7.14E-42,0,-1.56E-47,0,-1.20E-38,0,-1.93E-32,0,-1.39E-44,0,-5.71E-40,0,0,0,4.29903556141259e-47,0,0,0,0,0,0,0,0,0,0,0,0,0,0,0,0,0,0,0,0,0,0,0,0,0,0,0,-7.96E-48,0,8.38589549744383e-44,0,6.72623262875912e-48,0,-7.12E-44,0,4.76047794930574e-44,0,3.3443877430186597e-48,0,0,0,2.7584615439464897e-48,0,0,0,0,0,0,0,-5.50E-48,0,-2.82E-44,0,3.17593557060479e-45,0,-1.02E-44,0,0,0,-2.05E-47,-1.78E-43,-9.08E-43,0,0,0,0,0,0,0,0,0,0,0,0,0,0
-2.29E-41,3.53139224483535e-30,1.02866651939877e-39,-1.52E-31,0,1.10578046159848e-37,0,-1.43E-47,0,0,0,0,0,0,1.06156703784187e-35,1.7986882802414602e-31,0,0,-4.54E-45,-3.74E-39,0,0,0,0,0,0,0,0,0,0,0,0,0,0,2.0212791817229304e-44,6.71703243326962e-43,0,0,0,0,0,0,0,0,0,0,0,1.20249416498829e-44,0,0,0,2.35132774962614e-44,0,3.2260589049994603e-46,0,0,0,0,1.95552199823773e-40,4.9625508848852594e-30,-3.45E-42,-3.33E-31,0,1.93761463998126e-36,0,6.27473256641369e-39,0,-1.03E-39,-9.28E-37,-4.53E-32,2.52143163265028e-36,-4.35E-30,0,0,0,0,0,0,0,0,0,0,0,0,0,0,0,0,0,0,0,0,0,0,0,0,0,0,0,0,0,0,0,0,0,0,0,0,0,0,0,0,0,0,0,0,0,0,0,0,0,0,0,0,0,0,0,0,0,0,0,0,0,0,0,0,0,0,0,0,0,0,0,0,0,0,0,0,0,0,0,0,0,0,0,0,0,0,0,0,0,0,0,0,0,0
0,0,0,0,0,0,0,0,0,0,0,0,0,0,0,0,0,0,0,0,0,0,0,0,0,0,0,0,0,0,0,0,0,0,0,0,0,0,0,0,0,0,0,0,0,0,0,0,0,0,0,0,0,0,0,0,0,0,0,0,0,0,0,0,0,0,0,0,0,0,0,0,0,0,0,0,0,0,0,0,0,0,0,0,0,0,0,0,0,0,0,0,0,0,0,0,0,0,0,0,0,0,0,0,0,0,0,0,0,0,0,0,0,0,0,0,0,0,0,0,0,0,0,0,0,0,0,0,0,0,0,0,0,0,0,0,0,0,0,0,0,0,0,0,0,0,0,0,0,0,0,0,0,0,0,0,0,0,0,0,0,0,0,0,0,0
5.79670916231254e-07,0.0007308976332825,0.0001264884871447,0.0013941040235602,1.27268368840058e-09,0.0008002981337351,-3.21E-21,0.0002967507889803,-2.50E-21,1.91883122005164e-05,-2.40E-32,-3.57E-19,3.04289972171724e-26,1.46488048774067e-06,0.0019716611982167,0.0019863764527638,1.28660863496283e-19,3.01830896015419e-16,0.000903249237698,0.0013106574831207,-3.03E-22,-3.42E-20,2.46587628963005e-26,-4.13E-18,2.34449464245415e-31,-6.08E-20,9.090742983217713e-31,1.94180993407292e-21,8.253667543942809e-34,-1.65E-19,-2.42E-40,-2.97E-24,-2.95E-22,6.73763557608163e-06,0.0001514922863583,0.0008559840870526,1.13697510707476e-15,4.763788397511131e-15,-3.65E-29,-2.41E-18,-8.37E-33,-3.09E-21,-1.72E-31,4.740838758508189e-18,3.61804277644827e-32,-4.15E-24,1.43501595711771e-29,3.84801659101317e-23,1.38742865797104e-30,-8.35E-22,-1.86E-30,6.97576433510358e-23,1.68072520824943e-32,-9.54E-26,0,1.2532601532466799e-34,-4.52E-38,-2.74E-24,5.37069537885156e-09,0.0001147594562641,3.9413153454259495e-12,4.62999010481703e-08,-1.22E-25,-9.04E-16,-2.86E-31,3.63827784565473e-15,6.47147833066637e-33,-1.42E-21,1.46461000912376e-06,2.73072804218398e-06,0.0004258316914893,0.000868446778166,6.382327785339e-14,0.0002798886527435,8.32808416560242e-20,5.38733682477249e-05,3.29922541932375e-20,1.90798488678505e-05,3.85522999258284e-32,2.00811128555338e-15,2.74875390282528e-35,-7.15E-18,-6.17E-37,2.74642389327052e-19,-9.39E-42,-3.62E-24,1.5621693840537601e-44,-6.13E-29,6.74681419995389e-45,5.82545012684801e-28,-8.79E-47,5.10962854275076e-31,0,2.23794503839979e-31,7.13998836550519e-32,-1.83E-24,1.4147672767481e-30,-7.05E-25,-3.50E-41,1.56354918507023e-28,0,3.6102712998859e-33,5.78044899115229e-45,-5.35E-34,-2.21E-42,-1.86E-35,-1.18E-45,3.1509220986540495e-30,3.0466594118749204e-31,-5.69E-27,-7.21E-28,2.09694196665423e-37,1.7806083296841e-39,2.96893774597933e-38,-1.47E-38,5.89320159899832e-38,-1.02E-15,5.26095564341619e-08,1.67344479044844e-16,8.97142299836964e-07,-2.90E-17,4.03611315169816e-05,-5.08E-18,1.7404291075331e-05,6.50300210876317e-23,3.29484141109549e-07,-5.78E-19,4.7401202298007295e-11,-1.64E-20,7.25692483993485e-16,-1.25E-16,1.3159216360073599e-11,-7.81E-19,8.0877247306441e-11,2.2241134182611698e-33,-2.45E-16,5.63665548358029e-30,1.79756632801649e-17,-9.43E-29,2.72525352747924e-16,2.66573624465783e-19,1.07830114494603e-09,8.51593835665815e-18,9.47830047261559e-09,-2.85E-22,4.82698159917638e-08,-1.66E-17,-5.00E-16,5.48410585219367e-06,4.51445664370864e-06,0.0001764948573797,0.0004738539016916,2.50811700408987e-20,3.2148112555902e-13,-3.71E-27,7.968932903346931e-25,-2.59E-27,-1.25E-19,-3.47E-27,-2.74E-18,-1.18E-25,-2.77E-19,6.99505779579047e-33,2.91959928277832e-30,1.43029320088586e-24,7.101198139480309e-30
1.4868369023384898e-11,5.99529716583713e-05,-6.64E-15,5.44834926505202e-12,1.8123108009827e-32,-8.25E-21,1.18799869807884e-46,-1.97E-29,0,3.0263948091754104e-35,0,0,-3.67E-41,-1.99E-21,1.80976599289195e-13,5.29131267671141e-08,4.57753683732076e-48,3.79449281929742e-45,6.71764350705175e-35,4.054258225392e-34,0,0,0,1.45772659040501e-47,0,0,0,0,0,0,0,0,5.42811753054393e-40,8.69518149227415e-22,6.89912260901075e-08,1.08626785090155e-05,5.87514487053425e-16,1.09645853353257e-08,-3.67E-35,1.1664614386420901e-23,-2.37E-46,5.19112285037185e-29,0,-1.07E-41,-1.85E-23,-7.58E-14,-1.95E-16,3.32010346260123e-05,-1.04E-29,-9.24E-21,4.7359054258402e-17,0.0002392064987474,6.58573492505329e-24,1.11069904151157e-07,3.85133703863981e-46,1.09769893269712e-26,-7.15E-46,-3.62E-23,3.13077642126132e-07,0.0018997240241328,9.39130580704278e-09,0.0049422984977386,1.39103459408839e-21,0.001318910582041,5.408181831987109e-36,4.69043103904536e-06,8.78066111847644e-27,0.0004701959602085,6.98999477590522e-05,0.000807961651008,0.0003909712429829,0.002543501644221,-2.08E-34,7.952179730202102e-22,1.4528336030278602e-46,3.70772835371009e-29,-2.53E-46,1.62663058110736e-33,-7.03E-44,4.7820007616760804e-23,2.5054458980403497e-42,3.25171432171432e-16,0,-2.46E-44,-9.38E-39,-3.74E-15,0,0,0,4.68417234538391e-27,-7.47E-44,1.24875984885166e-33,1.28337372357372e-44,8.11804694923506e-38,3.83547496492288e-43,-2.35E-37,-1.02E-34,-4.70E-30,3.98701887040427e-38,-3.65E-31,0,-9.77E-46,0,6.531125496388771e-44,0,-5.85E-48,0,0,-3.89E-44,1.03512716731905e-35,1.01632035334525e-26,6.36600174431554e-32,8.21595549109573e-40,-1.14E-44,1.27546347291634e-45,6.88137638730937e-47,-3.21E-37,-2.41E-31,-3.08E-34,-1.24E-24,-4.98E-41,-1.24E-31,-5.86E-36,-3.63E-27,5.25209839116906e-37,-6.00E-24,2.89684973992833e-36,-1.91E-29,-2.01E-43,1.79628421408713e-39,4.2995278802852e-35,-1.90E-29,3.31836619472378e-36,2.0258951781885497e-30,1.24289081183592e-45,3.60536217830759e-29,-8.29E-45,1.6942729400612398e-30,9.43605568851461e-42,1.64210163745863e-26,-2.58E-35,-2.17E-22,1.43897792988694e-34,-4.89E-25,-3.16E-36,-2.35E-22,0,-1.33E-48,-1.63E-46,6.78483631453567e-47,-1.90E-29,1.04785616700271e-30,-3.27E-46,-2.16E-41,0,7.11428451118753e-44,0,-1.01E-38,0,-1.70E-38,-2.08E-43,2.90606797426129e-38,0,3.9659390499759e-46,7.236880938331669e-40,0
1.29097933933664e-05,0.0016519422786627,5.07351829964202e-07,1.30777436340128e-05,1.07723449465159e-14,2.26616729118277e-10,-1.14E-27,-3.81E-19,5.9417346236933696e-33,2.23714212551867e-24,4.42810582208309e-37,9.437349316532829e-30,-1.12E-16,6.02173599306618e-05,0.0001906464840857,0.0005515274624586,-1.42E-22,-5.19E-23,2.2633553674696501e-23,6.97396331110053e-26,-4.76E-31,9.00101029223317e-30,4.18955566108117e-26,-1.42E-26,3.33971217990005e-27,-3.06E-28,2.41322806125031e-38,-3.50E-33,3.00224657615322e-28,2.30026441226542e-28,-1.50E-45,3.59389532224406e-32,-1.36E-16,1.56203358189971e-05,0.0011122009819108,0.0012357594443297,0.0035077550629347,0.0032746677704475,2.87627072442356e-06,3.22011123756297e-06,1.04180227970658e-14,-6.19E-16,-3.92E-23,4.17724965216046e-23,0.0001239361244499,0.0002228876691102,0.0024073392948007,0.0028354689715371,1.24088192158496e-07,1.19835528960974e-07,0.0006354949924516,0.0022562885593223,1.19780406768871e-07,0.0010740984123846,6.04458527495611e-21,-5.61E-18,-1.01E-19,-6.13E-17,4.44724672564825e-05,0.0034968607975918,0.0004579846815564,0.0046835086155644,5.746418240268131e-09,0.0032008796504791,-7.18E-22,0.0020654365259881,1.51489390578958e-12,0.003333270381692,0.0039000542498083,0.0042260629245725,0.0027179361449096,0.0048996510600538,1.45646501534609e-08,1.40442670586294e-06,4.30283190748488e-18,5.5083107626151e-13,1.84809068414836e-19,-1.78E-17,-1.75E-16,4.5894900570906e-05,-1.56E-20,0.0002198174186667,3.75840197950519e-29,-2.28E-22,-1.15E-20,4.25925634783386e-05,-7.43E-36,-1.59E-28,1.82787484568282e-30,1.88570491785111e-19,-2.62E-21,-1.49E-25,2.74618193099083e-23,7.33944659475256e-26,-4.02E-15,2.1550963139328694e-16,2.0585039076073e-09,1.94500365377136e-12,7.38866859195566e-17,-1.60E-18,-2.55E-28,9.11950684357588e-31,-4.15E-25,2.1190388547714198e-26,1.27633012876626e-25,-1.75E-25,4.20074098371334e-32,2.83861161849353e-32,3.3031886842477e-18,2.13488202072026e-11,4.2589065126829e-07,6.325270357420802e-16,-1.83E-21,2.1649627336819897e-22,2.18340353492988e-23,-2.13E-21,1.14349136534921e-12,7.95277612702347e-14,1.41428048736602e-05,6.1384720202781e-07,-6.06E-16,1.31994532032064e-16,1.07095890994205e-08,4.89642917663607e-10,3.48424139027516e-07,1.63584697501788e-06,1.0181530554689e-07,7.900239131116321e-09,-2.99E-16,8.36359170757316e-16,1.5081815881125e-06,2.29313979296833e-07,2.17016802563808e-07,1.91174820815784e-08,4.736809573501099e-13,3.93629257769376e-11,5.917674839903179e-11,1.1647050481533598e-11,3.1734512100906903e-09,8.85353482438983e-08,4.26523961935812e-05,0.0001768365150441,1.23346672407733e-05,7.00072694021191e-06,5.73022756410921e-06,8.01189362164223e-05,1.56408867753096e-27,8.12826099938205e-30,-3.23E-34,-9.72E-35,6.1311066055352e-16,2.31258543287125e-18,1.3952497849731003e-21,-5.35E-22,-5.00E-19,-3.82E-19,-1.68E-17,-3.01E-18,-3.61E-18,5.1759655333738115e-19,4.055510822883561e-15,-5.86E-16,3.86107762021276e-20,1.07592414040536e-20,8.780415659789022e-15,-1.74E-19
-1.36E-27,1.2730533121081399e-11,5.37686013941927e-27,-6.52E-19,8.904984353014231e-45,3.33629164565235e-27,0,1.77468017012896e-37,0,6.42774009499677e-44,0,0,0,-8.05E-36,-8.23E-22,-3.35E-17,0,0,1.95628023566235e-37,-3.00E-35,0,0,0,0,0,0,0,0,0,0,0,0,0,-1.07E-32,8.28936184784303e-25,-1.27E-20,-4.83E-33,5.50217203625216e-27,0,-7.54E-37,0,-5.49E-43,0,0,3.42965432437277e-34,3.37765685560193e-27,5.73201492000948e-27,5.380461762892801e-15,1.94257218451076e-40,1.21860395633155e-35,6.632003809754129e-28,2.1738530904143e-11,-1.16E-37,-1.98E-17,4.09518679797369e-48,5.74877346406473e-35,0,1.44039914020281e-37,-3.57E-19,8.06479082164384e-05,-5.86E-19,0.0004843156838128,-7.62E-34,1.07817919269899e-07,0,-1.97E-21,1.15973188576821e-36,2.32294229213704e-08,2.57468064188432e-11,1.0694447750425e-05,1.27341072825718e-10,8.10272168461874e-06,0,2.60005591472409e-32,0,3.31610961114696e-39,0,-4.64E-43,0,3.10139113116652e-35,0,3.75787735315567e-32,0,0,0,1.30195407947531e-29,0,0,0,-3.19E-43,0,2.89304497633703e-43,0,-1.65E-49,0,3.38477889933531e-48,0,-1.16E-43,0,4.035033073015799e-43,0,0,0,0,0,0,0,0,0,1.5365114740403698e-48,6.093038006320199e-43,1.88901454035161e-45,0,0,0,0,0,-1.10E-44,0,2.3084502581615202e-37,0,-2.05E-42,0,7.6680511862809e-38,0,3.1152319146298296e-36,0,-7.31E-43,0,0,0,1.49370692604702e-45,0,-5.31E-43,0,3.38132943758344e-42,0,-2.54E-43,0,-1.63E-40,0,1.7269873361011e-35,0,3.72657783762396e-39,0,3.2927972111693e-35,0,0,0,0,1.2743709340025e-44,-1.44E-41,0,0,0,0,0,0,0,0,0,0,0,0,0,0
4.96516173459212e-08,0.001628226203634,2.79150109776927e-07,3.80183280319125e-05,3.79968932150572e-26,5.93396274571239e-08,-6.64E-38,1.11031087403323e-20,-4.51E-43,1.38409697468409e-26,0,-9.40E-33,8.83051928459896e-29,3.84332512704806e-06,2.19488179868546e-05,0.0005104381815131,6.33299365363308e-32,1.99241957911401e-31,4.0464635521566e-27,-3.33E-25,3.18917394311381e-39,7.31551974501744e-37,3.57959115683603e-38,1.61888692863952e-33,6.89553496140346e-44,9.57847836042146e-36,0,3.75575439562405e-39,-5.76E-46,1.0314511695531e-33,0,-1.49E-36,5.838866416286069e-30,3.69043797471286e-07,2.82938922352575e-05,0.0005020725583929,6.80441558544767e-06,0.0002545882382515,1.41731806343777e-23,2.9280935991716e-11,-1.04E-32,-2.23E-20,2.32976373062945e-40,5.6814430356108495e-28,8.93799038137837e-18,1.34323972255335e-12,2.23189538653434e-10,2.73349953686402e-05,1.9097174882825002e-22,1.4269432849348001e-15,1.65227884211288e-13,0.0001568369444207,-6.57E-21,8.28741392179826e-07,1.13062291786981e-39,-3.63E-26,-2.85E-35,-5.62E-23,1.11007838753797e-08,0.0018838832169648,1.69529885837178e-10,0.0032576420877526,-1.62E-19,0.0035919100173545,-7.40E-29,0.0013674775307449,-1.02E-23,0.0009035761758256,4.60057161817244e-05,0.0012390097019389,0.0006614732758591,0.0028715077010955,3.5771792727638e-25,1.17888233270867e-10,5.99946914469549e-34,3.46245820273994e-18,-4.81E-32,-4.75E-22,8.97778039968458e-32,5.47459195426728e-08,1.4373285605878e-31,1.12452368464546e-06,-6.00E-47,1.2743217837728502e-25,-1.17E-33,3.6973751646370896e-12,0,1.16158740051916e-33,3.8262837735938e-44,1.73451436995785e-22,-1.40E-35,-5.31E-32,-7.30E-36,-1.65E-33,-6.51E-28,1.84063927508101e-22,9.27279427653887e-23,1.77063079740079e-18,-1.43E-30,3.69013141236084e-26,2.08463892941792e-39,5.22472431456449e-38,-2.27E-37,-1.99E-33,1.99681612743874e-36,4.72022909950102e-33,0,-1.06E-39,-1.03E-27,1.07650187624837e-19,6.2177968491655e-17,2.64100511675028e-25,-1.89E-29,8.55742217500047e-30,9.045554629253933e-31,1.54379763495787e-29,2.2143103434675e-23,-1.84E-20,-1.57E-22,-7.69E-17,-1.35E-27,-6.75E-23,3.64986853193604e-25,-5.10E-18,-4.07E-25,3.75699156600482e-15,-1.09E-23,-2.01E-18,1.85954305644941e-27,-6.88E-23,-4.66E-22,-3.75E-18,-1.51E-24,-2.07E-18,3.67751394278855e-33,-1.58E-18,2.7299309192776997e-31,-6.90E-20,6.326370454954189e-30,-6.03E-17,-4.99E-23,9.48225128308299e-12,-1.08E-21,1.0232180405946201e-15,-7.28E-24,5.27899502247762e-13,-1.57E-36,-6.53E-36,-1.53E-38,-4.08E-37,-9.88E-23,3.09059563265525e-23,9.3806716183961e-32,-7.04E-30,-3.90E-30,-6.95E-27,-3.66E-32,-8.78E-25,-7.91E-33,-4.54E-25,4.09453527367112e-26,6.24867765453593e-23,-8.09E-32,-8.76E-29,3.3327529076607903e-23,-3.37E-29
7.967890945325791e-24,1.94548527992841e-25,4.75702797142227e-18,-1.29E-17,3.10213009068817e-23,1.11923802949848e-20,7.42304388262755e-40,4.24426905410507e-29,1.53124058279386e-41,6.356305136549719e-30,0,3.87477641948557e-38,1.24102849826338e-48,4.7622248918963396e-40,2.15197312400516e-17,-1.14E-18,-4.81E-41,-1.93E-40,-3.78E-17,3.5234613438177104e-17,1.72089344800631e-41,-5.43E-38,-1.00E-46,9.76307681579916e-44,0,-2.12E-42,0,-3.80E-41,0,8.394099400552149e-43,0,-8.49E-42,4.43356730624061e-43,-3.43E-37,1.30933575999084e-27,5.20432079804557e-25,-1.20E-44,2.0548891659688502e-46,0,0,0,0,0,0,0,0,0,0,0,0,0,4.95859329201988e-49,0,0,0,0,0,0,2.05975279706732e-29,-1.64E-28,5.56941889871607e-35,1.43741565403328e-33,2.0145598151402802e-44,-7.74E-38,0,-9.09E-39,0,-2.53E-45,-5.71E-32,-7.85E-35,6.82949016082689e-24,4.817133882319521e-25,2.99548227001304e-36,-1.46E-35,1.39386068797075e-40,2.58551132994357e-39,8.84690415967581e-43,-4.24E-43,0,8.69128640900257e-45,0,2.20210417698418e-45,0,4.608025471391e-45,0,0,0,0,0,0,0,0,0,0,0,0,0,0,0,0,0,0,0,0,0,0,0,0,0,0,0,0,0,0,0,0,-8.62E-42,-3.25E-42,2.0798398323656e-43,-7.28E-42,-6.37E-43,3.9740891710578096e-42,7.6731499651338e-42,-2.41E-42,-1.89E-44,-3.70E-44,-1.85E-44,-6.67E-44,0,0,-4.99E-44,-9.41E-44,-1.51E-44,-5.33E-44,0,0,0,0,0,0,-2.18E-45,-4.50E-45,5.626266014657541e-45,-4.74E-44,-4.81E-44,-3.33E-44,-2.43E-38,-1.47E-36,-3.14E-32,4.29378726739987e-25,7.40410188892299e-28,-4.75E-28,-7.95E-42,4.24770681914449e-42,0,0,0,0,0,0,0,0,0,0,0,0
1.91157218033286e-06,0.000445200646543,6.0009331529198e-07,0.0001037181056488,-1.65E-18,1.35363071181116e-06,8.78312504941099e-37,-1.10E-18,-2.83E-41,-2.91E-23,0,-3.03E-31,1.4338730402413e-30,5.94587802815132e-05,3.05721565484971e-05,0.0003280433797452,7.575818412442129e-36,-1.56E-33,1.3890121931233e-23,5.92289657753073e-21,2.8665957302105e-44,3.63764165164793e-41,1.7400607233588298e-43,-9.10E-36,-3.18E-48,1.90104118732558e-38,0,-1.98E-40,-2.16E-48,8.84760628845016e-33,0,-4.39E-36,6.795628269722609e-30,1.75273604061281e-06,2.49359571100622e-05,0.0001305397285793,1.47042516892207e-07,2.18115837179107e-05,6.77867121438898e-22,8.63021758350844e-09,5.3588969760938e-29,2.1445858087052504e-10,-3.85E-42,1.16105525688363e-27,3.5695958283091e-06,0.0005675268698595,0.000195600026642,0.0014878718805864,4.84324424416409e-10,3.80582374304088e-05,2.81336433556684e-05,0.0016036096202314,2.74579189477912e-14,0.0011903996954686,-1.88E-23,3.40137195541879e-09,1.55313509338391e-25,2.35599128465283e-06,5.82928078464827e-05,0.0009764313728887,0.000138608625881,0.0024973473084941,5.5534150133827586e-11,0.0018487037130723,-2.84E-29,0.0012713722357367,3.45037113279218e-20,0.0022830167679984,0.0007446123437187,0.0012452207776701,0.0007369633540045,0.0013211986545871,-2.92E-22,8.039763205604379e-12,1.98986777471987e-34,7.73269068177314e-17,-9.19E-35,-2.26E-23,4.11309119448064e-32,6.63576556092746e-06,6.001427466061e-34,0.0005082796884476,-6.82E-49,1.24152831134189e-24,-8.48E-29,0.0004606032138322,0,2.46573013356018e-30,9.2870378106912e-37,5.79544019269905e-08,-9.22E-25,-2.15E-17,-5.71E-26,5.314729450752889e-22,9.95138758177218e-24,-2.94E-18,-1.54E-18,9.84580105570478e-14,5.415274241515231e-20,4.04838078754034e-13,1.39094451131213e-34,4.806609304406941e-25,-6.28E-31,1.32360966841801e-24,1.00485169068879e-32,1.28247666801645e-25,9.71725554466377e-41,1.47854284922215e-26,-1.52E-20,4.758902207531219e-16,-1.06E-12,7.85257619741619e-14,4.54505327266946e-20,-1.07E-24,9.0465150098041e-25,-3.71E-24,1.04591388808624e-24,-1.47E-23,1.11737361726246e-20,3.2807956428336003e-16,8.73427848893154e-29,-1.81E-24,-9.45E-24,4.28290805040302e-19,1.6013860969017e-24,-1.53E-15,1.22976887995511e-22,1.50460254079294e-18,-1.95E-30,-3.83E-27,2.83760281562977e-21,-7.22E-20,8.56776970343129e-23,-1.80E-19,-1.67E-30,8.09878820268167e-16,5.28036103851744e-30,4.80045667536387e-17,-6.07E-28,1.4350427366459102e-15,1.06619546176364e-20,-4.32E-15,1.30265641700346e-20,4.80402700865035e-16,2.10074458121362e-22,-2.94E-14,-2.11E-40,3.080517726986869e-40,4.57954471371944e-37,5.9879495741274e-35,6.6110470207608e-22,-6.41E-25,-5.59E-36,9.28193841696057e-34,-8.29E-30,-1.87E-24,-2.00E-32,-1.83E-22,-6.29E-34,-7.72E-23,-2.85E-26,-3.93E-22,-2.26E-29,-3.15E-22,2.64288194698192e-21,-3.14E-25
-2.82E-17,0.0005584878378285,1.0749263947947802e-15,9.12889463159672e-06,9.98883483723157e-33,1.25994596732962e-07,-2.87E-47,-5.43E-25,0,-4.14E-31,0,8.116788873735e-47,-2.38E-45,-6.15E-22,7.64224110303601e-15,7.65966734983482e-07,0,0,5.74733714094107e-26,5.873549709551061e-23,0,0,0,0,0,0,0,0,0,0,0,0,-1.29E-43,9.8297265129162e-24,4.47364835986921e-13,5.77095146979276e-11,2.1082090685547e-24,-3.60E-22,-2.60E-40,8.960019527701969e-30,-1.79E-49,8.39313605974641e-34,0,2.57658104730692e-45,5.56108279069681e-31,-2.24E-26,1.06496546503237e-27,-6.23E-22,5.41292285250186e-39,-6.47E-31,9.61945138469787e-27,-2.64E-20,2.93960685338624e-31,-1.99E-24,0,-5.95E-41,0,4.5529515262003595e-34,1.71157704474608e-10,0.0010725672471043,1.06688879616772e-11,0.0002658219235062,6.48721393985939e-26,2.62292936375871e-06,9.95872750925573e-43,2.81709962430825e-07,4.24786991621487e-35,-2.76E-18,2.50234241458381e-06,9.30429637424042e-05,5.33117631684959e-06,0.0004873000594321,-5.04E-38,3.15774650149768e-24,-1.41E-48,-3.38E-31,0,-2.09E-36,3.19184650207319e-47,-2.03E-25,-4.92E-47,-2.97E-22,0,-2.78E-38,-5.61E-47,-6.95E-27,0,-7.20E-47,0,-6.36E-36,-2.49E-48,-1.46E-43,1.47972382716454e-48,-4.14E-43,-3.49E-45,4.57776835587959e-39,1.0284352298415596e-40,-8.91E-36,5.138749245982171e-44,-2.48E-39,0,2.40438149426519e-46,0,-5.18E-46,0,-2.17E-48,0,-2.13E-46,4.55304385926545e-44,4.4636282288195e-38,1.33824924550689e-33,-2.54E-39,1.9213679974763006e-45,-1.15E-46,-1.60E-46,-5.47E-47,2.2670452238045197e-40,9.4555220067272e-36,5.15544600774029e-38,2.77308147736972e-29,1.1459112640120501e-45,5.57825556175569e-37,1.80918816478987e-40,2.55268575069148e-30,1.05532641651419e-39,1.3999327486114e-28,-5.00E-40,3.03190488730001e-34,0,3.37187442978159e-43,-3.49E-39,7.113396618611991e-35,-4.24E-40,1.9200825367118399e-34,0,1.54023090433365e-33,-9.27E-47,2.12027549709992e-35,-3.62E-45,1.52069275273981e-31,-8.86E-39,5.7212545439740695e-28,-1.27E-38,8.92259573384295e-31,3.73486581485799e-39,1.55748088084722e-27,0,0,8.10160595403104e-48,1.09302631778355e-43,-6.06E-33,5.35408263761609e-33,0,0,0,7.114284511187531e-46,0,1.54996377540333e-41,0,1.87303472834044e-41,-4.98E-46,2.5035142797459797e-41,0,2.6439593666506e-47,-3.96E-42,0
7.05493591351574e-06,0.0002142573229163,1.12073180856341e-06,1.89164715151963e-05,-2.14E-20,9.18761110696507e-12,-2.38E-37,8.84976009099746e-23,-4.65E-45,2.8424938166069197e-28,0,-2.43E-36,1.14995431240192e-27,2.75146747876534e-06,2.43894981777699e-05,0.0001504149070791,1.11293189650175e-41,-7.40E-36,-6.34E-26,4.8721366368014e-23,0,-1.70E-47,0,-7.87E-39,0,2.34243264941937e-40,0,-1.87E-44,0,-1.13E-35,0,1.84220090746542e-41,3.61625478562368e-27,1.41940588581068e-07,8.34561432119415e-05,0.0001300618986067,6.43243253119847e-05,0.000176409492322,1.9106262547387e-20,1.71103815263458e-08,6.74268968048264e-27,2.10498856545209e-09,-1.35E-44,-1.63E-28,0.0003339212443415,0.0013429290076798,0.0012157427524102,0.0028976738131665,6.93853141851221e-06,0.0004019004130787,0.0004264917208769,0.0036572170572946,3.40027961536964e-07,0.0031032500366225,2.88381044269638e-11,0.0008938685501044,1.01127832599413e-19,0.0002929224169777,0.0001218868838892,0.0006309641772239,0.0008564486354229,0.0040474481326506,1.20582762887829e-06,0.0013622972838198,2.5144227913495902e-25,0.0002704722452803,3.35498823002955e-12,0.0022965212308639,0.0012930804865572,0.0016937660466841,0.0008513039538309,0.0009510014063611,-8.61E-25,1.87787476294903e-12,-1.46E-32,-2.64E-18,-2.84E-35,-3.68E-24,2.95498882372371e-29,3.65003599194049e-07,-9.82E-30,0.0001157293738523,0,-1.24E-28,4.98236374641974e-24,0.0007885029365446,0,1.2776050487820402e-31,4.55230610883293e-31,0.00020278291647,7.05629868611584e-14,8.9000045087792e-08,8.645760920977021e-15,1.4053778909945e-13,2.98074059218982e-24,1.65546700639483e-16,1.12264454279462e-13,8.96901917182553e-10,1.08409326704795e-12,6.82748935399717e-06,-1.92E-29,-3.96E-22,5.28760196119545e-26,-5.34E-18,-3.36E-30,-4.98E-23,1.42789272502406e-41,8.05395067565795e-24,-1.17E-22,3.3650192355270306e-15,2.80463456274067e-08,1.09458188280732e-07,3.030475730926e-10,-1.21E-17,4.19095355255699e-21,-2.27E-23,5.30586745374109e-27,2.13920316355718e-22,2.57126844460623e-23,8.03850781391138e-17,-3.87E-32,3.6821292537222996e-27,-3.37E-27,1.34340314572742e-18,-3.52E-26,-7.16E-16,-8.54E-26,-2.04E-18,-1.26E-34,-3.76E-30,-5.41E-24,-8.96E-19,-1.09E-25,-4.25E-19,2.4212808449185e-29,-1.95E-15,9.46338165474604e-29,-1.15E-17,-9.71E-27,-6.47E-15,5.13597806148284e-23,3.43526813231939e-14,-7.15E-24,2.76720583320318e-16,5.56124009077006e-24,-1.80E-14,-2.79E-46,5.81844069746688e-44,3.589405784702389e-40,5.26951696946414e-39,3.73047976040701e-20,1.7305329016353202e-25,2.7741427476180694e-40,-3.71E-36,-3.86E-33,6.252976693389598e-29,-3.20E-33,4.41188695190869e-24,-3.34E-34,1.01982618422593e-23,2.63586959157594e-30,1.0110248412549e-24,4.1660273044832696e-30,-3.50E-28,7.56739400369474e-26,3.08665840981783e-29
1.35880578530558e-19,0.0001231756234288,-5.92E-21,6.70503827865426e-08,-5.85E-38,2.5937254680777e-07,0,-1.89E-23,0,-9.88E-30,0,3.3234342354413e-44,1.46411755400905e-43,-2.59E-18,2.3688496742506305e-17,8.78990679596385e-13,0,4.54209751905547e-47,-4.04E-35,7.905250397918689e-30,0,0,0,0,0,0,0,0,0,1.40192292888111e-46,0,0,1.3174235675063e-41,-3.06E-20,-1.34E-14,3.80738993696576e-14,-1.64E-20,-6.46E-15,4.42682062542347e-38,-3.45E-26,-2.16E-45,3.23511490389003e-30,0,2.8852079086832493e-40,-5.71E-27,4.442588831362289e-22,-3.05E-14,2.85564835836022e-06,-5.18E-32,-2.81E-27,-4.60E-15,1.48274719366333e-05,-3.20E-28,1.65832864869229e-09,-4.81E-42,-5.84E-30,6.301594891432112e-45,4.091947340670711e-31,3.5161041732897804e-15,0.0006358270776873,-4.22E-14,0.0015395969840352,-2.73E-27,0.0011550857823341,6.33823404489116e-41,0.0001057228107937,-1.89E-31,0.0001937919716975,9.36717484746156e-10,4.4972075524234e-05,1.02344201586094e-10,5.16360354741333e-06,-1.61E-37,-1.01E-20,-2.71E-47,-6.54E-29,0,-6.98E-34,-3.60E-46,3.26949456640412e-22,8.04861650622105e-46,-1.94E-18,0,5.41575291349599e-35,-2.37E-43,7.13364234492799e-21,0,-1.63E-42,0,3.81507081219784e-30,-2.05E-42,-1.55E-36,-6.22E-45,-5.49E-39,-2.23E-42,-2.46E-36,4.35601456263272e-38,-9.19E-33,-5.06E-40,9.07127289371657e-35,0,-2.54E-41,0,6.54167913169918e-41,0,4.484306647787041e-44,0,2.7938498297449698e-43,8.662370088251829e-42,2.9095421560711896e-36,-1.27E-30,4.77505839349452e-35,1.6692221132808202e-39,-4.82E-43,-6.01E-44,-2.39E-45,-3.46E-40,-1.54E-33,-1.40E-36,-1.08E-24,-2.26E-43,-4.58E-34,5.00558424338303e-39,-3.39E-25,4.52988153639197e-39,-2.68E-24,-2.14E-38,-4.42E-33,0,-1.16E-42,-5.98E-37,-2.41E-32,-2.73E-38,-1.54E-32,1.2225821384399101e-45,-1.85E-30,6.97558132608751e-45,-3.06E-32,3.09986431658564e-43,1.37124146400571e-28,-6.31E-37,-1.18E-23,-1.13E-36,-5.15E-27,-2.95E-38,-2.35E-23,0,0,2.79365722552794e-49,3.58903784804341e-43,-8.41E-33,-2.89E-33,0,1.85586887982666e-46,0,1.46101533734297e-43,0,-3.26E-39,0,-3.48E-38,-2.70E-43,-2.75E-39,2.9193718006767e-47,4.809362087937442e-44,-3.77E-41,1.96181785005474e-45
4.37210287312915e-46,2.38530130997128e-06,6.511314185788749e-11,0.000275486086517,-6.95E-19,0.0004690316918969,3.05312346660653e-36,0.0004021670858683,-3.71E-28,0.0009888123637026,1.0040594761767401e-21,0.0017223784819531,-1.08E-39,9.78924533326619e-05,2.20698460467017e-32,2.2203926042636896e-30,-8.78E-17,5.96359911403549e-06,1.04963249131689e-07,0.0001199270911356,3.88629287569332e-05,0.0008683595484385,2.12144047918803e-05,0.0002843661731728,2.39102012912508e-08,0.0010080244924314,2.32224220765267e-08,0.0016390516271757,1.24435465112776e-21,0.00095154763534,-6.32E-25,0.0012246590394305,-6.33E-26,0.0004100043043753,1.21134422436007e-25,-6.84E-20,-1.20E-40,3.73212806179744e-34,2.06566941816075e-26,1.89607824986199e-08,3.1460987129992802e-21,1.10665477976679e-05,5.49484597372274e-24,1.57455901504482e-05,-6.14E-44,6.6208953451811e-35,0,1.4186708504638299e-40,8.11820610897605e-40,1.12663255471379e-28,0,4.56171988140984e-44,0,6.29141928650498e-39,0,9.44020561454634e-35,-3.61E-20,3.58755213113622e-05,0,8.29677674124093e-09,0,-1.10E-40,0,-6.66E-33,0,3.60153360245905e-21,0,5.006469252760611e-32,2.8060234668269098e-42,-1.53E-34,-4.16E-45,-7.00E-42,2.4535478028299403e-19,2.30353674740324e-06,-3.48E-23,1.01532608581539e-05,-5.34E-23,5.18102593934515e-13,-3.89E-48,8.29854797437406e-07,2.19581813516681e-38,4.99665573449962e-06,-7.99E-21,0.0006637259731916,-4.95E-33,2.86405457273499e-05,1.18005612815996e-21,0.000831966210509,2.65606812398452e-27,0.0001172127724146,-6.83E-46,-4.19E-24,4.12038347947885e-45,-1.25E-21,2.30410088586494e-35,-6.23E-23,2.80850977581758e-37,-1.16E-19,-2.26E-42,-4.31E-21,-8.66E-42,-1.41E-20,2.3127893041773497e-36,-3.07E-20,7.67807894017815e-33,-5.32E-24,6.572873974147549e-33,2.0406329634367e-19,1.38746187072531e-32,3.5042077908838096e-33,-1.29E-36,-2.17E-39,-9.12E-41,2.97354024036006e-37,1.70210333526508e-33,2.12132552536782e-30,2.72561062296315e-28,-1.96E-23,1.34759402352173e-32,6.3987003886762e-27,6.70693460561718e-29,8.23460903825097e-20,1.19565407974382e-30,6.25903540133097e-22,-1.28E-36,-2.06E-24,1.8970938336025798e-28,-7.89E-24,3.96043481531653e-27,-2.09E-24,5.33044867498559e-28,-2.76E-25,1.5801665860582e-29,-1.97E-25,-5.29E-39,-1.45E-21,-9.84E-36,-6.80E-25,5.37605398026334e-37,-7.34E-27,-2.67E-35,-8.02E-29,-3.01E-35,-1.22E-27,-1.83E-39,2.2133910139153198e-27,-2.17E-13,1.27760850204301e-06,9.52836484282977e-10,1.99096543589168e-05,-1.07E-14,2.4026147165467e-08,9.00861534222942e-18,4.04221379977477e-09,-8.79E-29,-1.61E-25,-3.95E-29,-1.37E-23,-1.29E-28,-1.21E-21,7.408351429390158e-29,-2.62E-25,-2.51E-32,3.19141447780159e-29,-7.01E-31,-5.09E-30
3.759849908758e-22,3.82665603778285e-12,-5.86E-22,6.23693703348819e-18,-1.65E-36,-5.72E-24,0,4.62661420693141e-35,0,-4.60E-39,0,0,0,2.55467373461856e-38,3.29795187800133e-20,1.33701779436846e-15,0,0,-7.17E-31,-3.47E-25,0,0,0,0,0,0,0,0,0,0,0,0,0,-8.02E-40,-1.21E-29,-2.93E-26,-8.21E-35,1.51534667610752e-33,-3.95E-48,3.16075385512208e-43,0,0,0,0,3.01763232186865e-47,4.26955653810892e-40,3.12090634312973e-47,1.17514046488821e-36,-1.59E-48,2.5260209752802897e-43,1.28230093733969e-49,4.5719813339934e-36,-6.97E-49,-2.87E-36,0,3.5422104760485795e-49,0,-3.64E-47,1.67569508936287e-25,6.81839157894581e-13,2.1532580634516e-31,6.34269015557675e-20,3.57608919975164e-43,-1.82E-22,0,2.46205221194141e-26,0,6.27918955150681e-27,1.64057123811524e-24,-1.13E-23,3.88018951260481e-17,8.67700430679526e-13,-4.29E-47,-4.10E-39,0,2.6154603529338202e-45,0,-1.81E-47,0,-6.28E-41,0,-4.72E-37,0,0,0,1.69782105225961e-36,0,0,0,-1.24E-47,0,0,0,0,0,0,0,-9.74E-47,0,0,0,0,0,0,0,0,0,0,0,7.682557370201849e-49,-1.92E-45,0,0,0,0,0,0,-3.17E-43,-3.81E-46,1.9827381413626894e-40,0,-5.93E-44,-7.05E-48,2.80028631007018e-41,0,-1.55E-41,3.33642491505909e-48,1.28006440864039e-43,0,0,1.34524652575182e-46,1.73821695730244e-43,0,1.66479353192568e-43,0,-3.76E-48,0,0,0,-7.91E-46,1.50411112339213e-46,-5.66E-41,5.2680393395669804e-46,1.2979353142057599e-41,1.30962473301385e-47,-4.77E-40,0,0,6.87239677479874e-47,2.3335614645379898e-42,-5.29E-40,-5.28E-39,0,0,0,0,0,0,0,0,0,0,0,0,0,0
2.92380894669613e-08,0.0004146541504737,4.63791914533422e-07,0.0002258744558878,-6.38E-20,1.68161999527112e-06,-1.34E-37,-7.43E-25,2.50654263783588e-42,-5.85E-31,0,-8.02E-49,8.61213321977939e-43,7.75166480244459e-24,3.78230050278749e-05,0.0002817989208596,2.86096052332547e-48,3.19174420257952e-47,5.18750792259643e-18,1.05208572038279e-11,0,0,0,0,0,0,0,0,0,0,0,0,-1.65E-41,-2.09E-25,1.80421077636091e-16,6.730853765961489e-11,-5.18E-29,-5.70E-29,-5.62E-40,-3.57E-30,-1.19E-46,-9.79E-36,0,1.83768569022355e-43,-2.02E-43,5.20680217980851e-37,-7.95E-47,4.98308836734179e-37,-8.01E-42,-7.70E-36,7.56557553030419e-48,-2.69E-35,-6.44E-46,3.69678326800575e-35,0,-2.17E-45,0,-9.73E-37,1.8131383920466e-17,4.67757582940563e-05,-1.91E-28,1.80629212287551e-07,-3.55E-36,1.40423356175806e-06,-4.86E-42,1.21102976599627e-07,-4.71E-45,-1.51E-23,-3.38E-22,-4.53E-23,1.14636890734736e-05,8.32594226069197e-06,1.1306816141562e-32,-2.37E-24,2.38915151184383e-41,-4.08E-31,1.23849316961937e-43,1.34067441296799e-35,7.54902837706184e-44,-1.00E-25,4.1959612117740096e-48,3.91716810403956e-23,0,2.5460887472835497e-42,0,3.79573470771971e-28,0,0,0,-8.74E-36,0,-3.21E-44,0,0,-1.45E-44,9.3074649090793e-39,-4.56E-42,5.53872053040311e-40,0,7.97858946034724e-44,0,0,0,0,0,0,0,0,-3.23E-43,-3.41E-39,-1.83E-40,0,0,0,0,0,-8.66E-35,-5.57E-33,1.53702322503442e-32,5.28646209466135e-27,2.5480854064095e-38,-3.50E-33,2.03220710119718e-34,-9.23E-28,4.80599411668486e-35,-5.88E-27,4.57419200290318e-35,-2.25E-31,4.42635152418602e-43,-1.82E-39,5.99837172769017e-34,-6.77E-32,4.267795994233e-35,1.53433135899138e-32,8.21282752134719e-45,-3.71E-32,-3.28E-43,-6.64E-33,1.70634079857901e-42,-7.05E-31,6.35542768228625e-34,-3.28E-26,2.60097264652732e-33,-6.18E-28,6.25426593412968e-36,-1.30E-25,0,2.65397436425155e-48,7.51722689457499e-40,2.4883269792570297e-36,1.95304978803878e-29,-9.05E-29,1.8367057743656e-47,5.48303539938663e-44,-2.33E-45,1.16954525676341e-43,1.52412143729353e-45,-3.76E-39,-9.89E-47,-6.76E-39,-4.44E-42,1.73271240193013e-38,-2.92E-47,1.90100678462178e-44,-6.84E-40,6.51064824963223e-45
-7.66E-29,1.25991258405767e-07,-1.55E-29,-1.14E-18,2.1266655194102e-46,-1.36E-21,0,1.01847056036414e-32,0,-1.15E-35,0,0,0,2.32152803845327e-25,-1.80E-26,3.16164357873956e-20,0,0,7.988794583192691e-45,1.18359380993109e-39,0,0,0,0,0,0,0,0,0,0,0,0,0,2.52800926959978e-27,-1.46E-17,5.49679178614648e-18,-3.51E-24,-5.83E-24,-3.29E-46,1.92214679003659e-33,0,-1.95E-37,0,0,6.03339905167982e-31,6.63762620855987e-27,1.2417990522881e-22,2.22709149947918e-14,-5.84E-36,2.37783946590165e-31,3.3957740160601704e-21,7.464449928891929e-11,3.20202998278498e-34,1.75461775682256e-16,5.33305008008847e-46,6.7732362284555e-33,0,2.09189321162884e-33,8.16454559388069e-20,0.0004670931973093,-7.62E-18,0.0028031308635665,-1.39E-29,0.0003070679244872,-1.90E-47,1.12213669479693e-08,-7.27E-35,1.23084027317207e-06,4.90715883468302e-12,9.33986328995565e-06,5.493569517317621e-15,2.9905502288538004e-10,1.7891736382457502e-47,2.98294417453547e-32,0,1.51086113783443e-38,0,1.61612252354318e-43,0,6.5120175775634e-29,0,-7.31E-21,0,-1.10E-44,0,-1.48E-21,0,0,0,-1.66E-32,4.13175786158009e-47,-1.02E-38,7.3061363966249e-48,-1.31E-45,0,2.9449268813666804e-44,-1.78E-41,-1.31E-38,-1.33E-44,-1.40E-40,0,0,0,0,0,0,0,0,0,6.56203947613169e-42,5.77658054980609e-35,-2.69E-39,-2.19E-44,0,0,0,0,-2.85E-41,-1.31E-45,-3.66E-36,0,1.00372946288247e-41,1.28265305659022e-48,-4.66E-37,-1.04E-48,3.7713389480193005e-36,1.00092747451773e-47,1.3858295339215196e-40,0,0,1.5526386984719e-45,1.2065369284144699e-40,9.46823286705958e-48,5.38163375767935e-40,0,-1.88E-40,0,1.28620023361822e-41,0,7.69027216784885e-38,1.95153658414801e-46,-6.40E-35,7.32257468199811e-46,1.70367787678748e-37,-2.62E-47,1.06145518272651e-34,0,0,0,0,5.7990272513742e-41,-3.37E-41,0,0,0,0,0,0,0,0,0,0,0,0,0,0
1.25853060641253e-10,0.0016761021790829,3.83696984229851e-05,0.0012478308182124,6.31668794668857e-11,0.0004387441910278,-1.12E-27,-1.43E-16,4.386432730264729e-30,-1.12E-19,6.39281641621021e-35,1.2315701738121102e-31,9.75044050132393e-36,4.932792493580599e-19,0.0012528156464042,0.0040616328070564,-2.89E-30,9.64002981402282e-30,0.0003756861212437,0.0007096063446009,-8.08E-32,5.28836890922867e-32,5.142759979970309e-34,-8.37E-35,-1.14E-35,-4.57E-36,-3.96E-34,1.23778764161073e-34,4.84316407657051e-37,-2.11E-35,-7.01E-40,-6.35E-36,1.39877521252484e-29,-4.58E-18,2.52966618207989e-05,0.0006199374732445,1.29151864791338e-12,4.8041981801597106e-09,6.7262658503257505e-31,2.292402153234e-21,-1.09E-36,3.05211645438372e-26,-4.44E-36,7.221376514925879e-33,5.29983350651568e-29,4.2012135651105e-20,-1.26E-26,3.4998830964698096e-11,7.34157954272977e-32,-1.37E-22,3.53992689808453e-30,5.12370554395804e-14,1.1343815629072e-27,-2.39E-19,0,1.06560941740922e-37,2.2178116081927697e-42,-2.60E-27,5.30748129398852e-16,0.0023086704291498,-1.73E-18,0.0001587194416051,4.22428294143706e-25,0.0003234941706159,-2.41E-34,5.07101376259824e-05,1.4370132583879896e-28,9.8912072691032e-09,3.03894952625413e-08,0.000194982296711,5.00485918931699e-05,0.002278187011439,2.08797144443198e-20,-8.28E-16,2.44858300244283e-27,5.5555367248403e-23,-1.34E-28,3.45313042377705e-26,3.09405002576428e-37,1.15695288862622e-19,-1.22E-40,-9.67E-19,7.72088409327865e-42,-5.62E-31,-5.29E-42,5.60572116447428e-24,-2.71E-45,-7.25E-38,0,-5.18E-32,6.72924733156366e-50,-5.65E-39,0,-4.65E-41,3.24725271776732e-33,8.472217714489629e-28,3.6700492724127404e-31,1.73523331100538e-25,-6.60E-41,1.69616203621073e-32,0,1.03152394364573e-42,1.3088439551523502e-47,-3.63E-40,3.21962028780407e-44,-4.28E-37,0,5.095323170714659e-40,-1.95E-31,2.4409605874706296e-26,-1.13E-24,-5.04E-36,-1.66E-39,-7.44E-38,-1.01E-36,-4.29E-37,8.86565600769079e-22,5.2194806311116e-20,4.728933681641e-21,-4.09E-18,-7.24E-25,-1.96E-21,2.12479783625159e-23,-4.10E-20,2.78335249156796e-27,-3.43E-19,8.50778027439279e-24,7.42386026742312e-21,-7.10E-28,1.78933176455972e-26,2.65414009510852e-22,9.82756931543846e-21,1.58416443136401e-23,1.01614256376769e-20,1.423366311237e-36,-3.29E-26,-1.04E-34,-8.79E-26,-5.91E-34,8.761965142637021e-25,-1.73E-24,2.31184249885313e-19,-2.95E-23,-5.47E-19,2.26862174518723e-27,-3.21E-18,-1.29E-29,5.15299736433136e-29,-3.92E-21,1.0583169620098e-18,6.9988751446433504e-15,4.3425225492094404e-15,-1.85E-28,2.1136735260531098e-29,1.27232924194612e-31,1.27701473903663e-30,5.00093754260424e-32,1.9800585257447497e-30,1.78572788163918e-32,2.8478006027902496e-30,-1.83E-29,-2.12E-27,-1.49E-36,-2.03E-32,-2.97E-27,-2.05E-33
2.9363649911775e-06,0.005564075880947,4.91268746964553e-06,0.0065767292482337,2.43626792050883e-16,0.052110827540113,1.5657888339221802e-23,0.0012717441576646,6.06417972626808e-24,1.68733455635824e-06,7.613499089262359e-34,-1.69E-23,1.2082645765253501e-21,0.0002253599962885,0.0016000162148539,0.003617071515735,-1.53E-18,-2.94E-18,0.0003530269346492,0.0012132113199453,7.058038288950141e-24,4.255152710081981e-21,8.07284809402814e-27,-1.60E-24,8.64879109073206e-32,3.81571451062912e-27,1.638866165363e-33,-1.49E-27,4.996443000571619e-34,1.91839470666867e-26,-9.42E-42,-4.67E-28,2.61386600611334e-21,9.21967693341914e-05,0.0018541015169199,0.0042522479342885,0.0010951306888504,0.0041453012668938,6.79216206186603e-11,0.0001812013268722,-1.25E-18,9.005014713265721e-10,-5.78E-28,-3.35E-23,5.48220503812874e-10,6.91040348494335e-07,1.5451616264789102e-15,1.30224416701865e-10,1.18029034659337e-10,1.98971030506593e-05,-9.77E-19,2.50123222623343e-12,1.39587919684216e-18,6.29505564803827e-15,-1.53E-39,-4.96E-25,6.50684554031817e-23,1.49244183544895e-16,3.98980852133346e-05,0.0049991375266264,3.88904224198101e-05,0.0012200857729147,1.9652555189847e-12,0.0028986826149086,-3.06E-26,0.0042008378492125,-9.68E-21,2.74286135893082e-05,0.0006799276276171,0.0009103627283049,0.0020972994225406,0.0036973518385973,4.570408912880091e-09,0.0006676531925579,-3.70E-19,5.29480074424143e-08,1.50651079687076e-18,4.74820437112056e-12,4.26256864332165e-22,8.49086695432981e-05,-1.26E-24,4.53150757469765e-05,-7.19E-34,-3.57E-23,2.2485667997914297e-30,7.75622759635012e-08,8.04865253567012e-39,1.7196961837485196e-28,-4.18E-32,-4.98E-19,5.67097138399893e-32,-2.35E-26,-2.31E-34,1.5377881161849798e-30,4.14132851015276e-12,1.0354190320829702e-09,3.6621233275216605e-09,1.37180575642544e-07,1.75347236198319e-23,-7.68E-21,-3.49E-37,1.1669380794376098e-30,-3.75E-29,-1.13E-27,-1.35E-24,-6.88E-22,-3.86E-33,1.64277901335722e-27,-1.95E-15,1.16140466559004e-06,2.84190555329538e-06,-1.95E-22,-7.19E-27,4.7887733533673805e-25,-5.12E-22,-9.74E-20,5.91171585307608e-07,0.000164027520086,4.26231679854043e-07,0.0046649312632022,1.08594970140695e-10,4.89824433868142e-06,7.91288051103994e-09,0.0003000575002629,2.37886828420622e-11,0.0003646629967086,2.98434780380184e-08,0.0001247158139034,3.83853838234612e-15,8.36719338986777e-13,6.67527339554229e-06,0.0006514811084735,1.44890849105705e-07,0.0002825726499243,-1.11E-17,2.43742345354988e-08,-1.48E-16,1.39289829894435e-08,-6.64E-15,7.36218146755412e-06,3.90464344980076e-07,0.0027538278795749,2.05752314724049e-07,0.0018000960336999,1.7370620156789897e-11,0.0028363872860427,-1.28E-20,6.44617517632278e-21,2.01787347468517e-06,1.01181570056305e-05,0.0002695362496293,0.0008077033016676,-1.05E-17,-8.74E-17,2.5585003744142903e-19,-7.94E-18,4.76740392891846e-21,8.82257139531599e-17,4.82560736632082e-22,7.14224180530567e-18,1.52910159362872e-13,6.5868303532185896e-12,-1.34E-18,5.91673573059277e-18,2.41785985763543e-10,-2.92E-17
-1.06E-18,0.0013737740643007,9.43934243184184e-18,0.0004685977060206,-1.56E-28,2.29731227681224e-05,-1.73E-37,2.8886448591384696e-11,-2.13E-43,-7.33E-20,0,-1.48E-28,8.73939516202609e-33,0.0003120136647804,9.39275522244238e-12,7.73422930687022e-05,-2.20E-38,-1.02E-30,-6.30E-27,7.49943488091862e-19,-8.53E-48,-3.17E-44,3.8260217753939e-46,-3.21E-34,0,-2.43E-37,0,-5.35E-36,0,8.76541401366549e-28,0,5.980290175295551e-31,4.72272404443109e-32,4.21293878505639e-05,2.23443059699217e-12,7.4685621330168e-06,-4.54E-17,4.52243037713939e-09,-7.14E-27,6.72100242788976e-06,-1.41E-29,2.95141862009963e-06,1.91461956996089e-43,2.72334052286253e-22,1.27643715403574e-14,0.0001063436998123,7.33363202493766e-10,0.0007982115870428,-5.34E-19,4.61124770825957e-06,6.14273091403684e-12,0.001955281878848,9.356701682400372e-23,0.0020220233052784,-1.05E-29,1.58917979354359e-05,-4.85E-31,4.33412280736509e-05,1.6851501961681e-16,0.0023091812839096,8.20686846947008e-13,0.0026714836848786,-8.10E-24,0.0029050781158649,-2.44E-35,0.0022063521738568,-5.07E-27,0.0023553367770118,1.2612999074994e-07,0.0006321332597166,2.44554450466483e-08,0.0003433160900675,8.82595437904414e-27,2.15452106380684e-09,2.91705178127078e-34,5.04554892455967e-08,-5.44E-35,1.15676675856245e-14,7.714469322146479e-34,0.0005870717341727,1.2557204091205701e-35,0.0007596759593746,4.0893924056171696e-49,-1.22E-21,-1.80E-35,0.001288099676113,0,-2.52E-23,-1.23E-40,0.0002015556129138,1.0390145090711e-29,1.36153868291632e-11,-8.63E-31,-3.07E-16,2.17284686212607e-26,-2.74E-20,1.6319587762752502e-23,5.18957382187038e-13,5.33662213487422e-25,1.23061115917675e-10,1.86506334544614e-37,-1.17E-19,1.20621387006116e-33,-6.84E-22,-3.03E-34,2.41010645684788e-28,5.3644297373232e-41,4.49087217725107e-23,-4.12E-23,-3.44E-21,1.69258168836809e-18,-3.30E-20,-1.98E-26,4.42947255055804e-28,7.42766214618113e-28,-2.07E-27,-3.59E-26,5.95568667243438e-22,6.66977408714227e-26,4.83878279614358e-16,5.8683665972183106e-31,-1.55E-23,1.8673271949244e-26,-2.98E-17,-6.70E-27,2.61258323762363e-12,2.22421979901935e-26,2.41040516967212e-19,-1.95E-32,-3.40E-28,-1.49E-24,3.83130904493869e-20,-3.11E-25,3.88889464133584e-19,-6.51E-31,3.50206113508376e-13,3.7538588434821597e-28,-7.06E-17,1.45677637293688e-27,1.7544951388165e-11,-3.18E-24,1.70928116555048e-11,-1.56E-24,-2.87E-17,-2.53E-26,3.1779754990711195e-11,3.1558743925745e-43,-2.10E-41,3.22041077185829e-41,-1.94E-36,1.35317267385642e-21,2.12106636638234e-23,8.84581032041761e-38,-1.72E-33,-1.31E-28,-1.23E-25,2.96615775666417e-30,-9.17E-23,5.44148657160769e-31,-4.82E-23,3.24566791193468e-27,1.0188163431261401e-23,1.59136528744591e-27,-2.79E-24,2.4084654516870705e-23,-8.18E-26
-1.68E-31,-1.96E-20,3.36060233560832e-10,1.48556846765293e-06,4.897386629138419e-16,4.21225678322527e-07,-6.39E-26,1.1826023192032098e-11,8.43404444080713e-22,7.207555533457299e-12,2.19471905777615e-13,1.61060943360526e-05,-3.12E-26,1.77857169886945e-11,-3.86E-27,-1.86E-28,0.0021102395932556,0.0027254226501995,-1.76E-11,4.80176067976839e-10,0.0008729355211235,0.0009442740847644,0.0023758637178177,0.0058044184218823,7.02403759218246e-05,0.0054435211967084,4.98859014711371e-07,0.0025402037284434,2.23757486790211e-07,0.0031414323932628,1.10703694239229e-20,0.0016470264974838,1.15891314546531e-14,0.0002231604812936,4.06207416884292e-22,-2.43E-22,-5.85E-26,-2.05E-25,1.13383600517571e-05,0.0004053206543164,7.97443144682497e-05,0.0013014831474127,2.52890990157986e-05,0.0026734291847939,-2.39E-27,7.93846854421557e-28,-1.02E-37,2.10895264990342e-37,-2.13E-20,-6.01E-19,-2.19E-42,-8.73E-42,-2.42E-44,-1.78E-35,-6.86E-43,-2.39E-30,6.3146008307073e-06,0.0005534212666697,3.26428410715087e-35,2.36868894174592e-20,0,7.96192309275464e-48,-2.29E-48,-5.32E-42,-1.38E-41,1.23394118869499e-25,4.1811974638847903e-47,2.79522965387708e-35,-1.85E-24,-1.22E-24,-6.11E-40,1.31861305490939e-42,1.13710223229216e-07,1.73532474530264e-07,6.18606752456238e-07,1.24885997456019e-05,1.64550482943295e-06,2.69241854140421e-07,8.66196293711371e-31,-1.02E-13,8.81924052476137e-20,7.35449872213651e-05,4.69661697788519e-08,0.0030938003343996,-2.93E-20,0.000951658472691,3.30758420812216e-06,0.0040131692821473,3.0374180071404496e-11,0.001090302324656,3.5323742066004804e-31,8.891372417709041e-19,8.50885772125576e-36,1.8753881618645505e-17,-5.88E-19,5.70097990912597e-13,8.39880370819852e-20,1.33421185812199e-12,5.59513809209123e-27,2.8524403703155e-15,4.1495273578133597e-26,1.5769618600854e-16,-1.20E-21,1.32911442078184e-17,2.8587975105866804e-20,4.31019570590649e-19,-8.72E-18,-1.26E-14,5.13247124067473e-20,-1.29E-19,-3.09E-23,-2.78E-27,-2.47E-30,-1.00E-27,-4.74E-23,-4.54E-21,9.87668567533737e-11,5.8310987828530806e-09,-4.21E-17,7.47491875881082e-18,5.93533264793157e-08,1.42203863929264e-08,3.97782323635676e-10,-7.44E-11,7.460790876641159e-18,7.65098673411446e-15,7.38992483629659e-09,2.79596962623001e-10,7.31487403982101e-07,2.1092946456136e-07,9.00173038728029e-10,1.4358982512956002e-10,6.99646384896165e-10,1.0733680034738798e-11,1.0744493129683801e-19,4.88052416185965e-13,2.06346822931262e-16,1.67923540375899e-14,4.62526085856488e-18,-3.02E-18,9.356151486417873e-19,-1.13E-18,2.45071293853192e-18,-1.47E-18,1.67448923042724e-23,6.6791764864077e-22,0.0004450055460738,7.90335608167165e-05,3.55171187064722e-06,2.9086115176812e-07,-8.05E-11,4.56821871425128e-12,0.0006491370809018,3.15405273481042e-05,6.19759243263444e-09,9.97085155742e-09,5.03190424004727e-07,8.52482293967709e-07,3.78013682760255e-05,2.91613856446778e-05,2.15110985278353e-09,7.868558825410741e-09,1.32159415675558e-18,1.41088724219506e-17,-7.56E-15,8.36857317603752e-16
0.0012928251375169,0.0016668649788566,0.0002964785302966,0.0014646055288146,1.45556607907345e-07,3.97785266058757e-05,-9.30E-23,2.97983207536145e-17,-4.18E-27,2.6405749440666202e-23,-4.06E-39,-1.16E-40,1.17194432685974e-12,-1.20E-22,0.0035583678372875,0.003694175362331,-5.71E-27,-4.16E-27,1.83013842811165e-05,0.0003375735026785,-8.28E-35,2.34084374875727e-32,-1.87E-32,-8.91E-35,1.1958833547801e-35,-4.41E-39,1.22987401001653e-39,-1.93E-40,2.16812041975998e-36,-1.35E-40,0,0,3.02193085098891e-10,6.73969126800491e-21,0.0046486616935851,0.0033010413130299,0.0015782423377942,0.0007013251649241,4.973044020100941e-10,1.34896427492773e-14,-4.91E-19,1.81049464916928e-24,-1.13E-29,3.30061303439229e-35,-2.16E-15,-9.19E-16,2.30646911343491e-18,1.56377189433478e-07,1.2447060635026901e-15,-1.39E-17,1.59493690233983e-20,7.5581574106798e-06,4.48945854170068e-18,1.36878485549384e-07,-8.79E-32,5.6121847981725595e-28,5.06453130616885e-22,-1.61E-25,0.0023534378263429,0.001913594003676,0.0009908391658998,0.0067195622825111,1.35166193450873e-05,0.0010436295859676,2.49544505289241e-14,1.03036477697305e-05,1.23567409700812e-15,0.0006604163939086,0.0019231541685028,0.0019109114455758,0.0077348895096706,0.0062679159209742,1.74930886720057e-05,1.1042218468991098e-11,8.386178184358551e-17,-1.66E-24,5.57795849347126e-21,-5.58E-26,2.65698047803673e-14,-1.07E-22,2.54731642158637e-19,-2.44E-22,2.2806162252964497e-36,-1.10E-41,-6.92E-23,9.807572648166173e-19,-3.41E-44,0,2.71674225106232e-32,3.4046876224575804e-31,4.15434577658106e-33,-2.82E-33,7.49758436287043e-34,-5.42E-33,2.8286426193639204e-19,-5.05E-24,-2.70E-17,3.29045942409326e-18,4.4342788961992496e-26,3.1098255194068204e-25,3.65738676106853e-37,3.74544372818141e-36,1.92818220434348e-30,-1.36E-32,8.24179512416994e-29,1.13773946404166e-32,-5.26E-36,-1.23E-42,-4.84E-23,-9.33E-17,-1.63E-14,-2.03E-25,5.3452141911055795e-28,4.59548164472708e-28,-2.56E-28,-1.74E-26,1.02068962712027e-10,1.27215485650595e-12,1.68189688691369e-05,4.13038270801654e-10,-7.97E-15,5.00127504123463e-17,4.01180303980589e-08,7.94195871350638e-13,7.26517555100585e-07,3.4731084697929e-13,1.34322885678046e-09,4.88599031092829e-13,1.2641413278007998e-19,-9.02E-22,8.72880296651892e-09,1.5079014963612798e-11,1.1358224356019e-09,2.83301296233001e-14,9.14274860678171e-18,-1.11E-23,1.30093421534882e-16,-4.47E-23,6.30784113504431e-14,-1.19E-20,6.13302124479e-06,1.32970946934341e-10,6.11142803335965e-07,2.15719904544149e-10,8.85235111424696e-06,9.83974863011772e-11,-2.10E-28,-3.85E-28,-6.49E-21,3.9434213530885903e-20,3.21123179512481e-05,8.17727716366205e-07,2.1618764801202e-25,-3.17E-26,-1.95E-24,-1.28E-26,-1.85E-22,6.26424542045839e-27,-4.52E-23,-3.99E-28,1.25408574485234e-20,1.35575327563415e-22,1.5819408272895602e-25,3.4893599664762e-27,-2.60E-20,-2.19E-25
-3.74E-18,3.92039093997621e-12,-6.06E-24,7.60634447498057e-22,8.014588450449551e-35,-1.77E-30,4.2373078563579205e-46,3.45588080598708e-36,0,2.7760401729204e-42,0,0,-4.34E-31,-8.06E-22,-8.96E-20,9.78227683404554e-17,8.73050713298002e-45,5.15037030843169e-45,-1.34E-38,-4.05E-40,0,0,0,0,0,0,0,0,0,0,0,0,1.52787552162056e-32,-2.69E-23,5.99139103116201e-06,1.21558679957672e-05,0.0002205526047451,0.0001653692420111,-6.43E-21,-3.97E-17,-4.64E-29,1.6442761993015398e-22,0,-9.69E-44,0.0009306143051836,0.0015148164149025,0.0047216468610701,0.0068685715432473,1.26797011583083e-05,3.74430994815637e-05,0.0008398656182117,0.0046887489262501,3.45886768128022e-08,0.0032740727095358,2.04290929006046e-18,-2.31E-16,-1.37E-22,-1.93E-15,4.67543713847642e-06,0.0002314042832423,0.0005478624115028,0.0035854908685224,2.73507833546382e-10,0.0003761612722475,-3.87E-27,5.35298323881035e-12,7.97383242171217e-17,0.0031297162093418,0.0036262237901054,0.0042090890115858,4.06040607287924e-05,0.0001517724496402,1.03689062192709e-29,1.56174783300491e-24,-6.01E-38,1.01511566892864e-32,2.08340777052474e-39,2.71118574266386e-36,9.80924123766316e-32,-3.03E-23,-7.13E-31,8.82751997215998e-08,0,-1.15E-47,3.78560838113595e-21,7.08859183691918e-05,0,0,1.78529843836174e-30,-1.56E-18,6.75737606775123e-20,6.99074711638862e-21,1.2030685003233e-21,-4.87E-24,-1.94E-25,1.57283348094627e-22,1.7838091014156194e-11,8.07980450333063e-11,2.33529609962011e-14,3.60426572209013e-15,-2.11E-28,8.06696681952325e-27,1.13204771983151e-26,1.94038614393713e-23,5.55129157267086e-30,8.213846515182219e-28,-4.38E-43,6.73341729728213e-38,-1.50E-26,-9.61E-20,2.2693475787379e-06,1.07017153931784e-10,-3.87E-19,3.48628700986935e-22,-1.41E-24,4.63011550058439e-24,4.79030849695768e-31,1.04259183264299e-27,-3.09E-26,7.66928089700137e-23,4.19949350100925e-35,-1.57E-31,-1.79E-29,6.05666234714478e-26,-6.44E-29,-1.96E-24,-4.92E-28,7.84915392095832e-25,7.069635749678349e-36,1.40845470088011e-33,-6.37E-26,9.79852223039215e-24,-1.34E-27,2.58889351109351e-24,7.98303282388482e-32,4.82308185338308e-25,1.60094059621775e-31,1.03599568684868e-25,8.10875680865436e-29,7.77507703867563e-23,-1.32E-23,9.61884440893119e-21,-1.07E-25,2.02083922241812e-22,-3.23E-27,-5.03E-22,0,0,0,0,-1.10E-30,4.52036044280021e-32,-1.39E-44,8.00372819439171e-45,4.0715269495301495e-36,2.40141356086878e-33,9.70537953212688e-37,1.64418443444041e-32,2.98427242925403e-37,1.26216580844373e-33,-8.31E-32,-6.98E-31,-1.92E-32,-1.06E-30,-1.79E-28,-1.22E-31
4.59255943442737e-06,0.0005070314343862,8.55475656719085e-06,2.43503349736435e-05,1.0818567043118201e-23,5.54985545708198e-13,1.61667888823373e-38,4.0538189687918597e-26,-2.05E-42,-4.49E-31,0,-2.90E-43,-1.05E-29,2.2198904787663502e-09,6.73523618234425e-05,0.0003282412723609,4.43177823951629e-34,9.64098949284457e-34,-3.17E-25,2.7384829193757702e-25,-3.38E-43,3.49478784715944e-41,4.88595316091607e-43,-2.92E-40,1.33760307958278e-47,-1.87E-43,0,2.86179530127447e-45,0,5.00664458009101e-45,0,0,-1.38E-29,1.9682597587959097e-11,0.0003338336241011,0.0007639802284208,7.43980777551468e-05,0.001733148371442,1.42244024255904e-18,2.40155350975682e-09,1.36377167341294e-27,1.5078561228098e-13,-3.79E-41,2.3849799274825197e-34,4.86960617811262e-07,0.0003435890980989,1.31005320134723e-05,0.0019972031744333,1.22365591305041e-09,1.60549076932796e-05,5.29186173392236e-08,0.0009739715558985,-1.28E-19,9.72614805517471e-05,-5.93E-33,4.33606425472586e-21,3.88717686468393e-29,-1.68E-15,2.415591340997e-06,0.0013440099231854,3.35863138468548e-07,0.0037509424002415,3.7620743538403504e-17,0.0038981198131072,-1.25E-28,0.00113875121772,-5.78E-22,0.0021755529822769,0.0005010460272427,0.0036548611812953,0.0015312271832093,0.0024998506215311,-3.02E-25,9.151143103920453e-15,2.62254000177906e-34,-5.51E-22,-2.59E-33,3.42638689140024e-26,-6.95E-32,7.77683795232488e-12,-2.45E-31,3.7952790171376e-06,0,4.96523911747258e-37,-1.46E-28,1.79907298461479e-06,0,-1.94E-43,1.3322156172167e-38,-3.36E-19,-1.21E-26,-2.61E-25,2.70480978844076e-28,-2.57E-26,-4.39E-22,2.20685764365106e-17,8.93831181403231e-13,1.0527233306969e-08,-1.08E-21,2.4651643999397202e-17,1.31362318112856e-32,1.69723909161373e-29,-1.49E-28,6.79683847368849e-25,1.9896378088912694e-28,-9.11E-25,-1.16E-42,4.17483207396379e-33,4.17375581026864e-22,2.00286574963484e-12,5.05960675852769e-06,-1.57E-15,-2.64E-22,6.91601170914596e-23,-3.09E-23,-4.34E-22,-1.14E-23,1.74272771889096e-22,1.19669478093499e-22,-1.30E-18,1.93216341628417e-27,5.48219907364103e-25,-3.14E-25,1.7365378720789302e-21,1.80800455730356e-25,-9.37E-18,-7.28E-24,3.7565137550799904e-20,-5.84E-29,4.0828975300021896e-26,-2.51E-20,-1.06E-18,-2.92E-23,2.11344043838887e-19,-5.78E-30,1.48871706168783e-17,6.63457682044164e-29,4.9693553900323e-18,-1.87E-26,6.72886961813702e-17,-4.72E-20,5.30805393333383e-15,-2.48E-21,-5.31E-18,-3.57E-24,-4.90E-16,-9.92E-38,-1.08E-37,7.99338996052495e-37,1.80587861682852e-36,2.16915084017126e-22,-3.92E-24,1.71954117523796e-33,-1.83E-32,-1.74E-29,-2.07E-27,-2.11E-31,-5.69E-26,-1.02E-33,-2.34E-26,-1.97E-26,-1.23E-24,1.77964889016775e-27,3.5256433342064e-25,-7.35E-22,7.71943193956855e-27
3.80297212094966e-05,0.0006797470845692,3.30392780400488e-05,0.0003062078205505,6.37105811213919e-13,2.01246563088142e-07,9.16795041335119e-28,-7.84E-21,-1.22E-31,4.46834854339359e-26,-2.63E-45,-1.26E-41,7.72093992142708e-25,-3.36E-17,0.0012668021255022,0.00126876262128,4.80070397203458e-32,5.33794903596281e-32,1.50898165759883e-12,3.0732193887283507e-15,-1.46E-39,-2.68E-37,6.13663718170921e-38,-3.89E-40,-4.20E-42,-1.93E-43,4.02122048030005e-46,-3.47E-43,-6.06E-43,1.61884817751758e-42,0,0,-3.53E-23,4.0211937703522e-16,0.0009036551626302,0.0007913330710988,4.29253097478015e-05,2.86309888203977e-06,-7.79E-19,2.33238352505499e-17,-4.29E-26,4.35744773994812e-23,-1.13E-36,-1.48E-34,-3.35E-21,1.12408150379883e-19,-7.90E-18,1.2986183980334099e-16,7.31970892716593e-21,9.238078908319341e-20,-1.27E-16,3.0693342008922904e-14,3.5445466314306704e-15,-8.42E-19,2.1928939730623e-36,-1.49E-30,1.43713972634965e-29,-1.27E-25,0.000106632025194,0.0011877408986617,0.0001866890933422,0.0008623961450616,2.89017599614334e-08,0.0003457745866961,-5.22E-24,5.03891255550187e-05,1.22011930787953e-18,3.02702045722918e-09,0.0005791831016864,0.0007088054235989,0.0024495105181328,0.0026060045762174,4.68860743482233e-14,1.70348659228746e-13,2.1340056548705798e-28,3.00324431897976e-23,-1.72E-27,-9.09E-27,-1.52E-25,-1.62E-18,-2.13E-28,-2.59E-19,3.6746598591475e-43,8.07243422833086e-38,-1.49E-30,-9.26E-21,0,-6.89E-45,2.51955129722942e-39,8.09271573535014e-28,-7.30E-36,4.96288944284955e-35,-1.55E-37,-1.68E-37,-3.03E-23,2.27256985938493e-24,5.78647945499533e-21,-3.56E-22,-6.34E-29,-2.67E-30,1.33120929083021e-38,1.6884945944287696e-40,9.28011573441472e-36,-9.17E-35,1.23466446305494e-32,3.09750293797057e-33,-1.20E-40,6.5905776835547e-42,-1.53E-25,2.36099482891314e-20,-6.61E-20,-2.22E-29,-7.52E-33,-1.15E-31,7.52297308903485e-31,-1.92E-29,-8.02E-19,-1.70E-19,1.31557328240717e-14,1.15272102647537e-17,-1.30E-22,7.07700575998667e-22,1.715869037967e-18,-4.61E-19,3.64149248298397e-17,-6.70E-18,3.68269506346804e-18,-2.01E-19,5.99140342849704e-26,-9.35E-26,3.8283030521061e-17,1.0999478877307701e-17,4.03296424170554e-18,5.28727430919051e-19,7.70127417935859e-26,1.53004096039744e-22,1.17496497260231e-24,2.64618052355321e-23,9.54449879799983e-23,-7.71E-22,9.4384029791262e-15,3.2098935393655e-16,5.31312198912078e-16,6.4473553677171e-17,3.985023020238061e-15,5.0799683041591e-16,3.87294033509283e-34,6.286780330669561e-35,-3.01E-29,6.418459219778279e-30,1.01320356555798e-16,2.56753974444268e-18,-3.69E-30,-1.28E-30,4.04287142198767e-29,4.83099469038793e-29,3.52188570208788e-29,1.07866977887445e-29,-1.61E-29,-2.05E-29,5.67075853229797e-25,4.47274237923801e-26,-1.83E-28,-1.61E-29,-1.27E-23,7.740217653253429e-28
0.000114889168245,0.0020364043638088,0.0001449190179954,0.0009660058526215,8.864128435749089e-11,0.0004635836303081,4.88682179103161e-22,3.68426663082376e-05,1.35656180671318e-24,5.53581522476887e-10,8.72902110530488e-35,-4.13E-25,4.28076329134765e-24,0.000959272747685,0.0026807596483233,0.0030374146670829,6.95731293122219e-16,9.66195352450851e-15,0.000217381403903,0.0001197341032868,-2.91E-25,-7.74E-22,-4.15E-26,7.160370366779311e-20,-3.13E-31,6.6887967574456106e-21,3.53974649807468e-36,1.5786675901120702e-25,4.6713392516681e-32,-7.72E-22,-1.74E-44,6.93561684471757e-29,5.835693112911449e-22,0.000526288986232,0.001240679546752,0.0018900566754896,0.0007830276040375,0.0020207536821544,5.1084823913454696e-12,0.001386100932263,-6.02E-19,0.0010875478914122,6.28070026081808e-24,1.22089465789601e-07,0.0004297937693311,0.0028802535608719,0.001462961336948,0.0031225994229357,2.79263988487804e-05,0.002581845858938,0.0003011776632541,0.0053810274887831,1.25658886317344e-08,0.0042565258969414,2.1377316477539697e-12,0.0036668347858277,-3.04E-20,0.0020136492920023,0.000279390158205,0.0034646409139315,0.0008144046855405,0.006254099580089,1.21661288967902e-08,0.0056062869265899,7.48257404468578e-25,0.0026925589930444,3.02090434539329e-16,0.0069775468988345,0.0017658141015148,0.0029234287471952,0.0027381995238557,0.0030808540171091,3.57292297558187e-09,0.0004364911519917,1.20893655192297e-19,0.0003266365613379,2.4006798869449905e-17,0.0001417527079521,-2.40E-23,0.0019155900623437,-1.37E-25,0.0015992491201137,-9.62E-32,3.08421655837331e-19,2.2944142245454404e-25,0.0019549603498944,-5.72E-36,2.38895320346228e-21,1.98157926350752e-29,0.0015155775739185,1.8404143486098e-10,0.0015109477767428,1.38689595537829e-09,0.0002381923673242,5.55510107552384e-11,0.0013355762631964,2.05002770520368e-08,0.0019114317156639,1.03438376152574e-09,0.002748684656629,3.37871330914567e-19,0.0002016133275406,2.2912851296981293e-16,0.0003129371453882,1.72297539641453e-18,4.29465015846727e-05,-3.10E-24,0.001415208281169,6.70852465810485e-07,5.68255768718278e-05,0.000266301520579,8.85849062648805e-05,1.21003408792133e-05,5.22253487338809e-07,2.67920867405257e-07,4.86098445743413e-08,1.26011651432191e-07,0.0007392228427637,8.76033341515026e-08,0.0026148509568884,2.3266879383482695e-11,0.0005549507111776,2.9778112141007e-09,0.0014872177435611,1.04062209081222e-12,0.0021873912062452,2.16767968911201e-09,0.0017947774139817,3.52676959452741e-12,3.23547380958189e-05,5.32516707072198e-07,0.0003028110381913,8.24768934167826e-09,0.0006161636027073,2.06512270723477e-19,0.00231732562248,3.91685459711166e-18,0.0025210332721798,8.772169230136181e-17,0.0019088757288295,1.23125984653284e-08,0.0022778639139613,1.68235460248499e-08,0.002367587707194,2.5714491299352098e-12,0.00245948310534,-8.37E-21,-4.12E-21,-7.96E-19,-7.58E-19,8.73833830050899e-05,0.0001131513372671,2.15827796671707e-14,8.516660589375879e-11,7.15497584030226e-13,1.07289787052946e-06,-3.84E-16,0.0002165688328932,-1.82E-16,0.0004225199606955,6.46007910767012e-10,0.000101206718219,2.1668093644980706e-15,1.63135188081468e-07,2.18378830643909e-06,2.1706106814818304e-10
7.10471137799e-11,1.44974698430013e-06,2.49757193102621e-08,2.34807113945035e-07,4.54225594519562e-18,9.272794684110533e-19,-1.62E-34,-4.40E-34,-7.16E-39,-7.55E-41,0,0,1.00290258323367e-34,-1.78E-30,1.16678033082309e-07,2.32855219634452e-07,0,0,2.1335889845549598e-27,8.91894020772406e-27,0,0,0,0,0,0,0,0,0,0,0,0,-3.54E-34,-4.07E-31,2.07141833179748e-22,2.83948565686841e-21,-1.68E-33,-5.88E-34,2.75064589303957e-43,-6.87E-38,1.43282051566955e-48,-3.11E-43,0,0,-7.76E-48,1.65373549289273e-46,1.90018282884282e-47,-2.47E-39,3.4422110845019503e-46,1.82868688019136e-43,-1.91E-47,-9.34E-37,-2.05E-45,-2.77E-38,0,0,0,2.0424704235028305e-45,7.98476955059534e-21,7.920758385747182e-14,3.5969645565459e-26,-2.02E-19,-4.23E-33,-3.11E-19,7.853799631361901e-36,2.45195965484852e-20,-3.95E-44,1.23201294496303e-29,2.28609746392346e-23,-8.43E-24,3.56175010499284e-08,1.00018942272995e-08,4.5123746392801914e-31,-8.77E-31,1.06823702786722e-36,-9.93E-40,-1.02E-40,6.12229801382199e-44,8.54034661418171e-40,6.15761318382481e-33,-1.00E-43,2.51155470251311e-31,0,0,-6.13E-48,7.52309838969682e-38,0,0,0,3.23054548236491e-44,0,0,0,0,0,-1.43E-46,-6.23E-47,-4.98E-47,0,0,0,0,0,0,0,0,0,0,0,-3.09E-45,3.1055091906747403e-46,0,0,0,0,0,2.19196558378503e-37,-7.57E-37,-1.05E-32,-9.76E-34,-2.28E-39,3.9460872144218e-40,-1.18E-34,1.87048778371695e-35,-3.56E-35,2.96351280727191e-34,9.647705454564108e-36,3.3455408943771495e-36,6.375908012677922e-44,7.23420332207687e-44,-1.29E-35,8.71636854907834e-36,-1.59E-36,1.26490617494006e-36,1.4997142956018898e-43,-1.26E-41,4.1143874535657e-42,7.80131864426256e-41,-8.73E-43,-2.48E-38,-8.53E-35,6.96717980079894e-34,5.26226110127251e-35,-2.83E-34,-1.67E-35,5.9956575624947496e-33,0,0,-8.38E-49,1.40562345958508e-47,9.09393648125237e-33,4.74654419408318e-35,0,0,-5.92E-47,2.1558437912689502e-47,-1.29E-44,8.66729050156461e-46,-2.50E-45,3.05451575369679e-46,1.64084802076931e-43,-1.41E-42,0,0,-1.06E-42,0
9.28436951396119e-07,0.0004386925756499,6.16362393758294e-08,5.86261172328771e-07,2.6745952129845e-24,9.12409142749771e-18,-1.59E-37,3.58439692505862e-24,-8.20E-43,-1.70E-30,0,1.70097832612472e-43,-3.47E-24,2.30636038518405e-09,8.76147791079131e-06,0.0001794362567837,-2.67E-36,-7.95E-36,-2.21E-28,-7.63E-29,-2.98E-46,-1.01E-43,1.26540376289895e-45,1.03321876588119e-39,0,-6.42E-43,0,-1.60E-45,0,-1.87E-43,0,0,3.61608772877308e-24,8.383248615568089e-12,0.0005103950425919,0.0009860305168671,0.0006666871857605,0.0027862647931719,3.55020806526775e-19,5.3662848081451e-08,8.21900015233906e-27,3.83382949816868e-12,1.88813279964669e-41,8.84834289429791e-32,8.59954926974428e-05,0.0004735186912995,0.0015432158906459,0.0050985141150032,5.33076857614736e-08,3.08250483830579e-07,8.13821783960841e-05,0.0050212742768162,3.37524011521817e-14,0.002774183282504,-6.29E-23,3.75457718475081e-14,1.899314894573e-26,-3.58E-12,9.86567224307812e-06,0.0013610513180878,3.83726865982467e-05,0.0048061681911716,1.02722769595474e-12,0.0029268521237661,-2.70E-26,0.0005060798850979,6.943564805696362e-19,0.0037057511543139,0.0017107770632262,0.0038397376354744,0.0014806945363742,0.0028865708302451,-2.29E-22,4.17953148057666e-14,-2.12E-31,1.45894830292253e-22,-8.01E-34,1.18148883259779e-25,-6.10E-25,1.90280093492215e-12,8.91153286067582e-27,1.23288653145351e-06,-5.45E-49,1.90201867463739e-37,3.15308845696925e-25,4.40156893458187e-06,0,-1.96E-44,3.890130710753429e-36,-4.97E-15,-5.31E-23,-6.34E-21,-2.44E-23,6.661495990529681e-23,1.31262411120165e-21,4.50582819878311e-17,-5.58E-15,-2.42E-11,-2.00E-17,-2.46E-14,4.13501637640965e-31,-3.54E-28,-1.82E-27,-2.03E-24,-2.69E-29,3.34645579842451e-24,1.38683974573762e-38,6.50750383626457e-30,3.71720318316514e-22,-1.39E-13,1.33279089685755e-08,-5.31E-12,5.34327855765235e-21,4.8045236945460704e-23,2.88209844012615e-23,2.99444952611412e-22,-1.33E-22,-6.10E-21,-4.58E-20,-8.21E-16,-4.17E-28,-2.84E-23,-2.06E-23,2.3037290868171097e-18,-1.10E-22,3.53969969143953e-16,-1.74E-21,-1.15E-18,1.33741606123463e-30,1.4331361635782498e-26,-1.11E-19,-9.26E-18,-1.45E-21,-1.00E-18,1.11598615431929e-28,5.230799987140459e-18,2.55259895822409e-27,1.8449837514368e-18,1.88215036757441e-25,-7.77E-16,1.9745925858772e-20,3.5425421011496e-11,-1.33E-19,4.67280676907843e-16,-3.42E-22,3.1610877686326504e-14,1.0279682837322696e-40,3.91220647893869e-40,-1.08E-39,-1.46E-38,-2.70E-21,-4.12E-24,1.85397723266819e-35,-2.13E-33,-2.43E-29,-9.70E-29,-2.02E-31,-5.97E-27,-6.79E-33,1.63253702500311e-26,-3.84E-26,-4.45E-24,-9.60E-27,-3.80E-24,2.65915078492828e-22,-1.41E-25
6.71112587653419e-05,1.50031073450502e-22,4.41929944886635e-05,4.45561039195628e-19,0.0001328961919838,-1.98E-28,-4.95E-19,-9.60E-37,-4.93E-21,-5.71E-39,-4.79E-36,0,1.04727908703029e-24,-7.90E-49,1.7521874473874e-07,-1.53E-16,-4.94E-35,-1.35E-36,2.43554378615731e-07,5.22687290283368e-14,1.77497673844509e-36,1.48968064171865e-39,3.76397747916484e-38,-9.30E-43,-1.90E-38,0,-2.15E-39,0,-3.88E-38,0,-5.18E-40,0,1.9205950714865e-24,-1.57E-44,1.23941442274104e-15,1.38642712832683e-18,1.90409595011039e-30,-1.75E-33,-4.38E-38,2.59966047028547e-46,3.68546786807181e-41,0,-2.98E-38,0,-1.07E-45,0,4.0438541640728e-42,0,1.6494096447421598e-42,-1.80E-46,-1.39E-41,0,-3.56E-36,0,1.24717052483744e-47,0,5.30487136649356e-42,0,5.84046083967938e-07,-6.08E-27,3.85731569865367e-19,-2.35E-32,4.5201937055064887e-11,1.55308187864607e-42,2.9203982109021303e-14,-3.22E-43,-2.66E-27,3.95914805845197e-47,3.1049600174777302e-24,1.22057243318649e-29,4.40776879043676e-16,-1.31E-22,-1.02E-24,-2.16E-34,-2.35E-28,-2.29E-42,-3.00E-32,-7.98E-43,8.59343960082593e-28,0,2.49163888915927e-26,0,6.39159570552802e-33,0,4.55947102700907e-31,0,-5.00E-44,0,8.16482579560616e-40,0,1.41987118695993e-47,0,0,0,6.43979073678684e-48,0,-3.05E-46,0,7.238111902504219e-49,0,0,0,0,0,0,0,0,0,0,-1.59E-46,-1.31E-45,0,0,0,0,0,6.53210671018996e-33,6.324216549062639e-34,-1.12E-30,1.99069732280147e-33,-3.25E-31,1.61593872753743e-36,-3.50E-30,3.9748406028044304e-35,-8.39E-31,6.93118380871486e-39,3.2338919124111894e-34,7.37623857122701e-36,4.00042405335756e-39,-2.70E-41,3.11018582304842e-34,4.13859585750437e-35,3.51367082140077e-34,1.0810263955326298e-36,-7.78E-41,0,1.7401039948826596e-40,0,-1.45E-37,0,1.46082058229481e-32,1.0595125945437e-36,3.812563579737e-33,1.9251225867102904e-35,1.10391879269877e-32,2.23755294138558e-37,2.26415428447107e-34,-1.75E-36,-9.13E-25,5.73438012258317e-27,-1.62E-21,1.5108195726699802e-25,3.2945233210086404e-35,3.43458980484075e-38,5.1315155031613e-46,0,-6.68E-43,0,-1.08E-41,-6.30E-48,7.17259451028328e-44,-1.16E-44,0,0,-3.74E-45,0
6.61366552965195e-31,1.39997023344175e-14,-2.09E-26,1.40382070004809e-14,-6.42E-33,2.3049870518670497e-16,-1.69E-48,3.61644609249287e-25,0,-5.49E-29,0,1.12311636878972e-41,0,-1.51E-33,-3.89E-21,3.09819353917322e-19,0,0,7.26952400139369e-27,-7.41E-23,0,0,0,0,0,0,0,8.109366112990839e-49,0,2.46039035180026e-46,0,1.9566002493897e-47,0,1.8487352261263704e-35,4.844171135549149e-30,4.74590560067513e-27,2.4811411795273097e-42,-4.94E-40,0,1.94458158268595e-42,0,-3.40E-48,0,0,0,1.79813097919647e-43,0,6.05527269436761e-41,0,1.2032888987137e-47,0,3.69551163970175e-37,0,1.04107762767441e-36,0,0,0,-1.39E-49,-9.10E-36,7.02531910745468e-16,1.91999688031583e-40,-2.97E-22,0,2.16168597548616e-23,0,4.2272064060281597e-26,0,-2.02E-28,-1.19E-32,-1.26E-29,4.56875752159044e-23,6.26732451967752e-18,5.34388615186165e-45,-1.93E-38,0,7.86181410354613e-39,0,-1.76E-42,0,-6.97E-37,0,4.988875124427791e-35,0,2.57459287825175e-41,0,-5.98E-40,0,-1.48E-49,0,1.32959862724101e-47,0,0,0,0,0,0,0,0,0,0,0,0,0,0,0,0,0,0,0,0,0,0,0,0,0,0,-7.37E-46,9.23873688952424e-42,-2.45E-46,6.27069516669884e-40,0,-4.79E-41,-3.59E-47,-1.93E-39,0,-2.38E-39,0,-6.00E-43,0,0,-3.36E-47,-3.78E-43,0,-9.64E-43,0,3.1933074924292103e-46,0,0,0,-8.41E-44,0,-1.18E-39,0,-2.05E-42,0,-1.37E-39,0,0,-2.97E-42,3.5102613516182e-38,2.63460872061852e-35,-1.34E-35,0,-7.87E-47,0,0,0,0,0,0,0,0,0,0,0,0
-1.40E-24,7.98225657891127e-06,6.29891861335621e-23,9.77850147295834e-06,-1.87E-32,1.14678400328252e-05,1.47806729456928e-41,1.0320061590414901e-15,8.25181391061975e-46,6.3805291566459e-17,0,3.41292512654274e-28,-1.77E-49,-8.06E-26,-1.04E-20,-4.05E-14,3.05632979554232e-43,-7.18E-40,-6.79E-24,4.964568971200292e-19,0,-5.86E-41,0,-5.77E-41,0,2.66643068651476e-41,0,1.36118604759264e-35,0,-1.11E-35,0,-7.07E-33,-2.68E-47,-5.13E-26,5.75882441541164e-26,1.4552071822454802e-20,-3.85E-33,9.14171192682902e-32,-7.85E-46,5.74307526699954e-35,0,1.49963107199264e-39,0,-4.20E-39,1.46241754282749e-43,-4.43E-36,2.36950691281199e-42,-5.61E-32,3.19138200377555e-46,9.61211153307153e-40,9.48902693631373e-48,3.77223081643876e-29,6.43781836596394e-49,3.837320148025791e-31,0,-5.34E-46,0,5.94570063227556e-40,-1.40E-27,1.18293051101033e-08,-3.83E-30,-1.79E-13,-8.33E-44,2.40306002205846e-19,0,3.06405611391558e-21,0,-3.22E-23,2.99776197205369e-22,-1.00E-17,-3.08E-19,7.50147004548154e-15,-1.38E-37,1.07794308105088e-27,-1.80E-43,8.19167534696993e-29,5.35291230783465e-45,-6.86E-34,0,1.2483837396569899e-28,0,1.17829476056364e-29,0,1.15460498871293e-29,0,1.74747376188399e-35,0,-7.74E-36,0,7.755363141332909e-42,0,0,0,0,0,-4.49E-45,1.45735040289781e-46,4.67224807483131e-43,0,-4.63E-46,0,0,0,0,0,0,0,0,0,-2.71E-44,6.518097925894139e-42,0,0,0,0,0,6.31505849222945e-39,-1.56E-36,6.77264620521222e-39,1.18642227968282e-33,7.5761612314e-42,2.47885997238229e-34,2.5435548826467892e-40,-1.03E-33,1.75731670066976e-42,-2.44E-33,6.0233686777381e-41,-1.27E-37,-1.28E-44,-2.22E-41,4.7337510472275895e-40,-6.21E-38,1.0677557702476696e-40,3.4654876225983402e-37,0,-5.58E-38,0,-5.49E-40,0,1.6034010295542897e-36,9.911793384867568e-42,-9.44E-34,1.94081322896081e-40,1.05537062638758e-35,-9.41E-42,-4.75E-33,-4.75E-43,-1.32E-37,-1.17E-29,-9.84E-25,-3.69E-27,-1.40E-25,6.45481073191434e-43,-1.70E-38,0,-6.47E-47,0,1.85988636176089e-43,0,-8.57E-43,-9.06E-48,7.118221365847509e-43,0,0,3.73048374962147e-45,0
0,6.91116589547954e-47,0,0,0,0,0,0,0,0,0,0,0,3.86827491264843e-37,0,-4.88E-48,0,0,0,0,0,0,0,0,0,0,0,0,0,0,0,0,0,-1.05E-39,1.69936231864971e-38,4.236536666818669e-34,8.00432773440428e-33,-2.52E-31,8.314427396339359e-42,4.55882133497973e-30,8.277642325433699e-43,1.50462859715935e-28,0,1.5898945913127298e-42,2.51683617496157e-12,4.37485868313919e-05,-8.03E-17,3.60283657540385e-06,1.50549367885098e-17,7.49409419454439e-05,-4.11E-18,4.96938714329e-05,-4.30E-19,0.0002408015837977,3.4342888864757104e-19,0.0006194773570169,-1.50E-22,3.41656664623214e-06,0,1.45127258461645e-38,-1.01E-29,7.50486675634852e-18,-2.76E-35,-3.99E-27,0,1.41206719546823e-33,3.541654318165769e-40,-1.50E-18,2.04220291324418e-22,2.25132297898098e-19,0,-1.78E-41,0,6.29386510888957e-43,0,1.44886964352148e-39,0,8.29030629804771e-42,0,1.28276998085009e-36,0,-8.91E-29,0,-4.06E-47,3.84556526812072e-38,5.2789268393948496e-18,0,1.2447001144573502e-44,-4.38E-41,6.062609435661301e-16,-1.62E-17,9.52760796583304e-05,-1.05E-14,8.10998115137085e-05,3.4889776527756198e-34,1.40673865308196e-28,8.44461884037729e-24,-9.24E-21,1.83645803882323e-18,5.09535684444045e-07,1.3452096534435e-20,3.11812529151397e-05,1.36396797742843e-22,8.78315134149479e-07,5.842364226835831e-31,3.05000123371996e-22,1.4519361846124698e-42,1.7235578905224102e-25,1.32673583040052e-29,4.80505421864693e-29,-6.41E-21,-7.66E-16,-5.41E-15,-6.16E-16,-4.24E-22,-1.65E-27,0,0,0,1.5545654838603402e-44,0,-7.17E-47,0,-1.75E-41,0,7.25614697676552e-38,-8.54E-46,-1.17E-39,0,-8.76E-46,-2.07E-45,-1.31E-41,0,-5.31E-44,0,-2.92E-34,0,-1.09E-37,1.50865600796261e-45,-5.32E-34,-3.42E-44,-4.56E-35,4.74123540561028e-47,-7.81E-39,0,-1.32E-37,0,0,0,0,0,0,0,0,-1.52E-41,2.17173824762e-38,9.17822579820717e-45,-1.84E-38,3.0333990286560702e-46,-1.69E-38,1.79494102118844e-41,-1.71E-39,2.23888009803564e-38,-1.51E-33,-1.51E-37,2.23989044564541e-37
-1.15E-18,0.048951141257269,-1.14E-16,0.0002514220250871,-5.27E-28,0.0393681518325985,2.0226746493908e-37,0.108700403173133,-7.56E-39,0.0983681674108228,-5.40E-39,2.57101897657845e-07,-3.79E-42,0.0092698881481865,1.66617785245108e-11,5.87762214394174e-06,5.21162958191687e-29,1.91395602023828e-18,5.74816465423758e-14,1.15910953059331e-06,1.2451113479811196e-28,6.77147223562643e-21,-4.28E-33,2.22278285993914e-21,3.21453857636222e-38,-9.83E-22,1.87968169656705e-38,-2.24E-15,-2.91E-40,-7.77E-15,0,-5.25E-14,8.76263511884018e-37,7.47215680087496e-07,-1.02E-17,-7.81E-13,-3.74E-26,3.99386875022544e-25,-2.72E-38,-3.68E-18,-1.32E-38,-1.28E-21,-1.64E-38,9.0482948497839e-18,-3.16E-35,-1.13E-22,1.47261277110988e-39,-1.38E-21,-2.84E-37,1.86426970444583e-25,-2.39E-40,4.24678767074351e-21,1.05487920096875e-39,3.11823380319333e-17,0,-3.14E-29,1.42819107506557e-44,-1.81E-21,-2.38E-22,0.0059633848861524,-1.20E-24,2.00655798407678e-05,2.10105952534439e-33,0.0002399127812652,3.6496796189670006e-46,0.0010192929292535,-1.85E-42,1.67559866571412e-08,6.74009391608589e-21,7.56720355148647e-19,2.2475598184581507e-15,4.92447392077904e-10,-3.45E-29,-2.40E-13,-1.11E-33,3.44607725809883e-13,-5.08E-33,2.21386503611657e-16,1.90210696549157e-44,0.0001227899355585,-2.36E-48,0.0001635569324181,-8.05E-45,6.03934855545814e-06,0,1.58068098313495e-07,0,-5.30E-17,0,3.56994251319596e-16,0,1.2870447407615699e-28,0,1.15764535478407e-29,5.3299188574069903e-39,8.39265578965511e-28,-4.21E-37,-4.66E-27,0,1.87346416301843e-27,0,3.97591725320714e-34,0,4.90267506832484e-36,0,1.57583765551363e-39,0,-1.47E-33,-2.77E-34,3.9104319165180204e-31,3.0329989349018304e-31,-1.70E-44,0,-1.44E-48,-1.05E-45,-2.35E-42,8.33871588744124e-30,1.01118673390255e-21,1.27473242990613e-29,2.01102993994772e-19,-5.12E-31,4.14089363115925e-18,6.65300498121015e-31,1.02645183270592e-18,-7.59E-35,-5.25E-21,1.08819940169301e-31,1.72967949261151e-22,6.89964651450922e-34,3.76645925087791e-28,2.9319136869381496e-30,2.58683241371275e-23,4.54322801484333e-32,5.50402555028211e-22,-1.92E-41,-1.20E-24,-2.49E-38,-1.34E-25,-6.05E-38,2.68888506809887e-24,-1.63E-32,8.11629773236675e-23,-3.18E-32,2.16222579206933e-21,-3.36E-34,-1.11E-21,7.85945571560833e-26,-5.44E-22,2.35484045804958e-22,1.07359127414827e-14,1.17312646776462e-21,-3.59E-13,-6.93E-31,-7.82E-22,3.7583661164956496e-36,-2.32E-33,1.13608577539e-36,2.44388357718979e-26,1.08718668033478e-35,8.166600798265721e-25,-2.83E-34,2.85843824541501e-28,-1.07E-39,-2.19E-35,-5.06E-33,8.687700371506841e-37
1.31262248694853e-16,7.53121100735451e-06,-6.66E-22,6.08654037971093e-13,2.80768653701885e-35,-2.59E-21,2.7674969671154903e-47,-2.73E-29,0,-2.82E-35,0,-9.63E-43,-2.22E-42,-2.10E-18,4.59771306235329e-18,4.37884848161693e-10,0,-7.49E-47,-5.76E-34,3.04039828648599e-32,0,0,0,0,0,0,0,0,0,-5.68E-47,0,0,-1.35E-42,2.90951691834466e-22,1.29578032993721e-13,1.1912503899862e-11,-7.59E-19,6.13019338191325e-17,-2.03E-34,-1.84E-24,-1.27E-43,-6.26E-27,0,2.93147944789691e-41,-2.14E-16,2.72643145074159e-13,8.82851518960332e-13,4.25346511067842e-05,-1.69E-20,-7.93E-16,7.33594495216476e-12,0.0002603174342344,-3.82E-21,0.0005599382500445,-8.79E-32,4.9642264882112505e-15,7.31312827712919e-36,-2.02E-17,1.8260587675978897e-09,0.0001657361342421,7.039498289802e-09,0.0005196627273235,1.1030334575592e-18,0.0005548687755078,-9.88E-41,3.28149938592202e-05,-4.84E-26,0.0009263036933955,4.23566110747133e-06,7.39860610714246e-05,4.3248778873038e-06,6.84945014202683e-05,2.39880538876472e-37,-9.07E-27,-4.40E-48,-1.20E-32,0,-1.14E-35,4.26928932130961e-45,2.5978366447493e-22,-3.91E-45,8.85513553679296e-06,0,-2.46E-35,-1.53E-37,6.05640178155258e-05,0,-3.84E-43,0,-3.08E-17,-2.06E-32,-2.28E-25,-9.00E-34,5.27159467294248e-31,4.47276252752131e-38,-3.46E-34,-7.18E-28,-4.02E-25,-2.87E-28,-1.36E-22,3.64371734917814e-43,-4.49E-37,8.94875650711792e-42,-2.97E-35,-1.38E-46,3.83077601153243e-41,0,-1.73E-44,-6.33E-38,-1.40E-32,-3.69E-24,-5.73E-23,-3.24E-27,7.33100425952635e-36,-1.36E-38,-4.21E-39,3.04305264764204e-40,-5.62E-38,3.0409789722415e-36,-1.41E-31,-3.96E-44,6.19724289119747e-38,9.03912487615256e-40,-1.36E-32,2.94688205311668e-38,-1.09E-30,1.52467658502185e-39,8.571102886531511e-35,1.05097384824361e-45,8.56035715625227e-42,1.55135447964333e-37,1.01132483307138e-35,2.88535511160506e-39,2.58857048421725e-35,2.6157571334063305e-45,7.890428676786551e-31,-1.31E-43,5.91143449211378e-33,8.6334337410874e-42,1.27494917351226e-29,3.4992606975779895e-36,-2.89E-29,3.03700800970884e-37,-8.34E-32,1.48188458626796e-36,-2.63E-29,0,0,0,-6.93E-46,-1.43E-35,9.49527334774144e-37,0,-7.28E-47,6.51307736939704e-46,3.0146672823967595e-42,1.14448679357206e-45,-9.44E-40,3.95660742868184e-47,-1.52E-39,4.01085444935453e-43,-2.17E-39,1.66958873280701e-43,-1.61E-40,6.92985163493581e-39,-2.41E-42
-1.04E-18,3.23829672009631e-07,-1.36E-18,1.07895459485614e-13,-1.44E-34,2.00816786992954e-22,0,-4.47E-36,0,-7.72E-42,0,0,0,5.02402573434576e-30,-1.31E-17,-5.33E-14,0,0,2.2706238164200301e-35,4.13992875901733e-32,0,0,0,0,0,0,0,0,0,0,0,0,0,6.69407025570606e-32,5.5801348096379e-21,7.55243118299981e-18,8.670526760566821e-25,-1.17E-22,-2.38E-41,-1.45E-34,0,1.23294628861021e-38,0,0,-1.07E-24,3.0076380152419297e-22,-2.91E-16,5.02445547018427e-09,-3.60E-29,-7.60E-30,7.3707397097183e-17,3.91258796590144e-06,4.20545910772969e-26,1.37605020762303e-08,2.97437696048599e-39,4.47037282787515e-28,4.17939239362533e-44,8.794194584072721e-31,4.93611921594285e-14,3.14738117588337e-05,7.52917079872926e-13,0.0002309998604148,-5.51E-23,1.30431170107494e-05,-6.06E-46,2.34132109131116e-16,-3.96E-29,1.3492742562992e-05,2.64664634835877e-09,3.21179528888057e-06,2.72791539732251e-10,2.37665966971831e-07,-4.30E-42,-5.14E-35,0,4.9957221583278e-40,0,3.57205992468514e-45,0,-1.18E-32,0,-4.48E-22,0,1.02112556256853e-46,-3.73E-44,1.01616056972027e-19,0,0,0,3.19668871737868e-33,3.2337663184174e-42,1.36398918779583e-38,8.44439545412339e-44,-1.74E-44,6.20280643767309e-45,6.892814522289909e-43,-9.31E-39,-1.70E-37,-1.64E-39,2.07465437722918e-37,0,0,0,-7.59E-50,0,0,0,0,0,-4.90E-40,-6.11E-33,-1.32E-36,1.51718667799109e-40,0,0,0,-4.79E-45,-2.78E-43,-4.17E-42,1.38573452181141e-38,-6.66E-48,1.00893489431387e-46,-9.46E-44,1.39826688818335e-39,-3.96E-44,-9.44E-39,3.33976133997415e-44,1.35818261754182e-42,0,0,3.29389217024192e-43,4.1691553282899895e-42,1.0225691496424301e-44,-6.54E-44,0,-3.93E-41,0,1.21875475516293e-41,0,-6.97E-39,-6.06E-42,-2.27E-36,1.6484011175865498e-42,-2.78E-39,-2.68E-43,-1.98E-36,0,0,0,0,-3.96E-40,-2.51E-41,0,0,0,0,0,0,0,0,0,-1.15E-47,0,0,-1.23E-46,0
-9.52E-40,6.056488228680469e-28,-1.57E-38,-1.86E-33,0,-2.59E-35,0,2.5041073343903097e-49,0,0,0,0,0,0,-1.03E-35,-1.10E-31,0,0,-1.61E-45,-2.88E-42,0,0,0,0,0,0,0,0,0,0,0,0,0,0,-1.75E-44,-2.25E-41,0,0,0,0,0,0,0,0,0,0,3.4548778706233195e-49,-2.07E-39,0,0,1.28230093733969e-49,4.02067460659311e-36,0,5.82328987288519e-39,0,0,0,0,1.75830249670487e-37,-5.94E-26,3.39601307464167e-38,-2.79E-25,0,-3.47E-33,0,4.28681627381008e-37,0,-1.93E-33,5.11550845045746e-35,-1.80E-30,1.68726764006907e-33,-1.95E-29,0,0,0,0,0,0,0,0,0,2.31430620301974e-47,0,0,0,2.6260441282567e-47,0,0,0,0,0,0,0,0,0,0,0,0,0,0,0,0,0,0,0,0,0,0,0,0,0,0,0,0,0,0,0,0,0,0,0,0,0,0,0,0,0,0,0,0,0,0,0,0,0,0,0,0,0,0,0,0,0,0,0,0,0,0,0,0,0,0,0,0,0,0,0,0,0,0,0,0,0,0,0,0
-2.38E-17,0.0002899834601089,6.212260564506739e-16,0.0001370328243019,-1.34E-23,0.0001197146511496,7.74848762097557e-42,-1.04E-13,4.095390342845391e-44,-5.33E-18,0,-5.10E-35,-3.98E-44,6.50058117010349e-22,3.65628566460126e-10,2.87611402331822e-05,-1.14E-40,7.0647100863572e-39,1.1661974769444e-15,5.31658342367619e-08,2.11948828922564e-47,1.0593992391582e-40,2.9399307570195e-47,-2.25E-39,0,-1.03E-41,0,-2.56E-41,0,2.04894388834278e-38,0,-3.25E-41,-2.42E-41,1.85183454456309e-23,6.402437375471761e-15,2.49176079353067e-10,-5.21E-26,6.398428332890799e-23,-4.05E-39,1.34177826967434e-28,-2.51E-48,2.64861176830194e-34,0,-7.39E-36,-2.00E-32,-3.43E-26,-5.69E-27,1.35403751631802e-16,-1.32E-37,3.97329810636401e-32,5.4460003478143794e-30,2.14843523375508e-10,6.45373586514725e-31,2.22641395052399e-16,0,9.41049241867033e-34,0,-4.06E-34,1.07335502551454e-12,0.0003270325089993,3.09202367469172e-13,0.0004897491526985,9.8070578370052e-25,5.06554779691743e-05,-5.22E-40,3.04751291197843e-07,8.01429137227159e-34,3.95768394969922e-06,1.30846726704702e-07,3.82625221747411e-05,4.15083272324567e-07,0.0001327014290277,-4.94E-35,4.73135618507464e-22,-2.36E-42,-3.57E-25,-7.67E-43,-8.85E-30,-2.24E-44,1.93784499318024e-25,7.95790745384288e-45,-1.28E-22,0,-1.77E-32,-7.32E-46,1.62951119974579e-23,0,-1.07E-39,0,1.12416211661838e-33,0,8.63879104084554e-42,0,-7.45E-49,-2.64E-46,2.17493417468653e-40,-2.21E-41,1.6386175528137e-37,1.73373460384698e-45,4.48666671914563e-40,0,0,0,0,0,0,0,0,-4.52E-45,-2.52E-39,4.9438283509548e-35,-9.44E-42,-1.08E-47,0,0,0,1.0576700304862299e-34,-2.43E-31,-9.56E-35,-1.83E-27,2.5499985610058e-38,-1.08E-30,8.915285869714989e-36,-5.21E-27,1.62277182820038e-38,-3.63E-27,-1.59E-36,-1.14E-30,1.33228451495682e-41,9.61485735456512e-38,-5.27E-36,-6.98E-31,-9.60E-37,-1.38E-30,8.123469358404738e-48,9.320736037313249e-34,-1.91E-45,2.58490430396517e-35,5.10739387864194e-44,-1.65E-31,1.5975373322199498e-36,-2.17E-30,-1.07E-35,-4.43E-29,-1.03E-37,1.9948530267327e-29,-2.68E-41,-1.11E-38,1.73193103318149e-31,-5.24E-26,4.06628462930924e-27,-3.01E-23,-2.15E-40,-4.70E-36,-1.78E-46,-6.12E-44,0,7.71091073525587e-40,5.60519385729927e-47,1.14478820959855e-38,4.35045792416773e-43,5.16669392511557e-39,0,-1.32E-46,2.10377885272372e-41,0
1.80369186710807e-13,7.014023863444501e-11,1.01545354605071e-12,2.43151211403068e-16,5.62834197514974e-34,-3.38E-27,0,1.2611948521728199e-40,0,-6.79E-43,0,0,2.65934678199295e-48,-2.21E-41,1.53474576719092e-11,5.31772774079156e-11,0,0,3.71577361309724e-26,2.8932967910405503e-25,0,0,0,0,0,0,0,0,0,0,0,0,-1.53E-46,3.1956563660607e-40,4.630982492774632e-19,-7.24E-23,2.70496693048171e-26,-1.08E-28,1.11114098843661e-40,3.44489485588206e-41,-6.18E-47,1.81042314847619e-47,0,0,-3.35E-28,-4.40E-32,1.56723477796522e-21,-3.09E-21,8.48776194917588e-35,-1.75E-37,3.79774610530676e-22,5.92660320453885e-23,-1.48E-27,5.34103765245458e-26,4.4394496068696293e-42,1.21442010739753e-40,1.7885751206380698e-42,-9.01E-43,7.80954163607097e-08,9.26188452097893e-06,1.60480501409486e-06,5.14528956848665e-06,3.4211132974778604e-24,1.36265428909166e-22,-1.04E-43,1.32931720545635e-29,6.957793443081269e-30,-3.77E-23,9.38788526560328e-05,8.96048589952091e-06,1.65140395083847e-05,7.89012496185016e-06,3.3628912297093e-40,-2.45E-38,0,4.99052852314197e-45,0,3.1278983578679e-48,0,1.76537015600333e-42,1.52580407700873e-49,9.16118674654178e-40,0,0,-8.85E-45,2.78116589954785e-36,0,0,0,1.60536723140951e-47,2.2774915528515298e-42,2.89533769748382e-46,-9.80E-45,-4.88E-48,2.23975921825446e-45,5.246407293969731e-47,4.3870330074989595e-40,1.60638687632915e-43,-6.93E-41,8.20052352005573e-45,0,0,0,0,0,0,0,0,0,-4.54E-43,1.69316396196696e-37,8.589647551892298e-41,-5.83E-45,0,0,0,-9.92E-41,8.424795065098098e-41,-3.10E-38,-9.71E-39,-1.42E-43,2.74708308868694e-43,-3.79E-40,1.28645802533973e-40,-6.83E-41,-5.01E-40,1.33181544697801e-40,-6.39E-42,0,0,1.32239684649386e-39,-1.95E-41,3.41725855772443e-40,4.605690975558e-42,0,7.02527648334426e-46,8.24293214308716e-47,2.58133927638782e-46,-6.03E-45,-7.98E-44,1.80772087666165e-38,-4.93E-40,-1.04E-38,-2.12E-39,3.04938083224913e-39,-4.71E-39,0,0,-2.79E-43,1.18046961257993e-43,-6.40E-35,-2.26E-36,0,0,0,0,0,0,0,0,-1.90E-46,0,0,0,-1.14E-46,0
4.27930698706624e-34,8.6426638730372e-11,-9.13E-38,-1.58E-23,-2.78E-46,-8.24E-23,0,-5.59E-26,0,4.89987208930203e-30,0,5.14108852567731e-40,1.24851748514391e-38,4.21577303785342e-06,1.46460835380472e-29,4.27306990907642e-16,0,-5.02E-44,1.04207522831642e-47,-8.13E-44,0,0,0,0,0,0,0,0,0,-1.96E-41,0,-7.32E-45,6.71521909972155e-40,3.18928766342898e-09,2.03375752044196e-17,4.5294498982815206e-09,-1.51E-18,5.303826778167189e-11,-2.18E-30,2.38977614930065e-10,-2.95E-38,-1.91E-14,0,3.1825248856695093e-34,6.38969148801949e-10,0.000600485984642,5.43414854501118e-07,0.0025640800731284,4.22841821927552e-19,4.55011905617084e-05,1.43304150516917e-08,0.0082928327752643,-1.57E-19,0.0079540917464012,-7.32E-23,0.0006903231368856,7.65286140418143e-29,2.80302681169268e-05,-1.41E-22,0.0003010724333596,8.21031261675914e-10,0.0074937792119012,-6.62E-24,0.0036091610245343,-1.98E-39,0.001052783015935,2.70796230504886e-28,0.0073036463930752,5.07400590315932e-07,0.0014005380099333,-4.56E-15,4.77265196004664e-09,-1.31E-37,-2.55E-21,-2.14E-46,-4.88E-23,0,-4.64E-30,4.50990028617539e-40,6.35404187321067e-08,3.76112463548141e-40,0.0001750470005945,0,5.79126527121056e-33,-1.68E-36,0.0005718171952918,0,-3.61E-36,1.5420851694124502e-44,6.60937454032225e-11,-4.41E-27,4.38628679883658e-13,8.0532116107892485e-28,5.61453208498578e-17,5.3064781303819e-34,-4.95E-29,-5.48E-26,3.65834824113275e-22,-5.13E-26,-6.31E-12,3.87820651763295e-35,-3.48E-24,-2.70E-34,-1.22E-25,1.09338495132769e-39,1.0891803826791e-34,0,-2.66E-30,-2.08E-32,1.79004224823313e-28,-5.59E-21,3.1727786557086e-20,-2.44E-25,-4.15E-29,-1.33E-31,-5.04E-34,-4.26E-39,3.1351109068114e-35,-3.51E-36,2.5182301648902293e-28,-5.50E-44,-2.57E-36,2.6124148431020693e-40,-1.84E-28,4.91268958216178e-38,-1.46E-24,-1.86E-37,-6.62E-31,-1.75E-46,1.82503360370584e-41,-1.55E-35,-1.30E-31,-2.66E-37,-4.96E-33,6.44941566220825e-41,1.9689836397323105e-23,4.79915152512186e-41,-2.58E-29,7.53875927015441e-40,6.58034184455493e-22,-3.83E-34,1.0490520786459001e-21,-1.45E-35,-5.41E-26,-3.62E-37,-5.29E-22,0,0,0,0,-1.41E-39,-2.12E-39,0,0,-1.02E-43,2.55635213912331e-40,-1.68E-44,-1.22E-37,-4.45E-46,-5.22E-37,-7.13E-41,-6.35E-37,3.25138235083444e-39,-1.27E-36,1.02845309895267e-35,4.05643405214544e-38
-2.59E-26,2.2784250306884505e-23,7.67532202485914e-29,-6.27E-27,-8.29E-39,1.6778395785237598e-33,0,6.1889012769456506e-46,0,0,0,0,0,-1.03E-46,1.9979139067994998e-27,4.63058326177503e-26,0,0,1.73657369925902e-42,2.92064628773141e-39,0,0,0,0,0,0,0,0,0,0,0,0,0,-1.20E-47,-1.56E-33,-3.51E-35,6.289418691100389e-42,-7.52E-41,0,0,0,0,0,0,2.23142405963798e-42,-3.54E-42,2.1158989892694e-31,1.3466243307764e-27,0,-2.28E-49,3.64723430824796e-29,3.9370787837455e-27,-7.10E-34,-2.23E-30,0,-1.48E-45,0,0,4.8890011076577e-22,1.68544324240155e-18,5.19601797949736e-21,5.859978995423839e-18,-1.64E-30,-1.32E-24,6.02469084980415e-47,7.296950072512659e-33,4.56841897139043e-32,-1.15E-25,4.4149173024632e-21,-4.27E-20,-8.71E-22,-9.18E-21,0,0,0,0,0,0,0,0,0,6.25592884150841e-41,0,0,-7.52E-46,7.61514013585725e-39,0,0,0,0,0,0,0,0,0,0,0,0,0,0,0,0,0,0,0,0,0,0,0,0,0,0,0,0,0,0,0,0,0,0,0,0,0,0,0,0,0,0,0,0,0,0,0,0,0,0,0,0,0,0,0,0,0,0,0,0,0,0,0,0,0,0,0,0,0,0,0,0,0,0,0,0,0,0,0,0
2.40195069366665e-17,4.03671422524062e-13,-1.50E-21,-4.84E-22,-2.29E-36,2.89379751425334e-27,0,9.03489192302019e-32,0,3.168643809267e-39,0,1.14080405423283e-42,6.78319604827939e-37,3.44702204364165e-16,-8.54E-19,2.9403618721726094e-11,3.35876765438411e-46,-4.60E-39,1.08520687946346e-37,-2.00E-37,0,-1.02E-48,0,1.04480495621615e-40,0,3.52656446677938e-43,0,-1.18E-45,0,1.56932033239647e-42,0,1.08731071001799e-45,6.58324905788063e-36,8.819891171247859e-18,9.10584870069973e-08,5.71495629507653e-06,5.48426573404349e-08,1.32560053829268e-05,5.56689850009022e-30,5.84659866142462e-13,1.55050803084264e-34,7.09852462033365e-14,0,-1.42E-31,4.3592820796535805e-09,0.0001658134447751,1.6831586855188e-06,0.0002454655795947,1.28048367492399e-11,1.35996025419244e-05,4.38537810657116e-10,0.000169222186853,-2.00E-21,0.0009444133082081,-4.44E-27,2.80701994865914e-06,-1.97E-28,6.35854124996404e-06,1.0255166898662e-10,2.64231043634727e-06,8.443251512681091e-10,5.23433619977281e-05,-1.48E-21,8.31659118970203e-05,9.94461380528955e-33,7.87330467360537e-07,-2.45E-24,0.000396187644836,1.83014845287752e-05,0.0001405620359244,3.55982301329811e-06,1.10953356499097e-05,-2.02E-33,-3.21E-22,1.18062253796854e-43,-6.11E-23,1.3462986952472201e-45,-5.63E-27,-1.61E-39,2.8265015219087904e-17,3.45176001713821e-37,2.73872921604544e-05,0,5.2940781934026495e-36,3.8007736659429004e-32,0.000169324208673,0,-7.92E-40,-7.53E-39,2.51101802026843e-07,6.91862019694132e-25,1.22596035161115e-12,3.14022083863362e-26,-2.31E-20,4.18461841583996e-30,2.57543396269804e-24,2.07649207272775e-21,-6.10E-13,2.69832227545018e-22,1.00457112418069e-12,3.0140609282723404e-35,3.00957631074302e-26,-1.21E-33,-5.84E-27,1.17130325116875e-36,-1.30E-28,0,-5.90E-32,1.70283537250299e-29,1.6112948806399201e-21,1.29102791633947e-13,8.964019273194051e-15,1.5787111101348902e-23,3.2527598890518503e-25,2.56584305833975e-27,1.4319595405585198e-30,2.1144925016764e-34,2.61011299181541e-29,-2.61E-31,-3.00E-23,2.05804203312158e-39,-2.18E-32,-6.49E-34,1.17702327087501e-26,-8.15E-34,1.26151803666391e-22,-5.05E-33,-3.94E-26,-7.40E-40,5.29851264377414e-35,-2.68E-31,8.4305310199203e-28,-4.32E-33,-4.85E-28,6.79882981365366e-38,3.1791144231644e-20,4.85853504935128e-37,-4.03E-23,4.78702129939794e-36,2.14337392165316e-19,-8.94E-31,-3.66E-20,-4.12E-31,-6.42E-25,-9.17E-33,-1.71E-21,0,-1.46E-47,-2.18E-47,1.82693206037533e-44,1.87068125345806e-31,5.267817150529831e-31,1.46180171336274e-45,-1.14E-38,1.37536279814194e-38,2.62747070942582e-33,-2.22E-40,-8.82E-30,-1.05E-40,-2.16E-29,-1.65E-36,-6.99E-30,1.58456602672488e-36,1.78251990834074e-32,5.196332303136821e-31,2.73737559873211e-34
0,-1.56E-38,0,0,0,6.91546737931531e-41,0,9.12747123385268e-47,0,0,0,0,0,-4.89E-28,0,1.70286427681817e-46,0,7.43553639808622e-45,0,0,0,0,0,3.5267578800121196e-48,0,0,0,0,0,-1.06E-47,0,0,0,-8.72E-30,-2.89E-38,5.96638068597424e-32,-5.58E-31,8.216190278022539e-28,-2.97E-39,-1.27E-22,1.4451876480428599e-40,3.9859693393095897e-22,0,5.85025532487129e-37,2.77704630619777e-07,0.0001013891340882,1.79173187951827e-12,1.99156798952991e-05,1.12420569919941e-09,0.0002320357818521,2.63422027120241e-16,6.9182908400438e-05,7.58145030328686e-15,0.0002502029128814,2.04086104470827e-18,0.000285658314244,-1.46E-22,5.41789844137801e-05,0,-1.12E-29,3.57492023684587e-29,5.13282332680033e-09,1.98327619760496e-35,1.86815687977504e-13,0,-3.06E-23,7.01181647928042e-42,3.66365314990372e-06,-3.84E-25,4.5991785431744e-14,1.2984604005975e-49,-1.05E-38,0,9.15604265489553e-39,0,-7.85E-31,0,-3.79E-33,0,-2.94E-27,0,3.13863753607842e-16,0,7.58392966330923e-43,1.3026317800748e-36,4.79140090407066e-07,0,2.6321794974858098e-42,1.01385829322866e-37,1.60525684139917e-09,1.1192210710675e-13,3.29711401002799e-05,2.40439544399562e-14,2.05905693336622e-09,3.9841670308354692e-28,-3.95E-22,1.9026473689915306e-21,4.31318585477427e-12,9.816742666274441e-14,5.36108413007912e-05,1.70645387089131e-25,-4.38E-18,2.14314488900245e-25,8.09443041043438e-17,-4.72E-29,1.1323551100658201e-23,1.00786051683502e-40,1.23938543155493e-27,-3.67E-24,2.18064306127223e-23,5.25319108358244e-14,6.44311930751462e-08,1.83869525973366e-09,2.46991059045111e-17,-7.18E-21,-4.56E-22,0,0,0,3.69322428074108e-43,0,-3.61E-44,6.41326528295111e-49,1.42332264985023e-36,1.44187058021841e-45,-5.04E-32,1.52874989608007e-44,1.79401372968261e-37,0,-4.10E-43,-2.82E-43,1.20409783189347e-39,9.46823286705958e-48,-5.60E-43,1.69983596324619e-44,1.29305244662408e-27,6.05031219302598e-44,4.42063467774713e-32,-1.84E-43,-1.41E-27,2.28552721980752e-41,-3.55E-28,3.227200899418731e-44,-7.43E-35,8.51256076459001e-47,-1.22E-34,0,0,0,0,0,0,0,0,-2.21E-38,-1.30E-35,8.545185029801629e-43,-8.96E-36,-2.20E-44,5.03555980505942e-36,-2.21E-41,-7.66E-38,-2.88E-31,-7.58E-27,-4.04E-37,-1.62E-32
4.23551762548214e-15,-1.74E-18,1.25940167855927e-22,-4.87E-24,-8.95E-32,-3.86E-37,-2.63E-47,-1.23E-38,0,1.53140391274716e-44,0,0,-1.20E-35,1.4456529810154701e-23,-2.94E-19,-2.35E-21,3.30343667786299e-44,3.77300992562622e-45,-3.04E-37,8.671587684308489e-42,0,0,0,0,0,0,0,0,0,0,0,0,-8.56E-37,1.25235442171562e-25,2.6039137929196097e-11,1.16630526187032e-12,2.2436807686289e-13,2.01681921507286e-12,-4.48E-27,1.1218519773388202e-25,-1.58E-31,1.31067731817484e-29,3.98096154637732e-48,-4.08E-44,1.7072370637728e-07,1.95768493975415e-06,0.0001916529484216,0.0004173784079375,4.54963492305248e-11,1.02299534720067e-12,6.55638020934977e-06,0.000676714579306,1.28389446195802e-13,0.0001933780638921,7.87437549935338e-25,1.42167667648997e-19,-2.95E-26,1.6845357133747701e-19,1.859986424638e-07,2.32644142801795e-12,9.71872271150894e-06,1.3743093756387e-05,6.13901713113955e-14,6.48815370102115e-08,-2.48E-33,-1.59E-19,1.5317558696830902e-20,4.58767007283263e-05,4.01362313737415e-05,4.06868505415985e-05,1.79642150505056e-07,3.36627282836411e-11,6.10987929716707e-32,-6.40E-27,2.7366402178384697e-42,3.69243303928931e-34,-2.79E-44,-7.75E-39,-3.22E-37,2.7387847554116597e-26,-1.68E-36,-1.01E-18,0,-9.96E-45,-1.83E-23,2.24822747418858e-10,0,0,1.23354738992072e-37,-1.67E-25,-3.07E-23,-1.33E-23,-3.68E-25,4.240934537159e-26,-8.69E-29,-2.31E-30,-2.21E-21,-2.10E-24,4.3936705672656e-22,-1.93E-22,-9.37E-33,-9.37E-36,8.23012381346951e-31,1.9240436233707e-32,2.00066608826896e-35,1.49493613821224e-36,0,-2.49E-45,-3.37E-31,4.90488156254884e-25,-1.02E-18,7.016661632342381e-20,-9.81E-23,6.82937712361853e-30,-4.55E-33,4.06699855103125e-31,-4.08E-37,-8.89E-36,-1.87E-32,-1.91E-30,-6.23E-40,-1.88E-37,-4.27E-36,5.34766753067302e-32,1.72530841813983e-34,-2.62E-30,-1.45E-33,-9.73E-32,-8.08E-38,-1.56E-36,-1.40E-31,-9.71E-32,-4.69E-34,-1.09E-32,1.59849819529978e-33,-2.29E-29,1.1412674528181e-33,-2.79E-30,1.01657131714167e-31,-6.19E-28,3.26307915000298e-29,-8.65E-27,-1.01E-31,2.99003574121032e-30,-9.10E-33,6.75998735919941e-29,0,0,0,0,-3.32E-34,-9.35E-37,2.93041004224225e-44,1.32624148874195e-44,4.9831570531353604e-37,8.97095159686331e-37,-1.97E-38,-5.06E-37,3.18075515695284e-39,-2.70E-37,-9.39E-33,-1.36E-32,4.27630758423764e-35,2.4278981018407304e-35,1.4483133679875098e-30,-4.88E-35
3.22675504284332e-27,1.67285648300155e-06,1.89127873038771e-13,2.30958537967862e-06,-2.95E-20,0.0005873064954219,5.89843017599427e-25,9.08916894469818e-05,-6.96E-24,0.0023980890235891,-5.20E-19,0.0115631949783126,3.20125647658005e-24,2.13216872602352e-05,3.00328890239153e-19,1.08346496591422e-20,6.21319654251177e-06,0.0003116694672962,2.03175309261334e-15,1.98749640525223e-08,1.97409732700772e-05,7.39419131143557e-05,6.53253989947838e-05,0.0007507238308554,1.06992851749637e-07,0.0010908553477903,4.76790871079858e-10,0.0044259619115412,-8.09E-16,0.0011240588951042,1.9406907710444e-23,0.0086924616296799,-2.21E-21,7.2324662516565e-05,2.58287985000054e-12,1.89998739534773e-10,9.72468037294633e-27,3.49947058691884e-22,1.5915388350035e-15,7.81970635378008e-05,3.01778147498098e-13,0.0002088550662338,1.81095409973043e-15,4.03141312974347e-05,3.6897663951675695e-31,-3.76E-24,1.23979551195102e-39,5.711029069301859e-30,9.38532892525657e-26,8.88634449670906e-13,9.256417546280312e-45,-5.99E-34,-1.27E-46,-5.09E-32,-2.84E-43,-4.52E-25,5.1899072062256804e-17,0.0001818294354649,-6.15E-32,4.6794993551124514e-09,-4.92E-46,-2.74E-33,2.05669706612005e-41,-9.47E-30,2.76103233544805e-41,-4.70E-21,-9.56E-48,-1.33E-33,8.841925577868859e-30,1.23773033928502e-20,-1.94E-30,-5.80E-30,1.72003418222023e-08,9.02457199827146e-06,1.99492655645754e-13,0.0002244349477474,3.00264355170252e-11,0.0003897259731408,-1.42E-30,2.16017050992351e-07,-2.86E-28,0.0001611140830278,-2.99E-17,0.0027257325335144,-1.54E-28,0.0005721523706069,4.02454915206825e-17,0.0028013500124866,-4.42E-21,0.0003149486366045,-2.33E-26,3.59241127363873e-13,1.9771381651003298e-33,5.4927984198200886e-11,1.78829467951071e-17,7.97515278084251e-08,-4.58E-18,1.14488717882886e-08,1.5268947173924098e-22,9.68270981219175e-09,5.87702947373828e-24,5.28133616095472e-12,-1.80E-23,3.0721429772802098e-12,1.52609497133214e-16,1.86055975853134e-11,-4.26E-17,3.3392699243971e-07,1.03729779595811e-11,3.11871194912476e-14,7.207237743477282e-19,8.35293963714321e-21,1.03455067366234e-23,5.83838231092777e-22,5.0281693339034404e-17,2.01173184055327e-10,2.38405415889294e-09,9.81509478522652e-06,9.08337443754928e-13,1.0942364606317502e-09,9.94163376226815e-11,0.000217819363336,5.41733145940041e-12,2.02633365946283e-05,-2.60E-19,6.60115115231368e-07,1.42158237115622e-10,7.62978174146742e-06,3.62801542280744e-09,6.30751760581916e-05,3.43260231723592e-09,2.94850079175139e-06,1.27377691018024e-10,5.01765187247936e-06,-2.36E-22,9.62749626391141e-06,-6.15E-19,4.483655209292e-07,-2.45E-21,5.1181067664411896e-11,3.1998755793732698e-18,1.80837714547858e-11,2.78240088952606e-19,7.687541841997729e-11,1.19416266702799e-25,7.490422528680541e-15,6.44820793308156e-05,0.0001330908513155,8.54883523700497e-08,6.30215424725449e-07,6.54796634438465e-08,9.85178789263461e-08,3.11247166321314e-07,0.0003442221654,6.36250196860164e-08,3.55486028008902e-05,3.2058441382127e-09,0.0001023550611451,2.6698130679058e-09,0.0001804506214654,4.37664428839705e-08,2.31703861903715e-05,1.03361542397289e-10,6.0461697367138e-06,2.77468600638409e-10,1.69561726867875e-07
-3.37E-25,0.0001707597542062,2.5566752359533305e-17,0.0001651646508679,-7.19E-25,6.61285065518333e-05,3.25945146392179e-31,3.75751303079389e-05,1.50553074654591e-33,3.87118247123251e-09,2.54716982834964e-45,7.878857759681e-24,-1.05E-35,2.39375425317596e-06,8.797666574618421e-09,8.27749957554867e-05,3.90030061376512e-31,-3.10E-23,5.50882527430388e-07,0.0001465403730916,-1.64E-34,-7.52E-30,-3.38E-35,3.67734834849661e-26,-3.99E-44,-2.44E-29,1.48235551432103e-45,9.1725149967781e-29,-1.51E-45,-1.08E-27,0,-9.29E-30,-4.51E-34,6.94874764375518e-06,4.3690961189802e-11,1.44327305381678e-05,-9.41E-26,4.31285910111223e-21,-4.18E-34,6.1545359037227e-13,-7.84E-37,-6.93E-18,-2.17E-39,4.22797282245713e-19,-2.41E-37,-7.67E-24,-1.46E-37,-4.80E-20,-4.20E-34,1.31656689034527e-19,-1.45E-41,-7.33E-20,-4.57E-41,5.67622324772674e-23,0,5.85753473274464e-41,1.85419923252609e-40,-4.01E-20,2.4544879614181e-26,2.73598553103844e-05,-4.43E-26,2.95118361105099e-06,-4.01E-33,7.2260551591154e-08,3.16142863134746e-45,9.78053826366464e-10,-3.18E-42,2.3673244596430507e-15,1.3651535315628102e-19,6.74985143939489e-10,7.40226442677228e-18,1.68611905535113e-09,3.34748687791284e-22,5.77800344769143e-05,2.43873484571857e-30,1.55925091526755e-05,-2.73E-30,2.89591948935615e-08,-1.79E-36,9.90758857314551e-08,-1.80E-42,1.04417911622494e-12,7.67987893774905e-46,5.07294901774241e-18,1.27596986836537e-48,4.06912190393712e-23,0,7.186607949019009e-27,-1.09E-49,-3.17E-26,0,1.00388708079714e-33,0,4.37998853663707e-32,-2.14E-34,9.50358436498745e-22,-8.63E-35,1.66155081627072e-21,-3.10E-49,-1.71E-28,0,-7.64E-34,0,1.05809132488013e-31,4.33108459478529e-44,-5.05E-32,2.43280983389725e-48,4.79025650203189e-27,1.46001148073002e-31,-4.58E-28,-1.90E-31,1.60103779108524e-42,8.396956004008251e-47,5.71548123643594e-45,6.44585918106192e-42,-1.09E-38,-8.16E-22,7.641315409021581e-17,1.40788742595396e-24,2.7961996794270697e-11,2.58910253314977e-24,5.18724574051764e-10,3.53795114086997e-23,1.58639216080069e-07,-9.71E-26,1.59218319082153e-06,-9.47E-24,3.056442542197e-13,-1.34E-27,1.33225205260548e-22,-1.76E-22,1.21504464483612e-16,-1.67E-22,1.03223524270883e-13,-3.72E-36,1.2687931725024498e-11,5.02734293535011e-31,7.76301466520113e-15,-1.74E-31,3.76023087875066e-10,-3.05E-23,9.09219603049229e-09,-2.44E-22,6.92281795590607e-10,-1.72E-26,6.93178017206607e-07,2.19212528149126e-29,-7.16E-26,-2.64E-17,1.16991919258431e-13,2.29487880597026e-13,1.99577777579212e-07,8.59048918693639e-31,-1.04E-24,2.03004130923842e-31,-3.45E-26,-1.09E-32,-2.64E-21,-2.76E-33,-1.72E-19,3.6992043881692996e-27,7.1383787586032e-22,4.2004015388571995e-34,-2.43E-30,7.452474315189451e-25,2.43371919770324e-30
-2.02E-46,3.01960351986394e-08,-4.74E-21,0.0001638141612848,1.84170070445874e-26,0.0005344157757488,-5.11E-39,0.0003032664410755,2.93077325010941e-31,0.0006157491726851,-7.47E-26,0.0036870078353871,-1.49E-39,0.0005218925795674,-3.80E-37,-8.61E-29,5.23661248981132e-18,0.0001264611557708,-1.13E-19,1.98423854519486e-07,1.45136676528283e-14,1.16227217934201e-05,1.67989915583997e-16,9.04308331411401e-07,-2.28E-19,0.0001901766408892,2.51571737832744e-19,0.0020445509728168,9.17574139730066e-26,0.0024458520955089,6.14452283228443e-32,0.0020113441212433,2.5109229902803e-29,0.0024323276232174,-1.74E-30,-8.11E-22,-3.79E-27,-3.26E-19,3.2143408243483e-26,0.0022156952672309,1.10532837404461e-24,0.0011095538141403,3.82451607141255e-27,0.0014583148270923,-5.30E-32,-2.08E-16,-1.61E-42,-6.12E-22,7.61331498719339e-28,8.8405673876955e-11,0,2.94428887356519e-27,0,-8.36E-21,0,7.774156495062771e-17,2.88905644606013e-28,0.0025153184748093,5.697725641814041e-47,3.15935910839469e-06,0,-5.16E-26,0,9.502361471125192e-20,-3.90E-47,5.34998014958198e-06,0,1.42259926333577e-11,-8.73E-31,-4.30E-15,3.67723876378537e-41,2.07826102236816e-33,-7.71E-20,2.47143034308209e-05,3.03274656357324e-24,0.0018707412430865,6.28897818482017e-24,0.0002329610194576,-1.46E-36,0.0026591206263632,7.53430564980356e-38,0.0025148552885455,5.35766062100636e-28,0.0015382939187896,1.36965243253943e-36,0.0015492255976309,2.32914097780587e-27,0.0011221927375164,-2.62E-32,0.0022102076904847,1.22453527500599e-39,0.00070823990304,1.32866727853918e-38,0.0013748998502156,6.60348463030815e-26,6.17378014511509e-08,9.6444263148476e-27,0.0003506490194263,8.510719595449249e-36,0.0014228636120374,2.1798534073040695e-36,0.0016611807660536,1.01187965578926e-31,0.0010751211474601,1.19822651933171e-26,6.12265130143292e-11,5.9165899566561695e-28,0.0012673304681485,6.08222635949394e-21,1.24331923035245e-20,1.2339682528204301e-23,1.14465389829644e-29,6.99938366225303e-31,-1.40E-28,-1.40E-24,-4.91E-21,-1.92E-20,-3.72E-16,6.45774474696173e-24,5.27875283902466e-16,-3.97E-22,2.39243560583354e-10,-1.81E-23,2.48291483060204e-08,-8.14E-26,4.76097157825955e-07,-1.28E-21,-8.64E-15,-2.70E-21,-9.05E-18,1.10949656007361e-20,9.39179461518273e-17,-3.45E-22,2.8293958444736603e-15,-2.95E-30,3.53957477745636e-05,-6.51E-27,2.4817939193853503e-10,-6.18E-27,1.89956058976504e-07,7.33105890834169e-24,1.016146069209e-08,-4.76E-24,6.57157399734288e-12,-3.65E-29,4.02046961922332e-08,3.57594451891697e-16,1.4300669137093e-08,2.65830767438484e-16,3.33184294805769e-07,-1.37E-18,3.81693588291633e-10,2.4178311301748403e-19,1.82735258713162e-08,1.68323415217078e-20,-6.32E-17,8.71769051183398e-22,3.27197409230571e-14,4.22373822442168e-22,3.00521924567918e-12,1.97589686362028e-20,7.18148789365694e-16,1.69627859015596e-23,-1.88E-18,4.3213732928423904e-19,2.6062569828448703e-20
9.92365884503946e-12,-4.03E-17,3.6100599960983297e-12,-1.16E-20,-4.23E-34,-1.68E-34,0,-1.96E-46,0,0,0,0,-1.77E-48,0,4.6356493600494e-13,3.78230261067693e-16,0,0,3.53273735824126e-33,-8.02E-33,0,0,0,0,0,0,0,0,0,0,0,0,2.29087410408322e-46,0,1.45791765561568e-24,-5.74E-28,1.1037492935654799e-34,-4.51E-37,1.29699043754098e-45,0,0,0,0,0,4.26915770392728e-43,5.10633141575427e-43,7.46343479124799e-41,-2.49E-34,7.52487242179198e-49,4.1125063626924e-48,1.31943855239664e-42,2.4280438460405203e-31,7.81076665246935e-41,4.83454476307118e-38,0,0,0,0,3.33222855119476e-16,1.62151725072289e-14,1.05167150493372e-25,-7.41E-18,-4.56E-32,-8.96E-30,2.6317578941355105e-45,1.05810202605844e-37,-1.67E-40,-1.60E-30,3.79411075718615e-20,5.1901072281056206e-20,9.73719312323221e-10,3.7037944277857804e-14,4.79982561740414e-42,8.21394176040338e-48,0,0,0,0,0,0,0,0,0,0,0,3.01935482220135e-48,0,0,0,0,0,0,0,0,0,0,0,0,0,0,0,0,0,0,0,0,0,0,0,0,0,0,0,0,0,0,0,0,7.57109315919185e-45,0,0,0,7.69591833954133e-47,0,3.2041568449298003e-46,0,0,0,0,0,-5.61E-48,0,0,0,0,0,0,0,0,0,1.3824494768291402e-44,0,1.68577258866143e-46,0,1.25331086949425e-44,7.00649232162409e-48,0,0,0,0,5.6012939626062e-43,-3.77E-44,0,0,0,0,0,0,0,0,0,0,0,0,0,0
1.96624700827214e-35,1.25400997493811e-21,-5.77E-36,-3.92E-26,3.88645014512097e-50,8.92289682784492e-27,0,6.2731929354072e-41,0,-1.87E-44,0,0,0,-6.38E-30,9.75463503255123e-35,2.70523075083728e-30,0,0,0,-4.35E-48,0,0,0,0,0,0,0,0,0,0,0,0,0,2.53663255035339e-35,-1.30E-29,3.17006012252446e-30,-2.54E-34,-1.54E-32,0,1.81185300089726e-34,0,7.01066606027766e-32,0,0,2.00334557897695e-30,6.4288561998342005e-24,-1.31E-27,2.20182914827152e-21,-5.91E-36,2.72980301015927e-25,-1.51E-26,2.6475026981358303e-20,-1.57E-41,6.63316964972194e-16,1.67530369008015e-48,1.23364615257667e-26,0,1.17286047966828e-25,8.02575952002881e-28,-1.42E-17,2.95598791277736e-26,6.33051132069669e-16,2.31409318648385e-39,2.85657218705458e-16,0,5.57428750517196e-18,-2.14E-42,-1.83E-16,-9.33E-22,1.32537824533632e-20,1.57738356729473e-26,4.91024724203161e-24,0,8.606287173496069e-40,0,1.21786669817406e-43,0,6.88137638730937e-48,0,-2.27E-34,0,-7.54E-15,0,-3.53E-43,0,-1.56E-14,0,3.18789497944493e-45,0,-1.83E-23,1.17761828302364e-47,3.14938048325914e-32,9.24827391977836e-50,-1.24E-40,0,1.00511034801604e-41,-8.13E-39,-7.07E-32,-1.75E-40,-8.16E-33,0,-1.00E-44,0,-4.47E-43,0,6.49551204106065e-48,0,0,-1.01E-47,-2.38E-42,-4.31E-34,-6.46E-35,2.37427362027614e-42,1.34874977191264e-43,1.12546816315743e-45,-1.56E-48,0,0,0,-1.06E-44,0,0,0,-1.00E-46,0,-3.13E-43,0,-1.67E-47,0,0,0,-9.65E-48,0,0,0,-8.45E-41,0,-6.62E-44,0,-4.79E-40,0,-1.70E-40,0,-6.71E-45,0,-6.27E-42,0,0,0,0,-2.90E-49,0,0,0,0,0,0,0,0,0,0,0,0,0,0,0
-7.25E-25,8.49499292727338e-06,-1.32E-25,2.09446744144171e-13,1.69676495048923e-38,2.5207360686340202e-15,0,-1.48E-32,0,-3.87E-39,0,0,-7.09E-49,-3.16E-30,-3.89E-19,-7.70E-17,0,0,-1.04E-40,-3.97E-36,0,0,0,0,0,0,0,0,0,0,0,0,-1.15E-46,-3.43E-31,2.91553376816364e-16,4.25206250007297e-17,3.42044945736092e-28,1.92993158412172e-28,2.02583102829362e-45,-5.20E-39,0,-3.87E-45,0,0,1.12767848899877e-36,-1.66E-35,2.10087077741551e-32,1.55245898987867e-29,7.162465536111569e-42,-3.13E-39,7.26235070242258e-32,1.29430023898157e-27,2.28550219130705e-32,2.9457045723455004e-32,0,1.04743163776756e-45,0,7.1044586944559e-43,1.69985899418702e-14,7.34520852125443e-06,1.3214567679512e-12,5.09492074976834e-10,-4.19E-24,3.5530343083674504e-14,-1.36E-42,-1.02E-16,-1.29E-34,3.3366868984557e-25,1.4191866745359e-07,1.86044680063256e-06,2.71153501145681e-08,1.24590618618296e-06,1.17366941244238e-42,-9.93E-36,0,-8.14E-42,0,-2.25E-47,0,-4.38E-33,0,1.45628308925066e-29,0,2.85391503384539e-47,-4.71E-48,-2.70E-33,0,0,0,3.2488260403264995e-41,0,0,0,0,0,0,-1.45E-45,-1.98E-43,0,2.43958646296103e-48,0,0,0,0,0,0,0,0,0,1.99746491625248e-47,-7.95E-40,7.0820340178141e-47,0,0,0,0,2.8480936320368e-45,-5.65E-46,-2.19E-42,-9.81E-42,0,0,-9.44E-46,-3.98E-44,6.27619423553944e-45,-2.70E-42,-5.07E-46,-2.77E-45,0,0,-2.12E-44,-2.91E-44,-6.34E-46,-1.31E-45,0,3.75683234403436e-47,0,0,0,2.56019977076192e-43,-3.69E-43,1.10517776008279e-39,-3.38E-43,1.32781723682329e-42,4.10239947616588e-44,4.91070087961525e-40,0,0,0,0,1.06895851579336e-37,-4.04E-40,0,0,0,0,0,0,0,0,0,0,0,0,0,0
1.59407635785356e-44,2.42079470366867e-24,8.42073912904841e-45,-3.87E-32,0,2.19529635244544e-30,0,4.58329705668479e-36,0,1.52226790495863e-38,0,0,0,-7.40E-23,-4.66E-38,-7.40E-28,0,0,0,0,0,0,0,0,0,0,0,0,0,0,0,0,0,5.552119488609079e-26,-6.10E-30,-4.13E-21,9.26403848044066e-27,-7.95E-22,5.77834330233653e-43,4.47246805010916e-27,0,3.65697537283879e-32,0,1.05944944379396e-46,-9.80E-28,-8.63E-19,-1.01E-20,1.7683183865488e-07,-5.58E-34,-8.46E-26,-1.50E-20,1.99334255648339e-05,1.1191405914917e-30,6.07222602093086e-06,3.6119547558128e-45,9.709006895154079e-28,-1.52E-49,2.87856338871553e-27,5.94292517196472e-35,-5.40E-19,-8.45E-22,4.28310381268593e-07,4.482681493773e-31,1.51179995085496e-06,-9.06E-48,1.3182851294892e-07,-6.89E-35,4.85203575471003e-06,3.12373035039712e-20,3.08763623963914e-09,7.45311953126542e-28,-1.14E-23,-2.10E-47,5.9358632014146e-31,0,-4.69E-34,0,-1.35E-40,0,-3.34E-26,0,8.091315481938801e-16,0,1.13743287691012e-41,2.62594598909594e-45,-7.76E-17,0,0,0,-5.04E-27,5.49039289782279e-46,1.25412584007046e-34,8.03952451846333e-46,-3.09E-39,0,-4.18E-43,-6.11E-41,-6.57E-37,-2.03E-43,1.37182574840755e-34,0,-1.18E-43,0,-8.15E-45,0,0,0,0,0,4.06803628018407e-42,-5.64E-35,-9.11E-38,9.833236367625459e-42,8.073324485821991e-47,5.03339965633914e-48,0,-1.00E-46,4.98721327260893e-42,8.84314564865176e-47,6.299032211610839e-36,0,1.8152066058611894e-40,1.28265305659022e-48,-1.73E-35,2.4967455934517903e-47,-3.63E-33,3.33642491505909e-48,-2.22E-40,0,0,2.2329691029016e-44,3.48120412215283e-41,1.65694075173543e-46,1.98182458059348e-39,0,1.5190947481284698e-36,0,3.07150864841657e-39,0,-4.57E-33,3.524760661690941e-44,-5.79E-31,2.53392692233172e-45,1.54004718661513e-35,2.6192494660277e-46,-3.04E-31,0,0,0,0,5.21144056980304e-48,-3.30E-46,0,0,0,0,0,-2.59E-47,0,-6.46E-46,0,2.88333017350785e-48,0,0,0,0
8.51274345246721e-28,6.26166617966745e-20,1.14857673442551e-28,2.5894804439556896e-26,3.03839110211904e-39,3.20040044026076e-25,0,4.3589816736250494e-36,0,-1.00E-39,0,-2.46E-44,5.3186935639858895e-49,-4.78E-22,-5.76E-28,2.16766851372984e-26,0,7.80031593262333e-44,1.67121468239546e-43,4.40572209937101e-42,0,0,0,4.91394931281689e-47,0,-1.10E-47,0,0,0,-8.93E-43,0,9.96934412784278e-47,0,4.35639394576445e-24,-5.12E-28,9.739204965700168e-26,-3.73E-27,-8.65E-24,-4.27E-37,-1.97E-20,5.2484953391541095e-40,9.07960517010841e-19,0,8.228093729037531e-35,6.12901545982311e-13,8.21032490643713e-06,-2.05E-15,1.17010536921143e-06,2.63088762909842e-17,3.46300257246331e-06,-2.11E-15,2.56181520519123e-05,4.01287481009309e-19,2.66300522882735e-05,2.63903163804593e-22,0.0001080980293506,-3.29E-27,1.0412554772481e-05,-4.56E-25,4.8259107373049086e-12,-1.23E-20,1.04718977042652e-05,-2.58E-28,1.57847271190251e-07,4.18381309014177e-49,-3.10E-16,-2.68E-36,3.92627494116439e-05,3.21861550708125e-20,4.99984939731278e-14,1.20242669738676e-23,4.887231695597101e-21,-6.45E-45,-4.04E-31,0,-1.77E-30,0,4.7983713917798895e-33,0,1.76927717135236e-23,0,4.0038096357303794e-12,0,-3.06E-37,1.07793121403152e-41,8.731792417591491e-09,0,-4.47E-36,-6.25E-45,1.14463090562193e-05,6.15544498681939e-21,1.80446269412161e-05,1.4153255986658402e-19,9.38354521162758e-08,-3.29E-32,-2.81E-25,-1.33E-26,-7.02E-19,5.49984572595692e-22,7.56308115479129e-07,5.43410624628545e-26,6.196091896615651e-15,-2.12E-25,3.46032087602202e-16,2.18272595204698e-29,-7.63E-21,-3.66E-40,-1.63E-24,2.42685990448879e-26,1.5410298793584598e-26,3.22851556401621e-21,9.55232035277411e-17,2.33136190673267e-16,6.28651929703017e-18,1.21796912593563e-19,2.98357468294503e-24,-2.47E-45,1.4453493962200998e-41,1.60141168060341e-39,-1.57E-36,-2.66E-47,-3.33E-41,1.5713333667716998e-43,-5.06E-35,2.72967323172889e-42,-2.54E-30,6.63289947818526e-42,-1.13E-34,-4.20E-45,-6.20E-41,4.33373895057632e-39,-4.55E-37,2.12456067704362e-41,1.98190488870273e-37,9.293248946015021e-45,-1.95E-27,-3.42E-43,2.6227455329138803e-31,1.39319636001838e-41,-1.78E-26,1.43166562415688e-37,-3.99E-27,5.28068686948557e-39,7.23044071007087e-32,7.47235596052597e-41,-3.21E-29,0,0,0,0,-6.39E-45,-6.80E-47,0,-5.17E-47,2.61198421952696e-40,-2.46E-36,-8.28E-43,-1.12E-35,-4.20E-44,-9.71E-36,7.55362806880339e-40,4.38026602000448e-36,-1.74E-35,-3.05E-29,2.2731954140928504e-35,-7.90E-35
-1.72E-26,-6.98E-23,1.00133699302848e-29,-1.38E-28,3.67386132218285e-46,6.38675690878284e-39,0,0,0,0,0,0,0,9.37006486287819e-47,-1.10E-28,-3.53E-26,0,0,1.7563065645782298e-49,-4.10E-49,0,0,0,0,0,0,0,0,0,0,0,0,0,0,6.98901372173489e-28,5.00171269831346e-30,-2.14E-36,1.47747118085233e-34,1.31559673421053e-48,-7.41E-49,0,0,0,0,3.297698079494421e-44,-3.16E-41,-2.66E-41,2.76481675025245e-35,-2.93E-48,7.66913894869421e-45,-1.17E-39,5.60168229810606e-34,-8.88E-39,-3.64E-36,0,0,0,0,-7.50E-20,1.7364206906327402e-17,7.09236145191656e-22,1.98852345464055e-18,-1.04E-31,-2.77E-24,1.49780508627075e-46,1.31068372376888e-31,-1.68E-39,6.24876723010009e-27,-2.04E-18,-1.82E-19,2.78278935415925e-17,-6.64E-17,0,0,0,0,0,0,0,0,0,-1.56E-38,0,0,0,-1.11E-38,0,0,0,4.18577345612909e-48,0,0,0,0,0,0,0,-7.73E-48,0,0,0,0,0,0,0,0,0,0,0,0,6.07483956442166e-45,0,0,0,0,0,0,0,0,0,0,0,0,0,0,0,0,0,0,0,0,0,0,0,0,0,0,0,0,0,0,0,0,0,0,0,0,0,0,0,0,0,0,0,0,0,0,0,0,0,0,0,0,0,0,0
-2.27E-36,-9.11E-17,-1.13E-35,-3.42E-26,-1.00E-47,-1.34E-25,0,-2.64E-37,0,-2.43E-40,0,0,0,4.996607119195739e-30,7.866922175531039e-36,3.03589441306423e-27,0,0,0,-5.14E-45,0,0,0,0,0,0,0,0,0,0,0,0,0,5.44683718432697e-31,9.36359813035533e-30,-6.06E-26,-1.78E-30,-2.57E-28,0,6.39383771336946e-39,0,3.5767895722657e-43,0,0,-7.05E-37,7.50779609192235e-32,8.47561374683911e-31,-8.79E-24,-8.91E-42,-3.17E-37,-7.98E-35,2.20178952223568e-18,1.64870749019813e-39,-8.84E-22,0,-5.85E-35,0,6.424484851220431e-38,2.69559586194316e-30,5.75526406714515e-12,-1.25E-29,5.11393634812941e-07,-5.40E-39,9.27922385173693e-08,0,-8.76E-16,-3.86E-43,5.46040515426908e-10,-3.02E-22,2.72158665811139e-18,9.75401719122306e-29,1.26419167338415e-23,0,-4.20E-36,0,1.0358725217930696e-40,0,-4.84E-46,0,9.833323529940508e-33,0,-1.13E-26,0,2.14305454605729e-46,0,5.315315056830439e-26,0,0,0,-7.77E-37,0,1.5301194934677898e-43,0,0,0,0,-4.67E-49,-3.17E-45,0,-1.44E-43,0,0,0,0,0,0,0,0,0,0,1.53440100968028e-42,1.48453597081419e-44,0,0,0,0,0,-1.91E-46,0,-4.48E-41,0,-2.69E-47,0,-2.73E-43,0,1.0173571236876399e-40,0,9.163622415871121e-46,0,0,0,1.0426984636117701e-45,0,1.26881206406138e-45,0,1.17401010751074e-44,0,-6.15E-47,0,9.46008350333541e-43,0,6.59720427400139e-39,0,-2.49E-42,0,4.31853535409416e-39,0,0,0,0,0,0,0,0,0,0,0,0,0,0,0,0,0,0,0,0
-2.89E-32,-6.82E-25,8.25596607470451e-37,7.81458113613187e-32,3.3034826233528197e-48,-1.77E-37,0,-7.38E-45,0,-8.14E-50,0,0,5.3186935639858895e-49,5.19135769671892e-29,-4.40E-35,-8.80E-31,0,0,0,0,0,0,0,0,0,0,0,0,0,0,0,0,0,1.92894389691432e-31,2.522786546759e-26,-1.24E-25,3.14046857168468e-27,-1.57E-24,5.47291804056261e-38,3.76027115979763e-30,1.31515371287147e-43,-2.24E-33,0,0,-1.71E-14,5.43828997545377e-10,2.37202266135813e-09,2.06854459160612e-06,8.29456769482664e-19,6.882196691550922e-19,-4.83E-15,2.41926520246236e-06,-6.11E-19,1.777787478857e-06,1.71601048242493e-29,1.47802793773385e-20,6.96456724898862e-33,-2.02E-22,1.03656012702764e-25,-2.34E-18,-1.60E-18,1.61207170188107e-08,-9.21E-23,8.520052255525031e-10,-7.01E-46,-9.00E-20,-1.39E-25,7.83284655078319e-07,1.31930532236986e-16,3.03227299319111e-10,2.01591864041794e-25,-2.28E-23,3.64461296679689e-46,-9.40E-38,0,-1.06E-38,0,4.61632130305277e-43,0,-6.64E-30,0,1.63778277406197e-14,0,0,5.11282467243828e-36,1.46460955890583e-09,0,0,1.84106533394925e-45,-3.29E-25,-5.21E-31,3.16948965265201e-28,-2.45E-33,2.30506444683794e-32,-4.54E-40,5.05655970021164e-37,-1.86E-26,1.20716432861667e-24,-3.70E-28,1.06752728687839e-27,7.651577674294019e-43,5.1709308399683294e-40,-7.60E-41,2.53332682379786e-38,1.04815190081833e-47,-1.97E-43,0,0,-4.59E-41,-4.04E-34,4.39691227498933e-23,1.58392746495389e-24,1.4493431252666702e-31,-9.58E-37,-4.18E-40,-5.98E-40,0,1.4012984643248202e-45,1.90760256480878e-43,-2.14E-40,0,9.9772450659927e-46,1.51994387205941e-46,-4.02E-42,1.93497783492514e-45,4.29569087966727e-37,-4.32E-45,2.250875586967e-39,0,2.10194769648723e-45,-1.90E-42,3.83379629016931e-40,1.7525699036927302e-44,-2.82E-41,-6.09E-47,6.56266021949273e-36,-7.62E-46,2.00545723310664e-38,-4.37E-44,1.7524780614895802e-35,9.76026180493834e-42,-3.47E-35,-4.46E-43,-4.23E-37,2.1674289331379201e-44,-1.02E-34,0,0,0,0,2.20038601836128e-47,0,0,0,0,1.9402594121420502e-46,0,-2.47E-44,0,-7.99E-45,2.1140278556624403e-46,-1.70E-42,0,1.73708130388944e-44,-6.12E-41,3.4493500660303203e-46
-3.28E-46,3.63745510000393e-38,-7.05E-44,-1.87E-35,-1.94E-49,6.232562422215871e-35,0,-1.60E-39,0,-2.26E-40,0,0,0,1.46078258395994e-47,2.81801760921989e-39,1.5096017437008698e-36,0,0,2.83717415559622e-42,-1.17E-37,0,0,0,0,0,0,0,0,0,0,0,0,0,0,0,-6.23E-47,0,0,0,0,0,0,0,0,0,0,0,0,0,0,0,0,0,0,0,0,0,0,8.19104318175478e-48,-2.41E-43,0,2.05748705664254e-47,0,-6.51E-48,0,-2.14E-47,0,0,-4.33E-47,5.36484863830328e-50,1.20693062849898e-42,2.29386038214008e-41,0,0,0,0,0,0,0,0,0,0,0,0,0,0,0,0,0,0,0,0,0,0,0,0,0,0,0,0,0,0,0,0,0,0,0,0,0,0,0,0,0,0,0,0,0,0,0,0,0,0,0,0,0,0,0,0,0,0,0,0,0,0,0,0,0,0,0,0,0,0,0,0,0,0,0,0,0,0,0,0,0,0,0,0,0,0,0,0,0,0,0,0,0,0
-1.98E-39,-1.16E-20,1.7185054341757e-36,1.72391112941004e-26,0,1.78540986828607e-31,0,-3.33E-46,0,0,0,0,0,1.10155511655907e-41,5.85160138652859e-33,1.23812133022806e-27,0,0,0,6.993359252605111e-47,0,0,0,0,0,0,0,0,0,0,0,0,0,1.58586213918116e-45,1.9179649046752399e-34,-3.41E-33,8.580304851751311e-46,4.35118336477134e-43,0,0,0,0,0,0,0,-2.24E-43,-7.37E-42,-2.80E-31,0,-3.20E-48,6.5337968294819e-42,1.2026064323061e-27,0,5.70074391574365e-32,0,-2.51E-45,0,0,1.01236748765184e-35,2.66207642585179e-17,7.9101795665411e-34,1.96515919798065e-17,-1.05E-46,-2.43E-17,0,4.445232600963191e-25,0,-3.95E-21,2.4612390033406e-27,-2.79E-24,4.70159821037426e-28,1.55082846887393e-24,0,0,0,0,0,0,0,-9.07E-47,0,3.1611304797988e-34,0,0,0,5.10016368214973e-35,0,0,0,1.74824491500496e-44,0,0,0,0,0,0,0,0,0,0,0,0,0,0,0,0,0,0,0,0,0,0,0,0,0,0,0,0,0,0,0,0,0,0,0,0,0,0,0,0,0,0,0,0,0,0,0,0,0,0,0,0,0,0,0,0,0,0,0,0,0,0,0,0,0,0,0,0,0,0,0,0,0,0,0,0
-1.09E-16,0.0009821896791372,-1.90E-17,7.128829273729e-05,1.70393933581194e-26,6.2162258227967e-06,-8.31E-46,8.586239845838149e-22,0,-1.21E-27,0,-6.12E-43,-3.55E-49,-7.85E-20,1.2678892896805098e-11,1.12856047136989e-05,0,0,-2.57E-25,-7.66E-19,0,0,0,0,0,0,0,0,0,-6.74E-47,0,0,1.17852745576726e-45,-5.51E-22,-2.55E-18,-8.42E-15,2.6400773724172e-28,1.27671550259033e-29,5.7021896094919687e-42,-2.67E-30,-7.16E-49,2.7687208636905197e-34,0,-1.40E-43,1.3472259839512398e-42,1.27196222278593e-35,1.30276074095081e-43,-1.88E-33,-5.67E-43,4.5631965617867495e-36,1.97730804537781e-45,-1.96E-32,1.53060258269007e-43,-6.19E-29,0,-1.16E-40,0,9.98193691326856e-35,4.53467893860625e-20,0.0006150378868328,-6.12E-26,2.61457383308393e-05,8.0063653031019e-38,0.0001981817402521,0,7.57199330651747e-05,1.81687962653879e-45,2.02470171117279e-17,2.57348425937729e-18,1.09459701019124e-19,4.310503762458e-09,4.61686114819533e-05,-3.03E-35,-1.27E-24,-2.72E-45,1.7789262266521097e-30,-5.98E-49,5.394309377386469e-36,0,-3.53E-23,0,2.12710660738009e-18,0,-1.64E-36,0,-1.75E-23,0,-1.04E-44,0,-6.01E-31,0,4.22205445952668e-40,0,3.30872829362173e-43,-3.09E-45,1.40519884659389e-40,1.02116994260555e-42,8.429386203092709e-40,0,-5.29E-41,0,-3.74E-47,0,1.29019031052437e-48,0,0,0,-1.10E-48,3.7663676710198e-44,5.95678701725344e-41,1.98728213691076e-38,0,0,0,0,0,-1.18E-36,-1.75E-34,-2.40E-33,-3.53E-29,-1.08E-41,1.33914164058597e-36,-9.03E-36,-7.00E-31,-6.63E-37,-9.73E-30,-8.62E-36,-1.71E-34,4.37905770101505e-45,5.5783940241690593e-42,-1.09E-34,1.28738615976901e-33,-7.11E-36,-1.26E-34,0,9.81936664171425e-34,-6.42E-44,4.6315882084261503e-35,-3.70E-43,4.13118691796631e-32,-9.53E-35,3.31936202183913e-28,-4.56E-34,-1.09E-30,-1.75E-36,1.96438054135819e-28,0,0,-1.92E-44,-1.01E-41,1.74924538556885e-32,3.48395421841824e-32,0,-4.30E-46,3.94731961781639e-47,-5.37E-44,7.81600737073603e-47,-1.83E-41,0,-3.89E-41,-4.05E-43,-1.46E-40,0,1.3219796833253e-45,2.6010531886892197e-40,-1.19E-45
2.47745573904264e-31,1.21064172608398e-15,-9.26E-30,1.03350874028781e-20,-1.01E-40,-1.79E-19,0,-2.94E-26,0,-2.06E-31,0,-1.44E-45,0,1.51466197075295e-33,-1.26E-26,9.84299425655686e-22,0,0,-2.26E-29,6.77905016037403e-24,0,4.09257729066827e-49,0,0,0,0,0,0,0,0,0,0,0,2.01874072328382e-36,5.0454749537152e-37,2.50518222003399e-32,-7.48E-45,-2.99E-42,0,4.12168390801671e-46,0,0,0,0,0,-2.16E-45,0,-1.59E-41,0,0,0,-7.15E-40,0,-1.63E-40,0,0,0,0,-2.08E-32,-3.98E-18,-4.75E-37,4.84539820247496e-21,-1.36E-48,2.51135574245301e-21,0,2.3214748982675697e-22,0,-7.87E-31,4.924994633265389e-30,-6.16E-30,-6.77E-26,-8.26E-22,0,-3.11E-39,0,-2.38E-40,0,-3.62E-45,0,-4.02E-38,0,-2.00E-33,0,-2.34E-40,0,5.83870829691162e-37,0,0,0,4.68511160724849e-46,0,0,0,0,0,0,0,0,0,0,0,0,0,0,0,0,0,0,0,0,0,0,0,0,0,0,0,0,0,8.19613633039984e-45,0,1.9506074623401503e-46,0,-1.96E-44,0,9.38135805615179e-45,0,0,0,0,0,0,0,0,0,0,0,0,0,0,0,1.2810519069131601e-44,0,2.09683346851524e-46,0,4.82677256036683e-44,0,-2.65E-48,7.73108040255204e-43,-4.15E-38,4.00100051975143e-41,4.81832181465625e-38,0,0,0,0,0,0,0,0,0,0,0,0,0,0
5.198488588159871e-15,0.0003218137629497,1.74354169009117e-13,1.96349008503345e-05,-5.12E-25,5.39339084617958e-08,1.68182073190203e-42,1.62015697216105e-25,1.56253921288888e-46,-1.04E-29,0,-2.27E-44,8.28026624326307e-44,-2.59E-28,1.42024423554292e-10,2.43607597271465e-06,0,0,-1.03E-18,1.31794581675898e-14,0,1.63703091626731e-47,0,0,0,0,0,0,0,4.9957164503558495e-48,0,0,1.7600207838039397e-42,-2.30E-30,6.1339230050912194e-18,-1.05E-15,-4.23E-28,4.57636957394237e-26,9.25574738444086e-43,-4.21E-36,0,-1.60E-40,0,-1.29E-46,7.04488610708773e-37,1.7725192266021996e-31,1.8130761398344097e-30,-5.50E-22,-1.07E-38,5.41574333495749e-36,-1.61E-30,-6.04E-17,2.04507851662821e-29,7.68292786951121e-21,0,-7.73E-37,0,-4.10E-38,6.129751147472171e-10,0.0010765753899443,9.1670671270019e-11,0.0012266924501075,-2.65E-22,2.62486876219789e-05,2.87693988442681e-40,1.6351384472651e-12,1.20250429609e-30,4.68822364739821e-07,5.66601704844298e-07,2.75179222778006e-05,1.3315746920595e-06,0.000173751435767,-1.40E-38,-2.29E-31,5.43141666604121e-46,3.8138878185765504e-35,6.576059346234209e-48,2.39263031676918e-39,1.420760942996e-45,3.26251575766158e-32,-4.76E-46,-4.59E-26,0,4.72396929121502e-41,4.586147610650752e-44,-4.07E-25,0,0,0,-5.67E-36,0,-1.55E-44,0,0,0,9.72277738834067e-46,3.6789144932981e-43,-4.32E-42,-7.53E-46,4.65346238636891e-45,0,0,0,0,0,0,0,0,0,-1.17E-43,8.14868548558991e-39,7.948417010061399e-43,0,0,0,0,1.2947017811370296e-40,-2.39E-38,-2.96E-39,-8.64E-36,4.4272814667088896e-43,-7.57E-39,1.68718866420515e-40,-3.09E-36,8.76600719872674e-42,8.197457502229398e-35,-2.65E-41,-1.45E-39,0,2.10194769648723e-45,-1.64E-40,-5.00E-39,-2.71E-41,2.26984596373972e-39,0,-2.66E-40,0,-1.83E-41,-1.13E-47,-1.18E-38,-6.30E-40,6.59286791190248e-35,-1.13E-39,-2.94E-36,4.43593214940162e-40,3.97829843660387e-34,0,1.06158974570062e-46,-1.22E-38,7.37543744102551e-35,2.16371943428954e-33,1.92918490244533e-33,0,2.34920111370464e-48,0,0,0,0,0,1.88939118785369e-47,0,-2.59E-46,0,0,1.89364657341192e-47,0
0.0001705335909065,0.0020584988964503,4.58740602408445e-06,0.0001290379489546,1.4406391660223301e-19,6.05892935452387e-07,-1.24E-33,3.96413557731912e-18,-5.10E-39,2.0898935347517e-23,0,5.98106921924504e-28,1.1194099563487302e-25,0.0005459983161312,0.0003515393526131,0.0010453397557384,2.2265579797193902e-31,-2.05E-25,-7.67E-24,-9.53E-26,7.422923533826888e-42,9.91449918499454e-37,-2.72E-39,1.95050310377428e-30,-3.93E-43,-2.20E-31,0,5.63339320576523e-34,1.53773970765676e-43,6.33203614628193e-28,0,1.86732768332468e-31,4.29448232688257e-25,3.32941364181077e-05,0.0008915683778221,0.002313797543984,0.0002817874987927,0.0034861626427467,6.629921029211132e-19,0.0007702448874583,-3.95E-24,0.0003543951946591,2.68240806477145e-37,5.69684668328594e-19,2.694219628333e-10,0.00167798323492,1.13787247512218e-07,0.0027931407491428,1.5191959024473602e-14,0.0009415048338955,3.72827830382308e-11,0.0057256213728205,-2.69E-20,0.0061038998661887,5.38027476950572e-28,0.0001614132188627,7.29714380064429e-26,0.0008087752365009,0.0001061500415986,0.0040928213500092,1.45787695165553e-05,0.0066466818409384,1.5524549399105199e-16,0.0081805710708047,1.15639240196548e-27,0.0049972028435347,9.77432113109014e-22,0.0080710614668919,0.0014681921732171,0.005450999659896,0.0054380779541204,0.005156723782072,-4.65E-20,6.95849597186642e-06,5.0380710027649e-30,4.52693746939459e-09,-2.97E-31,-1.07E-15,-5.45E-27,0.0007903096005556,7.7667672396353485e-28,0.0024437448630609,2.8794747796136297e-43,-1.86E-20,6.047443186566e-30,0.0023951522793824,-3.18E-47,8.32268912015954e-23,-8.80E-35,2.07014285930186e-05,2.2361017366858199e-26,3.27556819459208e-13,2.78143069005704e-28,-3.20E-20,-3.66E-21,5.6962847875308e-13,4.93519711176726e-17,4.09945917475294e-06,-1.04E-20,4.06780118998925e-06,2.4739757293232597e-34,-3.09E-21,-2.28E-28,8.32111921774693e-20,1.80611601942063e-28,6.64387544858125e-22,4.654070725725899e-37,7.57657278539408e-22,1.00707291621646e-17,1.90747541048323e-12,5.91683430009897e-08,3.4842437448220504e-15,-2.20E-21,2.44079600445939e-21,1.85015869913367e-21,5.07359904180117e-22,-4.40E-22,-1.80E-18,-1.45E-17,2.5501190765424404e-09,3.34296520610248e-26,-2.61E-19,-4.66E-22,5.078754417003199e-12,-6.16E-21,7.82017164182889e-08,-7.84E-20,-1.14E-13,-4.95E-27,2.54458880027292e-21,-5.79E-18,2.01017334941708e-13,-2.94E-20,6.53077578787481e-14,-1.43E-25,1.34703518557162e-07,-5.55E-25,2.45214327188177e-10,6.52049513201114e-23,2.21378969347109e-06,-1.37E-16,1.05437958938086e-05,-4.24E-17,2.1787996875585e-10,-2.26E-19,4.20849834701809e-06,-5.75E-36,1.03528623962597e-34,3.66920549382824e-36,-3.42E-34,1.94426516340974e-19,6.29071605846635e-20,-2.73E-31,-2.60E-27,3.6004172072810104e-25,-3.90E-21,1.79807922984264e-28,4.6500195514515794e-18,-5.30E-28,4.8089270431848e-18,4.829149255305281e-23,2.7217882385853e-17,2.4074403712823504e-23,5.75617312002208e-19,2.2220584702069e-17,6.094608829176249e-22
0.000109728599597,0.0017603225274056,2.03665011650669e-05,0.0003526932723486,4.84127328830879e-20,6.80554338411423e-05,3.42613908381282e-37,-1.30E-18,1.1922869018683e-40,2.22695865626897e-24,0,-1.66E-40,-5.15E-37,-9.71E-19,0.0001533383471703,0.0007002307171667,9.72726577930661e-48,-2.41E-46,-2.41E-20,1.66902909475694e-16,0,0,0,0,0,0,0,0,0,-7.25E-45,0,-9.22E-47,7.08013370468311e-36,1.58308538879551e-20,1.5707841312198e-06,8.34943885298962e-07,-7.12E-19,-4.35E-20,1.16752789873694e-32,1.919918768168e-27,3.53201128638206e-42,6.10516211397798e-33,0,-5.82E-42,-3.87E-30,1.42789774499541e-29,-3.07E-27,1.56214673870415e-26,-6.04E-33,6.6847668716587205e-31,-4.38E-27,8.23007707614034e-27,-1.47E-25,-4.33E-31,0,6.26262812165388e-45,5.98662135181124e-45,8.940170400794369e-34,0.0002392013291076,0.0006317335357479,2.06204030113096e-05,2.47937995143045e-07,-2.20E-17,2.93945707305744e-08,-5.12E-35,5.10468822636862e-08,-9.00E-29,-6.26E-23,0.0002615209144949,4.83581973844615e-06,0.0038381221037553,0.0027131977700355,2.3475326632328703e-31,5.76462856730415e-24,-1.19E-40,1.23890452231335e-28,-1.99E-43,2.21538742943283e-34,-2.53E-38,-4.86E-22,1.34480106038542e-40,7.703045742409349e-22,0,-3.17E-33,3.55317957576097e-41,-1.33E-28,0,2.7091701937460897e-42,0,3.2724789075969e-37,-2.39E-46,-6.83E-45,-1.29E-48,9.09321570791789e-47,4.1199952233393e-42,3.69602166680261e-39,-7.06E-35,-1.59E-34,1.02033475522116e-39,1.18062365571926e-40,0,0,-2.23E-48,2.27680643033712e-49,0,0,0,0,8.33050094259286e-45,-5.65E-36,-2.71E-31,-1.65E-38,-1.33E-45,7.84986639737513e-46,-1.91E-47,2.34592376840092e-46,1.29661870243627e-34,-4.61E-33,-1.69E-31,1.18799303530151e-28,5.06513777450618e-38,-1.03E-33,3.1381839940663197e-34,-9.70E-32,-1.48E-33,-2.97E-28,-2.50E-34,7.34772442326621e-33,-1.35E-41,2.60224628071279e-41,-5.36E-34,1.4807914506583e-32,-1.87E-34,-6.23E-33,1.74390781538288e-41,-3.52E-33,3.14266321567877e-41,-2.39E-34,1.18105661917836e-38,-2.69E-30,-5.56E-32,-1.95E-27,-1.25E-32,8.50675206432967e-30,2.9385490989015697e-33,1.04017400274392e-26,0,5.573346164928251e-47,5.31480802129344e-38,-6.12E-36,-2.53E-27,-7.78E-30,1.22086913237243e-46,-2.02E-44,3.94731961781639e-47,-8.62E-46,8.82092260411638e-46,1.45418969636161e-42,1.38481260003864e-46,-1.14E-42,1.2903724026984198e-42,5.04286229855529e-41,0,-1.32E-46,-2.22E-41,6.46753137380685e-47
0.0022030683558777,-1.55E-23,0.0004616313362634,-1.54E-23,0.00051480495877,-1.25E-27,9.46530359624281e-05,5.34693588932398e-32,4.81737173486141e-06,4.03296234014842e-36,1.63072565287874e-21,-4.99E-47,0.0019203912077565,-1.15E-25,1.65908911183242e-05,2.58244248156972e-12,-5.90E-25,8.3787496159227e-29,4.5420959755081794e-11,-1.74E-22,-2.02E-35,-1.62E-35,-3.20E-29,1.10839073878931e-37,-2.24E-30,-2.39E-42,-3.71E-32,-4.60E-48,-2.76E-26,6.08540710108972e-46,5.68678293286343e-27,0,0.0003477017137426,-6.39E-23,0.0007339795795601,2.69995228825144e-06,0.0022016387014668,7.47015198716087e-05,0.0005682525053714,-1.16E-12,0.0003974578624652,2.58468560158695e-21,-1.11E-19,-1.07E-38,5.85011685550947e-05,2.5574266328453603e-09,0.0002035087433204,2.1791815166511704e-10,0.0001175723230541,6.389185211232479e-13,0.0002587934180231,-6.84E-20,0.0007552752373335,-4.34E-24,6.06394527779942e-07,-5.01E-37,0.0001148318057947,4.66991323806277e-29,0.0029447458219794,-9.84E-24,0.00330065221566,2.22303941463969e-19,0.00468943916111,4.10058061293734e-26,0.00629162342361,3.38942566204486e-28,0.0039610523571946,2.47786055502757e-26,0.0006788167395646,3.35228631915896e-06,2.53015045083407e-05,4.869119104353151e-15,6.17522310898674e-05,9.4743078960903e-17,1.28242019951106e-05,1.3891867352784e-27,2.29556471494512e-09,6.94442483066373e-29,0.0043537149428286,-3.64E-24,0.002924428016636,2.7849908063343893e-28,7.2691536185909e-11,-1.21E-46,0.0028239816816877,-1.72E-27,4.43654683499251e-22,0,0.0010245638635243,5.13460624478797e-37,3.67151716944287e-06,1.8412960476332294e-34,2.1055963499626904e-09,8.37125105806509e-33,3.78951299223927e-13,2.47214113193546e-18,3.0674791583046903e-09,9.51106709134427e-15,7.31225195996867e-08,-9.28E-27,4.24933930465531e-11,2.80689408498208e-38,-1.22E-18,1.0473604476814502e-31,-2.36E-24,-2.14E-30,2.77402503080935e-21,2.43410201028305e-40,3.857951921760351e-20,9.17955520587163e-13,2.9162476834695302e-09,6.7689786008446e-21,-9.58E-27,-7.77E-26,-3.08E-26,-1.59E-24,2.14149475723851e-11,2.68546123193101e-17,0.0001171523818364,1.68394564981669e-10,1.84302005120748e-13,1.0648939146191801e-19,5.7425802632196e-06,1.53412752475999e-15,0.0003879789843849,9.8893519921352e-14,2.06465991744912e-07,6.2053599514234e-13,-8.12E-19,4.5218327502609804e-24,1.58719959612676e-07,9.360235716209659e-11,2.04444208295433e-07,2.73518966937521e-13,7.20077333270535e-05,-2.44E-22,1.10762789378453e-05,-1.45E-22,0.0011020408847986,7.589251041967262e-19,0.0012062221771686,2.94477108167325e-09,0.0001725551439445,2.33885428215926e-10,0.0027511238229839,6.2901436080053e-11,1.6015271815911602e-31,-1.68E-34,2.2435351471573797e-28,-6.24E-32,2.5351568254585703e-09,9.6128534566628e-16,2.3013341519031003e-25,1.14920763441185e-27,-3.20E-23,-4.29E-25,2.70905540348616e-16,-7.33E-27,2.45243154190163e-15,-1.68E-27,1.75407110784646e-16,1.21731174211243e-21,2.00223539951578e-21,-4.15E-24,-5.78E-18,2.8381558288634498e-22
2.81807891351214e-14,4.44557773713349e-13,3.39533411938711e-07,7.65106054555062e-09,-1.79E-14,4.30486294567114e-22,5.69037220965552e-33,-3.11E-35,-2.89E-37,-3.58E-41,0,0,4.45008862416683e-38,-5.70E-38,9.35799507505709e-06,1.87982083407923e-07,-6.19E-46,-2.76E-47,1.12934427494737e-16,1.68848106497947e-20,0,0,0,0,0,0,0,0,0,0,0,0,2.6440031328723603e-35,3.1284873624507003e-38,-1.53E-20,3.29177423391428e-22,3.0522814749297395e-36,1.113118507437e-37,3.84640453353961e-43,-1.30E-39,9.36706412118966e-47,1.51688701918907e-45,-3.19E-46,0,5.43018669745002e-49,-3.81E-46,0,-3.95E-47,-2.71E-45,1.4385394941647502e-44,0,-4.23E-47,0,-1.02E-47,0,0,0,1.39128123940113e-49,-1.87E-25,1.01646721612646e-22,-2.72E-35,-6.56E-27,-9.04E-37,1.4501461643505e-26,2.1503848902293196e-40,3.1981320738081e-28,-7.47E-49,3.81754152959651e-38,-1.86E-31,1.57447997183298e-33,7.0896591838956e-13,2.19094662688108e-18,2.20296941390789e-30,2.74253466034181e-33,-1.88E-35,9.649927696529959e-42,3.2107189388177403e-38,-7.70E-44,-2.65E-41,3.27722591981359e-40,-2.47E-45,1.8704364150856093e-40,0,0,0,6.45895616162962e-45,0,0,0,0,0,0,0,0,-3.22E-47,1.01543366980059e-47,-3.85E-47,1.6275243488093098e-48,0,0,0,0,0,0,0,0,0,0,0,3.18595654142271e-45,7.111853108415428e-48,0,0,0,0,0,2.97734515976103e-33,-1.62E-35,-4.52E-32,2.2077121168594693e-34,1.35711401672635e-34,-3.28E-38,8.82443002936369e-33,1.26076882369854e-35,8.71329709752121e-34,-6.12E-37,1.24407883470408e-34,-2.13E-36,-1.16E-39,-2.64E-42,-2.12E-34,-5.47E-36,3.986850391225e-34,-8.51E-37,-4.89E-43,4.00124058584021e-42,-5.72E-41,2.32025524671888e-43,-6.51E-41,-2.60E-40,1.06454172714403e-34,-3.54E-35,-9.32E-35,2.76462766136615e-36,7.288686767215291e-35,-1.29E-34,1.77379552446179e-47,0,-1.69E-37,-3.96E-38,2.80111314913992e-28,-2.95E-31,-5.68E-44,-7.05E-48,4.00652941208363e-45,0,8.21350717416204e-44,5.812793629791831e-46,4.64654084905823e-43,1.13363471271221e-46,-2.56E-41,7.6004583373667e-45,0,0,-7.62E-43,0
2.70519711449352e-23,2.65205120503878e-12,6.25197284826665e-05,3.87314096499879e-05,7.81695266162133e-07,5.61762588668362e-06,6.05281567239449e-23,2.97936644159384e-17,-2.77E-24,5.21200538248515e-21,-4.40E-38,-1.77E-36,4.07836182220233e-32,-7.15E-26,8.98912457050927e-05,8.14988710247613e-05,-2.34E-30,-1.14E-30,0.0002033619606113,0.0002055877256948,-1.48E-37,1.04608859791415e-35,-1.46E-36,-4.96E-38,-1.40E-38,7.576131288936e-40,-5.54E-40,2.39514354397397e-39,-4.90E-39,4.00910364889851e-39,1.33372315766956e-47,-3.09E-41,5.68967515966512e-28,3.40674592986696e-26,-4.27E-16,5.69516069661618e-14,8.763071398218732e-44,-1.70E-45,-3.78E-38,-9.98E-37,7.38857549918036e-39,-1.49E-38,-3.76E-36,5.16666049852874e-36,0,0,0,0,0,-3.41E-47,0,0,0,0,0,0,3.7930339549719e-49,5.81452881514204e-43,1.01220446831873e-34,-1.35E-18,4.615522575651752e-44,5.69973382088981e-32,-6.44E-46,-2.71E-30,-5.58E-49,1.74214375893549e-25,0,-9.90E-46,2.71624012738706e-40,3.16056645404042e-43,2.13188655332461e-23,-3.42E-27,-1.29E-22,-1.63E-21,9.156858668572519e-28,-8.36E-26,1.6635326414554e-30,8.94365700465239e-29,-7.40E-47,-1.67E-29,2.84859992157145e-45,-1.08E-29,-9.14E-40,4.5275333585755e-34,0,-4.74E-36,2.16226849130915e-46,3.22268413219585e-41,0,4.517987954019399e-43,0,0,0,0,0,-6.43E-47,0,-1.20E-47,0,0,0,0,0,0,0,0,0,0,0,0,0,0,0,0,0,0,1.6865055492760098e-30,9.3768972671794e-29,8.20954506387682e-34,9.04027316455216e-32,5.01874618844426e-30,-8.25E-28,8.94388629670431e-33,-2.58E-29,2.25458532099696e-38,-5.51E-34,6.2503469037033395e-34,-8.39E-33,-1.06E-34,-6.81E-36,5.76366051844871e-33,4.15866033055391e-32,2.20682262783006e-35,-1.08E-33,7.189270382188191e-46,4.8154075790012795e-40,1.26735081699965e-45,-6.78E-43,1.46910322872763e-46,8.25447224808748e-44,1.19578289489588e-39,-2.26E-36,-2.52E-38,-9.25E-35,1.5654559302526696e-40,-2.53E-35,-1.27E-31,-6.94E-32,-1.23E-22,-1.35E-21,-9.00E-18,4.73702904504885e-20,-1.77E-29,-1.10E-30,-1.33E-41,-1.77E-40,5.83335840949405e-40,-4.03E-38,3.73422482824971e-37,-7.20E-36,7.66537621546207e-41,-9.31E-39,0,0,4.3553871188474004e-45,0
-1.22E-07,4.70289907164386e-13,-8.86E-19,5.22244293107282e-22,-6.75E-28,-2.05E-30,1.00162183420321e-41,4.60760596937452e-36,-4.01E-47,2.11519991808344e-41,0,-9.98E-47,1.4946610759249e-28,-3.30E-21,-2.09E-17,-1.26E-15,4.39077722526438e-41,3.85981591546316e-38,3.70169161790687e-35,1.18158836868964e-37,0,3.8879484261348604e-47,0,6.82036906169788e-41,0,9.99219732678051e-42,0,2.5679659357804303e-47,0,1.1975994062139e-41,0,0,8.15513444036612e-29,-1.05E-22,0.0001149506048984,4.56614314470753e-05,0.0004787925862311,0.000474470613917,1.7633647665172302e-20,-5.82E-17,-3.06E-27,1.65517476703887e-16,9.0191072410106e-44,1.93648388010584e-32,-0.018364281,0.0087949834648936,-0.008202281,0.0193737031091898,-0.000884135,-0.024735316,-0.004537002,0.0198485890193463,-7.20E-06,0.0020798050360325,-2.77E-10,-0.003478438,4.45105486522932e-18,-0.004922394,-0.001239557,0.0002687204419687,0.0051137437381664,0.0119257862396205,3.21220075441687e-07,0.0003642582610609,1.081628514119e-23,-3.30E-16,3.02772164041409e-13,0.004213209570313,0.0114620158922317,0.0122136271946589,0.0001776580616123,0.000234694994448,1.9442569807426e-26,1.88403061304835e-24,-2.83E-35,-1.96E-27,-2.75E-38,1.98899187245685e-29,4.0157024557795895e-30,-6.15E-21,7.20096581101924e-27,-5.28E-10,0,-2.03E-40,4.98324791268982e-22,-0.004416746,0,-1.58E-44,-1.10E-28,-3.30E-05,-9.28E-11,-5.40E-05,-4.47E-11,-1.41E-09,8.96448630257944e-23,1.59110712802394e-17,-6.01E-10,-5.83E-05,-4.13E-10,-0.003514041,3.22436667094527e-23,-7.54E-17,-2.61E-20,-7.81E-13,2.00110629118061e-27,8.58429452223587e-22,-2.67E-38,4.48018612166545e-28,-8.82E-22,-1.47E-16,-0.000158017,-0.000332154,-1.94E-06,-3.96E-12,-7.25E-17,-5.13E-21,4.9539876659410905e-31,1.64426528776888e-27,3.58016912114428e-26,-4.46E-23,7.881397879038031e-35,-2.17E-30,7.85188766038361e-30,2.18752679317661e-26,9.36433190583359e-28,3.73431883658112e-22,2.4672331463211898e-30,5.76583902585956e-24,3.09278217324076e-35,1.9673959848632e-29,-1.26E-25,-1.12E-23,-8.36E-28,2.48378666443663e-25,3.86929850173904e-30,2.03250644177978e-20,7.95237445005215e-30,6.63430541719965e-21,-4.94E-29,6.42938424815046e-20,9.59152151339326e-24,-3.21E-18,9.332135399081e-26,-1.10E-22,5.28509632570161e-26,-2.75E-21,2.8485069304592302e-46,2.48013904339307e-45,-7.86E-46,-6.41E-46,9.07057764419342e-29,-1.32E-31,-3.63E-41,1.17569148184664e-36,9.56704669932803e-32,-1.10E-27,2.6769676188540298e-33,-3.41E-25,-2.06E-34,-4.32E-25,1.89651955861677e-29,1.15993028948195e-24,5.14737419060945e-29,5.70738640487401e-26,2.21242579643384e-24,6.0138951079669e-28
0,0,0,0,0,0,0,0,0,0,0,0,0,0,0,0,0,0,0,0,0,0,0,0,0,0,0,0,0,0,0,0,0,0,0,0,0,0,0,0,0,0,0,0,0,0,0,0,0,0,0,0,0,0,0,0,0,0,0,-5.50E-49,0,-7.88E-49,0,-6.51E-49,0,0,0,0,0,0,0,0,0,0,0,0,0,0,0,0,0,0,0,0,0,0,0,0,0,0,0,0,0,0,0,0,0,0,0,0,0,0,0,0,0,0,0,0,0,0,0,0,0,0,0,0,0,0,0,0,0,0,0,0,0,0,0,0,0,0,0,0,0,0,0,0,0,0,0,0,0,0,0,0,0,0,0,0,0,0,0,0,0,0,0,0,0,0,0,0,0,0,0,0,0,0
1.57867609784725e-06,0.0057892869256859,6.36439208426344e-06,0.0006391952487757,-9.21E-19,5.52076494663953e-13,2.9520659737621697e-36,1.62270700610533e-30,3.34493794373174e-43,-1.03E-36,0,0,3.22950360398538e-24,-1.27E-21,0.004139677352708,0.0075700377755291,-3.95E-41,-2.20E-42,1.4688014961541501e-21,9.12313745067263e-22,0,0,1.155413346465e-46,0,0,0,0,0,0,0,0,0,-3.45E-25,-1.33E-22,0.0052915744387397,0.0022166677218164,-0.009873582,-0.003080924,-6.63E-17,8.70938688406292e-22,-6.78E-25,2.04643258747198e-27,5.1645045988845394e-42,-3.65E-43,-0.003286576,-0.003406721,0.0089183587354034,0.00688527621397,-5.78E-06,-1.11E-06,0.0041834858789673,0.0085818077925088,6.46193170251173e-06,0.0002593882563964,1.43677889564144e-24,-1.23E-15,2.463210195172e-21,1.05509106953712e-15,0.0001444071551561,0.0107333870049188,0.0060056785873473,0.0235654551167428,1.52852423030441e-06,0.0102404177180158,-1.51E-21,2.94326133716413e-05,3.27829801392123e-11,0.0107232719745724,0.0236385255921664,0.0176467872859111,0.0257972563186248,0.0314654236714221,-6.93E-22,-8.03E-23,-1.05E-32,-3.89E-32,7.00416433689593e-35,-9.19E-36,-3.84E-29,-3.01E-23,-1.14E-23,-6.12E-09,0,7.08242217114841e-47,-7.72E-18,-0.000325262,0,0,3.57475632035966e-29,-8.99E-20,-1.13E-22,-4.03E-24,-3.06E-25,-1.70E-26,8.455707316901659e-26,-2.55E-27,-3.23E-13,5.35918345835658e-19,-8.61E-17,-4.98E-19,-1.13E-26,1.39739734378626e-29,-8.50E-26,-3.82E-28,6.846165658601509e-30,4.36674716025807e-33,9.09792114442795e-40,6.26695485377719e-44,4.28000361894707e-32,3.77568278231502e-24,-3.33E-09,-6.82E-16,-4.47E-21,-7.55E-26,-1.09E-28,7.10910682044505e-29,-1.40E-27,8.6866883139389e-28,8.390148545641619e-22,3.02887782512128e-24,7.80234602008928e-30,-3.14E-31,-3.04E-25,3.24928570636887e-27,5.52962137542455e-24,3.927044191012861e-25,-4.17E-25,-1.24E-27,1.56078277301215e-32,-7.26E-34,2.49623661696854e-24,1.47778067699204e-26,-8.52E-25,-4.00E-27,1.51615562970268e-29,-4.67E-29,7.8558680382132e-28,3.2166995935611694e-30,3.5984006389064e-25,-2.88E-26,-1.36E-22,3.49183738535396e-23,1.05249125044385e-22,1.0885826398952e-24,1.19725239478796e-22,1.1135557847568e-23,7.303863924254441e-47,-7.43E-47,-4.54E-41,-1.35E-40,9.10273374015116e-24,8.65874344788411e-28,8.00552798116827e-39,-4.88E-41,-9.72E-35,-6.28E-35,-4.40E-32,-5.96E-36,-8.27E-33,1.3941824749606402e-35,-2.32E-31,-4.91E-32,1.0302473218659e-32,2.91347676623566e-35,3.07973857535324e-29,5.76388840298313e-35
6.89395212892282e-19,1.93827916400997e-07,3.9445801391427897e-22,1.39060850282606e-16,1.84938562374699e-38,4.16617470677134e-23,0,-1.36E-34,0,-9.47E-40,0,0,7.60218600079051e-46,7.7263674392377e-25,1.44737378341712e-19,-1.17E-15,0,0,-1.90E-40,1.5635393408113e-36,0,0,0,0,0,0,0,0,0,0,0,0,1.50650897873457e-46,-8.78E-28,-1.32E-19,4.82776959707727e-19,-1.77E-20,-1.66E-20,1.39522707414283e-38,-1.46E-29,-3.47E-47,3.9960360682534205e-31,0,7.06299629195976e-49,-1.52E-17,-6.93E-16,2.88180703780285e-14,1.02331308145942e-05,-1.45E-22,1.33842959287546e-20,-5.47E-15,0.0001006816903571,1.87250465486879e-26,7.34704893102996e-05,-1.06E-35,1.73305649425509e-20,-3.84E-40,6.570090956143559e-22,1.3745140809531001e-15,5.0468712229291e-05,-3.62E-14,0.0004663962086455,-1.81E-23,0.0001012191070056,1.78807343627039e-42,2.18845375804142e-08,7.696189934161348e-29,0.00028565904995,9.71037671497519e-10,9.26490923599916e-06,3.58822966076135e-11,3.83698245607037e-07,-2.15E-42,5.97040026382627e-33,0,-8.29E-37,0,-5.11E-42,5.99444343072283e-47,-2.23E-28,-7.77E-47,1.49017521833258e-13,0,1.49282984258391e-41,-1.77E-40,1.41621941682878e-08,0,-2.73E-47,0,-8.01E-24,-1.41E-38,8.83654887076139e-31,6.18545440489136e-39,2.25772068587176e-35,-4.34E-44,-6.41E-37,-3.34E-35,-8.12E-30,8.10860617034101e-35,-1.84E-30,0,2.18887281190063e-45,2.04216787328736e-48,6.112503138349e-42,0,2.78224432425431e-46,0,0,-8.26E-44,5.02627616889661e-35,5.79322201785408e-28,-1.24E-28,1.3955373811988596e-34,6.013671999233678e-41,7.223099642434979e-43,-4.06E-44,-4.73E-44,-9.27E-42,2.11686064126072e-41,-3.61E-36,0,-7.82E-44,5.28850681762714e-44,4.2743176980953186e-40,-6.61E-44,-1.26E-35,-8.05E-44,-7.15E-40,0,-2.10E-45,5.48386523236263e-41,1.28670604813104e-38,1.9760201993553305e-44,-1.57E-39,0,-2.25E-36,0,1.95989944664369e-38,5.65039703356781e-48,-3.49E-35,1.42638540047621e-40,7.193082527249949e-34,-2.06E-41,-1.89E-36,5.3982993419777386e-42,9.10555311734065e-35,0,0,0,0,-1.16E-41,-6.75E-42,0,0,0,-2.16E-47,0,-4.98E-44,0,-2.67E-44,3.02003979380349e-48,-1.34E-43,0,0,5.790771221493641e-44,0
-1.66E-30,1.59616878447529e-10,-6.42E-28,1.36533408311574e-12,-8.97E-33,3.4319298502840502e-09,3.17857151662118e-45,4.43323902965662e-11,-1.41E-44,2.19494106432979e-12,0,2.90137050004959e-22,0,-5.47E-21,1.27353734760709e-22,-3.41E-19,-1.06E-43,-1.73E-40,3.12129469605501e-24,-6.95E-18,-2.21E-35,-7.03E-32,-1.23E-40,-2.16E-39,9.03044501949469e-44,-3.59E-36,-1.83E-42,-5.20E-27,0,6.90465062004893e-32,0,-4.85E-26,2.22488184594091e-47,4.97760006775735e-28,7.91954340743379e-31,3.18882291720597e-27,1.8109701889639698e-43,3.75670811203704e-42,0,-2.55E-43,0,1.2123645613941001e-45,0,7.625775836503121e-44,0,7.03755280612349e-46,0,3.52362655366777e-41,0,0,0,-5.09E-37,0,-1.23E-36,0,1.16892945709603e-47,0,7.56063963927756e-45,5.68091521425318e-36,7.9554276824278e-14,1.13805985854101e-39,2.76330594203306e-18,0,3.746013458756661e-17,0,5.0376985650285203e-17,0,1.58435282964848e-27,-2.44E-34,-6.75E-32,-3.66E-25,7.452860096800159e-22,-1.22E-41,-1.84E-32,-4.15E-47,-1.06E-32,0,2.4911786953729503e-38,0,-1.56E-24,0,-3.13E-25,0,-1.29E-24,0,-1.93E-31,0,-1.72E-32,0,-1.08E-37,0,-2.65E-49,0,0,0,0,0,0,0,0,0,0,0,0,0,0,0,0,0,0,0,0,0,0,0,0,1.22841099145357e-45,6.2062553554175e-42,-7.55E-46,6.04195888286966e-41,2.9758160732096e-46,2.49091748304716e-39,-2.22E-46,8.55663813654198e-39,0,1.0880160399795796e-40,3.33642491505909e-48,-2.90E-44,0,0,1.34524652575182e-46,-1.82E-44,9.46823286705958e-48,-8.90E-44,0,-1.10E-44,0,-1.23E-47,0,-5.75E-45,0,1.6379228591986497e-42,0,-5.86E-42,0,1.8096654233177399e-40,6.612305769782189e-40,-5.21E-36,-1.82E-32,6.39703598055403e-27,-4.90E-31,1.81532161389407e-27,-2.09E-45,4.2131643304126495e-40,0,0,0,0,0,0,0,0,0,0,0,0
-3.18E-21,7.62148330495446e-20,4.38268737111327e-21,-1.29E-25,-2.82E-38,4.85454671707213e-35,0,0,0,0,0,0,0,0,8.66794306716196e-23,1.00432064850391e-21,0,0,6.35414047353739e-37,-3.09E-37,0,0,0,0,0,0,0,0,0,0,0,0,0,0,-2.44E-29,1.31436098706407e-32,2.51218008556012e-38,2.83140492653086e-39,0,0,0,0,0,0,6.97456049662021e-43,8.56643926973065e-43,8.90159732623488e-38,3.69966830299936e-32,-1.59E-48,-3.81E-49,1.37758616820582e-36,-1.34E-30,-3.52E-39,2.6782989374604098e-33,0,0,0,0,7.935157350053551e-17,1.07737570044099e-16,-6.16E-18,8.11490620179981e-16,-8.33E-33,-8.30E-26,0,2.71150321016383e-37,-3.05E-41,1.41972422556388e-26,1.7268987254694699e-16,-1.03E-16,4.249438972484151e-15,-1.16E-15,0,0,0,0,0,0,0,0,0,-5.58E-47,0,0,0,-1.87E-43,0,0,0,0,0,0,0,0,0,0,0,0,0,0,0,0,0,0,0,0,0,0,0,0,0,0,0,0,0,0,0,0,0,0,0,0,0,0,0,0,0,0,0,0,0,0,0,0,0,0,0,0,0,0,0,0,0,0,0,0,0,0,0,0,0,0,0,0,0,0,0,0,0,0,0,0,0,0,0,0
0.000262766464249,0.0115748801915281,-0.024556884,-0.014190836,-0.004569075,-0.00515884,-5.49E-17,5.8431963094672305e-09,6.00180676946368e-19,2.7342946928268504e-15,5.82073439997275e-32,-7.01E-29,-8.91E-24,-1.59E-14,-0.058776555,-0.034817415,7.732060161421458e-29,-1.58E-29,-0.006400976,-0.011937396,-8.57E-34,1.64113710884307e-31,2.78959064100031e-33,5.03870527066767e-32,8.84627310178603e-36,3.16393348807902e-34,8.683255523251519e-36,3.81503815154814e-33,6.11092444611401e-35,-4.92E-32,3.15203821197009e-38,-1.95E-32,-1.49E-21,-8.71E-16,0.0041499660830669,0.0034758174390878,2.24938366393783e-06,4.60729464008687e-07,-1.43E-20,-5.72E-21,-5.93E-27,-1.04E-25,-4.92E-32,-3.39E-30,-1.18E-13,1.26677535932493e-13,-0.001447307,-0.001626958,-3.76E-20,-2.99E-20,-1.66E-06,0.0005102316717532,2.48951922185438e-10,-0.002170147,3.80097874708606e-27,-2.59E-20,-6.76E-30,-9.67E-22,0.0001188402730467,0.012492580326654,2.81159122579829e-05,0.0194059645126383,2.54183522274801e-09,0.0165295569969213,3.15383022308781e-23,0.0034612468248633,1.74310043498239e-14,0.0079706886533544,0.0073852906785914,0.0127880524997015,0.0129291883991106,0.018211759421746,4.0332759187378406e-15,2.67050870857134e-15,-2.63E-21,5.62928641172922e-21,-4.95E-24,-1.35E-23,-4.13E-26,2.67773066308248e-17,5.91057116532576e-29,1.28098725756043e-10,3.26839225982728e-37,1.2470082279245e-25,1.10602797390003e-29,-5.13E-08,-1.26E-42,-8.82E-35,1.3764196487072e-39,-9.57E-23,5.44250586275454e-29,-1.68E-27,7.05350381991792e-31,-9.06E-32,9.26886076876863e-28,-1.70E-27,-1.89E-23,3.54552367879828e-24,6.51612099999255e-27,-2.98E-27,-3.83E-37,-1.29E-37,-3.91E-35,2.1128341118291693e-34,-3.44E-36,5.3875877502430096e-36,4.236706577563729e-41,-4.42E-39,-9.68E-30,3.49393412353882e-24,-1.22E-20,-3.01E-25,1.6121690234241699e-28,-6.28E-33,2.9201793067556493e-34,6.81958618714435e-33,-1.84E-19,-9.76E-20,1.87757847137358e-17,1.1492891106830001e-17,-1.26E-20,-1.43E-20,-3.81E-19,1.52362312590306e-18,1.2433103405882798e-18,-8.37E-20,7.26454082243445e-21,9.319544866567311e-21,-1.11E-25,-1.86E-25,6.9281566552401e-20,3.1512116501221104e-20,-6.56E-21,2.38178093030279e-20,-1.99E-25,-1.20E-23,4.88859602799517e-26,-8.42E-25,6.657143958829e-23,-1.23E-22,-1.82E-19,1.35754999006731e-18,7.7678000766078215e-19,2.53747671732163e-18,9.64229151100166e-19,4.19880880476736e-18,-2.85E-28,-3.48E-29,1.8913281717074902e-20,-8.91E-19,4.17953522333342e-14,7.63561553960103e-15,-5.56E-28,6.788502530123619e-30,4.13217436457354e-31,1.246887842545e-30,-4.76E-30,7.22670382868918e-30,5.221260641993469e-30,-5.85E-30,4.338171871143489e-28,1.17854430308829e-27,-6.03E-32,-8.18E-32,-3.30E-26,-3.37E-31
-0.001952801,-0.000530074,-8.13E-07,-1.87E-09,2.74142794339299e-21,-7.07E-23,4.6416479513373103e-35,-3.18E-31,7.70553567578929e-39,2.10543086555113e-36,0,-2.81E-48,1.88306703686876e-22,2.90262793778149e-20,-8.04E-07,-1.79E-05,1.14101760435511e-35,5.876058067447479e-36,-2.50E-27,-8.60E-29,2.87446463500843e-45,8.1125072418499e-43,1.13746743347338e-43,-1.40E-41,-3.73E-47,-2.02E-42,0,5.40624407532723e-49,-4.26E-47,-9.15E-45,0,0,-7.55E-23,4.65528486550552e-22,0.0022299352639681,0.0003245398294605,0.0035108657122055,0.0007188934219384,1.86702847012583e-14,1.91019142419918e-17,-2.53E-22,8.15963545293252e-19,-3.46E-39,-2.66E-35,0.0178930602919087,0.0142610963991637,0.0182557662583283,0.0156640395180552,0.0051277991712953,0.0101939337645773,0.0134671860922221,0.0147478662515936,0.0012469909491666,0.0149282304056786,0.0005114252673197,0.0100200400613225,6.3222554503884e-07,0.0007091108480158,-0.004236893,0.0013389905553239,0.0066073754599725,0.0120980563779268,3.24460516094118e-05,0.0044306496896711,8.67872340056285e-19,2.70567126608051e-07,4.49276363209514e-08,0.0082432157380792,0.0146052519230289,0.0113043391019032,-0.043962407,-0.009038719,1.7908836660117e-19,1.16851163424596e-22,-1.62E-30,-1.48E-28,1.73881682928177e-32,4.7002859935672306e-31,6.53058699752402e-25,8.70215943205696e-22,2.37713882449385e-21,1.07773452665959e-07,-1.66E-46,2.6196404883212596e-40,-3.55E-17,0.0004991933891474,7.12481388069787e-46,-4.41E-43,9.55580878897955e-25,6.34449540714743e-07,-0.000157318,0.0001659800671425,-0.000986717,-0.000319261,-2.37E-19,-5.63E-19,5.5043315233771e-07,2.8490190507554e-07,-6.91E-06,0.0007658553546662,-2.31E-08,-2.73E-10,-8.66E-09,-5.49E-10,3.82617979299955e-17,3.72771904840149e-19,1.10384256332156e-25,-3.03E-28,-1.09E-19,9.854799870366672e-17,0.0001664845796652,0.0014223384751518,-0.004779152,-1.32E-07,-3.18E-16,9.2801441668291e-17,-1.02E-24,3.12290172847377e-27,9.819591858870332e-20,8.492284997908032e-23,-6.65E-28,1.29244005917245e-29,-1.68E-23,7.037081978521869e-26,2.47993457350075e-21,3.25502697639879e-23,-1.97E-22,5.27155131115256e-24,1.03409916835849e-28,-1.83E-28,-2.23E-21,1.52683032944374e-22,-7.50E-22,1.30452282339414e-24,2.32585765761966e-25,-4.10E-22,3.02892899757922e-25,-1.06E-23,-1.20E-22,-4.34E-21,7.43974416011219e-19,1.72357386104357e-19,-1.26E-20,5.65553615589824e-22,2.98521943655426e-19,1.17705752083775e-21,1.28070092382132e-40,2.47905847773067e-41,-4.13E-41,-3.72E-43,2.41967513174674e-25,-7.93E-29,1.29262506041912e-34,6.93790700921067e-35,-1.45E-28,1.01891864025485e-26,1.27349857795848e-29,6.39598744820616e-26,1.3876693798772598e-30,1.34718929601008e-26,4.5116158415670196e-26,-2.60E-25,3.57531380690968e-22,-2.42E-23,-2.66E-22,-2.21E-25
-9.04E-22,0.0018055722769407,0.0015120469618226,0.0142616638686913,3.71664812431253e-05,0.0185651138816878,-5.14E-20,0.0150411056653967,8.468518078841989e-11,0.021731961911394,5.73055461772237e-05,0.0159122972905415,5.1659228177052e-24,-0.044892509,0.0003844049050628,0.0060924700163138,0.0011096193277802,0.0016315360988564,0.0094227626564252,0.0150682239785455,0.0086388510489797,0.0102415721938804,0.0031914798975491,0.0038482447432686,0.0024204273185766,0.0035810510535293,0.0034627345412807,0.0103094936960332,1.4793353085421e-05,0.0025920752322378,-2.96E-07,0.0130881482592544,3.50602173491511e-09,-0.002240088,0.0006547653421077,-0.002404283,-1.25E-11,-6.88E-13,-3.17E-21,-1.26E-15,2.8490502390468405e-20,-3.83E-15,-1.04E-19,-3.20E-15,1.42854552907939e-28,-2.65E-24,1.47316621058554e-35,-5.81E-28,-3.46E-25,-4.74E-20,2.95671283781718e-40,-1.08E-28,-7.93E-40,-1.08E-30,0,-6.62E-39,3.4259560310867404e-24,5.405279104812609e-20,8.31263139317482e-28,-0.006472935,1.29065600108293e-32,-7.97E-24,-5.05E-31,1.01611216891689e-20,-6.77E-32,-1.12E-05,-2.64E-39,-3.21E-22,-2.04E-21,3.39656721270416e-18,-1.14E-13,-2.27E-13,0.0007605520911572,-0.004640517,1.16549274160304e-07,-0.001650296,7.180799543564e-10,1.44124019114592e-05,-6.54E-31,-0.002347641,-1.84E-33,-0.00043907,-4.53E-17,-0.001035595,2.78459114986831e-33,-3.23E-13,3.69825057530603e-20,4.1192832608925e-09,3.35287189393295e-29,4.19707221690549e-19,-1.81E-47,1.91831179533014e-29,7.69456390125559e-47,-4.98E-31,-5.73E-25,2.84208885427517e-22,-2.97E-24,-1.14E-23,-3.33E-40,1.10664257346434e-27,5.16803664406973e-46,8.93843215544358e-33,2.84853015747502e-41,2.58044305866131e-34,4.982837137330761e-35,5.92307290816537e-33,-1.33E-36,1.53010771879528e-28,-3.01E-25,-1.47E-21,-4.00E-22,6.537014871140049e-34,2.80367299314416e-37,4.1533079188007504e-35,-1.09E-33,4.90828309253995e-32,-6.64E-06,-0.000538313,-4.57E-07,-0.000591866,-3.34E-07,-0.000914637,-5.26E-07,-0.000887959,-3.15E-15,-1.31E-05,-2.24E-09,-6.12E-07,4.10034454340644e-13,2.23141521167934e-13,-4.13E-08,-1.02E-06,-4.40E-09,-2.45E-07,6.6397831396477e-28,5.01151734942694e-18,1.47629293114346e-22,-1.47E-16,6.81685901402415e-23,-2.11E-15,-2.19E-13,-3.87E-07,-4.58E-11,-4.27E-06,-1.49E-17,-4.00E-06,0.0098576083480706,0.015144118242681,0.0137385852754478,0.0166690585891182,0.0113789714767017,0.0159410608931308,0.0002005691521399,0.0011877298891216,-3.67E-19,1.18881295695547e-18,8.290200683134972e-19,1.7582678407308702e-17,3.8636745949688896e-18,1.97802520364894e-17,8.5441157581122e-17,-1.01E-17,1.85716094851106e-25,-1.43E-25,-1.27E-18,6.96818141302565e-24
6.38166006038945e-12,9.54784295694599e-06,1.80962563461947e-18,6.03700610854498e-16,8.4756825723867e-27,-4.30E-21,-1.58E-38,-5.66E-32,-1.07E-43,-4.70E-37,0,5.41119258249e-48,-5.01E-35,-1.04E-20,1.75889808361316e-17,8.46113947023905e-13,-1.72E-48,1.5344924050863102e-47,7.446092734456379e-36,-2.23E-34,0,0,0,0,0,0,0,0,0,2.1856259470306895e-48,0,0,8.80564028006466e-34,-8.36E-22,2.17004223400057e-08,2.74042136154725e-10,5.73633150417429e-13,5.824328615288719e-11,9.45508302251422e-32,2.17847732400969e-24,1.19477479576032e-41,1.09095633860465e-28,0,-2.29E-40,2.63652658075749e-17,2.3648165259687703e-10,2.55453332967267e-06,0.0038626346924769,-2.53E-25,3.6747025850172405e-20,3.93505577517254e-07,0.0110764111420383,1.73735043382943e-13,0.0044483128410626,1.90711665595611e-33,3.48336272917988e-21,2.62178879016081e-35,1.91761172423054e-20,0.0002313797444705,0.002772825402756,0.00232154471913,0.0186686031657765,1.13777069525901e-07,0.005125915377216,9.863483177262442e-31,3.38811047685497e-06,3.66716151970389e-20,0.0083320667430353,0.0056061502289752,0.0082867332246864,0.0004533815637512,0.0017228345039326,1.21084030165808e-29,-2.57E-26,3.10720968322461e-41,5.41441050724676e-32,-9.18E-43,-6.55E-36,-1.73E-36,-2.56E-21,-5.40E-37,1.69940946191671e-11,0,1.41641648808964e-38,6.04316119983917e-33,6.61503319796224e-07,0,-3.91E-47,1.91583774419409e-48,-3.81E-24,-1.49E-35,-4.02E-29,-1.58E-37,1.43537717716135e-35,-2.85E-40,1.81418638957496e-37,3.41307654164069e-32,3.1986545031007997e-31,6.24001899136935e-35,-4.74E-29,-1.02E-47,1.57442705268405e-44,5.3272733749073405e-46,-3.45E-43,0,6.4955120410606495e-49,0,0,9.7810296767075e-43,3.1678125789771603e-35,-3.38E-27,1.4375480629036198e-30,1.02552600966414e-36,1.7173107305087298e-42,1.37713814597439e-45,-2.99E-45,-9.31E-35,-5.11E-34,-2.05E-30,6.70424437308146e-29,-2.81E-38,1.89263715868028e-37,4.8844336454858e-33,4.673407137188699e-31,5.4156082566816e-32,1.63631454931819e-29,1.24425628102589e-33,4.46697422421858e-33,3.01191588675815e-42,2.23736918007958e-40,2.83114151182141e-32,-6.01E-32,8.038681911909519e-34,3.41433657047473e-32,-4.71E-41,-3.20E-30,1.9166259745802698e-42,5.58044234537681e-33,-7.94E-39,-1.84E-27,-9.05E-31,3.68127983778489e-27,-2.49E-33,7.92208829000323e-29,-3.97E-31,-6.74E-27,0,0,0,-5.95E-48,-7.13E-32,2.2578882121239e-34,-4.54E-47,-1.07E-46,-1.97E-46,6.461063842433042e-44,-7.82E-47,2.50459783522518e-42,6.59434571446973e-47,1.36431423012979e-40,1.14801618292994e-41,-3.96E-40,-2.92E-46,1.63925480732337e-45,-9.82E-40,-6.06E-45
1.82170411456322e-19,-3.50E-06,1.28810581611507e-19,-7.61E-11,-2.11E-39,-4.38E-24,0,1.26727560186783e-38,0,1.82590590548524e-42,0,0,0,-6.13E-41,-6.77E-13,-3.14E-08,0,0,-3.74E-30,-2.92E-24,0,0,0,0,0,0,0,0,0,0,0,0,0,3.72181903964725e-40,-7.50E-20,9.29640662174082e-22,6.47203404570617e-29,2.8137224218499092e-28,0,-2.84E-42,0,0,0,0,-5.78E-33,6.00385445850708e-33,-2.12E-26,-2.14E-23,-4.26E-39,2.45482089430429e-38,5.670310242140049e-30,-2.74E-21,2.2112470947236e-36,-4.79E-26,0,-5.34E-43,0,5.877467595850072e-45,5.2134799139844004e-15,-0.001972065,-1.51E-14,-6.11E-05,7.378758711213191e-31,8.89364205784143e-17,0,-1.79E-26,-3.84E-40,4.03617718581924e-18,-1.01E-06,-0.000334099,-3.12E-06,-0.001431285,0,2.94188049071173e-38,0,2.25553159100641e-46,0,0,0,2.95306908935044e-42,0,-1.24E-38,0,0,0,7.286768749739098e-35,0,0,0,1.0833766592334099e-48,0,0,0,0,0,0,-1.63E-47,5.2324907814219404e-46,-1.03E-49,-2.93E-49,0,0,0,0,0,0,0,0,0,2.61206950586863e-47,-8.41E-41,1.20668416951529e-44,0,0,0,0,0,-2.29E-44,0,5.34513125436293e-40,0,-1.02E-45,0,-4.91E-42,0,1.19588736799861e-41,0,9.295391292946053e-44,0,0,0,1.75857440349677e-43,0,1.14860613397621e-43,0,0,0,0,0,1.14301992384142e-45,0,1.6933921605939396e-40,0,6.29026054825383e-41,0,7.68567611358535e-40,0,0,0,3.1545434179534403e-46,1.07559012541326e-40,-3.56E-40,0,0,0,0,0,0,0,0,0,0,0,0,0,0
-3.18E-11,0.0007580949856035,4.5455648814476e-13,9.19580279472075e-08,-1.26E-27,-1.86E-19,3.0368846156450595e-42,5.7701978452540796e-27,7.71572997853819e-47,1.43659970537257e-33,0,-1.24E-42,3.08085154906416e-36,1.50705411459232e-17,1.28302823205371e-08,3.31770401662835e-05,-1.06E-40,1.84177336128176e-38,2.94722280909637e-28,-2.22E-27,2.4361934358915497e-49,-1.81E-45,0,-1.21E-40,0,2.4651922956921e-42,0,3.83167548838817e-45,0,1.40353354786471e-41,0,-2.04E-46,-2.10E-35,3.0725720712723603e-19,8.1164094345738e-07,0.000147594902788,-1.17E-09,1.50235235454791e-05,-1.06E-27,-6.51E-18,-3.27E-35,-4.72E-18,5.57334616492825e-48,-2.49E-32,4.929076865766301e-10,0.0023262290298758,8.39358854833175e-08,0.006612042844454,-2.88E-12,0.0003170820447029,5.71479865606386e-10,0.0145676661460429,-6.34E-21,0.0190702570577238,-2.71E-23,0.0134318282920954,-6.83E-28,0.0005987564300382,1.21648515956432e-07,0.0055485258059594,1.92448563741734e-08,0.0172027304324814,-2.14E-18,0.0093460553945242,3.06764868912078e-32,2.03629272578248e-05,-1.33E-24,0.0130707520105527,0.0001617313620727,0.0062328399177173,0.0005403663406016,0.0074155895343541,-6.33E-31,9.95471941476769e-21,2.02760690105391e-40,5.16350589458966e-27,2.21080359813975e-42,-5.49E-29,5.51464028583095e-37,4.23651625667415e-19,-2.04E-35,4.50594456637557e-06,0,-3.75E-36,-2.13E-31,0.0015167578493032,0,1.85548457355175e-39,3.92817785740199e-39,2.27186809708303e-05,-5.35E-21,1.76259458799618e-05,-5.28E-21,-8.47E-13,-3.09E-30,-1.02E-23,-1.32E-19,-3.17E-13,-8.96E-21,4.52061494685263e-06,5.75822283188304e-33,9.84236790233585e-23,-3.54E-30,-2.03E-22,8.57798935650357e-37,-3.60E-28,1.58132639203321e-47,-9.03E-30,3.65176955953382e-28,1.71384428304604e-23,-3.62E-12,-9.79E-13,-4.92E-16,-1.99E-24,-2.16E-27,1.4774317774714499e-28,6.318332184299621e-31,-3.47E-28,-4.08E-29,-9.63E-23,-2.01E-35,-1.96E-29,-2.81E-32,-2.99E-24,-1.12E-31,-9.58E-22,-1.26E-31,-8.47E-26,-7.15E-37,-9.35E-32,-1.12E-28,1.15467539454044e-25,-2.30E-31,-9.69E-26,1.47072527415701e-37,-2.39E-21,-1.31E-36,-8.31E-25,9.32482204924418e-36,3.30036624054281e-20,-7.51E-29,-2.51E-21,-4.84E-29,-6.83E-22,-8.07E-31,-1.22E-19,-3.70E-44,-3.57E-44,-1.00E-40,-7.96E-40,-6.23E-28,-9.47E-28,-4.91E-41,-2.00E-37,5.52399869471961e-37,1.355995412869e-31,-3.75E-38,1.46663565521921e-29,-1.71E-39,1.01821995758793e-29,7.29966679032418e-35,8.81346099037723e-30,3.2605836415018704e-35,-4.23E-32,4.67935769099633e-29,2.7470768079233898e-33
-2.77E-07,2.46971476025824e-08,6.3435459871223496e-18,1.44237556127301e-20,5.1784779164954495e-28,-9.19E-28,4.658537769734399e-43,-2.16E-35,7.930440597330541e-47,4.64723596415398e-40,0,2.6053890211988895e-48,-9.79E-31,2.3756886623493097e-22,3.05446590274419e-17,4.41417814282035e-13,-1.21E-39,-2.39E-39,5.96639615222536e-35,-1.65E-37,0,2.89959101043847e-46,-1.23E-47,-1.95E-43,0,-1.33E-44,0,0,0,-6.00E-45,0,0,-1.07E-31,4.71203508924608e-24,-0.000801353,-0.0001004,-0.005044853,-0.001050085,1.5514021303157701e-21,-3.55E-19,5.36311400004756e-28,-1.42E-19,5.840070588535531e-45,-8.25E-37,-0.031133411,-0.069596722,-0.109949507,0.0049449596749071,-0.001512202,-0.045342851,-0.014056382,0.0350166418736324,-7.19E-08,0.0328194524767535,-9.79E-13,0.0009788466501093,1.62900045369147e-19,-6.24E-06,-0.003917612,0.0015889037584532,-0.026426432,0.0219828470837192,-1.88E-07,0.0023041844309208,-7.16E-26,7.1920098989221e-11,-2.91E-16,0.0136658966815568,-0.066158662,0.0146664956745217,0.0008487471836485,0.0026626757433354,-1.75E-27,-1.10E-24,-9.40E-37,1.87512434938129e-29,-7.94E-39,-7.68E-34,-3.24E-32,2.3938323590917e-22,6.713108815490091e-31,4.04122339898265e-08,0,1.44254353240372e-41,9.25251767916049e-25,0.0017462756764079,0,7.12336557180787e-45,2.29251224871462e-31,3.33294045594427e-06,-4.90E-10,-5.73E-06,-3.30E-11,-1.30E-10,-9.69E-23,-4.68E-19,-1.27E-08,-9.57E-06,-1.43E-08,-0.001893362,1.63421969525635e-22,1.9920043547093e-17,-3.45E-20,-3.19E-13,-1.06E-29,-1.85E-21,-6.95E-40,1.78305340284247e-30,-5.39E-21,-1.93E-17,-0.000231016,-0.002184147,-1.17E-05,-4.63E-13,-1.01E-18,-8.09E-20,-1.20E-28,3.85768152153776e-28,7.83435406809396e-26,1.48213522810821e-24,5.19175214914647e-33,9.66120551512146e-32,3.32927346794118e-29,-8.94E-28,1.1038290076323e-28,-1.23E-25,5.27864860355588e-27,3.64751793494076e-25,-1.25E-32,9.75262472172429e-30,1.3878222581477e-25,-2.28E-25,1.91511057909112e-27,2.14960638228016e-26,2.4318070851616e-32,8.26789396030597e-24,-5.28E-32,7.10646529536704e-24,-1.00E-28,9.64550707076282e-23,-1.95E-24,3.24933229785735e-22,6.054836654303429e-26,-8.00E-24,-1.54E-26,-2.28E-24,2.6114443756605703e-44,6.475697448773782e-45,4.02286640476024e-47,1.29749857807853e-47,6.33552364355075e-29,-8.59E-32,-4.85E-39,-4.51E-38,-8.58E-32,2.06178868673441e-27,2.37399277386068e-33,1.5557540943521098e-26,2.3751564456432093e-34,1.78690862740862e-27,6.22400622791926e-29,4.7777941251808097e-26,3.79520517162872e-29,9.3860220753251e-25,2.14134685896509e-24,-5.45E-27
1.10251440497439e-21,-0.000142053,2.6945521891485403e-25,-7.07E-15,1.6170607094812002e-36,2.82951390559655e-24,7.42499186299277e-48,8.69259399590546e-32,0,-1.91E-36,0,2.54960162981882e-43,2.20460500812049e-32,-2.16E-18,-4.04E-18,-7.31E-09,4.36716213753037e-36,8.47800430760202e-35,4.4770968116355904e-35,2.44061069159649e-32,-4.51E-46,-1.69E-41,-9.34E-43,-1.39E-37,1.39492892585061e-46,-1.28E-39,0,3.1711135560443103e-44,6.17856465751683e-49,1.24910262115874e-38,0,4.984672063921391e-46,3.20634604905609e-33,3.31931782808673e-20,-1.04E-05,-0.004293185,-5.85E-05,-0.014402256,-6.55E-22,-1.27E-12,6.116765318327371e-25,-2.19E-13,-7.46E-40,-7.49E-30,-0.040477389,-0.092906584,-0.046609663,-0.123681848,-0.001160359,-0.062887696,-0.001529726,0.0247798844641298,-1.78E-05,0.0267302697206256,-2.27E-07,0.0292677298932192,1.36189824732853e-17,0.0012743596572278,2.6297454538059803e-15,-0.027734889,-1.06E-05,-0.033150148,-1.34E-18,0.0073187772337778,2.6232215338847e-30,1.72845622533537e-07,-6.81E-21,0.0194172228810663,-0.005252239,-0.176297038,-4.22E-06,-0.038537484,-1.17E-29,-1.85E-18,-1.33E-37,-9.09E-27,-1.68E-38,2.35074172017869e-29,5.23557653134164e-33,-3.40E-19,-1.79E-33,1.35586392415922e-05,-3.44E-46,-2.96E-36,-5.41E-25,0.0040690455691928,2.50563301568014e-47,1.00069323631136e-36,7.889769830554598e-29,0.0006546133521827,-2.14E-05,-0.01912759,-0.000863019,-0.0533378,-2.76E-17,-1.42E-12,-3.61E-08,-0.004056413,-3.59E-06,-0.039173907,-1.35E-06,-0.027221144,-1.40E-07,-0.005193283,-7.53E-13,-7.07E-08,-7.30E-27,-1.67E-18,-1.19E-13,-2.27E-11,-0.003996071,-0.040128182,-0.04887997,-0.005561498,-3.51E-06,-3.62E-10,3.54534921421035e-31,2.6457637834280403e-25,-8.14E-27,-1.89E-19,3.61698580112352e-33,1.96194382723e-26,4.098008774433669e-30,-4.60E-22,3.76364903718061e-29,3.3693381171777804e-19,3.7901475487177198e-28,1.41983894291609e-19,1.37871322644527e-31,2.6605915313359497e-26,-1.84E-25,-1.70E-20,2.35607797236999e-28,-2.46E-21,4.96229713986056e-29,-1.49E-17,4.4736506714986295e-28,6.62546872828075e-18,1.95558341088199e-26,-1.49E-16,-1.06E-24,-4.67E-15,-4.57E-27,1.60908500572427e-18,1.6453014421423e-27,1.4777230904107502e-17,-8.30E-41,-3.85E-41,-3.88E-45,2.23410873915268e-42,2.43357668583875e-29,1.28665714103344e-29,9.80864827783162e-37,1.65420709902114e-32,-8.56E-25,7.5366258558057e-22,2.05553470619663e-27,7.62294530195962e-21,1.26002155177074e-28,2.03423347218248e-21,1.58365269713751e-24,2.85694805207188e-20,-1.89E-23,1.0696637120771601e-17,-2.36E-20,-1.76E-20
2.42128566291176e-37,-1.58E-35,-4.34E-47,4.31897456902038e-43,-1.48E-47,1.03619678110439e-46,0,-2.00E-48,0,0,0,0,8.23314953258778e-42,1.8504965675629897e-30,-1.45E-40,-1.63E-36,0,-2.46E-48,0,0,0,0,0,0,0,0,0,0,0,0,0,0,1.6282743110218897e-42,3.75272187804598e-33,8.975020357030769e-26,-2.35E-24,4.57142759523253e-23,7.238568317421039e-22,-5.46E-31,6.78655516924985e-26,-7.63E-36,-3.39E-24,0,-2.21E-40,0.0016264147534521,0.0035864353635672,0.0033683306485694,0.004621045631348,3.07479558480548e-07,0.0006843664159352,0.0012899883062942,0.0065121042588962,1.07486958356823e-05,0.0058099142993104,5.12720319256616e-08,0.0009928687114025,3.17851907882877e-18,4.88816644516434e-05,2.40765092694622e-27,-3.30E-25,5.9762191058178e-07,7.9867985752359e-06,4.38991440073283e-10,2.23346241002156e-16,1.31864034738351e-41,-1.43E-22,-8.83E-24,6.32661559112793e-06,1.85943498889925e-07,1.34694563591443e-07,-3.71E-31,-4.86E-29,1.35528749526308e-38,-5.25E-37,-1.95E-47,-2.47E-37,1.07608243847469e-47,8.27429965354913e-41,-1.69E-44,1.70898318426764e-30,7.44160510736263e-43,-1.99E-18,0,3.87085136333671e-45,-1.15E-30,9.78898887045024e-06,0,2.25296800486865e-44,7.339893613250329e-40,1.52784596035962e-10,5.889921655622299e-13,1.07185102254874e-08,5.4828246365936505e-14,2.51376438733706e-13,-6.17E-31,-1.60E-26,7.41804845876536e-22,-2.88E-18,-5.14E-14,3.18320890142408e-08,-5.01E-27,-4.54E-25,8.42078210776663e-27,-4.25E-23,-8.10E-34,-1.56E-28,-3.57E-45,-1.75E-35,-3.20E-29,-3.79E-26,7.56746718747825e-18,8.998016228093101e-11,1.08928793118116e-13,1.8454938652544705e-23,4.1413453738518e-26,-2.31E-27,1.31252529667577e-42,8.3202096319286e-43,1.39621972789286e-37,1.7882721556072998e-37,-6.08E-43,5.5060424621187286e-42,-3.85E-40,-2.02E-37,8.16033644097773e-39,-4.86E-33,6.77689496324355e-38,-1.83E-34,-9.94E-42,5.84457241909064e-40,2.09387645964384e-36,-5.53E-37,-3.50E-38,-4.12E-38,1.7388394609981299e-40,4.3375589050604094e-30,1.01775902632907e-38,3.64086017952672e-32,-3.28E-37,-7.53E-30,1.26762023282935e-33,3.5126330797146203e-31,3.66990894651949e-36,4.00208207872905e-34,6.35223792381228e-37,-1.38E-32,0,0,0,0,5.79048952200338e-49,0,0,0,2.18576082604139e-38,1.13233744848004e-36,3.3348176780930687e-40,8.25667531651516e-35,5.0061338180411187e-42,1.73804333603717e-36,3.13193445527672e-38,-3.93E-34,6.73083867284331e-36,6.41201167644892e-33,9.247488873199068e-33,1.96856923114977e-34
0.0003801709491061,0.0118425395383964,0.0004913560196512,0.0098232373217411,8.198107897723849e-12,0.0130280510541194,5.6845689411954405e-31,0.006208811063766,5.91567816664173e-34,0.0058330140120045,1.8742797334565702e-46,2.55121353930205e-14,1.01224966312856e-31,5.334260579805881e-10,0.0070290369687001,0.0158980833725957,2.66201282019895e-32,-7.22E-25,4.74584655044651e-05,0.0012853093692967,5.87096155645967e-36,3.77083143024522e-32,2.4794401715761293e-40,-1.60E-28,-1.24E-44,1.26032268404821e-30,-4.25E-46,1.1051962352542e-20,-2.56E-47,-2.02E-19,0,7.34185592472415e-18,5.194275849104669e-30,9.529873856850742e-09,-0.002396269,0.0054792408496696,-1.32E-05,2.2588088309993e-05,9.92690557641577e-26,-7.77E-17,6.8627906841781e-35,1.45062288655782e-23,7.16100458593132e-41,6.59453263581641e-22,-2.21E-16,5.493807954562681e-17,-3.47E-12,-4.42E-11,6.759258284395901e-21,1.0060037914931201e-19,-1.53E-11,-1.41E-09,-7.95E-14,-1.04E-20,-4.45E-38,4.42370507671703e-37,-1.14E-35,1.27918900140582e-26,-0.014078152,0.0034034194530854,-0.001347565,-0.017435159,-4.94E-08,1.63063636831388e-05,2.67068998388571e-27,1.72028416994533e-07,-1.76E-18,-2.12E-10,-0.028305264,-0.024776807,-0.008724367,0.0097278079289574,-9.17E-24,6.75902630820738e-06,1.20048005839181e-32,1.1572198257928202e-09,7.58293414876806e-33,-9.68E-18,5.90588920962214e-33,5.42358020859685e-18,3.3075407180951597e-34,-3.44E-23,-4.02E-47,-1.07E-19,-2.69E-32,1.20240751587234e-26,0,3.1096007940028e-25,2.23136094869912e-42,8.64043541787625e-31,-6.11E-34,-3.12E-36,-7.34E-36,-3.86E-37,2.32019869933281e-33,2.9021495108336104e-25,-3.65E-26,-1.12E-22,-7.26E-28,1.49025623481674e-29,1.60346455131251e-40,2.4586982107229498e-43,-4.91E-38,-1.79E-36,-5.87E-41,6.43824945183972e-36,0,2.35904026838721e-34,8.32279419125478e-31,-8.16E-25,1.48856941144673e-20,1.50342797299808e-25,-2.60E-32,2.65782667458309e-34,1.94214910767193e-34,6.022211883634419e-34,-1.87E-24,-3.30E-19,7.98578092691329e-23,7.98326000378743e-12,1.01714866570933e-28,-1.82E-18,-3.54E-25,1.37970998048199e-11,3.5628570883464003e-25,3.51073042641197e-11,-5.20E-25,8.64716717953557e-20,-1.07E-30,-1.86E-26,-2.63E-23,7.754488150589221e-20,-8.29E-25,3.33302405943616e-19,-7.56E-34,-7.33E-20,6.09820433236329e-34,-2.72E-22,-6.24E-31,-8.73E-18,1.76958593525365e-23,3.44419991497096e-11,-1.15E-23,3.10416677420643e-14,8.11377233253516e-25,9.81690134309686e-11,-4.46E-33,-8.08E-29,-1.10E-22,3.86894907132687e-16,4.97943365569118e-14,5.7418570152960096e-11,3.57209259472083e-33,-9.43E-28,-1.02E-34,-9.77E-31,-4.39E-35,-9.84E-27,4.78079114883891e-36,-1.10E-25,4.4788176669178505e-31,3.77544999833908e-27,-7.26E-37,9.594265727483459e-33,1.0589299051554e-29,1.21298983848365e-33
3.3695167459108893e-34,1.04484502435188e-19,-1.52E-32,-5.30E-21,7.11037713400317e-45,2.3882839933268602e-23,0,2.5457369390527e-34,0,8.3010433198543e-36,0,-4.87E-45,0,-1.91E-39,2.88647744516343e-29,4.87844083209535e-24,0,0,1.25287060712033e-34,5.36692317843373e-25,0,0,0,0,0,0,0,0,0,0,0,0,0,-1.88E-40,-4.47E-37,2.35003889943102e-33,2.66203958025584e-43,6.8961344100773886e-40,0,8.158193755041151e-46,0,0,0,0,-7.76E-50,2.1036889660728e-44,-3.15E-45,2.13516391670465e-37,0,0,-4.36E-48,-4.51E-34,0,-2.18E-38,0,0,0,0,1.45362106919084e-34,1.7669739391483601e-19,1.5234572927945499e-34,6.41327608832366e-22,-5.44E-48,1.84555363167363e-27,0,5.7393596964044e-29,0,-3.96E-32,-8.24E-30,9.43575175606443e-24,-5.63E-28,2.11922538560828e-20,0,3.73880377205878e-39,0,-1.73E-42,0,-7.92E-46,0,1.1126591191972798e-42,0,-6.03E-42,0,4.97471427918003e-47,0,2.29963995347086e-44,0,0,0,0,0,0,0,0,0,0,0,0,0,0,0,0,0,0,0,0,0,0,0,0,0,0,0,0,0,0,0,0,0,2.57930877647488e-42,0,5.869759007363791e-45,0,1.5563366634865e-42,0,3.8670326054206896e-42,0,3.00994896871679e-47,0,0,0,8.27538463183947e-48,0,4.586067701426671e-47,0,0,0,0,0,9.34198976216545e-47,0,3.66998174160096e-43,0,4.130761932975021e-44,0,5.37064452034058e-42,0,0,-1.58E-46,9.03888490371137e-41,1.41577468812983e-46,-7.33E-38,0,0,0,0,0,0,0,0,0,0,0,0,0,0
1.18208470107958e-32,4.02435800246954e-20,-2.31E-31,-2.54E-25,0,4.73996509891619e-23,0,2.68573637966985e-36,0,-4.31E-43,0,0,0,-9.80E-28,-1.32E-30,1.98084255691433e-27,0,0,4.33222285929297e-48,-3.19E-44,0,0,0,0,0,0,0,0,0,0,0,0,0,4.98065363062885e-30,3.90462465999005e-26,1.28609614837744e-26,1.65639848209405e-30,4.36941190497857e-27,4.77373672127821e-47,1.63394941621528e-32,0,1.44551489802723e-38,0,0,8.48602032024126e-29,-4.85E-26,1.9649767059587698e-18,1.50066496497974e-09,1.4372259869747e-38,1.92833164554576e-32,1.2553522756951e-22,7.44740742491425e-09,-2.22E-33,8.750158734059609e-13,3.76042389172479e-44,-4.12E-30,0,1.6617121440255298e-33,-4.48E-28,-5.02E-15,-4.38E-26,6.216564606909579e-11,-2.54E-33,-4.14E-17,0,8.49679284105867e-18,-3.32E-40,4.700830879976e-15,-1.51E-21,1.2833136202667299e-16,-3.45E-24,2.14200058469618e-22,0,-6.53E-33,0,1.55179599655262e-38,0,9.82953319394074e-43,0,7.235147158974989e-30,0,-1.26E-21,0,-2.24E-43,0,-1.00E-22,0,0,0,2.78930794101083e-33,2.6661277927655203e-46,-4.42E-40,-3.77E-47,-1.75E-44,0,-1.09E-42,2.65249450814604e-43,3.51876312443078e-39,-1.11E-46,9.60868975888839e-40,0,0,0,0,0,0,0,0,-1.01E-47,8.872121480380948e-42,-5.19E-37,1.96356984612227e-40,3.1125619820019e-44,0,0,0,0,1.81531846514806e-45,-4.76E-47,-2.93E-39,0,-1.37E-45,0,1.2099491136266896e-40,0,-6.29E-37,0,-1.71E-40,0,0,-4.13E-46,-5.67E-42,0,5.22821501573737e-41,0,-1.12E-37,0,-4.58E-40,0,5.061045458938398e-35,-3.27E-45,-2.55E-33,-2.21E-46,9.09364286071035e-38,-6.55E-48,-1.81E-33,0,0,0,0,-1.09E-45,1.78777290007669e-46,0,0,0,0,0,-1.40E-46,0,-2.58E-46,0,-4.21E-46,0,0,1.13618794404715e-46,0
-1.94E-23,7.16744171993916e-06,3.0361139696821706e-21,4.74818505262482e-07,1.08455273370208e-33,1.11889166374134e-06,-2.96E-46,6.5197808051903e-17,0,-6.55E-23,0,-4.30E-37,-5.32E-49,6.17338067279505e-16,-9.93E-16,7.1312035843703e-11,0,1.24600783293008e-45,-2.40E-30,4.62347805947061e-21,0,0,0,0,0,0,0,-2.08E-46,0,-8.10E-40,0,2.00266234611796e-42,7.63624701361075e-48,-3.27E-17,-1.07E-22,8.226371683235071e-15,-5.70E-29,1.24464995816515e-27,-1.88E-44,4.22592857569201e-29,0,-7.18E-32,0,-4.09E-38,1.42110097104108e-34,-3.11E-25,-4.36E-25,5.4720711018522586e-11,4.67043668214469e-40,1.61404876111811e-29,5.24152982948172e-24,3.59679047385173e-08,1.16685253824697e-34,2.8953666423180897e-12,0,-1.07E-30,0,1.92921295334069e-31,1.2318877547514201e-17,2.40896836492496e-05,-2.62E-18,7.90529058514771e-05,-2.94E-32,1.37542881701235e-05,2.92309074564572e-46,8.9861049125025e-07,2.14885167648534e-36,5.14305580624917e-06,1.73994244670073e-12,5.10556400474119e-08,7.28114147347662e-12,7.65965962678665e-08,2.32663492523771e-39,6.633073117765769e-26,8.794392270144449e-49,4.66738502036929e-28,0,-5.88E-33,0,-7.90E-21,0,-1.41E-20,0,-4.73E-31,0,-8.49E-21,0,-4.87E-39,0,-7.49E-30,0,-5.70E-38,0,-1.82E-42,2.57591629471474e-48,-4.08E-43,-6.86E-45,3.5981710668183397e-40,2.06803197214406e-48,2.6323651089725e-37,0,-7.73E-45,0,-1.19E-46,0,0,0,-7.18E-45,0,-9.17E-42,-8.53E-38,-3.49E-43,0,0,0,0,2.69404634403819e-41,2.7332306593280095e-36,2.47052538828003e-39,-4.39E-32,-7.76E-44,3.62692513955203e-35,3.59660246021964e-41,1.52229857973057e-31,-6.93E-43,3.54486263640351e-32,6.311948747056239e-42,-1.70E-36,0,4.55597163213606e-43,-8.40E-41,-1.89E-36,-1.02E-41,-3.08E-36,0,4.54675778156809e-35,0,1.42403294622865e-39,0,-7.10E-33,1.05238409521715e-40,2.15604032405442e-30,2.2022399445887894e-40,-2.63E-33,1.27504540156335e-41,6.877904605085751e-31,0,0,-6.50E-45,2.28159863868688e-40,-4.61E-32,1.30556979231188e-32,0,0,0,-2.16E-47,0,4.813719724671361e-44,0,-1.43E-42,6.04007958760697e-48,1.30425998733541e-42,0,0,3.78729314682383e-45,0
1.9860958770508e-11,-1.00E-15,2.71689002010661e-13,-6.34E-18,1.84812033903033e-27,-4.83E-28,-7.87E-44,-6.40E-43,-7.62E-49,2.2801230242384295e-48,0,0,-1.91E-40,3.92355643060506e-31,-6.03E-14,-2.99E-16,0,0,1.54572872748803e-32,1.26250961779828e-36,0,0,0,0,0,0,0,0,0,0,0,0,-6.53E-39,1.03850267786577e-33,-1.10E-15,2.66894397704247e-18,-9.16E-22,-3.85E-22,2.58495675737703e-34,-1.50E-34,-4.20E-41,3.58442816531908e-41,0,0,-1.14E-25,-8.33E-24,-3.50E-17,-1.44E-15,-1.08E-30,-6.39E-29,2.32509289929355e-14,9.09200980895172e-13,-5.98E-27,-4.09E-15,1.9922281914091e-39,2.01205927346617e-33,-7.36E-44,-1.04E-35,1.1482038666048702e-09,3.676680047669209e-09,1.92264255694768e-08,5.4346358997568194e-12,3.23115667706614e-21,3.31640811666082e-16,1.67191391182647e-37,-3.95E-21,-6.95E-29,4.66615016334848e-13,6.626141063489461e-09,2.50423972666735e-10,6.68945589804621e-08,1.9730636479418e-10,9.9375069538387e-33,6.88539744390835e-38,1.35996482065514e-44,7.083160610353472e-45,-3.62E-45,0,3.33955939729546e-41,-3.47E-35,-1.69E-41,2.87874944616731e-25,0,0,9.593086903769128e-42,8.696901737484251e-25,0,0,0,2.05694969847078e-35,-9.37E-43,1.5966890422432497e-42,-2.16E-44,2.29183786982364e-45,5.987302485588069e-40,1.31617194350037e-40,-1.35E-36,1.99328435609904e-35,-2.85E-40,-2.53E-38,0,0,-8.91E-48,-5.96E-46,-5.44E-48,1.23414728780152e-47,0,0,-5.26E-45,-9.99E-38,-5.44E-31,7.72015866726123e-36,-2.20E-41,1.14583541095202e-44,1.40733854391242e-45,-9.04E-46,-3.96E-39,1.3049404047639896e-40,3.75527266013998e-33,-6.45E-37,2.04333389118136e-41,5.48187959243868e-45,1.41485191499246e-36,-2.68E-40,1.4392996866918596e-34,-6.34E-39,1.70131506033468e-37,-2.68E-39,-3.33E-45,0,1.49180932433615e-36,-2.27E-38,3.60555601067792e-37,-3.11E-39,-1.40E-41,1.07834988553459e-42,-2.61E-40,1.29489811777047e-42,-9.82E-38,4.1853181319449295e-40,2.38446064158045e-33,-6.60E-37,2.1236051324318904e-35,-4.62E-37,5.75699547353835e-33,-5.28E-37,0,0,0,0,-1.32E-35,-4.42E-39,0,0,-1.97E-47,0,3.43904324312385e-45,0,2.5652004829287202e-45,0,-2.00E-43,1.34074853068115e-45,2.86098436466317e-45,0,-1.92E-42,-1.38E-45
5.12210248162424e-22,4.96607102079234e-12,-2.15E-25,-2.60E-21,2.62250143284633e-42,4.2799968907199596e-27,0,4.83116297319509e-36,0,-3.53E-41,0,0,1.17040688512077e-43,1.6822120379036502e-25,-1.07E-23,-4.17E-18,0,0,2.18022920724809e-43,-1.06E-38,0,0,0,0,0,0,0,0,0,0,0,0,2.20055050036384e-43,-3.73E-27,-1.58E-16,-1.29E-15,-2.29E-17,4.40671222916305e-14,1.9737081856671e-35,-4.73E-27,-2.16E-41,-7.42E-28,0,-1.66E-42,2.36943578932785e-05,0.0003097453611831,0.0007487858070104,0.0071716614003858,2.2845186822474e-14,3.91635021098929e-09,0.0003390666735499,0.0092471676758449,1.59369954918641e-09,0.0053715193769128,2.46129991636469e-19,9.95160069698033e-07,7.06680635076362e-27,5.650075368325e-10,-9.58E-13,0.0003589916079064,6.92628714887166e-05,0.0072557043884859,3.53676248508803e-16,0.0002419023844209,-2.40E-38,2.20995781055871e-16,7.99690327688328e-23,0.0030342897080448,0.0001854477339124,0.002912304161428,2.05283262708878e-10,1.64547861056776e-06,-3.42E-40,1.2949243298155e-29,-1.76E-49,-7.28E-36,0,-4.55E-38,-1.01E-44,6.44201288152177e-27,7.93725569566057e-44,7.82796482397181e-16,0,-4.22E-44,-2.64E-33,5.63966907645981e-06,0,1.23956477467654e-47,-5.57E-43,2.5387086443080203e-15,6.70248988945172e-23,6.565613981749831e-20,1.9090661861827704e-25,4.62796585047793e-24,-4.23E-35,2.75449603472897e-32,7.80596075706289e-24,8.81404699034478e-24,4.35916014392495e-21,-4.02E-19,3.5242757801238e-35,-1.53E-33,-5.66E-35,-6.52E-33,-1.60E-41,-7.39E-38,0,-4.08E-43,-6.83E-36,-1.85E-31,1.14782038205478e-19,2.04750689369808e-17,2.99595053545567e-21,-2.05E-32,3.54615594412033e-36,1.01090720052635e-36,-1.08E-41,5.94514102543499e-38,-5.26E-39,-2.13E-33,5.174366754162951e-46,1.18523779428418e-39,-5.39E-42,3.3943944179783704e-35,-2.53E-41,8.44785585941356e-33,-2.53E-40,7.912718230409429e-36,1.6990743879938402e-44,-5.33E-42,5.39057635568029e-38,1.48789898040997e-36,-6.12E-40,-6.67E-36,-1.03E-43,-1.54E-32,-1.71E-42,-5.15E-34,-8.16E-41,4.1016289444433794e-30,9.67082142744054e-38,8.20866496885225e-30,1.19312736562964e-38,6.94555272665215e-33,-6.25E-40,4.19868294617498e-31,0,0,0,0,1.76166193483291e-39,-3.60E-40,0,0,-6.87E-43,-1.18E-40,-1.42E-44,1.45395960834376e-38,-2.04E-46,1.68992748500952e-38,-9.12E-41,1.4339828935028e-38,1.3920017248255599e-40,3.40134358842462e-38,-1.63E-37,-2.74E-40
3.87193615672763e-26,-5.55E-21,-1.76E-30,1.88250097005512e-26,1.32365923842075e-43,1.20538206916445e-33,0,-1.13E-48,0,0,0,0,0,5.52994776198118e-43,1.50771437048118e-28,8.39276679790304e-26,0,0,4.8585293931449104e-46,7.121231020742e-43,0,0,0,0,0,0,0,0,0,0,0,0,0,7.83401052492099e-45,2.88205231388885e-26,-7.37E-28,5.4184454647218695e-34,-1.00E-33,0,0,0,0,0,0,-2.25E-36,-1.91E-35,3.19479823004997e-26,1.1425873809011e-22,-1.49E-42,6.91696229653302e-43,-2.21E-24,1.15039674270802e-21,1.95487556764383e-32,-1.39E-24,0,2.42887500284414e-41,0,3.26313188811e-44,1.06446089049557e-18,5.322233267118e-11,3.2977811285287e-18,2.02899817569289e-08,-7.03E-29,1.15094047719661e-17,0,-1.68E-30,-1.46E-34,-4.68E-18,1.0122213002388802e-15,-1.95E-12,-8.69E-17,6.70082592281543e-14,2.20885634351327e-49,-1.13E-46,0,0,0,0,0,-2.20E-46,0,-7.83E-40,0,0,0,2.4548024159854597e-34,0,0,0,1.10307441667402e-47,0,0,0,0,0,0,0,0,0,0,0,0,0,0,0,0,0,0,0,0,-9.21E-46,-1.42E-48,0,0,0,0,0,0,0,0,0,0,0,0,0,0,0,0,0,0,0,0,0,0,0,0,0,0,0,0,0,0,0,0,0,0,0,0,0,0,4.51658182716263e-47,0,0,0,0,0,0,0,0,0,0,0,0,0,0,0
6.76214661989687e-13,0.0001324848251132,2.61738454284889e-14,1.69263778937338e-07,-3.10E-25,-8.02E-19,-3.83E-44,8.85295858216457e-34,6.09501111410557e-48,1.88888553553987e-38,0,0,2.0826195640757e-43,1.68176431458783e-29,1.44885712218023e-11,2.35362733820978e-07,0,0,-9.96E-30,-4.42E-27,0,0,0,0,0,0,0,0,0,0,0,0,1.10184135959722e-41,1.69218736490341e-32,-5.74E-23,-1.78E-20,1.77904728512043e-29,-8.01E-28,7.944048631794128e-41,-1.92E-35,3.3671282118234404e-47,2.56916209282326e-40,0,0,3.77936968046956e-42,2.16705832267655e-34,-3.08E-39,-1.51E-30,1.04984595347728e-43,-1.09E-37,3.86842885671182e-39,7.78464622896611e-30,1.89109424655865e-37,-3.25E-31,0,2.09116414513499e-42,0,-1.52E-39,2.92826971236313e-11,0.0001201900854975,-5.53E-20,8.90296840345487e-10,2.1079730883772e-29,2.71476703458197e-13,6.638098088754409e-40,-3.99E-18,-1.84E-37,1.1893510609362e-22,9.5154627516107e-12,1.05852621604835e-13,9.28588432335086e-07,6.57337269942879e-05,-1.65E-36,3.18604386380856e-33,2.5679625428821804e-47,-4.33E-39,0,-1.18E-44,-4.37E-44,-1.70E-32,-8.33E-46,8.049103004595468e-29,0,0,-7.80E-49,2.2034939358118497e-30,0,0,0,-8.26E-40,0,4.10784717874675e-47,0,0,-4.12E-47,7.921228819169452e-45,-8.19E-44,-2.78E-41,0,3.52725169160758e-45,0,0,0,0,0,0,0,0,0,-2.36E-42,5.02362995561349e-40,4.72135601187607e-49,0,0,0,0,-9.54E-42,-8.18E-41,4.72488648905816e-38,-2.44E-36,5.66293357215259e-45,9.44244230968006e-43,1.5672068666641596e-40,1.88513053083232e-38,3.14486111783682e-39,-2.07E-36,1.93912115228507e-41,-1.27E-40,0,0,9.16765244524074e-41,-1.21E-39,1.59852459541553e-41,-1.55E-40,-8.00E-46,1.72222060774867e-41,3.52385349116976e-45,6.2011144673910894e-43,-1.58E-43,-2.59E-39,-4.36E-39,-1.14E-36,1.32755009639411e-39,-5.73E-38,-7.14E-38,9.885969946764428e-36,0,0,0,-6.00E-47,-3.34E-36,-2.90E-40,0,0,0,0,0,0,0,0,0,6.34332638171728e-47,0,0,2.8404698601178703e-46,0
0.000102561158548,-3.74E-21,5.0026873213023515e-09,-1.79E-24,4.64067932032e-16,-2.22E-38,2.98220405291814e-20,5.39635130561112e-46,2.4279420866009106e-21,0,-1.83E-37,0,-4.82E-19,1.91046673615734e-45,1.37126351170516e-13,-1.07E-15,2.69490465263062e-43,7.365563544414278e-48,1.19216132064896e-28,3.1216053605902e-33,0,0,-2.94E-47,0,-3.18E-49,0,0,0,-3.05E-43,0,-6.46E-44,0,-4.35E-21,1.4934160252381e-43,2.6093865122631e-16,-6.33E-19,-3.46E-19,-7.09E-22,-4.97E-27,-2.76E-37,1.66775482611635e-29,-9.31E-45,-7.60E-38,0,4.49117020510089e-26,2.6338398649548e-31,3.67603396217253e-16,8.44667082883556e-21,-3.26E-30,-2.83E-34,2.22322733649642e-12,-1.18E-27,4.28723571970125e-10,-1.09E-34,1.09827086803746e-26,0,3.16040729763467e-31,0,0.0010006818736153,-1.54E-17,0.00168599920848,-4.93E-17,0.0005915935088905,2.73886238518157e-29,6.34573528757813e-06,-3.39E-34,4.61269645740774e-05,-2.99E-30,0.0001109835430485,7.11316353231457e-10,7.64296348530735e-05,8.45794053719312e-11,4.88182037773757e-25,-2.55E-33,3.62236041551229e-28,1.46444675375139e-45,2.00894860419624e-30,-3.82E-47,-6.45E-21,-3.34E-46,2.8485684310815e-14,1.11532829061192e-49,4.44405889737915e-29,0,5.69918315644533e-14,2.26848895194338e-47,2.40384059328389e-39,0,2.29670696672435e-25,0,1.2970223741675e-33,5.4903593532364e-48,1.91651686344456e-41,-4.96E-49,2.60774325002289e-39,2.24891479629636e-43,4.16871937705131e-36,2.26226722720566e-39,-8.29E-36,9.1327187825907e-44,-1.29E-42,0,6.915523025450381e-47,0,-4.03E-49,0,1.21640491694863e-48,0,-2.00E-44,5.24545780981856e-38,1.94018721756632e-33,1.2265015236599e-38,-8.15E-44,-4.97E-47,0,1.25115934314716e-47,-6.71E-32,6.66222863150326e-34,1.6482889079112e-27,-1.48E-32,-5.75E-32,1.10954982413011e-37,8.40211503448617e-29,-3.82E-34,-5.22E-27,-1.58E-33,-9.66E-32,3.76850746364319e-34,1.40613066691673e-39,1.97407921161759e-43,-2.26E-31,2.3453070977487698e-33,-2.49E-30,1.78565570681345e-34,-3.25E-32,2.01099478543815e-43,-3.05E-33,2.39953923877936e-43,-3.37E-29,1.87192647691914e-41,-2.96E-27,-3.86E-33,-2.54E-28,-7.88E-34,-5.33E-26,-1.86E-32,0,0,-1.01E-44,1.70296688372808e-47,1.50287943641675e-29,2.34188426467622e-33,1.07321959641666e-43,5.873002784261601e-48,-5.13E-46,-2.16E-47,-4.84E-41,0,-3.57E-39,0,4.9866429875127e-40,6.28548677843671e-43,-5.84E-46,0,-6.89E-41,-2.59E-46
1.87646202191392e-27,2.46456959915344e-17,-6.23E-27,4.6716708898098e-23,-1.83E-43,-1.62E-31,0,-2.68E-46,0,0,0,0,0,-1.83E-44,-1.28E-24,2.22343264465013e-22,0,0,-6.31E-45,1.15314564494796e-40,0,0,0,0,0,0,0,0,0,0,0,0,0,4.29988829625094e-46,-9.02E-34,1.51543747989048e-33,-1.35E-41,1.67122889862933e-40,0,0,0,0,0,0,7.75740956778575e-50,-2.46E-44,-1.57E-44,3.04973187983469e-37,0,0,-2.33E-45,-2.77E-33,3.96998799234443e-47,1.08385810759293e-36,0,0,0,0,-2.14E-24,-5.49E-16,-2.60E-29,-5.79E-18,2.08102019584013e-41,3.00808159045181e-24,0,7.968380638342821e-31,-1.79E-48,-4.83E-27,-1.73E-23,3.2981459332080204e-23,2.13028966533176e-21,-2.07E-19,0,7.392547584363038e-48,0,0,0,0,0,1.82900401970107e-47,0,-3.17E-39,0,0,0,1.12670471560623e-38,0,0,0,0,0,0,0,0,0,0,0,0,0,0,0,0,0,0,0,0,0,0,0,0,0,0,0,0,0,0,0,0,0,0,0,0,0,0,0,0,0,0,0,0,0,0,0,0,0,0,0,0,0,0,0,0,0,0,0,0,0,0,0,0,0,0,0,0,0,0,0,0,0,0,0,0,0,0,0,0
-5.74E-19,0.0018719883878236,-1.81E-20,9.76775670166194e-08,-1.89E-37,1.45536981254093e-10,-1.52E-48,2.7898753108519103e-23,0,-6.44E-28,0,-4.08E-36,-7.44E-35,5.36650383858486e-06,-3.30E-17,9.29829612787254e-08,-6.07E-43,1.7355324835261e-37,1.8608680602113101e-37,-1.16E-32,0,0,0,-2.29E-41,0,-1.80E-43,0,-2.04E-44,0,-1.76E-36,0,-2.58E-39,-2.38E-36,1.48891805217119e-08,9.981679995812591e-10,5.91559597867263e-06,3.33646138776304e-11,5.59861238061972e-07,-4.45E-24,1.652341006935e-11,-6.79E-34,1.7177603340423698e-18,-1.69E-46,-5.40E-32,1.59100215257086e-08,5.63457209105104e-05,0.0008653976492238,0.0067086821352111,1.15953876952543e-15,3.4422160029437e-11,8.22564271856415e-05,0.004411115617447,1.2675150742162e-16,0.0009037975591692,3.79070673719523e-26,5.45328995721846e-19,2.15992085196296e-32,-8.36E-16,2.03610026939917e-10,0.0098059569599877,2.2146416338793e-05,0.0120587876020158,1.18466170132117e-17,0.0081237108913798,1.62859693916449e-34,0.0065422319781674,-7.38E-22,0.0068550535679584,0.0014350245312185,0.0078498564574567,1.30084912926921e-06,0.0008504826347485,-8.20E-33,2.64666470166244e-16,-1.02E-41,5.32865331269636e-21,4.15857797454882e-42,1.6607329733807402e-25,-6.21E-36,2.70269589212539e-08,-2.72E-36,0.0017777805817148,0,-5.76E-28,8.950145374176049e-30,0.0004159122233911,0,-3.73E-34,1.25006387494477e-43,9.00531138115219e-16,-2.68E-29,-8.77E-24,-5.52E-31,3.95358912751846e-30,4.81701484158839e-31,6.44632783803099e-27,-2.95E-23,5.472050924235841e-20,9.99370278475827e-27,-1.10E-22,1.16606239769871e-39,6.976841315834149e-33,2.86236353142928e-37,2.51900366489244e-33,-7.32E-40,-4.65E-36,0,1.99734220858148e-37,3.22153564994457e-32,3.0698442983114403e-23,-6.84E-16,3.23212173581111e-22,-4.68E-28,1.5730191138767e-32,3.15892441474669e-35,5.84976009420252e-34,5.265491842683139e-34,2.35443848425133e-30,3.1306747405554097e-30,2.71439037709927e-24,-2.57E-37,-2.24E-30,1.54131401920255e-33,-2.17E-25,3.0840935011122895e-33,6.87909496315988e-20,3.71635379350039e-32,-4.23E-26,-1.37E-35,5.7651365950081e-33,6.894593179143881e-31,-9.02E-27,4.64984718933754e-32,-4.98E-27,-1.12E-35,3.80356137928423e-20,-3.18E-34,4.62895802353635e-23,4.17578335076268e-33,6.43393249693848e-18,-1.03E-27,1.33704011654563e-16,2.74242664281037e-30,4.91013727491083e-22,1.45230010169989e-31,6.39371647007121e-18,1.87813643766543e-47,6.236839755991141e-47,-2.79E-49,1.24478769834409e-43,-2.25E-32,-6.45E-33,7.075249942495039e-43,-1.07E-38,-3.35E-36,1.7190044981057596e-34,-2.23E-38,3.05283293727491e-31,-6.71E-39,1.35981090433397e-30,-5.41E-33,-2.71E-30,1.09092682034609e-36,1.99334188323065e-34,4.93929614350438e-31,3.4928584903529103e-35
0,0,0,0,0,0,0,0,0,0,0,0,0,0,0,0,0,0,0,0,0,0,0,0,0,0,0,0,0,0,0,0,0,0,0,0,0,0,0,0,0,0,0,0,0,0,0,0,0,0,0,0,0,0,0,0,0,0,0,0,0,0,0,0,0,0,0,0,0,0,0,0,0,0,0,0,0,0,0,0,0,0,0,0,0,0,0,0,0,0,0,0,0,0,0,0,0,0,0,0,0,0,0,0,0,0,0,0,0,0,0,0,0,0,0,0,0,0,0,0,0,0,0,0,0,0,0,0,0,0,0,0,0,0,0,0,0,0,0,0,0,0,0,0,0,0,0,0,0,0,0,0,0,0,0,0,0,0,0,0,0,0,0,0,0,0
-1.21E-24,1.5980324148611002e-10,-2.73E-29,-2.94E-20,-7.73E-43,-9.02E-19,0,-2.65E-29,0,3.06224851844606e-33,0,3.217515151002561e-44,7.90515119648013e-43,1.0962131995242e-17,-1.93E-23,1.1729061784711499e-16,-1.20E-47,9.21569427318432e-40,-5.70E-42,1.16337830676664e-38,0,0,0,1.8380937759285e-42,0,4.40551538941152e-44,0,2.08140396900098e-47,0,-5.04E-42,0,-9.32E-49,-2.80E-42,1.65733028138583e-20,-4.82E-16,-1.04E-14,3.91405969205549e-17,5.90959616979068e-16,-1.20E-32,3.01960701324567e-16,-2.47E-37,-7.82E-17,0,1.77565411460661e-32,2.92386160057808e-09,0.0001485844553776,6.09286428651147e-07,0.0011159468910959,7.56284606117966e-17,6.82769618979834e-08,4.56053847483774e-09,0.0051702802162821,-1.52E-22,0.0073639274537205,-1.65E-27,7.54067392527803e-10,-5.02E-32,3.3662525402874703e-09,4.86276876579164e-17,0.0002236447496613,5.54327234110951e-10,0.0065090592925487,-1.20E-24,0.0053011410963255,1.90834294649527e-40,1.49551955586738e-05,1.58311964146749e-28,0.0013589666517833,7.15543879080335e-06,0.0008797042945473,-8.80E-15,5.76996648841894e-09,-2.48E-38,-3.23E-26,6.45508392628603e-47,-2.83E-27,1.79347073079115e-48,8.494307961843989e-30,-2.15E-44,-2.53E-21,1.42674735052525e-43,1.08787994834074e-12,0,3.18180690965498e-39,1.02037324522427e-35,9.57494704839767e-06,0,1.38956657400144e-42,-1.74E-45,2.33337449057287e-14,-3.75E-29,6.41838693491482e-20,1.44658956812028e-29,6.56797234835742e-25,-2.32E-32,-9.31E-26,1.47295956483588e-26,-1.56E-19,-2.98E-29,1.5493036860407e-19,7.93377858897573e-38,1.2720253554388698e-30,-3.26E-36,-6.79E-30,-2.50E-39,3.43593758193374e-31,0,2.05648366389993e-35,-1.04E-32,-4.17E-24,-1.28E-20,3.0755376928942403e-20,1.30841717279773e-24,7.83983079657359e-29,1.2536841025710098e-30,-2.59E-31,3.21655246974352e-39,-1.31E-34,9.34540904338392e-37,-4.14E-30,1.90059154472759e-43,-6.02E-36,2.93139168142409e-40,5.0694287319972094e-30,5.379944710420269e-40,-2.10E-25,-6.74E-38,-8.77E-30,-1.43E-41,3.42964017249139e-36,-1.84E-36,1.68059361892372e-31,5.36911924483509e-39,-2.69E-33,2.51955393209575e-40,5.20115336681122e-24,-1.79E-39,-2.99E-26,2.55091257187274e-37,-1.22E-22,5.24347319259669e-35,-8.52E-23,7.67700489580924e-37,-3.10E-27,2.56149107005728e-38,-7.27E-24,0,0,0,-5.95E-48,1.4096749903764202e-35,2.49481864180396e-38,5.40207580695766e-48,6.44862753315264e-43,-5.26E-40,5.721961188571371e-35,1.98401028641147e-41,3.35628642383609e-32,1.38810977289588e-45,-6.38E-32,-2.52E-37,9.01940421419145e-32,5.87860636796177e-39,7.645819670459689e-36,-6.82E-33,9.60427817015612e-37
8.65366903697573e-16,4.8866482541159e-05,-1.70E-20,2.95090925109828e-05,3.6881068316028597e-34,1.65876670611864e-07,0,-1.17E-18,0,-2.42E-24,0,7.132646791201769e-40,-2.69E-45,5.48454375152932e-23,-2.30E-18,2.08832022164584e-10,0,0,2.7848853412356903e-31,-1.91E-25,0,0,0,0,0,0,0,0,0,-6.05E-45,0,-1.23E-45,-8.93E-45,1.42102669044911e-25,4.31843651461886e-17,1.35062378006354e-14,1.3336729147824e-26,4.0887461340241516e-23,1.23589036635643e-44,5.443337707680889e-30,0,1.33257813941769e-33,0,-6.86E-46,-1.67E-29,9.11450038073162e-24,-1.96E-22,3.2896731581802902e-09,-5.66E-35,4.9087190436472185e-28,1.23319525599625e-21,7.21359361951656e-06,1.26751124624296e-30,1.35713113021619e-09,2.2337382534402e-48,-1.87E-28,-2.28E-49,-4.78E-29,9.06874832337466e-07,0.000698052314936,5.84910005425826e-07,0.0054509261396845,-2.72E-25,0.0016471609554066,1.23565262964696e-41,3.40078135984946e-08,-2.54E-32,0.0002715043211661,0.0001359307106088,0.0013828303622981,3.48262189821885e-05,0.0007064911263531,-5.15E-43,2.70714464039242e-29,0,-1.26E-32,0,3.59935639025247e-38,-2.57E-47,3.70735002616394e-26,2.14375472819726e-46,-6.65E-19,0,2.94494676868085e-32,-7.57E-46,7.03911816790057e-20,0,3.1316386307378996e-41,0,-2.81E-29,1.71272803082958e-45,7.8044525373491e-35,1.0764990842622e-46,2.62314594897571e-41,-6.44E-48,-5.40E-43,1.6744862709398197e-42,7.642242762443811e-38,-2.02E-42,2.2731328427690798e-34,0,2.37813994998945e-46,0,5.26701220884653e-47,0,0,0,0,0,-4.19E-41,-4.18E-37,-1.60E-38,6.67527303769824e-43,2.88333017350785e-48,0,0,1.42996138745873e-43,1.00455352765516e-39,-2.90E-42,-1.27E-34,-2.22E-48,-2.26E-40,2.1926312675881504e-44,1.01603381950498e-35,1.9628581607186802e-44,-5.16E-34,-3.41E-44,-1.93E-39,0,0,1.29518513811382e-42,-2.75E-39,-3.52E-44,-2.14E-39,0,-6.79E-37,0,-5.09E-41,0,-2.51E-35,3.73417481670601e-42,-3.02E-32,2.60636246325076e-43,6.18016636396193e-37,5.9910747848818e-43,-1.31E-32,0,0,0,1.83541986357359e-46,-6.42E-38,-4.26E-36,0,0,0,0,0,0,0,2.51918825047158e-47,0,-6.05E-47,0,0,-7.57E-47,0
0,0,0,0,0,0,0,0,0,0,0,0,0,0,0,0,0,0,0,0,0,0,0,0,0,0,0,0,0,0,0,0,0,0,0,0,0,0,0,0,0,0,0,0,0,0,0,0,0,0,0,0,0,0,0,0,0,0,0,0,0,0,0,0,0,0,0,0,0,0,0,0,0,0,0,0,0,0,0,0,0,0,0,0,0,0,0,0,0,0,0,0,0,0,0,0,0,0,0,0,0,0,0,0,0,0,0,0,0,0,0,0,0,0,0,0,0,0,0,0,0,0,0,0,0,0,0,0,0,0,0,0,0,0,0,0,0,0,0,0,0,0,0,0,0,0,0,0,0,0,0,0,0,0,0,0,0,0,0,0,0,0,0,0,0,0
0.0027473008976163,0.0004698530367394,0.0008597647301018,7.21647383221136e-06,1.10317465415867e-05,2.09889984396275e-27,3.5448516225723e-18,-1.52E-37,-2.33E-20,-4.53E-43,2.26339431251952e-38,0,2.11857647874025e-16,-6.84E-37,0.000292889441781,0.0007337567684441,-1.24E-42,-1.76E-43,3.85372247155325e-23,-1.82E-26,0,0,7.11339889460661e-47,0,-7.01E-48,0,0,0,-6.20E-45,0,-4.50E-45,0,2.872223521076769e-16,-3.39E-35,0.0021213537161185,0.00017586876771,1.41610681950774e-05,1.82807782428197e-07,5.114387842016641e-21,-1.32E-28,-9.89E-27,-2.46E-38,3.01448142698102e-39,0,-2.02E-18,-2.35E-18,2.02764537922768e-14,7.70701325822756e-17,-1.25E-22,3.86538738733167e-23,8.796540225586781e-15,2.07545250257389e-21,2.28102485489386e-11,1.2924474350242e-26,-1.44E-33,-1.11E-42,-2.92E-28,7.57111974070094e-38,0.0034945390812286,0.000438000033339,0.0010229909964297,1.95896512778135e-06,8.50922889101618e-05,1.56099414595166e-15,1.70881941237119e-08,4.85237011225462e-20,1.58524011555437e-12,8.510076621070601e-21,0.0009739264587572,0.000457271481334,0.0122376209193439,0.0048357936019041,1.80937712007364e-17,-6.42E-29,-3.37E-25,6.61455529110334e-41,-1.18E-31,-1.95E-43,1.02833398772438e-18,-2.31E-38,1.04619517751938e-19,1.94568493028581e-35,-1.14E-31,0,1.1291597181156e-24,-3.40E-34,-5.62E-44,0,-1.43E-31,-3.21E-44,-6.96E-36,-7.26E-39,-6.47E-38,-2.54E-40,-2.05E-32,1.85311643450486e-36,2.16911191318576e-25,-5.65E-30,-8.66E-29,-3.35E-34,1.1548823301305e-39,3.01287698331725e-43,9.17450269005451e-39,-1.06E-41,4.13647003875275e-41,-2.27E-45,-1.53E-46,0,-6.14E-39,4.78837205225195e-29,-4.95E-23,-2.82E-27,-2.37E-34,-3.09E-38,-2.95E-40,9.8226991270161e-40,1.24926609611671e-27,-3.66E-30,1.2416777963309e-21,1.16880723000909e-26,4.53078485403279e-29,-1.26E-33,-5.81E-24,9.68095276970732e-30,8.40501646916959e-22,2.69324345091466e-29,-3.91E-26,8.37166412392652e-30,2.2048335375016905e-35,-1.83E-37,-2.32E-25,-4.66E-28,-3.25E-26,-1.32E-31,1.28378731337325e-26,-6.64E-38,2.6473937452526797e-28,-5.01E-37,1.84380621032982e-24,-4.15E-35,-8.61E-22,-9.60E-27,2.17172261587574e-24,4.15057583104832e-27,-4.01E-22,4.83432605275121e-27,-2.98E-45,5.3079487285031e-48,1.467357904836e-38,-5.59E-41,1.82675170460822e-24,7.6444991540664e-28,-1.07E-40,-3.17E-42,2.7589614813004597e-40,-4.51E-41,6.69502383036649e-37,8.93384860944506e-43,3.23594355744782e-37,1.75905468574491e-43,1.51165020776932e-35,-5.26E-37,-1.53E-39,-2.71E-41,1.69587442914082e-34,3.32353351328121e-40
1.92945754875948e-05,6.63826737657831e-05,1.4370794995109e-05,0.0001557450621859,-3.63E-15,4.53976893688456e-07,-3.79E-32,1.0339934751995601e-23,4.24515716179465e-37,1.5127428341987298e-30,0,0,5.02083410041375e-34,-6.44E-26,0.0004544440413596,0.0023425128332792,-5.82E-43,-3.44E-42,4.91641677443952e-16,1.33135758945297e-11,0,0,0,-5.27E-46,0,0,0,0,0,0,0,0,-1.86E-33,-2.39E-27,1.06389275357236e-10,1.11051176876657e-09,-2.52E-27,-3.80E-28,-1.01E-38,-7.22E-31,6.81413616739545e-45,-2.21E-37,-4.10E-45,-6.61E-42,-1.45E-41,2.64199216858475e-39,1.0764037762330799e-41,5.4865076464711895e-36,1.07472491769179e-39,3.3997036676578e-35,-3.16E-43,-1.79E-33,1.34653725125221e-39,-1.15E-35,0,0,7.45710475547475e-47,-3.25E-40,1.28940745595753e-11,2.15509621414363e-07,-5.69E-24,1.38389633407546e-16,2.95774257020218e-27,4.128647214097931e-15,-3.33E-34,-4.92E-16,1.07285176623011e-35,-3.41E-27,-9.71E-19,3.93516574096152e-21,3.71870394474835e-06,2.05438721871648e-08,8.48698591760856e-27,-1.51E-22,-2.17E-34,2.27266731801382e-30,3.5415573269900402e-37,-3.48E-33,4.35947667821343e-36,-1.79E-28,7.39240774942534e-38,-2.11E-26,0,-2.77E-42,8.362947533797351e-44,2.05677789352921e-33,0,0,0,-8.29E-40,0,-2.10E-47,0,0,4.311982824156229e-40,5.10890061945193e-38,-9.87E-39,1.38147633118641e-39,0,-1.26E-46,0,0,0,0,0,1.73213654428284e-48,0,0,-6.87E-40,-1.67E-36,2.4786165636204602e-37,0,0,0,0,-4.69E-47,-1.94E-30,-1.56E-27,9.31453422216266e-28,-5.48E-23,-2.90E-32,9.28603255136305e-29,-2.03E-31,-3.39E-24,8.888137413756521e-31,-2.29E-24,1.08256615558476e-30,1.25207231531143e-26,-1.33E-36,-2.50E-36,2.4302893903164e-29,2.48746117073799e-26,7.17552824459262e-31,9.23052200425358e-27,2.37697473779967e-40,-3.84E-33,4.765981450994821e-39,-1.93E-33,1.74867851555678e-38,-2.03E-30,5.105982788231679e-30,1.47630250878421e-25,3.96546834380415e-29,-1.18E-24,3.0092787067261e-31,-3.74E-24,-2.94E-45,-1.62E-43,1.76961722344919e-35,5.15947081825879e-32,-6.24E-22,2.34050624125274e-23,5.61110804989273e-42,-1.32E-39,2.22609287212736e-41,-1.03E-38,-5.34E-41,2.17580130906396e-36,5.18059053109028e-42,3.32996390461363e-36,-6.89E-39,8.05294799785105e-35,1.2308071511653e-43,-1.40E-41,-1.50E-37,9.41073243452304e-42
0.0004211070584724,0.0002807336977306,0.00011084775779,1.24746571416502e-05,9.94647855166254e-10,1.02730883297496e-16,-5.64E-26,-4.05E-30,9.1607245605637e-30,-3.51E-37,0,0,-1.11E-19,2.93482339994648e-22,0.0003355601329108,0.0002976104990836,-7.68E-46,1.7511627326845e-45,-3.62E-23,2.46678972174894e-25,0,0,-8.22E-49,0,0,0,0,0,0,0,0,0,-2.63E-19,-5.99E-24,0.0002091742917791,0.0001115537869789,1.0586679221004102e-09,4.07201361078398e-09,3.4875129794842697e-22,1.23920086865576e-24,-3.60E-27,8.713321530760498e-29,1.8124625074108398e-40,-1.54E-45,4.706745213030991e-25,-5.09E-18,-2.92E-22,2.5114704562208e-08,-2.00E-26,4.65401333597873e-21,1.82470284394276e-21,3.40551766270304e-06,1.12810912280627e-22,3.31135507806625e-07,5.98361288812995e-41,-6.05E-26,-2.59E-30,-1.75E-24,0.0005010334193336,0.0010201422570017,0.000355324245319,0.0027811547225617,1.48445178161012e-07,0.0022337763073267,8.19084203864286e-15,4.75572548525888e-06,8.35444390217656e-21,0.0011169519423753,0.0005862480203323,0.0006906594647769,0.0019316167473274,0.001837524468909,5.622243777618432e-19,-1.93E-24,1.5916148931494696e-28,1.87766643229251e-35,-1.67E-32,3.24483767103945e-38,5.650643067074631e-21,-2.19E-25,-2.22E-23,2.20706795126486e-11,-1.02E-46,-5.71E-47,-5.99E-30,1.05979105516138e-10,0,0,-2.47E-34,-2.10E-24,1.88406241998412e-41,7.67979438368116e-32,1.3537456894841e-43,1.85292601285773e-38,8.018466306975789e-30,1.2851018542419898e-30,9.71769259993232e-26,1.57184426512636e-24,5.92355358633061e-34,-2.22E-29,-5.99E-42,1.00085177211418e-39,4.39294569570188e-41,-7.05E-38,1.17567789873658e-37,-3.44E-37,-9.50E-42,-2.85E-46,6.558002346557399e-34,-3.37E-27,2.2857017631677e-22,1.2528945847888102e-31,-1.00E-36,-1.34E-35,-1.81E-35,-5.68E-34,-2.04E-30,3.2421929773236003e-32,-8.11E-23,-3.67E-27,-9.20E-32,1.07943385027006e-34,-2.53E-25,-1.56E-29,-3.27E-23,-5.77E-28,-2.96E-29,4.19685858462094e-30,-7.65E-37,4.62216175490367e-38,4.26573060093888e-28,9.78258582740487e-29,7.50970595764471e-29,2.33108105307435e-30,3.05047891864446e-27,-3.73E-33,6.56688303510745e-30,-1.73E-32,1.18115818900277e-24,1.46825653712814e-29,-1.06E-21,1.3597206324633e-26,3.7727610951417104e-25,1.32877407075456e-27,-1.12E-21,8.81927625764917e-26,0,0,-4.94E-42,-2.61E-44,6.83453385664718e-26,-7.93E-30,3.674956542412e-43,3.41221461765599e-45,-4.31E-39,1.5048108512354e-39,-3.15E-36,8.73190177875747e-40,-8.58E-36,-1.68E-39,-2.30E-35,3.01125744111807e-36,3.84889637890046e-37,-2.92E-37,9.088856977207632e-35,1.65989840755396e-38
1.27437992504878e-13,0.002872133694801,2.4014961964245403e-10,0.0010069537498081,2.0123951635108602e-19,0.000378087075374,9.370349130514e-27,1.0669623399674e-05,1.07664730833404e-29,2.67550227942869e-12,-5.14E-41,-8.86E-23,5.16263626161922e-27,0.0019330393245431,0.0001771645307426,0.0036084535384032,3.4682877653806004e-21,1.49100485912322e-19,2.13692851297104e-12,9.15465983173091e-14,1.10742791438369e-32,-1.10E-26,-4.67E-32,1.3136961571082e-22,2.28476846565629e-35,-3.29E-26,-1.85E-42,-1.50E-27,2.0924936218782305e-35,4.752608330116271e-25,0,3.3408220081808e-28,2.25352916271079e-26,0.0006900001180011,1.29114000044805e-05,0.0021576777747092,8.42532573740571e-07,0.0009561624632519,1.53909040073761e-18,7.3068807961871e-05,3.53247136659982e-27,8.85089109919769e-14,-3.46E-27,-1.78E-15,2.04193362864174e-09,0.0001817918561625,4.15898248442826e-07,0.0031432699698922,1.5266829720928102e-14,1.12377833740456e-07,2.1411492722265097e-11,0.0050833221495525,-2.73E-22,0.0029740290981637,-3.66E-33,3.1449770649119104e-19,1.12555230144781e-29,-1.63E-16,4.82372747437261e-13,0.0041811316803772,5.29075056273997e-13,0.0068199245869167,-3.11E-21,0.0096888111603055,3.6305656933998e-30,0.0059925912198298,4.57869024844367e-25,0.011262368703982,8.07712880130128e-06,0.0030419451282187,5.1208193316715e-05,0.0029227583845546,-1.30E-15,0.0016710055341787,-6.19E-21,0.0002406648737473,-8.22E-19,6.74522569968465e-05,1.98227577748722e-26,0.000690585982311,-2.45E-29,0.0003933599810151,4.55075435150938e-35,1.43656195635523e-11,5.88326810476416e-32,8.12479202449421e-05,-1.65E-41,6.7481216245177e-23,-1.73E-39,1.24678010322762e-18,-3.54E-30,2.33134294806935e-24,2.99265617992575e-31,-2.62E-27,-4.39E-23,-2.87E-15,4.0846352445988304e-21,2.8645046456746e-12,2.90957155969472e-25,4.01823214617844e-19,4.0284517266861696e-36,-1.60E-30,-8.92E-33,-1.29E-25,-1.67E-32,1.96360391838135e-24,7.71008214698735e-39,1.68348508177497e-26,3.48967394560863e-19,1.20892687602489e-14,8.43274907172473e-10,2.4290117917632e-18,-4.46E-24,-6.62E-24,-2.01E-24,8.83083696899895e-24,2.0038999400085298e-12,0.000122415355018,4.1482646403271804e-14,0.0021052681649772,-1.91E-15,0.0007725519779012,1.4604185224424702e-15,0.0043136475223545,3.2950219192292704e-17,0.0022030390452786,3.3616890035008304e-15,0.0001554958441836,1.0421998021364401e-15,7.11535746988901e-08,1.05982383729826e-10,3.23338369308933e-05,1.01684383124681e-14,0.0005086056896424,1.26051323481633e-24,2.00164354769834e-07,3.6133017287882905e-21,2.59813398304948e-07,3.5241169382452604e-20,4.10201165096946e-05,1.45200566868284e-14,0.001965510410541,3.1558181425515604e-15,0.0021366013691856,8.832986423064339e-18,0.0038521631383628,3.86756276045148e-26,-4.24E-23,6.16322588984061e-26,-4.19E-24,1.0738098956968e-07,1.67908482030514e-06,1.16219014242494e-19,1.0172163793373e-13,2.7441043258007e-21,-7.42E-17,-2.51E-22,5.12177087788353e-13,-1.65E-21,8.268012923891969e-12,-1.65E-18,4.2220785457993696e-11,-8.89E-25,3.03211328208892e-20,5.7022647339201705e-15,3.06671155427424e-21
0,0,0,0,0,0,0,0,0,0,0,0,0,0,0,0,0,0,0,0,0,0,0,0,0,0,0,0,0,0,0,0,0,0,0,0,0,0,0,0,0,0,0,0,0,0,0,0,0,0,0,0,0,0,0,0,0,0,0,0,0,0,0,0,0,0,0,0,0,0,0,0,0,0,0,0,0,0,0,0,0,0,0,0,0,0,0,0,0,0,0,0,0,0,0,0,0,0,0,0,0,0,0,0,0,0,0,0,0,0,0,0,0,0,0,0,0,0,0,0,0,0,0,0,0,0,0,0,0,0,0,0,0,0,0,0,0,0,0,0,0,0,0,0,0,0,0,0,0,0,0,0,0,0,0,0,0,0,0,0,0,0,0,0,0,0
6.39201340696798e-43,1.34704281695629e-32,5.0354667609208e-48,-3.19E-40,0,1.17011485309432e-43,0,0,0,0,0,0,1.77289785466196e-49,5.5948038766683096e-43,1.43292068630737e-44,9.66135777367884e-39,0,0,0,0,0,0,0,0,0,0,0,0,0,0,0,0,0,-1.16E-43,-1.92E-34,-5.40E-33,-1.80E-31,5.6197215418253695e-30,3.62916756251505e-46,-1.14E-39,0,-2.74E-42,0,0,4.39433406442897e-15,3.51311087058699e-13,7.10499694416196e-12,1.06978701717875e-08,3.77761914945055e-28,-9.28E-20,1.18492996850373e-13,6.99868849225501e-08,3.2390744058388802e-21,3.7318999098531497e-11,-9.26E-29,1.88624935702831e-18,-8.80E-35,-2.87E-24,-6.27E-34,5.64980433485093e-22,3.99772992742737e-22,-8.52E-19,2.68132787528891e-23,5.9182742376756694e-18,-1.13E-41,5.551098097433629e-30,-1.28E-26,-1.01E-16,-5.01E-23,1.59859627358011e-21,5.69261233898968e-33,-2.37E-29,1.36949093297823e-47,-4.44E-46,0,5.60585336946038e-48,0,0,0,3.12199871446237e-42,1.93777117780109e-47,-1.73E-33,0,0,-4.04E-34,1.7489730598433099e-28,0,0,0,6.4714545104613595e-34,-7.94E-35,3.8919532964814695e-30,-2.15E-35,2.90263459496604e-34,0,0,3.0148996653502492e-40,-8.97E-41,-1.18E-35,-1.46E-30,-1.78E-46,2.7306852567549897e-43,-8.24E-47,1.35144019817782e-43,0,0,0,0,0,1.49809868718936e-45,-1.50E-36,2.72122264938796e-35,3.27411562061858e-37,-3.28E-45,0,0,0,0,0,0,0,0,0,0,0,1.69847588352445e-44,0,0,0,0,0,0,0,0,0,-1.57E-44,0,-1.23E-47,0,-4.11E-43,1.9039381308761095e-48,8.2100940836847e-43,0,1.08421633006154e-45,0,4.92906734826254e-43,0,0,0,0,0,0,0,0,0,0,0,0,0,0,0,0,0,0,0,0
