1.12310373137418e-36,1.43513827461266e-16,-3.34E-41,-5.52E-23,6.46653614361199e-44,-1.50E-19,0,2.57255751484438e-20,0,6.61403019113939e-27,0,-4.75E-35,1.34291850185492e-34,3.57114062778712e-06,-1.87E-29,-7.45E-20,2.26187538974112e-45,1.64255563317794e-36,6.57010868387855e-45,-6.24E-43,0,7.36663912320289e-48,0,-2.80E-40,0,-1.10E-43,0,3.7378501224608704e-44,0,-5.96E-37,0,-1.56E-41,1.7101718335176402e-35,3.78765896623823e-07,-1.50E-19,2.4223177254351103e-15,8.06537440967668e-13,2.6933913738060695e-11,8.45062614156854e-27,1.34239295467355e-10,8.79920382776835e-35,2.86853068516394e-19,0,1.45640553337672e-29,2.57896495157853e-09,9.69194760341783e-08,1.6059327354486e-08,2.51790472450859e-06,1.45400404580382e-14,1.5324858985287998e-12,-9.06E-14,2.30357650567024e-05,-3.91E-21,5.255216143985e-05,-3.62E-30,-1.40E-22,6.96323050832734e-34,-1.85E-20,-2.39E-25,2.94899443505203e-08,-1.82E-18,3.52797983005921e-07,-1.19E-27,1.2988975602171e-06,-6.55E-38,4.210507593021e-05,1.73937831231296e-29,4.47335388797046e-05,7.92861974333331e-10,6.93376550064775e-08,-1.39E-20,-6.98E-18,-1.25E-32,2.6643317476143506e-15,2.31257510898994e-38,-1.76E-15,-1.13E-40,7.528723988257071e-20,1.8116508154815095e-34,1.2951433944624e-06,2.15483554444121e-37,1.17675056112508e-06,0,-6.39E-28,3.28823841690111e-30,3.62910190252769e-08,0,-1.10E-35,-1.02E-41,-3.55E-22,7.54320629160339e-31,1.55680850728688e-27,-1.82E-32,7.67526193567054e-32,-2.23E-30,-1.50E-24,-2.48E-24,-4.88E-21,1.90722313228336e-25,8.054838141206141e-23,-1.18E-35,5.05618455895617e-34,-8.82E-34,-5.17E-31,-8.71E-40,2.32887866279763e-34,4.50069819270992e-47,-3.72E-33,-2.38E-30,1.06814654878169e-24,4.68576046646931e-16,-3.25E-21,1.52651667639966e-26,-2.36E-29,2.1727773696718e-32,-1.54E-33,-1.57E-31,2.3599982489171e-26,-2.27E-29,2.82764690227694e-19,3.5360208426635e-35,3.78969830075999e-25,1.35605245446235e-31,1.2198188408086601e-17,-1.02E-31,-3.43E-14,-2.89E-31,-2.77E-21,-4.09E-37,-1.39E-32,-1.18E-27,7.159920489483601e-24,-7.36E-31,-7.45E-23,3.3518920649783103e-35,-5.67E-19,1.07333948064506e-34,-1.38E-21,2.27643137215041e-32,-1.24E-15,1.63514774057501e-27,-2.10E-14,-4.22E-28,-3.95E-16,7.483693797124079e-30,-5.16E-13,1.04340913203635e-48,-5.52E-46,0,1.36345475579753e-45,2.51715103905067e-34,7.742036496835471e-35,-1.25E-43,4.6440884040102895e-40,1.92388162428193e-37,-2.66E-33,1.244507390742e-38,9.625266855386849e-30,3.24063029934071e-41,4.03498511172737e-29,-2.26E-35,1.98517566481418e-30,-3.59E-37,-1.54E-32,2.50142023342328e-31,-4.99E-35
-2.71E-20,3.08913316162754e-05,1.17468821110943e-20,3.29226108392844e-09,-6.74E-21,3.71760572617999e-08,-8.42E-26,3.4090663696249904e-15,1.27546656555913e-29,4.12998902404141e-24,7.2492943941443e-43,-7.83E-41,-3.32E-17,4.43539306342206e-10,2.3200508176976097e-11,4.05554893880599e-08,2.24143693475435e-29,3.28462683702096e-30,4.53893805895318e-21,-2.68E-22,4.90293151085977e-38,-3.89E-37,1.89233735488854e-36,4.19856204027706e-35,1.31453956266961e-36,6.56501617401514e-37,1.91452798088622e-45,-4.00E-41,-7.80E-37,6.554620823234631e-38,0,-1.86E-48,1.97550192911102e-16,4.12856556521509e-10,2.38795632153454e-06,3.76825128407842e-05,6.76189450667339e-06,0.0001034135122577,9.16797900800436e-07,1.48750058424517e-08,1.5295690112456702e-14,-7.97E-18,-1.03E-28,6.14210365430241e-26,2.01399288929735e-09,2.13499921826527e-06,4.1706954150178e-07,2.29219119229034e-05,1.46250846820676e-10,3.38592372078624e-10,3.89510975732131e-08,0.0009846561974619,-6.35E-15,0.0129267702593622,-6.03E-19,6.52909198816728e-08,2.4994018694953902e-19,2.34781653179064e-11,-1.75E-17,0.000100481092276,7.566653770430791e-09,6.05121699693481e-05,1.1814171602208802e-15,0.0013349165826782,-2.36E-24,0.0002478025893605,2.9093769241418e-17,0.0099177662012246,2.15360025851152e-07,1.2074721945535e-06,8.1793720755552e-15,1.8286080564551898e-12,3.78177906307764e-08,1.02968310824181e-07,8.977607092049839e-16,-1.22E-18,1.20426811283346e-18,-5.03E-20,1.53320215962315e-16,1.02835650061703e-12,4.12398255959368e-19,9.98439912483584e-08,-2.65E-35,3.22688398452951e-35,3.79005757130413e-23,0.0001397189925944,-5.33E-40,-5.46E-39,-3.83E-29,-3.31E-18,-3.78E-23,1.27024269733086e-20,-6.30E-26,1.36058738627337e-24,-4.59E-18,-3.67E-18,3.14041593814811e-12,9.59152644862028e-16,-3.98E-19,2.63444814571698e-21,7.33812232299936e-32,-1.72E-32,1.51872186942853e-29,3.4783726063869603e-31,-9.82E-27,4.43131074861851e-28,3.71212492193971e-28,1.8255036236325504e-31,-8.54E-20,6.814927237481181e-15,7.7347751674576e-10,-6.40E-18,3.0049664587468803e-24,7.74039322522326e-27,-1.25E-26,1.57617217928782e-25,1.62712928957813e-09,1.67185190688402e-12,2.44941702478423e-05,1.13627623663131e-07,2.7822951728354302e-14,1.0111251772872202e-15,1.08060797290458e-07,6.209835276615539e-11,8.11709342752863e-07,2.1400002551523303e-09,7.16706844660257e-08,1.54953794376405e-10,-1.10E-18,2.07958415456544e-19,3.91132495335656e-07,3.55055858617284e-09,1.35624414571265e-07,6.37606692816705e-11,4.60243956015891e-12,-9.59E-18,8.11113644643586e-12,5.45458879861636e-18,7.1952808634624e-09,5.664407670017949e-16,2.58627716428705e-05,2.29109451791451e-07,8.7202201774624e-06,4.87797256048302e-08,8.97937057995232e-06,2.38688938701965e-07,9.96289296681129e-35,2.1447366216592397e-34,7.379387329407939e-30,-4.90E-29,1.25224669649735e-08,1.35158406797386e-11,5.79567588658502e-27,6.08195741864812e-28,3.78464989526908e-20,5.0084287608746495e-22,1.01672406918893e-18,1.11356904909988e-21,3.9893283492182603e-19,1.2219745391131e-22,5.47428647664325e-17,-4.82E-19,6.58886166728466e-21,4.00193881418277e-22,2.86643354595559e-17,-3.14E-21
4.81862330952134e-34,-6.01E-18,-1.26E-35,-4.20E-25,5.37659285976325e-45,1.24147860505707e-20,0,-8.76E-25,0,-5.61E-29,0,5.38056546586744e-34,-1.54E-37,2.47265532393229e-06,-4.15E-28,8.35523857529541e-22,3.81616324313132e-40,-6.00E-36,7.897525185386771e-46,7.68971561283194e-44,0,2.6249790742346305e-45,2.0558956342793697e-49,-2.38E-37,0,2.97281483629356e-41,0,1.25386021387032e-41,0,-5.33E-36,0,-2.87E-39,4.92914129721479e-37,1.4756782548885e-09,2.64684466093748e-24,-8.88E-19,5.94667493645994e-20,4.7082934736200886e-12,-7.26E-26,5.75728451521993e-08,-2.62E-32,1.43601773793304e-15,-2.13E-45,7.65455485786278e-28,1.32344044026632e-13,3.06311668992716e-07,4.398412413564e-15,1.08578890713535e-06,-2.22E-16,3.2935362959755104e-14,-1.76E-16,6.6226770095024e-06,-9.28E-21,2.97546958026556e-05,-5.07E-31,-7.82E-20,5.38109502630844e-33,-3.77E-17,4.09619554252668e-24,9.01609402151993e-09,-7.76E-18,3.90375539653523e-07,-4.65E-24,4.2287527403587e-07,-1.11E-41,1.88735714540077e-05,1.08604480637845e-33,3.49100689623527e-05,4.19097587514149e-17,1.97709656770011e-08,1.26219772748469e-23,3.40168554764796e-20,4.3064258384581e-33,-7.33E-20,-1.66E-37,5.559512012565669e-16,-4.59E-38,-1.37E-19,3.2757740502077e-35,5.20373096184426e-07,5.32751902117173e-38,1.5291131729257e-05,0,6.23626462201536e-25,2.16480414491654e-33,3.70601099117961e-07,0,-1.98E-32,6.01756972100386e-44,-3.09E-20,-7.88E-31,-9.16E-25,-3.65E-31,-2.82E-30,-5.92E-28,-5.56E-22,1.00263615422013e-22,9.992474958499281e-19,-6.22E-26,-6.29E-23,-1.28E-36,-3.13E-32,1.51954903562167e-35,6.134890555702391e-31,-1.57E-38,1.02856157715357e-31,-9.54E-45,1.99339517541366e-30,-6.46E-27,4.69505459602442e-20,4.59405937571879e-17,-8.40E-23,-9.34E-28,1.6374484643061002e-32,2.63279204912887e-32,4.8377289898586415e-31,1.02726640426715e-31,-5.48E-27,4.880345951507069e-30,-9.21E-20,-2.34E-34,-1.33E-22,4.20683028825554e-31,-5.41E-18,-9.38E-31,-5.67E-14,1.73172162884752e-29,-9.43E-17,3.11030536165985e-34,1.75134638527557e-28,-2.22E-26,-1.66E-18,1.07782323400242e-29,-8.45E-19,-2.74E-31,-1.44E-14,-1.11E-30,3.88996419963964e-16,-8.15E-29,-4.81E-13,8.07739123498658e-26,-6.83E-13,3.57394364820318e-28,5.221596611220851e-15,2.7420387901352897e-30,-3.70E-13,2.1256330837844504e-44,-1.86E-43,0,1.15747685652756e-45,-4.66E-36,-3.97E-34,2.74097548881461e-39,-1.61E-34,6.4560337525349e-33,-3.81E-29,2.8463480913869493e-34,-5.68E-25,5.5379055757889394e-36,-2.39E-24,6.6670557867696e-30,-3.17E-23,1.46455668403831e-32,4.94108284694071e-29,-2.45E-26,1.35909573820627e-30
-1.69E-25,5.1128019641380495e-11,-3.66E-28,-6.73E-16,6.49688228809743e-37,-1.74E-19,0,2.01809234820375e-36,0,-1.18E-42,0,0,0,1.95743602059084e-33,9.96007302741081e-24,-6.94E-18,0,0,4.85577117222879e-42,-1.82E-38,0,0,0,0,0,0,0,0,0,0,0,0,0,4.451242845916661e-35,-9.90E-31,2.54108098423215e-28,4.89610271666784e-38,-2.60E-37,0,5.3444473566466294e-42,0,6.5979865855576605e-46,0,0,2.4047969660135798e-48,-9.56E-44,-3.54E-41,-3.41E-32,0,-1.06E-47,-8.07E-39,-3.89E-29,6.41968517756647e-45,-4.24E-32,0,1.25040029804515e-46,0,6.6099771683947606e-46,1.71433563165412e-27,1.56592194805492e-13,-4.66E-25,5.99907806383407e-19,1.02021589956836e-40,2.63930152435204e-21,0,1.06310094029349e-23,1.85316644738608e-46,3.5957195738564404e-24,3.0981332438743303e-23,-2.29E-21,6.61029200403058e-21,-2.17E-17,4.2785547373852e-46,-1.48E-39,0,-7.05E-44,0,0,0,-1.00E-36,0,5.207030846042129e-34,0,0,0,-2.97E-38,0,0,0,2.65747370070596e-45,0,0,0,0,0,0,0,0,0,0,0,0,0,0,0,0,0,0,0,0,0,0,0,0,0,0,0,7.96192309275464e-48,-2.38E-46,-1.94E-44,0,0,0,-2.69E-44,0,6.77675172601511e-43,0,-1.00E-47,0,0,1.4012984643248198e-48,4.68938462470903e-47,0,-1.07E-46,0,7.51366468806872e-48,0,0,0,6.616326866851291e-45,-4.76E-48,6.811708047789789e-42,3.68762753769689e-47,3.193835368506751e-44,-6.55E-48,7.11240245955775e-42,0,0,0,0,4.08807402155534e-43,2.72766821151407e-47,0,0,0,0,0,0,0,0,0,0,0,0,0,0
1.28569653828429e-29,1.02411462555673e-18,-1.90E-34,8.87098257423222e-24,-1.84E-45,4.25444195378353e-24,0,-4.02E-29,0,2.6558565765534204e-31,0,-9.73E-42,2.39525223135328e-39,1.6341047985060497e-11,6.617995959268711e-32,3.05243017666834e-27,-2.08E-46,-1.82E-45,3.5126131291564595e-49,-2.60E-43,0,0,0,-6.56E-46,0,2.82064908277942e-49,0,0,0,7.02959751020698e-45,0,1.21122872581267e-47,6.00060204613187e-41,2.56630062180896e-17,2.14686816454397e-25,-5.38E-20,1.28388095913032e-20,-6.12E-19,-5.42E-32,-2.84E-19,-3.15E-38,1.04878649165891e-25,0,-3.98E-38,-9.43E-16,4.2985495618790095e-11,3.48523739766716e-10,1.05551271300947e-06,-1.11E-18,-8.65E-17,1.21143279037503e-13,2.45282184010318e-05,1.18063580493641e-25,1.81694342572259e-06,3.06215473167065e-33,-3.26E-23,-3.93E-37,-1.09E-21,-2.09E-23,3.5922575505090096e-11,-1.13E-17,1.0620475711292e-05,8.11588087029779e-28,1.36215895175787e-05,-1.67E-42,1.56810397219848e-05,-4.33E-32,0.0001292601720538,-4.43E-17,2.2515313290704503e-09,2.73999222624793e-22,2.68254840341101e-19,3.32165833958831e-38,-1.16E-24,4.51535407185698e-43,-7.54E-26,3.79020147773863e-46,-1.86E-31,2.3157668701189798e-40,5.94532255849361e-16,1.19654610354803e-40,1.15965552557148e-08,0,-1.23E-33,8.75892769989368e-35,1.56860215834484e-09,0,-1.05E-42,-1.34E-46,6.61594410298608e-24,-2.18E-32,-3.96E-30,-3.78E-33,-3.43E-33,1.64242849701751e-35,7.43579623735563e-28,-1.30E-27,-9.13E-23,9.48875807885313e-29,-4.79E-27,-6.45E-40,2.35588823162213e-37,2.7293555469756597e-40,-3.66E-35,-3.01E-43,1.65544079295111e-37,0,2.7926006691091997e-41,-6.43E-34,5.908405377467439e-26,-1.37E-19,-1.16E-24,-7.32E-30,-6.20E-35,1.27715792755953e-36,1.8212980910798201e-35,1.36286463550391e-38,-1.33E-34,-7.74E-36,-7.01E-28,1.25151054020399e-42,-5.32E-35,-2.97E-39,1.85203251818956e-29,3.00495017218023e-37,-1.63E-24,7.82271656497772e-36,9.666912082281147e-28,4.34757577939092e-40,-3.02E-35,-2.08E-33,1.05336835359701e-27,-5.01E-37,1.8531843082208599e-28,7.06569062610204e-38,9.03769202974766e-26,1.17038220604495e-36,8.324535002314381e-25,7.89722557233664e-35,-1.34E-21,6.61764823892518e-33,-2.21E-21,1.07171097525539e-34,-7.31E-25,-3.80E-36,-2.85E-22,0,0,0,0,1.65999241702438e-40,9.91748448455622e-42,-2.19E-46,6.8198471185397e-42,1.36873307747783e-43,3.44660016439146e-38,-7.24E-43,-1.69E-33,-1.14E-43,-9.96E-34,-2.11E-38,-8.43E-32,-5.04E-41,-1.94E-36,-7.55E-31,-1.79E-38
6.412683281798769e-30,3.59837960317749e-14,-3.93E-31,1.27838306076498e-21,5.37114949769e-43,9.896883454117633e-19,3.69562094998958e-47,6.69148793414702e-20,0,-2.61E-24,0,3.55305836152814e-31,2.08274612303166e-34,1.20385134038255e-09,-7.22E-29,-2.77E-22,7.20866508571873e-37,2.04898113503173e-34,1.10225167722566e-41,-2.42E-37,9.99570166746301e-45,-1.05E-41,3.61817072676826e-45,-3.74E-37,1.91086154226111e-48,-7.45E-40,0,-5.84E-41,0,1.74833733287783e-36,0,-3.69E-38,1.8245258713038998e-34,1.57942719992809e-09,1.55075710177978e-21,-6.20E-18,-1.66E-19,2.3029866741722e-15,2.3462472198711503e-25,4.70656165871818e-17,-9.09E-36,-1.24E-22,1.14422389150596e-43,-1.10E-28,-1.89E-25,1.41277113476575e-18,1.00596620714397e-16,1.17898048849117e-09,1.3686617618092998e-29,-5.02E-24,-7.68E-19,5.8983911814129e-07,1.27621034937104e-29,2.98180568551571e-07,5.26215044834963e-39,-4.63E-25,1.36567295409577e-37,-6.31E-24,3.59529209569059e-24,5.36436032293415e-08,-8.26E-20,1.00577749687486e-05,2.95261642495487e-30,0.0006354245388128,-2.90E-38,3.24809461985513e-05,-1.95E-34,0.0005218279688088,-2.30E-19,1.3860351903535e-13,-9.78E-24,3.18778331811926e-19,2.17258278076513e-30,1.30934965682354e-15,-1.28E-36,-1.69E-17,3.54557354516413e-33,-1.25E-21,3.83701576408403e-35,1.66252215082929e-10,-1.01E-38,4.10486713931297e-09,0,-7.56E-22,8.35774646795225e-42,1.0991522622473998e-12,0,-3.18E-31,7.66335097677634e-49,1.06941151920211e-24,-4.72E-42,-4.27E-37,-1.46E-44,1.06753774513434e-37,1.32292558410281e-32,-2.52E-28,6.49103757458724e-29,-7.68E-27,1.76989213452721e-36,9.415681111105081e-30,-3.47E-47,-5.95E-40,2.34425091465277e-44,-1.28E-37,-8.31E-41,5.58453358626409e-38,9.731239335589007e-48,-9.77E-36,5.21279155244568e-32,-1.58E-27,-2.81E-27,2.97315233733969e-33,2.00289966557785e-38,1.85397265373753e-39,2.37604818983166e-38,7.66337147436347e-37,-2.11E-26,-6.44E-23,2.12559224988463e-25,3.0092490725284703e-19,3.50805200838581e-29,-7.79E-23,-4.69E-28,1.36239275554391e-19,1.18434813045328e-27,2.24902026742702e-18,5.72542034497514e-28,6.05057506523054e-22,-7.51E-32,1.76561214098876e-29,2.31755492974267e-25,1.52325671853084e-21,-2.12E-26,1.50990156975087e-21,-8.74E-37,4.28137743468581e-23,9.32238398467578e-34,-2.08E-24,3.14334098001711e-32,1.02737616772467e-20,-1.49E-24,4.45316469573843e-16,-4.79E-26,2.3067643606755e-19,1.12932842286712e-26,1.76841469338825e-16,-1.00E-39,2.64394804985353e-39,6.0985537233275e-46,1.38224085927244e-41,2.81021371587312e-33,6.13391192913115e-32,-1.76E-35,-6.74E-33,-6.05E-35,2.6821995021984693e-34,-1.68E-35,2.88072392988046e-31,6.16104058168002e-37,-1.80E-30,-6.22E-32,8.738624375451209e-30,-3.55E-36,1.78360156600063e-35,3.4391129960832e-30,-2.50E-35
-4.42E-31,-2.66E-19,5.29706111014372e-35,8.62349161004962e-25,-2.52E-47,-2.40E-23,0,6.24906979168996e-30,0,6.57487840166406e-33,0,1.39351145697556e-39,7.15881084080737e-43,1.37272435521684e-12,-1.56E-32,7.71020491035608e-27,-5.43E-45,-2.79E-44,-1.52E-47,-3.35E-46,0,0,0,1.34016799440461e-47,0,0,0,0,0,-1.28E-45,0,-1.96E-47,-3.73E-44,-3.12E-18,-4.65E-25,6.1080747826717e-24,4.75890435113673e-26,2.3208865551967e-22,3.48852214753173e-31,-6.00E-22,-9.44E-39,5.95857559910441e-28,0,-9.84E-39,2.64311972343157e-24,1.99133643972627e-20,1.52299411682046e-16,3.995553054370499e-12,-2.80E-28,3.32464512401347e-27,-6.78E-19,4.63291386463432e-07,-3.39E-25,1.86213062598213e-06,1.18112932343536e-37,1.19831811040801e-24,-6.15E-43,1.0461923783576e-28,-2.04E-24,1.1437895997749298e-11,-1.35E-19,6.1678127271311e-07,1.81924657186796e-26,1.19080908402189e-06,-8.31E-45,2.16833019749283e-06,-1.16E-30,3.63176661655925e-05,-1.55E-17,1.12586023650124e-13,1.15941503192731e-23,5.92085350391429e-20,1.40252843174243e-39,7.28899333838948e-27,4.07878636853938e-44,1.18463338461949e-24,-6.61E-46,-8.54E-30,-2.99E-41,-2.87E-16,-2.54E-43,2.20735342738957e-07,0,-5.47E-32,2.0397695447995293e-40,1.8389571591498495e-11,0,4.11434016712089e-40,0,-2.61E-23,-3.47E-41,6.72815466860317e-33,5.19921682807841e-43,-2.73E-37,2.3483323752505697e-36,7.0731147065643e-33,1.04251955005719e-30,-9.83E-31,-7.51E-38,-6.39E-35,0,1.76173079843015e-41,3.24890343477534e-48,-7.02E-43,8.90929115695583e-47,7.98047270047433e-44,0,1.88663466216456e-42,5.11597775722056e-36,1.31686462264977e-29,-4.93E-28,-1.81E-35,2.12065792026115e-40,3.2833922350820704e-45,1.3779434899194e-44,6.47459320586865e-43,2.19357163208182e-35,1.62339301337865e-33,-9.66E-34,6.391844238820888e-29,-4.41E-40,5.0995931495826096e-34,9.3072586134759e-37,-1.21E-27,-1.79E-36,-3.87E-24,7.36457608121521e-35,1.85775042633519e-27,-1.59E-37,-1.08E-33,6.50067356125465e-31,8.20046200494489e-28,2.72475446923579e-34,1.4278014595869096e-28,9.81405609134833e-38,-3.95E-26,-2.27E-37,-1.28E-27,-6.50E-35,-1.70E-23,9.07946117107156e-30,-5.07E-22,-8.46E-33,-9.78E-25,1.17035456557478e-36,-8.13E-24,0,0,0,0,-9.80E-40,1.99540431887604e-42,-2.88E-44,4.36145513707006e-42,7.38313766491689e-41,2.49958941885234e-39,2.09569489059064e-43,2.31103315633643e-37,-1.60E-43,1.05779988695042e-35,1.08707327018999e-34,7.14803195789416e-33,-7.98E-41,-1.37E-38,-2.20E-33,-2.39E-39
1.04844389292097e-07,0.0001006150129551,3.7469304766270695e-12,7.21358609442594e-10,-5.02E-26,-1.99E-19,-1.02E-38,-4.66E-24,-1.15E-42,2.6236838781355293e-28,0,-4.04E-35,-9.47E-27,9.86440931497299e-07,1.26749292946045e-08,1.41730304586466e-05,4.98329458462654e-33,5.4131444129142296e-30,-6.53E-29,-5.09E-30,-6.64E-41,-1.69E-36,5.71279168407091e-41,-3.57E-32,-1.45E-44,5.34488848681302e-32,0,3.7634950030694e-37,7.64690054837571e-45,5.196944007555501e-32,0,2.15016222428237e-37,-8.22E-28,1.37622362457505e-08,7.30089274629778e-05,0.0002948705335749,5.30279789653607e-06,0.0006301376404302,-5.02E-19,1.86821661923754e-05,4.43321826949774e-24,1.08298968726611e-06,6.09685640230863e-39,-7.87E-23,6.8391241181349406e-09,0.0002936508318922,8.23750422812561e-06,0.0004893412841416,5.78407050501382e-14,1.11152363513777e-05,8.56487605083805e-07,0.0008773859383429,-2.34E-18,0.0010285584999732,-3.39E-28,7.27406717847299e-16,-1.93E-26,5.9240024303714406e-09,1.31549103473525e-05,0.001523000575087,1.36782829318862e-05,0.0045487603320534,3.13971798312127e-16,0.0026355797982028,8.29593397348869e-29,0.0014556059685116,-1.40E-21,0.0040722444301109,0.0005446259537439,0.0019582099996879,0.0002900531139867,0.0009395728766034,-1.15E-23,2.8431234057177697e-11,9.921032813421679e-33,6.95404644929452e-18,-5.98E-33,4.64386798290769e-21,4.28102686353665e-28,1.56076460473481e-07,-1.61E-28,0.0001189805210805,2.12021364923232e-45,9.00249689968144e-30,1.90274996099965e-28,0.000113365810724,0,-1.57E-33,-4.33E-34,5.37208820135028e-15,1.22441965178338e-26,-1.15E-20,2.16550686028864e-28,-1.57E-24,3.19258808689824e-21,1.44348117969174e-12,-7.20E-18,3.4711405673581803e-09,1.81646730470482e-22,-1.45E-16,-2.66E-35,2.17424621881022e-27,-7.33E-32,6.82071866953006e-25,8.03478026636605e-31,-4.60E-25,5.04558555885214e-41,1.11966367949622e-26,2.0693867033250402e-21,2.61715322734676e-12,2.1240872003151903e-09,7.77033664506459e-17,-1.74E-23,-2.42E-25,-2.46E-25,-1.92E-24,-2.42E-24,1.6260746105622902e-19,-1.03E-22,2.0503038675293507e-15,-2.55E-28,1.9627799198793696e-22,6.36066134830136e-26,-5.23E-17,-1.21E-24,6.67851417442778e-12,5.56531550229825e-24,4.34830405531145e-16,-1.64E-28,-5.17E-23,1.82085643824837e-22,-4.90E-17,7.39373816946836e-24,-1.41E-16,-6.34E-29,1.99767526404815e-09,4.63413682850138e-27,4.2770585372037295e-12,6.99986230009753e-26,2.7953390456883e-08,-1.04E-20,1.10776872609399e-07,1.23877945711791e-22,4.77773115107403e-13,-9.11E-23,1.78205001643251e-10,1.17571657269271e-35,1.00241764627838e-34,3.31129258752727e-38,1.53767821501085e-37,-5.63E-22,-8.17E-24,6.44528662610597e-32,1.19328775121968e-27,-1.83E-28,-5.13E-24,2.4223682218448098e-30,1.33696277837972e-20,-9.48E-31,9.877795866444701e-20,-1.82E-25,3.88060926470286e-21,2.28240206973148e-28,-3.58E-25,1.71974505125703e-21,-1.63E-26
1.15805969643762e-06,0.0016421109817848,9.54278559881397e-06,0.0007868176700241,2.36415111619251e-12,0.0002006602277139,-8.45E-23,5.22180773151898e-06,1.6050104948908196e-28,6.900813157683519e-12,-2.20E-40,1.62960806598733e-32,-1.09E-26,3.2731731279758304e-15,0.0010534630723471,0.0017463544472079,8.90849126915437e-27,-9.02E-27,4.09999986901977e-12,4.26867497297381e-13,1.00809129231644e-33,-6.86E-33,4.19444697768086e-33,-6.04E-34,-6.77E-38,2.29687428866247e-37,-4.12E-41,-3.23E-37,-1.35E-39,-9.51E-36,0,-7.76E-38,-1.18E-23,4.32285873463147e-14,0.0002945648963624,0.000537288073914,2.85945982304493e-06,8.99148680335953e-08,-1.68E-21,1.10457511165627e-19,8.14234111150142e-31,-3.89E-27,-2.21E-33,3.90309757766118e-30,5.12952041338766e-20,4.3366326624616703e-20,2.82209793650633e-10,1.54210423422215e-08,6.3268866841758006e-24,4.3146387159909604e-23,3.99897757843437e-08,9.71668244400063e-07,7.63974290095527e-18,3.67311260206543e-14,-4.59E-38,-5.08E-32,7.41424799120946e-34,-5.80E-30,5.22909124283103e-07,0.001375682530155,4.60226463575847e-07,0.0018954169658144,8.400552594702609e-18,0.0008027338676342,-1.44E-26,3.32368984279228e-05,4.58305597524769e-21,5.05617110986306e-05,0.0001265278546515,0.0003726015839542,0.0006711336579443,0.0013366924850355,4.02597833097716e-09,6.73691352119951e-07,4.802305570258741e-21,1.5323279312683099e-16,2.23628267236127e-23,6.31648434149774e-21,3.6785327485265e-28,-3.28E-18,-4.99E-32,-1.12E-18,-3.52E-41,3.02679142468291e-27,-2.23E-34,3.50788171534899e-21,0,-3.57E-36,1.97764814364391e-43,6.28722626677495e-32,-3.13E-37,-1.27E-37,-2.39E-39,-6.39E-40,4.00802979314378e-26,-1.91E-26,-1.04E-23,-7.82E-26,-3.28E-31,-5.46E-33,-2.48E-44,6.52076133708003e-44,3.74022097219951e-40,3.1811826937018092e-40,-4.89E-38,1.68393055743854e-38,-6.13E-45,1.01936141087029e-39,-4.63E-29,-5.27E-24,5.19277796161057e-22,2.87192993659634e-29,4.5518870847879393e-36,5.92442993097219e-37,-2.13E-36,-5.94E-35,3.42651070145643e-11,4.2534906408300896e-11,7.08599184091772e-10,8.50321982434115e-10,4.50744443089188e-14,2.78258947877376e-13,5.90181254325777e-11,6.93677604619266e-11,1.6678624656882e-14,6.93078665999746e-12,1.05855597408864e-13,3.1207411483285504e-14,1.90470335009133e-21,4.07614966385036e-21,2.03972188000556e-12,2.02674905026673e-13,7.66807940566372e-14,-3.05E-15,-8.20E-29,4.5231553904263e-23,6.81527459657429e-26,2.5880699459331e-23,6.57093934938939e-26,2.4578698601828202e-21,4.86293391147971e-13,4.32158213903849e-12,1.5272811727663e-12,2.3769665565046494e-11,9.909265591104742e-15,2.2864961298441495e-11,-8.97E-28,-1.88E-27,3.8766305784490894e-25,-1.54E-25,1.13019292582302e-05,1.38657050776464e-06,6.652288717883831e-25,-2.00E-25,-8.72E-27,-4.04E-28,-3.24E-27,-1.46E-25,-1.76E-27,1.14502629477869e-25,1.0795400522809101e-23,-4.22E-23,-9.86E-31,-1.04E-30,-1.66E-24,-4.00E-29
1.4205773514194702e-15,0.0003123302406115,1.0757968268695e-11,6.25604675243717e-05,-5.03E-24,6.36989780489567e-08,2.19036048484802e-38,4.20298534079003e-20,2.3696018674458697e-42,4.84344990744826e-24,0,-2.57E-32,-1.38E-35,7.86960609605835e-14,1.77414888571287e-06,0.0001771490763582,1.18104638580151e-38,-8.98E-34,-4.82E-21,-5.07E-19,-3.35E-45,-1.91E-38,-7.47E-46,-1.75E-33,0,1.36559669400499e-35,0,6.160110640677159e-36,0,-7.70E-34,0,2.49169756329812e-38,4.67628088337133e-33,5.7468153758218586e-12,1.6705893767559002e-11,4.27587747697952e-05,-1.90E-17,1.86669957977106e-11,2.96260638495961e-31,-9.43E-19,1.9601903629617597e-40,-5.92E-25,1.43314615669584e-47,-1.75E-31,-1.89E-29,1.19495692833732e-19,-2.59E-27,6.56706162674123e-14,-2.46E-33,2.42263833280472e-23,4.28803367869773e-26,1.48958961357301e-10,4.22473262244437e-32,5.93660915240456e-18,6.28052738925602e-46,-3.34E-33,1.14774931657077e-44,2.6758265533009e-27,1.92544746234597e-15,0.0007120990649718,3.4435985318558e-17,0.0007217605193942,-2.04E-24,0.0001508602586492,1.00292516896518e-35,2.44101111227256e-05,1.03868989775784e-33,1.09120067316273e-08,9.265516216873052e-09,8.09650852593714e-05,1.54720249622228e-06,0.0004337054348521,-5.09E-26,1.34025430052242e-09,2.16092611593705e-36,7.637878120628152e-19,9.75782320299252e-38,-1.50E-22,-2.35E-36,1.71215005292436e-16,-8.66E-40,-2.08E-18,0,-2.64E-31,3.09827813511809e-44,1.47065939593332e-21,0,3.01462566891322e-39,0,-1.74E-32,-2.82E-43,1.88106600431362e-36,-8.17E-44,1.15090008462525e-39,1.5899339345565401e-37,-7.01E-32,1.17132079687023e-33,-2.00E-28,5.72781072594198e-40,-5.74E-33,0,-8.19E-45,-1.22E-45,1.18187812359224e-40,0,3.60508279859179e-43,0,-9.05E-44,5.97299784633845e-38,7.6315733744326615e-31,7.90065367019437e-27,-8.70E-35,1.43231464255419e-38,-7.13E-41,7.17164823114789e-43,-1.29E-42,3.12656747343235e-28,3.87298380549171e-24,1.21535303036289e-26,9.60207185193554e-17,-8.63E-32,-2.54E-22,2.22657448527117e-29,-4.28E-18,-7.44E-29,5.0382277565765e-16,1.65587569573209e-28,-8.89E-24,3.53893218802392e-38,-6.94E-32,3.05544365931477e-27,-6.39E-24,1.24084788747807e-28,-1.35E-23,-1.93E-38,3.77337870401644e-24,8.9363046425191e-38,4.76549072847819e-25,8.631263294119259e-36,-3.10E-21,3.42120572982839e-27,7.31221911247908e-14,1.65511076790468e-26,7.769309334403741e-20,1.2483464812682099e-28,2.9742032266609e-14,-1.95E-40,1.29452795303176e-36,-1.52E-33,6.71715041381423e-31,-6.57E-24,2.55644636077743e-23,-8.47E-38,2.2970508740161102e-31,-2.13E-40,-4.47E-38,-7.75E-41,-5.76E-33,-1.92E-41,-2.56E-31,-2.34E-36,-9.75E-33,5.24260787965522e-43,-4.24E-40,-7.00E-34,-3.67E-40
6.11914422061036e-05,0.0009330677906743,0.0001311022497366,0.0002545203979191,4.62891189796914e-07,0.0001607406788376,8.65882804083872e-20,1.30592106479763e-05,-3.74E-25,1.46384341733411e-09,-1.57E-34,-1.68E-24,-8.32E-21,1.48119610401632e-06,0.0010310305633854,0.0009448809757688,-3.57E-19,-1.19E-19,7.52176346617873e-13,9.88637254811354e-11,-5.59E-27,-1.90E-25,-5.98E-25,2.0818503070647503e-25,4.31762000012896e-30,-5.04E-29,-4.28E-36,-1.99E-29,-9.15E-32,-4.00E-28,-1.09E-42,4.42587901945798e-30,-1.67E-19,1.41846111300658e-06,0.0006707752253993,0.0008122536907853,0.0001554538383087,0.0002509430333623,2.71128010727851e-12,5.94003801281086e-10,-1.73E-22,9.08074872380313e-20,-8.94E-26,4.17065743281039e-22,2.96772755781312e-09,2.49582840664175e-08,2.80317453381141e-06,0.0002392541467181,1.19564706822692e-15,1.0533615133293e-13,6.669302845574621e-09,0.0002814974072108,1.2509343834124e-17,1.43707919517906e-05,-5.33E-33,-8.70E-24,-4.81E-25,-1.10E-21,2.38704097189025e-05,0.0008633375972636,5.03084102131764e-06,0.0016600509548613,1.94001695606626e-15,0.0007033425645139,9.72692309973365e-24,0.0002517577528794,3.90186959419281e-20,0.0003477277571061,0.0003293559188278,0.0010094714585472,0.0013959730934361,0.0013289754801547,1.21915968929286e-06,6.74430592664125e-05,4.3156919458252e-15,9.29622334590002e-08,4.9076092237263404e-14,2.15155713247524e-10,-7.32E-21,4.62786713509569e-10,-1.12E-25,3.05739436462513e-11,3.06717214237813e-32,6.71748180236867e-21,2.95696261131211e-26,7.27377659636459e-15,2.51293045050739e-39,5.68853265150658e-28,7.261769896437769e-34,-1.82E-25,3.4143375762293695e-30,1.23680926491901e-28,3.1501954037879e-31,5.251681005571809e-30,2.7380682625400498e-18,1.67341534240323e-18,1.6086960788442199e-16,1.34216757194611e-16,-4.63E-23,-1.68E-23,-3.05E-35,-9.31E-34,-1.41E-30,1.3611263172379999e-28,-1.59E-29,-1.03E-27,2.3445143535058894e-34,1.35922719972384e-30,-2.59E-19,1.3572041383787602e-15,2.62260573649876e-13,-1.63E-20,3.89662565092188e-26,-2.84E-27,-1.94E-27,2.61803683384444e-24,3.2178702521338e-05,6.15384270084159e-05,0.0001180316856204,0.0005556792082946,9.32613981439969e-08,1.61730908653377e-06,7.55265291627846e-06,8.24397782581823e-05,1.28201306692579e-07,2.62524392956726e-05,6.14345904716122e-06,1.43401365279419e-05,2.79753906238384e-10,1.45039361597321e-10,5.34745548871603e-05,3.94131987380744e-05,2.18777287367959e-05,2.43983944757226e-05,5.24693833498419e-20,1.29175087439478e-16,1.5810479309922002e-15,4.56907581296688e-15,9.52262701583694e-15,1.1902971153131e-13,5.93429404979621e-06,2.24477080439432e-05,2.16247048060191e-05,5.38650426261896e-05,4.42825845138405e-08,7.57737784121706e-05,9.26115756758373e-23,2.1594745328915705e-23,3.09173284334519e-25,4.28381181598659e-24,9.10895431913742e-06,7.26429878975437e-07,-8.86E-18,-2.15E-18,-2.15E-17,1.29040891327996e-16,-1.15E-16,1.88432105584949e-16,-1.96E-17,3.20518597504999e-17,6.455952125887952e-14,3.59950202635989e-14,-8.29E-21,-6.91E-21,4.49261406392765e-15,6.62936271699005e-21
8.75562545880051e-06,0.0012333638998231,0.0001608345074321,0.0009073691084951,3.43471854280927e-07,0.0006204715538466,-7.12E-19,0.0005053772121279,-6.62E-21,3.52467279801267e-05,-5.67E-32,7.42680351552057e-17,-7.54E-24,0.0001341894593177,0.0020100862277223,0.0026001218792576,1.83653141870476e-12,4.9118101017026896e-11,5.50285686382934e-05,0.0001265628289641,2.8256951673045e-23,3.78523867846046e-19,-3.27E-23,1.6722664759884901e-15,2.0067928959872e-27,4.54635218067484e-19,7.482498845165789e-34,-2.64E-20,2.1732545126507e-29,7.024417376573011e-20,8.80270363440342e-41,-5.28E-22,-2.71E-21,0.0001197372638491,0.000390811728044,0.0008281704493044,3.2831788611309e-07,0.0001560737255959,-2.29E-20,2.13493016495392e-07,2.15570615116907e-23,-9.81E-16,3.96677952643714e-22,2.42122769552925e-12,-7.16E-15,3.17275076609454e-10,-1.72E-11,0.0001067094456411,-2.83E-21,6.64169050744511e-14,1.33572988037383e-14,0.0002301657493999,-4.63E-21,4.11538655053061e-06,-6.75E-40,2.86772704020494e-26,-4.79E-30,-3.54E-21,1.73034155965377e-06,0.0013247770827898,3.75808549228313e-08,0.0022255532427084,2.07587664512517e-19,0.0021539362569803,-1.12E-29,0.0008774899821597,-3.31E-24,0.0006502200831714,6.57807484326632e-05,0.0007047974939644,0.0012747815824387,0.0015738500519698,2.83033196196157e-08,0.0004181367577531,7.38280644998507e-17,0.000134615201361,-3.72E-13,0.000159255681038,5.50112580228084e-26,4.90341809712927e-07,1.3235613638285e-29,6.56776118206132e-10,3.50771267453485e-30,1.4923002185476402e-14,1.69097132407936e-33,1.31353918388464e-14,6.86000956656998e-39,1.97690901890017e-22,-2.74E-39,1.51247245233711e-24,-1.19E-36,1.7101215652239e-30,-4.00E-38,-2.34E-32,2.09668447274509e-22,-2.76E-18,-5.16E-21,1.5040452265344402e-17,3.91417929500858e-30,2.80793084354743e-24,-1.13E-42,2.10564663544016e-34,1.83657522295507e-38,3.43872606292882e-32,2.59319515900496e-34,1.83358262667226e-28,2.9558606918692e-39,-9.38E-29,2.08660554693577e-21,1.24715403182194e-16,-2.67E-16,1.67568037392329e-24,-1.42E-30,7.565271657944949e-30,4.1423007458846e-29,7.28710314809721e-27,-3.87E-09,0.0003492492328198,-7.56E-10,0.00080137744294,-1.47E-10,0.0006138717121658,-5.61E-11,0.0004413576121149,-4.19E-15,0.0001721264289893,-1.21E-10,1.82159017803081e-05,2.3629790344478095e-11,1.52727123559071e-07,-1.27E-09,1.44453141362362e-05,-3.94E-10,7.09341042776401e-05,-3.66E-24,7.0086771448243785e-12,-7.27E-21,2.43192054471441e-11,-3.74E-20,1.78670338300428e-08,-1.96E-11,0.0001139331313283,-4.75E-11,0.000127329806406,-2.24E-16,0.0004961823984849,4.2021435876492695e-18,6.78607524881824e-18,-1.48E-20,-1.58E-17,9.09902225826028e-05,0.0001114691469098,1.1688347903297e-11,8.24686245659894e-08,-9.35E-21,-5.69E-16,2.65575543666955e-18,1.6334154803445e-13,6.86915904994576e-17,3.0395815482011094e-11,6.229569730791631e-15,2.9613356281562497e-12,1.5456659435922502e-25,1.43670371199224e-22,3.10140609538728e-16,4.33808534015476e-22
1.97838231899358e-05,0.0008099276516687,2.14536754546004e-05,0.000283151595831,4.782012678142871e-09,4.06199295608671e-05,6.4889484131972404e-21,5.49086397436575e-06,5.871212072138631e-25,7.78594750997062e-12,2.2536188537213901e-35,-2.80E-22,2.86093769290766e-23,5.86579471573179e-05,0.0003652272720224,0.000712268886571,2.6761772408304606e-17,8.75378754407624e-17,1.98532453940535e-10,6.8627768659639385e-12,7.54987555926896e-27,1.1172544774797e-23,-2.20E-26,-6.27E-19,-1.99E-29,-3.57E-22,-2.35E-36,-7.04E-25,-1.29E-30,-4.13E-24,-1.19E-44,1.30495497090019e-27,5.90527058502412e-22,2.58439324038681e-05,0.0004713245323624,0.0005569311957833,9.0416733936754e-05,0.0007485723007104,2.60735417755886e-16,9.2422450549059e-06,-5.92E-21,4.255305226565581e-09,8.19900944278788e-23,1.57253860983189e-11,3.69541978010593e-08,5.01046050511233e-05,1.18927365540081e-05,0.000495686271211,8.11073654674336e-12,5.62808809664311e-06,1.3228103294098e-06,0.0005868434465373,-1.35E-17,0.0001570247525573,3.69830553823843e-27,-8.85E-18,4.950533301315601e-25,1.63877935324173e-14,4.46819653364194e-05,0.0009217283610657,2.3343065946157e-05,0.0008719355563761,3.06976468514303e-13,0.0012226489503464,-9.08E-26,0.0005752440716573,2.95029721856676e-19,0.0008506030087223,0.0004790660863243,0.0007014518265301,0.0008504813170537,0.001236969970618,1.89774544926551e-08,0.000194169319042,8.6295501731644e-18,8.5517269550187e-06,1.08216927761785e-15,5.10514366075831e-06,-2.73E-22,3.61477165875432e-05,-1.03E-25,4.27407562272131e-06,1.18977953101293e-30,2.13644106328322e-15,-2.24E-28,1.4106600908785e-06,-1.36E-36,1.16807296268039e-24,-1.74E-33,6.00550593162638e-20,2.28826572435006e-27,-2.17E-20,2.7856022868904e-28,9.36618732111041e-25,7.16980802798617e-16,3.7241263475058702e-09,6.10277323908445e-14,2.22772605430902e-08,-1.36E-22,-1.82E-17,-2.91E-34,8.22926737259016e-29,-2.83E-29,6.55791983472188e-24,7.3596569768905e-28,4.36885814551847e-22,5.32279655544285e-34,7.59212779636576e-25,3.415019308722509e-16,4.27935404063017e-08,2.70116245407597e-07,5.28698593512563e-16,5.569779491510829e-22,-1.37E-22,6.17046554225617e-23,2.9398368172178306e-21,2.03180644471522e-06,0.0006736501381035,3.67542594193162e-07,0.0011709432210409,2.97090547211221e-09,0.0001712263511257,2.69959755401818e-08,0.0003952659601666,9.03212127665562e-13,0.0001879342463383,1.72640849697333e-08,0.0001847463010176,1.4839933440619897e-11,1.55960692609369e-05,1.57622723920757e-06,0.0001524389951293,6.415241110387e-08,0.000184306429146,2.3494404078939702e-20,8.86559144257528e-06,9.76704300247332e-18,2.53063795474673e-05,5.9256660634868e-17,9.49637970712038e-05,6.7976145184529505e-09,0.0003344468274158,2.01161311895674e-08,0.0003519409545293,6.75619567269216e-13,0.0003945091109198,-2.27E-21,-4.85E-21,3.4498405574486304e-24,1.2801562894315e-22,3.16889672178726e-05,7.27757601123451e-06,1.7073373400243003e-16,5.73345324810331e-13,1.3304655512003802e-15,1.06892781495466e-10,7.91357282707509e-17,4.55854783266651e-07,3.03713838329914e-17,9.5395464194251e-07,1.15973340875511e-11,2.22413729549665e-06,3.66774641904955e-22,7.466584322275462e-19,5.780545214276941e-09,1.82740818343568e-18
-1.19E-25,0.0024648797038825,2.80437352600686e-27,2.63101753515917e-07,-1.86E-38,1.22029737365573e-08,0,-1.53E-18,0,-1.29E-22,0,-1.61E-26,4.09434779262128e-34,0.0014354818545028,7.08168828060083e-19,1.08253136897847e-06,-3.84E-38,-3.98E-25,8.21521499535644e-37,6.1877354163862405e-31,1.83688985066223e-46,6.343651955503789e-42,1.95784997148058e-43,-2.34E-30,-1.91E-48,-6.63E-31,0,-1.67E-36,-9.27E-49,-1.20E-27,0,-1.43E-29,-9.24E-36,6.73894455741698e-05,4.314322284930751e-15,1.153059766546e-05,5.393674009740981e-15,8.88765599368522e-07,1.07540503323537e-25,0.0006615049364546,-5.86E-28,0.0003953279610537,-5.62E-42,8.208626114147991e-17,3.85312323502588e-07,0.0013122970155571,5.43640690075009e-07,0.0017010899975635,1.78767439414854e-12,0.0009136650752019,1.77392059636034e-10,0.0026335810204701,3.24691335304655e-16,0.003582066908315,2.60417532665783e-19,0.0034160449408262,-6.26E-25,0.001636197106314,-4.01E-20,0.0035886905761851,6.32567801094236e-13,0.0007694097675332,-1.59E-25,0.0016271771609729,-6.45E-37,0.0043092543849262,-2.30E-29,0.0025341785616378,1.37900479799398e-08,0.0003819657855567,1.12500748655487e-13,4.68815388811115e-05,1.52560213732553e-30,3.62005996971946e-09,5.46413263969809e-39,6.38150092786927e-10,-6.12E-40,-2.21E-15,-1.61E-34,0.0024102670197245,1.13652341214323e-35,0.0026698256039574,-6.82E-49,5.29109028591696e-20,1.82203639210413e-33,0.0029646609202964,0,5.38798989570153e-21,7.600427703293361e-37,0.0018321453605774,1.41048070153152e-20,7.11198189617181e-05,2.4493647388102897e-18,3.6523578674715804e-09,-3.69E-21,6.79155309547613e-12,-7.09E-21,2.1411052583436e-05,-4.65E-20,0.0003338746162476,-1.29E-28,-5.11E-16,-4.41E-24,-8.86E-17,5.0114908528589096e-26,1.0243478637481e-19,6.275007393398831e-35,2.01635217889183e-13,6.14664550336072e-18,-3.55E-17,1.39740472232999e-14,1.20423149298274e-12,3.3402023250344803e-14,-1.27E-18,1.29835781375804e-18,3.61752118798558e-18,-1.11E-31,1.7889118690626498e-26,4.38108008809907e-30,1.3604521245975e-19,-2.02E-35,3.22017186909382e-25,-5.16E-33,1.4574918263849002e-15,-1.11E-30,1.31198861504091e-09,-5.01E-29,-4.91E-20,-2.05E-33,2.45235246800163e-27,8.75045539245895e-27,1.2642127606502698e-22,5.643289178956161e-31,5.55239019628077e-22,4.125906354093421e-31,1.44130218457831e-07,-5.80E-30,1.30827384118192e-12,-4.08E-28,7.77420977310458e-07,2.42578771095088e-26,2.24765663190613e-07,-2.98E-28,1.31840326619675e-13,-7.48E-30,2.03721446866226e-08,-2.54E-42,1.60288055636667e-41,4.13461269378136e-47,-2.71E-40,9.438213117083192e-32,5.363265755196511e-31,-6.46E-38,-2.85E-32,9.30910240616627e-27,-1.01E-22,-6.07E-29,-1.28E-20,-2.07E-30,-2.13E-20,-2.17E-26,6.589429776921331e-23,-2.46E-23,-2.26E-19,-4.88E-21,2.6521902449594497e-22
3.26784236116387e-23,1.16354802993459e-17,1.60204703146044e-18,7.52415617685102e-15,7.77477972844213e-26,3.2527779429122e-17,7.76350584826718e-42,1.19262113069418e-30,-1.10E-46,-1.86E-36,0,0,1.77289785466196e-49,9.01035936514208e-33,2.6388201120019305e-17,2.74391190088666e-15,0,0,1.0475867364389e-25,-1.68E-22,0,0,0,0,0,0,0,0,0,0,0,0,1.27270783560179e-46,1.03100248093672e-33,3.32925624073519e-27,3.36898666989154e-27,-8.48E-39,2.56971338675674e-38,-9.59E-48,-1.03E-44,0,0,0,0,0,1.96114016675657e-45,0,1.6265310362057699e-40,0,9.90047828055577e-49,0,2.13341155859204e-36,0,-7.15E-39,0,0,0,0,-1.07E-32,-5.27E-20,2.12455056098188e-39,-3.00E-24,-2.15E-49,5.625377124348561e-25,0,5.16633905663644e-25,0,2.3331871691321903e-31,8.18308711898255e-31,-1.58E-27,-8.51E-19,3.77695523021105e-19,2.78659030671925e-38,8.03811186580593e-34,2.45611370311203e-43,6.71302188163353e-39,9.26626544242093e-46,-1.08E-42,0,4.5479247831734295e-36,0,8.739253465966251e-35,0,-1.53E-47,0,2.07596873455796e-41,0,0,0,4.97368375375339e-48,0,0,0,0,0,0,0,0,0,0,0,0,0,0,0,0,0,0,0,0,0,0,0,0,0,0,-1.27E-40,-1.11E-38,-4.97E-39,7.22589411147014e-37,1.84969176532612e-43,-1.79E-39,-2.61E-40,8.73157449391507e-37,-5.38E-41,-8.89E-38,-4.15E-42,9.33884281592682e-40,0,-3.50E-46,-4.39E-41,1.71008559547574e-39,-1.16E-41,1.1452618205394e-39,0,9.241807566324532e-45,0,1.58567984120966e-45,0,-5.23E-45,-8.85E-42,-4.44E-39,-1.00E-41,3.4107066604883396e-40,-1.71E-41,-1.79E-37,0,0,5.006792479591181e-45,-4.07E-43,-1.04E-34,5.38093627298235e-35,0,0,0,0,0,5.18999431231414e-47,0,3.77878237570737e-47,0,4.15199544985131e-46,0,0,0,0
-7.22E-20,0.0023491787109225,1.02554892230443e-22,0.0002345373881563,5.392566456499408e-29,3.18777653943958e-06,1.04840022793903e-41,5.40595341152213e-16,8.879323009412891e-47,-2.14E-24,0,-1.32E-35,-1.47E-30,0.000141095209702,3.16593771715667e-10,0.0003019729368242,3.3663132496063804e-35,1.96834650716732e-30,-2.98E-27,7.56400278040537e-23,-2.78E-44,-1.71E-39,-4.61E-43,1.56311834785029e-33,1.18154938696479e-46,1.20341106674454e-35,0,-1.98E-39,1.48285551780404e-47,9.10053143182032e-34,0,-6.91E-41,-1.79E-30,7.48167515540919e-05,4.95813898270833e-07,0.0002855881557729,2.179402046133e-08,0.0001697522627688,-7.92E-22,0.0006270909402808,3.63889332791119e-25,0.0003605426405293,4.34819792406138e-41,-2.12E-22,0.000150030313932,0.0009329904740062,0.0001663160096816,0.0006018324031463,6.32046456029273e-08,0.0012186431126305,1.40163069669438e-05,0.0005280240634464,4.57849582036514e-08,0.0003049953593984,3.48804281712594e-12,0.0017175195946214,8.29472619880749e-23,0.0018461991628175,5.69082107281844e-11,0.0042058497580217,1.04126213830002e-06,0.0063872665211185,1.52400358542098e-20,0.0059729866869047,-3.40E-34,0.0028964467202859,-1.62E-24,0.0009290504149635,0.0002331663135496,0.0025703611413171,1.86356374867415e-05,0.0027496328001613,-4.10E-26,1.41937963729111e-05,1.27168919170982e-35,1.22315353327111e-09,5.00297149171354e-36,-9.46E-19,-6.96E-31,0.0004489129361645,2.26707784868116e-33,0.0004460752657246,1.74480742639666e-47,-1.06E-28,-1.13E-31,0.0007233824048715,0,7.83483309105452e-32,1.6406701095525198e-33,0.0009325637939738,5.14222600202882e-13,0.0025911049303677,1.8394554950324e-10,0.0022528412169883,-3.34E-20,6.10707382705345e-11,9.25857305970888e-17,0.0001071719199424,4.10692049924493e-14,0.0024077841407367,-6.31E-17,0.0029833545923044,-2.08E-17,0.0005576057174398,3.7945151389677405e-20,9.49962007281353e-10,1.25811773741961e-33,4.8431758825002e-14,1.5690517261815801e-15,4.06875311246102e-13,8.1586293075282e-09,6.36035094371062e-07,1.77354834446186e-07,3.3494454860767103e-09,3.4133889263785e-10,1.6443068343017898e-12,1.19346204363076e-25,6.41189095090274e-20,2.1094624187056705e-23,2.13613957433708e-09,5.76805507223012e-30,-1.52E-20,4.92171443977435e-27,2.90907190711618e-11,1.0670441435384e-26,2.27873435908739e-07,6.49974771586383e-25,7.98780762005366e-14,-4.07E-31,3.92335896252057e-24,1.45324690643335e-22,2.0877497140949506e-15,7.5018215753248305e-25,1.00012436199911e-14,-5.26E-29,2.45991916892067e-07,-1.42E-28,3.53035284255768e-10,-1.20E-26,4.27684536397851e-06,6.14601379882026e-22,3.68999385458607e-05,2.63646991290039e-23,2.64614252199e-08,-2.73E-24,1.93306334678223e-05,-1.98E-38,3.8311964528096e-37,-1.54E-38,-3.36E-35,1.15815830369964e-23,-1.01E-22,1.0727048470942e-34,2.03823314472789e-29,-1.97E-27,1.2197736675994301e-23,-8.70E-30,1.84030268810967e-19,-4.58E-31,6.65239973807386e-19,-1.35E-26,3.98483079841906e-20,-3.57E-25,4.872387136469311e-21,1.0317087281883101e-21,-7.94E-24
2.214375229043e-09,0.0002761184270089,3.55032539518695e-13,8.5363091437564e-07,-9.31E-24,-3.51E-20,3.30209638125097e-44,-8.58E-33,-6.93E-50,5.48280404348181e-39,0,0,-8.13E-41,-5.44E-29,4.84297891822645e-10,5.31244411797584e-06,0,0,-9.04E-31,3.48880513241598e-28,0,0,0,0,0,0,0,0,0,0,0,0,-6.69E-40,-9.50E-30,-5.55E-20,5.71893174956161e-18,1.96695273847207e-27,7.20507442479847e-26,9.34422912343964e-39,-6.16E-33,4.3647294958583606e-46,6.66570001512042e-38,0,0,8.17370586500935e-39,-9.99E-33,-3.45E-36,-1.88E-28,1.7751088535373696e-40,-1.15E-35,-5.59E-36,-2.64E-26,1.11760748835113e-34,-3.56E-27,0,-2.10E-40,-4.55E-49,-2.58E-38,4.56740896063074e-08,0.0002582482545153,8.16774992379755e-16,9.1768581040355e-07,1.21169532176126e-26,1.01984003967016e-10,2.14747882679408e-38,-1.09E-17,1.18424008472723e-34,-6.29E-19,1.79940868095188e-08,1.08132346209913e-09,5.78113094073498e-05,0.0003985899146557,7.24870034744862e-36,-4.15E-32,-5.08E-44,-6.84E-39,3.8380273638930604e-46,1.33069616817069e-42,4.9112007928424e-43,-2.20E-33,-2.76E-43,-1.91E-28,0,0,1.60952434157944e-43,2.39092069742182e-28,0,0,0,-1.46E-40,0,-1.92E-45,0,0,-1.22E-44,5.67533493804074e-42,1.04837592963966e-40,5.31918515804985e-39,2.58503996518008e-48,3.0536596507258804e-44,0,0,0,0,0,0,0,0,-4.67E-46,-3.66E-40,-2.95E-37,2.48343326224681e-46,0,0,0,0,3.59010387175178e-39,1.46175969520558e-38,2.70191398185684e-36,1.92674080195252e-35,-8.60E-42,-3.31E-41,-9.70E-38,3.10676522062787e-36,1.44809092672836e-38,1.6826009992069602e-35,-9.89E-39,-6.40E-38,-3.50E-46,-4.20E-45,-9.05E-38,-6.29E-37,-1.06E-38,-4.44E-38,2.09179335978922e-45,1.16318598602726e-39,-1.24E-44,8.84102187354179e-41,-4.74E-43,-1.35E-36,3.47116492978539e-37,5.32627577881747e-34,3.14381129219111e-37,1.33818928721522e-35,-1.43E-37,-1.14E-33,0,0,-1.23E-47,8.29858465562729e-47,4.72407364162503e-34,5.45765812520793e-36,0,0,0,0,0,-7.27E-47,0,-4.09E-47,-3.94E-45,-4.07E-46,0,0,-2.75E-43,0
-1.28E-26,2.7469666802693898e-12,-8.33E-27,-1.98E-22,6.9652959500858e-46,2.88650643691745e-28,0,3.70357474756327e-46,0,0,0,0,0,-2.98E-41,-1.16E-27,-4.11E-21,0,0,-2.60E-45,1.20384595803537e-40,0,0,0,0,0,0,0,0,0,0,0,0,0,4.4441108050627e-42,1.45657211689559e-32,-1.07E-31,4.79552366136044e-40,-8.55E-37,0,2.4996735291206403e-47,0,0,0,0,8.378002333208608e-48,-2.05E-39,3.7888493981169e-46,-3.47E-33,0,-5.55E-45,-4.09E-47,-1.97E-31,-2.10E-46,-3.43E-31,0,-7.52E-43,0,3.25838066267744e-46,6.0518562550313e-26,7.64372794359323e-09,8.657190755670649e-28,1.47955309829128e-11,-5.02E-41,4.54155267570199e-18,0,1.2787002279857199e-26,0,-5.02E-21,1.16443562533522e-22,3.3024023253465004e-20,-4.47E-19,-7.93E-15,0,9.85673011248406e-48,0,0,0,0,0,2.889756004819231e-44,0,-3.92E-34,0,0,0,1.4547102815894e-33,0,0,0,-3.66E-44,0,0,0,0,0,0,0,0,0,0,0,0,0,0,0,0,0,0,0,0,0,0,0,0,0,0,0,0,0,0,0,0,0,0,0,0,0,0,0,0,0,0,0,0,0,0,0,0,0,0,0,0,0,0,0,0,0,0,0,0,0,0,0,0,0,0,0,0,0,0,0,0,0,0,0,0
1.77477668249611e-07,0.0001006922530485,3.51234674850242e-13,3.15641907260942e-09,2.67712542185081e-24,3.20761573416278e-19,-2.90E-37,1.99969602602481e-25,-1.19E-41,-9.68E-30,0,2.71097409470499e-38,-2.05E-24,8.16413449634682e-07,9.78668922580638e-08,9.30852593289101e-05,-2.13E-32,-1.38E-31,1.9322187500041e-30,2.4800538004171497e-30,-5.21E-41,-2.31E-38,2.3321580897637505e-39,3.1615968477433e-38,-3.24E-43,-7.61E-41,0,-1.16E-42,2.8591925809124903e-44,4.1737503344393996e-41,0,-2.80E-47,3.9797357618178495e-25,2.12239522062146e-07,0.0009062225630364,0.0005458651362228,0.002423885743912,0.0019347261035429,9.77012336315558e-13,5.81998214853615e-06,-2.44E-19,1.1641749794448999e-14,-6.21E-36,-2.28E-28,0.0004979848022727,0.0004448737116328,0.0023662683200808,0.0022001992445431,1.78994204616138e-05,1.26177968785868e-05,0.0004959086079803,0.0014760585732985,4.92426037255399e-07,0.0002435112959888,5.68213960927707e-17,-1.62E-17,3.3716103949190904e-19,-4.74E-17,0.0005081765569525,0.0005192808674006,0.0010571735920009,0.0005787223865309,2.02957896698176e-06,0.0004740975438902,6.01651761855582e-23,0.0002156949892939,1.09944035633049e-10,0.0006192252653421,0.0022175810751062,0.0012481597504693,0.0017898143267572,0.0023469437223908,2.71948027630115e-18,8.27802800131912e-09,-2.75E-29,3.5816545971038404e-17,-4.45E-31,2.20784012132859e-20,-8.15E-27,5.41605792065678e-07,1.570099480762e-25,2.66064947941318e-07,1.33317191310884e-43,-5.72E-35,-9.77E-23,3.19124676476469e-07,0,3.9448115983435504e-44,1.6680711114664698e-30,5.970934709283859e-22,2.66636096908265e-19,8.53542227441919e-22,-6.55E-21,3.2726864408108902e-24,-6.16E-17,9.616025279010801e-18,1.48259571084696e-07,1.94416118544904e-09,4.01374713294158e-14,2.3064573614536704e-19,5.11638549103911e-26,2.35823487711038e-28,1.2862594162811601e-23,2.47449969927337e-25,1.54284677446812e-24,1.4807044838472802e-25,-5.47E-35,4.06637143557623e-29,4.08927815465563e-21,9.16618513600646e-11,6.36020594334443e-05,3.90233736717032e-12,-3.41E-20,1.16485571676718e-20,7.64421237641605e-22,1.62894375766242e-20,2.5668475398500602e-23,1.52450353392688e-21,-1.58E-16,-6.64E-15,-6.91E-26,9.65887459013408e-23,-5.78E-21,1.64840809143311e-18,-8.57E-19,1.71522514403746e-10,2.83682559488741e-18,1.5218660476380002e-16,-2.40E-25,-2.21E-23,2.88242374696854e-16,-1.93E-15,-2.72E-19,-1.14E-17,1.44246107234116e-22,5.26677086767187e-13,2.25657932923498e-20,7.517694353204731e-15,1.22152879066009e-18,1.4951953352305402e-09,1.21251517336588e-14,1.29134768660678e-07,-1.26E-16,6.14960994350509e-12,-9.03E-17,3.11825195569477e-08,-8.92E-37,-3.18E-37,9.41848794717721e-41,-1.00E-38,8.31231331522228e-24,-3.45E-27,-1.10E-31,-3.69E-30,2.5397036664685603e-25,3.84204419777547e-25,-1.91E-26,-9.15E-25,-3.53E-27,-1.24E-24,7.32239266614371e-21,-7.02E-21,-1.41E-23,-6.93E-24,-4.05E-18,-4.23E-23
4.2800307725915e-08,0.0014483807956701,2.0902252527850298e-18,2.76492842533833e-05,-3.70E-20,0.000147556151971,-1.17E-29,1.40655946416901e-13,-2.11E-34,2.63005119341093e-18,5.56355513202843e-40,-3.43E-31,2.88523497110419e-16,7.32548256725751e-10,6.59040276794379e-06,0.0002544059594732,5.49471541836116e-31,1.77485096674465e-31,-3.59E-28,7.09062474050803e-29,-1.28E-36,2.45689153479388e-35,-1.26E-35,2.5931733135099803e-35,7.08399921629713e-38,-6.28E-38,-1.13E-41,-8.09E-37,1.4491412438862e-37,4.6325525796853903e-35,-2.49E-47,9.77584660724758e-37,8.306192502659191e-17,6.62592590306422e-11,0.0005112224502159,0.0002494507043229,3.71052167954304e-05,9.61039061905382e-06,9.46036419538322e-20,-1.15E-18,-2.04E-23,1.0223092016317e-21,7.85790685335275e-32,-2.68E-31,4.56263795582953e-06,2.02127157990247e-06,5.82713706351538e-05,3.45574586420757e-05,4.3097574835028295e-11,3.1160454476806295e-11,7.54781116343354e-05,9.11805034413632e-05,5.02750672279852e-05,0.000378983055297,-5.43E-19,5.91576998135865e-11,-1.82E-19,1.2163226601355e-13,0.000152476625352,0.0011376769037748,0.0012699222072967,0.0002170201267906,0.0009815958711569,0.0003299493603493,5.35965988462509e-07,0.0002382796142676,0.0001352742913839,4.02679292973345e-05,0.0008089935592688,0.0001982995739952,0.0009779480189471,0.0019766132863882,1.1778888532787301e-17,3.3064293266572904e-15,-3.97E-22,-5.24E-20,2.8163554489644503e-25,1.38794121289855e-24,3.19213456132238e-19,4.098403755689751e-15,1.31830812064487e-14,4.31305039631643e-07,-4.46E-36,3.27339122519916e-26,1.355376638152e-09,3.19500407212501e-05,1.78031636008539e-41,-1.07E-32,-1.85E-27,5.43704735781728e-13,2.75901570637912e-29,-4.79E-23,9.97338927947381e-35,-8.36E-32,-8.12E-26,-5.07E-24,1.85320450795e-19,1.56201875500192e-21,7.548986601809112e-19,1.09328973362518e-20,-2.27E-37,-1.50E-33,-1.81E-31,-1.62E-33,-3.21E-29,-2.51E-31,3.14654910027954e-34,-4.19E-32,9.68017131777592e-27,2.07553342266172e-21,6.89730723868305e-17,2.1424531525834698e-18,-6.62E-28,-5.60E-28,-1.86E-28,-3.96E-27,7.215159957618002e-22,2.23398057704173e-22,4.74917625102296e-18,1.69845507783372e-17,5.47712531286498e-23,1.3081402467246e-23,1.32066424432597e-19,-1.81E-19,4.61248929344114e-20,4.16660934095036e-18,-9.38E-23,-3.12E-21,-2.39E-27,-6.56E-27,-8.10E-22,-2.19E-21,9.065283655753389e-22,-6.08E-21,1.01264567032203e-23,-4.24E-22,-1.07E-23,-2.04E-23,8.13110559053347e-22,9.24208716758326e-21,-3.53E-19,5.73051553532125e-17,2.60705172629286e-20,1.28031231176414e-18,1.0751302896260498e-18,2.38246295086632e-16,1.37982746856576e-33,2.52083177225655e-33,4.26432736702849e-40,7.348890302235331e-35,2.92010136550913e-18,3.80028013307601e-20,5.09628897326166e-30,1.8489899723382497e-30,-3.46E-29,-6.11E-30,-1.10E-28,2.43198914731866e-28,-8.26E-29,1.5325601219803396e-28,-1.70E-25,-1.08E-26,-6.02E-30,7.99901136834553e-29,-8.05E-26,6.237007657988389e-28
-1.42E-21,0.0006373421368741,-1.45E-20,4.81025732824196e-05,-4.66E-33,1.64937795958658e-10,1.6419357006118102e-46,-3.00E-22,0,1.38665636458222e-27,0,-3.62E-37,-1.60E-34,1.24130145840259e-06,8.80734290686954e-13,2.55129446576613e-05,-1.03E-42,1.21417168360981e-32,3.55373108335654e-31,2.92338714299345e-24,0,-1.40E-44,-8.22E-48,9.20960177444637e-35,0,5.01657266687573e-39,0,-1.13E-40,0,1.45641085525028e-36,0,3.20078371368853e-42,1.48206870976214e-37,3.76319476943242e-08,2.85831368434474e-13,2.11437471231382e-05,6.86864711919245e-16,3.57975309241204e-07,1.32390957089316e-26,1.04079303439214e-06,7.59372707315775e-31,4.41573261473774e-07,-4.25E-46,-6.91E-26,3.0670020087506097e-12,0.0003748890496574,6.59736296914588e-10,0.0006289304144584,-2.15E-17,9.32716911734413e-05,4.32231676108616e-14,0.0020279533141029,-5.81E-23,0.0020908254588983,-2.81E-27,0.0001321189375471,-2.89E-29,0.0001111494829334,-1.78E-20,0.0012008225145842,1.01530000518549e-16,0.002725688412775,8.69508493532163e-27,0.0017006335553279,4.99161275581223e-39,0.000713827384772,-1.20E-28,0.0018238253155001,9.02621742766239e-10,0.0003008028102684,6.6984235192327e-11,0.0001601553334264,4.70923493472948e-32,1.09770244317474e-10,-3.68E-42,-3.56E-15,-5.31E-41,-6.14E-22,-4.24E-36,1.263110153374e-07,-1.76E-36,0.0001336710594156,0,3.28187448753854e-29,-9.16E-35,0.0007649564382261,0,-8.37E-33,-1.43E-39,0.0001207945529732,1.0106832903311399e-27,6.61133232210704e-12,4.70212886786316e-27,-2.32E-21,-4.65E-26,1.46811084878508e-18,9.49277622941666e-22,1.69896474991554e-08,1.10142238537877e-21,3.72635214850113e-07,3.06719692664558e-32,-3.45E-23,-1.35E-29,1.68228564844041e-21,8.68065859881762e-32,1.43977085221489e-24,-1.68E-42,-3.02E-24,-1.06E-23,-3.23E-19,1.3959270777036e-15,9.30616353852156e-18,-6.35E-22,-1.23E-22,-1.94E-23,3.07761860282921e-24,9.630775714699388e-33,-7.17E-27,-4.04E-30,-2.57E-17,-5.91E-36,-3.03E-25,-3.20E-32,-2.47E-17,-8.70E-32,-7.02E-13,-3.12E-31,-3.27E-20,-3.87E-35,-4.58E-30,3.89719863199734e-29,3.97050211824074e-24,-9.08E-31,-1.42E-23,1.48440066812662e-34,2.11318510795477e-12,3.8962054494707995e-34,2.64381953226638e-15,-1.73E-31,2.66564720015828e-11,-1.34E-27,5.2477651159978e-11,1.81307801969277e-29,-6.52E-15,9.861035397056433e-31,-6.10E-12,-1.52E-44,-6.77E-43,-1.98E-44,-6.80E-39,1.18470748616984e-29,-1.79E-28,7.02260163580498e-41,8.98850758790503e-35,-3.95E-33,-3.52E-29,8.37636326069452e-35,-7.88E-26,3.2353475011198496e-36,-1.17E-24,3.01130837244727e-31,-4.64E-26,-6.31E-34,1.1928098439728899e-26,6.50934011722374e-26,3.58507134253227e-29
-5.06E-21,2.33018491630234e-05,-6.99E-26,1.01614097394583e-12,3.75475631813244e-36,-4.10E-22,0,2.2157021565915497e-36,0,-2.91E-42,0,0,-5.20E-41,-6.65E-26,4.19044151414854e-14,1.40180864310578e-07,0,0,-1.15E-34,-4.22E-33,0,0,0,0,0,0,0,0,0,0,0,0,-8.93E-41,-6.61E-28,3.08312839636483e-09,1.21124005504402e-07,-1.52E-19,-1.82E-17,1.8838058346858e-33,1.81660779579167e-26,6.38792849920182e-41,-3.05E-32,0,0,-2.18E-24,-2.68E-23,-8.08E-18,2.50261643987419e-14,1.29512414622969e-29,-5.71E-28,8.65905594436757e-15,3.45809627777677e-13,-1.38E-28,1.85704555956402e-19,6.08764893083768e-42,-2.05E-33,-2.20E-43,1.34139363285145e-33,9.0925268374158e-15,0.0004307971618592,6.62635082769558e-13,0.0005838774730732,7.710262698441921e-23,1.83187565274328e-07,1.87260194821898e-38,7.55964477283655e-14,2.63765917247736e-29,2.69876245192937e-10,3.26623117839367e-07,0.0001654999045707,6.76439942960882e-08,0.000335594908914,-7.27E-38,1.06454418873698e-30,0,-6.88E-39,0,9.496924994158501e-45,-1.56E-42,8.06075139950919e-29,-3.17E-43,1.96747540841588e-24,0,0,5.35240047915909e-43,-4.30E-27,0,0,0,-7.56E-35,-9.63E-41,8.94426535536162e-39,-4.09E-41,-3.07E-41,-2.49E-37,1.10031177204789e-32,4.06752189409956e-33,3.46522478450933e-30,-1.08E-36,1.41034519708068e-34,0,-3.92E-46,1.43044576942537e-46,3.65688050511833e-43,1.17655050866858e-45,5.55367253837492e-42,0,4.40659894441766e-48,3.54604666635426e-38,3.3222461859472904e-31,-9.34E-28,2.85940746335873e-33,3.4136374387898e-38,-6.90E-41,-2.59E-41,2.0001235165389492e-40,-4.35E-40,-4.35E-38,1.13252499036283e-36,-1.64E-32,-8.68E-44,2.1653143906232198e-40,2.1485600653290198e-40,-9.57E-36,1.05652999561435e-39,-8.55E-33,1.15944791528606e-38,3.1185346051796495e-36,3.5032461608120403e-46,-1.28E-43,3.35375623834772e-37,1.1850395478974598e-36,1.45841283567488e-38,-4.24E-37,-1.36E-45,6.972284855435191e-35,2.07186099416496e-43,-1.20E-36,3.75839435918042e-41,1.85478767438677e-33,-2.20E-36,-8.38E-29,1.62028919794663e-36,3.4999145734319496e-33,1.65310808885193e-38,-1.26E-30,0,0,0,0,-8.54E-36,6.71243433897611e-37,0,0,-2.57E-46,-9.79E-45,0,2.78593704690711e-43,0,1.4126977911582e-43,7.80508144429954e-43,2.0036376708913e-41,2.35272173416535e-43,9.22443051552627e-42,-3.33E-40,2.86921250179984e-43
-3.89E-31,1.66954432059036e-09,1.50777702221589e-32,9.881383513169489e-18,6.21832023219355e-49,1.57726121391631e-23,0,1.30363999700746e-36,0,3.71949832157355e-42,0,0,0,5.19247856547849e-23,5.49334569459869e-29,6.35578101627541e-19,0,0,0,2.65289061245188e-43,0,0,0,0,0,0,0,0,0,0,0,0,0,2.3240144821971e-25,-4.66E-23,3.54829461843967e-18,4.62827242757126e-26,-2.46E-23,2.93190129338347e-46,1.2244881552732598e-30,0,1.04074366789307e-34,0,0,-1.77E-25,1.80769736517593e-16,2.40200865082884e-14,0.0001401561200201,6.50145564368155e-33,-1.72E-23,9.89283399951905e-17,0.0011945459479152,-7.58E-28,0.0005144960753565,-2.32E-40,1.43617781671395e-22,2.64401776506017e-44,6.026274705434581e-23,-2.21E-21,0.0003999337007748,-8.19E-19,0.003797457661069,-7.76E-28,0.0016923468195156,-1.27E-47,5.00197909521918e-07,-2.82E-32,0.0026392708573337,1.50514329720705e-12,7.09051131728177e-05,7.52804140413707e-15,2.65936182595018e-07,0,2.58382948313878e-34,0,-7.51E-37,0,8.87259648192807e-45,0,2.17716382670474e-25,0,3.703678209142689e-09,0,5.17043393941168e-43,1.98250273936524e-44,5.14220265551165e-08,0,0,0,7.87875850789161e-24,-5.19E-44,1.47384498123052e-30,4.11665642508918e-44,-1.46E-35,0,0,2.81762196218378e-44,-9.65E-41,-6.85E-43,1.06331246348903e-30,0,-2.83E-46,0,1.27577053646556e-46,0,0,0,0,0,4.68635999582313e-47,4.71011101275138e-38,1.82542762022259e-39,5.3603693187712186e-42,0,0,0,0,0,0,2.4364931079857696e-42,0,0,0,-2.24E-44,0,5.51526139787238e-39,0,1.33775509720746e-47,0,0,0,-2.74E-46,0,-4.69E-46,0,6.259607753803649e-42,0,6.12146171257683e-45,0,2.33442411186115e-39,-7.62E-48,6.62729972929001e-37,0,7.69562942662155e-42,0,6.11714810773121e-37,0,0,0,0,8.10668533080473e-48,0,0,0,0,0,0,0,0,0,0,0,0,0,0,0
9.73613284468691e-09,0.0038415841983057,4.32918820885919e-10,0.0005386107716576,7.44880654540248e-24,4.48323807722063e-06,1.58412284863984e-38,-1.36E-16,4.6660675494274e-42,-5.74E-26,0,5.5969107864857586e-40,4.54493627700763e-35,-3.73E-14,2.422738492807e-07,0.0003112998324144,5.5870773397582e-41,2.1674004572611894e-40,2.75911642565922e-21,-2.87E-18,0,1.44017794858617e-45,0,-3.16E-43,0,-2.35E-46,0,-5.41E-48,0,-7.05E-42,0,2.5864391868123006e-45,2.3626771261029698e-33,-1.69E-15,4.26471340791579e-07,2.77502665131508e-06,1.8609932424873699e-13,3.27129844023518e-10,3.25532018477059e-26,-3.04E-17,1.30854748935491e-29,4.35683983086444e-20,-2.89E-45,1.95635399573434e-35,1.54668973799757e-14,6.20870102036894e-12,3.33945725114811e-06,0.0003885641189261,-1.58E-21,-9.12E-18,2.68704823896228e-05,0.0014912199893192,9.28513569694652e-13,0.0002070577415525,-5.29E-32,-4.16E-22,4.867006944830329e-32,4.24344297922801e-21,0.0001256277614689,0.008247792588875,0.0014437292205569,0.0183852100638144,1.18597793486364e-10,0.0224006200388643,-1.01E-30,0.0033553997291383,1.19672413337602e-15,0.0100849683946959,0.0048842608128656,0.0055301566464249,0.0020941723511915,0.0078720343455796,1.43977889509026e-26,1.20490189524821e-18,-2.62E-36,-1.11E-21,6.00091623632366e-37,-9.63E-29,-2.96E-36,9.5742251710604e-15,-5.22E-36,4.52540057511135e-07,0,-2.62E-32,-1.21E-29,6.40923331312996e-08,0,2.4104870503265493e-40,1.72482872109794e-44,2.49427669762795e-21,-3.90E-35,-2.48E-28,7.63870475256789e-37,2.2499028134799e-35,6.79448260429601e-27,3.34048972221765e-24,-1.95E-24,6.75823518145222e-22,7.34519199876812e-31,3.25834369656878e-28,2.09430211625059e-41,6.79812339440907e-38,1.19030875055164e-38,-1.28E-35,9.18856879599138e-40,-2.20E-36,-8.76E-47,4.39900097635273e-41,-4.35E-30,2.28364472386987e-23,-6.92E-20,-3.69E-26,-3.65E-32,-5.24E-34,-9.50E-36,1.04820591730918e-35,2.25121378684877e-27,1.56206972869545e-24,1.36253436125216e-25,-4.29E-20,-2.69E-30,1.15627429690594e-27,-1.12E-27,-5.80E-21,4.49450587324207e-27,-1.16E-19,6.00002342650444e-27,-7.87E-24,-1.73E-35,3.84974296005394e-33,2.21380584458816e-25,5.2356946280334804e-23,2.86900789148959e-26,5.444565109512311e-23,-2.02E-32,-1.52E-21,-3.74E-30,1.06956361459239e-22,-5.31E-30,1.62849342321753e-19,8.36093988378895e-26,2.67224327148424e-19,-7.80E-28,-5.72E-20,5.64812223715615e-26,-7.63E-19,-2.15E-43,-1.55E-43,-4.50E-37,-4.51E-35,-9.70E-24,-5.11E-23,1.96393107728552e-40,5.36951316047149e-38,1.48929078868261e-36,1.65198232551769e-34,-5.67E-35,3.73746307367078e-32,-1.07E-35,1.01077181875173e-32,1.74816337138655e-31,-3.14E-31,2.36785916348853e-34,-5.76E-34,2.0589054938015e-28,1.94678630181859e-34
0,-1.07E-37,0,2.86874798233581e-41,0,-6.80E-38,0,-3.32E-39,0,5.994491704184568e-41,0,0,0,-2.06E-46,0,1.7013867373155102e-46,0,0,0,-6.42E-47,0,0,0,0,0,0,0,0,0,0,0,0,0,0,0,0,0,0,0,0,0,0,0,0,0,0,0,0,0,0,0,0,0,0,0,0,0,0,0,-6.61E-39,0,1.84471577714863e-42,0,7.0837303106564485e-40,0,-2.32E-39,0,8.99806376920901e-49,0,0,0,0,0,0,0,0,0,0,0,0,0,7.807298034283439e-49,0,0,0,0,0,0,0,0,0,0,0,0,0,0,0,0,0,0,0,0,0,0,0,0,0,0,0,0,0,0,0,0,0,0,0,0,0,0,0,0,0,0,0,0,0,0,0,0,0,0,0,0,0,0,0,0,0,0,0,0,0,0,0,0,0,0,0,0,0,0,0,0,0,0,0,0,0,0,0,0,0,0,0,0
3.8130668006232095e-11,0.0030183664255325,2.77853127225984e-13,0.0005903883171863,2.05329633212177e-21,0.0005135997497256,1.90283076735098e-29,1.12527435398692e-10,-7.76E-35,-7.09E-19,0,-6.43E-37,-8.92E-28,7.27230204094264e-19,1.26148394984647e-06,0.000934985253182,-3.16E-37,-1.42E-36,-2.11E-20,3.66336103729729e-20,-1.28E-45,-4.48E-43,1.71371236490991e-44,3.42956612267504e-41,-2.87E-48,4.552386587151851e-44,0,-2.76E-44,3.8924957342356e-47,-3.48E-39,0,-1.21E-41,-1.32E-24,-9.93E-19,0.0007141947213228,0.001241407281728,1.59257246818126e-06,1.40049446458301e-08,1.80495703315876e-23,5.2579836895408e-22,1.08512599684192e-29,-1.29E-28,3.1116004298252092e-40,1.59309462696288e-31,-8.48E-18,2.07463805763574e-19,3.26232530715135e-06,3.04967429132056e-06,5.24445336560169e-24,2.93250168758465e-23,0.0001358369289271,1.33950705325067e-05,3.81822108145009e-07,8.68529575264149e-12,1.76305044333634e-28,-9.14E-31,-7.44E-29,1.55375210569064e-29,3.15580890048464e-05,0.0034645532344193,0.0012870145687524,0.0135593864469818,7.85592845790432e-07,0.0057164862915153,1.39618846584937e-24,3.0310241361395e-05,6.45881322127893e-12,0.0009516089066026,0.0022219243907378,0.0022106950598111,0.0009195322138685,0.0042282071147309,6.88621938400215e-19,2.0199387357412696e-16,-6.65E-30,-6.63E-22,-6.87E-32,3.69840375694136e-25,-1.61E-29,-7.53E-21,1.18155405659495e-29,-3.41E-21,1.73117611837794e-46,-1.98E-29,4.33412859280913e-26,4.656963400611109e-22,0,-2.69E-36,4.863068678992379e-40,-6.55E-32,-4.45E-34,1.4972044782388498e-36,-4.90E-36,-5.30E-39,-1.65E-29,-1.16E-27,-6.58E-25,-3.72E-27,2.53940169304673e-29,8.897930688862581e-32,1.3558245065712e-39,-8.23E-44,5.92930340740906e-39,9.91134780218794e-39,1.11955070916013e-37,1.43390518540537e-39,1.55261923599323e-44,2.52371650125427e-42,1.14272867341801e-30,-1.01E-24,-3.67E-22,3.6538971196994292e-28,-1.00E-33,-1.79E-36,-7.90E-36,-1.24E-33,5.412130737619281e-25,1.2288141960588598e-22,3.01104771981203e-22,6.044479957274612e-19,1.90751087109856e-27,1.15656192399795e-25,6.31802938033947e-24,4.287767483070791e-20,2.5729318199971e-23,3.3859088469186e-19,1.32705698061214e-25,2.92648882169306e-22,-1.25E-31,4.99473508950551e-29,3.90298686948632e-24,4.9274750405906e-22,-4.04E-26,1.5838753458694398e-22,3.16434582895264e-30,-2.36E-26,2.53185021645926e-30,2.83752586155435e-25,-1.10E-27,2.87036957185134e-23,-2.75E-23,5.05872404865241e-19,3.37905738251074e-23,1.27650891551822e-19,-6.88E-24,3.69239072784688e-18,-2.51E-41,-2.96E-39,-7.46E-32,2.0632442226248e-32,-3.73E-16,7.09140092477019e-17,4.2412341660675295e-36,-1.78E-34,6.720411462582551e-35,1.93469092208037e-32,3.04087837132975e-34,1.48423885653874e-30,1.7718069433292096e-34,-2.78E-30,-7.21E-31,-7.21E-29,6.38860856494608e-35,2.1191277367020007e-33,7.14155605531162e-30,1.53179067719729e-33
1.59570491739761e-37,8.39432113476573e-18,2.18784182951632e-39,3.16114148520507e-24,6.99561026121775e-49,1.83641464643644e-24,0,6.097963688629561e-35,0,5.80067241525507e-38,0,-2.95E-42,5.57484361892531e-43,1.33216135632373e-17,2.0494057050729e-31,-1.32E-26,0,-1.24E-42,0,-1.64E-49,0,0,0,2.7508711464094603e-47,0,-2.23E-47,0,0,0,-7.47E-43,0,-6.39E-46,1.23657236053615e-44,1.13627103969605e-21,9.758025587122e-24,7.272257370905451e-21,-5.75E-22,-9.23E-22,-9.29E-35,9.645448780931833e-19,2.14750413550174e-36,1.40457750228129e-18,0,1.72460070956706e-35,1.60074485995407e-09,2.56846761584597e-05,3.94213092382698e-06,0.0001818755632947,-1.49E-17,1.58632649246978e-11,8.60401355171873e-08,0.0014107005495199,3.70953563911725e-20,0.0017794884973479,-1.12E-26,2.40682283694073e-12,-1.45E-33,1.52881332017719e-13,-5.87E-27,1.04867454661392e-09,-2.16E-13,4.40231956789639e-05,-2.07E-25,0.0001567633125351,-5.82E-43,6.01468673772881e-07,-7.73E-31,0.0002097775421769,1.45658131719524e-12,4.94195797510837e-07,-2.42E-22,-4.45E-19,2.9853857549874795e-42,-1.39E-26,-2.64E-48,-1.42E-28,0,4.59549827093546e-32,5.330383658462231e-45,1.6630217018105901e-19,1.28400303880681e-43,3.61109670783741e-06,0,2.46844388189286e-33,-1.35E-33,0.0004573071315222,0,1.5912462086574198e-36,1.22558877407159e-46,1.4809354150125898e-11,-2.41E-30,6.68236969214245e-22,4.63748948310462e-32,7.78232548872843e-29,6.53075162814458e-30,4.86048444515933e-25,-2.89E-23,-3.88E-21,4.73558914082501e-28,2.7876393006811e-22,6.66643452234923e-41,-6.03E-35,-2.03E-37,2.99511934363444e-34,2.80255798375949e-40,7.19656755208608e-36,0,-5.43E-38,2.41471559495197e-28,4.03009007699362e-24,-2.64E-20,5.10614220450633e-22,-7.83E-30,1.15187082331983e-33,2.89381996244149e-34,-1.65E-33,6.9935712578621295e-43,-8.27E-39,1.25373172286957e-39,-1.88E-33,1.36132481558021e-45,-7.97E-40,4.35197768835779e-43,-1.53E-33,4.97024828516599e-40,1.86898577780763e-27,2.11410590880375e-38,-1.09E-32,1.98809219626083e-43,-8.93E-39,-2.39E-36,-3.86E-35,3.01946727588128e-41,3.08214785026736e-35,-3.41E-40,5.194442449240671e-25,2.95192184110449e-38,1.16447918649241e-27,1.24047257688617e-37,-3.92E-24,-1.17E-35,-9.85E-25,3.66058246258491e-38,-9.33E-29,1.28724561674741e-39,5.19482227192129e-26,0,0,0,0,9.75190816624394e-44,2.2780959087006603e-44,0,-4.35E-46,1.69183452993905e-37,1.99857576440566e-33,8.5389996090543e-40,4.8840535671388e-32,-1.18E-40,2.50410339406102e-32,1.48957910847876e-35,2.64698482369196e-32,2.47886231045109e-34,1.63362996531932e-31,2.69947730828277e-29,3.19581684896882e-32
1.76343639827353e-27,9.59389221548636e-15,-9.32E-27,1.00143093687553e-15,1.08116519015682e-34,-9.70E-21,0,-1.10E-35,0,2.90340368382984e-41,0,0,0,1.48388765435656e-33,-1.57E-20,-3.72E-19,0,0,1.67611421106144e-33,-3.58E-31,0,0,0,0,0,0,0,0,0,0,0,0,0,1.15053872764442e-35,-4.92E-33,-2.99E-33,3.43619633704805e-41,-2.19E-41,0,-1.45E-43,0,3.68274110544729e-47,0,0,0,-2.82E-49,0,5.65833298445765e-48,0,0,0,2.24872205793101e-45,0,2.55312839841831e-46,0,0,0,-1.46E-48,6.90820672736403e-32,-6.47E-19,6.94751480750758e-39,5.077422085273e-24,2.7537776830085705e-45,-9.86E-23,0,-1.37E-22,0,-5.28E-36,-3.96E-32,-1.53E-33,-3.30E-23,2.7822347460924897e-22,-3.58E-47,3.17885235226883e-39,0,-1.59E-42,0,-1.81E-47,0,3.42033940175612e-37,0,-4.65E-33,0,0,0,4.17640393073994e-38,0,0,0,7.15397928046063e-45,0,0,0,0,0,0,0,0,0,0,0,0,0,0,0,0,0,0,0,0,0,0,0,0,0,0,0,-3.45E-45,0,-1.96E-42,0,6.72623262875912e-48,0,-3.11E-43,0,-6.35E-43,0,-1.43E-45,0,0,0,-9.68E-46,0,-1.28E-45,0,3.75683234403436e-48,0,0,0,1.93983669767318e-45,0,2.83455221457596e-42,0,-4.89E-44,0,6.07193834979658e-42,0,0,0,0,1.38772536869433e-40,5.775847296922769e-42,0,0,0,0,0,0,0,0,0,0,0,0,0,0
-6.22E-26,5.59257275895377e-18,-3.13E-28,4.0048936155653203e-23,-5.68E-44,5.66112233541807e-29,0,-5.15E-45,0,0,0,0,0,2.7614299698010898e-42,1.93145970005008e-25,-9.59E-23,0,0,1.0591348194136901e-44,-2.68E-41,0,0,0,0,0,0,0,0,0,0,0,0,0,7.370888309784549e-43,1.75827131779106e-32,-1.25E-30,2.54218019670808e-39,1.43152301840543e-37,0,-2.33E-47,0,0,0,0,-1.66E-41,7.70836666400556e-41,-9.34E-36,1.7796089671168399e-34,-8.84E-47,-3.24E-46,-5.18E-33,-1.10E-31,1.62626775192279e-38,1.2243738362635201e-35,0,0,0,0,-4.70E-22,-2.49E-16,-8.82E-21,2.7621847418310303e-19,-5.31E-36,-4.36E-26,0,-2.69E-29,4.19921417745483e-39,1.66833551438084e-29,2.9531997276869298e-18,-1.56E-18,3.78553072399018e-20,-1.62E-17,0,-6.63E-47,0,0,0,0,0,7.50595111161938e-45,0,7.405249455294548e-42,0,0,0,-1.17E-41,0,0,0,0,0,0,0,0,0,0,0,0,0,0,0,0,0,0,0,0,0,0,0,0,0,0,0,0,0,0,0,0,0,0,0,0,0,0,0,0,0,0,0,0,0,0,0,0,0,0,0,0,0,0,0,0,0,0,0,0,0,0,0,0,0,0,0,0,0,0,0,0,0,0,0,0,0,0,0,0
2.61215535545251e-21,2.82043696851282e-08,-1.20E-25,-1.32E-18,1.73243138454624e-32,-8.45E-16,-1.02E-41,2.8400671258023e-27,1.25432558268695e-46,-5.14E-32,0,-4.70E-41,-1.50E-28,3.98908061317013e-07,-6.86E-22,3.55491560290097e-18,-4.56E-44,4.55039666777914e-42,2.0544464617305e-38,-2.88E-34,0,0,0,3.21052525677104e-45,0,-7.05E-48,0,0,0,8.784374136622292e-44,0,-2.52E-47,-8.33E-27,3.41795715659989e-09,7.43208654843687e-10,1.1977507365183298e-11,-2.91E-14,4.3133913070303794e-11,1.28223814664639e-25,4.91432816012088e-14,2.47346423659451e-31,-1.78E-20,-8.45E-45,-2.20E-36,1.74796457831732e-22,5.24602538182958e-17,7.385231648828662e-19,5.27713938943491e-10,-1.96E-27,3.2849614495532906e-21,4.947950175160391e-15,2.60931193806738e-06,2.67493666363751e-12,2.27001619002153e-08,4.83970304540868e-38,1.16908902995716e-27,3.4395402722748493e-34,3.07075481146233e-21,1.07102428702056e-08,0.0001450768306777,2.57941248540095e-06,0.0194618467942774,6.16245121272287e-08,0.0178167317782995,-6.17E-27,0.0003506906721946,9.74665544156397e-16,0.0130191417651058,1.79081376315959e-06,6.65951152305465e-06,1.84425468865302e-10,3.42318449617763e-09,-3.07E-21,2.15525679249079e-13,-2.29E-32,-2.67E-21,8.18449461029305e-36,-3.02E-27,-1.11E-29,1.191920598048e-08,-4.31E-32,2.57337334872821e-05,0,3.70846092984096e-32,1.22286205108386e-30,1.84814713419298e-08,0,-1.54E-39,-2.62E-42,-6.92E-21,2.09722472189402e-39,-3.13E-29,1.0367940802284999e-41,2.39540741856128e-33,4.10960060610458e-30,8.82809028943157e-27,1.84970106588858e-29,3.98779500369946e-25,-6.87E-33,3.29551809230871e-28,1.81377426037181e-43,-1.49E-35,3.0077002024869995e-42,4.74555726001996e-38,-4.18E-40,-1.76E-34,5.27676452972314e-45,-2.32E-35,4.39366633691535e-31,3.8084517227636e-26,-1.96E-24,4.87622516455889e-32,1.7502263412992e-37,1.54553687756016e-38,7.84803887954933e-37,-2.34E-35,1.09060718094183e-29,8.82367877996667e-27,6.53816462511864e-21,-2.10E-21,4.62490519416843e-33,-5.16E-28,3.9696024717097804e-24,-4.78E-22,4.09979102682941e-22,2.20567528752979e-17,2.3356948919640103e-25,-8.13E-27,-3.10E-36,6.0748323122819296e-34,1.20985503283627e-24,-1.51E-24,6.428178083544791e-25,5.365448210410471e-25,-8.78E-30,-5.54E-21,-3.31E-29,-3.44E-23,-1.07E-27,3.85384382084874e-18,1.68581612553802e-21,1.7248017127339902e-14,8.273547906383509e-22,1.09134849138598e-18,2.6284622667706906e-21,7.054759277021351e-15,1.04340913203635e-48,2.77340321064287e-45,-8.10E-47,-2.68E-44,-3.78E-31,1.15313254434435e-32,-2.02E-42,2.5837316453084094e-40,7.78276109148538e-37,1.29718403476448e-34,-1.94E-36,9.94970562608742e-32,-2.10E-36,2.5746374179349303e-31,-6.55E-34,2.1108831604705e-31,1.44332195936316e-34,-1.04E-32,4.0931270435615e-31,2.3815959738956093e-34
1.15320340482454e-10,0.0006855785029273,7.014020419377931e-09,3.74570791767034e-05,-7.42E-25,6.3491515001821986e-12,2.52870056816288e-37,-2.13E-20,-9.77E-43,-7.24E-26,0,8.932705498142111e-31,3.48177729946084e-27,6.52705284163639e-05,3.78805832269079e-05,0.0005682355067453,-4.29E-34,4.46972331416552e-27,9.983744935115491e-25,6.35180761431767e-24,-1.41E-43,6.38229761574337e-38,-2.91E-41,-4.79E-30,-1.49E-45,8.132949676007489e-33,0,2.50335691863658e-35,-7.60E-46,-3.18E-30,0,-6.48E-34,-2.32E-26,2.45246234787543e-05,4.60472465423099e-05,0.0011469497104712,9.43397184739892e-06,0.0013538506382985,1.76756476647841e-19,0.0006948818768883,6.60108542767765e-25,3.76384766363465e-06,1.55899896608285e-39,6.789295743529961e-21,3.60751958553712e-06,0.0008901615319552,0.000333148354914,0.0036491710961764,2.24419734458006e-09,8.08732209199576e-05,1.92033072637042e-05,0.0035313586198207,4.33610884829009e-18,0.0013684763364754,-9.36E-26,1.0026904280183601e-17,1.9225216540776294e-28,1.32184145540618e-09,4.08292589576878e-07,0.0015681484788144,3.7538188905623e-06,0.0034695190395536,-8.47E-18,0.0014328878050926,1.5976610187952e-30,0.0010496607604809,-2.15E-22,0.0016659598311829,0.0007809071452688,0.0034864940010366,0.0004554931361577,0.0026824994655504,8.10543574548751e-23,1.30612957538727e-05,-1.23E-31,1.46250973968772e-09,6.405087793844119e-34,-5.68E-16,3.30916278438899e-27,0.0002486328475656,8.202698980020369e-30,0.0002550922570461,-3.61E-46,-1.22E-25,-3.54E-28,8.81218366187229e-05,0,5.26012513211629e-30,-1.25E-37,9.93230410294809e-16,4.83705340525575e-26,-6.61E-22,4.47232153739573e-26,9.05718086634482e-25,1.44877108728764e-20,7.160425788496789e-11,2.25526916651968e-17,1.34393211283775e-07,-1.84E-22,3.5792545329754504e-17,5.35306132007371e-35,-2.16E-29,-3.43E-31,-3.63E-24,-4.33E-31,-5.79E-24,-3.17E-40,-2.42E-25,-9.53E-20,4.81118190491943e-10,4.1815715611041e-07,1.10879903009306e-14,-4.54E-21,-1.00E-22,-3.11E-24,5.16865023260492e-23,-1.76E-24,-1.01E-17,1.0045587933544301e-19,1.62723318508557e-08,-2.71E-29,1.23957904099106e-19,1.51971094715897e-26,1.14422091347487e-10,3.8699145377198e-23,5.12231715574209e-06,2.96673781436501e-22,-1.56E-12,2.39683653225998e-28,2.6063306398507305e-23,-4.94E-21,-1.91E-13,4.0757182071841697e-22,-1.59E-13,-3.91E-26,1.10059237501004e-05,-2.46E-26,2.21827984274663e-08,8.66448355822408e-24,0.000139352922667,2.54298582256548e-19,0.0002246885756055,1.2556800101832102e-19,3.30577299462345e-07,1.4360691210057502e-20,0.0001423235639014,-9.55E-38,2.19123690275602e-36,5.74484574797629e-36,5.2639545079106895e-34,1.03925548364989e-18,-7.61E-21,-4.63E-34,8.208697620773919e-28,7.02563292903128e-29,-9.11E-23,-1.50E-28,6.01741280990432e-18,-1.33E-29,1.81896114740296e-17,-2.49E-24,4.79984483936484e-18,2.24828244850393e-27,1.50734489170862e-23,9.52301169487679e-19,1.58973292224122e-25
-6.86E-20,0.0005253815111521,4.21571971541751e-16,0.0009789779657058,-1.40E-28,0.0045391821174733,-5.80E-42,4.82480809760275e-06,-4.69E-42,1.22337072393845e-06,0,3.1687975666454106e-21,-1.28E-47,-1.14E-21,8.63668429470007e-09,0.0002361181637196,1.62773028258925e-36,-6.53E-30,3.27240828191648e-12,3.60483556511385e-05,-1.46E-33,-5.71E-26,-3.53E-39,1.22739741903643e-30,-2.85E-45,-1.05E-29,-3.90E-45,6.7515325867019e-23,0,-1.90E-26,0,8.0032407595985e-25,-2.84E-44,2.43716606225881e-17,2.18573360878283e-18,2.87002776602194e-08,-1.19E-27,9.92066683219457e-22,-9.56E-43,6.867805132910419e-27,0,1.23710634200538e-32,0,1.5814357199371702e-31,6.63338127720028e-34,-6.10E-27,7.39467660437917e-29,9.797084589549761e-20,1.93320799466374e-38,9.75048414539651e-31,-9.58E-32,3.72404214858384e-15,1.83811283349748e-36,-5.05E-23,0,-5.58E-44,0,8.75549790380029e-36,4.38753284276907e-17,0.0002124535880023,7.21170896493085e-20,0.0001220208371621,-2.16E-30,3.25811667171378e-08,-2.37E-48,2.28690193127316e-12,-8.98E-39,1.1501012881389e-12,3.4840286623386003e-10,8.66076429531383e-06,1.05872435483127e-08,6.00422730797909e-05,-4.03E-35,1.6460808429061602e-15,3.1929416579710494e-42,-5.42E-19,1.6053626428656599e-40,7.49876260460579e-23,0,1.6743989611093202e-24,0,-1.19E-27,0,2.8284626086138497e-30,0,-2.30E-31,0,-1.26E-36,0,3.88468118354629e-41,0,-8.89E-46,0,-3.06E-48,1.7960576364898502e-44,-1.03E-36,1.75629096129052e-42,5.89253717437877e-35,3.59837563153067e-47,3.41968436796132e-40,0,0,0,-3.45E-47,0,-5.19E-46,0,-8.52E-44,6.75667810618546e-43,-7.07E-38,2.93803054359342e-35,-2.40E-41,-3.16E-47,3.9645789885733e-47,7.046759518874801e-48,-1.61E-46,5.91891202264924e-33,-2.25E-27,1.4042022007037e-33,1.44728859779875e-23,-6.13E-36,-7.50E-25,3.5219602505370103e-35,9.95543320740179e-23,-6.69E-38,-1.43E-22,2.3719783941974297e-36,8.88594628663784e-29,-3.05E-38,6.5946036354735795e-34,1.36243603082793e-33,1.75372505118897e-29,5.60463144198654e-35,2.62831931474835e-28,8.123469358404738e-48,8.15463329300596e-30,-1.27E-45,4.375154978780079e-30,7.89360465589423e-45,8.26658965355779e-27,-4.56E-36,4.52782290196753e-24,-1.37E-34,1.57811152520618e-25,-7.43E-38,-1.98E-22,1.99181571303861e-34,3.3375521295391197e-28,6.73803238279707e-23,4.944010924085902e-16,3.04247973301954e-21,2.59959093403941e-13,6.34325480743479e-37,-5.22E-30,-7.18E-44,4.69313827127744e-41,-2.18E-44,-5.88E-35,-2.26E-44,-2.15E-33,-2.69E-41,1.22424508782824e-36,0,9.03440915584509e-44,3.33461212358742e-39,1.94025941214205e-45
0,0,0,0,0,0,0,0,0,0,0,0,0,0,0,0,0,0,0,0,0,0,0,0,0,0,0,0,0,0,0,0,0,0,0,0,0,0,0,0,0,0,0,0,0,0,0,0,0,0,0,0,0,0,0,0,0,0,0,0,0,0,0,0,0,0,0,0,0,0,0,0,0,0,0,0,0,0,0,0,0,0,0,0,0,0,0,0,0,0,0,0,0,0,0,0,0,0,0,0,0,0,0,0,0,0,0,0,0,0,0,0,0,0,0,0,0,0,0,0,0,0,0,0,0,0,0,0,0,0,0,0,0,0,0,0,0,0,0,0,0,0,0,0,0,0,0,0,0,0,0,0,0,0,0,0,0,0,0,0,0,0,0,0,0,0
1.10796170794068e-43,-1.02E-22,-1.90E-42,-2.66E-26,0,1.65504765929468e-27,0,2.54051501418487e-41,0,1.62865930302745e-48,0,0,0,2.0459219203987094e-40,-3.49E-39,6.62695862596436e-34,0,0,0,-3.94E-48,0,0,0,0,0,0,0,0,0,0,0,0,0,-1.27E-44,9.3853065616809e-48,2.42728947630422e-41,0,0,0,0,0,0,0,0,0,0,0,-7.82E-41,0,0,0,-2.48E-38,0,-7.57E-40,0,0,0,0,-9.90E-43,-1.69E-23,5.71801025908813e-45,4.1089920043255196e-26,0,-9.22E-27,0,-5.37E-28,0,-4.29E-33,-1.08E-38,1.2839161908636496e-34,3.87364107559169e-38,-1.89E-31,0,0,0,0,0,0,0,1.14101712305967e-45,0,-3.82E-39,0,0,0,1.04169886697005e-43,0,0,0,0,0,0,0,0,0,0,0,0,0,0,0,0,0,0,0,0,0,0,0,0,0,0,0,0,0,0,0,0,0,0,0,0,0,0,0,0,0,0,0,0,0,0,0,0,0,0,0,0,0,0,0,0,0,0,0,0,0,0,0,0,0,0,0,0,0,0,0,0,0,0,0,0,0,0,0,0
-4.35E-22,1.74593526750464e-05,-4.78E-27,3.10913460334002e-14,-4.81E-35,-1.49E-16,3.3749963013603497e-49,1.04461922928242e-31,0,-5.60E-39,0,0,-4.49E-37,1.37594240637492e-22,-2.14E-19,4.64357619661929e-13,0,0,1.48924893958866e-38,-3.00E-38,0,0,0,0,0,0,0,0,0,0,0,0,-1.23E-37,6.14463384347322e-23,3.8309343088021294e-11,7.60505405707324e-07,3.4958389967655702e-09,7.36590623793917e-07,1.91569983427659e-32,1.09614223449523e-24,2.5794492179597693e-40,-4.50E-28,0,-2.13E-45,2.33565657710708e-06,9.77491001697328e-08,0.0010634432644926,0.0013526549559418,-6.87E-15,-1.41E-14,0.0001625843410549,0.0014411015791427,1.1825199530918e-11,0.0001039578609297,-6.42E-22,-1.13E-20,-1.31E-28,-4.07E-23,-3.04E-16,0.0007083643086708,5.91426121562187e-05,0.0022394724235593,3.27712847783909e-14,0.0005700335038051,9.60675992894786e-31,1.80310890384808e-07,4.31178581973442e-21,0.0005780018797309,0.000397265591646,0.001370049854739,2.1454096940465e-11,7.49236835984104e-06,-6.42E-34,-1.99E-24,-9.68E-46,6.9622550627653895e-34,0,-2.22E-38,1.2072022302668e-39,-3.19E-24,-1.07E-35,-2.21E-21,0,-3.80E-48,-2.21E-26,-1.57E-16,0,0,-1.47E-42,-2.13E-30,7.64017448665087e-26,4.16276125486089e-26,1.60791202267156e-26,5.5593723262560595e-28,1.01423655292755e-36,4.77728964842038e-33,-1.01E-26,-1.34E-24,1.24002392698486e-25,-4.17E-25,-5.13E-36,-3.52E-36,-5.82E-39,1.3251506144659896e-34,8.502908756839109e-42,-1.67E-38,0,4.4396484365008e-46,1.35844225686621e-37,2.86740092307924e-30,-4.15E-21,2.9719694526472007e-21,-2.43E-25,-1.15E-33,-7.77E-36,-1.96E-36,-1.28E-38,1.15473564017652e-35,2.2954309697945293e-34,2.20502192894115e-29,2.19459773124417e-43,-2.91E-38,1.00542413343511e-37,9.20085117432626e-33,1.55250069064492e-36,1.41445889140846e-29,2.22581772732896e-37,1.98237005155576e-33,-3.68E-45,3.77317127750261e-42,5.461518491892149e-36,-6.99E-33,1.27353848256336e-37,-5.62E-34,4.62095430983495e-43,2.5422417260042103e-31,1.50082156628742e-42,1.02064293254124e-32,-1.39E-39,8.62802555869612e-30,-9.92E-34,6.15930831173707e-28,1.0213806279639301e-35,-1.40E-30,-1.66E-34,-4.54E-28,0,0,0,0,2.10396370000751e-31,3.1514428255980797e-34,0,0,1.6184010433047202e-45,-2.09E-43,-3.35E-47,1.0242375925437299e-41,0,1.6404253867635796e-40,8.01004852506519e-42,7.28256622929289e-39,-1.62E-43,-6.72E-41,2.42849561508624e-37,4.4787439179233287e-42
-1.48E-29,2.35948716092109e-11,-4.56E-29,6.950589963846139e-18,-6.95E-46,3.4306160997838403e-23,0,-3.90E-39,0,-4.38E-46,0,0,0,-1.54E-35,-2.75E-23,1.16994341800016e-18,0,0,3.86394299657168e-42,5.78748016295652e-38,0,0,0,0,0,0,0,0,0,0,0,0,0,2.8849923959062895e-36,1.24194596826929e-26,1.4643338800622398e-26,-3.12E-34,-2.69E-32,0,5.996551262424499e-42,0,3.3361301778757803e-46,0,0,3.19904776433014e-36,1.36668489762108e-35,-1.87E-27,-2.81E-27,2.25233843387115e-41,6.50258400017017e-41,-8.38E-26,-1.16E-24,-3.14E-37,1.13228850192633e-28,-3.16E-48,4.70228440695449e-45,0,6.0835594771238e-43,-4.67E-20,1.2682393390112e-06,2.9262565058151e-18,4.085841511769e-07,4.2630842239661e-35,8.406891661943851e-20,0,-1.50E-21,-6.83E-39,-1.18E-22,6.10022182422145e-14,3.858674995030031e-09,-9.04E-15,3.48691043087699e-11,0,-6.19E-40,0,-1.25E-47,0,0,0,4.1388552330378e-37,0,5.23028113597955e-33,0,0,0,-9.53E-35,0,0,0,8.31836296716854e-45,0,0,0,0,0,0,-1.04E-47,5.85908765571352e-47,0,6.83084209629089e-49,0,0,0,0,0,0,0,0,0,0,4.81316521475273e-43,-3.25E-46,0,0,0,0,0,0,0,-1.64E-44,0,0,0,-9.35E-47,0,-2.57E-44,0,0,0,0,0,-1.38E-48,0,0,0,1.87841617201718e-47,0,0,0,3.51698438105052e-45,0,-1.15E-42,0,-5.39E-45,0,-1.84E-42,0,0,0,0,3.30926476182493e-46,-1.64E-48,0,0,0,0,0,0,0,0,0,0,0,0,0,0
-3.12E-16,0.0008261010777544,-1.66E-16,0.0001142234814053,7.75167220369458e-29,3.36406249102365e-06,-3.26E-45,1.4176721792619902e-23,6.23353409397161e-49,2.36624977371152e-30,0,8.509601372315751e-46,-5.24E-39,-3.14E-26,2.78549756369171e-10,5.36619000693852e-05,2.51764526052642e-47,8.96143564570404e-47,-7.81E-28,9.21633536876551e-25,0,0,0,2.35117192000808e-49,0,0,0,0,0,-3.47E-47,0,0,-1.16E-37,1.12056138562484e-24,9.75815178088873e-07,1.88033690612394e-08,8.020619891268332e-19,1.0251238692461e-19,-4.22E-31,-1.59E-27,-1.70E-38,7.80077496749532e-34,0,1.71286110609001e-38,4.394657219366261e-23,1.59304642880286e-24,-4.91E-16,1.80245635540955e-16,-9.74E-28,-3.54E-28,2.71263227029325e-10,3.3871008486649503e-15,-1.60E-21,1.99867899331705e-18,7.082241248011589e-34,3.03309891963777e-33,1.43366080203385e-36,-9.50E-34,1.39168954062406e-07,0.0007155774802676,1.25650531296749e-06,0.0008284493965525,2.17583905351042e-16,1.18271221520167e-08,5.92035736434409e-35,8.5596977508312e-16,-9.64E-23,2.02041721966468e-10,0.0003821615505877,0.000454120976098,8.53937426575736e-05,0.0015893423229774,-2.24E-32,2.22713571795514e-23,8.13194060136819e-43,-1.71E-28,2.1818169263651202e-44,1.51878727012802e-32,3.5267270107445093e-40,-8.89E-27,-2.96E-39,1.48898594229571e-25,0,-2.45E-38,-2.42E-36,5.07902832558868e-26,0,-2.53E-45,-2.41E-47,3.3789863532386904e-35,2.9068664183368306e-37,-1.99E-39,-2.64E-38,-8.15E-41,1.6142390635206e-34,5.8034700737585e-34,-1.47E-31,-2.31E-31,8.2164162764836e-34,2.2392241749931e-37,3.33050917703662e-44,-6.68E-46,-1.08E-41,1.1122554593999898e-42,-1.90E-42,-2.69E-43,0,1.44536445376899e-45,-8.36E-37,2.91824316098148e-31,1.93393561676587e-28,1.39883479901916e-32,1.57664080391475e-38,9.211053810449089e-40,5.6683560768948e-41,-3.21E-39,4.53502571905307e-33,8.91474796387548e-32,-2.45E-31,-2.03E-26,4.32045732152534e-38,-2.23E-33,1.05382988018564e-34,-8.65E-28,-5.35E-34,-8.44E-26,-4.57E-34,5.59299143476375e-30,-2.00E-39,-3.42E-37,-6.86E-33,6.43978217855372e-30,3.95693241868119e-34,7.40703796242527e-30,2.46046767463066e-41,2.13050783903328e-30,1.25700682018418e-38,4.20380847310413e-31,1.36530748113935e-36,-1.15E-29,-8.06E-32,-2.53E-25,-1.05E-31,-3.91E-27,-3.17E-32,-1.36E-24,0,0,-2.50E-43,-4.02E-41,5.630991728052739e-30,8.69522373077227e-30,-6.28E-45,3.90686240415764e-43,-8.89E-41,5.220401977176701e-39,9.906794925270328e-42,-3.44E-36,1.41442121229661e-42,-5.87E-36,-6.00E-38,-1.93E-35,3.9666164433821295e-40,-2.54E-38,-3.84E-35,-1.73E-39
-2.81E-18,0.0007109348728536,1.69195344190993e-20,4.56843354888067e-07,2.06690773918662e-27,2.79246355983129e-07,-9.38E-42,7.279459099820161e-23,-1.07E-46,4.92978452486158e-28,0,2.7061712805605203e-42,3.88340736957632e-33,7.12842538156826e-14,1.28511507105776e-16,2.44000110776854e-08,1.6626248926385197e-42,1.5637208026214298e-42,-6.09E-34,-6.59E-30,0,0,0,-1.94E-45,0,-1.69E-48,0,0,0,-1.71E-44,0,2.79514321341386e-48,-5.65E-33,3.57415025276364e-14,1.09634259422656e-08,3.38150215072018e-06,5.59060950587512e-10,1.27928879511514e-06,-4.87E-23,-4.00E-20,-3.63E-34,-4.18E-24,6.84725385976899e-47,-5.03E-36,4.26245246308449e-10,2.5830053771023e-11,0.0003703796724915,0.0007624209533668,1.4819543482503702e-19,6.25869522241982e-19,0.0001207192461391,0.0004238076871407,4.4970937319724e-14,2.67910231150891e-06,-1.14E-25,3.4680600168808303e-25,3.5810741638273102e-31,-1.14E-23,3.35496784690951e-08,0.0019571600511509,5.97621394236445e-05,0.0033421768677741,5.5221408335906505e-14,0.0021680024269236,-1.29E-31,0.0003538826909166,6.128622741807201e-21,0.0006194589778037,0.0007465371762066,0.0019199053967964,7.57707004522871e-06,0.000714523524509,-8.43E-26,-5.14E-17,3.07769417321645e-36,7.56332889141684e-24,2.81625089990893e-39,-1.09E-30,1.8168794818839298e-33,-5.12E-18,-2.83E-35,6.75569238042047e-16,0,1.6746059024176196e-34,-4.14E-29,-9.56E-18,0,-7.20E-41,6.784949771325389e-42,1.47426768597218e-27,-3.55E-28,6.5042553643041885e-28,-9.60E-30,-1.39E-30,-4.47E-30,-1.09E-27,5.729471178880609e-26,-1.20E-23,-9.55E-26,-5.20E-25,1.74554982237022e-36,5.39560984592638e-35,3.63474841211576e-37,-4.62E-33,5.30647036927944e-38,-7.72E-37,0,4.34461493796889e-38,-1.58E-31,-1.28E-25,7.53003327094773e-21,-4.99E-23,-2.58E-27,-6.20E-32,-1.93E-33,5.06219500509521e-33,-2.04E-27,-9.88E-25,-2.12E-24,1.04134409713906e-19,-7.70E-32,1.25335904624051e-29,-1.66E-26,-3.95E-21,-7.68E-27,4.79096903872886e-20,5.94219389697026e-26,-6.28E-23,1.55024884111397e-34,2.07170123099941e-34,7.7549407535118e-24,-1.51E-22,8.59784163358358e-26,-5.77E-23,-6.14E-35,3.91572427166316e-25,-1.31E-33,7.06394369314675e-27,-3.82E-31,1.82500715553501e-23,-1.30E-22,-1.91E-18,4.0484099644424e-24,6.22727912360183e-21,-2.50E-24,-2.55E-18,2.2955000904799703e-47,8.227320529179801e-47,-3.09E-44,2.9413484531551097e-42,1.68210014139431e-28,8.851680036560081e-31,-6.59E-41,-6.51E-40,-3.30E-35,-5.39E-34,-5.01E-36,-5.78E-32,-1.51E-37,-6.73E-32,-5.34E-32,-1.10E-30,4.213053827456521e-35,3.23768004346494e-34,-2.14E-30,3.61001222541057e-34
3.14364404308347e-13,0.0010699857601252,8.61143254028311e-18,9.00675408639753e-05,8.574094894774541e-21,6.26702234546871e-05,-6.94E-31,2.27409576467528e-14,2.06497772207382e-35,7.176577538746191e-23,0,-1.49E-38,-1.66E-21,4.73324374249203e-18,1.26858087925766e-07,0.0002006728418536,3.8951123083023e-36,1.7753086402831398e-36,6.091364452904821e-21,-1.21E-23,-1.04E-44,-9.16E-43,2.67961469093399e-42,-1.25E-40,2.91852252888014e-45,2.79378804156411e-43,0,-4.90E-44,1.15106659569539e-45,1.52040973614371e-40,0,1.4498407847977702e-44,7.38565220341869e-22,1.40128580752647e-17,0.0003892792512187,0.0009306885801139,0.0015987592912939,0.0008192443579867,1.90175217669995e-12,-3.32E-17,-2.16E-23,5.884811111735071e-25,-5.58E-40,-1.47E-31,0.0001536131387082,1.2460302096571e-06,0.001914782509671,0.0011214886741181,1.911889123554e-09,2.5403548794600098e-12,0.0013721172157907,0.0013745327708282,2.32818328775789e-05,0.0002647607375438,1.3606995626214002e-16,1.68101201094501e-20,-2.15E-18,3.76005530448676e-22,1.37813016503856e-05,0.001250516971215,0.0010908152693213,0.0022372643009473,5.31701913989549e-06,0.0020989515413769,2.61651310342687e-23,8.07797165267144e-05,5.43581468162772e-09,0.0013809695271104,0.0020007649243125,0.0017213254060218,0.0003013594157021,0.0020177012725442,8.2914888639215e-15,2.7832983739334896e-11,5.051246782758269e-30,-2.64E-22,2.75584499150287e-31,1.21591139122283e-24,-5.11E-24,3.04716261171032e-19,4.76122695281705e-23,4.48610788838412e-18,3.37647499623791e-46,-3.02E-33,-2.98E-19,1.5346026259847201e-15,0,-1.64E-39,2.00195329049901e-31,5.27560129064698e-27,3.98396276593006e-22,2.49318394890088e-25,7.85003484313162e-25,-9.35E-28,1.34294155414115e-22,1.71727496369464e-23,-1.58E-17,1.04419136132518e-21,-1.09E-20,3.76644494064277e-23,8.821019659454719e-30,-3.78E-34,-4.50E-28,3.74178469915604e-30,-3.51E-29,-5.39E-32,-5.68E-37,-1.73E-38,-6.70E-26,-7.99E-20,7.232286120617932e-14,-1.07E-18,-2.97E-23,-2.68E-27,-2.72E-28,7.709638548030478e-28,6.92190159029767e-22,9.5530929829461e-21,-1.57E-14,3.72368069414395e-14,-8.42E-25,2.22772826477224e-24,-5.74E-19,1.0916442591325501e-17,1.94678345220024e-16,1.6590740964872e-15,-7.94E-19,3.73687162152598e-20,-2.31E-28,2.61575883371825e-27,-4.54E-18,2.5529592541936e-19,-3.37E-19,2.72623079035868e-19,4.40460869866768e-24,-1.45E-22,2.09026113006567e-23,-1.09E-22,3.10952405044553e-21,-1.94E-20,-6.81E-15,6.49537115174495e-14,-8.63E-16,2.1271279288351706e-15,-5.78E-15,2.34776793523531e-13,9.03907924998192e-40,5.636392453890149e-40,1.52528914555297e-33,1.4373741386238e-31,5.0646588830441306e-15,-5.50E-17,-7.28E-36,2.09683508309375e-33,-4.71E-30,1.661585485178e-28,-2.88E-29,7.8024298755935e-27,-7.30E-30,4.927126931072589e-30,-5.38E-27,6.40065189294073e-25,4.33862554595449e-28,-1.27E-27,2.84159128215388e-23,9.60309186007054e-28
2.04189442232694e-06,0.0004064059405818,2.8051578943022e-06,0.0001504803358372,-1.66E-19,7.98369469343488e-05,9.30951210166135e-29,2.40773782158648e-07,-4.47E-32,5.16373783955042e-10,9.58443390679167e-46,2.9130395969696e-31,-8.64E-33,-9.67E-19,0.0003180547435447,0.0007269569645464,3.4571980958508195e-30,1.15877019668845e-27,9.85779088806724e-09,1.97937127757739e-07,-2.48E-39,-2.12E-32,6.9385450593146595e-40,8.06686608320577e-28,-3.40E-42,1.518115702424e-31,3.5586021949558e-48,-2.82E-32,1.1637465550137698e-42,-8.07E-32,0,-1.26E-40,-5.81E-32,-1.44E-19,9.78958081289579e-06,0.0001947965440985,1.20711820395057e-09,7.2007119010447e-07,-1.08E-28,-5.05E-19,-5.02E-36,1.32352832166888e-24,-4.65E-39,-1.13E-26,1.20263176462839e-18,3.70026949289825e-18,1.05477762504312e-07,1.34066993948073e-05,8.161412289507401e-25,-4.84E-21,1.40809850935511e-07,3.3360841790143e-06,-2.57E-21,3.5539664033165097e-11,-1.41E-33,-2.43E-31,-7.99E-39,-9.89E-29,1.27927714480686e-05,0.0007901549301866,1.541450938549e-05,0.0019914754271619,2.90009758246669e-18,0.0002622910050786,8.1848721398787e-32,2.17840925288502e-06,-2.04E-24,2.3826096945776e-05,0.0003690344994577,0.0006438821073324,0.0010535406591247,0.0016319689126144,1.88936400650254e-23,9.12865207509992e-08,1.41972438360515e-29,1.14467620417102e-17,5.76398730594568e-31,-2.08E-18,-5.69E-34,1.6382660794421702e-20,-2.28E-36,5.50343672488708e-22,4.34207323609865e-43,-1.11E-29,-2.45E-35,2.66772662265643e-22,0,1.25114136518585e-35,-6.55E-47,9.33448108971639e-32,1.15050986756616e-35,-2.68E-32,-5.66E-36,2.84960799658218e-34,-2.72E-32,3.30692747313953e-26,6.92791234548221e-29,6.38619361474268e-24,5.037113423206041e-32,4.73344295697654e-29,2.46947115525878e-43,-1.89E-40,7.97600372209902e-41,-3.55E-36,-5.93E-42,1.36163717317479e-35,0,3.52194300438847e-37,9.62212866344821e-31,-1.16E-25,-1.12E-21,1.33627058342698e-27,2.37671172562503e-32,-5.78E-35,7.857303760816611e-35,1.50537553417441e-34,1.72142085967068e-23,1.01374580967141e-18,1.28169020903648e-22,4.9575419323873e-13,3.90893487406711e-26,-3.23E-17,2.75598526213617e-24,8.14474687080512e-14,-3.68E-26,1.75252414996041e-13,8.49244832588222e-25,-3.90E-19,-1.59E-28,3.14691591740207e-24,4.59425388310085e-23,-9.94E-20,1.54770850504838e-24,-2.40E-18,-3.92E-35,-4.52E-22,8.43328537369831e-32,7.141214428446699e-23,2.5903291723001804e-31,-2.48E-20,1.15837234903401e-23,3.49635706780828e-14,2.59785716225504e-23,7.91502799274273e-15,1.6262397318784202e-25,4.05215920186652e-13,-5.76E-33,-1.37E-28,5.851356647581e-25,3.5633358284106705e-20,4.23917318257789e-13,5.08133381891017e-09,2.24597376268904e-30,-2.83E-25,8.834695159070659e-33,-1.17E-29,-6.12E-34,2.52777383130609e-25,5.51996898539855e-34,1.59697319542256e-25,-8.19E-30,-1.28E-25,7.448233006169409e-36,-3.26E-32,-9.34E-29,2.83852149270717e-33
1.06083457995842e-13,-1.40E-26,-3.27E-23,-1.92E-34,1.2695565493531501e-23,2.15108407576394e-42,8.548590519167389e-13,1.33723964255011e-43,-1.84E-16,4.7231119787796005e-48,1.16682791503276e-11,3.0122305375861e-46,5.78333896217413e-05,-1.28E-30,7.170915867745629e-22,-4.61E-22,6.50949818077911e-13,2.19637678323755e-26,-4.06E-36,5.007316635928049e-43,-8.27E-32,-6.59E-35,-1.29E-20,-5.06E-30,-7.74E-21,-1.61E-33,-1.41E-23,-3.36E-44,4.09111608446331e-12,-1.56E-34,1.18808351196564e-14,0,2.73685863988733e-05,-2.56E-28,2.91523546872213e-06,5.46674888442221e-08,7.23857959367652e-05,1.4792045006864e-07,0.0002659655157641,-2.66E-21,7.05289913508743e-05,-1.46E-24,3.60041859511228e-07,6.936075706934961e-31,0.0004006135571018,3.011349449124e-08,0.0005086051076348,1.87022213077173e-05,0.0002765201958022,1.45334273130678e-10,0.0007193562918276,6.61216143463737e-08,0.0006453270755572,5.10448558220438e-19,0.0006144848554141,-5.70E-22,0.000216597254235,1.28667410848822e-24,7.92816383078129e-07,6.18080200251092e-18,0.0011125173496271,9.52798533842428e-06,0.0007798044284571,-6.72E-19,0.0003738216898612,2.9871844673676502e-24,0.0016540692156873,1.0004991422610601e-17,0.000272676805007,4.33022737652032e-05,2.4724887922357e-18,1.39176657814336e-17,2.50794316405578e-08,-3.59E-25,2.1912010451127e-05,1.0263695188936098e-30,5.30644100904418e-06,-4.69E-28,0.0001395533563805,-6.52E-29,0.0003711122394262,-1.71E-31,3.35334288107603e-05,4.99578370390064e-36,0.0007509989411598,1.18745970994578e-26,1.40564086473729e-05,2.07539345520418e-36,0.0003023426582202,1.49822747751624e-31,0.0002991800714903,-1.83E-19,0.0001684003202142,-2.60E-19,1.45454838020692e-12,3.2807931407259997e-20,5.16778832815183e-06,2.1259347103630502e-20,0.0001379492775575,-6.06E-19,0.0002879885106933,-6.79E-22,4.15678088459543e-05,3.0289125315095e-22,7.81557753525194e-14,-1.02E-23,9.18460794668344e-09,1.51107755672929e-30,1.3498590599742401e-17,6.698780953905741e-15,2.36778458319415e-09,2.66962437438429e-09,1.1809132132641e-14,-3.41E-17,-3.42E-19,-9.66E-19,1.32510880665712e-16,-1.05E-22,2.52326060420258e-07,-4.37E-20,2.50685309793956e-11,-4.97E-22,7.31460602944542e-07,-1.77E-22,4.85230784053193e-05,-2.10E-21,3.83113282525554e-08,-4.92E-21,-8.96E-18,-1.26E-20,1.98607894627528e-10,-2.70E-18,1.20517254825154e-09,-1.60E-20,0.0001474718755227,-2.98E-25,3.03407153138192e-06,-7.13E-23,8.40316383880213e-05,-2.45E-22,5.34290785941071e-05,6.519696584394912e-19,7.43671650121558e-06,-2.27E-19,0.0002073689952622,-1.53E-20,2.51450894763452e-31,4.50804337329056e-35,-2.78E-38,-6.31E-43,-2.01E-27,-1.26E-33,9.47867342736369e-21,4.20299768033161e-26,3.00791790134461e-18,-4.36E-20,1.38986148512616e-12,-2.24E-21,2.7730661362033697e-11,-2.82E-22,-1.79E-15,2.3920821151543502e-20,1.48865484157899e-17,-1.67E-20,-5.21E-16,-4.30E-18
1.71229293939266e-24,3.05980855744341e-09,4.27322773860083e-32,-2.41E-23,1.10793129083592e-42,6.1131896345415e-22,0,-1.86E-32,0,-6.50E-37,0,2.40497448110667e-48,1.06191849984457e-40,1.1873747229456e-19,-9.01E-28,-3.31E-18,0,0,2.15440271921596e-47,5.808605971371459e-42,0,0,0,0,0,0,0,0,0,0,0,0,4.90376506801889e-42,-8.74E-23,-1.38E-17,6.543566719677471e-15,-1.01E-17,1.15157852450874e-14,4.73845584767904e-33,3.28317605459357e-25,1.33513618598813e-43,1.1519226926752302e-31,0,-1.48E-44,2.31880807461888e-14,5.85633766368878e-13,3.85449411046816e-05,0.0011001040081517,1.4331249494504e-23,-2.49E-22,2.50210743350177e-06,0.0017787810559362,-5.42E-21,0.0001768091651104,-2.79E-29,2.66157336221974e-25,-3.46E-37,-5.39E-24,-4.75E-18,0.0004464590533219,4.724142668499e-07,0.0074276568608912,-2.26E-21,0.0042816707530643,3.9394507144132495e-40,0.0002413985775006,-2.38E-27,0.0023671844009839,1.34980364724157e-05,0.0009368226839223,8.13968932209788e-12,2.53085249341656e-07,3.84407561030651e-41,-4.18E-27,-8.79E-49,1.75230257915817e-32,0,2.6114677481826e-36,6.31931112470213e-44,5.08695829083222e-26,3.42411948718245e-43,9.27946077973005e-14,0,1.7902300758305696e-40,-1.78E-33,7.32373328807039e-14,0,0,0,9.57116627991426e-27,-1.44E-34,-2.80E-30,6.22993166748719e-36,-5.11E-35,1.63399458921627e-39,-2.11E-37,8.41453448071226e-32,1.1786779354657498e-30,-8.23E-32,-1.85E-29,1.94576879071974e-44,-1.27E-43,-1.81E-42,1.7341758732657e-40,-6.25E-48,1.23956021450241e-45,0,0,-3.85E-42,1.92944472155621e-34,-5.86E-26,5.01360710283181e-29,-3.67E-33,2.7669028508915797e-40,-3.90E-43,1.90480877458424e-42,-1.19E-41,-6.76E-39,2.05053017232972e-38,-1.44E-32,-4.75E-46,4.37237382975097e-38,4.8927269011999686e-42,-1.00E-32,5.83083724030747e-43,5.82055938052309e-29,7.35055980641959e-41,-7.16E-36,3.32808385277144e-45,-1.98E-41,-2.61E-37,3.3798833457235304e-35,-7.60E-40,1.86322564210205e-35,-2.24E-45,3.77773685050549e-33,-3.54E-45,-8.05E-35,-1.06E-42,-1.48E-30,-9.75E-37,2.233010336288e-26,-4.36E-38,2.4576826312065e-30,6.32939756118538e-39,1.33692472260049e-26,0,0,0,0,-1.60E-42,3.27975088660231e-42,0,0,3.94731961781639e-47,4.3979213341886603e-45,0,-5.14E-43,0,-1.28E-42,-8.51E-45,-7.25E-42,5.8387436013534e-47,2.40600302365204e-45,-2.40E-40,3.51402537976839e-45
-1.32E-30,-1.92E-16,3.53173712010144e-33,6.28797967688696e-22,-1.52E-47,-7.36E-19,0,4.4527818826041795e-34,0,1.4323620957515e-40,0,0,0,2.77522568668928e-32,3.3021096816263095e-30,-2.25E-25,0,0,1.7074226985308e-45,-6.04E-42,0,0,0,0,0,0,0,0,0,0,0,0,0,1.07965699846891e-34,-4.99E-27,-1.18E-24,-7.87E-34,-1.71E-34,0,1.97577563820325e-41,0,-2.36E-46,0,0,-3.37E-42,-3.53E-40,-7.19E-34,-1.94E-27,-1.60E-47,4.57440175324294e-45,1.73369984608079e-33,6.47707931894928e-24,-3.67E-45,4.0702374722093e-27,0,3.00902632856232e-43,0,-1.45E-45,-2.36E-25,1.16058063356959e-13,-1.23E-24,1.10188889438017e-14,-1.42E-40,-1.78E-16,0,7.16888887403813e-19,-7.98E-45,-6.80E-21,-3.83E-20,-2.97E-18,-4.66E-22,-1.93E-19,-1.33E-48,7.10121278979043e-37,0,3.0920215817249197e-41,0,3.87859396375619e-47,0,4.43819049980384e-36,0,7.03176485902874e-30,0,-5.54E-45,0,8.628703688251929e-34,0,0,0,2.20156861229916e-43,0,0,0,0,0,0,0,-1.22E-48,0,0,0,0,0,0,0,0,0,0,0,0,-1.76E-46,0,0,0,0,0,0,7.96192309275464e-47,0,-5.58E-41,0,3.8115318229635e-47,0,4.18504965570086e-41,0,4.1822559398598486e-40,0,-9.38E-44,0,0,0,-2.19E-43,0,-1.03E-43,0,-4.90E-45,0,-6.76E-46,0,-4.33E-43,0,-7.64E-40,0,-4.55E-41,0,-9.23E-40,0,0,0,0,5.2632339739239286e-40,1.32796691194924e-43,0,0,0,0,0,0,0,0,0,0,0,0,0,0
-1.02E-26,-2.75E-19,-3.39E-28,-2.90E-21,-8.24E-47,-3.16E-27,0,-3.21E-46,0,0,0,0,0,-4.69E-43,-7.94E-27,-4.76E-21,0,0,7.0006379664088206e-46,3.1218703812039893e-40,0,0,0,0,0,0,0,0,0,0,0,0,0,-7.33E-43,8.53162574434041e-31,8.21957800698477e-32,-3.77E-38,2.22053520238693e-38,0,2.77926664237784e-46,0,0,0,0,-3.13E-42,3.7293231915348e-43,-1.33E-34,-2.75E-34,-2.76E-47,1.85824361573508e-47,-2.47E-31,-5.75E-33,-1.33E-36,-1.00E-35,0,0,0,0,-1.06E-19,1.1509095054471e-17,-2.16E-20,-4.23E-20,-1.59E-34,8.05272259343001e-28,0,-9.76E-32,1.19639672534818e-38,-2.01E-29,-9.64E-18,-5.59E-20,-1.03E-17,-3.25E-18,0,-5.34E-44,0,0,0,0,0,1.35553115604722e-43,0,-5.41E-43,0,0,0,1.03403963780988e-43,0,0,0,0,0,0,0,0,0,0,0,0,0,0,0,0,0,0,0,0,0,0,0,0,5.00463737258863e-48,0,0,0,0,0,0,0,0,0,0,0,0,0,0,0,0,0,0,0,0,0,0,0,0,0,0,0,0,0,0,-2.56E-46,0,0,0,-2.10E-47,0,0,0,0,0,0,0,0,0,0,0,0,0,0,0,0,0,0,0,0
2.9035509651025e-34,2.93353103498106e-27,3.61943116837548e-31,-2.03E-26,-3.60E-41,-9.56E-33,0,-2.01E-45,0,0,0,0,0,0,7.88966747970026e-26,1.00426778832357e-24,0,0,-3.58E-30,7.19779013846051e-30,0,0,0,0,0,0,0,0,0,0,0,0,0,0,9.91407811181466e-38,6.401544711555409e-36,3.51837897360173e-47,0,0,0,0,0,0,0,0,0,3.4548778706233195e-49,3.4934055817086403e-47,0,0,-1.03E-48,-1.16E-44,0,0,0,0,0,0,1.3124163614773e-33,-3.11E-27,1.4304171448777302e-35,-9.26E-31,0,-5.55E-42,0,-3.54E-44,0,-1.19E-44,1.17138523229886e-28,-1.71E-28,-4.40E-27,-9.24E-27,0,0,0,0,0,0,0,0,0,0,0,0,0,0,0,0,0,0,0,0,0,0,0,0,0,0,0,0,0,0,0,0,0,0,0,0,0,0,0,0,0,0,0,0,0,0,0,0,0,0,0,0,0,0,0,0,0,0,0,0,0,0,0,0,0,0,0,0,0,0,0,0,0,0,0,0,0,0,-4.52E-44,-1.52E-45,0,0,0,0,0,0,0,0,0,0,0,0,0,0
5.91907091576296e-07,7.41952813389982e-05,7.08304266567019e-12,8.34213840057731e-07,6.65799248503753e-26,1.33054345036245e-10,-4.06E-38,-9.75E-29,-1.16E-42,2.91514951197564e-35,0,0,2.40660373519879e-35,2.4673333995574597e-28,3.45397471262831e-08,2.09151246919782e-05,-1.10E-43,-1.43E-43,-1.17E-29,-1.64E-28,0,0,0,0,0,0,0,0,0,0,0,0,8.925048500576839e-34,-3.29E-29,8.42711754216888e-06,2.1318120097542e-06,4.78718983213656e-16,6.065180099311e-18,4.6617506969766485e-28,-2.56E-30,-1.31E-38,-5.80E-37,0,8.47559555035172e-48,1.9143583846782496e-26,-8.05E-28,1.01195809172086e-22,-2.35E-21,4.816241319806451e-31,1.24866706221103e-31,1.07315442736218e-22,4.93728660832195e-19,-1.26E-26,-2.69E-24,1.8614485445335e-49,-5.47E-44,-1.99E-41,-7.13E-41,6.750495106873e-06,7.63293487740807e-05,6.11663614684488e-08,3.46114263878752e-05,1.45378986322448e-18,2.87547354491178e-13,-1.29E-32,-2.88E-18,-4.07E-28,-5.48E-18,9.16411936146422e-05,0.0001124360894138,0.0006679111391376,0.0005553383466541,-7.15E-27,-2.94E-27,2.19255395259612e-40,-1.46E-36,7.11360939900116e-39,-1.96E-38,-1.27E-37,-7.91E-31,1.06652506058325e-37,4.5194015474159715e-31,0,-2.34E-46,3.2408526040693396e-40,-8.18E-33,0,0,0,-2.78E-43,-2.42E-43,4.2593281777697805e-46,1.43891119435656e-44,3.6405959158179e-47,1.95296152320733e-37,-5.75E-39,-3.96E-32,2.99453872703724e-34,3.64255774600444e-38,-1.25E-40,8.982682463620619e-49,0,2.70847155485357e-45,2.82323997361802e-47,1.36904763660733e-45,4.3303413607071e-49,0,0,1.2139255707880299e-40,-1.06E-33,8.85008007570914e-30,3.35417780256808e-36,-3.54E-42,-1.75E-44,7.152863583630432e-44,-8.06E-43,7.29706435771967e-30,1.7813570630034898e-30,6.042807118238709e-26,8.70342170141434e-28,2.85523864809903e-33,-3.94E-33,5.09791082735708e-31,-1.38E-30,1.3594651046106799e-28,-1.40E-29,-2.42E-29,9.20813371889357e-31,-3.99E-38,5.95823961983588e-39,-6.80E-29,4.32334540717697e-29,-2.53E-29,2.21883047030306e-31,-2.19E-39,-3.87E-35,-2.38E-37,-2.29E-36,-2.76E-35,-9.44E-33,2.23318489935078e-26,-1.40E-27,8.44088134059621e-27,6.5042255263197895e-28,3.52064216433612e-27,-2.72E-27,7.303863924254441e-47,-9.16E-47,9.37687951789581e-39,3.91680350698904e-39,7.634277205939141e-23,-3.57E-25,2.4194817124202e-42,3.90323288843696e-43,1.73129438437427e-43,3.73607729026909e-44,-7.24E-43,1.40212886341479e-43,-1.01E-42,1.29542957809875e-43,-2.24E-38,7.23342967845803e-39,2.70246247588642e-43,3.593140779278161e-44,9.36254449407612e-39,-5.74E-44
6.32177154835165e-14,1.4454369011872e-07,2.65727908432129e-21,4.66327329263391e-15,1.6916975891721e-27,2.18076509535327e-22,7.04980683515595e-40,1.75870987165899e-24,6.89068711045608e-45,6.83362297482308e-29,0,-4.59E-42,7.648971725046521e-25,3.1718088367666e-07,2.79764671225678e-09,1.2163454233864e-08,-8.02E-31,-4.03E-31,5.3910186020063896e-30,-3.40E-32,1.41308476816766e-41,-7.02E-39,8.137477551112809e-40,-2.57E-38,-5.13E-43,2.97236048331866e-40,0,1.27852266137414e-44,-1.98E-45,1.43200657132705e-41,0,0,-6.27E-26,6.33812454795356e-07,1.29826589149851e-06,4.79493455522772e-07,3.37953885979806e-06,5.14888657175711e-05,1.55191154197238e-12,3.46234006335684e-07,1.1338539281851e-22,2.55468116063489e-16,2.7247680327069e-35,1.50219888028766e-30,1.86947634964033e-07,1.54759430334785e-05,2.14314927462118e-05,4.47049443624962e-05,4.6234109635552e-09,2.86985409249879e-08,2.98421615253976e-06,9.73164183216994e-05,1.23166214696324e-14,7.78496413187836e-05,5.96757738007782e-24,2.7013191438941202e-17,7.5148141511423e-26,-7.59E-18,7.71452499734806e-07,4.76396663529838e-05,1.57548494713645e-05,0.0001671432172623,4.32656635402211e-15,4.29781310905726e-05,-7.29E-28,2.13728250942284e-05,2.88004543773753e-20,0.000140146442503,7.39717182048143e-05,7.12429785313912e-05,1.29245858824171e-05,5.90967302857728e-05,-9.69E-23,9.35686092696842e-10,2.50374715679689e-27,5.1082415850236896e-18,2.57910179248191e-28,-3.80E-23,3.37103693907971e-24,3.3119592239907e-07,5.09638618665061e-25,4.51929448669464e-07,-8.60E-44,-1.69E-36,1.80381777184095e-26,4.05962723972083e-07,1.39201834204452e-48,3.1657390872027e-42,-2.87E-34,-3.81E-20,4.63480547955736e-24,1.7977870618812e-23,-3.85E-26,5.95820465654409e-26,1.37983221537202e-17,1.0248659286394999e-16,1.56466696700711e-12,2.37815871318451e-12,2.54720591814235e-20,2.48459697562897e-19,-3.27E-31,-8.36E-30,-2.29E-28,5.3708556481638e-27,3.9363754743249e-27,-7.59E-26,-1.01E-35,4.13694399830371e-29,-4.42E-18,2.63653209447448e-12,1.83004129415152e-07,-8.39E-17,3.83566140633877e-21,-2.84E-23,-6.56E-25,8.331240107369699e-23,5.26327532437755e-21,3.3249781422644503e-19,-6.55E-17,7.70874374063051e-13,2.90151849031988e-24,1.18235193611984e-21,-2.88E-20,-7.88E-18,-6.29E-19,1.36213857774202e-10,-2.94E-17,1.39218134552104e-14,3.53806547655364e-23,-1.45E-22,-1.18E-13,1.84434000842472e-12,-3.38E-17,2.10537313732377e-14,6.53730097929603e-22,1.16669916887842e-13,5.69450761820636e-21,5.285554956385e-15,7.30751665712402e-19,2.78337689803062e-10,1.4030171418901e-12,3.96734895337393e-07,-5.94E-15,1.73684297974503e-10,1.66590122884713e-18,2.69592517742455e-08,-5.96E-37,-2.62E-38,2.68606675305895e-41,7.2302054072862885e-40,6.4020804967386e-26,-5.58E-28,-1.40E-28,6.675942129453179e-30,-1.53E-23,-5.63E-26,-1.86E-25,2.03907767843631e-23,1.3751989190360599e-28,-9.16E-24,-1.55E-20,-5.84E-20,-7.01E-22,-8.73E-21,4.19156182257703e-17,4.87095658115329e-21
1.25700645223335e-21,1.1098586240328999e-16,5.47913479345942e-26,-3.98E-25,1.09730888416377e-43,-8.11E-44,0,0,0,0,0,0,8.7996012118292e-45,-1.13E-43,-5.17E-24,-1.57E-21,0,0,6.14707297602381e-48,1.8878786714779e-48,0,0,0,0,0,0,0,0,0,0,0,0,7.68574120721749e-45,3.0607881499366e-45,1.2375615771918801e-21,2.26440640573481e-24,-1.09E-26,-2.94E-25,1.16503249939491e-36,-2.23E-39,-3.17E-42,1.13677088440905e-43,0,0,7.830230634756519e-34,2.47294811476308e-29,8.74246415617879e-27,1.57012217994198e-20,-3.00E-37,-7.92E-34,2.4227494642772e-25,3.48618820802504e-16,8.42049145802907e-30,2.9250841382025703e-20,-1.06E-46,-4.75E-35,-8.02E-45,9.60770927925042e-37,1.98280621579856e-09,1.2041441334748e-05,2.8619612504131095e-11,1.36504038658226e-05,-1.22E-25,-2.55E-12,-4.43E-42,-5.52E-30,-2.74E-29,-1.13E-13,5.69723012067395e-07,3.15787593699171e-06,7.88410379251858e-07,1.04186961161337e-06,1.6787175347991796e-40,5.665032423023811e-44,0,0,0,0,-9.73E-47,-1.41E-46,4.0861033182293805e-46,-7.11E-35,0,0,-7.12E-43,-2.30E-29,0,0,0,-3.99E-39,2.0860666727847398e-48,7.691759948239409e-43,0,-8.27E-49,-6.51E-44,2.63022706320098e-44,8.74383170427333e-39,-6.50E-38,6.386930623089452e-44,-1.20E-40,0,0,0,-5.31E-49,0,0,0,0,-6.72E-48,-6.35E-41,-6.96E-34,1.2515257723086e-40,-6.00E-46,1.42580677079963e-45,1.6207546893412e-46,1.11353181540097e-45,0,0,4.41494658726715e-41,7.225445206674841e-46,0,0,-1.61E-45,-1.35E-48,8.886968280865499e-43,-1.48E-46,1.04430099841349e-45,-1.34E-47,0,0,1.42985692702776e-43,-1.17E-45,7.41836045134118e-45,-5.10E-48,-1.50E-46,-3.76E-48,2.06073303577179e-47,0,-2.45E-43,-1.54E-45,-9.88E-39,-7.97E-42,5.1011741934862e-42,-4.87E-45,9.65699663671752e-41,-5.50E-43,0,0,0,0,1.66476573757597e-46,0,0,0,0,0,0,0,0,0,0,0,0,0,0,0
1.04898622017803e-06,0.0007173676179373,7.98800349703592e-07,6.26894025955949e-05,1.5168113719130302e-19,1.26675997231383e-08,-6.78E-33,-1.42E-19,-5.71E-37,-2.69E-26,-2.15E-49,-6.30E-28,-1.20E-26,1.75788578696134e-05,0.0002661578048083,0.0010377887091037,-7.65E-30,-1.57E-25,3.07202180574724e-22,-6.70E-23,5.91254717823442e-39,1.62075767612461e-35,-4.03E-37,3.4283648987678197e-28,-2.32E-41,-4.21E-30,0,-9.33E-35,-6.74E-42,5.09168557403513e-28,0,-1.06E-31,-7.66E-26,1.6274511814033e-07,0.0003691625809742,0.0009850252685084,4.56349406278734e-06,6.70059358029085e-05,-8.13E-21,7.5086625258427e-06,-7.59E-25,3.48916453901236e-09,3.08516829904662e-36,2.0237971537343696e-22,3.2961264858324694e-11,3.0332154152505e-06,1.26317508328842e-07,4.82749130623794e-06,4.65882008755083e-15,1.5364029454889e-06,5.23752997763723e-07,2.48969175535571e-05,-5.56E-19,4.68607446788011e-05,-2.53E-29,2.10939476850044e-13,9.06631484521385e-29,9.51121079147939e-09,1.089182597374e-05,0.0015708205814797,2.74116483131357e-05,0.0051331559480283,6.85776552603116e-16,0.0002029340194045,-9.26E-30,1.63121888822414e-05,-6.60E-22,0.0001673522761875,0.001568887579792,0.0040251966210835,0.001328091803872,0.0049791492073247,3.1880088911852e-19,2.19136232297174e-07,2.21572764239172e-28,1.16475213995243e-10,2.69712902387258e-30,-4.91E-15,-3.34E-27,3.88004304140637e-05,2.3766428356809404e-31,2.16675825803255e-05,-2.40E-42,2.98232924986176e-23,-2.11E-30,4.05144056577704e-06,0,4.83301359620514e-29,5.23790913225637e-35,6.55343781778824e-17,2.36699821387575e-29,-3.27E-23,4.429492580941529e-30,-2.60E-26,-4.93E-22,-4.45E-14,-2.75E-18,1.23772994564829e-09,1.1869035232379501e-23,3.0534003770450503e-15,2.69030581310187e-36,-6.22E-28,4.12089870941972e-31,-1.01E-23,3.56605665790991e-32,-1.29E-25,-3.43E-40,2.96860746155428e-26,1.67522267581257e-21,9.07451628027142e-14,2.11752136471883e-10,2.5510105577482e-15,1.12225972365002e-22,1.05867844926725e-22,1.3110734878482e-23,8.074620891304911e-25,5.99974209963604e-17,3.97694590182933e-12,3.70107522728484e-15,7.79908266448285e-07,-9.57E-24,1.09462205365292e-17,9.49785145527647e-18,8.332732745712821e-09,1.4106177551561e-19,5.49953463997867e-07,2.2684808532426202e-17,4.27465266291915e-10,8.62169109734459e-26,-5.03E-19,2.40355203154075e-15,1.66180504706792e-10,2.0666497550187202e-17,2.7168166080314e-11,-2.41E-23,8.42635952554584e-07,-1.94E-22,1.33342001265214e-07,-4.53E-21,1.03575728369914e-05,1.5188507907715796e-16,9.89341645234409e-06,1.8454973536286002e-15,2.47634178158334e-07,2.53815792566558e-18,3.02319906715809e-06,1.41347451905092e-32,1.8611813541270102e-31,-1.05E-32,-9.27E-31,1.65827910354104e-12,-2.29E-16,-2.88E-28,-1.22E-24,5.67741812673779e-26,-3.28E-22,8.55588253988482e-26,-7.09E-16,5.38736689810948e-27,-3.01E-15,-3.74E-22,-2.63E-15,-3.13E-26,-1.98E-23,8.951838709902209e-18,-2.28E-24
3.2146809518763e-10,9.11526349005261e-05,9.37305346445376e-08,1.46350952265868e-05,-5.65E-25,2.10675231689417e-13,3.1836677610362294e-42,2.2338838510403305e-23,-3.55E-46,2.67725874765295e-27,0,-2.81E-36,-7.15E-37,1.57378435302298e-08,1.33662212253194e-05,0.0001106876858393,1.22146191898121e-42,-1.56E-35,-1.60E-22,3.37232242989552e-22,0,2.98778605105237e-43,0,-2.61E-41,0,-2.48E-43,0,-2.26E-42,0,2.59642155994389e-37,0,-2.34E-40,-4.70E-35,2.57852330394503e-10,1.53405965821187e-11,1.02962471599318e-05,2.67004431249896e-17,5.3330132196603896e-12,-1.31E-30,6.16375818727376e-14,2.99840086097487e-41,3.712985071224541e-21,0,1.13602023262242e-29,2.62789517123597e-28,1.2897824534209e-13,4.46355192523855e-23,6.88331536672857e-08,7.83104957184277e-33,6.1875124725304e-19,4.19920162417821e-23,3.41864396011633e-05,1.4742053653012198e-30,3.03954673773446e-06,0,5.70649464977362e-24,6.39960688882858e-46,-1.47E-20,3.0957795083107297e-12,0.0003042869598076,2.7285363675282e-15,0.0010771764383577,-7.24E-26,0.0008324877794775,1.99715278556668e-36,0.000114998895205,1.7805937153352e-34,0.0001955170471068,7.69952438676129e-08,3.34593405427812e-05,1.70200612355633e-05,0.0001748650396017,-5.26E-31,6.37952309323926e-14,-1.04E-42,-8.31E-20,-1.28E-44,-4.01E-25,-6.93E-39,2.44306413162402e-10,-1.03E-39,2.1377158021104e-09,0,-2.04E-31,2.1364949705529e-42,2.74963337075689e-10,0,-6.11E-39,0,-6.52E-24,-1.10E-47,1.4531204365448098e-30,7.39861913582269e-49,1.5334009535869e-35,-3.00E-38,2.45369509396788e-33,1.56448988937031e-34,-4.16E-29,2.355770723316609e-41,1.29469018531467e-27,0,4.32683706267637e-39,0,3.7707842091315295e-40,0,-4.05E-45,0,2.0529045637002998e-41,-2.32E-39,2.4418986247334e-31,7.21530207763303e-28,-1.20E-35,1.99331763101111e-41,2.89933626013354e-42,1.2467730948752102e-44,1.9986332137268498e-43,-2.98E-33,2.1992130113336797e-28,2.49406210964482e-30,1.11772145589276e-22,-4.55E-37,-5.63E-27,1.19194587415158e-33,-3.04E-23,3.92109060387791e-33,5.11800027090478e-20,6.2619564531821e-33,-7.17E-27,6.57706265560866e-39,-2.09E-35,6.00135815968839e-32,-5.87E-27,-1.34E-33,-4.76E-27,2.3737241315359e-40,6.55937320872933e-24,9.12499697768722e-40,6.1352798872955796e-27,1.37188886988584e-37,1.24299438712286e-20,3.0056638048632097e-30,-4.99E-19,2.2062114208024295e-30,8.68907609796298e-24,1.76404562898833e-31,-7.24E-20,1.6235446094485602e-45,8.66435314171546e-42,6.88316311348849e-36,2.02144085932786e-35,1.16985203874058e-25,-5.35E-24,1.99678127313405e-41,9.38168507632359e-39,2.3798192609834098e-42,-1.37E-39,-2.87E-43,4.38584713720459e-35,-6.21E-44,8.54252715921581e-34,6.82084757324074e-39,4.93643998392814e-34,7.38601065571206e-45,-3.58E-42,-1.07E-35,1.1664839585798e-42
6.039530704484649e-11,1.10859207696241e-07,8.562714950959801e-20,-4.01E-18,3.25111153517739e-28,8.22893992392147e-23,6.817102716675099e-43,-1.20E-29,4.98682727517728e-48,3.27779446364474e-35,0,-3.13E-41,5.46386924313553e-31,4.33707887277759e-16,-4.23E-17,1.6791358226855197e-11,2.3776320325667893e-40,1.03855876034776e-37,7.284993193837369e-36,-6.81E-36,0,1.00268143621373e-46,0,-3.12E-41,0,-3.07E-40,0,4.0114331038928e-46,0,-5.95E-40,0,2.7030898302521e-44,-9.65E-31,2.10867480048111e-19,1.64974313032802e-05,3.1057773559128e-05,1.71201480154446e-05,5.42837765589913e-05,-1.81E-23,2.0380694806242302e-14,-7.64E-32,6.62544342885513e-14,-5.57E-48,5.49000055256299e-31,3.49239532959976e-08,0.0002190782405929,7.94441784067905e-06,0.0007328928151631,3.76985876589175e-11,4.00345900411498e-05,7.39249961335525e-07,0.0009900879497851,-1.77E-16,0.0006039826582915,6.01323528961076e-24,1.32079863162922e-05,2.04286965294573e-27,1.49216305589126e-05,2.23334536544524e-05,0.0002998660160201,3.78531873955683e-05,0.0015751847679607,5.6750772277746e-11,0.0006571731121984,-8.05E-27,6.2430884785698e-06,4.79671041828436e-20,0.000536528111496,0.0003963728878484,0.0010158478446555,7.73139228481566e-05,0.000237715875205,4.3320988816991e-27,5.88671723716137e-22,-1.16E-36,7.20739158276277e-24,-1.11E-40,-2.48E-28,3.9243176562135495e-33,-1.86E-17,6.28801924132298e-31,6.00124817404566e-06,0,6.62758003326821e-34,5.03707287035961e-26,0.000201913830332,0,-2.84E-38,2.17685009347649e-34,6.29777228229742e-07,2.96920659782135e-23,3.70196637664647e-13,1.17732659622175e-24,-9.55E-20,2.35465423507887e-27,-8.80E-25,4.54190198815735e-18,6.744849737607309e-11,-3.55E-19,2.85342532974484e-08,2.20103935039123e-29,-2.99E-22,4.17627376930909e-28,-1.62E-20,-2.33E-33,-6.29E-26,-6.59E-44,-9.76E-30,-1.89E-26,-8.80E-21,2.90864756492767e-09,7.596656791507062e-14,1.6725368757861501e-19,-2.89E-23,-2.36E-25,-8.10E-26,7.95934246558497e-30,1.52293227679761e-27,-2.15E-26,1.47338376568678e-22,2.4886008274399403e-35,-3.74E-29,-3.09E-30,3.30158548687114e-24,-1.19E-29,3.2607203683347106e-21,-1.78E-28,-3.06E-24,1.99764543195334e-35,-1.59E-30,1.20671899716445e-26,9.3411245875799e-24,-1.12E-28,5.23465151480957e-24,-7.03E-33,1.7567697624136701e-19,-4.71E-33,3.18915679434907e-22,-3.63E-31,1.82515301790881e-18,1.49552835700545e-25,2.18198840633471e-19,-2.12E-26,-1.60E-21,1.53808801918941e-27,-1.09E-19,1.54215869714972e-45,3.98759648228795e-45,-4.77E-46,-1.16E-45,6.158034244813309e-28,3.41617187659203e-30,6.1252588583876e-40,8.82553445806555e-37,5.25869339287447e-35,-1.81E-31,-7.10E-38,2.59996856921288e-28,-8.66E-39,-5.26E-28,-1.51E-33,2.36063675367559e-28,1.21498258971186e-33,-5.73E-29,-9.94E-29,-1.04E-31
8.91460972037246e-12,0.000125044646008,3.58553044035082e-10,1.03120540588758e-06,-6.78E-29,1.91232231580057e-16,1.25888829151633e-40,1.4606399286261402e-23,7.31816902632267e-46,-1.63E-29,0,5.38367898308015e-37,2.4300359050344797e-28,6.64671414465454e-08,4.20765898744711e-07,7.2328857563272e-05,1.50777825061849e-35,-5.53E-31,1.79962757364507e-28,9.88549661778854e-28,-2.49E-44,1.00213538899981e-39,3.9706334743091104e-44,-1.10E-33,1.84716615751908e-47,-8.61E-35,0,3.34168152974482e-41,-9.27E-49,-5.16E-35,0,-1.43E-39,3.02700737192458e-29,1.62173607706556e-09,2.67784580234999e-06,8.82495856967167e-05,9.89718982847981e-08,5.99753988281728e-05,5.33495902399418e-21,5.01275434578046e-07,-3.37E-26,3.12405166002683e-07,8.05399477139926e-43,3.62752463366574e-29,4.54218914298225e-08,0.0004892143485294,8.24698404693307e-07,0.0005419913601206,1.7044023429308398e-11,0.0002924009592205,2.08334714987279e-08,0.0008710508666415,-2.27E-19,0.0004565588938542,2.05920885478228e-21,0.0008022897902202,8.48321775309516e-27,0.0002699227881533,2.74645529761586e-09,0.0002590793453568,6.35646628797589e-09,0.0005626854835227,-2.13E-20,0.0003259876780613,-1.50E-31,0.0001980400904148,-1.18E-23,0.0005384204739362,1.76984786232254e-05,0.000405343661941,2.18943431350442e-05,0.0004044345293874,-9.10E-26,3.411597405872e-12,-7.19E-35,-1.88E-19,-2.02E-36,1.52614333046844e-22,1.73610945267515e-29,5.7533508617761804e-09,1.39696273496715e-30,7.22788756998148e-06,-1.38E-47,-6.07E-31,-6.34E-32,9.17459152196738e-05,0,1.85038407625448e-32,-4.50E-36,0.0001137071502149,1.4366723514737802e-19,0.0001213444791351,8.01935826087023e-19,8.24192884072811e-10,-7.98E-23,1.96299939842416e-13,8.22623869328003e-18,7.87589384859487e-07,-7.63E-20,0.0002555085036733,-5.70E-26,4.17805494434818e-12,-9.85E-22,6.76412420485813e-10,-2.19E-24,9.07340042946255e-16,1.18099495947787e-36,1.04642082570299e-17,2.65969362720069e-20,8.12644346175698e-13,6.76911482963761e-10,2.33256054052306e-11,1.70883299262286e-14,-8.80E-19,-4.89E-17,-3.13E-20,-1.87E-27,-5.06E-22,2.58549317742607e-26,6.74460584766666e-17,1.04073826435308e-31,3.4378611421012e-23,-6.05E-28,-4.62E-18,2.41519784993934e-27,8.43350835240795e-15,1.85840834805911e-27,1.95343949270398e-17,-7.18E-31,1.60657206960118e-25,-6.34E-25,-5.34E-19,8.61476530601078e-27,-2.66E-18,-2.95E-29,6.82183664557562e-13,-7.53E-30,7.497531582467471e-15,-1.55E-27,3.3154138916859096e-11,1.29948566710431e-24,2.4950154229925e-09,3.37241996534138e-25,1.4422948785895e-15,4.2107507157637e-26,8.36273543730651e-12,-1.59E-39,-2.25E-39,3.39827094261815e-40,-6.50E-39,-1.02E-23,1.74021247236499e-24,-5.15E-36,-1.31E-29,-1.17E-30,-1.40E-25,6.9423893944344e-32,2.57120521394783e-21,9.07808398275445e-34,7.005124380079361e-21,1.67120944742532e-27,4.908423722531041e-21,-2.71E-29,-4.79E-25,-6.58E-24,-1.88E-27
2.55226350433026e-20,0.0009837396049705,6.09946636810921e-20,2.43598383796326e-05,-1.06E-35,3.06570542821253e-10,0,-2.24E-21,0,-3.18E-27,0,7.03079922233983e-39,3.29803323413492e-41,5.07315277587374e-07,6.8244373288814485e-12,1.24162184562777e-05,0,-7.26E-43,-2.82E-31,1.1374832985145e-26,0,0,0,8.464218912029101e-48,0,0,0,-7.54E-45,0,5.763027442508129e-40,0,-2.09E-43,8.21555908445511e-40,1.4577137152294e-07,3.2487328119700303e-19,2.2792112394255e-07,-4.70E-22,-6.21E-17,-2.78E-35,-1.55E-18,3.94953393093021e-44,-1.25E-23,0,-2.76E-37,-4.33E-30,-7.36E-20,2.44780869854964e-24,1.93352888689508e-09,9.23662808310036e-37,-8.03E-24,-3.64E-27,2.08270439978002e-05,-2.48E-34,8.92781592422591e-06,0,-1.65E-24,1.43376683497938e-47,-4.95E-23,1.63937173306279e-21,0.0019060048224949,-9.62E-22,0.0029057565578858,-3.70E-30,0.0011357102063752,-1.23E-42,0.0002187772091247,-9.74E-36,0.0002069823768214,1.12064261291814e-13,3.74348653114103e-06,4.73030169488482e-11,3.019642699515e-05,5.40128024650674e-35,2.96043982184651e-15,-1.32E-47,2.2818266981199602e-21,-1.79E-48,-2.28E-28,6.30759471254208e-43,6.0173882169177914e-09,-8.95E-44,6.8158347397301e-09,0,-3.74E-34,-9.11E-48,1.31784178419504e-10,0,1.4335274716386496e-40,0,-1.40E-25,0,-1.72E-33,0,-1.00E-38,3.396271576987909e-41,-1.82E-35,-3.36E-37,-3.61E-31,-1.28E-44,3.66268650132729e-30,0,1.30248991508425e-38,0,-3.92E-40,0,1.05010777997147e-46,0,2.18790832374572e-42,5.7150966541235894e-42,2.17159565225003e-34,-1.91E-31,-4.54E-39,3.96932236395925e-44,3.39533752906851e-44,5.47321811831006e-44,1.27433706997896e-43,-9.72E-37,2.44317051682165e-32,-2.51E-34,3.80006342857412e-25,1.54676257210644e-42,-2.16E-32,-1.01E-37,1.6018909017855e-25,1.87145890084024e-38,-8.18E-25,-2.32E-36,1.13404144701925e-30,-8.23E-45,4.606505958005779e-40,-8.06E-35,1.0034535660178398e-30,-2.27E-36,8.80237177230077e-31,2.6157571334063305e-45,-1.80E-27,2.4646367107830603e-44,2.08962911667628e-31,3.9293934546866896e-42,-1.61E-24,-1.25E-33,2.6297540616318403e-20,-2.19E-34,2.09026812563567e-26,-7.29E-35,2.39018048110039e-21,0,0,-3.87E-46,3.0541921883184198e-40,-4.12E-32,8.023142377192401e-32,0,-9.01E-44,0,1.31075302509152e-44,0,1.15383635404717e-39,0,7.41654029714873e-39,-5.19E-44,2.61769414308357e-39,0,5.71095223196529e-45,-1.45E-41,1.7246750330151602e-46
7.86526250488886e-06,9.74776921728494e-05,1.44676524021025e-05,1.87474255531144e-05,1.91152558806098e-15,2.99086171235664e-06,-2.60E-29,3.0624515321394897e-18,-8.36E-34,-2.14E-25,-4.78E-47,1.3518762387380802e-44,2.37063399912288e-27,-3.32E-22,0.0001710609661026,0.0001688201403166,3.60940844489009e-34,-1.07E-34,3.03770181256749e-21,-1.95E-19,-2.01E-41,-8.11E-40,7.42936581458582e-41,-1.13E-39,-2.26E-44,1.90779395817227e-43,-1.19E-48,4.2790421856215e-46,-1.45E-44,-1.33E-46,0,0,-2.42E-25,-7.03E-21,3.46457244918961e-05,2.79970786443153e-05,3.25156576743237e-10,1.4842554666714202e-15,-2.04E-23,-3.86E-25,1.32858035006627e-29,-8.57E-30,2.75328218806493e-37,1.9052138106126695e-36,1.74092983250373e-22,-1.59E-25,1.95842566921329e-19,1.46788785951504e-20,2.35005231209748e-24,1.00807446423845e-25,-1.12E-15,-7.22E-17,7.63571837317179e-20,-4.65E-20,2.04715821093162e-41,-4.88E-35,-2.66E-33,-2.20E-33,1.3358129891081e-05,5.92369106936815e-05,2.68589275787501e-06,1.14609556549309e-05,2.93391266500013e-13,8.73221327248854e-06,-1.12E-24,1.25664602727054e-07,-2.82E-23,1.29764895185473e-09,4.28535012824872e-05,8.38807047789093e-06,0.0008784188077983,0.000592913328305,2.34764503585779e-14,4.0058094250745504e-17,1.5921307329651399e-28,-1.34E-24,1.5121916801830196e-28,7.36831397584581e-29,4.67989014070337e-29,9.02936100744063e-24,-9.51E-32,-3.75E-23,-1.75E-45,9.40684511134824e-34,-2.14E-35,-2.85E-25,0,-3.21E-42,1.18621956740749e-42,-9.85E-34,2.82922179953233e-39,4.31948773200034e-41,5.38866811700084e-41,-6.22E-44,-1.32E-27,3.75689367807439e-29,3.7644084026523503e-25,3.343145790982829e-28,3.03185717852803e-33,9.43604714000614e-36,-1.03E-44,2.0009177510256e-47,-2.33E-42,6.696089229492409e-42,-5.08E-38,1.55577867597675e-38,5.8970823811702594e-43,2.3571118083637297e-43,5.62900239341e-32,2.18863035137007e-26,-8.21E-26,-4.22E-33,-2.05E-38,2.54025901115846e-38,-1.53E-38,-8.99E-36,-9.75E-21,4.02170807308339e-20,1.15213490563016e-16,-6.77E-17,-1.09E-22,8.98050607892413e-23,2.45592335227215e-19,-1.42E-19,3.68688769058623e-19,-1.91E-18,7.9860179606949915e-19,-1.92E-19,-2.21E-27,6.625673870794e-29,3.69361770694322e-18,-6.27E-19,1.24551861692346e-18,-1.75E-19,1.44167084378866e-28,-2.95E-27,9.918246605438948e-26,-4.89E-26,1.35026509542511e-24,2.0678731852239104e-25,4.30978401273197e-18,-8.74E-18,1.79915829153902e-17,-1.69E-17,2.58134921074803e-19,-2.89E-17,-8.35E-36,-7.21E-36,3.31609736864912e-30,1.25789676269384e-29,3.8996221662182895e-12,2.23684088354807e-16,-5.31E-32,-1.87E-32,-2.36E-31,-6.11E-31,6.97755401239474e-29,-7.50E-30,8.1355477555368e-30,-4.16E-31,3.62283486131233e-26,-3.53E-27,-1.19E-31,-7.18E-33,6.74287381449386e-26,-1.40E-30
6.86656286198099e-21,1.07133656206178e-10,1.54155520848141e-18,7.88999695819245e-14,-2.76E-38,-1.17E-26,0,-6.67E-41,0,2.44298895454117e-48,0,0,0,9.435525607321e-40,2.89266788903117e-13,2.70778519747977e-10,0,0,7.58166109212671e-36,9.142848822838013e-31,0,0,0,0,0,0,0,0,0,0,0,0,1.41411981733532e-48,2.87716449666931e-39,-2.65E-24,-1.05E-23,-1.79E-32,1.94800324875508e-32,7.719733693956791e-45,8.50854984849272e-43,0,3.09474042474562e-49,0,0,8.85765039838316e-41,2.0456772050505697e-42,4.27864190802727e-36,-1.00E-33,-7.62E-45,-2.01E-44,-2.81E-32,8.25516988153279e-30,-1.71E-40,-1.19E-34,0,0,0,0,7.741943541409569e-18,6.2679396011651e-11,9.35522821418679e-22,8.530180302221421e-17,1.58957158686884e-34,1.1108404611453299e-26,0,-1.33E-29,2.01727098141952e-43,-9.61E-29,7.782424945466849e-13,-6.79E-17,3.52934026555326e-10,1.72552675902204e-08,4.91383949263036e-43,7.91068875880693e-39,0,2.9348291169527903e-47,0,0,0,-6.57E-41,0,6.61602137449604e-41,0,0,0,-3.06E-42,0,0,0,0,0,0,0,0,0,0,-1.23E-44,3.64158573046083e-47,0,0,0,0,0,0,0,0,0,0,0,-3.41E-45,-2.22E-42,0,0,0,0,0,1.72887472871244e-46,2.1401649273324505e-44,-7.93E-44,8.37852043443237e-41,0,2.2420775429197103e-47,4.09166325052281e-46,-1.65E-43,-1.96E-45,-8.24E-42,7.77387005208768e-46,3.03804182575815e-44,0,0,3.22887192149724e-44,4.31896461628018e-43,2.88781102445317e-46,2.7929152301688404e-44,0,0,0,0,0,-9.12E-46,8.85331230857391e-47,3.03293292091895e-40,1.09317084335354e-43,7.58304941485137e-41,-8.71E-44,-1.45E-40,0,0,0,0,-5.85E-39,-5.71E-41,0,0,0,0,0,0,0,0,0,0,0,0,0,0
-9.10E-25,3.13900850031545e-11,9.91219015068157e-28,2.56061941897696e-20,1.06009456944418e-43,-2.16E-28,0,7.721144286353191e-35,0,2.94535836278395e-42,0,0,3.54579570932393e-49,-2.01E-24,7.99957650411928e-23,5.152066687057599e-19,0,0,4.06529148130165e-40,-6.12E-38,0,0,0,0,0,0,0,0,0,0,0,0,2.73396498018163e-48,6.84453252981388e-26,9.04687188004672e-18,1.91016082709733e-13,-1.29E-22,-1.29E-15,-5.25E-43,8.15170037595453e-29,0,-3.23E-33,0,0,3.0304180614191e-23,1.65483536755986e-13,1.67189460211956e-16,5.71150042075154e-06,6.832836314196039e-30,7.293575094245331e-21,-7.89E-20,5.09367660446529e-05,3.75110436864471e-28,3.57532324906946e-05,-4.07E-39,1.27346761782395e-21,-7.39E-43,5.17364794457766e-22,3.23506684910303e-15,4.80068574251845e-05,-2.83E-16,7.14279723050732e-05,-3.02E-27,7.68474075641323e-06,-2.84E-41,1.3269682629948801e-15,-1.28E-31,0.0001128437310082,2.14102409502666e-08,2.11384860803774e-05,3.03904963939865e-08,1.37100400970094e-05,2.0159569190342504e-44,3.09296376908687e-29,0,1.2806432239655702e-35,0,2.3339657942114e-40,0,1.33741744035968e-27,0,9.017586805994309e-18,0,0,1.82334815029619e-41,6.03501297109927e-13,0,0,0,-2.71E-26,4.32013899043121e-39,2.0635563915102798e-28,-5.71E-40,-2.77E-34,-1.52E-46,-2.03E-39,-1.57E-37,2.56949689098998e-32,2.53937450922795e-37,1.63879524118126e-27,-5.09E-48,2.35106819276011e-38,-1.40E-46,-5.82E-39,0,8.56368307493436e-45,0,0,1.30922273789196e-44,-1.72E-38,-8.38E-31,1.48637218535938e-32,7.17216630534275e-36,5.770394778589829e-40,-1.24E-42,-3.19E-45,5.45960440646033e-47,2.21473072567302e-41,6.26162736121842e-44,-8.93E-34,0,4.0003699071848997e-41,3.1424999886460403e-47,-1.30E-35,1.01950445065948e-46,-4.39E-33,1.03429172366832e-46,4.707809578067059e-40,0,0,1.01411969863187e-44,-1.79E-41,8.04799793700064e-47,4.83278931303529e-39,0,-3.58E-35,0,-1.61E-37,0,1.07269008627109e-32,6.2578638485636e-44,1.41079120769998e-32,2.28264144583437e-44,-7.52E-35,9.91385922891483e-45,-9.97E-32,0,0,0,0,1.53970535060003e-41,1.7538226986712e-39,0,0,0,0,0,-3.30E-45,0,-7.75E-45,0,-2.92E-45,0,0,8.521409580353621e-47,0
1.85493507737228e-15,8.19338719877064e-10,7.24273564211648e-13,2.48049024879757e-07,-2.12E-27,1.30006802455349e-14,-8.36E-44,4.32962187185801e-31,1.26748526577423e-47,2.63719548990717e-38,0,0,1.02296206213995e-46,-1.81E-31,1.7816767166812697e-11,1.12677714459695e-08,0,0,1.08851900838625e-27,9.89611290238304e-23,0,0,0,0,0,0,0,0,0,0,0,0,-4.05E-44,7.11002716716177e-33,-8.95E-26,3.8969688666342097e-22,3.642008537140461e-35,-3.37E-36,4.61376015839821e-44,-6.63E-39,0,-1.91E-43,0,0,6.911851924897101e-47,-7.31E-46,-3.06E-47,6.67966208815226e-45,-9.83E-47,-2.87E-43,1.12842482485893e-47,1.41626225923181e-43,3.1599494964470203e-45,2.8720607228773702e-46,0,0,0,1.53180064458064e-46,-5.94E-21,-3.07E-18,-1.55E-28,-4.64E-25,-6.53E-35,3.8198118181455504e-24,-1.89E-44,7.73257423030262e-30,-9.91E-43,-3.83E-37,4.74599802572126e-26,3.3081349218779e-29,1.37343216638515e-10,2.48415052534506e-13,1.0196528060648e-38,-1.80E-31,7.4576446450825e-47,-5.50E-37,0,-7.07E-42,6.61724274820052e-47,-4.25E-34,0,-1.13E-33,0,-2.57E-46,0,2.082382143474e-39,0,0,0,-2.02E-45,0,0,0,0,0,-1.24E-45,-3.38E-47,-4.52E-46,0,0,0,0,0,0,0,0,0,0,0,1.74240401156178e-45,-4.34E-46,0,0,0,0,0,2.39931960943017e-41,3.62736688886269e-40,-8.09E-39,-2.13E-35,2.40774610938347e-44,6.11818209595031e-41,5.2054537495598687e-42,-9.74E-36,1.18104992435766e-41,-2.48E-35,-2.74E-41,-1.21E-39,0,-7.01E-46,-3.03E-40,-5.44E-40,-2.64E-41,1.5915937817496e-39,0,-3.77E-40,0,-8.99E-41,-1.02E-46,-3.28E-38,-6.25E-40,9.58810330707368e-36,-1.27E-39,1.79412458926294e-36,-6.89E-42,2.83159454655178e-34,0,0,-7.64E-46,-6.68E-44,-9.63E-36,5.84912281623983e-37,0,0,0,0,0,-1.04E-47,0,-3.15E-48,0,-1.30E-46,0,0,2.15875709368958e-45,0
1.50613652160589e-05,1.3977197177326098e-22,-3.85E-17,6.243055635265059e-28,2.01356531495071e-21,-1.13E-46,-8.75E-25,0,-8.81E-27,0,3.0975792598301e-38,0,-1.75E-13,0,4.09100857178248e-19,-1.51E-19,0,0,-5.01E-39,7.66629770913748e-44,0,0,0,0,0,0,0,0,2.10071198355572e-47,0,7.05539550407197e-45,0,4.69649120809621e-17,0,1.63196811673365e-13,-1.48E-19,-2.68E-21,1.555749232001e-27,-4.51E-29,-3.08E-46,6.63287427952633e-30,0,-4.23E-45,0,-2.17E-24,2.9174418986109e-33,7.251949745611659e-12,-1.30E-19,8.873693848728239e-30,4.18461220554909e-38,2.28033086002717e-07,1.2172572698543e-24,3.3459027651413e-06,-1.96E-34,1.5395240182374801e-21,-3.74E-46,5.03113095218409e-28,0,0.0007068173995211,3.80010057978773e-14,0.0009759061918447,1.78745463450127e-10,0.001726998544025,-1.30E-28,0.0015921634356328,-1.75E-37,0.000931111187341,5.22215909105798e-32,0.0001100311341871,1.45937203314959e-07,2.94986908398233e-07,5.15121833008502e-12,2.1713367518733e-25,-9.74E-46,-8.65E-32,0,1.4692036462307002e-36,0,-2.18E-20,0,0.000181599156782,0,-1.42E-30,0,1.1676007005102e-05,-1.03E-48,1.7052969698262e-40,0,-5.05E-19,0,-8.91E-30,0,4.5348051980354095e-36,-8.27E-50,-4.38E-47,0,-1.01E-39,-9.11E-47,-2.67E-32,2.59571999659054e-47,1.3447081636495e-42,0,6.5087603154165e-45,0,0,0,0,0,0,1.2445742939727e-46,-1.70E-38,1.14609354419452e-40,1.89608683961477e-47,0,0,0,-3.33E-41,-4.78E-47,1.47099556317654e-32,2.56320844099414e-44,-1.25E-40,0,7.10076662633847e-34,7.4501126667825e-48,2.1257884009177403e-31,6.0648452897885e-47,-4.04E-39,3.3443877430186597e-48,0,0,-2.56E-39,6.64099616705118e-45,-7.51E-39,5.09563077936297e-48,7.44325257184348e-35,0,2.52439968438069e-38,0,2.28189179467592e-32,0,2.7096201271282496e-30,4.63943410485919e-45,2.41807531492858e-35,1.7608286907555998e-44,6.56361554143841e-30,-1.07E-44,0,0,0,0,-5.52E-37,-2.29E-41,0,0,0,0,0,0,-3.63E-47,0,0,0,0,0,0,0
-7.07E-21,0.0001342182298883,8.36522340140677e-20,2.10505549853708e-06,1.7945342982309702e-35,-1.68E-22,0,2.22662726158533e-33,0,1.15390032518416e-38,0,0,0,1.12716392956862e-35,4.45627527481228e-13,7.46834665424318e-06,0,0,-4.61E-32,6.58776364733421e-26,0,0,0,0,0,0,0,0,0,0,0,0,1.41411981733532e-48,-2.38E-35,2.25245473226035e-20,3.915127755540249e-16,-2.19E-26,2.7654480771101102e-24,-6.57E-43,-3.00E-35,0,-1.23E-42,0,0,-1.33E-37,1.79128729937081e-32,-8.46E-36,4.929246571396169e-28,-3.87E-39,5.73775013399154e-35,-3.38E-36,-3.09E-26,-5.36E-40,-5.29E-29,0,-1.99E-43,0,-1.36E-40,-1.01E-17,3.25739338014487e-05,-5.43E-22,2.19481178807889e-09,8.69854699607101e-34,-1.21E-16,1.5340647997186498e-48,-4.15E-20,4.1835762665847794e-43,-4.69E-23,1.05506789493941e-10,2.11679625284414e-10,1.72226041588662e-09,6.61388381357851e-05,-1.82E-43,2.82784559806036e-33,0,4.12493414533892e-42,0,2.68936700809482e-45,0,6.26197880190122e-38,0,1.37457686524242e-32,0,0,0,-4.88E-33,0,0,0,5.05255702165314e-43,0,0,0,0,3.34869118312916e-47,3.3802094478212e-44,-9.68E-41,4.73104144410255e-38,5.8898584582649e-45,5.21837302773217e-45,0,0,0,0,0,0,0,0,1.6802139860009802e-47,2.7067064281335294e-40,-1.17E-36,1.86973441094152e-42,0,0,0,0,5.73622436305432e-44,5.45708530404015e-39,1.20137534846799e-42,-2.93E-35,-8.88E-48,-5.04E-42,9.168404048506901e-45,-6.19E-37,-1.13E-45,-5.01E-37,-2.96E-44,1.89802415919365e-38,0,5.25486924121806e-46,6.32691861836512e-43,3.13127235333787e-38,-4.05E-44,1.82852957993022e-38,0,5.13268578289303e-42,0,-1.18E-42,0,3.72751842978625e-40,5.98261151298284e-43,3.611161843575981e-35,-1.32E-42,-5.37E-36,5.48863725606104e-44,1.26750575501928e-34,0,0,1.61249895057473e-44,-2.55E-40,9.27217222388054e-36,5.919499690607798e-35,0,0,0,0,0,0,0,0,0,7.95799127888168e-46,0,0,-4.54E-46,0
-2.83E-35,1.90834212995369e-15,2.42166850327594e-37,2.04674280209537e-18,0,4.0275960723588895e-18,0,5.978114572937141e-35,0,-9.31E-40,0,0,0,-1.61E-25,-2.69E-33,-9.59E-25,0,0,0,-1.20E-44,0,0,0,0,0,0,0,0,0,0,0,0,0,2.29970040753327e-34,-9.16E-36,7.71579078843787e-32,8.059601334088258e-41,-6.93E-37,0,5.3683710839303394e-43,0,-5.93E-45,0,0,-1.67E-38,1.1107928733991398e-30,1.19141506420698e-34,-1.37E-25,-1.51E-44,1.71685710258001e-36,5.02425900386847e-35,2.44646515350737e-20,6.10090587147849e-45,1.12528119961095e-18,0,-1.16E-33,0,1.28393477962026e-36,-2.52E-32,1.68947044503511e-14,-6.93E-33,5.25557720706574e-17,3.58597294951981e-42,3.35977780107981e-12,0,1.8760866416035e-10,0,1.5517946758446298e-12,1.79891363053699e-30,3.04036063246479e-26,-3.07E-26,-5.27E-23,0,-7.07E-44,0,-9.89E-49,0,0,0,-1.71E-35,0,8.46286399959315e-18,0,-7.20E-40,0,4.32268191035884e-20,0,0,0,-1.20E-32,0,-8.19E-40,0,-1.44E-46,0,0,0,0,0,-1.01E-42,0,0,0,0,0,0,0,0,0,0,5.26803933956698e-49,0,0,0,0,0,0,0,0,0,0,0,0,0,0,0,0,0,0,0,0,0,0,0,0,0,0,0,0,0,0,-1.00E-46,0,0,0,-2.10E-47,0,0,0,0,0,0,0,0,0,0,0,0,0,0,0,0,0,0,0,0
-3.02E-39,6.804272750600329e-22,-2.28E-40,-7.39E-29,0,8.18769204266769e-26,0,-1.95E-33,0,7.41831065483732e-37,0,-7.93E-44,0,2.32948107110685e-16,6.32489246632821e-38,-6.64E-31,0,-7.37E-48,0,0,0,0,0,0,0,0,0,0,0,-6.93E-47,0,-1.86E-48,0,-2.33E-23,-1.96E-32,-8.35E-26,1.33356325956051e-31,2.58441618541798e-25,-4.06E-40,-1.72E-23,-1.76E-47,-1.65E-30,0,4.23551925257207e-42,-1.75E-31,-1.72E-19,2.76758886833553e-28,-4.99E-18,-3.43E-35,1.73749766007722e-26,-3.18E-32,4.5130021401242805e-14,1.02179519187057e-40,-6.78E-13,0,9.60126770614971e-28,0,-1.62E-28,-9.28E-32,5.19939601843745e-17,2.76831724609678e-31,2.5802248501087e-16,-1.36E-42,8.97646604007823e-07,0,4.15370097232985e-08,2.95085024444052e-44,7.25091418373496e-07,-1.11E-26,8.24110946438491e-19,-4.08E-29,3.92601194631888e-27,0,-1.74E-32,0,-2.01E-32,0,4.38967382565151e-37,0,1.2345249305276801e-21,0,3.99526189620117e-13,0,3.61652727589931e-35,1.25470370389262e-47,1.79063364170374e-15,0,-3.93E-44,0,5.79128185387823e-26,0,3.0079831608163293e-34,0,-3.10E-42,5.195623166439621e-45,-9.32E-41,-1.17E-39,2.4659376641454e-35,3.79399077577578e-44,-4.95E-36,0,3.3064345787439504e-45,0,6.073001685185871e-46,0,0,0,1.10164973610442e-48,-7.06E-47,-7.90E-39,1.02121071856127e-33,1.66339492847145e-38,-1.73E-45,-5.77E-48,0,0,0,1.20225038700595e-45,0,-3.92E-38,0,1.9111020560339e-43,0,3.71446064448286e-37,0,-1.37E-32,0,5.72402121932504e-38,0,0,-8.31E-46,8.72407529696242e-41,0,6.67145306919174e-41,0,2.48900213614574e-32,0,7.89627783560439e-35,1.58211116939899e-46,-5.23E-31,-8.07E-43,2.9944901811505897e-30,-1.58E-47,-2.60E-35,0,-3.87E-31,0,0,0,0,0,0,0,0,0,0,0,-2.62E-44,0,-9.66E-43,0,-2.46E-44,0,0,-4.80E-44,0
1.12233096843816e-07,0.0004657910695872,9.11984990993746e-07,0.0007440547665123,1.98433406684579e-22,0.0001337987559889,-4.75E-32,6.10871397689063e-10,-1.91E-33,5.40289368282283e-12,1.29310023323649e-43,-2.81E-25,7.84481379502966e-40,-5.44E-23,0.0002420305901629,0.0010996448837943,-1.07E-33,1.9009833917774199e-28,6.91844319130115e-08,6.36358542827984e-05,2.0343854321711e-30,-1.18E-23,-1.64E-36,1.79430202379074e-28,-7.44E-41,1.03669997975824e-28,-2.27E-40,3.4530532111923103e-25,-1.72E-45,2.38113690836501e-28,0,-2.15E-29,1.7896663579818197e-36,-1.58E-21,8.05839253221443e-08,6.25290771317297e-05,-1.03E-20,1.0427611914196601e-19,7.83503475153392e-36,1.6884936313105e-25,-2.56E-43,1.4788170457448902e-31,-1.15E-44,2.5773484265892203e-31,2.5256730140646e-37,4.5350908243839e-28,-8.54E-40,-2.71E-26,6.78578356658035e-38,-1.94E-29,1.46411595087331e-42,-1.02E-25,-2.65E-40,-3.72E-28,0,-5.74E-39,-5.54E-47,-1.23E-34,2.47674480054657e-11,0.0003847853060489,1.35420027177031e-20,2.20827453260234e-07,4.05774566242905e-31,1.76437845187113e-07,-3.36E-37,5.1159913563609297e-11,3.3140261009429197e-40,-1.10E-17,3.20615173997955e-10,5.20446676405611e-10,0.0003876323629789,0.0009835765406636,5.16031345118984e-27,6.094367121326101e-15,-3.03E-35,-4.11E-21,1.8107149790575e-35,1.00996767571699e-23,4.78803724541665e-41,-2.14E-25,3.00468967864944e-45,-1.03E-27,0,8.188506377506691e-31,-3.54E-50,-3.35E-28,0,-1.54E-37,0,1.81933479525664e-38,0,-8.69E-46,0,0,2.42481250778822e-39,-1.39E-33,-1.34E-36,9.88756125178368e-33,-1.58E-47,1.4269939529689e-39,0,0,0,-1.57E-47,0,-2.94E-45,0,3.34901519775742e-46,-3.89E-38,-2.18E-32,1.58425854958233e-33,2.99017168164546e-43,1.08347819406558e-46,2.93378845154424e-46,-2.97E-45,3.30756483954383e-43,1.29508810703903e-27,6.05906243525666e-22,-4.03E-28,3.03311150924399e-19,5.08290343107194e-30,3.36725004296964e-20,1.22665405360787e-29,8.43121728863466e-20,4.41897986664834e-32,7.314000745056261e-20,4.26468557773871e-30,-2.94E-23,7.76295267529476e-34,-4.68E-28,1.4751195406472799e-28,-4.97E-25,1.51413990799539e-29,-1.92E-23,1.7762371925619898e-42,9.69805438467031e-29,6.72113593108206e-39,1.23814321054363e-27,1.62895896039883e-38,2.19620273758101e-26,3.91677528477384e-30,-7.85E-21,-6.48E-29,4.1074698589276e-21,-7.12E-32,-9.96E-20,-1.76E-30,-2.81E-23,5.79814523784855e-17,4.07768192374757e-09,5.804978530480431e-15,3.41329364743529e-08,3.28196350997494e-34,-2.60E-26,-1.11E-38,-4.48E-35,-1.84E-40,-2.51E-30,1.1507276369051696e-40,4.2334119554009095e-30,4.6169966697543006e-36,3.35713418061691e-30,-1.54E-42,-7.53E-39,1.45971197119956e-33,-8.90E-41
-5.29E-17,0.0001566947802332,7.42265958097703e-13,0.0001450747868643,-1.05E-28,5.88639153695286e-06,3.9344356882738403e-44,2.81221737782961e-21,-6.93E-49,-6.88E-25,0,5.66692353979307e-43,1.11787414878928e-43,-1.76E-26,7.90500067584203e-07,0.0002073662377968,6.27694738817609e-46,1.62378144915347e-43,6.24870563088403e-25,7.75469759272705e-18,0,-1.23E-48,0,-6.20E-46,0,0,0,0,0,3.0224084524652903e-46,0,0,-3.02E-42,-9.51E-26,1.3171738890369201e-15,4.81607127637752e-12,-4.92E-23,-8.29E-23,7.55045437869905e-38,4.9473780182588515e-31,-7.86E-45,4.79672727761851e-37,0,4.66758164671193e-38,-4.60E-31,1.84702275519248e-30,4.7057831893560896e-26,6.52734719750679e-24,3.70492653033544e-35,-2.34E-33,1.70463643870555e-24,2.5470188130137305e-23,4.14832996243644e-34,1.07979673846111e-25,-8.38E-48,2.99831893473532e-42,5.0068048205629005e-48,-1.26E-39,8.909682363141692e-14,7.90051001757258e-05,3.4935148547083906e-15,1.47672932202051e-05,-2.44E-28,4.66371307049476e-17,-5.27E-42,-1.19E-20,-9.25E-36,7.49213712872783e-20,2.24508196984377e-07,1.30464414989988e-05,4.96052751758666e-06,0.0002872232158689,9.678830166896608e-36,-3.46E-25,-2.75E-45,2.31663800781097e-28,5.7749757531475004e-46,1.4634436067122602e-31,-2.97E-44,-5.76E-29,-9.07E-47,8.061260558849349e-30,0,-3.89E-38,-6.03E-49,1.68077994991631e-32,0,-4.01E-47,0,7.26679680735869e-42,-1.29E-47,7.24992030258686e-47,-1.29E-48,0,5.92598559306157e-42,-9.87E-37,-4.50E-37,-7.71E-36,-6.25E-42,-7.75E-43,0,0,0,0,0,-2.47E-47,0,0,2.51533359982682e-40,-2.67E-35,-1.06E-33,1.5226092784180296e-40,5.63679530462618e-45,-7.57E-47,-4.23E-46,-1.48E-44,2.49660889812744e-36,4.42195143675797e-31,-3.03E-35,5.15535586124691e-27,-4.27E-40,1.7939159270346302e-31,-3.90E-37,5.17460011283055e-28,5.71136467378236e-38,2.41469727129136e-27,-1.42E-36,4.10046128785846e-31,1.4081297943384e-42,3.32223641644861e-37,-2.43E-34,2.83293655909374e-31,-1.89E-36,5.86628464734529e-31,-1.24E-45,2.18484976190043e-34,-2.18E-45,1.12049200134325e-34,-1.26E-43,1.2219607071478998e-31,4.29803315513914e-35,-8.89E-28,-4.03E-35,4.44133430135912e-28,1.05736020118145e-36,-3.88E-27,7.30386392425445e-48,9.786530468177581e-45,1.52694971896411e-37,-4.80E-34,1.15351407323572e-27,1.04098652770294e-26,3.35468907612071e-45,5.2303435815909896e-42,2.2519458419642503e-44,7.93842047571383e-42,7.81600737073603e-47,4.24539211705842e-39,0,-1.69E-40,-3.04E-41,1.48247054252046e-38,-1.90E-45,2.3104238925476296e-42,-1.61E-39,-3.13E-43
9.599902879847729e-18,-3.59E-30,5.40916976358602e-19,7.468062164077941e-35,-2.42E-30,0,-3.88E-48,0,0,0,0,0,-2.31E-45,0,-2.25E-22,-2.37E-27,0,0,-1.09E-38,2.902810453432561e-44,0,0,0,0,0,0,0,0,0,0,0,0,1.23594072035107e-46,0,-1.74E-30,-4.20E-38,2.59510450104483e-41,2.7712245749707203e-47,0,0,0,0,0,0,1.31875962652358e-48,0,1.2795658425533998e-43,1.18086949240855e-47,0,0,5.00552582395236e-44,0,9.461084947323127e-41,0,0,0,0,0,1.09189019153381e-17,-1.69E-27,-4.55E-24,2.1789235212124102e-31,2.28862248865729e-29,4.16743037717418e-48,-5.84E-38,0,2.70583656531228e-36,0,9.219083525133221e-24,2.44353653658815e-27,-1.98E-17,-9.06E-24,1.83335076511601e-47,0,0,0,0,0,0,0,5.0212304919261e-44,0,0,0,9.56084222366174e-44,0,0,0,0,0,0,0,0,0,0,0,0,0,0,0,0,0,0,0,0,0,0,0,0,0,0,0,0,0,0,0,0,0,0,0,0,0,0,0,0,0,0,0,0,0,0,0,0,0,0,0,0,0,0,0,0,0,0,0,0,0,0,0,0,0,0,0,0,0,0,0,0,0,0,0,0,0,0,0,0,0
3.07515161275584e-08,3.60038126564522e-09,3.26075680436508e-07,1.20192260974349e-12,2.44297717576008e-25,-1.96E-25,2.56432605414436e-41,9.63434171139866e-37,-4.48E-46,3.19902563228094e-43,0,0,-3.00E-42,2.8645029099991692e-40,2.42711137397023e-06,3.15006068047949e-08,5.721921046650949e-49,6.13796962034523e-49,7.90227912574677e-26,-6.33E-27,0,0,0,0,0,0,0,0,0,0,0,0,1.87800244054321e-40,3.92181949161829e-39,-5.58E-19,1.26957388464948e-21,1.65760507135682e-25,6.24310252008806e-29,-2.25E-36,4.17604317895754e-39,-1.58E-43,1.74079148891941e-45,-1.59E-48,0,1.68483181934172e-30,3.78934261030028e-33,-9.73E-21,4.90328328268272e-22,5.02558853558454e-35,-1.36E-37,-2.28E-18,-2.29E-23,1.87152253570122e-29,-6.73E-29,9.07272829159191e-40,2.52388305643642e-42,2.17000989777524e-44,7.53624352274466e-44,3.09050525836839e-07,2.43309690700381e-06,2.85633357754087e-07,3.76084217126458e-07,6.07434448341876e-25,4.4467113342058e-24,-1.56E-40,-4.54E-29,-6.79E-30,3.13940895236861e-24,1.75435832319708e-05,6.43572590896806e-07,7.75261489764259e-05,1.35021899687437e-05,2.00683852017024e-32,3.29126701904904e-35,-6.83E-42,6.66045585361444e-42,8.867743093920449e-42,-6.64E-43,-1.44E-42,6.53866270918041e-41,1.17521244521405e-44,-1.55E-40,0,0,-1.25E-42,-2.17E-38,0,0,0,3.9395514881215e-49,2.91005291466371e-43,7.82541580105862e-47,2.29264710471306e-45,-3.31E-49,1.38249813924784e-42,1.08329848673226e-44,5.6564623634493e-39,-9.33E-42,-1.82E-41,6.819327248185711e-45,0,0,0,0,0,0,0,0,4.30134780416251e-46,5.79987746679198e-41,8.95158375213634e-37,6.99158298754198e-41,4.1677794531722703e-45,0,0,0,1.57425110904473e-33,6.13649006962255e-37,4.35558696333827e-32,5.3302970418054005e-36,3.75944425603574e-35,3.52379514206448e-38,4.39330726336157e-33,1.16029923623989e-37,3.5709620654954692e-34,5.40638974384732e-38,1.26414698462968e-34,1.12958132073797e-37,1.19437344948029e-39,1.62498073169267e-41,2.64543408582204e-34,6.893243538890499e-37,1.84202961130351e-34,-1.58E-38,5.0868149688660686e-42,-3.19E-46,2.73963050948506e-40,1.88105880697918e-43,4.2035912038501503e-39,-3.49E-42,2.56354171472107e-33,-3.59E-37,8.81272009311998e-34,1.60833101701262e-37,2.361771072321e-33,4.76777498459191e-37,0,0,7.23138172827909e-44,7.247340495179911e-45,1.22354926040604e-29,2.84529175280791e-33,3.56537003259206e-47,1.87936089096371e-47,-1.93E-44,-2.16E-47,-3.21E-43,1.92029789555623e-46,-8.21E-44,1.76343177533011e-46,2.77950630839417e-41,6.66222269890725e-44,0,0,2.64140026408794e-42,2.1558437912689502e-47
-1.66E-18,0.0005378163991427,-1.79E-17,6.88827329722342e-06,-2.58E-27,9.46185315896034e-10,-1.59E-36,-3.93E-19,1.20580021978605e-39,-8.90E-22,-2.29E-44,-1.41E-26,-1.00E-26,0.0002461941769968,-5.30E-11,9.33835752981757e-05,1.3306657606553e-25,-1.89E-22,1.74195439627038e-28,-4.27E-27,2.5458980623335103e-35,4.47212037602108e-31,-8.94E-34,1.20955646720725e-24,3.39463931750453e-37,-6.68E-27,-4.07E-47,6.066247522585169e-30,1.10186867430949e-37,6.88097781204619e-28,0,-2.47E-33,2.83467207593436e-25,0.0001378980719612,1.26215449029207e-06,0.0002469766758237,5.70347168472415e-06,0.0003060427737611,3.0481357118176407e-15,0.0002582175674228,-2.15E-18,1.94717808177748e-05,2.31088666030074e-30,2.74672186380394e-13,0.0009028588415077,0.0014262413632408,0.0009735062622649,0.0012409261011018,8.28423509684116e-05,0.0013006137009727,0.0004757019854948,0.0013466982517169,2.27291899832284e-05,0.0014112260964225,2.58237373186349e-05,0.0007648183692389,2.26085084513281e-10,0.0001135354275221,-3.38E-11,0.0008626754243977,9.74321786385858e-06,0.0015482053467614,-5.70E-13,0.0009041927630648,9.06121847245211e-29,0.0005196322520111,-2.83E-20,0.0007293806865371,0.0002387389573366,0.001206952193082,1.28665730902217e-06,0.0007861688246828,-9.28E-21,7.52291763775098e-05,2.16759890818902e-25,6.81916123938988e-05,-1.13E-24,4.35407053292466e-06,-3.04E-25,0.0010150448736258,-2.95E-29,0.0008907208719104,1.6988499916763e-37,-8.87E-21,-3.41E-23,0.0009578747127442,-4.62E-43,-1.42E-25,-1.72E-25,1.09762259196402e-05,4.38265349329911e-07,1.20227827059465e-08,1.313703033868e-09,7.4878514798361e-14,6.85685331831925e-11,7.53491177909905e-07,2.30064915552683e-07,0.0001409597624665,2.24355514221337e-06,2.20109524921987e-06,-6.90E-20,2.03577565761761e-20,-9.81E-19,-4.61E-17,-1.55E-21,5.66419705596408e-18,3.0012574963769604e-31,7.13857584775186e-22,4.54766939937287e-12,3.3169278075121e-06,0.0002453501981231,0.0002681130217712,7.68441620294317e-08,1.10956067800403e-13,2.65066666027014e-16,-1.11E-14,-1.85E-16,-2.75E-11,-4.56E-16,3.492058688138e-06,1.94693707448348e-19,1.14042800920953e-09,7.95069050729329e-19,6.34483273551504e-05,2.20985743792609e-19,0.0015896865947192,-7.90E-16,1.6112919809664e-05,1.16811826527136e-17,2.8465137995455898e-12,-2.34E-12,2.56429215796573e-08,-4.91E-16,1.85274924965226e-07,1.0114025239436301e-19,0.0005440986079799,3.52766167220456e-18,0.0001631157211069,6.220427194803801e-18,0.0018775417698135,-8.78E-14,0.0008331602812512,-4.00E-15,0.0002551432232395,-7.19E-19,0.0014863286959234,2.2504982350372e-29,3.18548869212953e-28,-1.35E-35,1.65479612580236e-31,-2.87E-16,-3.39E-18,-6.43E-25,-2.62E-21,-3.91E-20,3.199195416793e-15,-1.99E-21,1.33574514042324e-10,-2.20E-22,9.69004253346031e-10,-7.61E-14,-1.49E-11,3.2034640203818e-17,2.6310017362498998e-14,-1.18E-10,3.05923757753336e-15
-9.81E-10,5.3688333482949e-07,2.5470042252060802e-15,2.42800028274104e-07,-3.32E-30,3.13970479453779e-10,2.19374759588423e-48,-1.41E-27,0,-1.43E-33,0,0,2.79067062882524e-40,1.59478619420811e-29,1.62943479677245e-10,7.04251928413393e-07,0,0,5.41465457237965e-35,4.180869136076989e-30,0,0,0,0,0,0,0,0,0,0,0,0,-2.91E-39,5.553655835179209e-30,2.9666798930938805e-20,-6.55E-20,-1.93E-28,9.0226624317328e-29,-9.55E-41,-7.48E-37,-1.91E-45,5.43135609816046e-43,0,0,6.666806165541239e-36,4.18276248447555e-38,-1.49E-32,3.7601464131754397e-34,-9.43E-41,1.45482145419879e-39,-1.51E-30,-7.08E-31,2.70568787079323e-28,2.03873563428765e-35,0,0,1.01842961690995e-45,-7.62E-46,-3.68E-06,1.42148497261034e-07,-2.11E-07,1.47601887450519e-15,2.61959792014258e-20,-1.60E-21,2.62080297916752e-37,1.10871193879641e-23,1.37563604420517e-28,1.36960992322636e-27,-1.89E-08,3.6920144481950696e-11,2.42780805127706e-07,6.83859628396377e-06,-8.77E-38,2.55029476658614e-30,1.5829906086260002e-48,2.10383916743799e-37,0,-1.96E-42,1.9704202656274e-42,5.67763079208263e-32,-3.45E-42,9.21003686223865e-34,0,5.12122650012275e-37,3.24966671044694e-40,-2.12E-39,0,1.4018887332651402e-47,0,-6.14E-46,0,0,0,0,4.00554983828142e-46,-3.50E-43,1.35003803230084e-42,7.3326044614086e-42,6.617702310861e-47,0,0,0,0,0,0,0,0,0,2.35229958040137e-47,7.25715749746428e-41,-8.24E-40,-1.54E-46,0,0,0,0,-3.64E-47,2.61788031289773e-44,1.40257731923401e-42,2.85947022534088e-36,0,6.33969846035976e-44,-1.26E-45,8.69066484864599e-38,1.8347543055613298e-43,-2.08E-35,-6.91E-46,-2.73E-41,0,0,-1.11E-44,-5.53E-41,-5.02E-46,-6.45E-41,0,5.86210313530101e-39,0,-1.13E-40,-5.05E-45,7.67333368327946e-37,-6.44E-42,-2.58E-33,-8.31E-44,2.21663145094562e-37,1.91461373617799e-41,-3.97E-33,0,0,0,0,7.03742509725249e-39,1.57064519313033e-40,0,0,0,0,0,0,0,0,0,0,0,0,-6.63E-47,0
-1.56E-09,-2.97E-05,-4.25E-14,-5.99E-07,-2.82E-23,-3.82E-10,3.4565746463004697e-36,9.554680585496252e-23,5.96052100431326e-39,-4.91E-26,0,-3.31E-40,-1.30E-23,-2.89E-10,-3.23E-06,-2.21E-05,-2.97E-32,-7.43E-32,1.33946814825234e-26,8.540538984796599e-28,7.6491306720717e-42,6.2496852654781e-39,2.590446323807149e-41,-1.96E-38,4.14020000823241e-48,-1.18E-41,0,4.29472029343995e-45,-1.24E-48,-4.97E-43,0,1.4441573269305e-46,-3.48E-23,-9.62E-10,-1.99E-05,-8.36E-05,-8.16E-06,-7.60E-05,1.62980452980391e-19,-1.35E-11,-2.19E-28,2.09863179054752e-20,-1.31E-42,-1.40E-32,8.690312204447911e-23,-3.44E-15,-4.56E-11,-1.47E-07,4.25827393222501e-23,5.71617737942579e-17,-2.05E-12,2.57727553932641e-06,6.87409744017405e-24,1.51173356332902e-09,-2.13E-41,8.20614570036782e-31,-8.17E-32,4.1036038865899e-23,-1.23E-07,7.20015048078593e-05,-7.96E-08,0.0006502334373849,4.21567699094724e-21,0.0001477924204315,4.87486591357289e-28,-6.93E-05,2.0987591444819102e-25,6.43515836128646e-05,-3.50E-06,3.78994581284549e-06,-1.55E-05,-7.24E-06,1.2582385570595802e-19,-1.53E-09,-1.64E-30,3.60837646945885e-23,1.49769758367374e-32,-1.40E-25,-2.22E-24,-3.73E-13,-1.45E-26,-5.70E-13,-1.09E-48,1.0468972569568799e-34,-7.41E-30,3.35532048634052e-18,0,-4.57E-43,-6.82E-40,-3.16E-26,-7.22E-42,-2.52E-34,1.86954504667494e-43,-3.81E-37,2.1355364432762203e-25,-2.76E-20,4.19351725235803e-22,8.4968387577061105e-19,-6.44E-33,2.2571403726566e-27,-4.43E-46,2.33557452868588e-39,4.81545334366975e-41,-4.23E-35,5.75350575065648e-38,-5.13E-32,-4.25E-46,-7.38E-37,-1.02E-25,-1.70E-19,4.44919403323335e-17,9.9068850761079e-28,-2.59E-32,-2.45E-32,3.08077485010577e-32,7.13501557210084e-32,-1.56E-22,-1.82E-19,-9.78E-20,-6.13E-14,4.66069706181711e-27,-6.77E-22,3.341058943200691e-23,-2.95E-17,-4.78E-22,-7.93E-14,1.46795872000975e-22,-1.55E-17,1.59882822566121e-27,8.85194731584928e-25,-8.73E-20,-6.95E-17,1.3210545857087e-22,-2.72E-17,-1.13E-29,1.9201444654426802e-21,-2.66E-28,9.39171603811692e-22,-1.13E-25,6.43950703307743e-18,-2.35E-18,-5.36E-10,-1.31E-19,-8.66E-14,-1.44E-19,-6.86E-11,2.8378608825989896e-36,3.38297121656518e-36,1.11015901449707e-37,-1.65E-36,6.1824068427903e-21,7.08886354237349e-24,-2.70E-31,-8.35E-32,1.6097477663628e-31,1.40942907988588e-29,-6.04E-33,2.92953428407183e-27,-3.22E-33,1.4151078529264799e-27,4.5783828083406e-28,-1.98E-25,2.53838935457165e-32,-6.23E-29,1.13893217443333e-24,9.00632118607018e-30
-4.53E-11,-1.84E-05,-9.25E-10,-5.63E-08,-4.09E-31,3.77796814224668e-19,1.68749815068017e-49,3.58693387865816e-32,0,2.38868854130916e-36,0,0,6.38243227678307e-48,-2.86E-31,-2.36E-07,-1.92E-06,0,0,1.54428635623729e-23,-1.67E-21,0,0,0,0,0,0,0,0,0,0,0,0,1.63048014938763e-45,1.79681366375761e-32,-1.64E-16,-3.66E-17,3.64011094727195e-25,4.71381240921739e-26,1.29922107202539e-37,1.7974361203802798e-36,-1.80E-45,-6.42E-42,0,0,-2.32E-34,3.80225512841453e-32,-7.57E-31,1.7329320861233202e-25,2.8589036555158095e-36,1.1432476592472099e-34,4.73016669108465e-33,1.69003136855544e-25,6.11459004469539e-32,5.532078157141269e-28,0,9.74310610474429e-41,1.25170120514073e-47,1.80395820178463e-38,-8.45E-09,-3.59E-05,-1.72E-13,-6.66E-08,4.48099146169833e-27,-5.74E-10,-2.85E-43,-8.54E-15,-6.89E-36,1.10580097695069e-19,-5.70E-08,-1.09E-09,-4.13E-05,-9.58E-05,3.57872511748929e-37,2.53863900389028e-33,3.86953259886356e-48,-9.55E-41,0,-9.72E-46,-1.56E-48,6.84661873254106e-34,-2.29E-48,-1.06E-27,0,2.35644360592738e-48,-2.34E-46,4.79678596553739e-28,0,0,0,-1.66E-38,0,-2.43E-45,0,0,-8.63E-47,-1.29E-44,2.62405814029804e-38,-1.44E-39,-3.11E-42,-1.43E-43,0,0,0,0,0,0,0,0,0,2.7167498046533597e-41,5.14378459839674e-35,2.71914587522784e-41,0,0,0,0,9.09719741873071e-40,1.2948782059785899e-40,5.33696838299874e-38,5.14470234857785e-37,2.25697883086839e-43,1.72290655123631e-42,-6.94E-40,5.20300482133584e-40,1.3358960366515296e-40,-1.28E-38,-1.50E-40,-8.50E-41,0,0,7.85706350573186e-40,-4.15E-40,-1.58E-40,-4.98E-41,4.0617346792023696e-48,-1.30E-42,-8.24E-47,-6.83E-45,2.51160148142089e-44,3.7915100155523495e-40,1.36852801663378e-37,2.848789959532e-36,4.3320958338606e-38,1.78920768343628e-38,4.06344119047472e-38,-1.79E-36,0,0,4.30316967867792e-42,4.80350248291526e-40,-2.31E-33,-1.24E-35,0,0,0,0,0,0,0,0,0,0,0,0,9.46823286705958e-48,0
-5.89E-09,-0.001818881,-8.01E-09,-2.10E-05,2.60269341405237e-30,1.00815365701212e-16,-1.50E-44,-6.78E-22,-2.08E-49,2.20545712412113e-27,0,-3.62E-36,-2.69E-36,-5.65E-06,-2.85E-06,-0.00170612,5.51593188897151e-45,-3.70E-38,-1.15E-27,-1.12E-26,0,2.04628864533414e-49,0,-1.20E-41,0,-2.76E-45,0,4.17585996276082e-42,0,2.89132470572304e-38,0,3.65913316125294e-42,3.38648717470444e-36,-3.55E-06,-8.74E-10,-0.000231744,-2.83E-18,-9.86E-12,-5.67E-30,1.3035862799087501e-15,-1.08E-38,1.00301815776625e-19,0,6.28407835623511e-32,-3.79E-22,-6.75E-12,-2.37E-16,-0.001362744,-3.52E-28,1.96134065403449e-18,-2.34E-15,-0.011796685,2.24470616578662e-25,-0.002794015,2.25775727715239e-39,-5.22E-22,1.7227542838025899e-41,-2.86E-20,-1.65E-06,-0.005281789,-4.15E-07,-0.015291247,-8.47E-23,-0.003970578,-4.90E-37,-0.001256938,1.54183148267092e-28,-0.005606864,-0.000442403,-0.008183433,-0.002431974,-0.026409746,-1.60E-31,-5.00E-13,7.654878415291319e-42,1.5007918567056298e-18,-1.91E-43,-1.19E-24,2.7544524580904e-37,-1.91E-07,-6.55E-39,-5.27E-08,0,-1.36E-33,2.6446398685314e-38,-2.54E-09,0,3.35023633514805e-38,0,-8.52E-23,-3.56E-41,1.33467292531992e-28,-2.39E-42,2.3928519526498e-32,-1.28E-35,3.44326404338973e-30,1.25849701175195e-32,2.94766486355871e-26,9.46389947060413e-37,-2.73E-26,0,-1.22E-33,1.14639878341359e-46,-1.03E-34,3.29160010391603e-46,-1.99E-41,0,-1.41E-35,-5.76E-36,3.27550908842501e-32,3.9963952447899597e-26,1.56748061666968e-32,2.11906619571885e-38,-4.05E-40,4.18864898381222e-40,2.62197878389832e-39,6.6689356149766e-33,3.94659871477272e-29,-1.79E-31,-2.13E-22,6.07516804575264e-37,6.319338490737e-30,4.01685045577081e-34,-5.19E-23,-9.44E-33,7.825441514668539e-22,3.66222511557473e-34,-2.55E-27,5.579042124708808e-41,-7.52E-37,-5.66E-31,-6.51E-28,-5.34E-33,-6.43E-27,-1.30E-39,-1.19E-23,-3.85E-38,1.1257033634217e-26,-2.88E-36,-2.84E-21,-5.10E-30,-9.36E-18,-1.36E-30,-6.06E-23,1.60964130248811e-31,-8.81E-19,0,1.45968590033835e-47,1.15170728905255e-41,8.01078900597252e-37,-9.84E-29,-5.43E-30,8.530309865250699e-44,-4.86E-40,1.16404679235577e-41,-6.78E-39,1.2696489858895798e-42,-1.24E-35,1.28853515260738e-44,-3.10E-35,-8.65E-39,1.39870207570645e-34,8.991957083264309e-43,-1.83E-38,-2.69E-34,-1.84E-40
-1.15E-14,8.62469181549677e-06,-1.77E-06,1.64401181421399e-06,-2.79E-10,9.833146523299e-16,-5.70E-30,-3.29E-29,-2.29E-35,-1.68E-34,0,0,-6.02E-39,-1.07E-32,-2.10E-06,5.34352587816656e-08,3.67760499669927e-41,4.33212248871916e-42,-6.63E-10,-2.01E-14,0,7.16405654731481e-46,-9.31E-47,0,0,0,0,0,0,0,0,0,-2.16E-35,-6.61E-32,1.0930446380625801e-19,-5.52E-23,-7.10E-35,1.00067329617977e-34,3.69277440930544e-42,4.44474826227625e-37,-5.00E-45,-3.77E-43,1.5035082188819e-41,4.30842773809546e-47,0,8.28954048543848e-39,0,2.07096106351009e-39,-4.01E-48,-2.36E-42,0,-2.42E-38,0,6.9030622293044e-37,0,3.5422104760485795e-49,0,1.06376153149932e-42,1.18112241005972e-26,4.8459566908589415e-09,1.70487419267038e-36,-3.17E-19,-2.64E-43,-2.36E-19,3.29070845583284e-45,2.5587755240876497e-22,0,3.55454908392372e-27,4.0923230603037285e-28,-3.42E-27,1.3525741584151e-11,6.422950589963361e-09,2.66476256048213e-28,4.80588070848091e-31,2.06638344164246e-31,1.85756232645137e-37,-1.25E-33,-7.77E-41,1.14945399031977e-44,5.827211168981919e-34,-3.28E-48,-3.29E-34,-1.36E-49,-1.96E-48,0,-1.21E-34,0,0,0,3.57775292833114e-45,0,0,0,0,0,1.01543366980059e-47,0,-3.76E-46,0,0,0,0,0,0,0,0,0,0,0,-3.69E-47,-7.28E-46,0,0,0,0,0,-7.10E-33,-2.37E-37,-7.96E-32,-1.27E-35,-1.34E-31,-8.13E-39,1.39158568047559e-30,6.106263813344329e-36,-4.68E-34,-2.65E-36,3.37176638392467e-35,-1.03E-38,-1.24E-38,-6.38E-43,-6.89E-35,-1.14E-37,2.43922019940846e-34,1.69784286066019e-39,-2.28E-41,1.42472268967311e-40,3.890904046935809e-41,-3.89E-42,9.952049945620019e-42,-8.76E-38,-3.78E-35,-6.30E-35,-1.59E-34,-5.84E-37,-2.02E-35,6.1227152270901e-36,1.78450611920215e-42,6.75442181746902e-42,2.45486236505203e-32,-1.94E-31,8.65339354454471e-26,-5.81E-30,1.11566610239276e-39,-3.22E-42,1.69734743566105e-45,0,1.74288255102058e-41,8.82299033093403e-47,3.42804414336904e-40,3.2119650193512702e-46,-2.75E-42,2.04428109301707e-45,0,0,1.76109131327308e-45,0
-3.34E-27,2.00736854939086e-05,-1.98E-17,9.11625740254333e-07,3.12555739226596e-19,0.0003152632692933,-8.71E-24,0.0080586505144028,-1.65E-21,0.0203680333486351,-4.16E-19,0.0419766982614618,-2.08E-19,0.0063285094369795,1.44738026145525e-19,-2.20E-19,-0.00191095,-0.027005136,-1.99E-08,-0.000510361,-0.000171991,-0.010162514,-0.000928247,-0.018117425,-3.13E-09,-0.000787822,2.11349472552566e-15,0.0003374024147383,-2.68E-13,0.0028534578813647,-3.17E-23,0.057528950732763,3.82445653972609e-19,0.0003715872568154,-2.79E-08,-6.63E-07,-0.000108526,-0.000387469,-2.04E-07,2.5852006547178e-05,-9.69E-08,5.91734957917482e-05,-7.19E-10,0.0001032779158831,-1.10E-08,1.42136520809718e-13,3.7552032574507405e-20,-1.12E-20,-6.51E-06,-2.87E-05,-3.85E-27,-6.56E-27,3.26223187549175e-28,-1.04E-23,6.94340948945198e-33,-2.62E-19,-1.16E-09,5.90152413550608e-05,-8.33E-29,3.70132013936292e-05,-9.44E-28,-3.02E-29,8.75556132724577e-30,1.13175482623878e-22,8.81598440116348e-27,8.52140681581645e-07,2.64830285438424e-28,1.8064603450627398e-16,-1.48E-07,-6.98E-07,-3.63E-20,-4.33E-22,-3.60E-05,-0.006218321,-4.52E-10,6.75948752761028e-05,-1.85E-07,-0.000108752,-2.47E-19,0.0014336156897595,-7.95E-23,0.0031568792012814,2.74025560033407e-15,0.0464665278527616,-1.89E-24,0.0117618317927932,5.981768512832322e-14,0.0525170228956466,1.42532669860053e-17,0.0090467913032812,-8.81E-21,2.35119322748224e-06,-4.82E-20,2.50571177423638e-06,-0.00137414,-6.22E-05,-7.64E-05,3.37963481996369e-06,-2.46E-17,8.3746796679126e-06,-3.94E-17,2.94303448827157e-06,2.62997988922325e-14,5.54519802514932e-06,-1.25E-05,-6.09E-07,-1.46E-07,0.0001066530038099,-0.009426722,-0.004665141,-1.03E-05,6.223626417020951e-15,-1.49E-16,1.2868025859988e-14,-3.03E-07,-0.00057507,-0.000488646,-0.051087438,-4.28E-05,-0.017046137,-1.31E-05,-0.015945277,-5.64E-06,-0.005794082,-4.36E-08,-0.000166316,-0.000135285,-0.013727042,-0.000921194,-0.048441842,-0.004571459,-0.04653893,-0.000224531,-0.030697555,-2.84E-12,5.36114664069703e-06,-8.74E-08,-1.55E-05,-2.58E-07,-2.90E-05,-0.00017369,-0.005227137,-3.63E-05,-0.005277472,-4.18E-09,-0.000209029,-0.001547816,-0.036235421,-9.05E-05,-0.007477665,-3.53E-05,-0.001762324,-0.000285783,-0.024908079,-0.019872034,-0.034565217,-0.00100736,-0.008903953,-0.000337114,-0.006173075,-0.011444841,-0.029126626,-0.020516509,-0.008930543,-0.046688032,-0.05038706
-0.002214622,1.34266114165954e-32,-0.000641094,-3.54E-07,7.41969054063545e-05,-5.52E-15,0.0002727551303775,-2.63E-31,0.0004668867876655,-2.42E-27,0.0001207519986649,-1.67E-22,-0.010353388,1.84709434156499e-38,-8.55E-07,5.34124596146237e-17,-4.08E-06,-9.76E-13,-0.000655384,-0.00018507,-0.001747935,-0.000489148,-0.00042604,-0.00025554,-9.99E-06,-1.22E-05,-7.80E-07,-1.34E-07,-2.47E-06,-8.53E-23,1.6289270901415e-05,-1.55E-26,-0.00228056,-2.10E-27,-5.78E-06,-1.54E-09,-3.76E-24,1.0504760500732e-29,-1.09E-13,3.52098685459671e-32,-2.66E-15,-1.05E-31,-1.64E-09,-3.03E-32,1.3744491375178e-25,4.38793749519524e-36,5.01230892432004e-24,2.9151591318116902e-37,1.71930617026574e-22,-1.60E-34,1.1818247564281201e-23,-4.03E-44,-2.37E-17,-4.93E-48,-2.23E-22,0,-3.21E-18,1.7936387954341e-36,-0.01694285,1.97418012239822e-34,-2.15E-10,-2.68E-39,-0.011663059,-2.27E-44,-0.046815609,-8.57E-44,-0.000294662,3.5382386310256305e-46,-5.97E-24,-1.54E-32,4.379333015247221e-17,-1.32E-27,-0.001074015,-3.82E-19,-0.004396916,3.75033697511153e-24,-6.33E-05,-1.80E-24,-0.00847397,-9.16E-42,-0.012137763,1.33090691721867e-42,1.64209998475138e-06,1.17166726742286e-33,-0.000148903,2.13738538729517e-46,2.09571823392022e-18,3.5014070886997e-35,4.87118644136726e-17,4.1527623783895296e-42,2.42861729385726e-26,0,5.89727041519689e-28,0,-3.31E-29,4.77995152065856e-38,2.1828506873988e-24,3.6843746069224e-40,3.5545704189699e-24,0,7.3817217921783e-27,0,8.02945758236427e-29,0,2.96734312497298e-37,8.6606827214142e-49,-2.32E-28,0,-3.95E-36,-3.02E-32,-2.93E-33,6.22501819589437e-43,-1.63E-47,-9.88E-47,-8.30E-46,8.70040567732744e-43,-2.84E-16,1.11383582724026e-20,3.62851898697336e-17,-2.92E-23,-8.25E-10,9.243412391166501e-22,-6.08E-10,-1.22E-23,-1.82E-11,6.919571805075909e-28,3.10872779494106e-18,1.89930075431972e-22,2.43103710074461e-18,2.15039778087548e-22,-4.96E-19,-3.89E-21,-1.57E-17,-1.94E-22,-3.58E-13,2.74307401764528e-36,2.38673425254641e-20,2.37315277567005e-33,-4.88E-16,1.17824130762374e-32,-9.52E-18,3.96756004685718e-26,-3.27E-17,5.433704851945201e-26,-8.96E-14,-3.06E-29,-0.00110915,-1.99E-07,-0.002844122,-2.41E-05,-0.000551473,-6.36E-10,-5.32E-05,-1.21E-18,3.6695017748271196e-27,-4.84E-30,5.53274057243909e-23,4.41216319422945e-30,-1.22E-19,1.67688170746047e-28,1.9160127599441802e-23,1.5072352839689e-27,-3.10E-34,-5.81E-38,7.99904657145169e-29,-1.09E-33
-4.34E-24,0.0014595698091184,-1.91E-24,3.11307273402757e-05,-9.12E-35,7.65433765595847e-05,2.1472249593681298e-43,1.56895010022364e-07,-1.09E-47,2.4652534694476695e-11,0,-5.02E-26,1.0667623900883e-42,4.44394963135211e-07,2.95645358234506e-16,8.576562120305561e-09,-2.88E-41,-3.10E-32,-3.43E-26,-1.26E-20,-9.74E-49,-2.65E-41,1.43912694399556e-48,-1.70E-34,0,2.10802923355098e-37,0,-2.76E-36,0,-5.78E-30,0,-1.25E-31,1.58553324660284e-41,6.734285854766971e-09,4.71791467931219e-18,6.62554686095828e-08,2.31783784166503e-19,5.43772028158548e-11,9.45697455009152e-36,-2.33E-19,3.2642373705932096e-42,2.38238122125714e-23,-1.59E-48,4.52843715300439e-28,-1.87E-25,3.50917587564159e-16,-1.76E-20,1.16369075415365e-05,3.99045686714591e-29,-5.97E-24,-1.95E-20,0.0001413935935778,1.42541067632322e-27,4.62720714012903e-07,-5.52E-43,-2.47E-27,1.36606117888313e-44,-3.92E-24,1.88485334031131e-19,0.0027927511256995,5.19328514364856e-20,0.0030022556486416,2.07150454219822e-26,0.0024659215586563,-4.89E-40,0.001109872544131,7.47004878379993e-31,0.0007407131562746,1.66125732358255e-11,6.98087640458106e-05,6.542674979785019e-11,5.46025727199393e-05,1.3510774917131e-33,-1.24E-13,5.5213042145128595e-40,4.13063255371249e-16,4.5038522368344695e-40,3.3369823039098e-20,7.47915807863232e-43,7.77357640092132e-12,1.46934932615941e-44,1.93181034407413e-11,0,-4.65E-19,1.49927480308826e-42,2.8487309564407204e-17,0,1.44487320472152e-26,0,1.0955827916608e-25,-8.34E-40,4.69717138722976e-33,1.39442351945143e-41,3.9013935802526e-35,-2.02E-37,6.72722422971716e-31,-4.15E-33,7.90777753315221e-28,1.21091749166146e-35,-4.33E-28,3.4313847011030803e-46,-9.57E-36,-1.21E-43,3.59881355573101e-36,2.48190276053387e-45,2.50112751603301e-38,0,-1.51E-35,7.29151673331928e-37,1.3186395971028902e-31,-4.61E-27,-9.97E-33,-3.66E-35,5.10190450569293e-39,8.85236246137093e-39,4.12028803050443e-39,9.49569857619584e-32,1.16298575401749e-26,-2.58E-31,-7.45E-20,6.65560190690976e-35,6.471422676075902e-22,5.14979774541928e-33,-3.35E-18,-1.18E-33,-1.22E-16,-1.56E-32,3.06269557825023e-27,2.82819739042423e-37,1.0370527077061e-33,1.78924366261709e-32,-8.62E-27,-1.04E-32,-4.05E-27,8.542181401279669e-42,-3.84E-24,-8.34E-40,-1.39E-25,-1.32E-38,2.3956144947407497e-22,-6.88E-32,-3.40E-16,-2.67E-31,-5.86E-21,3.49716054230845e-33,-4.73E-16,-9.46E-43,5.73073461025736e-39,8.96448280540671e-41,-1.77E-34,8.75995395507549e-29,-2.66E-24,1.37735512463358e-40,4.0818992121665e-34,-2.55E-41,3.0890749025723695e-36,5.851654901148209e-42,-1.93E-32,-2.54E-42,-2.85E-31,4.22759384939112e-38,-3.39E-32,-6.38E-43,-1.58E-37,-3.15E-35,-6.58E-40
1.6159557313735e-17,0.0012045527175249,0.0005022591511344,0.0012020902553543,1.79062750768147e-06,0.0022540187560794,-7.54E-18,0.0005815320289427,3.0932851262985707e-15,0.0005259471035852,-4.54E-19,-1.58E-15,-8.49E-24,6.678629022686979e-12,0.0001375642607582,0.0003736054357232,-6.37E-16,5.26819623241428e-16,0.0012511045108662,0.0008332929187829,1.05383275872053e-08,5.60709960686454e-10,-2.00E-19,-6.28E-19,-2.59E-18,-1.33E-18,7.4540346398364e-18,-5.70E-17,-3.76E-20,5.645815350354041e-20,4.35179699991382e-26,3.4287995639222903e-19,6.776907809767942e-14,1.1435294312855e-09,3.89837252623867e-05,0.0002179728782807,5.45699759817657e-24,-1.91E-24,1.65789893158557e-27,-3.00E-23,9.48213102132722e-27,-2.14E-26,4.9914867770202796e-26,-4.20E-24,3.4497706497033094e-36,-1.01E-28,-3.19E-42,8.70786211351421e-32,5.8352164741121e-33,1.39238894981376e-27,-8.82E-45,1.73086321073931e-31,5.23322207696251e-44,7.62078564277757e-30,0,3.01296100260753e-35,1.39954620200926e-33,8.78282609053015e-29,9.36116052659001e-27,0.0004615926110271,7.99767011768001e-33,4.03819815381329e-08,-1.52E-34,6.6627206219615e-06,-1.03E-36,0.0001561630724101,-1.30E-43,-1.12E-18,4.75970807125922e-26,-2.13E-22,4.7346111177429e-13,9.06376964842951e-13,1.09503217789885e-09,3.77819489984075e-06,-8.83E-18,1.77996114591742e-12,-6.63E-20,1.7533841291075202e-17,-2.70E-33,-1.47E-17,9.182705261807352e-38,-3.24E-17,2.3280378328564892e-28,-2.25E-19,-7.88E-41,-6.28E-22,-1.81E-30,1.1740589897717502e-25,-1.28E-38,9.15599218112655e-29,0,2.45552343662566e-36,0,4.5267206660343196e-40,2.4087842523700493e-34,-3.18E-30,2.10060083119078e-33,-7.91E-31,-9.84E-47,1.83499224186356e-34,0,1.4299113585509699e-41,0,7.658165398344159e-42,-1.05E-43,1.70045946932977e-41,-9.61E-44,4.01119155207761e-37,4.18535422414098e-34,-1.94E-31,2.81489542407632e-32,-7.17E-43,-1.60E-46,-2.02E-44,-2.22E-42,-4.79E-41,1.44110149086653e-18,2.12462709442985e-15,3.17354549602399e-20,3.23827114802275e-16,5.82515559800262e-19,4.622647040305971e-15,3.0216141590498604e-19,1.51283799964438e-14,1.92910345774494e-25,2.61307981291557e-16,1.6639463866339501e-21,5.1574613462490615e-19,3.20788406315815e-22,-9.19E-20,7.40971412175031e-21,-1.84E-19,1.83131446376769e-21,3.41916232017177e-19,-2.04E-32,-2.32E-24,-1.29E-29,-3.87E-23,-9.68E-30,-2.30E-22,-1.51E-23,1.3933853807086e-18,-1.60E-22,-6.44E-18,-5.70E-24,2.43550452616183e-17,6.07301141752623e-12,6.72709368193406e-13,0.000270838735245,0.0006184418670551,0.0005687681376139,0.0007566522639558,1.5452527644580006e-17,-2.99E-17,9.15699790933208e-28,-1.05E-25,2.60924912476979e-27,1.36013164266206e-24,-3.68E-26,6.56662371088445e-24,1.71768383332014e-26,6.20492575643827e-24,-4.08E-35,1.49417530204442e-33,-9.47E-29,4.28341471272084e-32
3.56541916778645e-26,1.0114326011377e-06,1.35903293679113e-09,0.0001864490303354,1.7002692437489402e-20,0.0001007397842511,-8.19E-37,9.00272642583641e-13,-1.22E-33,1.8995686560117402e-15,3.89771722634445e-38,-1.96E-27,-9.82E-46,-3.45E-22,2.86760709347536e-11,1.326887055827e-06,2.8070853870903e-31,-4.85E-29,7.51839399187057e-06,0.0002217568099865,4.81507952205218e-24,-7.65E-25,-2.22E-30,1.7736036322161e-31,-2.19E-31,1.1946689734616502e-31,-4.98E-31,2.60095809968978e-30,2.53490360867932e-39,-5.40E-32,1.22773662407342e-44,8.25689829887088e-32,-3.27E-36,2.64410174040991e-24,3.86944215906226e-18,6.05118938781015e-12,4.40735969242851e-39,-1.03E-39,-3.63E-47,-1.87E-35,1.70147436235759e-46,-1.57E-37,3.98096154637732e-47,-3.26E-34,0,4.29406492070304e-45,0,-3.69E-48,0,2.03679493364865e-44,0,1.23964832300497e-49,0,-1.40E-45,0,0,0,8.52906973783232e-40,-3.17E-38,2.11366341465306e-10,-6.26E-47,-1.88E-22,0,-1.84E-19,0,1.85697200939154e-16,0,3.8860888813481e-35,-7.62E-40,-7.19E-39,-9.18E-22,-1.36E-22,6.3338930766448706e-31,2.49301208237731e-21,-6.07E-36,1.80576051841583e-24,-1.87E-39,9.51619264216122e-28,0,-7.18E-27,0,1.00516894827854e-24,1.34949949385367e-47,-1.84E-29,0,1.2789270491352e-31,0,-4.19E-36,0,-2.40E-38,0,-1.75E-46,0,0,0,9.81585880807239e-46,0,-4.77E-46,0,5.00603142199604e-47,0,0,0,0,0,0,0,0,0,-6.15E-48,-7.90E-49,0,0,0,0,0,3.08260343263323e-37,-1.29E-32,-2.16E-37,4.08659642205479e-33,-1.27E-37,-6.64E-31,-1.38E-37,4.78832499575846e-31,-1.05E-41,1.35499766925917e-33,-1.56E-39,-1.08E-35,-5.24E-41,-2.24E-37,-2.77E-38,4.31502890573188e-37,-5.44E-39,-1.56E-36,0,-1.84E-37,0,-1.69E-40,0,4.05102024792829e-39,-5.88E-42,-3.48E-35,-5.95E-41,3.38047868035942e-35,7.06208589154052e-43,-2.59E-33,1.18575216353933e-26,3.28887335690379e-25,-6.71E-18,-1.36E-14,2.89723957165127e-18,7.99669136008156e-15,7.25184306886369e-34,-4.85E-29,1.18419588534492e-46,9.42319321163658e-44,2.67977395568093e-46,9.32144516968015e-41,4.19070670154551e-45,-6.02E-39,-3.70E-45,6.52952348266491e-41,0,0,-1.22E-45,0
0,-7.21E-41,0,9.563192260679461e-46,0,-8.47E-43,0,3.32670659373753e-45,0,0,0,0,0,0,0,0,0,0,0,0,0,0,0,0,0,0,0,0,0,0,0,0,0,0,0,0,0,0,0,0,0,0,0,0,0,0,0,0,0,0,0,0,0,0,0,0,0,0,0,1.20361778388082e-41,0,-2.82E-45,0,-1.87E-43,0,-1.78E-41,0,0,0,0,0,0,0,0,0,0,0,0,0,0,0,0,0,0,0,0,0,0,0,0,0,0,0,0,0,0,0,0,0,0,0,0,0,0,0,0,0,0,0,0,0,0,0,0,0,0,0,0,0,0,0,0,0,0,0,0,0,0,0,0,0,0,0,0,0,0,0,0,0,0,0,0,0,0,0,0,0,0,0,0,0,0,0,0,0,0,0,0,0,0,0,0,0,0,0,0
-9.74E-14,0.0001897367361648,-1.20E-14,8.13065992659318e-05,-2.26E-25,4.8726860516697e-09,4.57684935925628e-44,-4.47E-25,2.1263277409436502e-47,1.09324528958118e-30,0,0,-1.25E-37,-8.86E-23,6.934883635953761e-09,0.0001413910919871,-7.81E-45,-5.65E-44,3.18312173490714e-23,1.33661309335077e-18,0,0,0,1.03451564480356e-47,0,0,0,0,0,0,0,0,1.6237609561217498e-36,1.36771481453116e-23,2.5555942021761497e-11,1.52647192973453e-05,6.63158339517792e-15,6.8312016515927e-12,-4.20E-33,-2.33E-24,3.1122149347781e-42,1.05925974434843e-30,0,1.1160861984599298e-42,-7.64E-27,1.67122256900531e-20,2.04899276370655e-24,1.85648005210884e-12,-1.14E-30,2.4362871209699903e-25,3.17484330240709e-26,3.7657297672347097e-11,5.09962775764395e-27,5.28275114322745e-16,0,8.35210241749398e-33,3.73014545199846e-45,-8.02E-30,-2.00E-12,0.0004710197051599,-3.29E-12,0.0006709449030537,2.1599809996677003e-22,0.0003471340138741,5.84901466217718e-34,3.90421436697097e-06,2.42253017355377e-28,7.56084147074116e-07,9.64223267348406e-08,0.0001161504181667,2.5674462679357e-07,0.000490015335662,5.511592310334101e-32,5.32489911743749e-20,-4.32E-44,8.96515986818406e-31,-8.64E-46,1.49079175623834e-34,1.1189349397954299e-40,-4.43E-24,2.48711253453525e-39,7.885047418502709e-22,0,5.97358454102592e-46,1.50991456644464e-41,-1.71E-20,0,0,0,1.33004547391805e-32,-3.83E-45,-4.42E-39,4.52240594677162e-47,-4.52E-43,1.43593166763575e-36,-1.67E-33,-1.10E-32,1.34373969302366e-29,2.65113877471977e-38,5.62163203385525e-33,0,-9.43E-45,-6.01E-46,-1.38E-42,1.41097371264006e-48,4.1152727918569e-43,0,0,3.25427144748938e-40,8.30765258116231e-32,-4.61E-27,-1.55E-35,-6.17E-41,2.7324933904340396e-40,5.016782390713698e-41,-2.00E-41,3.8363941384485093e-34,-3.26E-31,2.30534044861615e-31,1.87889446270494e-26,-1.99E-38,-1.14E-32,4.26943046438629e-34,-9.07E-27,-3.87E-34,-4.33E-26,-6.02E-34,1.20081040399505e-30,-6.11E-41,-1.61E-38,-8.19E-32,-1.60E-31,-4.72E-34,2.1406841680593296e-30,1.5150270353424802e-44,2.51332485247949e-30,-8.29E-43,6.99823030317904e-32,2.69327265131637e-40,2.83983094338109e-28,-7.94E-32,-6.99E-24,2.74154587235651e-32,3.74574497529607e-27,4.92287287727307e-33,-7.23E-25,-1.04E-48,0,-5.24E-41,-7.37E-37,-3.39E-27,-6.28E-28,-4.26E-44,-1.67E-43,1.21498497836388e-43,-6.18E-43,3.32738599497048e-45,-2.89E-39,7.1218933716273e-46,-1.42E-38,5.819002074360879e-40,-1.18E-38,-1.21E-43,-4.73E-42,-2.15E-37,-4.07E-43
2.32450759910319e-05,0.00462541692661,1.70921958192644e-05,0.000459374208125,6.17598968949487e-12,0.0043856578667417,6.17801657516381e-26,1.39824819492325e-16,1.5632685559677798e-30,-1.48E-20,-1.53E-46,-5.96E-35,3.07065584125466e-18,-2.30E-19,0.0010739980609113,0.0005635475851076,7.54075091807949e-31,1.94641630239555e-31,9.06089379561142e-06,3.95054756782337e-05,-4.49E-38,-3.73E-35,1.36044061730545e-37,2.55696742989431e-37,2.7164131653818e-40,-3.81E-39,-4.74E-48,4.9252703714001903e-39,1.95120332311572e-41,9.60700772115894e-39,0,-1.79E-38,1.7427782645065101e-15,-9.15E-20,0.0004023703032357,0.0003046591317905,3.8594988017617e-05,4.56052424957052e-06,1.64463373718428e-18,1.8973405641962502e-20,1.93523668020104e-24,-2.02E-27,7.78970328185667e-35,1.6634096475884499e-34,6.69560930105554e-19,1.86633071351664e-16,3.17063819225784e-14,2.44105879857102e-06,1.28665699966549e-21,3.76670170243156e-20,7.7609471194141e-19,2.06667945688045e-05,3.67958865084184e-14,9.12646987357379e-06,1.44513339742563e-37,-4.53E-25,-2.19E-28,-4.29E-25,7.73577121072765e-05,0.0020375888352712,8.74816929497727e-05,0.000858298876056,1.49777479455727e-06,0.0028170022210036,4.29673181763673e-19,0.0001459427342492,1.87415070594126e-12,0.0009256492756843,0.0002113466299269,0.000314692737398,0.0010457668328093,0.0008240759944733,5.6612771650162696e-12,1.64726619903354e-16,-1.87E-25,4.88492536953521e-24,-2.34E-27,-1.69E-28,2.9701923572393706e-21,1.48945490007e-21,-9.38E-23,1.35233527676057e-17,5.85796710804912e-42,1.27843560381845e-32,-7.07E-27,5.901014340792661e-15,1.11361467363562e-47,1.57047392073442e-38,2.6698406652289896e-36,-6.59E-27,-1.94E-37,3.71821302532976e-32,-7.73E-39,-6.95E-37,9.59150807994757e-28,6.07866464481412e-28,2.05352726556912e-22,5.35721146908872e-24,-2.12E-31,1.19728281914955e-28,6.96606710659893e-41,1.01965395536263e-39,-2.74E-35,-4.17E-35,-9.98E-35,-4.60E-36,-3.58E-39,8.55668205273262e-42,2.98196546556234e-29,-8.39E-24,3.15075547190098e-20,-1.20E-27,-9.57E-33,-1.49E-32,-2.29E-33,1.85869353849941e-32,-1.56E-20,-5.48E-21,5.68793681198032e-16,-9.75E-18,-6.89E-23,3.07085010368432e-23,4.98836006213685e-18,-4.11E-20,3.38203336054365e-17,-3.80E-19,-8.98E-20,-3.98E-21,-2.51E-27,1.43634495365303e-27,-2.38E-19,-1.90E-20,-1.59E-19,2.33704784873024e-22,1.2025843564725e-23,-3.67E-26,8.96758560788638e-24,-2.27E-26,-2.52E-21,5.9614885228392005e-24,-1.60E-17,-1.30E-18,1.25629625532425e-18,-1.59E-18,-9.90E-17,-7.45E-18,-1.22E-32,-1.43E-32,-1.79E-23,-7.86E-23,6.12598956284266e-13,-5.44E-17,1.7352742850916e-30,3.36496511910612e-32,-2.82E-30,-2.69E-31,-2.13E-28,-1.25E-30,-2.17E-28,-2.30E-31,-4.96E-27,-1.20E-27,-1.92E-32,7.02096296352936e-32,-1.18E-26,-3.20E-31
0.0001562655479075,0.0596865678677002,8.98482604265375e-05,0.0535728257222692,1.41102917148326e-10,0.077504122497951,1.0686820475335e-28,0.0339882031577394,-3.74E-32,0.0224031465842068,-8.06E-42,1.19000017979357e-10,-5.60E-31,5.34041935988769e-07,0.0029163070777774,0.0509050146837705,-2.04E-27,-1.97E-21,0.0006442401938475,0.011727043137233,1.70250943800847e-32,-1.63E-22,3.1587149073980103e-35,7.51289588774123e-25,5.23238091683335e-41,2.02627600280982e-25,-2.63E-41,-5.23E-17,8.09072538341911e-43,-4.65E-17,0,-6.69E-15,-1.88E-28,8.38473935982513e-05,0.0003753516757568,0.0023455129808287,7.14580823497713e-08,3.10748903531337e-05,2.99647850424535e-25,3.01557567488984e-09,-1.42E-32,-2.23E-19,-3.86E-37,8.15658430110581e-19,-6.71E-19,3.68709654449461e-14,1.6674017054372801e-15,8.35827855214146e-06,2.7164533679993e-27,1.1000884228586e-17,5.990480212667369e-18,2.34309044325272e-05,1.9834754935649901e-19,1.29266982664319e-10,1.79451159945149e-42,-1.22E-32,-1.12E-36,5.9248689905479e-23,0.000255700353362,0.0059578257018094,2.71894237364709e-05,0.0020379984823031,4.04681009643189e-14,0.0003938697408709,-1.44E-31,3.45597460263358e-05,2.9774939034024e-25,2.91216698233937e-05,0.0007718760269803,0.0014784497120472,0.0012867410250492,0.0013499245603443,4.22950650188261e-21,0.0004675792508174,2.3937658281580198e-28,9.13344690088648e-05,-2.58E-28,6.393176737988871e-09,-5.74E-31,3.8557777851346594e-11,-8.45E-35,2.4912839710199e-17,1.5447816125299e-44,-2.96E-21,-1.76E-36,-2.38E-22,0,-5.86E-25,5.2718380898095e-46,-8.48E-29,-6.09E-40,1.5454112264671198e-36,-2.72E-41,-3.17E-37,1.32815958253814e-28,7.71312224474897e-23,-3.89E-26,-1.72E-22,-5.72E-34,4.9854722405565495e-28,5.4405113454662205e-46,-1.20E-38,-4.19E-43,3.5113442355118504e-35,6.96625941404652e-44,-4.06E-34,3.52757425915102e-47,-2.85E-31,2.4629670771777e-27,-2.86E-24,4.916684849870421e-21,4.31128757337262e-28,-2.98E-34,-4.99E-34,-3.70E-34,1.64497102627402e-34,-1.87E-20,2.94665740136381e-13,3.65146870786894e-20,2.78883851150709e-07,-3.44E-23,3.4657898841506503e-10,-1.20E-21,8.03465255313044e-07,2.41840550797911e-23,3.36564193574139e-06,1.6104921751153e-22,1.40148191673143e-13,-3.00E-27,-5.77E-23,2.6306539444924703e-20,1.32512284504877e-13,-1.34E-21,2.26665412205288e-13,-1.80E-31,3.53653346633966e-16,-3.15E-30,2.21373117516833e-17,-1.70E-29,2.65778387694576e-12,1.48362323946874e-20,9.61458193374441e-06,5.25133615837244e-20,1.16748200566997e-08,-8.86E-23,2.26028519335868e-05,2.5183180393377e-29,1.1067717156097098e-22,3.50156510484632e-16,1.42004470238707e-08,6.074122779668731e-09,7.49547276041487e-06,6.63201608241249e-28,-3.21E-22,-4.35E-31,-1.80E-28,-1.90E-31,1.06156960221051e-23,-1.71E-31,-2.70E-23,-4.16E-27,7.762278604948599e-23,2.24945644588436e-32,3.55655089762988e-29,8.49771671653849e-25,3.63526245213792e-30
2.1843921382543e-10,2.35295463100383e-13,3.81900332655012e-11,2.77450961932926e-12,2.84717954865806e-29,-7.64E-21,-3.31E-44,-1.10E-29,1.66227575839243e-48,3.30867874042145e-36,0,0,4.8768069972981e-39,-2.09E-34,1.88167884042575e-11,9.29275886852038e-12,0,0,-1.50E-30,1.16165888153055e-26,0,0,0,0,0,0,0,0,0,0,0,0,5.21795189034932e-39,6.442412442635229e-36,-4.36E-25,-3.45E-24,9.03466409375246e-32,6.55608291246985e-33,8.630297774371359e-40,4.8005362238261e-39,1.2150317972877801e-45,-1.84E-45,0,-1.41E-48,3.72545014518302e-40,3.71542793554007e-41,-5.34E-36,-1.53E-35,2.88102616561116e-43,3.1743457227848096e-42,-7.33E-35,-6.08E-33,-2.78E-34,-2.53E-37,0,0,3.1838727018034102e-46,-2.69E-47,1.0050752900096898e-11,8.27124762123099e-17,-1.29E-17,-5.04E-20,-1.06E-25,-3.46E-25,4.99715678190768e-36,-3.37E-27,4.8430418011531995e-34,3.49055273359061e-31,2.79966523362842e-17,-4.11E-20,8.88249261130513e-10,2.4726039322629e-12,-7.80E-36,-1.21E-32,3.71475129490902e-45,4.04006241731548e-38,-4.18E-48,4.11896994977591e-41,4.20611842998524e-39,-8.83E-38,1.12658428227004e-39,3.94767082481612e-38,0,-7.59E-43,-4.00E-44,-1.45E-41,0,0,0,-4.43E-49,0,0,0,0,3.8252356976513806e-46,8.61426229880836e-46,-3.83E-43,3.6214451166443203e-45,0,0,0,0,0,0,0,0,0,0,0,1.7027927457610198e-43,-1.87E-42,0,0,0,0,0,-1.44E-41,2.73062596881653e-39,-1.26E-37,7.37191895536089e-36,-3.15E-44,1.2283896684226e-41,3.114743209756529e-40,9.8539402474686e-38,-2.37E-38,-1.30E-35,-2.17E-40,3.633879854362e-38,0,1.7516230804060202e-46,-1.77E-39,1.18713069164486e-37,-9.15E-40,2.78327076240478e-38,-4.35E-44,-1.96E-42,-1.95E-43,-4.03E-42,-1.23E-41,2.21734902125485e-40,-6.49E-38,-5.69E-36,-1.13E-37,1.0074741095739198e-36,-4.27E-37,-9.17E-35,0,0,0,1.49212336479031e-46,-4.77E-36,3.14591613276629e-37,0,0,0,0,0,8.09639112721005e-46,0,1.4674271558997e-45,-1.17E-45,2.33838077071487e-45,0,0,1.04936424865621e-43,0
0.0004031978925488,0.0117813567559145,0.0007260542509391,0.0009578643256283,0.0002203046171101,0.019779331805322,4.78535760221462e-05,0.0257911460616823,2.22780769298534e-06,0.0400353997285513,1.37605860348502e-05,0.0008701923986866,9.91376148261137e-06,0.0081900539262633,0.0011955075695942,0.0013796289215384,0.0018212399789633,0.0014657063611383,0.0003050336769887,0.000123945351869,0.0002701709963273,0.0002534274229109,0.0003424515848015,0.0001921011540108,0.0003686281037569,1.03562101298093e-05,2.53988920421319e-05,4.9575388138461e-06,0.0004237106006587,7.85123322721152e-06,-1.03E-15,2.19222481361444e-08,0.0002271355469691,0.0023761422545349,0.0008122524539735,0.0009039801300926,7.65423795169363e-08,9.55042105683061e-08,2.38312245241154e-05,0.0006697759307815,0.0001323274488986,0.0001497669042499,0.0005800677528685,0.0005119230597706,6.786859803973e-21,5.44386248930329e-13,-8.42E-26,7.44426509814885e-17,1.10881462823826e-19,1.60318360103317e-07,6.4931881330341e-28,2.22528486438254e-15,-4.43E-27,7.012374925969331e-10,6.40003300145195e-38,-5.95E-20,9.56997336169093e-11,2.48555729191038e-05,1.52895858984647e-05,0.006226474748037,5.5646257589690696e-12,0.0004189992553707,1.90442120818605e-18,0.002642302841022,1.13711320210805e-19,0.0064394369519403,9.15923766972955e-28,0.0004613195697833,7.90242458362062e-07,5.32973953580155e-06,0.0010278445504665,0.0011498292201422,0.0016068536454912,0.0023533620922424,0.001266270417825,0.0024032121925031,0.0018760830875663,0.0026619903299953,1.9091064446384e-14,0.0041882602805804,3.9624794640247505e-09,0.0047182155689524,7.07347924674141e-05,0.0009947646486815,1.9857986694680203e-09,0.000929175269941,3.21590934771209e-08,3.51624691830468e-08,5.1618800364468286e-11,6.40904374043057e-05,-3.54E-34,4.72827381544336e-11,-7.00E-40,3.03988129053565e-15,-2.40E-18,5.0491147358767e-07,-1.15E-18,9.01335226161741e-08,9.612511740224739e-29,1.04466762909901e-09,-9.10E-33,1.9596609974884897e-18,6.14607261792787e-35,1.00389531784482e-20,9.898296934304e-30,2.0855778902178296e-26,-4.50E-28,4.189975516450111e-15,-2.15E-17,2.32917636847971e-14,-5.83E-18,4.39608701820914e-29,1.14233967808069e-31,2.20929413091656e-30,1.9731580413430598e-28,2.0217417980061104e-25,0.0018700637556793,0.0026605356489943,0.0005704720465599,0.0026696662025642,0.0018189078794272,0.002913796396926,0.0006215691099277,0.0023481548301751,3.25405791352411e-06,0.0018323320784189,0.0002822083660223,0.0018275130929387,0.0014969735348131,0.0028701334376819,0.0009527739136275,0.0018348396159728,0.0008179117614626,0.0021146228232167,4.64072384945427e-13,0.0014073792135263,8.23497664629417e-11,0.0007218347260883,4.32841484841915e-12,0.0003020592154148,2.9338109974829e-06,0.0008035521417263,2.1788846357203e-05,0.0018263455275017,9.96578617008498e-08,0.0020880455814767,0.0019279001597058,0.0018950349853129,0.0006193735922721,0.0004948260478674,0.0010489213423132,0.0012102440882332,0.0016241333415622,0.0024094109191018,7.10072448357647e-06,0.0001043688000151,2.31816584070295e-05,0.0013805093204155,0.0001449307149984,0.0024096147047294,4.94558819174457e-05,0.0006699133530808,2.15528525365725e-19,6.2185812477074e-16,3.21620707760715e-07,1.54208947869934e-13
-1.55E-41,-4.56E-29,0,1.52153343422691e-35,0,4.30521139901385e-39,0,0,0,0,0,0,-6.66E-45,-1.32E-49,6.24806746697147e-39,-2.96E-33,0,0,0,0,0,0,0,0,0,0,0,0,0,0,0,0,-7.22E-44,0,7.01462428283621e-29,4.26575324632792e-29,-1.73E-29,-5.56E-30,-9.02E-43,5.85108766816388e-47,3.22384616025648e-48,0,0,0,-9.96E-26,8.4905103996716e-29,2.09540732827494e-12,1.6836687474531502e-15,-8.79E-33,-1.99E-37,5.77033906024084e-10,2.8436872547252897e-18,-1.48E-16,-2.12E-25,-3.10E-31,-1.54E-36,-1.02E-36,-1.27E-41,1.28157250424855e-32,2.6381600675516402e-21,8.197935653176379e-12,2.5098275172536e-11,-5.60E-16,6.402177427550351e-23,-7.74E-42,8.472782113773299e-34,-4.09E-26,9.84688317034807e-24,1.00546497929742e-12,1.4049254220574098e-11,2.46833728368357e-31,1.00370359490811e-26,-7.40E-42,-7.33E-47,0,0,0,0,4.88118965073145e-46,0,6.84323128538415e-47,-1.19E-42,0,0,-4.49E-38,2.6534064581799e-38,0,0,0,0,3.62939041063792e-42,8.44258511148869e-46,-1.94E-44,5.21267142492108e-48,0,0,2.70699583211834e-42,1.30201947904745e-46,4.29528038160272e-42,-1.83E-44,0,0,0,0,0,0,0,0,0,-3.84E-48,-2.79E-41,1.38853947183832e-42,1.75342887739613e-45,0,0,0,0,0,2.62627820925498e-43,7.29842950169176e-48,0,0,-1.80E-45,0,9.168257881287761e-45,0,-7.01E-47,0,0,0,3.36311631437956e-47,0,-4.36E-46,0,0,0,0,0,-2.26E-46,0,-3.12E-43,-7.01E-47,5.28068263398194e-44,-2.05E-47,9.99924676150733e-43,2.8025969286496303e-47,0,0,0,0,0,0,0,0,0,0,0,0,0,0,0,0,0,0,0,0
0.0001987312501545,0.0006860198721422,0.000199069642497,0.0001126203813006,3.55089196821764e-07,2.51500267524793e-05,3.00687005699277e-21,8.8398438555949e-11,-2.94E-27,-5.23E-21,1.86706904793381e-40,2.14993767916374e-38,7.83387242150746e-18,1.8608757135888106e-15,0.00098045017867,0.0005055409829883,7.40873698795886e-27,7.44510109481456e-27,1.54484969770934e-17,-4.95E-19,2.55523653930184e-36,2.627030041383e-34,1.05894886845063e-33,-3.40E-34,1.3985249280414701e-35,-2.09E-37,2.4158954901311e-43,-1.49E-40,1.6734163466452e-35,-1.89E-38,0,-4.25E-45,1.5144545598490702e-14,1.00934730826977e-13,0.0013280576733543,0.0006359913544259,0.0001305892074682,2.39294678882116e-06,9.25168602976588e-17,8.42506812781498e-21,1.1810475941571e-22,5.54556604837597e-26,7.54766164928231e-28,3.12532693816569e-28,1.48868214441932e-15,-2.47E-19,9.61811105677499e-06,8.56556560850642e-07,1.24797985364059e-20,-2.60E-22,0.000171880327749,3.09291526601557e-06,8.37359647408071e-06,3.93312142801074e-12,4.4537147665337e-27,-2.21E-30,7.58396285323331e-26,5.68029155394164e-29,0.000271870297407,0.0010305537743146,0.0013682073419367,0.0065651147311344,1.57946208140755e-05,0.0042726502636482,7.026948642627311e-20,5.92958495207751e-05,5.63330238031814e-08,0.0008154943744518,0.0011568543897647,0.0007083167427615,0.0010881271722289,0.0007957550708277,1.48630582992432e-05,1.49831114664876e-07,5.20534987177791e-15,-5.37E-18,3.38928426669613e-19,6.82807627128536e-20,2.94429406634981e-20,1.6640503019241098e-18,-2.54E-22,3.13777598811301e-19,5.497645028027091e-35,1.7454033868604302e-31,4.17888377895157e-24,2.50856820601829e-21,1.3197352376002298e-42,-1.81E-38,1.40069350749191e-33,-2.09E-31,-5.76E-34,6.641453703160969e-36,-2.10E-36,-1.05E-39,-6.71E-24,3.47251800725405e-25,-3.73E-22,-2.25E-24,-2.36E-27,-5.00E-31,5.52817032673491e-38,6.19405083065397e-42,4.8248141127347294e-36,7.45717624094501e-38,-3.82E-34,-1.06E-35,-2.19E-35,3.69907077022901e-37,-1.17E-27,-1.95E-22,1.41832136850622e-20,9.10666671049337e-27,-1.20E-33,8.549133006782121e-35,-6.44E-34,-3.21E-32,4.43355047435212e-09,6.52457221514164e-10,6.42192310100312e-06,8.292278521721121e-09,3.75921558626088e-12,5.72759645317897e-13,3.96693307858974e-07,3.32681061499352e-10,6.90791574751822e-07,1.4800144191715498e-11,4.80171518907045e-10,3.17797673931108e-12,1.00771682021056e-18,1.06701740640242e-19,2.32524134418652e-09,1.6206434708438798e-11,3.67502497420797e-10,6.14364779229912e-14,-1.94E-19,1.7486784990961e-22,-7.52E-18,-8.91E-22,-2.08E-17,-2.03E-21,1.61761938819476e-07,2.1677150990734294e-11,2.28048633682627e-08,1.85778929966416e-10,5.563829722395e-07,4.8780794530235495e-11,6.740582761698171e-31,2.9467144829615e-31,7.905636236993229e-28,3.36987408107499e-27,4.79854710268564e-06,2.64738226542442e-08,2.83559670319299e-26,1.65441947065161e-25,5.8029144410746e-23,8.20305399936014e-24,-7.59E-22,4.98878734411351e-23,4.87496181944938e-22,3.53203002520857e-23,3.0562212332832104e-20,4.389073691734e-21,-1.81E-27,-1.43E-29,2.7516956526226902e-24,5.2068343092679e-27
0.0007428585894454,0.001440750104315,0.0003334021453884,0.0140640232461205,0.0004226699230838,0.0462585350003189,5.00472980569954e-05,0.0002367785895731,1.74229806302081e-06,0.001402166409025,-5.42E-23,7.145630791519409e-11,6.10335292207327e-08,-2.40E-20,0.0008062944333075,0.0008430571666368,9.73454147356052e-10,2.74100449033446e-10,0.0002653051936014,0.0006108129455721,1.48464115384776e-12,1.4628383641885e-06,-1.13E-17,-4.53E-17,-2.49E-20,6.671248640148781e-15,-1.69E-24,1.11700623539215e-09,-5.75E-22,5.56501921365392e-19,-7.09E-35,-2.99E-18,1.48129335210108e-06,4.7515068826760486e-11,0.0003243845165451,0.0002157627018851,-4.51E-19,3.24260745086625e-23,8.58540185175325e-23,5.74641805020246e-30,-1.23E-22,1.32805130933516e-29,-1.26E-19,-3.47E-28,-5.42E-33,-1.24E-35,-2.05E-32,3.0005010245764404e-31,3.4403319597437294e-30,9.535825112920409e-34,-1.46E-32,-1.68E-30,7.27546817697332e-29,2.0185340996465797e-34,-1.86E-48,0,5.33720786797458e-30,-5.76E-35,1.11154284150507e-06,5.36075898162531e-05,3.01161039879807e-12,6.7834702283821e-09,2.19772191985505e-13,-8.23E-19,-5.54E-16,-3.20E-21,8.21139683056512e-26,7.52404991016504e-27,1.4585644098462e-07,2.61746225699622e-08,0.0006843705022336,0.0004091425717126,0.00017708632324,1.91127385344005e-08,1.07795712003833e-05,1.7917210712448e-16,4.3125407743615495e-11,6.27164559649465e-20,-5.96E-19,-3.41E-28,7.81165030614818e-24,-2.04E-29,-1.95E-22,-2.53E-26,1.07509824757943e-29,3.1712133418777403e-35,-6.48E-30,9.092519845487911e-31,-6.35E-33,-1.05E-38,1.82968234945216e-46,0,0,0,9.62295879143064e-34,-1.87E-37,3.96523701692152e-32,1.50731619371248e-37,-5.40E-38,-1.95E-47,1.29818026386994e-43,0,2.9955075320253504e-44,0,1.3954530018010201e-45,-2.60E-48,-1.39E-38,1.10164973610442e-48,-2.34E-37,-4.64E-34,-4.66E-33,2.28041495373614e-46,0,0,1.03688032920586e-46,1.4666715400042601e-44,3.5457222719561304e-15,1.10083076202747e-18,7.04873184568824e-15,1.1984137233355e-18,1.78151508163136e-11,8.767670492335561e-19,8.013195862547409e-12,8.401647823445971e-20,9.48295589037869e-16,1.61129651300588e-22,-5.66E-19,1.20722324190877e-20,-7.55E-22,-1.22E-24,-1.82E-19,6.618806686328051e-20,-9.15E-19,4.40718626283108e-21,4.00811395137185e-23,3.35743517182317e-32,1.40677283484338e-25,-7.07E-32,2.15143540595273e-23,7.6020594636753814e-31,6.871354331049899e-19,3.9945681870323e-22,8.529057396521762e-19,1.01291928689192e-20,8.867792485956539e-18,3.5867262199499697e-22,1.0383088616533e-06,3.13339340599841e-06,0.0001776365963348,0.0008958462220336,0.0009375914564121,0.0006156420499565,1.05834889080471e-11,2.23083414902714e-14,-1.26E-28,2.9789056042410497e-30,-9.53E-27,6.4466295691030215e-31,1.14942926341705e-23,2.79963039658047e-29,3.10659607931076e-28,6.00580442888616e-28,-1.03E-37,5.34615312813339e-39,1.18136122170903e-29,2.88248249561103e-35
2.59918000052046e-09,2.92139789170915e-05,1.89618143041654e-10,1.49151006379438e-05,-1.98E-27,4.62050624727864e-16,6.57984216418762e-44,3.86545251610071e-29,0,-1.30E-34,0,0,6.44426242326562e-38,1.98587319545139e-30,1.14363194231284e-07,2.19731725834944e-05,0,0,-6.43E-28,-9.99E-23,0,0,0,0,0,0,0,0,0,0,0,0,2.32853607665437e-36,2.61247514829446e-30,4.84087336222353e-16,1.10688301855597e-17,-6.47E-23,5.446351836385351e-25,7.7094632566332e-35,5.10696818702996e-33,-2.42E-40,5.92350227545993e-39,0,-4.74E-44,9.48323889356551e-29,-8.42E-32,-3.28E-24,5.50492651909945e-26,-1.22E-33,8.181905598433331e-35,1.68988022153064e-23,8.34298071931712e-24,-3.33E-26,-6.44E-29,8.89958549141465e-46,2.71094577479235e-43,-3.40E-43,6.799904434675698e-41,2.04659725828217e-05,3.33416403148415e-05,1.59296449423774e-05,3.84214488637965e-07,-2.60E-20,-2.34E-21,4.67450461336248e-39,-9.44E-25,-1.82E-30,1.67284237636157e-24,0.0001065887338126,3.40203196906539e-06,0.0003403099320726,0.0001647764544993,-6.26E-32,1.19129305821458e-25,-1.96E-44,-1.72E-32,-2.39E-48,7.17949914155059e-37,8.561537882553319e-40,-2.16E-32,-4.11E-42,8.00196715912517e-35,0,4.01501648853081e-41,1.54699076316837e-41,-3.08E-36,0,0,0,-2.09E-44,3.81756392027152e-43,-5.72E-46,-2.06E-45,-1.90E-48,7.410135957885398e-41,2.90618946616119e-39,-4.58E-35,1.37724828291058e-36,1.16070865561798e-38,-1.06E-42,-2.99E-49,0,-1.73E-46,0,-1.21E-48,7.36158031320207e-48,0,0,1.42192141078899e-42,4.4584265742416296e-36,-1.09E-32,-8.34E-38,4.676355088481699e-43,1.51302750854825e-45,1.35297782762396e-45,2.99230396405432e-44,-3.85E-38,-1.85E-34,2.9838618082046e-33,-9.49E-29,-2.02E-41,-9.18E-36,-1.12E-37,-2.67E-29,4.38716007512882e-35,-2.08E-28,-5.44E-37,1.17592046568171e-32,1.57646077236542e-45,-5.99E-42,-1.83E-35,1.97639872302811e-32,-4.13E-37,1.64975234476284e-32,7.256914917709098e-41,2.54499784977517e-35,1.3365043810308196e-40,1.50822951731555e-35,6.14472329164898e-38,7.617017529023309e-34,3.09823596560515e-33,-3.08E-29,-8.63E-36,5.17167834119646e-30,3.83914757384647e-33,-5.39E-28,0,0,-2.77E-47,1.00538109977095e-42,-3.21E-32,-3.38E-33,0,0,0,-1.49E-43,-2.23E-47,-4.16E-40,0,-9.51E-40,2.44535642144062e-43,-4.89E-40,2.62743462060903e-46,-1.98E-44,6.22548714394223e-41,-3.32E-45
0,0,0,0,0,0,0,0,0,0,0,0,0,0,0,0,0,0,0,0,0,0,0,0,0,0,0,0,0,0,0,0,0,0,0,0,0,0,0,0,0,0,0,0,0,0,0,0,0,0,0,0,0,0,0,0,0,0,0,0,0,0,0,0,0,0,0,0,0,0,0,0,0,0,0,0,0,0,0,0,0,0,0,0,0,0,0,0,0,0,0,0,0,0,0,0,0,0,0,0,0,0,0,0,0,0,0,0,0,0,0,0,0,0,0,0,0,0,0,0,0,0,0,0,0,0,0,0,0,0,0,0,0,0,0,0,0,0,0,0,0,0,0,0,0,0,0,0,0,0,0,0,0,0,0,0,0,0,0,0,0,0,0,0,0,0
2.0898442139943e-06,9.84955195963146e-08,8.81056746426316e-07,1.87086590360868e-06,-3.17E-24,6.4397486592986e-18,-1.37E-43,2.8080874044283493e-28,2.01827981664814e-46,9.7521612231004e-31,0,1.48434423730283e-43,-4.07E-41,5.55825412677003e-36,0.0001055258032389,6.90898478366374e-05,-1.76E-44,-7.81E-43,1.10904816635228e-15,4.71877031157249e-12,0,-1.80E-44,0,-1.86E-46,0,-8.18E-48,0,1.71215749865613e-44,0,6.69207441752981e-45,0,4.65857202235644e-48,-3.78E-39,3.72395580980673e-35,4.995976157598201e-16,1.4150550244519202e-17,-1.28E-24,-2.98E-28,2.9552411774341298e-36,2.96893998390271e-39,1.32876192571905e-45,1.70829671445958e-46,0,-1.22E-45,3.93684019185938e-33,-1.31E-36,-8.87E-26,-3.49E-29,-2.28E-39,3.79569776566944e-40,-2.92E-22,-5.71E-29,-3.58E-23,-6.11E-34,1.69323316246109e-43,0,1.39333309301938e-45,-6.96E-49,8.90197512717005e-05,1.10900218569284e-07,0.0001855138428615,1.7243186462017098e-11,4.23337527196825e-17,1.06749940482617e-24,-1.80E-38,1.44378736827333e-27,-3.86E-22,-6.82E-28,4.8894637191433e-05,7.04300754724948e-08,0.0005999059946813,1.92285419559228e-05,2.51172100761033e-33,-4.05E-29,5.58069268043465e-44,6.726795652303619e-36,-5.80E-45,-4.06E-38,-1.68E-43,2.99642335316057e-38,-2.67E-44,9.39916883310601e-40,0,3.1419248079031797e-48,-3.25E-42,1.83249157300292e-41,0,0,0,0,0,0,0,0,4.11075025975757e-43,-3.81E-44,-1.32E-40,2.49501517077903e-43,-1.03E-45,0,0,0,0,0,0,0,0,0,9.40919832160549e-46,2.13777172271143e-40,1.22713812019279e-38,1.35460425336736e-44,0,0,0,0,-1.70E-34,-5.32E-33,1.2303715732945602e-31,-6.11E-32,-3.07E-39,-1.19E-34,2.10713917608767e-34,-2.57E-33,1.86984454244924e-34,-2.48E-33,1.89596336910921e-34,-4.99E-34,-3.38E-42,-2.01E-41,2.47058140540028e-33,-2.46E-33,1.0406042999086099e-34,-5.81E-35,-1.39E-45,-2.09E-42,3.15086081169507e-44,1.1188753633044e-42,-2.40E-43,-1.82E-40,2.96373054526537e-32,-1.35E-32,2.84332296285226e-32,-1.84E-32,6.83290273185654e-33,-6.38E-32,6.2604547922181e-48,-7.51E-45,3.30964798043334e-36,2.4519757560846e-31,-1.41E-26,5.3063403242493e-28,-1.00E-44,-1.31E-41,0,8.4077907859489e-46,0,4.966305557453399e-44,0,8.899347393322172e-44,5.02528581609312e-43,-1.21E-42,0,0,-1.11E-43,0
-4.82E-34,3.88730557644116e-19,-5.70E-33,-3.26E-25,0,-3.15E-29,0,8.87232341745942e-37,0,4.47178588260082e-41,0,0,0,-2.96E-26,-3.37E-28,-4.19E-23,0,0,5.64853950331306e-44,1.2002861723708e-43,0,0,0,0,0,0,0,0,0,0,0,0,0,-1.57E-27,3.1626035764037302e-24,1.91043001620156e-20,4.13652750940567e-27,5.36458822815466e-23,9.87449320220304e-46,3.8867949318692895e-30,0,3.1505043907696004e-36,0,4.35786871213917e-46,-1.49E-29,-2.70E-22,-1.84E-18,4.96056070431024e-06,2.0488327061978097e-36,-1.95E-29,5.752523358185381e-17,4.5004212331816e-05,-5.50E-32,6.66129247137813e-08,6.3661540223045614e-46,3.5092997667334e-28,0,8.79764802626915e-30,-1.43E-25,8.57032736192419e-07,1.82731492315925e-16,0.0010568545102379,2.9925613970692098e-30,2.53806626544631e-05,0,6.2812174772946595e-16,-3.72E-35,0.0001040154186984,1.13989467991432e-12,2.88591437296269e-05,1.4207521844737202e-19,2.53708465932679e-13,-8.46E-47,2.23035893260903e-29,0,1.49543445410563e-34,0,8.16112484906569e-38,0,-6.49E-29,0,-3.58E-21,0,-8.11E-43,0,-7.59E-20,0,0,0,4.00637698494952e-32,2.0187741994691e-49,-3.47E-37,0,-2.28E-42,1.28795814735737e-48,-3.99E-43,-2.66E-43,-5.37E-38,1.88397712662324e-46,-4.39E-37,0,0,0,0,0,0,0,0,0,-1.10E-40,1.08510840253288e-35,2.42868933758606e-40,2.00443465902132e-45,0,0,0,-4.90E-44,-4.63E-40,7.11478684372142e-43,4.10122883579722e-34,2.22075826358925e-48,-7.05E-39,-6.32E-46,3.4132645654045e-35,8.21845424511214e-47,1.76795272768325e-32,1.38027898735994e-44,5.13117059951984e-38,0,3.5032461608120403e-46,1.3784713123409698e-42,5.08648287535209e-38,-1.10E-44,1.82855313183377e-37,0,-1.33E-35,0,-4.99E-38,0,5.086985768908409e-34,2.13704298805366e-42,3.36048957980722e-31,2.9801509265504e-42,1.08060464774316e-34,-2.21E-45,3.8201218491802e-31,0,0,0,0,3.35789445092862e-42,7.33373281308514e-41,0,0,0,0,0,1.99295781592863e-45,0,-6.08E-46,0,2.28878749173053e-44,0,0,-9.47E-48,0
6.34345526167504e-33,-2.84E-20,-6.67E-38,1.6057945872914199e-27,1.02407961323938e-46,-7.67E-33,0,1.38689780175964e-38,0,-5.57E-42,0,2.08090416977754e-45,-2.23E-41,-2.86E-22,1.1424306860310498e-30,3.53086251695666e-24,-1.55E-46,1.49855738892711e-38,-1.58E-46,-2.02E-46,0,0,0,-1.39E-41,0,-5.44E-42,0,-1.62E-48,0,-1.12E-41,0,0,3.19922548402967e-43,6.820037630358e-26,1.43023183924585e-20,-3.21E-17,4.32475824418355e-17,-5.46E-14,-5.65E-31,1.06755055512941e-19,-2.54E-35,-5.89E-19,0,2.08698499268551e-32,9.43256385450972e-05,0.0012311334528845,0.0004571534857788,0.00193026699576,2.05072674328126e-07,0.0015594307589177,4.11499576755192e-05,0.0012629452754034,3.34724227280631e-11,0.0015718554111292,1.4690003514550902e-15,0.002240804155423,-1.26E-20,0.0004972825479617,-2.03E-22,1.86614063060131e-10,4.57783363394112e-07,0.0007791737034381,8.22190596209733e-18,1.73691628562017e-05,-2.13E-39,7.1467840846812e-17,-4.73E-24,0.000387926053098,4.09216441463892e-05,0.0004795785938618,-1.86E-21,-1.28E-18,-1.81E-39,1.42275923279062e-26,-1.04E-45,-4.21E-30,2.69020609618672e-47,6.89888123547924e-31,1.6555298167140897e-42,-3.93E-23,-2.96E-42,2.29895362369901e-11,0,-3.45E-41,-4.83E-29,8.61820844134161e-05,0,-4.67E-43,-3.34E-36,6.49439112693213e-06,1.04502594314398e-12,0.0001109312252689,1.39802399675445e-11,8.49754526454063e-08,3.23143867962122e-28,2.06823017075903e-22,-1.77E-17,1.27715632683467e-12,1.34147147880804e-13,0.000229788605247,3.46556266290344e-24,-2.37E-19,-9.23E-22,-1.68E-12,1.8794107439535e-29,1.01493314194167e-22,-1.33E-41,1.83658336932068e-30,1.80160096445205e-23,9.40056534045102e-24,1.79459752956921e-13,1.88181322228743e-07,1.42455593954584e-08,-3.13E-14,-1.89E-19,1.1515578473366e-21,5.5619940094859004e-40,-2.52E-34,-2.69E-36,4.52905520132874e-30,2.28265079639548e-43,-6.51E-36,9.5922606759755e-40,-5.30E-30,-1.18E-39,9.67467831847652e-25,-2.65E-37,4.9630119392455e-29,-3.57E-41,1.2335851898712598e-36,-4.79E-35,2.13459750812024e-30,-3.60E-37,8.98564430697734e-31,-1.29E-40,-1.34E-23,1.75343941153412e-38,-3.83E-26,8.91976991584292e-37,9.29024876496362e-23,-9.92E-35,1.17892682818806e-22,-6.47E-36,5.03942522841109e-26,-2.11E-37,4.95016554766239e-24,0,0,0,0,-5.01E-40,1.56691307917484e-41,3.7598447616425305e-46,1.09323245247749e-41,1.18048691128028e-35,7.92921705096282e-32,5.18747523139658e-38,3.17788784368746e-30,2.11297362386633e-39,7.59230834677931e-30,8.015140177756709e-36,1.8703450067244897e-30,-3.96E-33,8.42949503870263e-27,3.790883140765849e-30,2.08698783114103e-31
1.30287095962243e-32,2.2158596483529102e-09,-2.28E-34,4.6879025291331604e-21,-7.00E-49,-1.01E-19,0,4.44394231761387e-31,0,1.22455988891726e-36,0,0,0,-2.98E-24,2.5847071734571296e-30,-2.56E-22,0,0,-1.49E-47,2.11283221992679e-40,0,0,0,0,0,0,0,0,0,0,0,0,0,-7.68E-27,-4.43E-23,-9.95E-20,1.64662777983844e-27,-3.05E-21,7.97665094190905e-45,-7.63E-32,0,-1.08E-34,0,0,-2.03E-24,1.61702923774095e-21,-3.49E-18,1.09119488235861e-07,2.1807026520913697e-30,-2.64E-29,-3.42E-19,8.58274902148445e-05,2.63348720358576e-32,9.83663827365786e-06,-1.21E-43,5.345418780777781e-25,-4.73E-47,-4.04E-28,-1.63E-20,0.0001032349306413,1.62549590584216e-18,0.001296888351752,-4.20E-32,0.0009939774447138,0,1.4756001259029e-05,-4.67E-35,0.0005250810784693,8.543194371076979e-16,1.61645485070516e-08,1.10335733956489e-16,1.50294485321687e-10,0,9.693209850522739e-33,0,1.76357942038244e-37,0,-2.93E-42,0,-4.48E-28,0,-3.37E-19,0,2.87746512178137e-41,-6.46E-45,-6.22E-19,0,0,0,-4.90E-28,-2.17E-42,5.14889104460597e-33,1.5124759418722597e-42,-1.53E-40,0,-3.59E-43,1.1067277010502796e-40,5.2089293995658096e-36,-3.64E-39,-9.98E-35,0,-3.60E-45,-4.64E-49,-3.65E-44,0,0,0,0,0,-1.90E-41,9.82097518031507e-35,-1.26E-35,3.0777595978911803e-39,2.50121684226373e-44,-1.07E-46,1.56394917893395e-48,0,-3.69E-45,0,9.28529273730409e-39,0,-4.86E-45,0,-7.78E-41,0,-3.53E-37,0,2.35447238179934e-42,0,0,-2.52E-47,1.5740126377451698e-42,0,7.863597801236059e-42,0,-1.15E-39,0,-8.81E-44,0,-1.23E-37,-8.38E-47,-6.08E-35,-5.27E-48,-1.39E-38,0,-4.50E-35,0,0,0,0,4.849534974677831e-46,1.07792189563447e-46,0,0,0,0,0,0,0,0,0,0,0,0,0,0
-2.21E-35,1.35769356138265e-24,-1.71E-39,2.6755081003952e-30,0,-9.10E-31,0,1.5693582763247596e-40,0,5.10235344078606e-44,0,0,0,1.34692543871205e-25,6.134015805865329e-36,-4.81E-29,0,0,0,8.20816813686046e-50,0,0,0,0,0,0,0,0,0,0,0,0,0,-4.70E-29,-2.38E-26,1.9326059355149301e-23,-1.62E-24,-2.98E-22,1.48083944287519e-43,-1.43E-28,-9.67E-48,-1.88E-28,0,2.3307887763467204e-47,2.0620833707622694e-11,7.41931865217439e-06,5.33934068855855e-10,9.00075158092398e-05,1.12460928629685e-18,3.024617823127e-08,1.3892873205992498e-11,0.000672035134248,5.58062885501833e-18,0.0013216394639797,-4.77E-24,1.66295028664001e-05,2.26369753438719e-31,5.29244377352541e-11,-1.28E-24,4.0308773412401294e-12,4.7058350672202505e-14,0.0004173883620209,1.7453109737023502e-25,4.76657509461908e-05,0,1.31757653148335e-15,1.43054417854208e-30,0.0004811152136706,5.68997307096999e-13,6.95755879218768e-07,1.10639789564916e-23,-9.74E-20,0,4.8625375251377495e-36,0,6.12046942618414e-36,0,-3.31E-42,0,6.3824697573265e-28,0,4.17941341155633e-10,0,3.88446637083763e-45,3.02666170697349e-41,1.89079948610711e-05,0,0,0,3.9164663223622297e-13,5.2970433343778885e-28,7.18915116112096e-18,1.86660138604643e-27,1.07541116062371e-23,2.34372667739615e-41,-1.61E-35,1.01932282211642e-30,-1.38E-25,6.84509044637663e-29,7.72206370020665e-18,9.89930017770572e-39,2.06303363892323e-31,-1.78E-39,-6.68E-32,-1.06E-45,2.08592002663169e-38,0,-6.46E-44,-1.21E-38,-3.97E-35,2.43662677851504e-24,-3.73E-21,-3.04E-23,-2.88E-32,-1.72E-35,-1.87E-38,0,-2.57E-45,0,-2.77E-40,0,2.35418142006569e-46,0,-3.39E-41,0,1.55593011203882e-36,0,-3.78E-40,0,0,3.4471942222390503e-46,-2.35E-41,0,-3.47E-42,0,6.63674481102405e-35,0,-1.01E-37,0,2.6609640505228197e-34,3.17767274043223e-45,3.1408819784121493e-34,2.63401966978349e-47,8.64664888554513e-39,0,6.19633774905599e-35,0,0,0,0,-1.65E-47,0,0,0,0,1.85186981670003e-44,0,4.758223115489789e-42,0,4.0224414122783e-42,6.04007958760697e-48,4.4832237701933686e-42,0,7.17834968045637e-44,7.60246077120828e-42,-4.10E-46
0.0059319579154617,5.49740614318627e-05,0.106491129902414,0.0011644328509821,0.0433256721548605,1.1988384999679e-18,7.6279382139797e-06,1.59731787297672e-24,3.09970555365806e-06,3.55155504668483e-26,2.49965874415996e-18,4.71261169886713e-38,4.61935193423291e-12,9.38672057386882e-28,0.114278582243637,0.0327450039522128,-1.30E-19,-1.03E-23,0.0532297205065268,0.0037571383414191,8.299817653345741e-17,-2.27E-26,-2.73E-21,-3.75E-30,1.25109354727066e-21,-8.08E-36,-4.43E-18,7.143816969046151e-35,-8.76E-21,-1.56E-38,3.18248812581605e-19,1.43297675407684e-45,1.05350732889866e-08,1.01117391325309e-24,0.0029166509656702,0.00044839250091,0.0008849419858452,0.0003392387455752,1.8128711472754094e-16,1.27950272892684e-18,-4.30E-24,-1.18E-28,3.16056631285957e-22,-8.72E-35,1.28978263801364e-14,3.48527344588688e-12,-1.28E-06,-8.34E-06,-4.21E-20,6.24268692094935e-18,-1.05E-06,5.35454495325716e-07,1.88759563278887e-06,-1.67E-14,-2.32E-31,3.28234023062683e-32,2.46429550472039e-27,-2.76E-30,0.0001925548915171,0.0001754345772994,0.0018652273212373,0.0008676127365431,0.0006499536132702,8.37740086261737e-08,3.37270048360944e-08,1.18598372187457e-15,7.75004425487567e-06,3.95463653590412e-08,0.0015856832885303,0.0013167513290613,0.0010707579139232,0.0006733523860855,0.0001129399014565,4.29261410890046e-18,8.53085295573399e-08,2.96615709700768e-27,2.78732875177956e-11,-2.71E-27,2.69798212970118e-18,1.13500515273932e-27,-2.59E-19,-1.10E-29,2.74627231821931e-24,-8.41E-41,-4.06E-22,-1.29E-27,-5.30E-31,4.2794498173356896e-48,3.08978016093914e-32,-7.52E-39,-1.28E-33,1.7712346484600302e-31,7.506408891862809e-36,4.2269349046039795e-34,-1.08E-22,-1.12E-24,-2.20E-21,3.03300190957834e-21,-5.39E-26,-4.61E-27,-4.30E-38,1.1243073240733e-39,1.2098284399091e-34,-5.91E-34,4.93995203137575e-34,-1.34E-34,-2.55E-36,3.93817747662607e-44,-8.28E-26,6.2522366456771204e-21,-6.41E-17,-5.53E-25,4.57703700186077e-31,8.60232920498619e-31,-1.65E-31,-1.83E-29,3.80272576348271e-07,2.1091870748876898e-12,2.40476445331346e-05,4.052706036645709e-11,8.95322313617481e-08,5.34208858840922e-16,2.60212080901216e-06,2.7188529280619702e-14,1.56343098371966e-07,1.38266076938618e-16,4.5370806927047e-08,5.819642903080849e-13,4.6899636090222404e-17,-3.51E-22,1.638352370546e-07,2.1079816894281e-11,4.23346911415676e-08,3.88041142859042e-14,3.26218558354708e-21,-6.67E-27,-6.55E-20,4.0027718001541904e-25,5.23387973750734e-19,1.93755322150086e-23,2.1580170038894e-07,6.50856992173378e-12,4.82509982659282e-07,1.10531579769998e-11,6.59727871311534e-08,2.49667335473192e-13,5.79255963109991e-17,8.067797211958671e-23,4.47670401704885e-05,2.19865655727192e-12,0.004114043549495,5.36048296034026e-08,-1.38E-17,-6.38E-24,6.2110382646649e-24,-2.72E-26,-7.67E-22,5.7569693533002e-28,9.59244109868081e-21,1.4625180229367199e-28,-9.60E-20,3.38765290906183e-23,6.53894192391945e-26,5.04740248504289e-28,3.67773583007305e-20,6.759307054401711e-25
-1.83E-18,4.21939193050968e-07,-3.54E-21,1.9432834631101303e-15,1.12212855677155e-37,2.03605150495708e-21,0,-2.47E-31,0,1.05948688849103e-35,0,7.00810028756215e-41,-2.69E-41,-3.78E-18,1.27889917964761e-19,8.34732031832625e-15,0,-1.35E-42,-5.04E-39,3.23630955818867e-35,0,0,0,-1.59E-45,0,-1.11E-46,0,0,0,5.07472714057329e-42,0,-4.63E-45,1.08227303353397e-46,6.45476529715868e-20,5.036163128875041e-15,3.31264657566301e-13,-5.85E-15,1.2423928799428302e-15,6.950340291899e-33,4.5065913643067e-20,7.86029240023461e-39,1.62692205577373e-20,0,-1.49E-36,2.37397521537598e-08,1.71992989121627e-05,3.06814258976188e-06,9.57639598956045e-05,4.18576798907744e-16,1.11735360442034e-06,4.59573428340415e-07,0.0001646553372952,-7.76E-20,0.0002480599885328,2.40956333077629e-24,7.91637980492604e-05,-1.69E-28,4.07875487366463e-07,3.0711471471643696e-11,2.41615502585043e-05,3.0625592813542e-07,0.0001208172519925,4.45298870964905e-21,6.93840194922688e-05,-2.23E-37,8.9235815345e-06,-8.79E-25,9.62882475329782e-05,5.77330665219181e-06,4.20137198794157e-05,3.90267894357152e-08,2.91835727251573e-06,7.29283539213255e-37,2.37485118515358e-25,-3.13E-47,1.24090203354557e-29,0,-5.73E-33,7.816192157278549e-42,6.3628434028650015e-19,-5.69E-42,4.03585181131737e-06,0,-2.57E-33,-4.01E-35,4.93303833362029e-05,0,-5.11E-38,4.75307356664096e-43,9.24953376717037e-07,-5.62E-25,-3.99E-13,8.585698670676881e-24,4.4014752008798915e-19,-1.31E-33,-3.81E-27,-3.76E-26,4.552576219119132e-19,-3.47E-24,-4.87E-13,1.9952179657340504e-35,-1.92E-27,9.83798552806647e-36,-2.30E-27,5.17799463696105e-39,-4.01E-33,0,7.43345271811987e-33,1.48033625735224e-31,1.8048735007123694e-28,3.02067728193231e-20,2.56862371353395e-19,6.554612258011139e-22,2.74422192734434e-28,-7.69E-32,9.13389845418997e-32,-9.22E-40,-4.03E-35,4.33306869786149e-37,6.886832744315139e-30,-8.50E-44,-2.18E-36,3.36109793152971e-41,8.28011620622308e-31,-3.18E-39,-1.21E-26,3.86416759606597e-39,-2.42E-32,-4.76E-44,-1.17E-39,2.50776901100753e-38,5.30305607493666e-33,-4.70E-39,-7.24E-33,-3.16E-42,-3.98E-25,1.97131782934965e-42,-1.32E-27,-8.34E-40,-1.42E-23,4.46628161202978e-35,-1.02E-22,1.83695907982162e-37,-2.10E-27,6.96218517426981e-37,-3.00E-25,0,0,0,-2.70E-49,-2.44E-35,-8.60E-37,0,-1.89E-44,4.02397656479438e-42,-1.76E-39,-1.08E-43,2.2091944336978305e-35,-4.56E-45,2.0884493330720294e-34,6.783223648706e-40,-2.99E-36,3.23509449826421e-38,-2.32E-35,1.96347507039014e-35,2.19939204712527e-38
2.51522344040424e-44,3.10090450574648e-09,-5.64E-21,6.0065124420931e-08,1.40949914744948e-24,6.96717953564145e-05,7.13989364583032e-39,0.0005727842605442,-3.44E-31,0.0004058678712191,2.51507633885646e-25,0.0242452668042569,6.95595492544987e-39,0.0005998810431223,-5.95E-40,-1.78E-35,-2.09E-15,4.86905273515682e-05,4.1618275174297305e-19,1.59214724881003e-10,7.876538547043749e-11,8.9265521453211e-06,7.500005600524531e-09,3.43656187779892e-05,-7.76E-16,0.0002404839082216,-2.53E-19,0.0090308530265397,-3.19E-23,0.0041971710253228,-1.92E-28,0.132204050740643,5.04988180701345e-28,0.0002237163596407,7.7672244573201e-35,-8.15E-28,-1.60E-34,-5.95E-24,-5.64E-25,9.67810702770399e-05,-2.34E-23,0.0001664602269338,-7.79E-26,0.0003130122334112,-4.22E-37,-1.97E-22,5.85025986092215e-47,4.64114302262454e-30,5.62462023101847e-34,1.3639674847150901e-17,0,-1.92E-37,0,-4.26E-27,0,-4.41E-16,-1.78E-23,0.000134687214106,1.5391960264616102e-47,3.86193845433225e-06,0,-1.90E-34,0,7.48708782532974e-24,0,4.58964966233349e-06,0,8.04302986061566e-20,4.9238133656134894e-36,-3.55E-21,0,-4.04E-40,3.06461904504655e-20,1.51038514463086e-06,-5.97E-25,4.60605979336658e-05,-1.28E-23,5.46219455806082e-07,3.911631243265099e-43,0.0003589018921913,3.85991674068355e-37,0.0011139124636967,-1.85E-23,0.0340088225596681,-6.73E-34,0.0057678474392533,-9.03E-23,0.0424987849433902,5.98807684383588e-28,0.0044574594512707,1.9524639972443601e-35,1.48746146310255e-05,-5.69E-34,4.63369367512055e-05,3.74023003218265e-28,1.22311464117988e-10,2.69738944900873e-31,1.86665964362942e-06,4.8718416918297495e-34,8.59736750118492e-06,-1.10E-32,7.46272054090244e-05,1.16232464000499e-29,5.95802158044464e-05,-1.38E-23,6.69751150803975e-10,-3.19E-28,3.71223246398854e-05,-1.18E-21,-7.05E-23,-9.71E-24,1.29870249237406e-26,7.31639791992975e-27,-2.03E-23,-1.04E-21,-1.25E-20,-1.92E-24,-3.23E-16,-6.94E-29,5.23543765585337e-19,-2.90E-24,-1.11E-13,-2.92E-26,9.379548999900933e-15,-5.13E-31,3.33908867605776e-16,-4.51E-24,7.84576556797414e-16,-1.27E-22,1.30812069387691e-15,-6.15E-24,6.639391989962379e-18,-1.45E-24,9.24167490739807e-17,-4.39E-33,1.13848062666162e-12,1.05518154013522e-30,5.485688501179191e-15,-5.60E-32,2.2447676601249e-17,3.836394565468269e-30,1.98002083561998e-19,8.06719474296322e-31,8.629791271171682e-19,2.42727073303075e-34,-5.34E-18,1.30359907060084e-13,3.73032707622154e-07,1.48612464999791e-13,5.57846782397746e-09,-2.77E-20,8.80907087524793e-13,9.832965901209161e-20,3.41780617388139e-07,4.579703547988102e-22,5.604715934348491e-17,1.74704887531294e-23,6.86634186951142e-14,-2.36E-23,1.16207793058259e-12,-6.21E-23,8.13891007506168e-16,3.03848606921271e-26,-3.36E-18,2.37530314890546e-22,2.3626691375251905e-23
2.93570328299409e-27,0.0045758472921691,-1.01E-24,1.76095482979661e-05,2.3055688250759095e-36,0.0002478554745484,1.68749815068017e-49,2.34781624051307e-10,0,-5.45E-13,0,1.44367091061949e-26,9.872804007954128e-42,1.47297169709967e-07,6.05404343995078e-20,6.528937259045441e-15,4.00534473265566e-48,4.57096254878907e-42,1.10287180169033e-32,-8.13E-22,0,0,0,2.2241569105454097e-43,0,1.150824825774e-46,0,-4.21E-39,0,9.37053229138064e-33,0,-4.73E-33,-4.21E-40,-7.54E-15,3.67960917810235e-21,1.20002301908449e-17,-1.67E-22,-2.60E-18,-8.66E-34,6.61912858589247e-24,4.52859043208162e-44,-9.66E-29,0,-1.71E-33,-5.07E-32,-4.26E-23,-7.74E-26,7.138806518173659e-13,-1.16E-35,-1.04E-29,-1.29E-22,2.71841287360559e-08,1.71982891639178e-28,1.5634227450153698e-11,0,-5.66E-30,-5.86E-47,-6.92E-30,-4.65E-23,0.0087082479513225,-6.66E-21,0.0043500281077657,2.55170385669548e-30,0.0317439493408291,7.37861115923215e-41,0.015925782153383,2.46177344522885e-31,0.0010815706720196,-7.58E-19,8.82951587693837e-10,1.07450597215872e-18,8.58928436749317e-11,-2.47E-35,8.98391602821248e-19,3.04813636083207e-46,1.7603400602378897e-18,1.86520956002279e-46,7.514542091348101e-26,-8.56E-43,2.38733385999179e-12,3.827754171910261e-44,1.32879064133255e-08,0,-7.54E-14,5.4759700088805694e-43,-1.08E-17,0,-1.50E-25,0,-6.67E-27,1.34584946631273e-49,-8.98E-35,0,2.51256731191798e-37,4.27649421929064e-40,1.80873861296777e-35,-5.87E-38,2.07341198929103e-33,-5.08E-43,1.14750235269989e-34,0,-1.99E-41,0,1.3288261977762298e-42,0,-2.17E-45,0,-8.11E-41,9.24270000337942e-40,-2.14E-34,3.10747551438438e-32,-2.91E-39,2.5353389741134602e-45,-2.31E-46,-9.97E-46,-4.02E-45,2.49329582195647e-35,7.114220590168931e-31,6.47680512198747e-33,-6.44E-22,2.01172614083881e-39,1.43975738259051e-30,4.3676030439282095e-36,-5.05E-22,7.339028918042698e-35,4.60003253656644e-21,1.78152862580617e-34,1.65135721382306e-26,3.2965546373241298e-43,-3.50E-37,-5.47E-33,8.53175176127223e-28,1.51500581969246e-34,4.7487770066000096e-26,-1.89E-44,-6.36E-28,-1.17E-44,2.6500917891620897e-29,-2.21E-41,-2.31E-26,-4.55E-31,1.1527628667427502e-19,-1.91E-32,9.23882265216443e-22,3.21786136769316e-33,3.7018305098657904e-19,0,-1.59E-47,-7.18E-47,5.361609691741798e-41,-3.80E-30,-2.65E-31,-3.46E-47,9.795007551497896e-41,3.5525876560347505e-46,-5.40E-42,0,-4.43E-38,0,-1.12E-36,3.7737934057001296e-42,1.30110698914311e-36,2.9193718006767e-47,1.7330624856521297e-42,-1.87E-37,-1.27E-44
6.4580544654788094e-49,1.35788933478841e-06,-1.14E-21,3.05193081948599e-06,7.90162955516324e-34,4.11566962412271e-05,5.5518689157377806e-46,1.19873753538634e-05,-3.83E-42,4.84715540429537e-05,1.58382555931295e-37,1.75425077186259e-05,0,6.61265040584855e-08,-1.03E-24,2.94047758701876e-20,4.09067761871915e-31,2.07224523816284e-25,2.81168159288433e-18,2.13284634948592e-11,-7.67E-23,1.10553358861768e-15,2.03940862032029e-26,-6.27E-20,1.36195068230233e-29,-1.27E-17,2.64783812680364e-28,3.69838999219863e-06,1.59370579841026e-38,8.39378588921725e-14,-3.01E-43,3.24166805738477e-07,1.69881654304283e-40,7.78767733047257e-12,-6.99E-26,-5.19E-20,0,0,-3.76E-49,6.99250173027247e-32,6.985000013889041e-47,-1.08E-30,-3.03E-47,-7.47E-29,0,0,0,0,0,4.5694515141026594e-49,0,0,0,0,0,0,0,-5.98E-32,0,3.43222596569319e-09,0,1.52617278902283e-33,0,2.5524414384452497e-30,0,7.125175957823141e-15,0,1.24832682946751e-38,0,0,-4.50E-46,-1.53E-44,1.9085970036685e-31,6.77812032255878e-20,5.67119072189844e-39,7.164584131539832e-19,-6.21E-39,1.3593441790777e-24,0,5.05687488422184e-15,0,2.4282141446423002e-15,0,1.02299434879609e-12,0,1.6328329028619302e-23,0,1.09748455465896e-20,0,-1.01E-28,0,3.69772394995078e-47,0,-1.82E-48,0,2.79244259195163e-47,0,1.58927752661229e-45,0,-2.06E-45,0,0,0,0,0,0,0,-1.10E-48,0,0,0,0,0,0,0,0,5.1427289667093697e-42,-1.07E-33,4.088254257569e-45,3.15318959561083e-38,1.4760936026425e-42,1.70355893529007e-29,7.144377525207531e-46,6.74209880538696e-31,0,2.34627949551324e-36,-1.94E-43,2.92660578545419e-37,-3.12E-43,1.86250020832764e-37,-2.21E-42,-2.09E-38,-1.01E-44,1.07062365445815e-37,0,1.1948890620402e-38,0,3.2639191336155097e-43,0,-7.02E-43,0,9.23294633348986e-41,0,-2.89E-41,0,5.74323347089042e-39,1.04825630811477e-25,-1.07E-22,-1.78E-21,-1.86E-16,-9.15E-24,1.9115752270574898e-18,-1.48E-32,1.3816228403948998e-23,0,-1.40E-45,0,-3.77E-42,-3.30E-48,-1.86E-38,-2.42E-47,-1.13E-42,0,0,0,0
4.88485381659176e-18,0.0021940466969506,2.47401042198496e-07,0.0009673986316217,1.76242056398966e-14,0.0008363878245845,-2.66E-25,2.44689139164961e-06,-2.21E-24,1.3050719782367e-10,4.61487609985421e-31,-2.16E-24,6.724918630703119e-34,2.77383185631448e-11,2.40514154955522e-05,0.0004902841373588,-4.23E-24,-7.14E-21,0.0001543751494738,0.0006484440758772,-9.36E-24,2.7831201103451097e-18,3.56011169284304e-28,8.11101853923247e-25,-7.19E-32,-2.89E-26,9.84819160075007e-32,-4.32E-25,2.23274581789145e-32,-4.49E-26,-3.90E-40,-6.10E-28,6.2569166917308785e-28,2.2813504960704304e-10,5.11974720556878e-07,0.0001236799883275,9.19788625384382e-22,-6.69E-18,9.757725975891628e-36,1.08298937301828e-20,1.81292546656299e-37,2.46502409647951e-25,2.37119529277488e-38,6.2579068496474e-26,-1.60E-35,7.062098862489529e-22,-6.03E-32,-2.21E-18,2.96670360817988e-37,8.33987642528398e-25,3.3649875455768397e-34,2.56405815568436e-11,1.1224122208753e-35,1.57908505206378e-12,0,3.02752575074791e-29,2.1463261937604e-45,3.68929521315696e-25,-1.63E-23,0.0014969650108278,4.03050423337005e-26,0.0002952051131468,-5.26E-32,0.0012299976351026,-1.76E-37,0.0003316940569277,1.20342358060872e-36,6.13039246917589e-05,-1.45E-19,-2.95E-11,4.4193361907306093e-10,3.48174738782089e-06,-3.56E-21,2.6751174212572e-09,2.53608692998663e-28,8.829645369809322e-14,9.85917876905179e-30,7.016983442066479e-18,5.08803133891979e-40,-1.00E-14,-8.56E-45,7.89268008312997e-18,-5.83E-41,-3.31E-25,8.15202971455655e-49,1.63686584861038e-19,-3.47E-43,6.3068986834012315e-31,0,-2.86E-29,0,1.49827449371736e-34,0,2.22149350105107e-38,3.95452675483405e-38,-1.33E-30,3.11278655785795e-37,-2.74E-30,1.05262827382133e-45,8.43132032480339e-32,0,3.96332453153003e-39,0,-8.27E-39,2.0156767323429497e-49,1.3034028897039799e-40,0,-3.36E-36,5.27988929444352e-37,2.33909096866566e-33,-1.23E-31,-1.13E-40,-1.82E-45,-2.99E-44,-1.60E-43,1.91245961396759e-43,-9.62E-25,2.7226512458292497e-18,2.40159206982588e-25,-2.04E-16,-4.79E-26,6.25602672353729e-16,-3.67E-26,-2.17E-15,1.25226596081293e-29,4.91708185109885e-16,-7.97E-28,-2.08E-22,3.84609197309386e-29,-4.98E-25,-2.67E-26,6.99657243750025e-23,-4.51E-27,1.01641943071532e-21,-4.39E-40,-5.28E-23,-3.09E-36,-4.77E-24,-4.53E-36,2.46151495147147e-21,9.17270056008666e-29,5.2457583430078e-18,6.47146785235603e-27,-5.85E-19,-1.31E-30,3.164033460475949e-16,4.01796255371331e-20,2.4728942504695e-17,1.30647851151083e-09,5.36739214121607e-08,5.34903612071163e-08,4.71130063972304e-07,2.6194603868573203e-25,-1.20E-20,-1.76E-35,1.32123340405393e-31,-7.45E-35,3.2930598267376e-27,-1.21E-33,-9.34E-27,-1.65E-32,1.58782313333388e-27,4.33644100340595e-40,-1.03E-38,-1.74E-33,6.83301154587055e-38
-1.24E-15,0.0022387751491198,3.6009148692838e-05,0.0010822103855122,6.80032100316501e-10,0.0007740384781769,3.16858634468505e-25,6.99896945047894e-07,2.76733334279189e-24,2.13003111039633e-11,-2.40E-30,-5.44E-26,3.47755094101788e-34,2.57274794163158e-14,0.0004264780173466,0.0013236638036853,1.51800420188637e-21,-4.58E-23,0.0002939938149629,0.000446711038178,2.08354105864211e-26,1.19137740627565e-24,-1.10E-27,-2.57E-26,-3.39E-30,-8.42E-29,8.96841325653694e-32,-9.47E-28,3.37365934753353e-31,4.12648524930096e-29,-3.47E-41,-9.36E-30,7.827136741684921e-25,3.20786241408053e-13,1.07943158431097e-05,0.0002027395392447,2.46923234907426e-21,1.1964680334942501e-17,-2.21E-35,-2.59E-20,-1.12E-33,-8.61E-25,-2.27E-33,-4.65E-26,1.11425547374026e-35,-3.33E-21,2.24746437773961e-34,1.01277769158079e-19,1.87028923384484e-36,-4.91E-25,-4.39E-39,-3.19E-13,6.45885293225874e-37,6.417508889545362e-14,0,3.3568413496902092e-28,3.2334613105171294e-42,7.5628135012557e-25,1.81340931788218e-24,0.0015590918555152,1.145605180521e-27,0.0003338009064147,-1.05E-32,0.001525300845939,1.20371373918255e-38,0.0002599512285337,5.98278076262968e-39,4.47828563972169e-05,2.34109446451382e-20,7.44307680981618e-11,1.42724045646901e-09,3.8192958854811e-06,-9.21E-19,-5.92E-11,-2.81E-27,-1.78E-16,1.42755708881236e-27,1.8902318995134e-19,6.8316536823887786e-40,2.02613609206021e-16,9.42946919591395e-47,-1.17E-16,1.1756851364918e-37,3.59668319772777e-25,1.7721803727296898e-49,-6.00E-19,4.35469413569853e-39,-1.86E-30,3.06534039071054e-48,8.10786582745034e-28,0,7.99613228672605e-35,0,1.35721526260834e-37,-3.61E-37,7.65700882162235e-29,-5.64E-36,-1.02E-29,-7.63E-46,1.5280931568358098e-30,0,2.13501477106725e-39,0,-3.47E-39,9.67524831524615e-48,-1.07E-39,0,3.60038083122564e-37,5.08189244399785e-37,3.47813772182544e-31,4.585487318865471e-31,1.01062716994921e-41,1.8842588693295501e-44,2.1604792990094401e-44,3.11567438727393e-45,1.0737372849379096e-40,1.65394431129725e-24,1.62978515827589e-17,-6.09E-24,-1.41E-15,-2.89E-26,-4.09E-16,1.47468857733405e-24,-2.23E-15,2.09421858883761e-28,-8.28E-16,-6.22E-27,-1.32E-20,1.12015400632664e-26,3.4709207523018e-23,-4.79E-24,-5.94E-20,-4.74E-26,1.8105353855886e-19,-2.17E-38,-1.17E-22,2.9330554195156e-35,-2.33E-23,-5.24E-35,-1.23E-20,-2.51E-27,-1.53E-17,-4.07E-26,-1.57E-17,5.12064221432827e-29,-3.14E-16,7.07025144225391e-18,6.94138601751011e-20,8.25266364353783e-14,-3.89E-14,1.29473971961211e-08,9.524610839983093e-09,-1.08E-24,-1.77E-21,-2.31E-31,-6.91E-30,1.57737668910477e-32,4.64244753671814e-26,6.480996760519191e-31,-4.18E-25,-2.90E-29,-1.49E-26,6.98009454437826e-39,-3.32E-35,-2.49E-30,-1.11E-35
2.77192783087508e-06,0.0006376305602023,0.0001200016640721,0.0010015432280111,1.65151795820021e-08,0.0005494671109218,2.42305967056449e-20,0.0003756429936043,-1.91E-20,1.15082201539237e-05,3.01422799528378e-31,-3.71E-20,-1.96E-25,4.2309940061894e-07,0.0011839179818623,0.0016808767738827,-4.26E-18,-5.71E-16,0.0005515936745677,0.0008295926873374,-1.01E-23,2.52987112901855e-20,-4.83E-24,7.902571554552651e-20,7.56145241891929e-31,-1.62E-20,2.02420431540516e-31,-2.42E-23,1.19365385847527e-32,-3.77E-22,4.31614663141383e-39,-4.99E-27,-4.66E-22,2.45389051964678e-06,0.000247509778009,0.000932413689746,2.61545589113416e-11,7.20640493718777e-12,7.44219757417199e-26,1.67823056457035e-16,-2.19E-30,-1.41E-19,-2.03E-29,1.16867592436025e-18,3.4151364946836e-29,4.65758324207381e-22,-1.90E-26,-4.50E-22,5.3790366402027e-29,2.14751999016868e-20,-1.48E-27,-3.64E-22,-4.15E-29,1.03823829270677e-25,-9.88E-47,1.2957055262106e-33,-1.67E-34,1.8924861530012002e-22,1.2694561231906e-07,0.000124291117087,1.4240867014946e-09,3.38421072410131e-07,-2.22E-21,3.80500749651451e-14,2.12280093528017e-29,4.04585775020855e-13,-8.20E-31,-3.86E-20,1.02666396037281e-05,9.00767945730443e-06,0.0004941197342012,0.0006755955158138,1.02776042365852e-10,0.0004942609176928,3.2489738386041504e-19,4.00536544554677e-05,4.79328024023917e-20,9.23770366970829e-06,-1.21E-28,-4.00E-15,-7.49E-33,4.95096220452995e-19,2.61803268049229e-35,1.2943115841444701e-21,-3.64E-38,-2.74E-24,3.29220458000524e-42,1.05527929007694e-29,-6.37E-41,2.71524301014937e-28,5.808753589079071e-44,1.7595506425656402e-31,5.73392983026258e-48,-5.90E-35,4.893952063942629e-30,8.91383144348718e-22,-5.62E-28,1.94041836111281e-22,8.62020474331478e-38,-1.76E-29,-2.99E-49,8.59801045730815e-36,-2.78E-43,3.18095726257992e-33,-6.79E-38,-1.21E-31,-3.42E-43,-2.17E-30,-2.04E-27,-1.39E-23,-5.98E-24,2.1868514405270998e-34,2.61603679485971e-37,-1.93E-35,-1.32E-34,-2.34E-34,4.9712694686705e-13,1.27198733470759e-05,1.29427487146216e-14,6.7237867158972e-05,-1.29E-16,0.0001872140501488,2.9692696723955803e-15,0.0002628425522978,1.30298314748101e-19,7.13789480951752e-06,1.10197088331621e-15,1.83030504182413e-07,8.282126494526e-18,2.57097820951461e-11,4.84432041502901e-13,6.21663613924207e-08,2.4906633724616703e-15,7.24077422866176e-07,-1.31E-29,1.15377205783582e-14,2.8333109145242e-26,6.29746848265538e-15,-1.83E-26,-5.80E-15,-9.81E-18,2.98058169810956e-07,1.40901471044654e-17,1.69804539136734e-06,5.41731683622693e-19,4.93067934549612e-06,-3.79E-17,-2.08E-16,5.6840817205579e-08,5.11918038735165e-08,0.0002876167233478,0.0004450783164968,3.59604788902438e-19,2.10238935454564e-14,-1.78E-25,2.05243717179212e-22,2.21138914302202e-26,2.75954427629975e-16,-1.96E-25,1.43452745417054e-15,5.07292247829039e-22,3.66885443421274e-16,-5.45E-31,-1.40E-27,9.67016677608147e-22,-3.97E-27
4.53949091490858e-05,0.000448775689996,4.64240070332608e-08,9.10603580373727e-07,1.00222893351591e-20,7.23201594626436e-17,-1.18E-35,3.2862675860637097e-26,5.18694522459378e-40,1.5679559624608602e-31,0,-1.41E-40,-1.88E-28,7.26613564894411e-09,9.93390385515267e-07,8.29932599618404e-05,-3.14E-33,-1.91E-33,8.033182497399429e-30,-7.24E-30,-6.04E-43,-3.26E-41,-3.95E-42,-8.84E-38,-1.27E-48,-3.52E-39,0,-8.04E-44,1.010195321504e-46,1.74968246312765e-41,0,-3.35E-47,8.961767568976309e-28,3.6603065553569396e-11,0.0001865261683165,0.0003251519386561,0.0002121535496937,0.0007723833166503,-1.19E-19,4.61090395097119e-09,5.01934593273647e-29,5.75848964610509e-16,-2.73E-39,1.96340004012512e-31,1.85239523723732e-07,7.27657489118012e-05,1.80216289569034e-05,0.001139982262936,1.01502792383493e-10,7.4583234159148e-07,1.56556527716283e-06,0.0012590380211413,1.19252070385778e-16,0.000287083548055,-1.34E-31,-1.04E-21,6.58821052438182e-31,-1.76E-19,0.0001554867022474,0.0014018267644915,0.0001498043570267,0.0032672896487489,1.38604738601513e-11,0.0024508808644841,-9.36E-27,0.0005971755781067,-2.83E-19,0.0014431824253167,0.0011501613731136,0.0023107584354842,0.0020883521793852,0.0024815582236155,-4.08E-23,1.94814576873553e-16,7.368481154915629e-34,1.66054323300328e-21,-9.38E-34,4.46682890871031e-26,-3.88E-30,3.6580700741755294e-11,-3.52E-29,5.063501120606e-08,1.40402472592856e-46,-1.20E-34,-2.35E-27,1.25016589470391e-07,0,-6.89E-43,2.67245454898363e-38,-1.68E-21,1.26001449372812e-30,-8.58E-26,-2.50E-31,3.16574517516154e-27,-1.30E-24,-1.28E-19,5.97770197420658e-16,7.93515447836137e-11,2.4847548733732505e-23,-2.62E-18,-4.82E-38,-4.41E-32,9.57675870041844e-34,4.18494910065373e-28,-1.32E-38,-8.01E-31,9.731239335589007e-48,-7.45E-37,3.2048549108056904e-25,6.91761304123731e-14,1.31276348704764e-07,-3.71E-16,1.0912457929257e-23,-4.05E-26,1.02247045421101e-27,2.39440100418027e-27,2.9309458089158404e-23,-9.62E-24,4.19383258941845e-21,1.56952458546427e-18,5.90017212861477e-27,-3.32E-26,4.2584192107631804e-24,7.09556341823771e-21,3.0507298064445403e-24,1.5596108399742998e-17,-3.93E-23,-1.27E-19,-1.19E-27,-8.18E-26,6.87104866037403e-21,4.9493945075434e-19,-5.54E-23,2.4228966656239403e-20,1.88263996000539e-29,1.06269946437466e-17,2.29089824459424e-28,8.83060153690424e-19,3.58457862792231e-26,4.850380465741959e-16,-3.78E-21,6.06140949575586e-14,-8.24E-21,4.17973289383724e-18,2.601475021639e-22,-3.06E-17,-2.82E-39,-1.68E-40,1.9220250244709e-41,-4.01E-41,-1.45E-24,3.13097574316109e-26,-4.79E-33,-1.91E-32,5.9828020978916894e-30,-3.41E-27,6.5208890237923995e-31,3.37600649850337e-24,1.20411441551416e-32,3.86504916288542e-24,-7.64E-26,1.6649606568752298e-22,-1.38E-32,-6.22E-28,2.4761871495528906e-21,1.6595551499833096e-28
1.1387084057279e-05,0.0003903721817636,8.08299498483696e-08,1.69112016520488e-06,2.0444002530979402e-15,3.47293753862395e-12,-1.33E-28,-8.38E-21,7.12570089458322e-33,-3.97E-27,8.27727907460824e-38,-9.30E-30,-1.31E-17,4.37874401889517e-05,4.19955938340113e-05,0.0001448446081744,-3.83E-23,2.34954317945518e-24,-7.35E-25,-1.08E-26,-4.97E-30,2.3739716419895898e-30,1.62161744416689e-26,-2.29E-27,9.792301953751487e-28,1.92631401410156e-28,1.11185399519388e-38,-1.44E-33,1.76054087431317e-28,6.28460841966554e-29,-3.83E-46,1.50186859505027e-32,1.91303447190595e-17,8.1650720410145e-06,0.0005161546224385,0.0004125726072657,0.0010227981214925,0.0008597132911847,7.71968798134531e-07,4.84904687323718e-06,3.67765161232928e-13,-2.37E-15,7.282529483725311e-23,-2.40E-23,7.75497577164575e-05,8.96145942482332e-05,0.0006744505506862,0.0008498797584887,7.39905967416125e-07,5.5706228103502e-07,0.0002094019271968,0.000722043121085,7.53927034085428e-08,0.0002386765932991,2.8588891217930497e-18,-2.10E-17,1.38530780789487e-19,-7.22E-17,3.42903598307471e-05,0.0008371105662038,0.0001804214237201,0.0007514382436564,3.76238145690177e-09,0.0013848799643321,-4.69E-22,0.0015655880601734,2.82884092444529e-13,0.0013007071513091,0.0011288916293415,0.0010892908908807,0.0012775947163884,0.0014975405801598,1.13683767403829e-08,9.04118197213943e-07,-1.62E-18,1.34548973543072e-12,2.5300204376458003e-20,-1.97E-17,-1.51E-17,1.80635330981639e-05,-5.73E-21,4.48441941040788e-05,2.4452915098994e-29,-1.29E-23,-2.05E-21,8.73159300658528e-06,6.959382362439039e-36,3.48649579946754e-29,-1.81E-29,-1.97E-18,-1.03E-20,3.3521276291867897e-22,5.93888000207458e-23,7.57365492945169e-26,-8.86E-16,4.71946259584264e-16,3.61203031023445e-08,1.06846604438668e-10,1.60153924027576e-15,3.0639003379760907e-19,4.16631615435682e-27,-1.40E-30,4.06534298799152e-25,3.48124028059559e-25,-5.18E-24,-1.59E-25,-1.98E-31,5.69868854462747e-32,-6.24E-18,1.2247183980482802e-09,2.32981553743957e-06,2.17456604191366e-14,-2.63E-20,-3.97E-22,-9.16E-23,-6.04E-21,2.06992553035128e-13,9.236972251334911e-15,6.04660897026186e-06,1.41300064171987e-07,-8.32E-16,4.10224608862137e-17,3.82377886364118e-09,1.5490540870294002e-10,1.08937473123404e-07,7.05553680033912e-07,9.52728084097935e-08,7.1560826831064204e-09,-8.41E-16,1.24209213140858e-15,1.02159185571007e-06,1.37670504410557e-07,6.47547967825965e-08,9.28338978782194e-09,7.60516109517238e-12,1.3462712807924e-10,7.73317375112361e-10,4.56075765373391e-11,3.28735367962354e-08,1.32119363385882e-07,2.98310472178123e-05,6.90664508844137e-05,3.88392372078976e-06,2.65515321177521e-06,1.86620063106613e-06,3.12699024725305e-05,9.985563533106127e-29,8.69168190891031e-30,2.76969288711992e-35,-2.75E-36,-7.87E-17,-1.05E-19,-4.88E-22,-1.33E-22,-7.16E-18,-5.69E-19,3.18179849733406e-16,-9.31E-18,8.878656831220871e-17,-8.92E-19,1.04846506701813e-12,2.8109187560801002e-15,2.56109539744992e-20,1.5785338905886502e-20,1.09012483468376e-12,9.517288122664473e-19
2.19738776795573e-17,0.0002781136371934,5.46801720800727e-14,2.81384609132747e-06,-1.24E-32,2.37482000624321e-16,5.45061902669696e-47,-6.14E-25,0,-2.11E-31,0,-4.74E-46,3.4202036252996804e-44,6.30498697329756e-24,2.36275955149892e-08,5.10777051966664e-05,-4.72E-46,-4.03E-44,-3.90E-28,2.22230632477829e-26,0,-2.35E-47,0,4.8269559517765914e-46,0,0,0,0,0,0,0,0,2.4930190438090896e-42,9.80889676025142e-24,4.87281455587741e-11,2.16912391113745e-06,-2.50E-20,-2.63E-16,-1.25E-37,3.35652657899396e-27,1.3289410282835e-46,-1.74E-33,0,-1.15E-42,-2.31E-29,-3.03E-24,-6.88E-24,7.36619874655127e-19,1.31027486868577e-33,4.77982188683264e-27,6.31085224669384e-25,1.26199103872029e-16,-2.09E-31,3.92383775344539e-22,1.53569504924014e-46,-5.45E-36,0,-3.09E-32,1.29445777852497e-15,0.0004895559922271,-1.71E-19,0.0003273042426366,-7.41E-25,8.85542159417272e-06,-8.76E-41,1.03564376165519e-07,9.75451652336168e-35,1.41271760128724e-12,2.98880530808378e-08,8.73240353396062e-05,7.62230821165557e-07,0.0006754235824258,4.2268660964416095e-36,-1.77E-22,2.9725045873088304e-47,-3.50E-29,1.79944896656045e-46,3.6115443873938496e-33,-1.28E-45,-1.29E-25,3.04550493770942e-46,-2.68E-24,0,-5.30E-41,-5.55E-47,1.6549854574326e-25,0,0,0,-5.67E-35,-8.06E-44,1.46802238480658e-41,-8.99E-44,2.523593075894e-42,-1.28E-42,4.10163946436206e-36,3.30315538397124e-38,4.43877906651102e-32,8.68165397320275e-41,1.09020176480913e-35,0,2.78816407929797e-47,1.16682046214646e-46,3.1206900862868696e-42,0,-2.54E-46,0,0,2.4208523110302097e-42,1.76334380951615e-33,2.52019038824729e-28,8.376508728189191e-35,-5.69E-41,-4.88E-42,-6.49E-44,-4.99E-43,1.98000316227612e-36,3.17386159015224e-30,-4.93E-36,-1.02E-24,-1.93E-40,6.68805583255741e-30,8.96985355013529e-38,-1.71E-26,2.93036297704107e-38,-2.20E-25,1.64320694634515e-37,-2.82E-29,1.00718327123346e-43,6.87998727213426e-37,8.34816126907461e-36,-3.19E-29,2.97107236823962e-37,-4.38E-29,7.717295890484501e-47,4.99903209445464e-33,2.61713095543017e-45,9.059517394774688e-33,1.06702097581895e-43,2.6862292967504e-30,8.76714871148817e-37,-4.01E-25,1.36788546838542e-36,-5.03E-26,2.89696381940806e-38,-3.64E-24,0,1.30176115579356e-43,-6.51E-41,-2.05E-38,-2.70E-29,-9.29E-29,-1.14E-45,-4.42E-40,-7.89E-47,-2.50E-41,0,3.78088289802149e-39,0,1.05137954713663e-38,-2.64E-43,1.79571890315449e-37,0,1.1736535628562e-43,-6.01E-38,2.86296055480516e-44
2.8737155890869203e-09,0.0006012809939112,8.89615749067759e-08,7.85065250876876e-05,-3.85E-26,9.23731142047007e-08,3.82410876431488e-38,-4.59E-20,-3.74E-43,-1.52E-25,0,-6.80E-33,1.34027497017872e-28,3.89119836003182e-06,2.40932033417485e-05,0.0003345096723978,5.2691137950768e-31,5.700484995254069e-30,-4.70E-27,6.725380684812951e-25,-3.87E-39,7.319338457379799e-37,-5.03E-38,2.68824250221572e-33,-9.57E-44,-3.81E-35,0,-1.00E-37,-9.02E-46,4.35829522674507e-34,0,-4.96E-38,1.5360612961911299e-28,1.00398185285557e-06,5.58048630415032e-06,0.0001931364744684,4.93781462126844e-07,0.0001171849816498,-1.40E-24,1.17647337165878e-10,-1.51E-32,8.42692248202157e-21,1.10419763211483e-39,-3.56E-27,1.58627089621499e-19,1.14575108911579e-14,7.85477168631612e-12,6.08190782828873e-06,3.89270177979942e-22,4.38120266458271e-18,2.89857483916463e-13,2.57194727105664e-05,2.88834163366097e-21,7.57955006265467e-08,2.93051375533798e-41,2.12616364722005e-28,-2.19E-35,-1.90E-22,2.0297431787886703e-09,0.0006757213970268,5.0498561405173695e-11,0.0010783729805318,1.48505861275017e-20,0.0009706960445269,1.52245945125917e-30,0.0005582438155073,2.2996070771513802e-23,0.0002997460168982,1.70821794107311e-05,0.0005900721013028,0.000217458210994,0.0013563487533577,-1.69E-24,7.333814334606729e-09,3.89681457313389e-33,-7.16E-17,-7.67E-33,5.48264100349056e-21,2.47588163614076e-30,8.17674972663648e-08,2.64400375648479e-32,1.35868031654796e-07,-8.42E-47,-7.43E-26,5.90635844534725e-35,1.4096621116204e-14,0,-1.44E-34,1.93083054299794e-44,2.81811300808781e-24,-5.00E-35,3.48778519086572e-32,-7.08E-36,-1.08E-34,-1.64E-28,2.95669083836298e-22,1.93655041631195e-23,5.20127004277941e-19,2.1585875488309497e-30,-1.88E-27,-2.57E-40,-9.01E-39,8.43527587682433e-37,3.7930988436490096e-33,-4.95E-37,1.32346487074927e-32,0,-3.29E-39,2.5162377310009003e-26,3.39958684080371e-20,-7.29E-18,-1.53E-25,-2.14E-30,-5.67E-31,2.7782786804097503e-31,5.181862558924549e-30,1.72832269845679e-23,-5.34E-19,-3.00E-22,-2.26E-14,3.85673837996708e-28,-5.16E-21,-1.94E-26,-2.63E-16,-3.51E-25,1.49213819521825e-13,-8.33E-24,-8.34E-17,7.75565401134398e-28,1.52342727534883e-24,-2.02E-21,-1.37E-17,-2.36E-24,-1.90E-16,4.91578855048992e-33,9.508544082630313e-19,2.45977928660583e-31,-1.19E-18,-7.56E-30,9.25824857180603e-16,-6.51E-21,1.3187650387581902e-09,-1.23E-21,2.7089794417812603e-14,-1.01E-23,1.13504292259398e-10,6.193673752715641e-35,-7.20E-36,2.22039588392997e-38,3.8071463981017804e-37,1.1022038242796e-21,3.05897382575215e-22,4.1337903906617605e-31,-4.47E-28,2.0958960280852495e-30,9.02454437609417e-27,5.90324552744392e-33,1.08885162136773e-24,-1.06E-33,-3.51E-24,9.976525038467988e-27,8.862164558974961e-23,4.37303803869704e-33,5.770864257678059e-30,-1.45E-23,1.28767124865303e-30
4.88724544256948e-14,1.4941374274212e-05,3.6267374481546e-10,9.96408543789626e-05,9.977552714239993e-19,2.46298590560297e-06,-8.66E-31,-1.13E-20,7.351483419138611e-35,-6.04E-20,0,5.43319247717294e-31,-1.06E-39,-5.40E-30,1.45008402831692e-05,0.0001947222133995,-1.43E-33,-5.47E-32,4.04920492519108e-07,4.18355730764252e-05,1.85474081444438e-42,-1.15E-33,4.8818312957589e-42,3.08467727631324e-35,8.630724632546031e-47,4.0243585638714496e-36,0,-5.11E-37,1.54464116437921e-47,-1.34E-34,0,-5.72E-36,-8.29E-38,-1.92E-26,1.30645445026131e-13,2.75805293077142e-09,4.14492532305094e-27,2.80940259262482e-27,1.48236755114489e-39,3.1564093916587e-34,2.6431795270506e-43,1.73942702543278e-38,7.651287867098509e-42,-3.64E-37,4.14852215016454e-42,-4.70E-37,-2.34E-43,1.67386450934064e-31,8.997657174123819e-42,-1.13E-37,4.21877008384759e-47,2.20332733321216e-30,-7.35E-48,-1.08E-35,0,0,0,5.59935047609378e-45,2.9664238070641007e-21,1.16394840529494e-06,1.7864595007574e-28,8.64034563556894e-14,-1.47E-38,1.10660933493348e-24,8.91710029945549e-46,-1.77E-25,-2.54E-48,-6.39E-29,1.38045137563827e-16,3.37205726817981e-14,6.98922459324329e-07,3.36131670349829e-05,-7.13E-27,-5.55E-22,-7.47E-33,-7.88E-28,7.09905316823127e-34,5.1186257191149696e-30,-2.63E-46,3.6911815214952893e-34,0,5.1218973427933295e-36,4.49833164617889e-48,5.46196388940118e-37,0,3.8022456529939e-40,0,-1.18E-43,0,-6.89E-49,0,0,0,0,-4.40E-43,1.98288635554197e-40,-7.26E-41,3.2306368577268197e-40,0,1.95166917036883e-49,0,0,0,0,0,0,0,0,5.62434829673968e-43,1.82187954798516e-38,-4.04E-38,-1.27E-47,0,0,0,0,-2.59E-31,-2.62E-26,-6.51E-29,-1.19E-25,2.4821553136392698e-30,1.4832768112369099e-27,4.70437437296858e-31,-2.32E-26,-1.16E-33,5.5981586099670295e-28,-5.14E-31,-7.09E-28,4.36135319488824e-34,5.62177299748084e-32,-7.58E-30,-7.15E-28,-1.00E-30,-4.92E-28,5.71729773444525e-44,5.31998150098561e-37,1.83030928635072e-40,1.96382345198421e-35,-1.34E-39,1.10697359401411e-34,-2.16E-31,-7.86E-28,-1.87E-30,-5.20E-27,-2.49E-33,-1.16E-27,-2.20E-34,1.7837128454511197e-30,-2.04E-23,8.33435256247461e-18,-6.95E-20,1.64512159480375e-16,2.4442468764457898e-33,-5.69E-30,6.873516005168989e-40,-4.08E-38,-2.19E-40,-1.62E-36,-6.82E-39,7.60514160456691e-37,-5.30E-37,-5.92E-35,-6.13E-46,1.0020605999605801e-44,5.11574453111955e-37,-1.75E-44
1.60095536067489e-05,8.47258540280546e-05,1.92510400629836e-06,3.41097653887545e-05,-2.28E-16,2.6719663620799e-11,-3.14E-32,-6.02E-24,-3.37E-37,1.09494718527519e-29,0,-3.57E-45,3.15737507655608e-30,-5.07E-29,4.12628812259677e-05,8.66198856745982e-05,2.23774631761768e-40,3.430970506663729e-40,-7.43E-20,7.6642485037628e-17,0,-1.77E-46,0,-1.29E-45,0,4.597658004930461e-47,0,0,0,2.12317949140124e-47,0,0,1.87823198603027e-29,2.32345218546377e-29,2.18548415656296e-11,-8.14E-18,-3.03E-21,5.48496620699037e-24,-4.74E-29,-1.26E-32,-4.89E-34,5.51107927147772e-38,-1.08E-42,-1.78E-38,3.45391757805326e-27,-2.61E-29,1.46988288069209e-20,2.71551116660457e-20,5.58438052571645e-32,-3.07E-32,2.2686133463382602e-17,-6.99E-19,-3.45E-19,2.20648223371802e-23,-7.72E-34,4.3478166713639e-38,-7.91E-35,-2.19E-37,3.46404281211583e-05,0.0002123786129574,7.66824243799841e-05,0.0004926543087066,2.73889827475394e-08,-7.50E-17,6.02509977270598e-26,8.26387174142863e-20,1.80810411207923e-12,3.66482531383925e-18,3.51989840959032e-05,1.85016634964789e-05,0.0002290623600954,0.0002310362578421,1.12890802244707e-24,4.56598937987866e-25,1.31941191061829e-33,-6.98E-31,-1.26E-35,8.19267807829052e-34,-2.27E-31,3.24911960508204e-30,-1.46E-30,-2.07E-29,0,-1.09E-38,-6.60E-29,-2.01E-30,0,2.36306791896224e-44,-1.75E-39,-4.86E-40,1.98508828716901e-41,-3.40E-43,-8.90E-44,-1.19E-45,6.15940705523319e-36,1.64063517973079e-37,2.89867174010612e-33,1.3269459305003998e-35,3.95914054217007e-38,-1.62E-40,4.49134123181031e-48,0,4.47420415874776e-46,-1.23E-47,-3.17E-45,8.24930029214702e-47,-1.01E-46,0,1.71074898186806e-39,2.7297121293891598e-34,2.05098982712471e-31,-2.31E-37,1.3176990926677098e-42,6.33489264095977e-44,-6.20E-45,2.37800036606086e-43,-2.00E-28,-8.15E-28,-4.64E-26,-2.06E-26,7.82887381127492e-32,-2.07E-29,7.81012636528391e-28,-6.00E-28,1.71068902632388e-27,-1.69E-27,-2.82E-28,-3.14E-29,9.60816598425231e-34,-9.02E-33,-1.79E-27,-2.35E-28,-4.09E-28,5.64032774901741e-29,-5.27E-33,-7.60E-35,-2.39E-32,1.15724318792719e-34,-1.91E-30,8.690186888228699e-34,-3.01E-27,-2.13E-27,-6.12E-27,-3.82E-27,1.6198760572083198e-26,-5.24E-27,-1.08E-44,-7.16E-44,1.98422243031777e-37,-3.82E-37,4.88738010605748e-22,4.31086850728057e-24,2.97457603110853e-39,-5.29E-37,7.44867818815013e-38,-1.74E-37,-6.80E-36,-1.47E-36,-1.98E-36,2.20129048513404e-36,-2.47E-34,1.76264241249395e-34,2.46281358026631e-39,-1.29E-40,-4.10E-34,-6.65E-39
5.19231225404998e-13,0.00042095062785,1.46317598166883e-10,7.41749167101062e-05,1.2421344110187399e-26,5.46076717857152e-05,3.96671549986108e-38,1.71691720837995e-06,-5.08E-41,4.0566989132295095e-11,0,-2.15E-30,-8.33E-37,2.23388015810863e-07,8.24413804893541e-07,7.5824890007473e-05,-2.00E-39,7.74357931048395e-32,1.08892683092707e-17,1.2181263854369198e-11,0,1.28955739415565e-42,8.22358253711747e-49,1.90629007453738e-36,0,-2.46E-40,0,-7.24E-39,0,8.653521133877999e-32,0,2.2106208519629701e-35,5.216461640515831e-35,1.92752588203565e-07,1.32400436610808e-11,9.41587816435931e-06,3.59714549627827e-18,2.55611847959306e-10,1.54586854572278e-32,6.55723827521179e-18,-2.16E-40,-1.54E-23,-3.10E-46,-9.88E-27,-9.05E-26,-1.97E-18,6.87812874032945e-18,1.25368744958649e-06,-1.31E-30,-3.65E-23,1.6177209745971198e-18,1.25856689890178e-05,2.87442069762697e-27,2.6064826155427203e-09,2.0526193100570905e-45,2.3785036401539897e-30,-7.00E-43,-2.10E-25,4.53133963101826e-11,0.0005860791089657,4.16782009662393e-12,0.0009509955530809,2.1950426720267e-25,0.0005274288631262,-2.27E-37,9.30062630708135e-05,-3.96E-30,8.20514041348248e-05,7.01512362794118e-07,8.62180517804509e-05,5.85717132342145e-06,0.0002784098218862,-2.94E-28,3.06750489296612e-09,9.51625691870088e-37,-9.29E-14,1.84893292094298e-37,5.88221390031482e-19,2.23243738169403e-37,4.5881565501342296e-12,9.2958411744756e-41,6.86106344212568e-16,0,-1.81E-21,6.95767633728738e-42,3.30643882610178e-20,0,-1.47E-29,0,-2.68E-29,-3.46E-44,-7.53E-35,5.63081157605705e-45,-3.40E-35,3.4605785664370695e-36,1.7273964144537e-31,6.0540269795989e-35,-2.33E-28,2.25506432881012e-38,-3.57E-31,0,-1.25E-35,-1.67E-48,1.7140605034925e-36,1.65285492052122e-46,7.97418418591053e-37,0,1.98406283353182e-34,2.20910980240375e-35,8.48920324217354e-30,9.00145987465014e-28,-3.84E-33,-1.32E-39,-2.04E-40,-2.72E-41,-1.79E-40,-1.82E-28,2.07809340867091e-24,1.33870063980328e-27,5.98130682570484e-18,-1.16E-31,1.70889716989767e-22,-2.42E-29,-5.19E-17,1.55899235683409e-30,1.8462773824445803e-15,4.0229638552255294e-30,-7.85E-25,-5.88E-35,-3.82E-31,1.90197172905225e-28,-2.08E-24,5.175110386597789e-30,-2.04E-24,3.50925499605186e-38,5.470592826014979e-22,-6.75E-37,3.6123560916603e-24,-2.16E-35,1.38485424130422e-20,-9.97E-29,1.5660183088473e-13,6.0808152607924e-29,1.90305257556189e-20,5.654031058372e-30,3.72185330901568e-14,6.3195221831826695e-43,-2.72E-39,-1.18E-35,-2.66E-33,-1.84E-23,-3.65E-21,6.279832711368231e-39,2.12540993023708e-34,-1.62E-39,3.17194636588212e-36,-8.56E-40,-1.54E-31,-4.20E-40,-8.76E-31,1.38802629696116e-35,-5.13E-32,-1.64E-40,4.48301218628312e-37,-9.28E-33,2.99895072843121e-38
4.22478509641064e-11,9.51530406967343e-05,6.552490546398001e-17,5.05146429131833e-07,-2.80E-28,1.2102356960013298e-11,-3.65E-41,1.56233154837631e-22,-1.66E-45,4.74400244421135e-27,0,-4.55E-40,9.42808057199471e-27,1.18881928489578e-05,1.75410503788936e-11,2.90235156311898e-06,-3.86E-40,-5.06E-38,-1.81E-32,4.93861537719473e-30,0,4.45374723656975e-45,0,-2.64E-41,0,2.1777385373415104e-44,0,1.43265467996172e-47,0,1.04573852474301e-41,0,1.90871012899988e-44,-3.08E-26,3.70041895337842e-07,2.13703274818791e-05,7.27680756491968e-05,6.67315782081033e-05,0.0001922052010316,-5.30E-17,5.1904295853594894e-11,-3.29E-28,-9.67E-19,4.99013529838397e-44,4.1714479273088003e-33,6.3603144414438e-07,8.12235888838299e-08,0.0001430394430369,0.0002510191670552,1.04134348035972e-14,5.2163872392531903e-14,9.94320406493538e-05,0.0004362765188673,5.98123903039942e-07,5.44714752517709e-05,-3.75E-24,8.314024503702131e-25,-6.58E-24,-4.29E-20,9.75675714299229e-06,0.0003004197922963,0.0002054090208824,0.0010075359307583,3.42736339277493e-07,0.0015532217330473,3.3290574744489e-25,0.000763993179106,9.02196244469965e-12,0.0012255897751534,0.000405770254872,0.0005548031325301,8.4437445201714e-05,0.0003318979567733,5.19517357272121e-24,9.28737579429257e-13,5.77159809718761e-31,-3.50E-17,5.366862226216169e-34,-2.64E-23,-1.56E-27,3.14773710680832e-07,2.16917358332498e-27,3.46044706641689e-06,0,-5.87E-31,-1.38E-21,4.93668044925582e-09,0,4.36858841243829e-38,6.3158367435863595e-34,-1.16E-22,4.55438300544409e-28,1.41479513643195e-30,9.98680514310734e-31,-2.78E-31,2.53119209034433e-25,1.1650536058157e-23,6.53655631309357e-18,-3.50E-18,4.52518766282817e-21,-8.48E-24,2.13709256487471e-32,9.679728769889368e-36,-4.25E-30,-3.80E-30,-1.26E-33,1.04616673330447e-31,-8.76E-46,2.74153946853892e-34,-1.60E-26,-5.12E-21,4.208340024911231e-14,2.3122723959986903e-20,-9.87E-28,-3.87E-28,7.76491647337251e-30,-2.07E-29,-7.45E-25,-2.94E-22,-5.76E-21,-1.15E-18,-1.28E-31,7.31831432667993e-27,-6.20E-26,2.17686513962923e-18,-8.28E-25,-4.32E-16,-1.21E-23,-9.32E-20,4.94555519800598e-33,1.3322443433448e-26,3.95148905453291e-21,-3.38E-18,-6.32E-24,-1.41E-18,5.85851515508439e-29,5.424697241674701e-20,-4.26E-29,1.35937945271801e-20,1.94940981707184e-25,-3.43E-16,-5.85E-19,7.14174147794633e-14,-1.13E-20,1.15941156078395e-15,-4.35E-22,-3.48E-14,1.9385393923190097e-43,2.8473814190592e-42,1.4386692170307e-43,8.321786092700968e-42,-3.61E-23,-5.28E-27,9.9169482277864e-38,-8.39E-35,9.699998020006771e-35,-5.89E-30,6.96893058182173e-34,8.93398627287711e-29,1.35181752169296e-35,6.0114181456753e-28,-3.89E-28,-6.16E-26,-7.17E-31,-7.08E-30,-7.85E-25,-2.48E-30
-4.84E-17,5.29718599254784e-05,3.36822956110224e-18,6.5078761998132e-07,-4.13E-34,2.06243061012119e-10,5.66999378628539e-47,1.34204393363903e-23,0,5.96311139101664e-30,0,7.82618779060127e-46,1.6156163224552e-40,3.7492033174965403e-19,1.7664478680072602e-15,7.77001942053155e-08,0,-1.17E-47,1.54159690135706e-33,3.73636851101762e-28,0,0,0,0,0,0,0,0,0,-2.50E-48,0,0,-6.07E-39,4.29878387641154e-20,8.86769361435163e-13,1.96709420932643e-08,9.38794476855698e-18,-2.17E-18,-1.75E-34,1.00885546984967e-25,3.48740812103696e-43,4.36284243571901e-30,0,-2.26E-40,2.68890535017849e-24,3.48060505863372e-24,2.227073879712e-17,2.85480354991588e-13,6.38218354776656e-30,-1.07E-28,3.4324235648103696e-12,2.24347509472523e-09,2.0677686460319598e-26,8.51544290676577e-19,1.8323886746048094e-40,3.28347219699103e-35,-3.36E-44,2.33774656277033e-31,3.966787616492669e-11,0.0001217875482316,6.90274648379516e-10,0.0001639965686047,-1.62E-23,3.13990950321511e-05,1.7507970649704201e-37,8.17380104369764e-07,-9.56E-28,1.03113126983263e-07,1.44653700447826e-06,4.41096648409614e-05,4.41746664796078e-07,3.55361471170081e-05,-2.58E-34,6.67948455326611e-23,-8.14E-46,-6.26E-29,-7.77E-48,-1.23E-34,-1.66E-41,7.68023602138755e-21,4.01522872707967e-42,3.4188381621187297e-22,0,1.11052518336023e-38,-4.28E-41,-4.89E-25,0,3.43211875350322e-45,0,-3.15E-34,-5.34E-41,-5.22E-40,-1.52E-42,4.17998255240548e-42,-3.50E-38,-1.02E-35,3.95215817536559e-34,-1.83E-33,-1.63E-37,3.5657275308589e-36,4.096103203411e-46,6.47699404944043e-42,1.40352628382295e-46,6.077691071603339e-42,-5.64E-48,3.1147062822226e-43,0,1.78032281867112e-41,2.22230756380638e-39,-2.98E-34,6.2310917851876296e-30,8.013908792744749e-34,-1.42E-38,-8.47E-42,1.7904607921543298e-43,-8.22E-43,-2.06E-36,2.98647515054788e-33,2.70270720907335e-35,2.1177486421812797e-28,-3.10E-41,-3.56E-35,-4.16E-37,-1.01E-30,2.01435836633252e-37,2.03638872383367e-28,2.82745475066635e-36,6.47732286854215e-32,-2.21E-42,2.09531955475097e-40,3.69096364051221e-34,-4.59E-32,5.81021777171826e-36,9.65251471583824e-32,-9.99E-42,-1.51E-30,-3.17E-41,1.41720032767752e-32,-2.15E-39,5.28681804371465e-28,2.1670815800026698e-33,9.16541813385589e-26,1.7585160557632196e-34,1.6800041658675099e-28,-1.54E-35,3.86861684868702e-26,0,0,-1.67E-46,-5.42E-43,1.6533771100795598e-30,5.32381478082653e-32,3.2412454841746004e-48,-3.37E-46,-1.36E-43,-3.79E-41,-3.52E-45,1.33650784687849e-39,-5.28E-47,-8.75E-39,1.39846231475406e-40,7.27373833441733e-38,1.00546084187106e-42,1.2591364707231299e-40,4.7128493217514e-37,6.49430695369441e-42
6.30141608918752e-31,-4.79E-26,-1.88E-23,2.03832454520241e-19,1.1927686735861099e-28,1.77655909502513e-20,-1.86E-42,2.43423240833456e-26,-1.16E-43,-2.83E-30,0,3.40804925426824e-45,0,-3.16E-36,-5.67E-20,8.66770025429542e-20,-5.68E-43,3.5675837445755395e-42,-2.51E-21,7.41525260153204e-18,0,-7.01E-46,0,-7.20E-45,0,9.61841337227783e-47,0,-4.32E-48,0,3.46577828743437e-47,0,0,-2.11E-45,-5.88E-36,1.47479575286182e-29,6.23945918524691e-28,0,0,0,0,0,9.28422127423686e-49,0,2.281347802303e-46,0,0,0,0,0,0,0,0,0,0,0,0,0,0,-1.67E-36,-4.59E-31,1.02795412799259e-42,2.26437411606065e-36,0,2.2433036494196801e-35,0,5.909941171172471e-35,0,-2.37E-47,1.6777220807484e-39,1.62382377515228e-39,1.10824039850685e-29,-3.87E-31,-2.19E-38,-8.34E-35,5.52674787824958e-45,5.665116803873201e-36,-3.03E-46,-2.11E-41,0,1.67178172269589e-40,0,-5.51E-41,0,-1.67E-41,0,1.31500848177454e-47,0,6.935660048785428e-48,0,0,0,0,0,0,0,0,0,0,0,0,0,0,0,0,0,0,0,0,0,0,0,0,0,0,0,0,1.2211315189116302e-44,5.9714423195659804e-46,4.8297180081098105e-46,1.64725553853183e-44,2.88920650092961e-45,2.0947685641948e-42,3.73123774162095e-45,4.94586565911871e-43,0,4.4475532125115705e-46,3.33642491505909e-48,1.33775509720746e-47,0,0,6.16571324302919e-47,-5.79E-47,4.73411643352979e-48,-3.57E-47,0,0,0,0,0,0,0,2.0830112307531102e-47,0,5.62565076918722e-47,0,5.67525878051551e-46,7.40339472135939e-43,9.695111667226568e-42,1.71587804920722e-35,-2.36E-32,1.5924150870993402e-31,1.96232465698833e-29,9.31944509913108e-44,-7.50E-41,0,0,0,0,0,0,0,0,0,0,0,0
1.34601489213496e-20,1.97829991853305e-06,1.14363642304739e-16,5.28014904299011e-05,-1.86E-28,4.5751228222859e-05,-3.21E-40,6.0214073721787e-09,-4.50E-43,1.13377663600902e-09,0,-2.97E-25,6.38243227678307e-48,-1.63E-23,8.75589567020927e-10,1.21723910850439e-05,2.78657906006035e-38,1.64964838085387e-35,-2.05E-16,3.03397468311984e-09,-4.94E-44,-5.93E-38,-4.84E-44,2.07091760690708e-36,0,-2.40E-38,0,-3.39E-36,0,1.78523831318937e-30,0,7.45754896388235e-30,1.26852204094248e-44,-8.98E-23,5.14991448935637e-19,-9.99E-16,-1.72E-29,1.56406889389696e-29,1.01313540674381e-43,1.29632493222699e-34,0,-1.87E-39,0,2.7402313862089e-34,-4.21E-42,6.69013471911698e-40,-1.93E-39,9.77470643316896e-36,1.65438500677775e-43,1.48161222907679e-39,-6.70E-40,1.59034510070932e-33,1.40025768368899e-44,4.4780211373016095e-36,0,0,0,3.1791498214412492e-40,2.1857125660936106e-21,1.8119119159171303e-09,-2.08E-26,4.72319366088069e-19,7.73546715992617e-39,-1.54E-20,0,1.9859573216302696e-22,-2.12E-46,-1.76E-29,6.68663089410831e-16,6.89319105005517e-19,5.6252649432715714e-09,1.83204955792498e-06,2.40166810138852e-35,1.04683048903135e-22,-3.96E-42,2.6554071652337702e-24,6.934400776482049e-42,-2.19E-28,0,4.01531948086029e-29,0,-1.89E-29,0,-6.50E-28,0,1.96231983941082e-35,0,1.79632188770037e-33,0,-1.89E-40,0,0,0,0,1.68155815718978e-44,1.21381623804641e-41,2.09667881426136e-43,-7.36E-43,0,-6.15E-48,0,0,0,0,0,0,0,0,1.84487495662908e-45,1.92603060791523e-40,5.03449675126628e-41,0,0,0,0,0,-5.57E-35,6.840176692889469e-30,-3.05E-35,5.6493261868899e-28,7.95230144676712e-38,-2.53E-30,-7.58E-37,-2.58E-27,-8.19E-40,-1.67E-28,-2.34E-37,2.4993834135092404e-31,9.2517963542579e-40,-1.83E-35,-7.39E-35,7.73610745026575e-32,-2.47E-36,3.92040807605582e-31,0,-7.62E-35,1.03036651788589e-47,4.11923093845407e-35,1.52560719906331e-46,-8.72E-34,-4.51E-37,-2.52E-29,-1.73E-36,7.089308197425309e-30,6.115443035727509e-40,-3.57E-28,3.67062918105614e-37,2.06195024654319e-34,3.23721507834273e-26,-8.55E-23,-1.33E-22,4.9806278439675503e-20,1.53657218504566e-38,1.22589933284746e-34,2.28510332675391e-43,-1.09E-40,5.314885012100501e-45,-9.66E-38,-2.89E-45,5.71498882079121e-37,7.54308997214729e-41,-7.31E-38,0,2.4324426173185505e-45,4.00911102445783e-40,8.01973890352049e-45
-9.05E-19,1.15162993793491e-39,2.27040869105276e-30,7.220404933472341e-47,4.0581610628945695e-30,0,2.50621422684658e-16,0,8.39206933466882e-24,0,-1.01E-23,0,2.49898857806589e-06,-1.22E-35,-7.88E-29,-2.80E-32,-1.14E-21,-7.80E-34,-1.13E-45,0,3.24905809316211e-38,2.04321761626099e-41,-3.62E-27,4.1244357745588397e-41,-6.17E-27,-4.18E-44,2.87116368293722e-34,0,-8.35E-25,9.672955977001521e-46,-2.19E-27,0,5.41445958216031e-07,6.623048383632431e-35,5.86609013244308e-12,1.29716741032915e-13,1.03197597616957e-05,2.46379396366821e-10,6.9672499174779e-05,5.09635965702293e-22,3.73992958092058e-05,-3.25E-24,4.52551542549432e-17,1.80338496088226e-36,0.0003511246236109,4.04602951307511e-07,0.0002584960749496,5.11547772294794e-06,0.0004646279800712,1.33407091891739e-07,0.0006151891548443,6.5471891568374705e-09,0.0014499318621873,1.65639223264956e-19,0.0014666888965562,5.16809811638083e-19,0.0003577701202578,1.72856715425437e-21,1.01447193452727e-08,-3.65E-34,4.3220050336073e-09,1.43230330001653e-14,2.59267815285226e-07,1.01075673112903e-32,8.46413587246943e-06,-5.60E-36,0.0002511851378352,-2.72E-27,2.92391031342397e-05,5.74717014915301e-08,6.325876625963981e-25,8.7682741317375e-28,2.17531897771857e-13,3.14381143559034e-32,1.76311861937926e-08,7.19303728744512e-35,2.13466396913131e-13,3.47070262868058e-34,9.38432787622655e-05,-3.46E-33,0.0002624892619589,-3.44E-31,6.211057633067042e-14,-1.71E-44,0.000625505324378,-4.67E-30,8.39002877971978e-21,-7.29E-46,0.000332295648296,6.58858524238412e-30,0.0005826429912792,1.12046382000416e-10,0.0004276090960243,1.13703020238253e-08,2.7781380159899003e-10,-1.96E-20,5.29811335666372e-05,1.64103150085876e-13,0.000363977865775,1.7627839529328498e-11,0.0003554399537764,1.91230857047461e-11,0.0002044848800957,1.30848699274299e-14,1.54619241802911e-06,1.3054931658621302e-15,2.07984295723847e-07,-9.36E-29,1.34110731971692e-13,3.9429880595825296e-12,2.81656342764623e-06,7.78396332390954e-06,4.52553471673758e-06,1.74971729705792e-07,3.4703946123935e-09,7.640945774316658e-11,-1.31E-21,-2.65E-29,1.88028393479282e-14,3.18563176325224e-26,-4.69E-18,-6.04E-29,1.38044690010328e-13,4.53123498210745e-27,6.75209213994308e-08,-2.79E-26,2.27564012629286e-14,6.71772925869736e-24,3.8464414825363803e-19,-1.41E-26,4.2610346455387605e-14,1.3950511176113e-21,9.1963822953608e-15,1.6205001443726e-25,6.05037385701384e-07,-1.85E-26,1.29141856141075e-09,-2.22E-25,7.67048982863229e-06,-6.43E-24,4.72761894522678e-06,3.7282331033254297e-22,8.21095123429616e-10,5.30203385713972e-24,1.53107994869173e-06,-4.71E-26,4.85237171570972e-37,-4.92E-41,-9.98E-45,0,-1.64E-35,5.7169933233865e-40,-2.73E-24,-1.04E-33,-1.04E-16,6.89106569950708e-24,-2.63E-14,1.41536845216336e-25,-2.42E-14,-9.10E-28,-4.03E-16,2.38390719011978e-23,-8.66E-14,5.54267033793832e-22,-1.71E-16,-4.09E-17
-3.48E-24,3.54536264403485e-05,-2.33E-23,8.35942577668161e-10,2.24764509631303e-39,2.5378950051699998e-14,0,-1.07E-31,0,6.578367030843699e-37,0,0,0,-2.11E-30,-3.03E-17,1.97298048323344e-12,0,0,3.83704974364298e-37,6.4566086931658e-33,0,0,0,0,0,0,0,0,0,0,0,0,0,2.31090247987275e-33,3.86448060120424e-19,-1.80E-19,1.25163931845598e-27,4.37947283415115e-27,1.30619961468046e-46,3.62176826206714e-36,0,6.369402141041098e-41,0,0,-1.11E-31,-7.29E-33,9.96042881824005e-27,-5.85E-24,-2.73E-37,1.3121945745906298e-36,1.3890214487730698e-22,-1.77E-22,-4.78E-33,-1.52E-26,8.78603713019811e-46,-1.43E-43,-3.03E-49,4.14620513726519e-41,2.49722809096653e-13,0.0001644629428553,2.87268273948145e-10,4.71634871419773e-06,-3.56E-29,-6.20E-17,0,6.64497486526717e-21,-6.23E-37,-2.45E-20,6.2585672142758e-07,6.52766307070712e-06,1.17456511434594e-07,5.67909745284012e-05,-3.31E-47,3.53337010530938e-33,0,8.04488654142078e-39,0,5.963588451143771e-44,0,-3.51E-33,0,-2.86E-31,0,6.67659021679425e-48,0,4.57360512177288e-34,0,0,0,-9.80E-44,-1.68E-48,0,0,0,0,-4.57E-46,7.68708741576371e-43,8.494223924981659e-42,1.01875391011761e-44,5.5515229551141306e-46,0,0,0,0,0,0,0,0,0,-1.40E-44,4.58626214486166e-38,3.07098052260232e-42,2.16695638813116e-47,0,0,0,-9.10E-47,-1.50E-41,1.63258073513571e-46,5.15393828632061e-37,0,-8.62E-45,-6.41E-49,-1.92E-39,0,3.63503606963912e-37,1.6682124575295402e-47,4.04670783129748e-41,0,0,4.84008489577792e-45,8.72885695212578e-41,9.46823286705958e-48,5.68736803749959e-41,0,-3.66E-42,0,3.28973252637939e-43,0,2.32250777745666e-39,2.53223771406523e-45,-2.71E-36,4.27237990438882e-45,1.89959229061943e-38,0,3.90341067264753e-36,0,0,0,-1.05E-45,-1.99E-38,1.16241287722994e-38,0,0,0,0,0,0,0,0,0,0,0,0,0,0
9.55918073545266e-08,0.0013926681738195,1.27322311281605e-05,0.0025973283519626,2.37182875324195e-11,0.0054336089203262,-1.60E-20,0.0001037546001973,-6.91E-23,4.85886761052905e-09,1.8628422581092498e-33,-1.11E-24,6.594691707144802e-22,3.27444791810635e-05,0.0004929617279962,0.0009254656743705,4.23278823302004e-24,1.30201666481444e-24,0.0002723439374457,0.0008155664421099,3.15756114935258e-28,-1.22E-27,-7.38E-28,-1.35E-29,-1.52E-30,-8.91E-31,2.18101162218273e-33,-1.40E-29,-3.99E-33,4.2881677134475896e-30,-4.78E-43,2.94580414917832e-30,8.77899968364884e-21,4.45562760034706e-06,0.0003720021286807,0.0008841317789626,0.0002081720510993,0.0002412047292374,2.93093808347735e-14,7.31158404915905e-10,9.16865102461084e-25,-2.97E-18,2.5201438976970898e-30,2.34154258336965e-25,4.118600291536861e-15,1.08882318820532e-13,3.4906540288039604e-15,8.7054081393462e-12,4.83411686577109e-18,4.880508574173631e-15,2.52268984310979e-19,4.00843915661264e-14,-6.74E-19,-7.81E-18,5.70990778372346e-43,2.52732870701894e-30,1.8137744943404e-27,-1.68E-19,2.25350641613007e-08,0.0012381337913753,6.811649047938431e-09,0.0001977205094193,-3.28E-17,0.0002575347044809,6.93569396045927e-28,0.0007462186478184,-5.76E-20,2.0469725882404e-07,9.50147849542715e-05,0.0002015250398924,0.0002300102527418,0.0007895599794044,5.67250100142557e-10,1.25384564560949e-05,6.650557278440189e-22,2.2594804186231898e-12,-2.68E-22,8.6860187665929e-19,1.44059160346496e-22,1.16177415421505e-06,-1.12E-25,1.3250562419166e-05,4.845126958576298e-35,8.91451647819352e-23,-4.15E-30,1.6610745354791e-11,1.40106374033596e-39,-2.47E-29,2.69604744868409e-37,1.68762301593256e-23,-2.12E-39,-1.07E-28,-1.51E-41,3.08497594453779e-32,1.65028343874758e-19,-8.48E-20,2.54111586231597e-17,-7.21E-19,7.2328238267857e-31,-1.19E-26,2.28988637321858e-43,6.4948082704842e-34,1.1561750238025e-36,2.47037727956339e-34,3.3828460404489803e-31,-5.26E-32,1.37454652740582e-37,3.7849139901975903e-31,-1.67E-21,5.74178544414734e-17,5.45962771486614e-14,9.57470631310222e-30,7.818456669930011e-35,-1.20E-33,-1.31E-29,-1.08E-26,1.28759093175461e-11,1.10616376122759e-10,1.0210742306203e-08,1.03703957849835e-06,2.03285539438983e-17,4.90576827190792e-14,6.604176050516739e-11,1.41450668019327e-08,2.78414130379653e-12,1.13891079653451e-07,1.72714049954835e-11,7.368041295167179e-11,-2.16E-20,-1.81E-19,2.33189352558861e-10,3.93293998431086e-10,1.23871517189068e-11,1.4650923375375097e-11,-2.32E-24,-7.24E-17,-5.21E-23,-7.59E-17,-1.74E-21,-5.45E-15,3.59950962690236e-10,5.02548211820327e-07,1.07729617918592e-09,1.10753363039005e-07,1.32274162536243e-11,2.14337617157292e-06,3.6614936989043e-24,7.6286256052122e-25,2.78837863164746e-14,2.97972443812495e-13,1.62342323816908e-05,1.29595343518252e-06,1.2314566680288798e-22,1.88497164769193e-23,1.83790835887421e-22,3.2491227951905e-23,2.63717621720314e-22,7.82483426150801e-23,1.4098802897814902e-23,1.78525545597721e-22,2.72393980567242e-19,-1.09E-19,-1.74E-23,-4.16E-23,1.5959002963104698e-18,-1.84E-22
-3.00E-19,9.65234079039281e-05,8.1335466385037e-05,0.0006028643264612,9.92245406088213e-06,0.0010822147169822,2.70206323111092e-12,0.0004777205209804,5.26439843534925e-08,0.0007795365301464,2.78729188356715e-09,0.0003767645641259,1.24645658936353e-13,5.69413179611522e-06,7.64775892080179e-08,1.24683152543523e-06,0.000878534868117,0.0006654444779632,0.0004381515503158,0.0002997604206037,0.0001179880309734,0.0001240546114022,0.0001177909331169,0.0003458793122709,2.90536894074288e-07,0.0002002127971821,2.9851178525608803e-09,1.90924451952013e-05,8.06907987530862e-10,0.0006844602981361,1.09082061191937e-18,0.0001477613175442,2.33481362476781e-06,0.0002505942548902,6.39872060260152e-05,0.0002423242943873,5.8099658841966e-22,2.1491136474682e-24,1.85542567322062e-11,5.67953186313281e-14,2.4516606440645403e-09,3.198387064673e-06,1.92503323811122e-09,5.96847364262969e-08,-1.02E-30,-1.17E-32,1.7250802677508596e-34,-5.87E-37,-9.83E-27,-1.03E-27,6.37560109466281e-37,-5.64E-39,3.2021354128745695e-36,-1.11E-39,-3.72E-49,-5.12E-46,2.27344453639267e-21,3.22693288092365e-07,-3.46E-25,1.14366807378309e-08,-2.69E-37,4.98638265723569e-23,1.6795853210471702e-35,4.79210166997121e-22,1.45408857338191e-34,3.7082598450600203e-19,-2.36E-35,7.44163281469462e-32,-3.01E-28,1.13064130367229e-26,-2.37E-25,1.4985889236817e-22,0.0006063039376598,0.000681226331866,0.0001163343786185,0.0001399746077518,0.0002528103508588,3.23949464727061e-05,-1.75E-24,5.03551896621894e-12,1.89107706453889e-23,9.524952921864139e-12,1.4039987138643998e-12,0.0003000299158713,7.40457085642532e-28,4.22846412963125e-13,3.02161342401416e-19,0.0001672128382685,-8.52E-27,1.74132459098357e-11,-2.34E-44,-2.42E-37,0,-2.52E-38,1.171815268067e-29,-4.30E-27,-2.08E-27,3.13901896604098e-29,-1.94E-36,-7.53E-33,1.4950791064742099e-40,-1.08E-38,-1.41E-40,-6.59E-40,2.43614130520675e-40,4.70091547185852e-39,7.092985813644931e-35,-6.48E-32,2.17117113715205e-29,6.58502219997379e-29,-5.60E-32,-6.28E-41,-2.63E-45,6.28465061268639e-44,7.22723709695249e-43,-4.93E-37,3.09659749717408e-06,9.258999657138e-07,3.73277105389941e-09,3.846960772324741e-09,3.67358803533356e-05,2.10368200430513e-06,6.00859691704724e-07,2.28800562403077e-08,-3.54E-16,1.74901082808299e-16,2.2160387293831e-09,6.50840523235927e-10,3.06426756798567e-10,8.30911664148433e-12,6.149730155795741e-09,1.982582782543e-09,2.8228350948847503e-10,4.8839439219351e-11,1.03253160136959e-21,5.22502113369236e-23,-3.95E-21,-1.27E-23,-1.65E-21,-6.32E-25,-2.10E-17,6.53607673559318e-19,-2.60E-16,3.04851071211605e-15,-5.22E-17,-1.36E-17,0.0011862531892482,0.0011472360591721,0.000440358224835,0.0005574216748144,0.0008991356707477,0.0007202138099401,0.0006335523739583,0.0006042721433807,-1.37E-18,1.5622812153934302e-19,-1.19E-16,1.6350408780930198e-18,3.68270658083145e-13,4.40907021300112e-16,-1.65E-18,3.6643705752073403e-19,-3.12E-29,2.4046786621496693e-28,-5.34E-22,-1.91E-25
2.10040315759999e-16,0.0003135852435397,4.13936443687961e-14,4.08811129305097e-05,2.13591385138165e-27,1.28920604635562e-05,5.70878537918319e-35,3.90555301355387e-07,1.27494002165165e-38,1.41445313921148e-14,0,3.4923031948447904e-25,-6.16E-33,0.000127199438415,4.74552802102764e-09,5.25311903621785e-05,1.3030704637398898e-36,1.76303858363417e-29,2.1685828197768505e-23,2.1506289157147296e-11,-2.68E-46,-8.97E-43,8.552525838602171e-47,2.41781053146697e-33,0,5.76443303872861e-37,0,2.26671037069602e-34,0,1.82331194856816e-25,0,1.7164587049204199e-28,-3.04E-32,3.11134016330945e-05,4.32687921872083e-09,2.4858601954257e-05,5.182180158338999e-13,2.77782717856834e-07,-1.76E-26,5.07681684886185e-07,1.0789857948635802e-31,9.59186423249495e-08,6.51015320175254e-42,9.85672979546813e-20,1.64626297355139e-10,9.43375620686733e-05,2.58230574725689e-06,0.0005485827891006,-3.88E-18,7.43401456678124e-06,3.21275121557802e-07,0.0010063468810196,-1.61E-21,0.0007442744639147,-3.45E-26,6.29376622140279e-05,4.11423509681076e-28,2.30925646714501e-05,3.11671314600323e-10,0.000597737095898,9.39116946976982e-08,0.0009919058004132,-1.72E-21,0.0009501823948189,3.29708177976168e-34,0.0002322142171239,-5.83E-25,0.0008632555900548,2.90310997341964e-05,0.000603037405827,7.87887714738593e-06,0.0004966879845734,-2.36E-27,1.46309508417581e-09,3.4476512929079093e-34,1.22649834524322e-07,-6.90E-34,2.72600476432368e-13,2.73847989384197e-34,0.000194376069666,-8.65E-36,0.0001254792138519,1.36313080187239e-49,-2.33E-19,-5.17E-34,0.000260868453078,0,-1.50E-22,-1.40E-39,0.0001255572288436,-2.93E-26,2.82094441935287e-08,-5.57E-28,1.09737201959471e-13,8.81631055894456e-27,2.63454187347495e-20,1.07775137926905e-23,1.16802630137219e-14,3.59182102541857e-24,1.88144353636826e-08,2.55425627830526e-35,-5.15E-20,2.94648601567674e-32,-4.76E-23,4.44604704910935e-34,3.47987575619295e-28,6.625072746650919e-42,-3.38E-23,7.04466555385532e-26,-6.29E-22,2.1390319087353904e-19,3.88876310385763e-20,-5.56E-25,4.34067477203035e-27,2.33944515245907e-27,2.0321652704318198e-26,1.93530267551028e-25,1.70845159030649e-20,-6.21E-26,-1.92E-19,-5.98E-29,-4.55E-20,1.56772902905919e-26,5.99868039838721e-17,-3.94E-28,5.15439513753994e-13,7.477471894204549e-26,-1.89E-19,-1.32E-28,-2.64E-25,9.98503253153373e-24,-1.19E-20,1.00067414591175e-24,-6.59E-20,-3.98E-32,1.93797139147661e-14,-4.72E-30,-2.29E-18,-1.09E-28,4.52832932354572e-12,8.76739932410476e-26,1.2007090686128399e-11,-1.81E-25,-3.39E-17,1.23918262967865e-26,1.39385718267609e-11,1.09412685010363e-41,5.61397987924174e-40,-1.61E-37,1.90243352998022e-33,5.29143522083985e-22,2.30239273825209e-20,5.46821427990694e-36,3.11982770943686e-33,-3.43E-30,-3.64E-26,-1.46E-31,8.57748381404825e-24,-1.38E-32,1.01502378823438e-22,4.54587710772071e-27,-6.35E-24,-4.27E-29,2.2467104635784e-26,-3.38E-25,-7.04E-27
2.5544457723683895e-11,0.0015081171956315,2.2019571874664903e-09,0.0002648914685585,7.293690440686999e-18,0.0003499519845295,-5.29E-24,0.0004468668594762,1.85773074064107e-24,8.13584745791745e-05,-3.34E-29,2.41747995211673e-14,1.1631244672617e-22,0.0009492865096145,6.4627143850364e-05,0.0005875318087277,3.22806903427984e-09,6.41753511390874e-07,4.34979053587648e-06,5.72568454198183e-05,2.65935221043856e-20,1.46245839057203e-15,6.4108846080681e-19,6.30761286834175e-10,2.49307194445171e-23,8.74169755904583e-13,-1.36E-32,7.1070882723567e-18,1.2529113860425301e-23,1.53046776787901e-12,-6.46E-39,-6.97E-19,4.47720377307572e-22,0.0004479752028098,7.4903092075923e-05,0.0006513389704488,4.23013331498282e-05,0.0005411589161317,1.49945714223972e-16,4.73832587904983e-05,-1.65E-18,7.92892809810385e-07,-2.15E-18,0.0001109920008681,5.57841699038753e-09,1.07821593282281e-06,4.58680730536641e-07,0.0001272639918797,3.65394100335285e-14,1.23821421909196e-07,3.72074801029191e-09,0.0002237773614631,1.44902859658712e-16,4.9107077180838e-05,7.1392565596572595e-34,1.07336092402393e-20,1.9490936539866504e-25,-1.00E-10,1.83638707331521e-09,0.000942667585476,8.9931248020505e-09,0.0007557814125422,6.39760320172808e-19,0.0013241869489702,-1.12E-26,0.0010702449156724,-1.35E-19,0.0010315526801634,7.53957121622322e-05,0.0005343743283578,0.0001345347988754,0.0006519151383086,1.31875083077457e-10,0.0002590911777514,2.29653941874911e-17,0.0004683702581552,-2.56E-15,0.0004059838383958,1.4480355294172698e-22,0.0009514340630462,4.80690746302839e-26,0.000844462212573,-3.58E-24,1.79337717004832e-05,-1.48E-28,4.88668261093987e-05,-8.93E-31,3.42888290649241e-08,6.50461560623696e-33,8.047538817663438e-11,-3.50E-28,2.2723393813677602e-21,-4.41E-29,-5.08E-23,2.64780519885544e-16,-3.23E-11,5.1444603924564997e-14,4.73330591701102e-11,-4.73E-23,-7.55E-20,-3.96E-33,2.5291170534562503e-25,-6.64E-30,-2.61E-25,-1.59E-26,3.3259233658902604e-24,-2.95E-32,-6.51E-21,1.61331380536305e-14,4.10257102699211e-10,6.47286749069402e-10,-1.54E-20,-1.40E-25,-3.36E-25,-6.69E-24,-4.24E-22,8.17630703910492e-09,0.000167420666075,1.1078010414651802e-09,0.0006286200390756,2.22787079722202e-12,0.0002695084803679,2.99691706799464e-11,0.0004338261668301,-3.22E-15,0.0005661917272922,5.4430632596622295e-11,0.0001576770577239,1.53734898888837e-11,3.56288664988824e-05,3.98572379759713e-08,0.000110537640714,2.67069396010669e-10,0.0002340414534277,5.24817671414636e-19,0.0002271468704945,-1.16E-15,6.77929960219396e-05,-1.82E-15,0.000152482507078,5.9259857733971e-10,0.0004453234067599,2.29219588399134e-10,0.0004971758554898,-7.54E-15,0.0009146169329324,6.87943617422239e-13,1.10885263193773e-13,1.89728458093222e-10,7.99028396313149e-09,6.64911357461325e-06,0.0001066095278573,6.979119944771971e-10,2.11521371247702e-05,2.15855789508493e-12,7.696100134920871e-09,1.6659957121749902e-14,1.42277838054904e-06,2.6359711436818302e-14,1.37853159380945e-05,3.874516274351231e-09,1.65978262533714e-05,3.15169234654986e-18,2.5861535530466702e-14,2.98834784826572e-07,2.04317544982485e-13
2.96443159617868e-05,0.0001467274639439,0.0001544135088889,0.0001200387265738,1.0719889937823e-06,2.6854686130856803e-09,3.0617593223787302e-24,1.29848911108043e-25,-7.45E-28,-1.41E-27,-2.16E-44,-9.61E-46,5.638658424444079e-30,-1.15E-26,0.0011179387583762,0.0009306643400025,3.95571134817299e-31,1.6265542432331302e-31,1.39106130989501e-05,9.94993821543296e-06,1.02125212972954e-38,2.03943247310834e-37,3.06791587006067e-37,3.6159215109835e-39,-1.00E-41,4.03762095019369e-43,4.27032263394696e-47,-9.38E-47,-1.77E-43,-4.71E-46,0,0,1.83246954493057e-26,-3.30E-24,2.26330288845898e-05,1.22809189340559e-05,3.46804427548599e-25,-2.02E-24,-4.82E-33,-9.08E-28,-1.16E-35,2.18414266663927e-33,2.69748655896726e-35,1.03588275795817e-39,-7.10E-37,-2.65E-32,5.31987944397564e-34,-5.79E-28,-1.79E-35,-5.06E-32,4.74087787857758e-33,-4.47E-25,-1.03E-32,-1.06E-28,-3.72E-49,-4.37E-40,-3.30E-40,4.21670609100275e-36,2.57919210370077e-08,5.73130266222382e-05,-3.05E-16,1.08818353258745e-07,-5.60E-24,1.74465706501917e-10,-3.15E-26,5.35368356640358e-17,-2.01E-32,-4.57E-19,2.7376091090305e-09,6.565232310094239e-11,7.8552050348023e-05,1.6247984151548e-05,-2.79E-18,1.86575487345849e-19,2.06486499552952e-25,-1.02E-28,-1.30E-27,2.2436564532408496e-30,-2.04E-30,9.35751102912097e-27,4.59029380125178e-33,4.48440375801885e-27,2.11289499995706e-43,-7.25E-47,-1.30E-38,9.310252442827587e-28,0,0,-1.77E-43,6.47584428109674e-38,0,-5.16E-45,0,0,3.21739722753793e-37,-7.46E-35,-2.15E-36,3.5677752243721e-35,-2.59E-46,-2.71E-41,0,0,0,0,-3.10E-47,-1.94E-45,-6.08E-47,2.53379439304016e-47,-6.28E-39,2.19817608796713e-34,9.69404935911996e-35,4.28005086544601e-44,1.8057969901093e-48,1.29749857807853e-47,1.37915150583692e-46,3.96648790761228e-44,9.26275097355854e-22,1.50716839865408e-20,-3.07E-22,-7.18E-21,8.19124038855313e-22,-1.79E-21,1.3841841619896601e-21,-4.99E-23,8.472356632828261e-25,-3.32E-21,1.1979743287034301e-23,5.88543307296033e-24,-1.07E-25,-1.25E-25,8.563008384304299e-23,5.398816392694689e-22,3.0079678212624804e-23,1.53847307898582e-22,-9.48E-33,-4.50E-29,-9.28E-32,3.15117740702426e-29,3.1115886548675e-34,-2.30E-27,-6.45E-26,-4.35E-23,-5.62E-25,-2.43E-22,1.00869976603778e-26,-4.12E-21,-1.96E-32,-2.84E-32,-1.16E-21,-6.96E-23,1.3415384267586002e-10,6.94041171341622e-13,5.4995375995114e-30,7.94711365128405e-30,4.25128093625413e-31,-9.77E-32,1.19105394112389e-30,-1.34E-31,-1.28E-30,4.27327950284054e-31,-1.97E-29,-9.00E-29,-3.34E-38,1.06018454312583e-37,-4.02E-31,-1.30E-35
1.09053452825241e-07,3.48654379883705e-05,2.29210595073404e-18,4.1430883526887e-13,-4.23E-21,-1.69E-16,-4.40E-33,3.0441336746601e-26,2.07308665377563e-37,2.09551768468985e-35,0,0,2.5812229090713906e-23,-8.35E-17,2.10327339515007e-08,1.10378722595365e-05,-1.27E-35,-1.45E-36,-3.48E-27,-1.90E-30,-5.09E-47,3.68618436570491e-45,-1.22E-43,1.42010783968488e-46,2.27711000452783e-46,2.82064908277942e-49,0,0,2.62588997944465e-46,0,0,0,5.17147135513843e-21,5.1195477227765204e-17,0.0005254431296773,0.0003231359385632,0.0012682375513,0.0003724118502598,3.59258043742653e-12,3.28125370392232e-13,-2.12E-24,-6.40E-22,3.03579529350444e-38,-6.41E-37,0.0002349259410821,0.0004251933034122,0.000504300961417,0.0004950917593383,2.38210658376045e-05,5.04547963634923e-05,0.0001185970268359,0.0004697017364741,2.31256544809954e-08,0.0004225117730221,3.6617644467906e-14,1.23441407080324e-05,-3.31E-21,1.23442951139047e-08,6.8905353854612e-05,0.0005654425453283,0.0004321272058273,0.0008088179976466,1.88766359797652e-06,0.0004614519931353,-2.05E-22,2.25033669083536e-06,3.32131986638002e-13,0.0010744117744759,0.0010418657311345,0.0007013318932774,0.0002339100690896,0.0005989920502999,9.084823561439373e-14,-4.62E-14,4.4547137603157896e-26,5.92204739926993e-26,4.20065920725339e-30,-5.56E-31,-1.72E-24,6.62316045022772e-20,2.39439420650024e-24,-3.33E-12,4.53513617782944e-46,-2.42E-43,1.4043816599306801e-21,4.8282953927398e-07,0,-2.95E-49,-1.91E-30,3.2632925581324203e-19,1.57633245619851e-16,5.86930112097949e-12,8.6699411139243e-19,1.46107704123542e-17,-6.79E-20,-5.00E-21,2.2368398078022295e-11,-1.88E-11,3.00276893073954e-13,3.74399004773092e-11,5.10367717536485e-27,-6.28E-25,-1.02E-25,-4.14E-24,-4.72E-28,5.78212885690278e-29,4.73783894127259e-37,-3.78E-36,2.6906245132894497e-22,-2.18E-15,2.77276093734272e-07,1.34922163409365e-09,-2.07E-17,-1.62E-21,2.20327259850918e-24,1.33829459548338e-23,-2.14E-17,-4.63E-19,3.08515838228807e-13,-5.94E-14,-1.30E-25,-3.23E-26,4.3230866421661005e-16,-4.92E-18,2.5053033915504703e-15,-1.06E-15,-6.56E-15,-1.41E-16,6.72126670543406e-27,8.49581929045325e-27,-1.19E-13,-6.23E-15,-5.52E-15,-5.18E-17,-9.96E-24,-1.30E-21,-3.68E-22,8.87237992125051e-22,-2.69E-21,-5.51E-19,-3.16E-13,-1.69E-13,-6.84E-13,-4.21E-14,4.6369312260439405e-14,-1.98E-13,1.93586409130447e-42,5.39221241456808e-44,-1.31E-38,-4.61E-40,1.22748234337016e-20,3.46948139270792e-24,-5.70E-34,-1.68E-35,4.76669438885455e-25,2.93655497320896e-26,2.6323134397457302e-25,6.3760897529088e-27,7.92442912671518e-27,2.8022451688944e-27,2.8096182739987e-23,-3.60E-24,2.52204641686139e-26,2.88830753818242e-26,-4.44E-21,5.00980994987941e-25
1.32067440288043e-19,0.0007882344274781,1.48378381064254e-18,0.0002520192963467,-1.21E-29,3.75722166766344e-05,1.40716322914765e-40,4.82747097913048e-11,-1.46E-44,-9.52E-21,0,1.9337128669046e-28,-1.22E-36,0.0001888840569861,3.56673142257499e-10,9.06827150609453e-05,7.98350413977999e-38,7.77069497142822e-27,-8.73E-25,3.66708296347429e-15,-8.11E-45,1.04656010288063e-39,5.09703813337444e-44,2.64902471509376e-31,5.35041231833112e-47,7.74281827077273e-34,0,2.9535122435651597e-34,-2.47E-48,1.18776278799398e-29,0,-1.33E-33,-4.71E-35,6.53212829360025e-05,1.2151260025901998e-13,2.94807073872234e-05,1.66091152695913e-18,5.4003408156393804e-09,7.86750510473855e-27,3.2755044421989e-05,-5.29E-31,1.62791438638984e-07,-2.57E-41,-4.15E-19,6.3895338527199615e-19,7.94199842170656e-05,4.951320226058819e-16,8.9742122526641e-05,5.67274495651188e-22,3.46149393720525e-07,5.83855642362772e-17,0.0009136180821395,4.40071502970067e-28,0.0011268635746642,1.87094090068198e-39,-7.79E-16,-3.67E-34,6.39712497782876e-08,-3.60E-18,0.0013408979448283,4.10747121466072e-18,0.001607515659726,-1.18E-26,0.0018613644620007,-2.15E-38,0.0015906626738139,6.685690107687081e-31,0.0021597492068934,1.9367271521514e-09,0.0001135533273012,2.2514077473301e-08,0.000248688727149,2.3676644888244e-29,1.33910441805326e-07,4.3462494423598804e-37,4.53282504108239e-07,-2.05E-36,2.40084531269527e-12,-5.53E-37,0.0007342127304184,1.26711886837456e-39,0.0006342468071379,3.5441400848682097e-48,1.6646204202846002e-24,-1.07E-37,0.0001803123203011,0,-1.94E-29,1.03367109650248e-44,-5.51E-13,1.91304041356657e-35,-3.32E-22,-3.43E-37,-3.02E-24,-4.84E-27,-5.93E-20,-3.29E-24,3.4233282610128097e-18,3.03570057344367e-29,-2.36E-18,-8.06E-43,3.52272278947915e-26,-8.36E-38,2.0873279457692692e-28,-9.61E-37,1.52939259739502e-33,7.90541555524912e-45,-4.68E-24,9.46677159886426e-26,-2.39E-20,6.426177459800332e-19,-3.16E-24,-1.41E-30,-6.32E-31,-2.55E-31,-2.16E-30,1.83841923063158e-27,6.40333915949033e-21,-1.76E-24,-5.21E-15,-4.67E-31,1.83123254256912e-22,-1.40E-27,6.00367915549719e-13,-3.86E-28,8.22115128815397e-10,7.53386130242748e-27,7.14561787539486e-18,-2.62E-33,5.32698304162543e-27,-7.89E-24,5.06824631808064e-19,3.6262953907303e-26,1.71516633822851e-18,-1.60E-31,5.98246481271169e-10,5.108101834251689e-30,4.4292862909109397e-16,5.28907920650664e-29,7.87302180781943e-09,-7.19E-25,3.54730482845165e-09,-1.39E-24,2.53774964437212e-14,-3.95E-27,3.97243589819127e-09,-3.14E-40,-8.47E-38,-3.91E-36,1.22256371195869e-30,1.53059936582055e-21,5.07346023607165e-22,5.244285218114869e-36,-2.87E-30,5.25044729012944e-29,1.73806801653842e-25,4.54229139957356e-30,-3.63E-22,1.0196022882441998e-31,3.86112758196804e-21,1.96076202222834e-26,-8.40E-22,8.064205825369351e-31,3.66620326468522e-27,3.05573842811974e-22,3.72350242349078e-27
2.35895631938773e-05,2.75731404963628e-05,5.33755507706669e-05,0.0001993041474662,2.07783560617622e-11,2.22389876600078e-06,1.42571345482372e-26,5.52239195965925e-19,1.93744226860121e-28,4.89708880880817e-20,-5.84E-40,-2.85E-33,-8.93E-35,7.44650325895443e-27,0.0006446188389279,0.0005986699309021,-8.18E-28,-3.48E-28,8.84877034131816e-05,0.0001362208553617,3.46263771683209e-34,-7.17E-33,6.09889781005127e-33,3.6962732214166e-33,-1.94E-36,5.20138349631353e-36,4.37350354937524e-40,-3.32E-36,-5.58E-40,2.49066034433212e-35,0,-9.15E-39,-4.05E-31,4.63107244138614e-26,3.47210738235024e-12,8.761137818630689e-12,3.02723704609683e-24,1.56579586386241e-26,-3.36E-32,1.0785472508691e-32,5.05702676653099e-37,-3.64E-38,-2.05E-36,-2.65E-35,-3.14E-33,-4.73E-34,-1.20E-29,-3.80E-27,-5.50E-39,5.5462905332561394e-36,-3.65E-26,2.27366560163926e-26,6.37230760094967e-28,-7.19E-28,-1.67E-45,1.52930155319255e-43,-3.85E-40,-1.59E-41,2.209355470462e-05,1.38085547690587e-05,2.50574646593912e-06,1.67952887955642e-09,-2.38E-22,-1.90E-17,2.43497183299701e-34,3.19172327502577e-19,-3.96E-29,4.5028381246123904e-21,4.23036068427745e-06,2.75603629573149e-08,0.0004198142132207,0.0001093336115497,8.37152236877361e-25,-1.63E-22,6.886026013175949e-28,6.53986191663705e-29,-4.95E-29,5.582061110701018e-29,7.369646129427249e-36,-3.59E-30,-1.40E-40,-3.28E-30,1.51569584993888e-41,1.03889309203106e-33,-1.26E-41,-9.14E-33,3.22484249240314e-47,1.20267274086638e-38,-5.47E-50,2.41011043970782e-41,6.72924733156366e-50,-2.05E-48,0,0,-1.37E-39,-2.49E-38,-1.95E-38,-1.11E-39,8.97149494091593e-44,8.54713996471324e-45,0,0,0,0,-1.81E-48,0,0,0,-1.81E-42,-1.31E-36,-1.22E-36,-3.71E-43,8.12608645549185e-48,0,0,9.05526574602756e-46,2.78989876492018e-26,1.2653608001989e-26,-1.39E-25,-1.58E-26,-1.17E-26,-7.70E-27,-7.42E-26,9.72419354315471e-29,1.84940103611954e-26,8.20846113549256e-28,-6.80E-28,1.8060654579919e-28,-9.54E-31,-1.15E-31,-1.72E-27,6.1888025852892595e-28,-6.53E-28,-8.24E-30,-2.50E-34,-1.92E-34,1.49848121821674e-33,-3.05E-34,-4.25E-32,6.16383509993508e-34,-6.57E-27,-9.74E-28,-3.54E-27,-3.07E-27,-2.70E-26,-2.48E-27,1.69300512599846e-29,3.16552311418377e-28,-1.84E-17,1.2719704851337e-17,-7.80E-16,-6.45E-17,3.82666938994658e-28,8.34198201380538e-29,1.73537704791085e-37,1.07067381708617e-37,1.38034965774571e-35,8.82351596314686e-36,1.4066003871209596e-34,5.36222466454521e-35,-1.62E-34,-1.45E-34,-4.31E-41,-2.70E-41,-5.03E-35,-5.43E-40
4.36825988746549e-34,0,-4.70E-44,0,-3.60E-44,0,-1.29E-34,0,1.34779014203586e-38,0,-5.67E-34,0,8.08242650830542e-26,0,-6.94E-44,8.43675056020108e-47,-8.73E-26,-3.35E-37,0,0,-7.19E-40,4.75140038292005e-44,1.83210881797845e-30,1.87239047688815e-37,-2.67E-28,1.70963283908594e-41,-6.06E-38,0,-1.42E-26,-2.31E-41,2.41866432951533e-37,0,4.24233630704708e-21,-4.66E-44,5.0376606477080296e-36,-5.10E-38,2.15935798804716e-26,5.4534563828967e-30,6.7776915142049e-13,-2.79E-31,1.9650154156457702e-09,2.0985477671367e-29,6.143971089877931e-20,6.969416689739769e-36,-1.22E-17,-2.03E-24,4.03556638115478e-29,4.35301185368742e-29,2.47047562843571e-09,2.96892509940543e-22,1.9412789234015402e-23,2.76077630743112e-30,4.83916826473072e-17,3.12636916996345e-34,2.81618258882544e-06,1.0447068164296e-26,5.3603960078165e-06,3.29393024955012e-29,-3.86E-26,0,4.08716860948463e-37,3.3110563736819903e-45,-7.04E-32,0,-1.47E-25,0,-6.44E-26,0,-1.58E-23,1.80359389674422e-31,3.50990985958791e-43,2.01143320238012e-47,5.99837187771068e-32,-5.26E-42,4.11671437820434e-21,-4.48E-41,1.09928943844276e-23,5.7560256525692e-38,4.09535434928922e-22,-9.68E-46,9.00798799403175e-20,-2.71E-44,3.1419129493247e-23,7.71456676217971e-39,8.03166282708159e-07,3.16511791468113e-41,2.02795612717672e-18,3.99377739640324e-35,0.0001453934045066,2.91902482260553e-35,0.0007850021556544,8.92593661058027e-13,0.0010139109418254,7.065425539472e-06,2.71279829783293e-10,4.6417369857144e-21,2.3128375804553e-05,3.37329281053019e-21,0.0001446272491808,4.04635965397718e-15,0.000887370564635,1.72269883254581e-05,0.0006435448512316,1.27793804345036e-07,0.0005005738115292,4.18912126407453e-06,0.0010367844953912,7.54608467507815e-19,2.36230348379391e-13,3.41536811938096e-16,-2.78E-13,-3.56E-13,7.35318533455425e-07,0.0001259988944975,3.05073098003552e-05,7.89931159013115e-06,4.55957103639344e-29,-2.16E-34,-2.31E-29,-9.74E-36,8.0206222464213905e-25,-2.15E-32,-1.19E-23,2.49597628823833e-32,1.03861650892142e-23,2.92633693185772e-33,-3.17E-23,-1.96E-30,1.65042825790361e-25,-1.48E-29,-3.10E-25,-7.50E-30,-2.82E-25,-9.86E-31,-4.57E-20,-4.25E-33,-2.82E-20,5.4906639759246605e-31,1.28517023672714e-21,1.6439573923132797e-30,8.42487221234582e-24,3.2009213985153604e-31,-8.15E-24,-4.63E-31,2.46875533607736e-24,4.31678449142836e-36,-4.19E-40,7.15378789884005e-45,1.11746289021118e-48,0,1.30375737880219e-41,-2.28E-45,-6.45E-30,-1.42E-37,2.0352329335479601e-19,4.59826818379043e-22,3.9800123398774707e-19,-1.53E-24,2.89531088445773e-19,-7.30E-25,3.77762360379264e-21,-2.38E-25,7.25181513382475e-08,9.20962248350888e-13,-2.20E-22,-1.63E-14
8.00931006723822e-05,4.60044259278902e-05,1.75425985376406e-05,2.42673966005245e-06,2.0271849892085894e-11,2.15452838464252e-20,3.19285334238184e-30,3.02196069017774e-32,-5.98E-35,1.21602560381568e-36,0,0,-2.33E-27,8.9744792129588e-33,2.24109765455023e-05,3.9196898630751e-05,2.34598762912689e-46,4.0817497975295806e-46,-2.28E-20,-1.75E-21,0,0,0,0,0,0,0,0,0,0,0,0,-2.64E-26,9.013189850640239e-33,2.8438833100595402e-15,6.826050472490221e-15,-2.22E-22,4.7283709046112505e-24,9.5698161886152e-33,-3.07E-34,1.47564556282621e-38,3.61897553719721e-40,4.78511577874554e-46,0,5.303448588797281e-35,-2.70E-32,-3.40E-38,-2.61E-28,2.3134771266918701e-35,-4.09E-35,-5.48E-39,-6.24E-28,2.24144358889183e-35,2.41109380962564e-27,0,1.49617706783524e-41,6.189849076691469e-42,-4.34E-38,1.76584142755446e-06,5.33972451856912e-05,2.38386921264769e-14,1.46105131791952e-06,-1.73E-21,5.61921689485499e-16,5.1429156639797e-24,-3.53E-21,-9.68E-34,1.18522508212062e-18,7.398235346378941e-09,3.32190879271956e-09,0.0003928487660212,0.0003053514625818,-4.31E-26,-1.21E-29,7.778780116890029e-33,7.04238680259244e-38,-8.12E-37,1.9375744482524199e-41,-3.78E-28,1.4467583221243099e-34,1.23702555330424e-30,6.4737011053431e-31,0,0,9.773128205847127e-40,3.6669838850794304e-31,0,0,-1.07E-41,2.37030539367609e-41,0,1.77279073092452e-47,0,0,-3.33E-39,-2.17E-40,2.7791770479145e-36,-1.54E-37,-1.64E-46,2.25756403778658e-44,0,0,0,0,0,0,0,0,7.50921234623558e-44,1.0944156610357598e-36,3.87626369446982e-34,-1.62E-46,0,0,8.053439450142628e-48,-5.69E-46,-2.41E-34,-5.88E-34,-1.49E-30,-2.22E-31,-1.54E-34,2.34194213879638e-37,1.09727253808926e-30,-1.15E-33,-8.91E-31,-1.00E-33,1.55219761350997e-32,-8.94E-35,3.6609798192026e-41,-1.94E-41,1.72340738105286e-32,-6.67E-34,1.13983400335766e-32,-1.45E-34,-1.15E-35,4.00736542474733e-39,-2.66E-36,5.68120735395703e-39,1.1592610402432e-33,-4.80E-38,3.79310918885311e-29,5.31563516514983e-32,9.9343922630639e-32,-6.29E-32,6.584544121879168e-29,1.6353572673565602e-31,3.44325013571995e-47,7.96192309275464e-48,5.43518369097448e-39,-5.77E-39,1.17457118525552e-27,8.23445439075482e-31,4.3607716744085e-44,1.19104496464825e-45,4.48415508583941e-44,1.63628543757313e-44,-5.91E-42,1.1656727225457601e-44,-5.61E-42,3.20881603403818e-45,-2.23E-41,3.74059815236598e-41,-2.54E-45,-5.29E-47,-1.42E-40,6.4675313738068515e-46
1.73968123405537e-05,0.0005677923988664,1.08048574403322e-05,0.0001516004174499,5.51009139411152e-16,6.06051981774013e-06,1.4246098812694e-25,4.29196804611075e-08,7.909030688067241e-31,2.91520061888253e-17,-9.77E-38,8.65130745276689e-23,7.57613243047095e-24,0.0003569771189099,0.0005000721411668,0.000750007964164,8.97969654819101e-21,6.31576062642715e-16,1.37950760805426e-13,2.36776309058204e-17,-4.42E-30,-2.21E-25,-1.14E-28,2.4807897342479504e-19,3.8743668716315e-33,-1.75E-21,9.19886496976567e-41,2.83707136485322e-24,-1.61E-33,-8.12E-24,0,-8.02E-30,6.5480638351626e-23,0.0002996802010703,0.0004393720668461,0.0009166416987216,0.0002749208132196,0.0016987475897486,2.74293147753811e-17,0.0002907288058534,8.16493801272289e-20,6.15877419078276e-05,-2.09E-24,8.36647933663606e-08,8.50450067193723e-05,0.0015784271189645,0.0002237068051812,0.0011584870445755,3.52958615166035e-06,0.0010717875704793,8.3202912921944e-05,0.0015545772856016,6.2745461544527406e-09,0.0035165356840585,8.869438902422772e-14,0.0007647349317497,3.91058542308803e-20,6.0800376174274e-05,5.07730404871667e-05,0.0012043620449758,0.0002026698773635,0.0017411638917275,1.29174520836381e-09,0.0056262003492648,-1.29E-26,0.001439290546746,3.2400379580010004e-17,0.0085013649121175,0.0010118853543814,0.0016489407155543,0.0015579101029101,0.0016223428851431,8.508736107684521e-15,0.0002336407152163,3.77747284961923e-21,0.0002521178762805,-8.08E-19,0.0002842679864457,2.5000676317998e-24,0.000968376887985,1.4059557058927198e-26,0.0004248781735275,-2.10E-32,3.24386544393304e-19,-3.13E-26,0.0009006218714842,4.07547294832711e-38,-2.26E-23,-8.43E-31,1.64662128606787e-06,7.72271064360689e-12,5.14250189587757e-06,1.6274307233922797e-11,1.82832102896081e-09,9.17229837485923e-16,2.528552165141e-06,7.150572863596329e-12,0.0001030210652823,3.6301035800768498e-12,2.84565580431919e-05,-4.39E-25,-1.38E-19,-2.85E-23,-1.80E-17,2.06762169194524e-25,5.68298903416638e-18,3.51630903614057e-34,-2.39E-19,7.08895009052534e-12,3.72423679755021e-07,1.281480462311e-05,5.53228022303911e-06,9.73498425571035e-08,5.5863840392562605e-14,-6.58E-16,1.25171288469832e-16,4.06757073395808e-12,9.26849336960442e-06,3.32360284920877e-12,0.0003419008748295,1.2588827500021501e-17,6.12430774397609e-05,3.01195205697336e-14,0.0006656418577437,3.60280503127933e-16,0.0014067619293203,5.68885736147327e-14,0.0001585766560964,-2.27E-14,5.77826827496963e-08,4.2868753445299196e-11,6.30474091766947e-06,1.08793753107061e-13,4.56584225687415e-05,1.52655597444035e-21,0.0008748414570606,1.18879850125243e-18,0.0011312181330204,5.223270801486822e-19,0.0011988278643876,1.44562951309066e-12,0.0008062611221766,3.05031164043497e-12,0.0005301549798202,6.64517498841226e-16,0.0011647982380236,-2.13E-24,9.35441260863934e-24,9.74331174615154e-27,4.18532230461801e-26,5.1148248636034e-07,3.06627908644405e-07,-2.38E-19,8.1583126038171e-13,-1.10E-16,4.8052746505600495e-11,-2.14E-17,7.71482024299646e-06,-4.22E-18,3.55623709555254e-05,-3.79E-14,1.8935720121403e-06,1.45051459357561e-19,1.27238680117101e-14,5.33006324903511e-10,-7.76E-18
-5.90E-21,2.51983283384685e-07,-1.19E-27,5.330394582899149e-18,6.11510739273821e-38,1.52508927114097e-22,0,-4.92E-30,0,1.49718814155355e-33,0,6.51797085734959e-42,-2.94E-37,6.700849636122692e-14,-1.64E-21,2.6437190630458e-16,-5.72E-49,1.4705961413385102e-44,-2.96E-42,1.42683165285626e-38,0,0,0,-9.66E-47,0,0,0,0,0,-1.68E-44,0,0,-8.53E-38,4.215767734171e-18,1.35697891402221e-15,7.10378942669066e-13,4.35306910713466e-18,5.65876421518345e-15,-7.23E-29,2.83882191927513e-19,9.70885218708873e-36,-8.09E-22,0,4.90711694924567e-38,2.95430408072838e-08,9.47737244912732e-06,1.26423189264539e-05,0.0002002565844936,-4.99E-15,1.15726822960038e-11,1.59406325100983e-06,0.0004083187472976,8.60707627813216e-17,0.0004179015749047,9.0360479744778e-26,8.47980595580712e-16,-1.49E-30,9.69521046622329e-15,2.4103674322304e-12,9.29289589910733e-05,3.03979555842998e-07,0.000407625063215,3.05049373670041e-17,0.0008002863934469,-8.97E-36,0.0003159520041454,-1.94E-24,0.0011661581266906,8.57024947880506e-06,8.52899926883509e-05,5.41631555559811e-09,4.30359627711464e-06,-1.37E-36,-4.76E-26,6.332665985885621e-45,-5.14E-28,-6.99E-47,-3.61E-32,1.10017275076766e-38,-9.43E-17,8.60169553182345e-39,3.0413568708255e-05,0,5.30780893934542e-33,-2.97E-31,3.68796090607516e-05,0,1.81188863905278e-41,-1.38E-43,-2.93E-19,-4.22E-27,-8.47E-23,7.542376941663388e-28,-5.82E-27,-1.25E-30,-7.17E-25,1.55222613810201e-22,-1.20E-19,3.10535732760059e-24,-7.50E-22,-2.97E-37,-5.18E-34,8.12884864410834e-35,2.36709918562184e-31,-3.67E-39,-2.56E-35,0,-6.86E-40,-2.90E-32,-1.08E-22,-5.70E-18,-3.36E-19,3.62394094699519e-25,1.64223589992683e-30,6.49135991821544e-33,-5.47E-34,-5.63E-40,-2.36E-35,5.496350074491571e-35,-1.81E-30,1.80670454761783e-42,-7.83E-37,-1.33E-38,3.67618231102394e-31,-8.07E-37,-5.19E-28,3.57993046097629e-39,3.85303804648979e-32,1.7472440227050098e-42,7.60462285591241e-38,1.7007341197865399e-34,9.843999166737879e-33,-1.51E-36,-1.27E-32,7.78745212149633e-39,1.4716924081328102e-25,-4.66E-39,-2.32E-28,-1.43E-36,1.98301314045241e-24,-1.62E-32,2.9280150593773e-24,2.45506315635555e-34,-7.77E-29,-8.24E-36,-1.99E-26,0,0,0,0,1.9749398331910095e-36,-2.01E-38,-2.16E-48,1.24766071148853e-44,1.09113585169509e-41,-8.61E-38,-6.13E-42,-2.34E-34,-4.41E-43,-7.75E-34,2.08202776808325e-37,5.86392575730078e-34,1.9170347450198e-39,-1.72E-36,-4.97E-33,-4.62E-38
1.38754753581165e-30,1.8506753001105403e-15,-1.54E-28,-3.57E-20,1.28050370736431e-44,-1.96E-20,0,7.73810793253325e-32,0,9.93266559985498e-37,0,0,0,6.81205227464936e-28,-7.60E-24,-7.47E-21,0,0,-9.16E-40,1.56430307863198e-34,0,0,0,0,0,0,0,0,0,0,0,0,0,3.95861019266674e-29,9.041049055524169e-30,-1.56E-22,9.75773341329684e-35,-8.53E-32,0,9.93530363147269e-37,0,-3.82E-41,0,0,-3.53E-41,1.04588428216653e-33,-3.44E-33,9.5942144569582e-19,-5.53E-46,-9.15E-38,3.07793294481088e-32,-7.65E-18,4.05084391159782e-41,-8.29E-22,0,7.85255708447745e-38,0,-7.08E-39,4.5203440230029e-26,6.45091631954308e-10,2.09036940797909e-26,2.88138153481669e-08,-1.29E-37,4.1982601203386805e-09,0,5.52580393189473e-16,-1.07E-42,3.79673277530915e-10,-1.77E-19,-3.27E-15,-6.23E-19,-5.76E-15,-2.21E-49,-2.52E-32,0,1.14039842833997e-35,0,-1.51E-41,0,2.4735458105628297e-30,0,-2.26E-27,0,3.2349358625592e-42,0,-6.26E-28,0,0,0,1.72874764367967e-37,0,-2.99E-45,0,0,0,0,0,-3.66E-48,0,-1.12E-45,0,0,0,0,0,0,0,0,0,0,-1.71E-46,0,0,0,0,0,0,7.213502322035712e-45,0,4.17024102812327e-39,0,7.54683300946774e-45,0,-3.53E-38,0,-2.09E-36,0,-9.94E-45,0,0,-4.20E-48,-2.96E-44,0,-2.11E-45,0,-8.60E-42,0,-3.07E-45,0,-9.68E-40,9.519690654380547e-49,-1.50E-36,-1.58E-47,6.61018465900114e-41,0,-2.96E-36,0,0,0,0,7.084328081778849e-43,3.94690303858843e-45,0,0,0,0,0,0,0,0,0,0,0,0,0,0
-1.54E-18,1.09957336696634e-07,-5.42E-18,4.15158300967432e-06,7.063145694058501e-26,4.0700619836779e-09,3.85706050450637e-40,1.01804395206869e-18,1.07093500964231e-44,1.9418873397723702e-20,0,2.39147506118801e-28,2.8366365674591396e-48,-3.26E-28,9.16378857558157e-12,2.33182364094261e-06,2.98524631316057e-40,1.54574159761568e-37,-1.20E-15,3.9057552868416e-07,1.0865422724076302e-46,4.00348256041289e-38,6.1676869028381e-48,-3.62E-38,0,-1.89E-38,0,-7.55E-34,0,-1.37E-34,0,-3.23E-32,2.45613757340248e-45,-3.12E-27,-2.84E-24,9.09944464410631e-20,-3.88E-32,-5.51E-31,-1.21E-43,-2.24E-37,0,9.07415137736428e-42,0,8.34943549339606e-39,1.34425163797476e-41,3.88546905678228e-40,-4.52E-39,6.19580518566494e-33,-5.14E-46,1.2734103917396896e-40,2.35722432019e-43,1.79377063849386e-30,1.8089196638631e-45,-2.51E-34,0,0,0,-2.65E-46,5.27181618045089e-21,1.09142585439216e-09,9.49775369857297e-29,-7.19E-17,-1.55E-39,-2.50E-21,0,9.78984134214552e-24,4.83824277963811e-47,7.39795453983e-28,-8.15E-19,-2.33E-17,1.70270785524493e-13,1.25022689784122e-08,3.71182447493338e-36,1.6050735083455e-26,2.35323626913964e-41,-3.77E-31,-1.25E-43,5.48358212083222e-32,0,-2.02E-33,0,1.85504028867216e-33,0,8.782256518847439e-33,0,-1.10E-38,0,-3.61E-40,0,-1.96E-45,0,0,0,0,-5.15E-48,3.44832812317033e-44,6.80875353832492e-46,1.20373755587427e-42,0,0,0,0,0,0,0,0,0,0,-2.35E-47,1.8833213201247097e-42,6.06244244548504e-41,0,0,0,0,0,1.05929688777049e-39,-1.31E-33,2.34276526146709e-37,-4.02E-31,-5.94E-40,-2.92E-32,2.27494312630418e-38,2.87441031657261e-31,-1.74E-41,-1.37E-31,8.57432788173754e-39,-1.67E-34,-7.90E-43,2.5515110436757603e-38,1.02742500605472e-37,-3.93E-35,1.5974066967835e-38,-6.08E-35,0,-2.06E-39,-6.18E-47,7.99217322106661e-39,-3.96E-46,-1.57E-37,1.36811617363476e-39,-1.23E-32,2.38041272112234e-38,-1.26E-32,-1.78E-40,-2.42E-31,-6.66E-40,-1.47E-35,1.34032370068247e-28,-4.48E-24,-1.05E-26,-1.55E-22,2.61614395804794e-41,2.54510750252133e-36,3.94731961781639e-47,1.92732434939444e-44,0,1.0954188316366e-40,4.61604200012881e-47,4.43281821744527e-40,-5.69E-45,-2.59E-41,0,0,-4.95E-43,0
1.29795516704845e-12,0.065391004590215,2.1417179132503404e-09,0.0367493396947151,-7.03E-20,0.11521544671152,3.75257357691547e-27,0.0642905917287767,7.21454038497659e-27,0.040734081344281,-7.59E-29,1.2764800588688e-12,1.50019462054685e-30,0.0119410674645796,2.48376275479482e-05,0.0015603858811578,8.616891519746342e-14,3.47243095342593e-10,1.18224776979713e-05,0.0008530187685018,2.1531024713539505e-20,1.0718212976955302e-09,-1.76E-21,4.94066083467569e-12,-8.29E-29,-9.83E-17,9.59616574437149e-29,-6.83E-18,5.671920356661249e-30,1.93793298039861e-16,-1.16E-36,-4.48E-18,1.99464839680462e-24,0.0005676030795861,9.12975419628104e-07,0.000168361475277,6.1875353741155e-18,-8.73E-17,-1.67E-25,1.03787813738359e-07,-1.40E-25,6.92981324191662e-13,3.09785117718835e-25,8.21792219886008e-09,-5.86E-26,1.75279683819192e-18,-8.84E-26,-1.12E-18,-1.01E-25,-4.63E-19,2.853371958686e-29,-3.54E-16,9.155280540701131e-31,4.802760638715909e-12,2.84057047895812e-46,-8.05E-19,-8.52E-33,1.67570586518454e-12,1.14255115615901e-15,0.0197605494393644,3.15588568094308e-20,8.67987301553912e-05,-4.41E-26,0.0006458123406853,-6.88E-35,0.0011460887542704,3.5101419119352e-33,3.42787968504858e-05,3.38362821659443e-13,3.97449670108326e-09,1.18504100580196e-06,5.00940120461059e-05,6.118155749356491e-15,0.0005986153735507,2.97882081705932e-21,0.0007966545823106,-9.22E-22,0.0003402218740733,9.20702921059984e-34,0.0010235859827866,6.96057308893467e-37,0.0004707448979563,-6.86E-32,3.12799261136787e-07,-2.29E-41,4.42901667415999e-05,-2.57E-36,3.25067864608451e-17,1.70747767382418e-41,1.16880573453375e-07,4.90546178790191e-41,1.5941560873174102e-19,-6.76E-43,-2.06E-22,-2.98E-24,2.0251246276818602e-17,-1.30E-24,3.03326564587118e-18,-4.72E-31,-7.91E-19,9.40516796215958e-45,4.66924994700757e-27,2.9904388831149704e-35,6.8174635906496785e-28,7.89022002858029e-31,-9.37E-26,-2.82E-40,-9.44E-25,8.94667911197407e-24,-1.18E-21,2.2707329739037202e-23,-3.85E-28,-3.23E-31,3.91751001463325e-30,-4.27E-29,5.57344922019691e-26,1.01570144212324e-15,2.5351043562913897e-11,1.64348932901887e-16,8.78099964385696e-10,-5.02E-18,1.13232429098044e-06,-1.25E-17,2.91877580465757e-06,2.79515226594182e-21,4.91915399875556e-08,1.85428738168496e-17,-4.77E-14,1.1619141424897501e-17,-7.73E-14,9.62597523929596e-16,-3.23E-13,1.15919417894329e-16,2.32239560867379e-12,-6.21E-30,9.56654916474709e-10,-4.89E-26,-5.25E-15,-2.53E-25,5.985115508214e-13,7.607596284846749e-18,3.42660846814106e-10,2.73699388914127e-17,3.3983302712885297e-12,4.11425744633337e-22,4.31424109339403e-09,1.38076427597233e-12,8.32453301603618e-07,3.25729989706805e-07,0.0012666893036494,1.3455888134696e-06,0.0012853397880927,6.588712876162531e-15,3.49437002824076e-08,-8.24E-20,-1.24E-16,-2.74E-21,-1.10E-15,-7.88E-22,-2.42E-13,-1.38E-18,-5.95E-17,5.14502291483277e-25,-2.04E-21,3.86080543465648e-18,8.61069748681005e-22
-2.33E-22,0.0214219583288756,2.822337356292e-20,0.0003430668659131,-1.67E-28,0.0333742523546906,-7.20E-37,0.0367038991867259,-1.16E-37,0.0428041636267589,8.410341492638011e-35,0.0002658119508853,-1.32E-39,0.0055735524707742,1.41332641854051e-14,4.8721738687947e-06,-2.72E-24,5.4546525576426e-13,-2.55E-18,7.31741855879664e-08,9.33112905362222e-24,6.59575186968354e-17,-5.04E-28,-4.86E-18,-1.55E-31,2.72914344232858e-18,-1.23E-31,3.3942002429066e-10,5.43920922035635e-37,4.3789517790604e-08,7.63334220572878e-44,1.60467113753698e-09,-2.63E-35,0.0008172109478707,-1.47E-20,2.15504947351517e-09,1.55939741875073e-27,-1.53E-21,4.69045315824559e-36,4.32706292909064e-13,-2.15E-38,-1.01E-16,-1.41E-36,-5.86E-14,6.166562909391821e-38,-6.95E-22,-1.15E-35,-1.29E-22,1.80544068066705e-38,1.99775101412145e-23,-2.55E-40,-3.73E-20,6.41052265987409e-42,2.5384062839322e-18,0,-7.97E-22,4.57452791285058e-44,-1.40E-15,6.4760623941266e-24,0.0015959042386922,1.81486695907854e-27,8.80274918577701e-06,-9.01E-37,9.15335063292743e-05,1.6368889794307e-44,0.0004705835044457,-1.91E-43,1.86597829587996e-07,-1.55E-17,9.50129050639717e-16,9.78520652625369e-14,3.4231696585785e-07,7.09498091724002e-26,1.23601341338892e-08,1.01063180894063e-30,7.76424322483869e-06,3.91940277254767e-29,1.3032227540570198e-11,1.72273453406482e-42,0.0007935116534481,-1.44E-46,0.000572803731736,-1.32E-41,0.0002567742325565,0,1.30392772332068e-05,6.83042520166115e-44,1.77604513770375e-11,0,1.18367521392559e-10,0,-8.92E-24,0,3.75173685625633e-26,-1.02E-37,7.893658500404008e-29,-4.39E-38,2.35538643678944e-24,-2.81E-45,-4.78E-24,0,3.62358782319642e-30,0,-1.09E-31,3.02351509851442e-48,4.9089690496591386e-40,0,4.40662495464686e-29,-4.26E-35,-9.25E-33,-5.58E-33,-3.18E-40,-2.39E-43,1.53456598494435e-43,1.64679145908351e-42,-8.53E-41,-1.17E-27,-1.69E-21,-3.33E-28,-9.63E-20,4.4631805249983285e-28,-5.93E-19,1.84562154131657e-28,1.1424073971602499e-16,-3.43E-32,5.989726366099461e-17,1.09900240296842e-28,-4.38E-24,8.410348326585298e-29,-1.20E-26,3.3325888511833093e-28,6.18113592717612e-24,-3.66E-29,2.26259131865579e-22,-6.24E-40,1.83309890213599e-16,1.31127860052096e-35,3.7492362862241903e-23,1.2329517777211102e-35,1.93674616658467e-18,5.101387564117209e-30,8.56229768453927e-18,-1.31E-29,1.22361243307195e-23,-8.93E-33,-3.15E-18,1.60944651637735e-23,-1.94E-19,5.51455089794878e-21,8.5694026033189e-14,2.082071666686e-20,3.6543090109859095e-12,-2.06E-25,-7.51E-18,-1.57E-32,9.373567596533129e-30,-4.37E-33,1.39455346009496e-25,8.792092541425559e-33,3.18311867646345e-23,1.90543290185897e-30,-1.41E-26,-7.72E-40,-7.12E-36,1.23655762695503e-30,-2.13E-36
2.27246040592716e-09,0.0001872410902232,1.19015922221979e-08,3.57925415752802e-05,-2.31E-20,2.26999963808573e-06,-8.18E-35,-8.06E-23,-3.41E-38,-2.00E-29,0,7.1669041195139e-44,4.50146897260947e-37,-1.24E-15,6.88644119769787e-07,2.47017976457543e-05,4.735576296629262e-44,7.13348691306903e-44,-9.11E-17,-2.89E-13,0,-8.19E-49,0,6.55976965682255e-47,0,0,0,0,0,-1.51E-45,0,0,3.93427560068033e-34,1.25229051667955e-17,4.98125256659438e-14,1.7208684325056594e-11,-9.31E-21,-2.55E-19,4.357459108139771e-31,-1.18E-22,2.74951136018126e-40,-1.76E-27,0,-4.43E-40,-4.15E-23,-2.70E-20,-2.39E-17,4.88341240816263e-07,-1.15E-27,-1.40E-23,4.914432800511959e-16,1.93468789083623e-05,-3.97E-23,4.25794092996782e-06,1.89279874447428e-41,1.26245130300035e-21,-1.18E-42,-1.45E-23,2.02248663651214e-07,0.0002279068998543,8.58551215098332e-08,0.0004107952211865,1.25232234830312e-19,0.0003409090888968,1.1626660133348398e-36,2.94757044772174e-05,-6.84E-27,0.0002429592647362,6.69348580912732e-06,3.96422506408929e-05,3.14903649893856e-05,0.0002080511775983,-1.83E-29,-1.94E-20,-1.85E-39,-6.56E-29,-1.51E-40,-3.82E-34,-1.11E-38,-5.93E-19,1.44262273925391e-41,4.00530360933166e-11,0,-3.52E-35,-1.52E-40,4.06994651167392e-10,0,-4.70E-44,0,-4.21E-20,-1.02E-38,1.3766575765186999e-31,-7.95E-41,4.44554435604567e-38,-2.13E-38,-2.44E-35,-1.85E-31,-8.04E-29,-3.61E-34,1.93297100774956e-29,0,3.81086889595124e-42,1.25314846769906e-45,3.94887297616527e-41,-1.61E-48,9.83684673839585e-44,0,3.29503436068831e-45,8.29025948158534e-41,2.3993768969817898e-33,-3.25E-28,-8.04E-30,1.18488410272608e-33,-7.89E-41,2.52611027216706e-42,7.0139226441732e-42,-1.04E-32,-5.63E-31,1.0604744193086e-29,-9.01E-26,3.39115611410437e-38,-5.76E-32,-1.73E-32,-6.99E-28,9.72839136633482e-32,-1.97E-26,-3.33E-33,1.9031919414757098e-30,-9.58E-41,3.3968411017769996e-38,-4.44E-32,5.54550451302902e-30,-3.31E-33,-3.77E-31,-4.82E-41,-3.12E-31,-2.71E-39,-1.74E-32,1.18322378370091e-37,-4.57E-29,4.85050995725715e-30,3.52395553983481e-23,7.998648397518969e-33,-1.16E-27,3.9099269645608896e-30,9.0015594858524e-24,8.84810943966824e-46,2.77340321064287e-46,1.36301932388436e-38,3.55865582287982e-35,-6.82E-26,-1.42E-27,-2.26E-44,3.7985595344136295e-42,5.37585458750414e-43,-2.09E-41,-6.98E-43,-2.76E-39,-3.71E-44,-4.45E-39,-4.24E-41,-1.96E-38,2.8639037364638404e-44,1.4580378323331398e-42,9.23199742908557e-38,1.3398569162736498e-42
-4.23E-18,8.33407493020665e-05,-3.55E-19,5.58630832957561e-08,-3.74E-27,5.4192386206479296e-11,1.55348869129039e-42,1.88050459231455e-24,-6.70E-47,-3.19E-30,0,-8.70E-46,2.63238505297205e-39,-1.01E-22,1.2976560332742002e-16,2.52563927927812e-08,-4.10E-46,-5.90E-46,-2.24E-34,5.66313302562072e-29,0,0,0,0,0,0,0,0,0,0,0,0,-5.82E-37,-2.84E-24,6.8553798736436115e-09,2.76814916977635e-07,1.13836600901004e-15,6.01975348756553e-17,-2.29E-31,-3.35E-28,-1.77E-40,-1.40E-32,0,-1.38E-43,6.59795047903458e-20,1.38804724818988e-20,2.78472067821074e-10,1.55259707973794e-09,1.87087449004016e-28,-2.44E-25,1.24206510660097e-06,3.94038910263641e-08,3.55711473895127e-13,3.24843383039744e-16,1.5437673308218798e-33,-2.13E-33,2.0482528358345e-35,1.24809293121244e-30,5.56595210451129e-08,0.0003578488003827,1.56808136509196e-05,0.0007440984938374,6.35909306159259e-12,0.0001862730342628,5.83048026537804e-34,2.81476079143093e-06,-7.01E-18,1.23809104596255e-05,9.67909965526983e-05,0.0001802763021387,3.8164307664055e-06,0.0001117915065116,2.03580007666671e-28,-3.24E-24,1.0673035660257596e-40,-9.68E-31,-2.79E-42,1.66657544398746e-35,1.79807375786098e-40,-1.88E-25,1.6043538441168096e-40,-9.20E-24,0,3.00360383199206e-39,-4.91E-35,-1.86E-23,0,0,1.09476442525376e-49,-3.29E-33,6.53378649827005e-37,5.91688467615513e-37,4.41459024777573e-39,2.773202149907729e-40,-7.20E-39,1.12009151282197e-38,1.71577912711768e-32,5.3169927535107e-34,-1.18E-34,-5.95E-35,5.98845497574708e-48,-2.37E-46,-1.11E-48,-5.97E-44,0,8.44416565337884e-48,0,0,4.60156843918116e-43,2.41214298457889e-34,1.4669093214639699e-28,-2.92E-31,-2.75E-36,1.4819769259097398e-42,-2.89E-46,4.07596435013765e-44,-2.45E-33,-8.69E-32,-5.56E-31,4.17379552026747e-28,9.14325501229958e-37,2.8677968312024093e-34,-1.57E-32,-2.06E-29,-2.32E-33,-3.73E-28,-1.00E-33,1.09800675643971e-32,4.74329020435468e-41,1.330362634113e-39,2.0928700177490693e-34,-5.37E-32,-9.10E-34,3.86385773447222e-32,6.76928673203724e-40,-1.13E-33,1.86597332141964e-39,-5.81E-35,2.44829282823103e-37,-3.12E-31,1.88230304057719e-32,-4.30E-27,-7.49E-32,2.00502261024983e-29,2.3210174508941103e-31,-7.27E-27,0,3.98096154637732e-48,-9.97E-45,-7.74E-43,-1.75E-27,5.92375939039563e-29,-5.12E-45,-2.26E-44,1.40919310356045e-44,2.3692723266045803e-44,3.9705317443339e-44,1.23546776605776e-41,4.122125506115031e-44,-8.48E-43,6.76818369953087e-41,8.66150466707194e-40,-1.99E-45,-9.62E-45,1.3119178915846e-39,5.23870041278355e-45
-1.91E-35,2.52935337454511e-17,-5.40E-41,2.34246418514722e-25,-6.53E-48,4.34407237401312e-27,0,-1.95E-35,0,3.5297227637023396e-40,0,-1.60E-48,1.10104190197755e-41,-2.42E-21,-6.71E-31,2.06800388634519e-22,-4.50E-45,-1.46E-42,2.98572115978299e-48,-4.10E-49,0,0,0,-7.02E-45,0,-9.12E-46,0,0,0,-7.62E-47,0,0,-7.59E-43,8.2164657682553e-24,-8.33E-17,4.94105334164219e-10,4.00649943932643e-15,3.0980109832048703e-09,-1.36E-30,2.78191480320456e-21,1.20437892030636e-33,2.4613464935179702e-20,-7.17E-48,4.55122026881394e-37,8.28664991128614e-06,0.0001843901588977,1.13909947045016e-05,0.0001977400203348,4.03034349900102e-07,0.0001189592533745,5.42790478966113e-07,0.0002622923287768,1.03185958741088e-10,0.0029357711515217,8.10546730424968e-15,0.0021497383512909,4.0068929435065205e-20,3.29810518496329e-05,-7.20E-26,2.97610962351033e-06,2.27131807337493e-13,0.0002025742845658,5.76603647696124e-25,0.0004687166819251,4.14547088438372e-38,1.84444600583577e-08,-8.68E-29,0.0030311682169158,5.7171458266974405e-09,2.91181363687352e-05,2.0157078806483703e-20,6.36238365572956e-13,-1.19E-38,6.42163270508458e-25,-1.90E-46,-1.31E-29,-5.02E-47,5.5379211815998e-33,-9.19E-44,-5.22E-23,-1.85E-42,2.204357785899e-06,0,-1.16E-39,-1.39E-29,0.0024067379765647,0,1.8230388340921898e-42,3.80490427215332e-33,5.50641054398092e-05,3.43409577116636e-11,2.87047191970654e-06,2.0908895934053e-11,4.10763130595375e-10,-1.28E-24,4.459617012704951e-21,9.00820867116867e-13,2.72246203195481e-09,5.0630074123523296e-11,1.22493751844124e-05,3.97004880430656e-24,4.42681562436268e-24,2.13997344103326e-19,4.304789385101991e-14,-1.03E-24,-1.21E-19,-6.58E-37,1.5291994599933896e-28,3.53622629912311e-22,2.36552435549129e-20,4.98281480387865e-08,6.10566892020566e-06,6.21883411451935e-07,1.68639658062103e-14,3.68922506887095e-17,-5.87E-19,-3.15E-38,-1.30E-34,3.73944107738578e-36,2.0711376742801492e-28,1.18758667981405e-41,1.58186167264569e-34,6.03064527850036e-39,3.13788987518252e-29,-6.00E-38,8.067407786410941e-25,-4.90E-36,-7.60E-28,2.01065730543186e-39,2.3664424408327504e-35,-2.32E-33,-3.89E-29,1.1940870411359398e-36,2.57693565925974e-30,-6.10E-38,-1.58E-24,-1.20E-36,2.73013207388036e-25,-2.59E-35,1.97160598948711e-23,-4.60E-33,4.50823797590664e-22,1.77095004692831e-36,3.52076361603597e-26,-1.92E-36,9.51816374659157e-24,0,0,0,0,-1.80E-40,9.24014146836063e-41,-1.26E-45,-1.61E-41,-8.42E-32,-7.03E-29,-3.44E-36,-5.85E-29,-8.06E-38,6.680454754111949e-30,3.74858179447822e-33,4.06793319583704e-29,-5.49E-29,5.589611860622581e-25,-1.78E-27,9.1880182247178e-28
6.10385514896985e-09,0.0001138758736517,1.7575638120891e-08,5.49116125537817e-05,-2.45E-24,3.12443579805199e-05,2.40626899107515e-37,1.1917252963707e-08,6.8851733888633e-40,1.03605761760211e-13,0,4.02724031547846e-32,-1.53E-36,-1.35E-17,4.20806555865501e-06,7.05352048727383e-05,3.01029432443084e-38,-7.03E-34,6.61214903247967e-13,8.72529639985562e-07,4.64825707568107e-46,-6.35E-36,8.634761663973338e-48,2.43449771653451e-34,0,1.18031378685154e-36,0,3.11873052390937e-37,0,6.864229658187589e-36,0,3.2258585614531597e-40,-6.83E-35,1.15542881912974e-17,9.1159328059709e-10,4.97132254414676e-07,-1.22E-18,-4.68E-17,6.825173505039091e-31,2.95070240574028e-25,4.24221107324295e-40,-3.49E-29,1.51276538762338e-47,1.00015526142747e-33,-8.49E-29,1.85177439302026e-21,3.22721873034311e-26,6.314176771502832e-14,-1.27E-33,1.54771661466316e-27,-6.66E-27,3.39037648419884e-09,8.503567223422659e-28,1.62147621626504e-10,3.53675223461365e-48,-3.51E-28,-7.81E-43,-8.71E-30,1.66948518107148e-06,0.000199455443188,4.93395921763534e-07,0.0003007046389842,-1.65E-18,0.0002826180483392,1.04375615227334e-35,1.89635038916878e-05,-2.08E-28,4.62959524586291e-05,1.31611285842865e-05,3.40146147218897e-05,5.31394636351101e-05,0.0002206932962517,-2.71E-27,-4.24E-18,5.02693137499387e-39,-3.11E-22,1.58294350959804e-38,-8.74E-26,-2.71E-39,2.7053508540454e-19,1.08532652942338e-39,5.28501206122991e-18,0,5.59948078732031e-32,-7.89E-42,7.956134786263201e-18,0,2.82379100524868e-39,0,-1.73E-28,-6.52E-46,-9.19E-36,3.69930956791134e-49,1.7772975556941602e-44,8.11795107969625e-37,-2.81E-34,-2.45E-33,-2.47E-31,1.03547977818772e-39,6.39585986267841e-36,0,-4.00E-45,3.06325180993104e-48,-2.75E-45,4.0313534646858896e-49,-5.35E-46,0,1.66420717384614e-43,2.32043895047431e-38,-1.44E-32,6.673081467388919e-30,1.27594069989506e-36,-7.69E-43,-1.19E-43,1.6900142686124302e-44,5.37543408342208e-43,7.10610507874313e-27,-6.22E-24,-1.15E-24,1.3848097873635402e-20,8.13676145730416e-33,1.50458586256684e-24,-1.35E-27,-1.03E-22,-9.50E-29,1.0704724056160901e-21,-7.76E-27,-2.01E-25,1.68484161431075e-35,3.72157358026351e-31,-1.86E-25,1.82407374404204e-25,-5.90E-27,-2.25E-25,5.95599775807262e-41,7.61854801879127e-30,-1.88E-39,7.004423854243539e-30,-6.36E-38,2.0198223947011296e-26,-9.18E-26,-5.82E-21,-5.87E-25,3.5925875783307897e-22,-2.16E-27,-7.64E-21,-1.36E-38,1.00475852335312e-32,-1.95E-27,3.66730123149051e-19,2.66510749026529e-19,4.21789659716426e-17,1.66770451041346e-37,2.6691156300966803e-31,1.02506987903726e-39,1.7831073714102797e-36,3.091005367484829e-41,7.77565890287478e-34,-1.60E-42,1.81810993198335e-33,-8.81E-38,-7.35E-35,2.32329446641453e-42,-3.19E-40,2.44380996812482e-34,3.06268430492594e-39
2.38875015318963e-10,0.0003017062487467,4.69505191309799e-08,0.0003301133616446,3.57248101147397e-20,1.05955340890028e-05,-2.25E-34,1.64404868557993e-20,2.58676410823389e-38,1.77510389192355e-26,-4.09E-48,1.02917876700858e-43,9.63366643659069e-33,7.07031026481159e-12,0.0003361589226177,0.0009224036375693,1.29683407707423e-35,1.3636474287695302e-35,3.50246181878147e-08,1.76477897062847e-08,-3.98E-44,8.385234546211379e-42,-4.44E-42,1.14753883017026e-42,4.03319176186579e-45,6.18850408761805e-46,0,5.81171238097677e-47,-8.37E-47,3.04551364104819e-45,0,0,4.91116260790285e-32,8.892738129369292e-14,5.17561945111076e-06,0.0001930107365786,2.0213751387307e-07,4.48820706387889e-05,-4.65E-26,5.790712303908221e-15,-1.12E-33,2.19214705100382e-23,1.71925627064936e-42,1.4470379267053198e-36,2.2174121075838506e-21,2.83302256176606e-13,4.08948935272533e-19,6.1984460814471506e-09,-6.67E-24,-8.36E-17,6.945999005188549e-22,1.91223974473317e-08,-8.15E-24,1.8830017198603895e-11,-2.25E-44,3.39582522263196e-29,1.0357112200981e-35,2.8974691329667704e-23,6.71845617844044e-11,0.0002817670855761,2.8018943449047e-12,0.000516883250939,1.26255825649481e-22,0.0004255570483785,2.4363600331987102e-31,0.0001512707615996,-1.43E-25,9.89746545541782e-06,4.62131634083766e-06,0.0002213473562978,0.0001340788860257,0.000972921474366,-3.31E-25,8.966152447805151e-15,-5.96E-36,1.06228816640419e-24,-6.48E-34,1.2629910393668896e-28,4.45460445495797e-34,1.06798392026342e-16,6.34923262002275e-35,4.4838369520812087e-11,3.68045316505545e-48,-2.29E-37,-2.34E-34,7.72368601229941e-14,0,-2.20E-45,3.63450841539997e-45,-3.30E-25,-1.93E-38,1.31662567144073e-32,2.30517021832299e-40,-6.71E-35,4.11067679052988e-29,7.68069863789727e-24,-3.69E-25,-1.06E-18,6.2459898443596e-32,-1.57E-26,1.3959277184798198e-42,-2.67E-38,4.26418236782186e-37,4.57647035395988e-32,-8.03E-37,-1.37E-30,1.36237350698246e-46,8.52511901663842e-41,1.03136367808059e-27,2.98699581296824e-22,9.1006533009468e-19,-8.32E-27,-4.57E-30,2.1235666455504e-29,3.35468420691909e-29,9.789300589872307e-29,-1.00E-23,6.40954944520582e-22,-6.48E-24,3.83455561506315e-18,-3.13E-28,3.03557716698599e-24,-3.23E-25,-1.50E-20,-1.33E-26,-6.57E-20,-6.30E-25,-1.29E-21,-8.83E-30,-1.42E-27,-4.36E-24,3.5557829314324003e-20,-9.02E-25,-4.93E-21,1.10678805032869e-34,8.84298895454338e-24,1.21478587827451e-32,5.14206075612504e-24,3.00513673196964e-31,-3.96E-22,5.11037002816193e-23,-2.62E-18,3.41032594091074e-23,3.09152114576599e-18,-3.24E-25,-4.33E-17,1.70209974223375e-38,2.19906664545574e-38,3.67631032421794e-31,-8.99E-31,-4.14E-18,-1.56E-20,-5.06E-34,-1.29E-33,1.8105049530309e-32,1.8290690849153894e-30,8.90043993659703e-34,-1.53E-29,4.28133095676827e-35,-4.77E-30,-4.68E-29,5.95321809425615e-28,2.41020407379013e-32,7.592385242925589e-30,2.27725776517702e-26,-2.09E-30
-1.54E-26,5.12857268580012e-06,-5.49E-30,-8.75E-18,-9.60E-42,-4.88E-24,0,1.08315194575702e-27,0,6.01714126859308e-32,0,2.6040962069193093e-34,-1.07E-37,8.73890950098903e-08,1.04104890049925e-23,2.21564592768276e-10,-1.77E-47,6.30338386273746e-37,1.11153305489683e-43,1.57108276462881e-36,0,0,0,2.9568149972268e-43,0,3.48998911012298e-45,0,-5.01E-43,0,3.59395732394611e-33,0,-4.44E-37,-3.88E-38,2.28987161949218e-09,2.42482162412002e-13,4.32091665412726e-07,1.68402317820146e-17,3.54027036279656e-09,-7.43E-30,3.23443965862961e-08,1.34763048871301e-33,1.75672485955647e-07,0,-9.17E-28,2.27219595430554e-07,0.0004089586687228,1.77746665169607e-05,0.0013657511671367,1.4638180712772202e-15,0.0001355609942058,5.59896695286043e-07,0.0018440497436782,3.2345466782537103e-15,0.0020362092903228,-7.88E-22,0.0012822740716607,-1.30E-27,0.0001070383237804,2.2891646176003603e-15,0.0007352052535696,1.0093996032232e-07,0.0022458904246123,2.42593513702768e-22,0.0004337415538418,-1.98E-38,3.68994063557661e-05,-7.75E-27,0.0008858037928432,1.04461530725738e-05,0.0008941235331139,4.21508750829377e-08,0.000230232374985,-9.64E-36,9.3079125594364e-20,-4.75E-44,-8.26E-21,-5.98E-49,5.30870925947264e-27,-1.53E-38,1.37239073471498e-07,-5.61E-40,2.54607131922377e-05,0,3.08091853303506e-27,3.3288476683476092e-34,0.0004849622733523,0,5.80545920676637e-29,-2.31E-41,0.0001703348665665,-4.17E-23,1.51380667666243e-06,-4.50E-23,9.88310916766226e-13,-2.02E-28,-2.14E-22,2.45022836685097e-24,2.08756811734675e-14,-9.42E-24,3.47818181646394e-07,2.33474514493463e-33,-3.14E-20,-6.02E-32,-3.73E-22,-1.00E-34,-4.10E-28,1.90391697600799e-43,-1.08E-23,-1.87E-27,2.6147864606447202e-23,6.98572153112753e-21,3.31257737715328e-19,4.4489543776092905e-21,-2.09E-26,5.08906537899767e-28,6.721530319221229e-28,2.87731030009732e-37,5.04916464245715e-33,-7.09E-34,1.24349240303999e-27,1.6374117036678897e-42,-4.61E-34,-5.37E-38,1.19084371608523e-26,-5.84E-36,-6.79E-22,-8.92E-38,2.69308245602414e-28,-5.27E-42,-2.32E-36,-2.81E-34,-1.12E-29,-4.03E-36,-3.72E-30,1.05375801996585e-37,1.5523746245686998e-19,2.06511854521579e-37,-2.00E-24,-2.54E-35,8.62905606938845e-18,-3.90E-31,9.78319705027987e-18,-3.67E-34,8.75885013966726e-24,-3.51E-34,1.22517136097243e-19,0,0,0,0,-1.57E-38,1.28513378105371e-38,1.94474729050476e-47,3.78420474100833e-42,-2.67E-36,1.49611322435773e-32,-4.44E-37,1.24059981965625e-29,-1.69E-38,-2.50E-29,-1.53E-34,2.38353929439037e-30,-1.37E-33,-6.81E-30,-2.12E-29,-4.08E-33
6.56645514241267e-06,0.0011468699509349,1.70831041557008e-05,0.0004320499045114,6.44437616780984e-16,1.29823627129968e-05,-3.07E-27,7.48024320343621e-19,-4.43E-33,1.90200724610126e-24,-6.46E-49,-8.81E-41,5.63675793479989e-23,3.30856331637572e-13,0.001845584742898,0.0022318169429874,-1.10E-32,-3.40E-32,3.12421998025745e-06,1.53525343179617e-06,6.516857394582229e-42,6.74888098484019e-39,-1.04E-40,-7.33E-40,-4.75E-44,-1.83E-42,0,1.28565620043153e-43,-4.73E-45,-3.81E-43,0,1.86342880894258e-47,4.25161478697468e-22,1.49372689364537e-14,0.0009257452651807,0.0008786997975414,0.0005566552532828,0.0004942978666354,1.59251725255724e-14,5.82773762553056e-14,1.91990871486417e-26,1.43310176794964e-21,-1.22E-38,3.65086028954782e-34,6.1984543432484e-15,2.60391569612288e-12,2.92206593793263e-12,6.13280724984638e-08,-1.32E-17,4.83483339717636e-16,6.62701049871358e-13,7.91547519418671e-08,6.0919691540736e-14,1.81285265370124e-10,-4.34E-37,-5.10E-26,1.30533108116202e-28,4.957052473849341e-23,2.90720430970496e-05,0.0009187244677092,4.54999495268923e-05,0.0013582608471918,2.52956110418498e-11,0.0008247646207004,1.89416704631568e-25,0.0001415200024156,-4.89E-20,4.26104584744761e-05,0.0008332181297402,0.0008816207796559,0.0021058856382641,0.0019997684129951,5.77370550960345e-16,2.17270874058773e-13,1.61087115638997e-28,6.14755905120933e-23,-3.16E-29,-6.71E-26,9.41785527208519e-25,-7.21E-17,1.86728989615294e-25,5.6145791823887295e-12,-1.38E-45,-1.40E-36,1.5317907110509696e-28,1.9193593766117498e-12,0,3.24121102147953e-44,3.29740689057393e-39,-1.86E-24,5.77077680104481e-33,-4.89E-32,-1.96E-34,-6.17E-35,9.9036882327094e-22,1.68792709382945e-22,2.81570889622863e-18,1.86012992096312e-18,5.87444451483756e-25,-3.07E-26,6.85547415216744e-36,1.05038442402254e-36,6.4398519791418905e-31,1.98160685721977e-32,-2.25E-30,-6.83E-32,3.18608689777574e-40,-9.10E-40,-2.27E-25,1.44231324714302e-17,7.498517132989052e-14,6.14975065384963e-26,-5.51E-28,-1.73E-27,5.46295891549598e-28,4.96582154979632e-27,-2.78E-19,-6.71E-19,1.6031336515838e-15,9.879326933234691e-17,1.97370865598129e-22,1.10861233808528e-21,-3.13E-19,7.106762679594662e-19,1.04051519193799e-18,1.9939051108524e-17,7.79318686837271e-19,1.68502677870469e-18,3.7144718345211e-26,3.1058722602680003e-25,6.90237980055812e-18,-1.72E-17,8.794686923687811e-19,1.91154210506927e-18,-1.87E-27,-2.98E-22,6.75132261621719e-26,-1.77E-22,-1.04E-23,8.03116064368828e-20,2.1576147503995903e-15,2.7899949299816e-15,-1.24E-17,-1.93E-16,1.89677471726079e-16,-3.41E-15,9.735273661544209e-36,1.78146066848064e-35,1.6445932640959298e-27,-2.77E-27,1.4199988125315298e-11,2.07585768190462e-16,1.00046613574236e-31,-2.92E-31,-4.35E-29,-1.31E-28,-1.65E-29,-5.16E-28,-4.73E-30,-1.68E-28,1.46286025081116e-25,1.41850930285178e-25,-7.66E-28,-1.72E-28,-6.96E-23,-1.92E-27
1.99899257654091e-17,1.5238895529492e-10,9.27130069614389e-21,2.36677204663473e-16,-2.76E-33,2.1841029440903692e-28,-2.19E-48,-1.52E-29,0,1.49752305934415e-34,0,-4.01E-41,1.8996255690381e-33,4.75659500441787e-13,1.0826757474156498e-11,3.03476696329508e-07,-1.84E-41,-7.43E-34,1.65145755139157e-32,-5.75E-32,0,-6.57E-47,0,-1.76E-35,0,-3.32E-38,0,8.47063026395847e-42,0,-4.48E-38,0,6.84549207253145e-44,-2.75E-34,1.88323673576632e-15,1.28061468450936e-07,6.67074181753641e-07,7.056951129487269e-11,5.73504660788471e-06,1.25152401649999e-25,7.54293851527114e-08,3.10929681534847e-29,9.50542110267281e-08,-5.95E-46,-2.26E-26,1.6307532868657798e-12,4.86215840646982e-05,4.24226638603842e-09,3.07679130653024e-05,1.60097493646546e-16,1.20647345800584e-05,3.69107904673812e-11,0.0001021901651171,4.10102395014636e-23,0.0003163461266966,-1.82E-28,9.95602451364906e-09,-4.97E-30,1.08438600517069e-06,3.68980455383024e-14,5.999085285805061e-09,5.16681156670746e-11,4.97802076202244e-05,-3.78E-22,2.95568781973059e-05,-3.53E-35,1.40536551909578e-05,9.79159328957655e-29,9.56644683363877e-05,1.43950723344118e-06,2.70807743392576e-05,9.18728446519516e-07,1.59584744971035e-05,2.38798834439028e-31,3.6839993889324906e-15,-5.37E-42,6.2930729391195204e-21,-8.86E-43,-4.23E-25,9.733231989438389e-36,1.35820607956855e-12,1.67680678526224e-35,3.73905694654887e-06,0,8.62867028289071e-35,-1.25E-34,4.53723964889224e-05,0,-4.04E-39,7.14949910324473e-38,1.71407231545689e-08,-3.74E-28,-1.25E-13,-1.11E-28,-6.19E-22,-1.71E-25,3.1678901208501097e-18,1.5306754457982201e-21,7.80960704846984e-10,-1.47E-22,5.08959680995934e-10,-1.70E-35,-3.34E-23,8.07763730057987e-32,-3.41E-22,5.81808365453268e-33,-1.47E-25,-1.24E-43,4.16138339923473e-28,4.2496195037784905e-25,3.28044240625041e-18,1.75625990534122e-14,3.0131737402068703e-17,5.85673251727919e-24,-4.35E-26,-3.57E-25,-2.11E-25,1.75901836498178e-32,5.06479623492702e-26,6.79897496513726e-29,1.86112300026369e-19,3.84393727731373e-37,1.60212724997865e-27,4.65485990453117e-32,1.6974029001275402e-21,5.21008884339029e-32,-4.90E-18,2.26800369330377e-31,-6.50E-23,3.07209699900585e-35,-3.43E-30,1.04188403154754e-29,8.926568539762231e-25,1.34166643767747e-31,2.62539085447873e-24,-6.67E-34,-1.33E-15,-5.19E-33,-5.25E-18,-1.92E-31,2.96948653173634e-14,5.04761174033291e-29,9.143610537592573e-14,5.42976827334711e-29,-1.45E-20,2.0217139106297e-31,-4.69E-17,4.69534109416357e-47,1.03053824563888e-44,1.64825776306149e-47,-3.93E-42,1.62266406537469e-30,1.70513057180597e-30,-2.07E-41,-2.53E-34,-6.20E-34,1.10666703332293e-29,-4.00E-35,-1.94E-25,-1.18E-36,-2.40E-24,-2.67E-32,-7.69E-27,-2.06E-34,-2.25E-28,5.826129277258589e-26,-1.70E-30
-4.50E-22,6.89862735048829e-05,-2.91E-20,9.831011983336812e-09,9.67946643197086e-37,2.37919005545472e-12,0,-1.03E-22,0,2.0573060763624e-26,0,3.57023031171799e-42,2.3129847699066997e-41,4.20958659380396e-10,6.501191766027991e-15,9.30053962618339e-09,0,3.60010332142109e-44,5.06853723985757e-37,-2.63E-32,0,0,0,0,0,0,0,0,0,-7.31E-45,0,0,1.16167856619631e-38,6.683801799344201e-10,-7.44E-18,8.46479316623776e-10,2.65664366992499e-24,-3.32E-19,1.9710828613865e-37,-3.09E-21,-4.18E-45,-1.67E-24,0,1.5324708534458698e-36,5.93571212972478e-29,6.39718951712308e-20,-9.30E-21,3.92600062908287e-08,3.7278109995843e-35,3.980035915615e-25,-3.51E-24,8.38607685146818e-06,-2.78E-32,5.84671786861583e-06,-3.20E-44,-2.57E-24,5.81092801901694e-47,-2.01E-25,4.28453398573812e-19,0.0001801422456108,3.71843135166455e-20,0.0003693658858543,2.68222707043647e-28,7.0707686562476e-05,1.66637091567257e-43,1.22488195342937e-05,-2.33E-36,2.4872490778797e-05,1.09237272998669e-10,1.67277026003286e-05,1.69991688541512e-09,1.17974048844685e-05,-1.31E-34,-7.82E-18,2.53982048761772e-46,1.93847265524189e-23,-5.38E-48,-5.12E-31,1.98428533543275e-43,-3.12E-13,1.86910999433569e-46,-3.53E-14,0,9.80796849558463e-39,-1.50E-44,1.66444273485872e-14,0,1.9820345612607802e-44,0,-1.23E-27,1.7072100480177e-46,-4.32E-34,1.1097928703734e-47,1.08447759632635e-37,3.05945442197711e-41,3.47397265743086e-36,-4.18E-39,1.31306627601266e-31,1.70054269069406e-45,1.11165336422297e-31,0,1.63822375662493e-40,0,5.97021092536673e-41,0,1.05227295065182e-46,0,-3.20E-40,8.465523610593488e-41,-2.40E-35,7.401670968437348e-34,-2.88E-41,1.26134919759135e-45,6.6244510736343005e-46,5.23473564259271e-47,-7.66E-47,-3.51E-37,6.703248984237939e-33,-3.00E-32,1.88374291959396e-25,4.13262504217273e-41,1.28541434872481e-33,-5.33E-36,-7.48E-28,3.3510868940795504e-35,-2.64E-24,-1.33E-36,-1.37E-31,2.76756446704151e-44,-9.27E-41,-3.60E-35,-1.19E-31,-1.31E-36,-3.49E-31,-4.38E-44,-6.55E-28,-1.74E-42,1.3777014856952098e-30,-2.75E-40,-2.34E-25,-1.13E-32,-1.76E-21,-4.49E-33,2.9999729862729e-27,-5.94E-34,-4.71E-22,0,0,0,9.193318050093952e-46,1.55019603515784e-33,4.0423586447723e-33,0,-8.10E-47,-4.14E-46,1.8829139672943e-43,-3.96E-46,7.67888981974741e-41,-1.98E-47,-1.11E-38,-2.97E-42,2.77991196809329e-39,2.30630372253459e-45,2.17148382783014e-42,1.46635123739621e-38,2.77478654374226e-43
-1.09E-22,-2.93E-23,3.5187672078847203e-25,-1.08E-27,-2.39E-35,5.3013814152411e-30,0,8.15885747583716e-44,0,0,0,0,-2.95E-44,-2.55E-42,6.28503546945278e-25,1.5243960501898e-25,0,0,-1.20E-42,3.1717395910014e-43,0,0,0,0,0,0,0,0,0,0,0,0,-1.06E-45,-2.53E-43,1.20274914868974e-27,-2.38E-29,-6.77E-35,1.92661906329297e-33,-3.65E-45,-5.45E-46,0,0,0,0,3.58696081031876e-35,7.95734354344694e-35,-1.51E-28,-4.22E-23,9.36203753284556e-41,-4.91E-39,-3.73E-27,-1.46E-19,3.45036736546079e-29,2.25614078519532e-22,-3.13E-44,3.2568470517480702e-37,-7.52E-46,-6.36E-39,1.5435266767555002e-15,1.83324436795436e-11,7.309128227372199e-13,1.1541904164658402e-09,-3.29E-24,1.16647846542072e-17,-1.77E-37,2.01829560416774e-27,-2.87E-26,2.17324533187792e-19,2.87994306389123e-13,7.31578494611669e-12,-2.27E-18,1.14362262896321e-16,-3.15E-43,-2.34E-46,0,0,0,0,-1.48E-47,-3.01E-44,-8.69E-44,1.08103612256834e-37,0,0,-2.55E-38,2.4013535160430093e-34,0,0,0,-1.75E-44,0,-1.81E-45,0,0,0,0,0,-8.34E-48,0,5.43539863947718e-47,0,0,0,0,0,0,0,0,0,0,3.46510555599358e-44,1.03067201739255e-45,0,0,0,0,0,0,3.02707677973079e-45,0,0,0,0,0,1.65409395566181e-46,0,0,0,0,0,-1.40E-48,0,0,0,0,0,0,0,0,0,4.15058512530992e-46,4.8287987622003805e-47,-5.79E-47,0,2.23945829345368e-45,-3.50E-47,0,0,0,0,6.803825188353971e-47,0,0,0,0,0,0,0,0,0,0,0,0,0,0,0
-5.73E-31,1.81631493908106e-26,4.06593908983941e-23,1.96013103268462e-24,-6.99E-25,4.3932609698396995e-31,-2.86E-37,-1.97E-45,-9.32E-40,8.95762616665097e-48,0,0,6.20514249131688e-47,0,2.8177581742903003e-24,1.2288585989935499e-26,0,0,1.56044054009871e-29,-4.46E-32,0,0,0,0,0,0,0,0,0,0,0,0,1.83863858649939e-45,0,1.6276462725095298e-36,5.46148263016734e-38,0,0,0,0,0,0,0,0,0,0,0,0,0,0,0,0,0,0,0,0,0,0,4.36063055420001e-43,6.742136871141111e-31,0,9.5950072747986e-38,0,1.0442533938763e-35,0,2.89635560238671e-37,0,-1.15E-46,2.84489803025128e-46,-7.52E-47,-1.42E-35,-2.01E-32,8.856677664476549e-42,0,-4.22E-47,0,0,0,0,0,0,0,0,0,0,0,0,0,0,0,0,0,0,0,0,0,0,0,0,0,0,0,0,0,0,0,0,0,0,0,0,0,0,0,0,0,0,0,-6.46E-46,0,4.4415165271785e-48,0,-1.44E-45,0,-8.11E-47,0,0,0,0,0,0,0,0,0,0,0,0,0,0,0,0,0,0,0,0,0,0,0,0,0,5.40056809094833e-42,-1.31E-48,0,0,0,0,0,0,0,0,0,0,0,0,0,0
6.77600599837774e-31,1.81276895412276e-18,1.0731872440229201e-15,5.55969091055368e-14,-2.71E-18,1.53074202484818e-23,3.73084074254538e-32,-2.82E-32,8.35875624038873e-37,-2.40E-35,0,0,1.9612897959745292e-40,-6.12E-39,1.68451185662442e-14,3.9796489148860905e-14,-3.91E-45,-4.99E-46,-1.27E-17,-2.10E-21,0,5.504516455948831e-47,0,0,0,0,0,0,0,0,0,0,4.51935935620814e-38,-3.85E-39,-4.01E-27,-6.51E-28,-1.10E-47,7.47707762680779e-47,-6.39E-48,-1.59E-45,0,0,1.88697577298285e-46,0,0,0,0,0,0,0,0,0,0,2.6739511506018e-43,0,0,0,0,3.1978979782624e-39,1.23467026062648e-20,0,1.68158279387673e-24,0,3.31867323019117e-24,0,-1.04E-25,0,-3.96E-33,4.688992708935532e-44,7.64235564163034e-43,-3.33E-26,-4.67E-27,-1.69E-33,-1.34E-37,-4.10E-37,1.3968137816292502e-44,-1.04E-39,-1.81E-47,0,3.567706241902529e-41,0,-4.36E-38,0,5.1056278128426596e-48,0,-3.10E-41,0,0,0,1.96977574406075e-49,0,0,0,0,0,0,0,0,0,0,0,0,0,0,0,0,0,0,0,0,0,0,0,0,0,0,1.3770522701623196e-40,1.6868201125425496e-40,4.50198626867696e-41,-3.59E-39,-1.39E-39,-1.06E-41,2.46562453207631e-40,-5.26E-40,8.09361696543955e-46,-1.57E-39,4.20135971003901e-43,3.7277819995416e-41,-3.50E-46,0,1.41748065899084e-42,7.14772900075108e-41,4.90691168335362e-43,1.30520302083528e-41,0,6.57445660206013e-46,0,1.2292091792323e-47,0,-1.17E-44,1.69545690554518e-45,1.31191148159095e-40,9.62786869699262e-44,-2.34E-41,0,-2.48E-39,-1.20E-42,-2.09E-44,1.96190490679866e-33,5.111074370102269e-34,-4.49E-31,7.1494281908186e-34,-6.23E-45,-1.29E-47,0,0,0,0,0,0,0,0,0,0,0,0
0.0002808403783177,0.0007445103252053,0.0003370970027899,0.0002016109521685,1.15692481459212e-06,3.26686820273819e-06,-2.97E-24,9.524324895716492e-15,-2.49E-30,-1.21E-21,-5.41E-41,4.6139253456805694e-30,-7.56E-17,5.91843237714887e-05,0.001448999868243,0.0014890328790302,-1.07E-24,-4.35E-24,5.51222361674199e-16,1.74240905361533e-17,3.47619550497722e-32,-1.83E-30,5.349426876492711e-31,1.07782841302256e-26,-1.09E-35,-1.25E-28,-2.88E-41,-5.25E-31,-1.26E-35,-2.40E-27,0,3.5603044073357004e-33,-6.97E-16,3.20690527908148e-05,0.00293786244077,0.0023023592777991,0.0024865721925228,0.0018210617663471,4.81918275050823e-06,0.0004672092989424,3.8700158247253e-11,0.0002838483188894,-5.85E-28,-5.04E-19,0.0002539650191195,0.0002727183090206,0.0007816465959658,0.0004321027122026,0.0001276994001683,0.0005461443455874,0.0004320243995411,0.0022016731854946,4.96294696945318e-06,0.0031115682655179,5.74901269357981e-13,9.36356310437525e-10,4.03920128498243e-13,7.36480674224581e-05,0.0002976028001058,0.0013121191163422,0.0010642630590227,0.0112086785313204,8.91825753663843e-06,0.0096379350894539,-1.21E-21,0.0001049135825944,7.143861684724291e-09,0.0162123217093155,0.0019632563300036,0.0019052653238396,0.0024995910426434,0.0037592265605032,6.75942357148289e-08,0.000104178966126,-4.55E-20,3.35579660397798e-07,3.8816965256919504e-20,2.27445796301768e-11,1.88373066895253e-18,0.0003355687748839,2.8246014454066504e-20,0.0001178090335615,-3.83E-38,2.72227503708292e-24,-5.73E-22,0.0001880527895619,6.26978589355106e-41,1.5166032843170202e-25,2.74552592825371e-26,7.00566594099577e-07,3.45895699060694e-12,1.81678007197972e-16,7.65787276460317e-16,-2.47E-17,3.20134986772502e-06,0.0003177397582472,0.0002805828544891,0.0007257185648392,8.76892419965294e-06,2.67433679223347e-06,-4.19E-20,6.4621589596043904e-21,2.21925564088217e-14,1.29412381181022e-14,3.37284554176796e-14,3.6989902024147295e-12,-2.66E-27,9.72348830777202e-19,5.16224754153271e-06,0.0018636747340554,0.0024277170466894,0.0002152469257,2.50751795359973e-09,1.38770939798172e-08,1.54979508538065e-09,4.97149809543485e-07,1.67338491855135e-10,2.40953917715024e-08,8.18754749023315e-07,0.0010517909919212,6.30748315218055e-14,5.14861003747338e-12,2.02541352771766e-10,4.52643121587592e-05,1.56109561806133e-09,0.0015238268604747,1.50442492861846e-09,1.20909980052479e-05,1.1292912847499601e-15,3.34384470948649e-13,5.96173396322351e-08,6.50172503513473e-06,1.42116640028118e-09,1.43337544527205e-05,3.7896972909030806e-15,0.0007896650684473,1.80143428998522e-13,0.000177357520858,4.44368966088422e-11,0.0025752516080127,2.37923040232354e-06,0.0036126979609298,3.59391682173228e-07,0.00181092674516,1.1572351279544e-07,0.0074313112883828,-1.16E-28,1.5823964772309399e-28,2.35824567034927e-27,-9.19E-27,1.14715563015643e-07,4.82446648850718e-10,3.4587381309942103e-23,-1.66E-22,-1.95E-13,-1.44E-11,-5.63E-15,-9.14E-11,-1.56E-16,4.25622792400923e-11,-6.00E-13,-1.58E-10,-3.29E-12,4.85757044644903e-10,2.09655846911718e-08,-8.22E-12
2.54423275967634e-13,1.59268928122874e-05,6.60152950167901e-11,3.07180106947225e-06,-1.46E-20,5.720883078581741e-10,-5.55E-33,-4.42E-23,-2.00E-36,2.85308300264504e-29,0,5.41119258249e-48,2.566788038183e-40,1.60054901087854e-30,6.61145980052248e-06,5.64643802839903e-05,4.00510164691058e-38,2.44931254243172e-38,5.16450778906193e-10,4.63381259167146e-08,5.9930358522932e-46,-6.37E-43,1.35072343172154e-46,-2.67E-46,0,0,0,0,0,0,0,0,3.28157562812113e-39,-1.25E-30,3.96708336935006e-13,6.44445199433632e-11,3.38798267097449e-28,-1.95E-26,3.30159872449453e-38,-5.59E-37,-3.27E-45,-2.87E-42,3.72618000740917e-46,7.05310809715102e-45,1.07178005909238e-33,1.79378986537641e-32,-8.16E-29,-5.01E-26,5.31284702699513e-39,-9.13E-37,-2.00E-29,7.316068359779181e-23,-9.53E-35,4.63817362305511e-27,0,4.260251961648381e-44,0,8.23184031708618e-43,7.59236672322991e-11,0.0001028002411333,4.88111636551511e-12,1.28595920843197e-05,-1.41E-28,1.60399043065712e-16,-1.38E-44,1.73455928272211e-20,-1.32E-36,5.217097704903769e-20,1.46175577689606e-06,4.43445062476596e-06,8.94909587842588e-06,0.0001216065949441,7.682414238853669e-26,-4.88E-25,-1.87E-35,3.9626794675766496e-33,7.141803674638398e-35,2.15539713399448e-35,-2.92E-46,1.0346302148417099e-34,-6.10E-49,5.11106164271828e-31,0,1.52917349487114e-42,-7.09E-50,-7.90E-33,0,0,0,2.44150330235368e-42,0,0,0,0,1.02959374299748e-44,3.740180683765511e-46,-6.65E-41,2.2432778421269498e-43,-1.12E-45,2.50984655309431e-46,0,0,0,0,0,0,0,0,5.34308047548312e-46,-1.15E-41,-2.67E-39,5.53578992392469e-45,0,0,0,0,2.4385875106919e-28,6.37400407362034e-26,-7.41E-28,1.28155464356273e-25,8.82185637479079e-29,1.60308519049032e-27,3.89043348225256e-28,1.9642434606882798e-26,2.92033592410348e-34,1.43561457499663e-30,-1.33E-29,-2.78E-28,-8.62E-32,-2.55E-32,-1.43E-28,-8.88E-28,-3.17E-29,-1.77E-28,-3.10E-45,-1.71E-40,-4.38E-40,-8.27E-40,-3.97E-40,1.51010599455537e-38,2.38860220293669e-32,2.3416366141262896e-30,5.04408029896835e-31,7.10774144931072e-29,-1.92E-36,1.7591970080148397e-30,-1.16E-39,-7.91E-39,2.28511021282186e-28,6.3683849731952e-27,2.66766535265667e-18,7.62226177307625e-19,8.38224370421377e-37,-2.39E-37,-8.14E-38,1.89353883645857e-38,-2.50E-37,6.86518419078288e-39,-9.90E-38,3.19009709552856e-39,-1.25E-35,6.91831112664203e-36,-1.02E-45,-4.76E-46,2.4381853469408503e-38,-2.82E-43
-2.72E-36,-6.25E-23,-2.90E-39,-4.09E-29,0,3.4706108067529104e-25,0,1.31789309120801e-38,0,-6.88E-43,0,0,0,-2.72E-29,4.06690915186845e-37,4.4856977705391e-32,0,0,0,-2.54E-48,0,0,0,0,0,0,0,0,0,0,0,0,0,5.1780428668392e-35,6.619679644084019e-30,-3.78E-29,-1.08E-32,-2.02E-29,0,2.00340147836653e-35,0,4.370199367577e-37,0,0,3.49090300311169e-36,-5.48E-27,3.84025214633386e-27,1.64156125104716e-22,3.4463552324079e-41,-4.83E-33,-2.22E-28,-2.65E-19,-1.34E-41,-4.22E-18,0,1.46156406718809e-32,0,6.9353128162682e-36,-2.11E-29,-2.04E-18,-7.98E-28,1.76877283878071e-17,-5.85E-41,-5.08E-17,0,-1.40E-19,-3.03E-44,-2.29E-17,2.26716650021084e-24,-9.27E-23,-2.83E-28,-5.81E-26,0,2.67001922385611e-38,0,3.35118458523874e-42,0,-6.94E-47,0,9.42723701408174e-34,0,-1.86E-21,0,7.270340693909099e-43,0,6.22140385936537e-22,0,0,0,-4.04E-34,0,-1.64E-41,0,-2.37E-47,0,-1.71E-45,-1.25E-48,1.75292581192697e-41,0,-5.47E-42,0,0,0,0,0,0,0,0,0,2.53524393216661e-47,-7.30E-42,4.5513871954485306e-46,0,0,0,0,0,7.96192309275464e-48,0,7.91378979758746e-40,0,0,0,5.839554083307149e-43,0,3.93328550737031e-41,0,6.93559130147209e-44,0,0,0,1.21373687164418e-43,0,2.85864886722263e-44,0,-1.01E-39,0,-3.30E-41,0,-2.30E-40,0,-7.42E-40,0,1.30082807497355e-40,0,4.02722263933214e-39,0,0,0,0,1.59238461855093e-46,0,0,0,0,0,0,0,0,0,0,0,0,0,0,0
6.62020708729648e-19,0.0010278506230172,1.41720923065344e-09,0.0250688929455063,-1.15E-18,0.0411948520151886,-9.23E-26,0.0081998618377589,3.78258706553225e-26,0.0068928709041477,1.53007413063228e-25,-1.94E-17,-7.90E-31,2.86755016635686e-06,1.20079881676548e-06,0.000250689925692,-1.58E-17,9.419731159661951e-15,2.98544888744268e-05,0.0083152838083607,-6.52E-17,6.72786474983968e-12,1.01832895125803e-21,-4.37E-20,-7.36E-25,-8.26E-20,-6.96E-25,-2.69E-19,6.486527222684518e-29,-1.25E-19,-2.20E-34,-7.65E-22,1.51361639901406e-21,7.20994303498501e-07,8.50053811858276e-10,8.48871140931512e-06,-2.03E-23,-1.56E-22,-7.18E-30,5.81518850313276e-23,-3.94E-31,-5.09E-25,-3.74E-29,1.93798570182593e-21,1.78469993809739e-38,-2.79E-33,3.3731354602043703e-44,4.82108180506032e-35,-1.08E-34,2.86143321681533e-26,-6.59E-46,2.96499944276469e-33,-1.76E-43,-1.20E-33,0,-1.44E-41,2.3862098746421497e-42,7.26241618244277e-25,3.3221646745258602e-21,1.40989794651477e-05,2.6554739728503697e-26,9.33052241480951e-08,1.7714386524011498e-29,1.45504065882108e-06,1.37884210896092e-33,7.60910753530018e-06,4.68658328119897e-43,5.28724636825897e-23,2.25467276288259e-18,-8.71E-16,7.66630371172252e-14,1.47908361303237e-07,1.8721779486930006e-17,1.75823945022599e-06,6.74624419539615e-22,3.35465545952825e-07,-1.18E-23,1.54654614873355e-11,-2.55E-34,1.5232865480876e-08,-1.45E-39,6.471792442626729e-11,-6.52E-34,7.28767344670255e-19,2.94046121969362e-43,1.1467270718108e-19,1.2924266913669199e-40,5.37731473359891e-24,1.35805526952729e-46,8.47252793970239e-24,0,-2.71E-31,0,-1.27E-34,9.80896734503507e-38,7.746046932094331e-31,-2.23E-36,1.3435566539827102e-31,0,-1.54E-30,0,-3.58E-37,0,-4.22E-39,0,3.76773691561199e-43,0,-2.38E-36,-3.08E-36,-4.30E-33,-7.61E-36,0,0,0,0,-2.58E-46,-1.06E-20,7.72775409063258e-18,1.29901648289906e-22,6.258594838997122e-19,-1.75E-22,4.2863889102905e-16,-6.32E-23,3.7328799927055197e-16,2.75873762092289e-26,2.97265379420666e-18,8.720574608495281e-23,-1.98E-19,-2.02E-23,-1.73E-19,-4.13E-22,7.55543698184754e-21,2.49823700365306e-22,-2.70E-20,1.00136473789392e-31,2.82806243940549e-19,-5.23E-29,5.06101287714388e-21,-7.38E-30,9.24631916577642e-20,-8.91E-23,-8.96E-20,-1.82E-23,-1.74E-19,3.56850911227962e-26,6.022925569504241e-20,1.03333605688903e-13,1.4903524743967e-09,1.0412066317006402e-09,1.85209660123461e-05,2.85540008923822e-09,6.91445815239879e-06,-7.21E-19,-5.77E-15,-2.62E-27,5.559391010646679e-26,-2.38E-27,-2.56E-23,-3.91E-27,-7.34E-23,-1.27E-25,-1.89E-23,1.81112026889963e-38,1.8397439281108697e-36,2.0345090987408104e-25,-2.22E-34
-1.05E-33,5.88254989535454e-08,-7.08E-38,9.36100773890256e-18,1.95409022690869e-42,7.43043544771947e-12,0,-9.75E-29,0,1.05935560785667e-35,0,0,0,-5.08E-26,-2.96E-28,-1.42E-17,0,0,1.770959026296e-41,-1.90E-37,0,0,0,0,0,0,0,0,0,0,0,0,0,4.6158251453988e-29,1.7881060368463302e-20,3.5507363751537504e-14,-1.65E-29,7.28878783709112e-24,-3.69E-46,9.56994029812404e-34,0,-4.13E-37,0,-4.24E-48,1.681654507275e-32,-1.96E-25,-1.64E-23,2.5554216543859697e-11,1.05708521542695e-36,-6.40E-30,4.391894214222591e-23,4.70132260486835e-10,-1.09E-33,4.15387211396528e-16,-5.96E-48,-2.59E-32,0,1.25522030953063e-31,7.63992319959921e-29,6.74683247514559e-06,7.575258838124e-24,1.04315065734466e-05,2.0693215618368297e-30,3.61246098020339e-06,2.78920872676118e-49,4.17901685185402e-10,8.11980256466929e-37,6.64948314225609e-07,9.741458184216941e-19,4.22844693044621e-12,4.4202790704430095e-22,3.60398528059834e-13,-9.65E-46,7.99088904167527e-30,0,7.568861989076539e-36,0,-2.69E-41,0,-6.62E-31,0,-1.61E-25,0,3.17308222891488e-45,0,-3.44E-24,0,0,0,-1.24E-35,0,3.7499331721211695e-40,0,-6.48E-46,0,-1.18E-43,5.88020646591448e-44,-7.10E-38,1.32767652611649e-46,2.88425803412481e-38,0,-3.28E-49,0,-3.79E-49,0,0,0,0,0,-1.11E-43,6.59486650492438e-37,3.231347847803429e-41,-5.54E-45,-1.08E-47,0,0,-1.91E-46,-5.82E-41,2.38084690540624e-46,-3.02E-34,0,-7.54E-40,-1.13E-46,5.867752422815519e-36,3.5370562573900403e-47,-1.96E-33,4.17053114382386e-46,2.60282340498367e-40,0,0,-2.61E-44,5.2358434423340795e-40,4.68677526919449e-46,2.44999444331492e-39,0,-1.64E-38,0,-2.06E-39,0,2.8426740902879097e-36,-9.16E-45,-5.16E-33,-3.69E-46,-1.76E-35,-6.09E-46,-3.26E-32,0,0,0,4.85751030168151e-46,-5.63E-40,-1.65E-38,0,0,0,0,0,-1.45E-46,0,-7.65E-46,0,-7.78E-47,0,0,0,0
1.50197728802521e-32,4.8399700269680704e-17,3.83799437179807e-33,8.18459184610454e-20,5.7379549942566e-46,2.74032365431891e-22,0,-3.41E-37,0,1.06236078262666e-42,0,0,-1.53E-41,8.691582570326249e-26,-5.41E-31,-9.78E-25,0,0,6.966682706160311e-47,1.092641101025e-40,0,0,0,0,0,0,0,0,0,0,0,0,3.2781420431051895e-42,5.23105611344387e-28,-3.12E-24,-1.98E-18,-4.88E-23,-3.75E-17,4.511934379518501e-36,8.97124901004248e-30,-9.40E-45,-3.85E-33,0,9.181895179547688e-48,-3.94E-18,1.93465418812076e-15,2.18894307597758e-10,1.25268087976277e-05,-6.52E-25,2.89725616321804e-22,7.0564719694628215e-09,4.84468252016453e-05,5.93220602306233e-20,1.69816990228202e-05,7.69440244517491e-36,6.90371204895242e-22,1.29700158904732e-36,3.3170822036891404e-23,1.23380996988265e-26,3.8807943815133897e-13,1.0574332771649e-08,1.05918408073371e-05,-6.95E-19,9.65006608614844e-08,-2.67E-36,6.386442207582381e-15,-2.33E-21,7.38520153888914e-05,7.67317847223872e-08,5.63795538895796e-06,-1.76E-26,9.21858433874874e-20,-1.38E-39,-2.18E-30,-2.29E-48,2.35834791444991e-35,0,1.5827550609983496e-40,1.02389842641542e-42,1.9876917961527e-27,-8.93E-42,5.58925252079061e-13,0,1.46439878755021e-45,4.30691894251555e-31,5.09879814996522e-10,0,0,1.78118171988787e-46,-1.23E-24,9.762588056061048e-36,-2.91E-29,1.83562323430655e-36,2.6781915116191197e-34,-3.72E-41,-8.60E-39,-3.45E-32,-2.53E-31,-5.99E-32,1.75576818895401e-28,4.08478502350684e-44,-8.79E-39,3.4951149909471095e-42,-1.26E-38,2.13661733628352e-47,2.5550529647648104e-44,0,0,4.55146445811861e-43,-2.04E-36,-4.13E-28,8.04443557580797e-30,-8.39E-34,7.76543095657413e-41,1.0848234609324898e-42,-1.09E-42,-2.02E-41,2.25858545985945e-39,-1.29E-38,-2.12E-34,2.73153266421478e-46,2.7221130710914497e-42,3.58228580746525e-42,3.35658558028442e-35,2.57127875500071e-41,-1.72E-33,-2.49E-40,-7.27E-39,0,-2.63E-45,-1.61E-38,2.25045890270642e-37,-3.46E-40,-2.95E-38,-2.44E-46,-8.81E-37,6.61495304482745e-45,9.84157297123288e-38,1.45605081158009e-43,3.43706081930056e-34,-5.41E-38,-4.93E-32,-4.47E-38,-4.39E-35,6.09988757507372e-39,3.4705451340398903e-32,0,0,0,0,-8.51E-42,4.66093427672347e-43,0,0,0,2.1558437912689502e-47,0,-2.48E-45,0,4.76126579339129e-45,3.85055073709944e-45,6.327756398780342e-44,1.16774872027068e-46,-2.80E-45,5.00968935112556e-42,4.52727196166479e-46
9.81742180277467e-20,7.20893116892703e-06,-1.26E-20,9.39380104159527e-10,-2.90E-34,1.13232280185143e-22,0,3.95236378162156e-37,0,-1.64E-44,0,0,-1.91E-42,-7.42E-35,1.13785278415413e-17,5.35522685580999e-10,0,0,5.03196252885483e-39,-6.82E-35,0,0,0,0,0,0,0,0,0,0,0,0,2.3198452239183e-41,5.77516713260336e-36,4.87537480621698e-16,-1.52E-18,-1.81E-24,-5.73E-24,1.09762955980615e-38,5.32968690059291e-35,-4.58E-45,-3.36E-41,0,0,-6.43E-27,9.93048226401511e-27,1.20122852236364e-19,2.88683022371815e-13,1.6218314603308202e-31,-3.64E-31,3.64902212887668e-17,9.95032102847035e-13,-1.60E-26,5.46105110682762e-19,-1.07E-42,1.12864845046415e-32,8.02885303892497e-43,-9.02E-36,-4.27E-17,2.88651539135746e-05,-1.95E-14,5.52792163501926e-05,1.31858945389912e-18,7.59056699851116e-09,-9.36E-40,-4.58E-24,5.6454975701544296e-27,3.44885380564136e-10,8.05041257343707e-08,1.34849386492967e-06,1.27268489121124e-09,2.92285197415717e-05,1.8376468802613296e-41,3.78649139389754e-33,0,2.4696642253301196e-40,0,-2.31E-45,-3.12E-44,1.01000759578723e-36,3.33861952992319e-44,5.623572931783441e-31,0,0,1.89319038203566e-40,3.93614113257345e-27,0,0,0,-3.20E-38,-4.46E-41,5.93696899663548e-43,4.3310906035027295e-43,-1.24E-44,-1.57E-44,-4.85E-41,-3.06E-38,-7.99E-37,2.69327140811962e-38,-2.41E-40,0,0,-1.86E-49,1.42755763182137e-46,0,0,0,0,-1.77E-45,-5.31E-39,-8.04E-34,-4.71E-36,-1.25E-39,5.283702542953141e-45,1.51001989690174e-47,-4.54E-47,3.09377583032752e-46,1.08250306369092e-43,-2.74E-41,1.64106783001181e-38,0,-5.92E-46,1.39238402558152e-44,-1.49E-39,-7.64E-43,4.85706398674924e-38,4.535536029531321e-44,-6.79E-42,0,0,1.8134848024121e-42,3.3433891766480295e-42,3.16523024745802e-44,-1.20E-41,4.4679081471226e-47,-5.67E-40,2.06073303577179e-47,-2.19E-41,3.24276285756457e-44,2.08181284825231e-38,1.23039925463337e-40,2.1258535314243505e-35,3.22536235368922e-42,1.85048152800552e-38,-6.80E-41,1.00947666539464e-35,0,0,0,0,1.76959493587812e-41,1.35551701815499e-42,0,0,0,0,0,0,0,0,0,0,0,0,-1.42E-46,0
4.29403695950788e-33,-8.85E-16,2.4053751762552297e-36,-1.16E-21,0,-9.62E-25,0,-8.54E-37,0,-1.97E-39,0,0,0,-3.53E-31,6.387227838848629e-33,-2.98E-25,0,0,2.34174208610431e-49,-9.49E-42,0,0,0,0,0,0,0,0,0,0,0,0,0,4.7381644266135095e-33,-2.21E-27,2.8902734041333102e-25,-2.43E-32,-1.66E-29,0,-3.47E-39,0,2.51339343595716e-44,0,0,2.0929533019483e-38,1.73673303539218e-32,2.93683844535916e-31,-5.27E-21,1.81404022495091e-43,2.4858892974886e-38,-3.61E-31,-9.35E-18,-8.76E-42,-4.60E-21,0,-2.20E-36,0,6.94525312548688e-39,-1.60E-25,2.34408843839107e-10,-6.51E-26,1.05871077544191e-08,-3.74E-39,6.49936402430995e-10,0,6.466046795816841e-17,2.98711018616125e-43,1.13920391229533e-11,-7.48E-21,2.95827405859861e-16,-8.38E-22,-3.84E-21,0,1.1317996117989901e-35,0,-2.22E-42,0,4.504173635329771e-47,0,8.36560104386432e-35,0,-8.03E-28,0,-1.34E-47,0,1.19246080585733e-27,0,0,0,-7.55E-38,0,-1.25E-45,0,0,0,0,0,-4.71E-44,0,-4.23E-45,0,0,0,0,0,0,0,0,0,0,-4.73E-41,-2.70E-45,0,0,0,0,0,-5.73E-46,0,-7.97E-41,0,-1.61E-46,0,2.3680792666040897e-42,0,2.0659810571830494e-40,0,2.95309437708547e-45,0,0,0,4.850754625029901e-45,0,3.87777502309522e-45,0,-2.55E-44,0,-2.46E-46,0,-4.54E-42,0,1.84300212167358e-38,0,-1.39E-41,0,1.30450618173364e-38,0,0,0,0,7.68397959569848e-46,-4.83E-46,0,0,0,0,0,0,0,0,0,0,0,0,0,0
2.3834719179297e-29,2.6432445326035897e-22,6.294205270292469e-33,-6.48E-29,0,2.19363996710221e-31,0,-8.09E-39,0,-1.32E-41,0,-8.63E-46,-1.06E-47,4.956848390347111e-21,1.89823240684839e-31,-1.19E-29,0,3.6827817722071397e-48,0,-2.13E-48,0,0,0,0,0,0,0,0,0,-7.49E-47,0,0,-3.77E-49,1.33153416029564e-24,-9.72E-22,-4.21E-22,3.20853984251242e-22,2.54951501345236e-19,-1.77E-41,9.594624676818729e-22,4.33858052144739e-45,-1.00E-21,0,-5.39E-40,7.60945969982542e-12,1.05180287750084e-06,4.35561652460825e-06,2.80399958402641e-05,-3.39E-21,8.05983902249359e-10,3.87854675367651e-08,0.0002939090996226,1.9984755244388e-21,8.98867192240617e-05,-7.08E-29,2.9740333420328103e-09,7.3930951935387e-33,5.33690960182712e-10,-4.01E-22,1.69917925659898e-12,9.36399955109132e-13,6.62341168419896e-06,1.7335656561818302e-24,1.47707232798318e-06,1.06749990994967e-44,1.27027366390183e-07,-3.57E-28,7.87891019418187e-06,2.4191286356934e-09,3.17132448381777e-09,6.05298901463328e-22,1.500100012879e-20,1.64338911957387e-45,7.75970521808705e-32,0,-3.71E-34,0,1.74588766350083e-37,0,-1.33E-22,-9.23E-48,2.19461519725359e-07,0,3.5703749408441495e-36,1.60803820244941e-36,7.95013287353529e-06,0,-1.94E-42,3.76325271180981e-46,5.5936337413897386e-11,4.945690429050461e-31,4.91489993785474e-21,-2.24E-33,1.1894970627021299e-26,-3.33E-40,-4.71E-37,-4.62E-31,-6.19E-27,1.3116625166690498e-30,2.97914630933985e-21,-1.05E-42,-1.09E-32,4.22936147698404e-41,2.4003994662763304e-35,-7.88E-46,8.6360119872208e-41,0,-6.33E-41,-2.38E-39,5.68124734820769e-35,7.60367204681855e-27,2.27396844387847e-25,2.94225814113307e-29,-6.00E-36,1.14447968401697e-38,-2.30E-40,-9.10E-47,7.00489993700553e-44,-7.88E-44,4.65044266125204e-38,0,-1.71E-44,-2.12E-47,3.83953598407702e-38,-5.34E-46,-6.85E-33,-8.34E-47,6.20320188653916e-39,0,-1.75E-46,2.04309316098558e-44,4.08881389451485e-41,-1.85E-46,6.34596302883991e-41,0,1.18255481180651e-31,0,2.18322808196232e-36,6.21543673692459e-47,2.1830604499620098e-30,1.96212248015568e-43,-1.29E-30,-2.52E-44,6.58335182836574e-36,3.69379655946556e-44,-4.45E-31,0,0,0,0,-3.55E-46,-9.86E-48,0,0,0,1.1145712400860501e-44,0,-9.25E-42,0,-2.76E-41,3.62404775256418e-47,-1.79E-42,2.33549744054136e-46,-1.02E-42,-3.18E-42,7.868829838131661e-45
4.51645030790135e-27,3.3817008094249095e-30,-2.36E-26,2.4683114245744303e-25,-3.54E-34,1.0518582803910399e-28,3.3749963013603497e-49,-1.16E-35,0,-4.20E-37,0,-2.00E-48,0,-4.28E-45,3.15038079016347e-24,-1.16E-23,0,0,5.28971694343039e-27,6.53597850612542e-26,0,0,0,0,0,0,0,0,0,0,0,0,0,-4.57E-44,-1.68E-35,-5.45E-33,2.15202974041469e-43,1.88615819043243e-44,0,0,0,0,0,0,0,0,0,0,0,0,0,0,0,0,0,0,0,0,-1.24E-33,2.79379854167604e-32,3.23381769076243e-43,-4.34E-37,0,2.32041729378465e-37,0,-9.25E-39,0,1.6244089547293798e-42,6.04877164268326e-37,-4.61E-39,1.6470917440899102e-23,-3.10E-27,-6.05E-47,6.305419866112469e-42,0,3.32822812105668e-45,0,-5.63E-48,0,0,0,2.23065658122384e-49,0,0,0,0,0,0,0,0,0,0,0,0,0,0,0,0,0,0,0,0,0,0,0,0,0,0,0,0,0,0,0,0,0,0,0,1.0350500020581e-46,0,2.77340321064287e-46,0,5.60519385729927e-46,0,-2.36E-46,0,0,0,0,0,0,0,0,0,0,0,0,0,0,0,0,0,0,0,0,0,0,0,-2.39E-47,5.19179131059601e-41,-7.60E-38,-3.89E-39,2.63130934898478e-37,0,0,0,0,0,0,0,0,0,0,0,0,0,0
3.17018617466896e-33,1.97009804494729e-17,-7.27E-35,-1.42E-20,0,-1.30E-20,0,1.01031091028699e-36,0,4.26404666701316e-43,0,0,0,4.6705609737407903e-35,7.07050328054701e-30,-6.08E-25,0,0,0,-8.64E-42,0,0,0,0,0,0,0,0,0,0,0,0,0,3.24032474249444e-37,-2.10E-31,-5.62E-32,-1.28E-41,-3.03E-39,0,7.46198838693051e-46,0,-5.88E-48,0,0,3.06417677927537e-47,-1.28E-41,7.3645303215209e-38,-1.80E-28,0,-4.30E-47,3.06340837893275e-38,-3.03E-24,2.09229096893828e-48,-4.35E-27,0,5.99453592177415e-44,0,1.53040936334124e-47,3.00559835962589e-29,3.66630762023197e-13,2.75040605538221e-29,3.28065848335796e-12,7.37445750726254e-42,9.49329621870353e-18,0,1.12867477585623e-21,0,3.9740081474954905e-19,-3.13E-26,4.463968392880621e-21,-2.01E-26,-3.79E-23,0,1.2700474782382398e-42,0,6.97434110376983e-47,0,0,0,1.57548008439815e-38,0,4.0558409305078005e-32,0,3.66557894255371e-48,0,1.59537011373036e-33,0,0,0,9.73995553854048e-43,0,0,0,0,0,0,0,0,0,0,0,0,0,0,0,0,0,0,0,0,0,0,0,0,0,0,0,0,0,0,0,0,0,0,0,1.4151305676173202e-46,0,0,0,0,0,0,0,0,0,0,0,0,0,0,0,-1.96E-45,0,0,0,6.30584308946168e-46,0,0,0,0,0,0,0,0,0,0,0,0,0,0,0,0,0,0,0,0
-3.42E-17,0.000250887076168,-4.16E-18,2.19657247723249e-06,-1.80E-28,1.63191455476903e-08,8.45436573490768e-47,-5.14E-27,0,-8.18E-32,0,8.738073948020881e-47,-1.24E-48,6.37567977165404e-24,1.00155108050886e-14,1.41623751809847e-07,0,0,-6.71E-26,-4.24E-20,0,0,0,0,0,0,0,0,0,0,0,0,-4.51E-46,3.1198308565617597e-26,1.87456029869294e-20,-1.04E-16,3.5583438003326496e-30,1.91168642761314e-27,-1.14E-42,-1.92E-32,-3.58E-49,-4.33E-37,0,1.3419692954723602e-47,9.867194575159309e-43,-1.48E-33,7.436947071784611e-44,-5.38E-33,6.940546848010309e-43,-2.23E-36,1.51311510606084e-46,8.1052372316561e-31,-2.93E-44,-1.74E-28,0,-1.16E-39,0,5.809338463122239e-36,-2.84E-20,0.0001727883628005,2.05590125113514e-26,1.50829578950127e-05,1.8406218302774e-37,5.02967334504195e-05,0,1.32888853147983e-06,-2.86E-45,8.95278065054007e-17,9.47826800604885e-17,5.28584760312712e-17,1.77128176707406e-09,1.44014153641601e-05,6.04553321662546e-37,4.9455809825675897e-29,5.98018674369823e-48,-6.57E-35,0,5.64205842906834e-40,0,4.5111453313983e-28,0,-2.13E-21,0,-1.51E-39,0,-7.33E-25,0,5.430474250963911e-47,0,-1.12E-32,0,-6.69E-41,0,-3.27E-47,1.56409637415079e-44,-6.69E-41,5.28347394677033e-42,-1.81E-39,0,-4.72E-43,0,0,0,0,0,0,0,0,-2.42E-46,-1.01E-39,-1.04E-38,0,0,0,0,0,9.79338924786888e-41,-5.62E-37,-1.58E-36,6.99381627584325e-34,-3.12E-44,-3.35E-40,-9.39E-40,1.0773300525325799e-34,-7.19E-39,4.6775762823941896e-33,9.3203880790529e-40,-2.27E-36,0,-3.05E-44,7.59257573256594e-39,-5.63E-36,1.56421056438089e-39,-3.02E-36,1.21852040376071e-47,8.13379438831896e-37,9.37633531276164e-46,8.37057905938692e-39,2.8574057798752403e-44,2.44965794778507e-34,-3.99E-37,-3.12E-31,-2.71E-37,-5.61E-34,-6.51E-38,-9.76E-32,0,0,-1.62E-46,4.756305412591391e-44,-3.30E-33,-3.01E-34,0,0,0,0,0,-9.00E-45,0,-1.29E-44,-6.07E-46,-1.80E-43,0,0,1.81042080651046e-42,0
1.4321144690702502e-19,5.69143970452682e-11,3.15679681976556e-15,1.24495210159046e-09,6.15622389580867e-27,1.74221359466252e-13,-5.12E-43,-8.10E-20,2.3372843869816298e-43,2.42490148678844e-22,0,-9.32E-32,0,3.7323323822007e-30,8.18243680885775e-11,2.50849399086761e-09,8.82281316330459e-43,-3.10E-39,2.1065575745569702e-14,2.72211129232608e-11,1.18282063699406e-44,9.30720113906183e-37,-8.92E-47,3.77215018704947e-41,0,4.86569018402157e-43,0,-1.82E-35,0,-2.76E-38,0,3.43065375045642e-35,4.03872619830969e-46,6.65789504496357e-31,2.9993976962607e-25,4.956119548777481e-23,7.35177637730055e-35,4.18029900132047e-35,2.7871856526203102e-46,-1.11E-41,0,1.01043274867945e-46,0,-6.53E-43,-5.37E-44,-1.76E-42,-5.62E-40,-5.71E-34,5.8526785502826485e-49,-1.79E-45,1.46028430744244e-45,1.3819378690071e-31,-1.97E-47,1.3921339595729299e-34,0,-2.13E-48,0,6.052073391394911e-47,6.60213665833822e-23,1.40417575356476e-14,-1.22E-28,1.59002777463174e-18,1.1188256411526299e-40,1.28516793037043e-21,0,2.72916567180476e-21,0,-1.63E-26,-1.22E-19,-5.26E-20,7.01359967131071e-13,1.75085125251518e-13,2.8530925317347e-37,-7.04E-31,-1.63E-44,-9.47E-34,2.33450106791314e-45,3.56172165573896e-37,0,-9.59E-34,0,3.50412954901392e-32,0,1.9385477870145597e-34,0,2.2768165639347295e-36,0,3.60561979388146e-41,0,-3.26E-46,0,0,0,0,0,0,5.2937941985604196e-48,3.45848924121979e-48,0,0,0,0,0,0,0,0,0,0,0,2.6888950795706503e-47,-1.30E-46,0,0,0,0,0,3.58028442745182e-39,2.73350048396523e-37,1.26400866894402e-39,-3.48E-35,5.97896523912745e-41,4.93850121668833e-36,-2.03E-40,-3.24E-35,2.29346888971826e-43,-7.59E-38,3.254074274378129e-41,-2.71E-38,7.847271400218982e-44,-2.57E-41,-1.22E-39,2.5663945289932e-38,1.0562467071272799e-41,-6.10E-38,0,-3.73E-43,0,-1.45E-43,0,2.30987840744065e-42,-1.20E-43,-1.99E-37,-3.21E-41,-7.52E-37,2.7963041818075e-42,-2.90E-36,-2.56E-40,-8.12E-36,-3.41E-29,-3.82E-25,-1.33E-28,8.53427986593266e-26,-2.51E-43,9.96340691946774e-39,0,0,0,3.95996566029569e-45,0,1.68691143222203e-44,-2.75E-46,-6.54E-45,0,0,1.13618794404715e-46,0
3.0414891252712e-14,0.0008735991177593,1.3997345625807398e-11,0.0002431776696042,-8.02E-23,0.0006537225536511,-1.01E-37,3.34560751121309e-05,6.89706159168206e-42,4.83060832676685e-08,0,3.3783698204703e-26,-2.17E-40,4.94544659579332e-16,1.16221963543403e-07,6.93183741470496e-05,-9.09E-41,-6.51E-34,-3.10E-15,2.90370522195723e-08,0,3.42756986394679e-41,0,-2.18E-37,0,1.31235967266734e-40,0,9.44357499906969e-38,0,-2.21E-31,0,1.2365872550194302e-31,-1.04E-38,1.1873070892126301e-15,-1.89E-15,7.54425755521646e-09,-2.12E-19,2.59374095046081e-16,1.03949827349825e-37,-2.56E-25,2.8582440954269504e-44,5.54424922120302e-30,-7.96E-49,-3.00E-31,-1.24E-34,-3.93E-24,5.14342590766509e-31,-3.83E-14,1.19441780766679e-38,9.214600054110769e-30,-1.05E-32,2.80542338061823e-09,2.94155567574491e-34,8.65283577943286e-13,0,2.25761204894037e-32,3.3378698803752696e-48,9.7141146852998e-31,1.05403623302705e-13,0.0005485911701032,4.84283173854014e-18,0.0003048677406082,-1.22E-29,0.0001916600870913,4.75846124056919e-41,6.61088103989908e-06,2.09564456694011e-36,7.97551736832994e-06,2.8108298540689203e-09,2.27821773112157e-06,3.98442287088086e-07,8.68486589510754e-05,-1.54E-27,1.65224663797145e-16,-5.37E-38,-9.23E-21,-1.45E-38,7.0920530301013e-25,-2.26E-40,1.1153528888502702e-19,4.18950706052826e-44,-1.23E-20,0,4.59067665940574e-26,4.00512764236909e-48,-7.42E-23,0,-7.69E-32,0,-1.39E-32,0,1.00174149580555e-39,0,3.14134494616343e-42,-1.55E-40,-6.46E-36,-1.55E-39,-1.56E-33,7.238111902504219e-49,-3.72E-37,0,6.18411512595256e-44,0,2.9115800631151005e-45,0,-4.69E-46,0,2.74103674139612e-43,-4.07E-39,6.56805980926674e-35,-2.06E-33,6.75251169632122e-43,0,-5.77E-48,-1.71E-47,-1.60E-45,9.66803123034533e-26,-3.99E-22,7.51817999958312e-26,-4.39E-19,8.763288633763891e-31,-1.91E-22,2.24261776184502e-27,5.93637457592011e-20,-5.23E-30,-1.83E-19,5.29934031294967e-27,7.74125206850962e-23,-7.06E-35,1.2230102606130402e-31,3.2079462368059203e-25,6.487511490336151e-23,1.802721344712e-26,2.97220569470933e-23,6.495457049490878e-42,-1.22E-28,-4.49E-40,3.4618898438584703e-31,7.46994239533415e-39,5.09639306347004e-26,6.05067149913934e-27,-2.63E-20,1.6832031503940798e-26,-1.62E-20,-1.37E-29,-4.49E-19,2.15414006468082e-42,3.94022807978338e-39,-3.74E-34,-6.46E-28,3.09516070190345e-21,3.29301301320931e-19,5.66685182164923e-40,1.05125033973285e-35,-7.29E-40,5.58232369235126e-37,-6.16E-41,3.50596222686143e-33,6.88014136056199e-42,2.03453294890769e-32,-2.86E-35,-7.25E-33,1.95919041543413e-43,-1.43E-40,-2.16E-34,4.3057327108176586e-40
0.0003617689880148,0.024501510649069,0.0003503236539903,0.0065982546664412,0.000286123439037,0.0098505156178348,3.42381105072689e-05,1.93350585283399e-06,7.19919387126994e-07,1.05988970165522e-07,5.12300486471593e-24,-6.39E-23,1.06864663438075e-08,7.44659952621227e-20,0.0013310547201882,0.0012937030480658,-8.14E-17,1.99628754953955e-17,0.0002000111011823,0.0003823354855212,2.0463991368449104e-25,1.32254094602668e-21,-3.73E-21,3.66786043035452e-23,-7.12E-23,-2.68E-25,-3.71E-28,-2.34E-25,-1.99E-23,-6.01E-26,1.61564833096402e-35,-1.93E-28,2.81893163031336e-07,-8.33E-19,0.0010889722305963,0.0007946073497165,1.60041946686757e-05,2.95230702169514e-07,4.29513119285446e-18,1.93873972492368e-20,6.526555752293502e-22,1.03818535545307e-27,-6.16E-20,2.31364452937318e-27,-8.76E-22,-8.38E-21,2.61495882519344e-21,2.4305671667685704e-09,-2.36E-21,1.31500570574978e-22,1.19031247186378e-24,2.44811136672672e-06,2.14455291246605e-23,3.22359967391189e-14,-5.58E-49,1.69947037407585e-34,3.33242298312304e-28,-8.85E-31,9.44828441517173e-06,0.0138417666484657,3.88683136404592e-08,0.0051434754697723,2.83327453604301e-16,0.0007932609017545,-1.94E-22,7.76374692165341e-07,7.643701217994921e-25,4.7227046057455e-06,4.38568597931059e-05,0.0002987492349734,0.0008823481462088,0.0010987580088675,0.000366176453683,2.11955162417293e-07,3.11574729369349e-05,1.71098438306343e-18,2.96266301177622e-08,-2.08E-19,3.01188999815581e-19,-4.36E-23,-5.73E-25,5.04028754132e-24,1.27021188106864e-22,7.14243801753716e-29,1.71108744847677e-31,-1.69E-24,6.65739805161195e-30,6.01599236007206e-35,2.31972185944177e-33,6.968449871283561e-35,-5.55E-44,-5.60E-40,-1.75E-45,-9.50E-42,-1.28E-25,-5.19E-27,-1.62E-22,-1.50E-25,-3.81E-35,6.04285049361443e-33,1.45927449348152e-42,-7.97E-45,8.79066068882019e-42,-5.94E-40,1.07891013539047e-36,-2.96E-38,1.40948151856142e-35,2.05447871100822e-42,-1.03E-28,4.5688967275411504e-24,-2.97E-22,4.09665296157615e-31,-7.20E-39,2.70465841068924e-37,7.43598954772662e-36,3.25200526598139e-34,5.00372036113763e-08,1.19184754843774e-10,1.10030649205746e-05,1.69554117910807e-10,1.21469717919933e-06,2.21955353994392e-12,4.10693434473601e-06,6.869645280383149e-12,1.00294400334902e-06,4.3837933417302805e-14,2.3495464407188e-09,6.19361645878346e-14,-3.56E-18,-5.71E-20,6.8053359933986305e-09,7.460254498586e-13,1.80966606883361e-09,3.2372040833697104e-15,5.220387829267711e-20,-7.46E-25,-1.18E-19,-2.36E-23,-8.56E-18,-2.54E-22,7.5239528231696e-08,2.8787984597748e-13,2.52516047796237e-08,1.5857024360465798e-12,2.78466776714826e-07,5.67994483332359e-13,2.76874991200423e-17,5.6596968550298096e-18,6.094816999060321e-09,5.77134692358969e-06,0.0005995638347177,0.0005768060105184,1.22059893569649e-13,6.047564043081481e-17,3.14038764993276e-24,6.14144144075051e-26,-1.54E-21,-4.43E-26,4.33756435227812e-23,1.4740057470871302e-25,-1.44E-20,8.00407480283433e-24,-1.02E-28,-9.69E-31,2.23946596716531e-24,-2.29E-28
9.42543188843371e-07,0.0147906342287339,6.35823410699873e-05,0.0004984240302172,3.36669436499753e-06,0.0057102105124786,-5.76E-16,0.005738767261877,1.7810467125282e-19,0.0021824932787603,-1.61E-28,0.0003632076953743,6.84386243549252e-22,0.000258018733745,0.000785936334819,0.0011832597144136,8.46583329218445e-08,9.12902587113939e-07,1.40628544560886e-05,0.0001077830759239,1.18377984954565e-18,6.32552932311119e-14,-2.65E-19,3.66514980385879e-09,4.59911302772182e-24,1.4673165444590002e-11,-2.26E-29,5.8117630612713615e-09,-1.86E-26,6.54002482315684e-08,-9.26E-39,1.33104110353544e-06,-1.43E-17,0.0002442492979351,0.0003408327276412,0.0007790872860244,1.07771462155044e-05,4.24412770120341e-05,4.02537091109756e-13,1.94542955005779e-12,-7.66E-21,4.63175772908845e-17,2.8235606973116803e-19,2.13531072739075e-15,9.81423193663266e-20,5.0815384370544695e-18,-6.72E-25,3.4648961103401e-08,3.59366781285259e-18,4.95167050572749e-18,-1.19E-26,1.52238987769967e-06,-7.07E-26,7.20854149721275e-10,-1.50E-46,3.92205301060212e-31,-1.27E-24,7.76940263933965e-24,1.7340333461030201e-15,0.0113112717096675,1.0151152742358301e-19,0.0004018094347521,-9.60E-22,0.0027122543374668,8.57199445044362e-25,0.015459636302454,-9.86E-27,4.68762077624876e-05,1.21556380560197e-07,3.84414514342357e-05,0.0001959923937483,0.0003852996643599,4.60634192802732e-05,0.0005492445231284,9.571868817682279e-11,0.0003321244499417,4.25908983631099e-08,3.01521957984737e-05,-2.53E-19,8.11686680825626e-08,-4.59E-25,3.24760766359341e-08,-6.33E-26,8.89677997205121e-08,6.84882632482001e-33,4.47310665453843e-17,3.5030196739445e-34,-4.03E-18,8.365068167418798e-35,-8.41E-25,-3.25E-41,-4.28E-35,4.99058843858348e-42,-4.01E-37,-1.42E-21,4.1178488254505297e-22,-8.92E-19,-6.28E-21,-3.82E-32,-4.50E-31,5.54014007320673e-42,-7.77E-38,4.72450420824141e-39,1.94868083382973e-37,1.40457712773991e-33,1.94883816297466e-33,2.4186155718993893e-34,-6.73E-32,-2.70E-23,7.68944517809657e-19,1.47929365705203e-18,-5.91E-30,1.8205789568564494e-34,7.47312209778848e-34,4.88996169410978e-32,1.06649481950314e-29,0.0012654688742897,0.0004620781884341,0.0006641770787146,0.000279802565591,4.02104270108036e-05,0.0001128373831831,7.96234791683774e-05,9.02162350548305e-05,2.48535612254389e-06,1.77498352612254e-05,4.97800802762668e-05,1.1233371239528e-05,1.94397462793816e-07,2.21023260856684e-08,0.0002866306991378,4.95614361472608e-05,0.0001697310979608,1.35104904379386e-05,-3.74E-21,-1.18E-16,4.21402646878169e-17,-7.18E-17,5.34335631894358e-15,1.27357288815882e-14,1.03328746704854e-05,5.79360168181726e-06,4.16604082369244e-05,1.64252810463892e-05,2.20987047703469e-06,4.23523894443069e-05,8.24518373503353e-12,1.15400385648467e-10,6.394799808888842e-14,3.79679027457361e-09,0.0001443563084426,0.0001539480486983,3.90323237658866e-07,2.84539453100461e-05,1.2467069461149401e-17,-1.99E-17,3.36881018908286e-16,-8.27E-18,1.3716911107694502e-15,4.79952003101098e-16,3.52060410243374e-14,3.89443879093874e-15,-1.18E-23,2.88876302109632e-25,7.224260553842071e-17,5.50968974013531e-23
2.1367821361866e-06,0.0001838416678602,1.58422373992076e-05,0.000171369091388,3.5520135869527404e-15,4.34424011245337e-07,-5.84E-33,6.84451404976364e-22,-1.05E-36,-1.15E-28,0,-1.66E-46,9.84301247812803e-39,-7.05E-24,0.0003590067118082,0.0004337804728808,1.94949582279673e-38,6.8546456896384e-39,1.21373177687891e-12,3.30138920971569e-09,3.1670514666590096e-48,3.52043498543285e-45,-1.59E-45,1.8823270786111897e-43,0,-3.62E-46,0,-8.11E-49,0,-3.75E-47,0,0,4.7494354303341694e-36,-1.52E-23,2.26796657323311e-09,3.79043675630282e-08,7.963210983370159e-28,1.4457917762518599e-28,8.41049301224385e-38,-4.81E-31,6.03217329635341e-42,2.49856989441492e-35,3.59164022718011e-42,3.45565057611098e-37,-2.00E-42,-3.86E-36,2.70915471251694e-40,2.18620834414523e-32,6.982361727961269e-42,1.16203482688717e-35,8.591947473339238e-41,5.93563827941362e-29,-1.47E-39,-8.90E-31,0,-2.09E-43,-3.28E-47,7.48767599449689e-37,1.26251896496831e-12,2.28906718253299e-05,3.4009309274228e-22,2.66034925524006e-07,-7.64E-31,4.60159541489944e-07,2.3425815780652505e-39,2.4232733522597903e-09,1.9526626552892798e-40,-1.85E-21,1.16579451973434e-14,1.04573135237344e-16,2.47588890630284e-05,4.26462709272659e-05,4.30852775431996e-24,3.88141847580808e-20,-1.16E-33,-9.43E-26,-3.96E-34,-3.21E-29,-1.33E-39,4.73703214199756e-25,-7.14E-44,3.7803794512079004e-24,0,-1.54E-45,1.31495783656543e-47,7.315621114011179e-28,0,0,0,-4.99E-36,0,-4.12E-44,0,-4.76E-47,-1.88E-42,1.60216751822832e-38,-3.46E-42,7.6543620214583e-40,0,2.82131441182806e-43,0,0,0,0,0,0,0,1.5404368259948e-44,-8.79E-43,4.04992586502788e-40,-9.23E-40,0,0,0,0,0,1.66745862962469e-26,-1.66E-24,2.05503839445332e-26,2.51200605720481e-22,1.23974910552611e-29,-6.54E-26,-4.52E-27,2.23978122014658e-22,7.021115444945551e-31,1.21089180006213e-22,4.72433761379462e-29,1.60938977964459e-25,-2.46E-32,3.70905642693276e-30,-1.30E-27,7.33777118766023e-27,-2.91E-28,7.77715880663213e-26,5.1494220801118e-39,3.5448627076863195e-30,-6.73E-39,-4.15E-31,-4.95E-38,-3.18E-29,-1.56E-30,-2.72E-25,-1.25E-28,2.96359822863418e-24,-7.40E-31,2.90806086644936e-23,1.4857682766543e-41,1.1411858870512e-41,4.8991063879907e-33,-1.80E-32,1.06522528611089e-20,1.26274939675515e-20,5.28520753981337e-36,1.01254696097562e-36,-1.11E-37,-9.04E-35,2.95455023723932e-36,-9.34E-33,5.0564861507475794e-36,-1.71E-32,1.01278965564377e-33,-5.39E-32,1.35838369885487e-43,-2.51E-42,-2.35E-35,-1.48E-40
1.2591660451525801e-15,2.37107927670952e-16,1.69066259506647e-07,5.44767704825901e-07,3.38713213519312e-15,1.29405595304146e-18,1.8838733402889705e-35,-6.62E-30,1.06461994586073e-38,2.77429655733056e-35,0,0,-4.03E-42,1.68283919996992e-35,3.95602193175752e-05,6.93409004470463e-06,1.60487560340625e-41,6.62765929184423e-42,3.84605188170504e-10,1.56302300598617e-11,0,1.6370309162673098e-48,-1.03E-48,0,0,0,0,0,0,0,0,0,5.0873334039094e-40,-3.21E-34,3.00223992779555e-18,6.88547618258608e-19,-1.99E-36,7.63842024050489e-39,2.2926509608066697e-43,-1.47E-41,-1.94E-46,-7.61E-45,3.3702820451630404e-45,3.53149814597988e-48,0,-1.88E-49,0,2.42324260421339e-47,-5.81E-46,1.02567660308629e-43,0,-3.46E-46,0,-8.52E-48,0,0,0,3.47820309850282e-49,2.06739801683042e-24,1.34723286276801e-21,-2.94E-34,-9.26E-29,-6.12E-39,-5.52E-27,3.9121720522425e-44,-5.73E-28,-4.96E-47,-1.12E-40,-1.98E-31,-2.58E-33,2.96279862645656e-14,4.08113867712855e-19,-1.58E-28,9.2914894352072e-29,1.29573165465361e-36,4.69400865284955e-36,-1.18E-36,-1.36E-38,2.40634086290445e-45,7.66036574021949e-38,0,-2.37E-38,0,0,0,3.56114626236305e-44,0,0,0,0,0,0,0,0,-1.29E-48,-4.04E-46,9.964789079643139e-48,-2.24E-48,0,0,0,0,0,0,0,0,0,0,0,5.6774098965791714e-46,-7.90E-49,0,0,0,0,0,4.85517476790032e-31,-6.02E-31,7.3840208094489715e-31,8.668549216887039e-30,2.22445988494485e-32,-2.93E-32,-7.57E-32,9.16914808575299e-31,2.21493738179055e-34,-1.07E-31,-4.82E-34,4.2567974863144e-32,1.82500785624785e-36,3.1287986568985795e-36,6.97493386548151e-33,-3.90E-32,-1.09E-33,1.99677727286059e-33,1.08919070984023e-42,5.2582305166846e-40,1.2471102971223e-40,5.43853606651493e-39,-4.78E-41,-1.37E-39,1.1874566395528e-34,-1.04E-32,1.00196979984458e-33,-8.81E-32,7.497382307960441e-35,-4.20E-32,-6.95E-44,-1.08E-44,7.502624652296859e-34,1.20343928717949e-34,-1.67E-23,2.98079894904439e-25,3.3477782869740798e-40,5.07478242034286e-41,7.845396423400509e-42,-1.36E-41,-1.68E-41,4.14242406234054e-41,-3.64E-41,7.5641461307191e-43,1.06703942860306e-38,1.48536564504273e-38,0,0,6.84048579476593e-41,-8.84E-46
-4.53E-33,5.68507675010234e-23,7.68449096264695e-14,9.98378382968452e-10,-1.38E-21,3.08182610711146e-11,-3.60E-35,-6.69E-21,-3.48E-30,3.0176928916238002e-18,-3.89E-36,-4.39E-25,4.56663029403829e-45,-2.05E-30,-3.19E-20,1.3719370460367402e-20,-5.87E-34,8.018428544300179e-34,1.6322994572566298e-11,9.42335128991403e-10,-6.32E-30,6.745408172618619e-28,-1.87E-35,-5.97E-33,-5.48E-36,7.990817537389971e-35,1.93683503864875e-35,3.1980943383808e-30,1.20267759051293e-37,-3.37E-32,-6.45E-43,2.27773912745954e-28,4.37966262932113e-34,2.99882459067186e-29,-3.58E-26,8.40518373622939e-21,0,0,0,0,0,-1.13E-43,0,-1.32E-43,0,0,0,0,0,0,0,0,0,0,0,0,0,2.07996545290469e-46,1.80915458943178e-39,3.97337701222756e-29,-1.53E-48,-3.80E-38,0,-3.31E-37,0,-4.06E-35,0,0,-2.58E-44,-6.03E-45,3.0563704509892203e-31,-1.38E-32,7.2475725886263e-35,3.73122208562977e-31,-4.30E-39,6.4297221586388796e-34,1.19804442640426e-43,3.66935048871642e-39,0,-1.20E-34,0,3.4822121910775697e-36,1.08914151069604e-46,-1.30E-32,0,-1.94E-41,0,-2.65E-37,0,-7.74E-46,0,0,0,0,0,0,0,0,0,0,0,0,0,0,0,0,0,0,0,0,0,0,0,0,0,0,3.33945802861823e-45,-6.06E-44,-8.50E-46,4.05062837343892e-45,2.88476498440244e-45,-3.18E-43,4.38026018825561e-46,-1.27E-44,0,-5.32E-48,-3.34E-48,-1.07E-46,0,0,-7.01E-48,-2.97E-46,-4.73E-48,-1.02E-46,0,0,0,0,0,0,0,0,0,-5.11E-48,0,0,4.3981391174324905e-31,-4.95E-30,-1.00E-23,1.16893671698322e-20,-2.16E-25,-2.98E-23,1.35555246735907e-38,2.4750974206216297e-36,0,0,0,0,0,0,0,0,0,0,0,0
7.742374239819561e-10,1.7930141002303e-11,-2.68E-20,-1.23E-20,1.72896460302869e-30,1.08117167742034e-29,5.38679784663824e-44,1.8405937117313399e-34,5.540919194641429e-49,1.55110981051204e-39,0,7.81616706359666e-48,-7.40E-32,2.31418260192598e-20,-5.24E-19,5.15379393996549e-14,-8.39E-46,6.56884254168357e-40,-2.87E-36,-1.42E-37,0,0,0,3.8255095400279495e-43,0,1.05661514640917e-45,0,0,0,9.579598525835501e-45,0,0,-2.73E-32,-5.80E-22,4.16875494608626e-05,2.20888018278596e-05,1.03058250383619e-05,0.0001148210514059,8.079744820797091e-25,-3.23E-19,1.81745378044913e-31,4.70555256347599e-18,-7.96E-49,4.5940126257167496e-33,0.0001408835843306,0.0045228288825089,0.0018753999760291,0.0068543071330545,2.43475588358611e-07,0.0007397852805564,0.0002729360595387,0.0074547183517744,2.15919606128053e-11,0.0064579672676473,-2.34E-18,9.5328916957656e-05,-9.41E-23,0.0001373422044251,0.0001302968610532,0.000158853481126,0.0007071233388482,0.0043892029311968,4.03327434396495e-10,0.0002358929237337,1.1379924212816499e-26,3.38378557081617e-14,4.34737385915283e-18,0.0027637040145094,0.0029845030706495,0.0040647187256919,0.000190139890912,0.0002444522740836,-9.52E-30,6.18130474974726e-23,-3.65E-40,-4.68E-27,-2.50E-43,-3.70E-31,1.01002950656409e-33,1.80596742815209e-20,8.640631755130351e-31,2.46512099545942e-08,0,8.96609438157347e-41,-2.20E-27,0.0003645875955563,0,-8.82E-47,-5.20E-34,1.75563388533026e-07,1.85311131722261e-18,1.80496213701648e-09,2.72672514940651e-20,-5.88E-17,1.25968793646538e-28,4.80987169014812e-22,-1.82E-17,-1.79E-09,7.446305941875279e-18,-4.17E-09,1.0285843448329e-30,-5.09E-22,-3.30E-28,-1.01E-20,-2.53E-32,4.49632718692871e-27,6.588292311177151e-44,1.01463126143973e-30,-2.70E-26,-4.98E-22,-2.13E-09,6.82682036958197e-11,2.07896726086258e-14,-2.01E-23,-1.80E-24,-3.91E-26,4.30545207030758e-34,1.33967583952919e-29,2.19973461932533e-30,1.89513605393509e-25,5.54449650327913e-38,-1.42E-31,2.5116976846383898e-33,-4.74E-27,-1.40E-32,1.87973354367237e-23,-3.89E-33,6.69447392839213e-26,2.74502100793177e-38,-1.62E-34,-5.76E-30,-2.49E-26,-2.51E-32,-3.51E-26,1.00241903445573e-34,3.2066519297851e-23,1.6469303701991596e-34,-2.22E-24,-2.52E-32,7.24906421882057e-22,3.34422252664689e-28,6.10618184249185e-20,3.16062796146278e-31,3.28430522317462e-23,-6.06E-30,1.7314338797377698e-22,0,0,-4.81E-47,-9.68E-47,-2.63E-31,-9.19E-34,-6.66E-45,-6.73E-41,7.504673102164989e-36,4.23994014181909e-32,-1.07E-37,1.00957912578525e-29,1.80721485036806e-38,1.2774959074011196e-28,-3.54E-34,7.99367798396935e-30,7.18085347006697e-33,9.632634845772051e-31,-2.63E-30,1.13438294196203e-31
-9.39E-14,9.08203843717123e-14,1.41475487717755e-20,-1.41E-19,-1.19E-29,9.59270091115187e-33,-1.82E-44,-1.19E-43,-2.42E-48,0,0,0,4.3800219003778e-40,3.0884732647489096e-42,-3.75E-22,-6.18E-18,0,0,4.39192127120179e-38,3.49605396718998e-36,0,0,0,0,0,0,0,0,0,0,0,0,2.38756289329891e-39,4.21318196415328e-43,-3.61E-21,5.7772621391563e-24,-9.74E-29,-3.73E-29,2.49386208418464e-43,6.09985147456192e-44,0,0,0,0,3.98289805413525e-35,-2.28E-34,-4.69E-32,1.4792910000178e-26,1.17465115358414e-39,5.08743347548001e-39,-8.79E-29,3.77695340406808e-24,5.62262732131086e-28,-2.78E-27,-1.29E-44,-8.44E-44,-3.81E-44,8.03742476361412e-44,-8.34E-07,-4.12E-07,-1.32E-07,-2.55E-08,2.24994276747696e-19,1.9454379985738201e-19,-1.96E-31,-9.10E-28,-4.24E-25,1.9983928644454906e-21,-7.28E-07,-5.75E-08,-4.71E-07,-5.38E-07,1.44845797135924e-40,2.7152636303219498e-42,3.51775690805778e-49,0,0,0,1.13565898543764e-42,-1.53E-45,1.06958644160012e-39,-2.58E-36,0,0,-7.58E-36,-4.47E-35,0,0,8.75811540203011e-49,1.26631958146305e-45,0,0,0,0,0,0,6.53005084375365e-46,2.86851166477641e-47,-1.28E-47,-3.81E-48,0,0,0,0,0,0,0,0,0,0,-1.42E-42,-8.51E-45,0,0,0,0,0,0,1.14675191803824e-43,-1.50E-44,0,0,2.20295662469371e-45,5.0118939758355e-47,-3.59E-44,-1.56E-45,-3.34E-48,0,0,0,-4.62E-47,8.27538463183947e-48,0,0,0,0,0,0,-5.65E-48,0,-2.15E-43,-2.32E-44,1.50139121177659e-45,-1.55E-45,-3.37E-43,-9.80E-44,0,0,0,0,1.62220810054729e-41,2.589707354261831e-44,0,0,0,0,0,0,0,0,0,0,0,0,0,0
1.44785449279826e-09,0.0030379154010963,2.3276235391432e-08,0.0007805211091008,2.85348436197961e-24,2.82200126700246e-08,-1.99E-39,2.00014724327806e-26,1.74580511525165e-45,1.4249623439942e-31,0,-3.81E-48,2.53214861620423e-26,6.56890897557152e-13,0.000466074849909,0.0050118747700014,-4.90E-39,-1.41E-37,-7.18E-23,-2.82E-20,0,5.25159517938553e-45,2.5081926738208304e-47,8.600069625567162e-44,0,2.92501309884226e-46,0,0,0,-4.37E-48,0,0,1.12195436881832e-26,5.2474356191442e-15,0.0019786859102271,0.0042817067095063,0.0040946594085164,0.0067454181796972,3.52650353214358e-17,1.30136454069972e-12,1.0418113220781799e-28,-2.02E-21,-2.31E-44,3.88259231552603e-37,1.16370430897592e-05,0.0003191279838699,0.0002997419045082,0.0020654394537572,1.94476407763929e-09,8.27590636123286e-07,0.0001220108739234,0.0026336018231217,4.42664781671788e-10,0.0015537994923309,1.33869718777837e-29,-5.53E-18,-1.50E-27,-4.65E-16,7.90335375922512e-06,0.004763001349203,0.0003884048423397,0.0091968085372417,3.9335127328149e-11,0.0073607992468033,2.39446206805107e-24,0.0007447636023791,-7.42E-16,0.0080973957162136,0.0063087899659436,0.0101802638725986,0.0041582597921919,0.0107266592343937,-1.37E-24,7.41395939792898e-16,-2.43E-35,2.70043887873736e-26,1.02833335338204e-37,7.796649395409051e-31,-1.26E-28,4.97737821179315e-17,-1.88E-26,2.88376508996832e-05,0,9.15229758357664e-41,2.3869815445179e-22,0.0002337179455328,0,1.47567235080541e-48,1.79037905013092e-35,-4.34E-18,4.9250295190779e-28,1.58647330982966e-23,-2.12E-29,3.97529827109743e-28,-5.79E-25,1.41116623620591e-21,4.16002901743978e-14,2.18158650537582e-13,-8.00E-20,-1.56E-20,3.7343107321141605e-31,-3.85E-32,-1.03E-27,5.380858650599429e-26,1.27880288191955e-29,4.6241818729064196e-28,-2.30E-42,-9.52E-39,4.20693323148356e-27,8.496366156860349e-18,3.02442610183188e-07,-2.65E-18,5.389847227296791e-25,-1.90E-24,2.71673242843229e-25,4.4810457353801e-25,-5.22E-28,1.97879213786215e-25,1.00604857342656e-24,-1.73E-19,7.99012515505504e-32,-8.32E-27,1.57137658648569e-28,-8.86E-24,-5.31E-27,-4.83E-20,-1.19E-26,1.16427750749016e-22,-2.65E-32,1.4756044438725296e-28,2.3393263099188702e-24,1.41591749029018e-21,-5.98E-27,3.85639582685132e-22,3.58114987588382e-31,-9.38E-25,1.3082111507342998e-31,4.1289458166835103e-25,1.09994829445919e-28,7.33544055478379e-22,3.4956563378632903e-23,7.84298081186601e-18,-1.35E-24,1.01618981294586e-19,-3.17E-25,-6.73E-19,-1.55E-43,4.06207761884631e-42,1.9489893984243797e-40,5.29694547640151e-37,8.15943787217566e-24,-2.13E-25,4.24891730833989e-40,-1.38E-35,-1.81E-32,-2.57E-30,1.88620723086393e-33,-7.30E-30,7.89278632081128e-35,-4.38E-30,-5.20E-30,-1.42E-27,5.3402480394939205e-31,-2.52E-28,3.84126823094057e-25,2.91825819146146e-29
3.9945064428709615e-09,6.32849217925115e-07,4.8638053727884094e-11,2.73399772865535e-12,5.8917545019647185e-28,-2.19E-21,-2.21E-44,-2.88E-28,6.92614899330178e-49,-2.28E-33,0,-6.16E-42,1.79224096631513e-33,4.38376539586706e-13,1.82639525040579e-10,1.12267221495606e-08,3.61619688227293e-44,3.19819950522924e-42,1.77845795769042e-30,2.64119827960176e-33,0,0,0,1.77287767456289e-44,0,6.48749289039267e-48,0,0,0,2.7837911785368298e-43,0,-1.19E-46,3.73331302650992e-33,2.01319977484805e-16,3.64500400956792e-07,1.03869643843601e-06,7.3299321894859314e-09,5.92358840174572e-08,1.83561693286375e-27,3.36111873553767e-17,-1.07E-35,-1.79E-19,0,-3.06E-36,1.000838759803e-08,9.72040459628309e-07,2.82847232544345e-07,5.06428112872198e-06,8.01468734977876e-10,2.50966009457238e-08,2.07164604529423e-08,5.97651883876791e-06,8.508993503216012e-19,5.78438567926369e-07,-1.95E-27,5.08132868556204e-16,-1.48E-27,4.81825686690232e-15,2.03205899160586e-08,1.15042921692225e-05,6.21495469619058e-07,6.40982459622891e-05,1.23918140993355e-14,1.15953669596156e-05,-7.05E-30,5.36345843819979e-07,-9.95E-22,5.38730612393407e-06,6.42206532182155e-06,1.72423731243107e-05,1.16269197774244e-06,5.44390451839136e-06,-1.54E-30,-2.13E-21,-1.22E-40,-3.23E-26,-8.03E-44,-1.55E-30,8.70371296460259e-35,-1.59E-17,5.20122407815999e-36,9.1757591023523e-09,0,-7.97E-35,-1.44E-31,9.94016956090163e-08,0,-3.78E-39,-9.81E-41,-3.07E-16,-6.10E-25,3.14220129869528e-21,-2.99E-25,-1.85E-22,3.7361946584551e-32,-5.65E-24,3.5910822698059704e-24,-4.33E-17,6.876550505457802e-22,1.24296919606594e-18,-4.21E-38,-7.31E-31,-7.86E-36,5.59211822881915e-29,-8.59E-41,-8.94E-32,0,-1.90E-38,-1.33E-30,1.49534550477463e-23,3.516834340632029e-16,1.19093076513337e-15,-1.26E-21,-1.58E-28,5.30345899591044e-31,-8.54E-32,-4.73E-33,1.73443684368543e-29,-2.99E-30,-9.71E-25,-1.23E-37,8.17236276528263e-32,-5.31E-33,-1.49E-25,-4.46E-32,-4.51E-23,-3.34E-32,6.6874711131227595e-28,1.33940615897975e-38,-3.93E-34,-1.82E-29,-1.82E-27,-2.87E-32,1.53833502166372e-27,2.4662078042287e-37,1.07325357419055e-24,-1.05E-36,-2.21E-27,1.10309529131351e-34,1.58357860574843e-23,-2.10E-29,-3.61E-21,-6.55E-30,-3.33E-24,-9.43E-31,-1.99E-21,1.04340913203635e-48,2.12317949140124e-47,-4.13E-44,-9.66E-44,7.065128434379609e-30,1.2401289381099398e-30,1.59458473669776e-43,1.79190436206249e-41,7.28670662031344e-41,4.93661833946352e-37,-1.13E-41,1.25383465575245e-33,-7.19E-43,3.16354850368913e-34,-2.84E-37,2.42327591311594e-32,-1.53E-38,-6.69E-35,6.34877192546555e-33,-2.40E-37
-1.42E-21,2.49898648003491e-13,1.11910096698505e-14,0.0007735590566528,2.21774014167702e-25,0.000421549035147,2.54404088496289e-37,6.24976062688095e-17,1.60475867789551e-36,3.64251527748245e-11,4.45957656469595e-41,7.21412832512748e-17,6.25318802317822e-45,-1.71E-28,2.5017050171096e-07,0.0002849014909839,-5.87E-33,3.902562114788009e-28,1.98675422707946e-08,0.000156551324789,-7.24E-24,6.67945967509537e-20,-8.67E-29,-4.23E-26,1.5854048329289902e-31,1.72930121561671e-24,3.9960523660849496e-30,1.22053894384196e-12,6.117332919263209e-42,2.08950186007125e-21,-6.40E-47,-1.53E-19,1.45738178779762e-38,6.52174467057148e-19,-7.91E-19,6.4275307403345e-10,2.9048036075553903e-31,-1.19E-31,-2.91E-45,-4.08E-33,-9.67E-48,-8.77E-32,-1.26E-46,-1.08E-31,-1.96E-43,-4.54E-42,6.0879589132989e-43,2.0260040359160599e-41,2.3368909354342902e-46,-1.37E-39,-2.21E-44,-1.63E-41,-2.37E-46,-2.25E-47,0,0,0,-2.00E-34,1.87743371664176e-23,-7.34E-22,3.79219919226864e-28,7.4588481686851e-30,1.66541137624077e-38,-8.61E-34,0,-1.25E-34,-1.64E-46,-4.32E-40,-1.67E-22,-4.96E-25,7.728039195205e-10,2.0578387718186294e-11,2.35791683335684e-32,2.37613136357475e-18,1.95207730640848e-39,7.98519456354981e-22,-1.19E-38,2.09709250537754e-24,0,-5.53E-37,0,-2.95E-37,0,3.2123820408773797e-28,0,-3.41E-38,0,-4.89E-30,0,-3.21E-37,0,0,0,0,-2.06E-47,1.17190404408645e-41,3.32247865891414e-45,1.49886386990343e-42,0,0,0,0,0,0,0,0,0,0,2.43967070767342e-45,1.395168935927e-41,-3.44E-41,0,0,0,0,0,-3.63E-35,-4.07E-29,1.6763358052052702e-35,2.90553731812738e-27,-1.41E-36,-3.07E-26,-1.86E-36,-4.89E-27,-5.03E-40,4.4263474182744e-28,4.790249117859961e-38,6.55065503623409e-32,-3.97E-40,2.3949326614215105e-35,-2.79E-37,9.765970197819112e-32,9.39890836722812e-38,-2.48E-31,0,-2.30E-36,0,4.78769858543844e-36,1.35609528805627e-46,-3.08E-35,1.74307288085489e-38,2.56880007135413e-29,3.03607910449756e-37,1.10933718095922e-28,2.9702489972150597e-40,3.94453372429637e-28,2.32725828803646e-29,-1.28E-23,-3.64E-20,3.84999551798168e-11,-2.80E-19,6.77109499428511e-11,-8.27E-35,-1.27E-27,-4.16E-45,-8.49E-41,-7.47E-45,2.5393106493964897e-36,7.459523872208161e-44,-4.15E-34,4.38838962397791e-43,3.06621000343687e-37,0,2.6439593666506e-46,-1.88E-41,4.3116875825379004e-47
4.06590542223337e-38,0,-3.20E-48,0,2.33187008707258e-49,0,3.60355674788223e-40,0,-7.12E-46,0,1.63671531520872e-43,0,6.047189546147981e-31,0,2.42306499711499e-47,0,5.20944979063876e-39,0,0,0,0,0,7.47441416798607e-45,0,-1.17E-43,0,0,0,-2.62E-41,0,0,0,1.14849576101054e-28,0,-1.78E-36,7.1046631598580395e-40,-2.77E-28,-2.13E-31,-3.51E-23,1.82911905930843e-38,-8.57E-21,3.2699484897783197e-34,7.63889332921432e-32,0,1.05719158760744e-10,5.713920721238369e-28,-9.75E-25,-3.44E-33,1.17083423305259e-06,9.46841900615064e-23,7.762849720773412e-19,-2.36E-34,5.80517208462774e-12,-6.08E-37,1.67162341157944e-08,1.53154175448599e-27,4.30020946219202e-09,-8.51E-29,2.04028085128676e-32,0,3.66231992713613e-35,0,2.78060534909429e-33,0,-4.61E-31,0,3.31538067387476e-27,0,1.59524029919496e-25,-1.28E-31,-4.15E-45,-6.50E-48,-1.71E-36,0,4.64293984069506e-28,0,-6.12E-32,0,4.7805346304365e-29,0,6.86678828123103e-28,0,2.93205594313467e-34,0,1.0315653545471801e-19,7.123061268355169e-43,-1.79E-30,0,4.5040743503289686e-12,-2.48E-37,0.0005685739570833,1.39317321125463e-14,0.0011079573550113,1.01541881121851e-08,-4.99E-17,7.043600683139031e-24,4.0643294362646304e-14,-2.03E-21,3.68212104080259e-07,3.11526597380667e-16,0.0009208209607096,7.15673158457812e-09,0.0013206814134218,3.48233071132532e-10,0.0004636889732274,8.08406421490055e-09,2.33888398554942e-07,3.48068871018421e-23,-4.73E-19,-1.40E-19,-2.91E-17,3.15439341458943e-13,9.12046089535591e-07,2.95446940436355e-05,2.33131497821753e-06,1.14345795753939e-11,5.34946298411824e-40,-1.59E-47,-1.36E-34,-5.01E-43,3.03018886401421e-37,6.75537963681708e-45,-4.00E-31,-1.24E-43,8.842542781560049e-28,-1.81E-41,7.971092648652589e-30,3.05136480903093e-38,5.45290396318292e-38,9.46664693805434e-42,2.71903535161711e-32,9.98917699341697e-37,1.04203552667291e-34,1.38149174748543e-41,-2.91E-25,1.52480664935734e-39,-5.91E-26,1.84813082523846e-39,-1.04E-25,5.02353826133177e-37,-3.27E-27,-3.21E-37,9.23679018484281e-29,-2.52E-38,-2.36E-29,4.5756879015291094e-42,0,0,0,0,0,0,8.22638908035126e-44,0,-6.77E-28,-2.56E-30,6.941311135792479e-28,-8.31E-35,4.30182224781773e-28,1.8415976714122e-38,-3.92E-29,-1.20E-32,-4.08E-18,-1.25E-22,7.88318218921362e-28,-1.61E-24
1.26074843669568e-08,0.0025067305936133,7.61054836392932e-12,0.0001892685394253,-5.57E-29,0.0001057493272353,-5.74E-48,1.20197479566289e-10,0,9.54612745106198e-20,0,2.32836078976981e-35,-4.57E-36,-2.94E-12,4.33741625407055e-08,0.0001876981260479,-2.23E-47,2.0401997221065504e-44,5.94412128103627e-31,-3.38E-24,0,0,0,2.327660200808e-47,0,0,0,0,0,2.0303746570219798e-40,0,3.72986985055481e-42,1.1725883331178e-35,-1.58E-12,0.0001308956700196,0.0001946299399022,-1.01E-06,-8.19E-07,-1.35E-27,-6.14E-20,2.2188405923519505e-35,4.27868224588367e-25,0,1.20797735121305e-36,-3.51E-14,2.8326002868595e-16,-1.63E-09,4.0357968558337e-07,1.3725868010831e-21,-5.75E-20,-1.25E-09,6.12676302489379e-06,-3.42E-11,9.39795134058339e-12,-3.16E-37,5.55368951560214e-33,-2.80E-33,1.09411732671694e-26,0.0001803000882628,0.0037415226323288,0.0002399847439045,0.0051673094447585,8.286688334233371e-09,0.0020900178397145,1.17001604177609e-30,0.0002529552825683,-1.11E-16,5.57721333418919e-05,0.0021772777298092,0.0035262522817688,0.0014675753488515,0.0044402095534419,-1.45E-31,-1.39E-17,3.67448529046093e-43,5.74578761203075e-24,1.0044631739584301e-44,8.80861270802597e-31,1.38884486683882e-37,3.89572572779754e-16,-8.87E-37,5.0830767093122803e-17,0,1.92001010457754e-24,-3.23E-29,1.0363263417058e-21,0,-1.08E-32,-5.64E-42,-3.92E-31,-1.03E-31,-5.95E-35,3.3923151819014092e-34,8.657455071328198e-35,-2.74E-32,7.408449467609238e-28,4.186951220402061e-23,-3.55E-23,-1.09E-25,-6.34E-28,2.96376312563004e-36,4.56506720428492e-39,-8.59E-35,4.4351148467846995e-34,5.59695426264257e-39,1.21008518494189e-35,0,3.14406093613379e-38,-1.25E-34,-1.55E-26,-4.07E-21,-1.28E-24,7.70409953061341e-31,9.46865206784992e-32,6.42563599082851e-33,2.67914364724606e-33,-2.67E-33,4.451011528170681e-31,-1.47E-29,-2.53E-24,1.58951728488563e-37,-2.27E-32,-3.79E-33,-5.93E-26,-3.53E-32,2.73453242309711e-24,-5.74E-32,4.73455148030003e-29,1.90272684543725e-40,1.12120201747608e-37,-1.36E-30,-1.29E-30,-3.87E-32,1.68540160461981e-29,2.60534694357297e-38,2.16264676509093e-25,1.79804916217646e-37,-5.20E-29,1.18166279380659e-34,-4.28E-23,-6.63E-29,3.1728472203591096e-22,-8.87E-30,-2.04E-25,-9.24E-30,3.41401349137694e-22,0,0,-1.52E-45,1.9654566037233e-41,1.00851738475709e-28,-1.27E-30,-2.71E-46,-3.02E-44,-4.45E-41,1.50590202079113e-38,-7.05E-41,1.45713086346711e-35,-6.19E-42,3.1289789462774403e-35,7.0325812799694e-38,9.614993004742928e-36,3.28538658050064e-40,1.58727964204821e-37,-2.15E-34,1.54957091982186e-38
7.85166063877411e-07,1.84015855678782e-08,-4.19E-18,7.43345163154324e-19,-7.41E-23,-1.65E-26,2.02193248448692e-34,1.3739661239444702e-31,-9.27E-39,1.01354857282963e-37,0,8.991518175421511e-44,-1.67E-21,-5.18E-18,1.26731953700637e-14,1.60364904926182e-10,-2.39E-32,-4.34E-33,-4.83E-32,-3.25E-35,-1.58E-41,3.78876498738376e-40,-1.31E-38,-1.01E-39,-2.04E-42,1.9548381256929199e-41,0,-3.51E-45,5.26941976098652e-44,-3.81E-43,0,0,-6.76E-23,-5.06E-20,0.0009874355953814,0.0001560300987619,0.0022288401844768,0.0004764716679101,-2.45E-09,-4.06E-12,-5.38E-16,-1.04E-16,1.7129385801938102e-35,-1.48E-35,0.002544463214762,0.0015584913597122,0.0081046811726664,0.0064587631021497,0.0001468684361795,2.56730275662235e-05,0.0049381686396715,0.005684640869012,0.0001754257070312,0.0029991292438738,5.19292821513225e-12,6.48963283088603e-17,1.03349357042868e-13,-1.95E-15,0.0006945391781467,0.0005445577803379,0.0049617236362878,0.0057937853650499,6.75949374293159e-05,0.0013349803167283,2.7053778434425203e-19,4.30535308984811e-08,5.74562097481081e-08,0.0032359715066252,0.0078379328499846,0.0056185156696618,0.0008564553437304,0.0009837787160633,-1.16E-19,1.67897437745682e-21,-3.57E-28,-4.61E-25,-9.83E-30,-3.91E-28,-1.42E-22,-3.22E-18,1.7455848744181007e-21,-1.10E-06,-2.43E-43,6.11376495700001e-39,2.26096020051748e-17,3.5319001603245e-05,0,4.884475481165911e-46,1.34047748385033e-25,2.11344958673062e-18,2.03780512522225e-18,1.74717103521014e-21,1.48748795667707e-21,-2.21E-23,-1.19E-14,-9.68E-17,-3.24E-07,-2.56E-09,1.66432562316992e-12,-1.26E-16,1.14176997736227e-25,-1.56E-27,1.2608768956966501e-23,8.95385473437386e-25,1.56155149492072e-24,-9.67E-25,-9.76E-36,-2.39E-35,3.6028352645494104e-21,-1.02E-09,-1.05E-05,1.21965752455877e-10,4.519316360254582e-19,1.89579978873946e-21,2.95465264342503e-22,2.12040110754462e-21,-3.04E-23,1.17547969451648e-24,-5.69E-19,5.97782961859052e-21,-1.87E-25,1.50752839417337e-26,2.1213687095516906e-21,1.19485409424588e-23,5.2891920473120806e-20,-1.76E-20,-4.66E-20,-2.89E-20,-3.92E-24,-2.82E-25,-2.71E-19,-1.05E-19,8.06584111271491e-20,-7.28E-22,5.57121679026042e-22,9.32515198351114e-21,-6.48E-22,1.70446000642585e-20,-1.08E-18,6.58292079169015e-18,-4.17E-14,1.52113445189825e-16,2.80856311165847e-18,-2.29E-19,-2.63E-18,1.88584317326683e-19,-1.44E-37,-6.64E-39,5.02401509702084e-42,-1.84E-43,-2.13E-25,2.0130766934028294e-28,-2.30E-31,2.54633484567519e-32,7.2085086607113e-25,7.70417616479749e-27,1.4687456578376998e-23,-4.21E-26,7.10975110834268e-25,-1.88E-27,2.29881127981717e-20,-6.09E-23,-5.79E-24,-7.41E-25,1.06554847881768e-18,7.850462132957141e-24
-1.23E-19,0.0006424649077356,3.35961557596932e-05,0.0054340064260761,-4.48E-05,0.0063565086212086,-5.05E-18,-0.001106791,-2.23E-10,0.0074707290346611,2.37362945363512e-17,0.0017664129045946,1.20108717728182e-22,-0.008776867,0.0005687530972359,0.0030924465918748,3.42309520992128e-11,4.6514460271905414e-09,0.00470757360156,0.006511732719194,5.79641035540545e-05,0.0003448439609245,1.2880350260199e-12,1.09129341553604e-10,1.91952232073792e-12,2.89229239469292e-09,3.70196086845886e-12,7.48522068691313e-05,1.12953983157685e-19,1.13976543769875e-08,2.4053759616654105e-17,7.49048890413061e-05,-4.51E-11,-0.002920565,-0.002386223,-0.001929691,-1.18E-16,-1.28E-19,-1.82E-23,1.6387389517047798e-18,-1.00E-23,-1.27E-19,-3.65E-23,5.80724047244581e-16,3.6871784679022293e-28,-6.50E-30,1.34864152971966e-35,9.13608802600296e-33,-4.85E-24,2.8614357194555e-22,7.48515235770198e-38,1.39730596770537e-34,5.61586581764564e-39,-1.65E-36,0,4.576270269269061e-44,-1.03E-30,-1.25E-22,1.8603458411745e-25,-3.52E-06,-3.34E-31,1.43115701004067e-28,-6.94E-31,5.37745548453426e-26,-5.45E-34,-7.46E-15,1.26496929323608e-39,-1.27E-28,-8.41E-23,7.52121761479456e-23,3.58724876340911e-14,4.7451391639247096e-18,-6.43E-05,-0.011828874,-1.05E-11,-0.002563312,2.2715986011697107e-15,-8.70E-07,6.87201425258578e-30,-0.000201477,7.758414632952181e-35,-9.73E-05,-2.92E-26,-0.001243294,-1.85E-38,-3.80E-13,-1.96E-29,-2.84E-11,1.94536127166163e-36,-4.26E-20,-3.36E-49,-1.08E-32,-3.70E-49,3.40096749357145e-32,-2.44E-25,3.95689836491041e-24,-6.59E-25,1.1954414517283e-25,1.8327268480847698e-42,3.85873690996188e-28,7.75504919359247e-47,2.06045055091877e-32,4.33710878812336e-43,-7.18E-35,-9.28E-36,2.6801356344320398e-34,-5.65E-38,8.301194737827971e-31,1.35671438484778e-25,3.0156866017207104e-23,1.02463172117738e-27,2.26916945183326e-38,-2.66E-43,6.01120979384866e-40,-5.02E-36,-3.83E-33,-7.91E-10,-1.17E-06,-1.92E-09,-1.18E-05,-7.79E-12,-3.18E-06,-7.05E-10,-2.37E-05,-2.68E-15,-3.27E-07,2.5899505317408903e-15,-1.25E-09,1.34877432390333e-16,-1.98E-15,-4.37E-12,-1.10E-09,7.22314617590728e-14,-1.63E-10,6.754952916576249e-28,2.7156440703948802e-17,-3.03E-23,-4.19E-17,-2.37E-22,-4.58E-17,-1.72E-14,-4.41E-09,-2.70E-13,-8.76E-08,-6.34E-17,-2.31E-08,2.91313787551014e-06,7.41035449557587e-05,0.00282680047717,0.0060621480407475,-0.003031833,0.0053774609452523,-5.08E-14,1.12660881844164e-10,1.65044172654345e-22,-5.12E-22,1.68093268727901e-21,1.6131528187226502e-19,9.28629052651351e-21,-2.71E-18,7.648457203413921e-20,9.69751451729595e-19,-4.69E-28,1.66732485838187e-27,-1.74E-20,1.24485313248414e-25
1.88300034915834e-07,0.0025591257409673,5.54802104199088e-09,0.0002964242041897,5.50752425494402e-28,8.97936983820155e-05,-2.59E-45,3.86738934473205e-15,0,6.04178343975032e-23,0,-3.20E-36,-2.57E-41,2.71549070721148e-07,1.1025354279921e-06,0.000294635291988,0,1.16007625824525e-46,-7.19E-28,1.07359998564346e-22,0,0,0,0,0,0,0,2.70312203766361e-49,0,-2.05E-42,0,-2.24E-43,6.430070310076329e-42,1.0967991840892298e-11,-4.35E-07,1.18444996691335e-05,-1.01E-12,-2.06E-09,5.49339949614045e-36,2.17293082893191e-22,-7.18E-46,5.15157806620983e-27,0,-9.13E-39,-1.10E-16,-7.20E-11,-1.34E-12,-3.05E-05,1.24837627872569e-23,-1.60E-20,1.94317812930057e-20,-4.75E-05,-1.79E-22,9.56513361501095e-07,-1.33E-41,-5.44E-26,-9.78E-42,-1.02E-24,7.53910352443084e-07,0.0040973913603608,-3.16E-09,0.0037544168880429,-8.54E-20,0.0051846432955193,4.58089871319631e-38,0.002830089516799,1.5573045682650198e-26,0.0012817817366482,3.6339311808058e-06,0.0002028387338809,0.0008505479274275,0.0033790962585551,1.19419609487121e-34,7.88687688478817e-21,1.5829906086260002e-46,-3.16E-25,-8.97E-48,-2.17E-32,2.5864007090778698e-42,2.00609596199489e-14,1.21338730031877e-43,1.34829053893102e-06,0,-2.36E-25,-7.64E-38,1.0519911515764102e-09,0,-3.05E-36,0,-4.18E-23,-2.37E-37,6.247650555753271e-31,1.60180811032834e-37,1.97879320077985e-34,7.71256128167057e-42,-1.93E-36,1.8795978041495999e-34,-2.22E-29,3.38403287234146e-36,1.94080863393079e-29,5.98845497574708e-48,3.5420098419968694e-42,2.35313434490157e-46,4.70691384257235e-41,0,3.22891903561125e-45,0,-2.05E-45,6.972216964438058e-41,-1.30E-34,-5.78E-27,2.7323762502983095e-30,-1.06E-33,3.41186727891198e-40,-1.36E-42,1.49344634994761e-43,6.66100689242473e-37,1.53981422785277e-33,-5.28E-34,1.04877490916328e-27,1.0479596352600299e-40,-1.61E-35,3.07312290684146e-36,-1.66E-28,-2.10E-37,2.65019704048968e-27,-5.10E-36,2.55823034435017e-32,-1.65E-44,-1.30E-38,6.605056779559951e-35,-1.99E-31,-2.61E-36,1.58817845809932e-32,2.35580611393737e-46,1.29311396898817e-29,-1.26E-44,3.69082672125889e-31,-2.43E-42,-8.96E-28,3.17014298926204e-34,6.21431598729688e-25,-1.41E-34,1.69986956085082e-27,2.2895486977338e-35,9.17137538647404e-26,0,0,7.62193500840789e-45,-2.34E-41,4.38079361287862e-29,-9.24E-31,0,2.44669295992338e-45,0,6.107354551599549e-42,0,-2.56E-38,0,-7.33E-38,-2.36E-43,-2.80E-37,0,-6.98E-45,3.93392623006459e-39,1.05636345772179e-45
-7.16E-21,-9.91E-07,-1.71E-19,-2.85E-09,1.31074905459947e-36,-9.83E-22,0,3.86580104202871e-35,0,1.10038829168997e-41,0,0,0,-4.83E-37,-1.73E-12,-7.77E-08,0,0,1.94991112391158e-25,2.2209291233379497e-22,0,0,0,0,0,0,0,0,0,0,0,0,0,2.12311146275119e-37,9.5612651619322e-23,7.28498985590635e-21,-1.08E-30,-2.67E-28,0,2.42301696680811e-41,0,-1.73E-47,0,0,-2.75E-36,-2.42E-32,-2.31E-26,1.41287922689995e-20,8.051491170335709e-42,-9.34E-39,-3.76E-29,-1.42E-19,9.11919562175916e-39,-1.69E-23,0,1.1992797080039599e-40,0,1.53162534314448e-43,4.51805336202653e-19,-1.59E-05,3.59505932205342e-21,-1.26E-05,1.39377408518569e-33,-3.11E-15,0,3.01783486018768e-24,1.68523524708815e-39,-2.65E-16,-1.92E-11,-3.70E-06,-2.82E-10,-1.56E-05,0,-2.19E-38,0,-8.02E-43,0,5.880448912791641e-47,0,2.2746647344868e-39,0,9.14099993976915e-35,0,0,0,2.18837288251206e-33,0,0,0,4.004603332069101e-45,0,0,0,0,0,0,0,-1.01E-44,0,1.95166917036883e-47,0,0,0,0,0,0,0,0,0,-1.04E-46,-3.06E-41,1.30970415769442e-45,0,0,0,0,-7.28E-47,1.2198541989640298e-42,-5.44E-47,6.71197388409926e-39,0,5.96706517272651e-44,0,-2.15E-41,0,2.82876567206713e-41,0,-1.92E-42,0,0,-5.63E-46,-6.25E-42,0,-1.47E-42,0,-1.88E-47,0,0,0,1.76673512266835e-44,-3.62E-47,1.26559302180102e-39,-1.00E-46,3.78868354921813e-40,0,7.00365978595375e-39,0,0,1.33107011216088e-42,1.13720633358566e-41,2.04542979291138e-37,6.76884403468641e-37,0,0,0,0,0,0,0,0,0,0,0,0,0,0
3.76515653322833e-05,0.0010919732470032,1.12948429992132e-06,3.01158708074462e-06,1.15054897418252e-20,1.15602500974936e-16,-9.91E-34,-4.44E-24,-1.30E-37,-1.63E-28,3.60008036058879e-46,1.84012429979834e-36,3.9559078413548e-21,2.71812316464222e-08,5.84111731182644e-05,0.0004950656134434,1.7294036480711102e-31,-1.06E-30,3.10700608881988e-25,-1.43E-26,-2.11E-37,-1.41E-36,-4.75E-34,4.1030364126904e-33,2.5393354990238895e-36,3.3456098877157503e-35,5.6265454704690014e-46,1.87112361123715e-38,1.31393741469484e-37,7.10790473844238e-35,0,-1.44E-39,4.23059628135228e-22,1.28213595691019e-10,0.0020368073306607,0.002111202456392,0.0022963251587045,0.0059935487840279,-2.81E-09,1.15611497861775e-06,-1.11E-14,1.01514517670557e-06,4.070290904100381e-31,3.14201796845911e-25,0.0012546006706077,0.0078532335166901,0.0037678121766628,0.0077696066747566,0.0001928429369782,0.0022848561677504,0.0002034551278132,0.0081663977337045,-9.21E-09,0.0051499394905502,-8.23E-17,7.13356549159485e-08,-4.36E-15,9.19726669135755e-05,0.0001475582060496,0.0035859806398019,0.0002664037720315,0.0079960818351255,7.02186757741032e-10,0.0065966263405747,-1.78E-25,0.0015857820176186,-6.66E-16,0.0066535582715902,0.0051392599532071,0.0077501928970807,0.0066013695840907,0.0074693415748845,-1.61E-16,6.15148513016074e-14,3.33436027990771e-27,4.68917423999401e-19,2.7146217721798998e-27,-7.13E-22,2.72976190435042e-22,3.06763433013902e-10,1.81433305327943e-23,0.0003155233133548,1.4355311018044e-37,4.51171618029643e-30,2.44495718168816e-22,0.0018662097930824,-1.26E-40,-7.04E-33,-1.64E-25,2.62888749496349e-06,-9.14E-17,-1.33E-16,-3.68E-18,-1.11E-18,-4.17E-08,-8.81E-09,-9.74E-06,3.29245738430747e-07,-2.75E-07,1.96403115437919e-08,-6.16E-22,5.436777947785879e-22,2.40631475566156e-18,1.45357796818166e-19,-3.27E-17,2.4557490097611905e-17,-1.54E-29,2.62531315142268e-25,-2.02E-10,-2.32E-06,-5.89E-05,-2.47E-06,-7.98E-16,-8.91E-15,-3.76E-15,-6.40E-12,-2.80E-20,-1.30E-21,-5.19E-16,1.39729934345276e-16,9.31232620548032e-23,-1.32E-22,-6.24E-19,3.1501944685221904e-19,-3.93E-18,-2.16E-14,-1.24E-17,2.98861642582733e-18,-2.31E-22,-2.05E-23,-2.41E-16,-2.35E-19,-8.24E-18,2.2088252935152097e-18,1.64727296837438e-22,-1.48E-14,-3.56E-22,-4.22E-16,-1.97E-17,-7.62E-13,-3.59E-12,1.62593108771466e-11,-4.97E-16,-6.16E-16,-2.63E-16,-4.21E-13,-2.14E-35,7.56482077906282e-38,1.2273807661501602e-35,7.895388112856559e-36,3.38460583019142e-21,-1.30E-22,1.03317100877182e-30,-2.74E-30,1.93295076637419e-18,1.4835866377777402e-19,2.5167963617928103e-20,-5.71E-20,1.08590590044457e-21,2.18271940663e-21,3.90362286436372e-18,-1.45E-18,-8.50E-17,-5.04E-16,2.0704432871402404e-15,-2.51E-16
-7.90E-09,3.8452098852979e-05,-6.02E-11,1.64606518944083e-12,4.58863179503378e-26,7.652783238987549e-28,-2.49E-38,1.00292369012761e-39,9.046146476480767e-41,2.86888336228285e-46,0,0,7.577982958678369e-26,6.04302339012841e-33,-1.15E-08,-1.90E-07,0,0,-2.96E-32,-2.07E-33,0,0,0,0,0,0,0,0,0,0,0,0,1.73462447207357e-25,9.080168611462789e-34,-5.48E-06,6.3155200837944715e-09,-2.41E-09,2.98440397890778e-09,1.88553173021835e-26,1.62277463471582e-30,-2.01E-30,4.08831471007995e-36,-3.60E-46,0,2.97561715682712e-12,4.03642656062062e-13,7.12484740586414e-06,0.0010619289771981,-1.77E-21,1.63809630960509e-20,2.83843290559383e-06,0.0018305086228461,-1.12E-06,0.0004131401811959,3.23411128849342e-33,1.26091411052126e-22,-5.83E-29,4.67368383667766e-23,-2.13E-05,0.0013206760055855,0.0006840943978281,0.0057518390477595,-1.49E-05,0.0001237339408187,-3.62E-20,3.87780901280643e-18,-3.00E-07,0.0006751208548053,0.003566113777394,0.0043601096103704,-0.000123942,0.0022768765181975,-6.62E-26,3.20418553640579e-32,-2.03E-33,-4.02E-41,-2.29E-37,-2.32E-45,8.20305919919958e-28,-7.81E-36,2.92075793953095e-27,-3.97E-24,0,0,2.1121076543098e-23,4.0525803113179e-15,0,0,3.7936769494636e-35,-2.45E-29,1.21041503454362e-33,-2.94E-29,1.96148262551507e-34,3.20525902154705e-34,-4.97E-38,-1.07E-36,6.51489529372763e-28,5.4814095757013e-28,7.05752992591495e-29,7.74761374748614e-28,4.40108134905831e-40,1.10376882725819e-38,9.55899689751428e-41,-1.45E-36,2.29201633709885e-42,8.69121379317786e-43,-3.89E-47,0,-1.44E-40,-4.45E-33,3.73014105318339e-24,3.39862998300077e-25,4.5284987778838094e-30,-1.79E-37,1.45340869125285e-39,3.14191697272819e-41,-4.37E-38,-1.99E-38,7.30328062203505e-30,-3.66E-33,-7.13E-39,1.21621720523434e-41,2.2269868739822e-33,-1.16E-36,-1.29E-29,-1.10E-34,3.07459651931312e-35,-3.94E-36,-4.57E-44,-2.47E-44,2.43011069650582e-35,-1.97E-35,1.2867544204565099e-34,-4.88E-36,7.02843534129887e-33,-8.68E-38,-1.84E-34,-1.47E-38,2.02879732623817e-30,-6.55E-36,-6.30E-28,-2.59E-32,-4.16E-31,-1.36E-33,-5.25E-28,-2.29E-32,0,0,0,0,-7.67E-35,-5.76E-38,0,0,1.18419588534492e-46,1.20727252311061e-45,-5.33E-44,8.09639112721005e-46,-2.56E-42,-2.66E-45,3.44488993187638e-42,-2.88E-43,-6.42E-46,7.0593715089571e-45,1.12888358111953e-40,2.39298660830853e-45
-2.56E-27,-3.04E-09,-1.06E-31,5.925463715175392e-19,7.337558572783181e-39,-5.72E-26,-5.06E-49,1.845672330731e-29,0,-2.00E-35,0,5.21698818654227e-39,9.96823561195482e-30,-1.21E-14,6.58733558226785e-21,-2.81E-12,-1.77E-32,-6.72E-32,1.57874567949762e-37,-1.33E-36,1.7345848307540798e-42,2.58099185854415e-38,5.52374887198596e-38,-4.07E-35,5.64036644875382e-43,2.48134895235528e-35,0,-1.46E-41,-8.16E-43,-7.57E-36,0,-2.11E-41,-4.88E-32,6.32002986974764e-17,-5.58E-08,-1.16E-05,-1.19E-06,-8.62E-05,3.34335859451351e-18,-6.52E-09,-7.84E-21,-1.15E-07,-6.01E-36,-1.73E-27,0.0017839481023884,0.0102933270561714,0.0006441847610311,0.0107631757168197,9.24985698258254e-05,0.0075988445325108,5.40640657492285e-06,0.0101995947672732,-6.79E-08,0.0101460587911155,-1.14E-07,0.0105457955965357,-1.48E-14,0.0044602826497848,-2.02E-18,0.0003907262560078,-5.03E-08,0.0103570333637903,-1.03E-21,0.0039487845427297,8.41391731849837e-32,2.60383076502585e-06,-1.18E-22,0.0078374874134209,-8.63E-06,0.003567623172545,-1.14E-09,-2.86E-05,-9.54E-29,1.14352676977455e-20,4.905212369022859e-34,-1.99E-21,1.1120335249001e-35,1.62534998124169e-25,1.05781621396682e-31,-3.18E-15,-7.87E-32,7.15972338142584e-05,-1.06E-41,2.94945961380375e-33,-3.17E-26,0.0023629416253624,-1.33E-40,-6.67E-32,4.46197701752073e-29,0.0014024791367632,1.57030822614567e-05,0.005334720434873,0.0001926894512372,0.0006216231267689,-3.72E-09,-7.12E-06,-1.58E-07,-7.10E-05,1.93874970128846e-06,0.0067730206806842,-1.71E-09,5.13705762577964e-08,-1.18E-07,5.45572431219881e-06,-2.21E-08,-1.06E-05,6.05008919561212e-21,-1.21E-11,-5.95E-06,-1.21E-05,-0.000105616,0.0016503175236703,0.0032713716311152,-3.49E-05,-4.09E-05,-5.02E-05,-2.03E-29,3.26727642967786e-24,-2.71E-25,2.91174295014298e-19,-3.19E-30,3.25542389097228e-24,-2.76E-28,7.92712115687858e-21,-2.49E-26,-5.43E-18,-1.51E-24,-1.42E-18,4.23634359783013e-28,7.79658894037568e-23,-1.34E-22,-6.04E-18,-9.97E-27,9.300211865023152e-20,-8.79E-26,-1.29E-15,-2.91E-25,-2.50E-16,-1.17E-23,-7.90E-14,5.0495434795437604e-21,-7.34E-12,-1.73E-24,4.3883676309441e-17,-1.01E-25,2.8337198959208304e-17,2.51920261700298e-37,4.11588790504307e-38,6.59303105224595e-47,-6.79E-44,-6.02E-30,6.11097787785733e-30,-4.69E-33,-6.14E-30,-4.09E-20,-9.89E-18,-1.61E-23,-4.10E-18,-8.23E-25,1.42516923647243e-19,-3.73E-21,-1.25E-17,-1.52E-14,-1.26E-09,-3.35E-16,-1.84E-16
-1.25E-14,0.0003770010074971,-7.28E-12,3.8500696377477e-07,-6.03E-34,6.896266376946171e-21,0,-3.07E-29,0,1.61086812206968e-34,0,0,1.85090536026709e-45,9.3499353437883e-23,-6.41E-08,2.73545018136186e-06,0,0,4.2104375282285795e-28,2.74428022324046e-26,0,0,0,0,0,0,0,0,0,0,0,0,3.77385212905733e-44,5.09793305329574e-24,1.28714128022567e-08,4.66253059786833e-08,1.46253623778347e-15,-1.43E-15,2.29446655400771e-38,1.6519633195991e-28,1.79102564458693e-48,-4.57E-33,0,-6.31E-46,3.23345386004786e-22,-1.77E-20,5.3310349795933e-14,9.21085575502236e-09,-4.89E-27,-8.49E-26,1.20755176411504e-10,2.87213903337268e-06,-3.05E-22,1.70557207146491e-11,8.13340028574558e-38,1.70139646582945e-31,7.28630945845932e-41,-9.61E-29,1.94098821739779e-08,0.0021332313980174,2.6559997260469e-07,0.0047490426295838,3.66654726479038e-20,0.0016147603274453,2.54748567605007e-39,2.20278029407753e-06,-1.79E-24,0.0001267530227484,0.000435989143239,0.0018245574105493,0.0001164938614779,0.001764580849532,-1.80E-39,-2.84E-26,0,-1.16E-32,0,5.18648659713958e-38,-1.56E-47,-2.09E-26,-2.52E-48,1.13951712348024e-20,0,-2.47E-45,5.08422211045794e-39,-1.92E-19,0,0,0,-2.76E-30,-4.24E-37,-4.04E-37,2.17383686503979e-38,-1.85E-40,1.15926536927342e-43,-2.21E-38,9.05300341498553e-35,1.87353432323765e-32,-1.88E-35,-6.27E-35,-5.99E-49,-3.40E-46,-6.18E-47,-8.54E-44,0,1.06959431609465e-46,0,0,-7.09E-44,-1.87E-35,-3.93E-29,6.38179966886491e-32,3.5339265011337295e-36,2.3871796922364e-42,5.52767950259165e-45,-4.15E-44,-2.79E-41,2.14843163288578e-35,3.82357942528876e-39,1.0325100356177e-30,-1.84E-45,2.92949273431923e-37,5.4563868629389497e-42,-1.01E-31,-1.23E-41,-1.36E-30,-9.00E-42,4.64961487527389e-35,0,2.2140515736332098e-43,-4.91E-40,-1.08E-34,-9.03E-42,2.44095849658929e-34,0,2.67245190597973e-35,0,1.25740177597269e-36,-3.79E-46,-1.85E-32,1.66790166592216e-39,7.3178999503441e-29,3.26701337973808e-39,4.33936406177962e-35,-4.14E-40,4.5842314482532e-30,0,0,-2.79E-49,1.17342527654977e-45,-5.95E-35,1.9518217746729304e-35,0,0,0,-8.62E-47,0,-7.13E-44,0,3.8537282261589e-44,-2.72E-47,2.00210950589934e-42,0,-4.49E-46,4.49297001063865e-42,0
-1.22E-10,0.0008795608519666,-7.52E-09,8.30711561661799e-06,-1.20E-27,-3.03E-17,-4.87E-42,-3.57E-24,-1.91E-46,4.0708316038234e-29,0,-1.44E-36,5.83652578963326e-32,1.2386070312362e-07,-2.95E-05,-0.002766687,3.885813801991121e-44,-5.59E-34,-3.30E-26,-1.86E-24,0,-4.09E-49,0,9.87597277031882e-39,0,1.01602910882197e-42,0,3.5641223612856494e-42,0,-2.44E-35,0,1.06322664548765e-39,3.7823807697481e-31,2.3598315119341303e-09,-1.61E-06,-0.002097308,-4.17E-12,-2.06E-05,3.49748611900169e-26,-7.54E-06,3.6982475882340495e-30,-2.85E-07,-2.55E-47,2.07183060788389e-26,-2.90E-14,-0.002309144,-1.04E-06,-0.010813834,-5.83E-19,-1.19E-05,-1.58E-07,-0.007946573,-2.82E-22,0.0022437839692725,3.5025176900465e-32,-1.26E-12,1.82475850920518e-33,-1.74E-06,-1.53E-06,0.002916420163726,-1.57E-06,0.0063993689167058,-5.50E-20,0.0073156588048344,5.46484307748186e-33,0.0017860500742461,-3.19E-25,0.0077897597148465,-0.001508378,-0.011849919,-0.002585274,-0.016763608,-1.09E-27,-3.91E-10,1.36932271844691e-38,8.208619392868329e-18,-2.79E-41,-4.08E-22,1.22979975701953e-32,-2.89E-08,2.29168015559288e-35,0.0002545727047733,0,1.87694002446136e-30,7.21972381242233e-33,0.0004698706308447,0,1.44243749181065e-32,2.87583203784559e-41,-9.56E-10,-1.61E-34,-4.58E-21,-3.31E-33,-5.73E-28,3.57316625184113e-28,6.2653113008275e-22,-2.23E-23,-1.89E-17,1.34880856273079e-27,1.6930142814643502e-17,-4.72E-41,-4.62E-26,1.4253316853306998e-37,-2.55E-26,-2.10E-37,1.14701023898103e-31,0,-1.53E-29,1.72917056323218e-29,-7.23E-21,-1.13E-17,3.1915962790594304e-23,-3.59E-28,9.899520888511e-31,-9.37E-32,-1.77E-30,-1.53E-30,-1.04E-26,-1.16E-27,-3.09E-20,-2.06E-35,5.99639146860227e-28,-3.41E-31,1.7372881499052602e-21,-3.04E-30,-1.48E-16,3.8458247403136295e-30,3.77954383791165e-24,9.68142235620116e-37,5.887868175125e-32,-4.78E-29,1.2961660918084e-24,4.57342709596142e-30,3.53082019764918e-24,-6.34E-34,-6.55E-16,-1.97E-33,3.85246643528552e-22,-1.20E-31,-1.15E-13,2.2491899064937495e-26,-4.45E-12,3.9168996582891998e-28,1.74253095190036e-19,8.23263236138922e-28,-2.21E-13,-1.05E-46,5.25486924121806e-46,-1.47E-42,-4.88E-39,-7.42E-27,2.21442433404096e-26,2.06056876817958e-41,-6.06E-38,-7.76E-36,8.09040844411486e-33,2.12993419049812e-36,-8.45E-29,4.77990327556777e-38,-2.59E-28,-1.60E-32,-8.37E-30,2.1537377711552401e-35,9.92225825599589e-33,-4.48E-29,-1.01E-33
-1.50E-41,-4.19E-25,-3.55E-40,1.94400659415766e-28,0,-1.53E-34,0,3.78370618226376e-46,0,0,0,0,0,1.565011395356e-45,2.649464474424e-36,4.7682489536085e-31,0,0,0,-9.65E-43,0,0,0,0,0,0,0,0,0,0,0,0,0,-2.87E-48,9.02377186011534e-36,-1.20E-34,-5.55E-39,4.3031634483154006e-36,0,-3.78E-47,0,-9.59E-48,0,0,9.17051561401601e-29,1.49093999349184e-28,7.64121353906631e-26,-9.31E-25,-2.36E-35,5.63897717594299e-32,-2.45E-25,3.17034188301892e-23,-1.52E-37,2.3675059206149802e-23,-8.14E-44,3.72221281856887e-30,0,2.31102516648704e-32,9.07047295162353e-32,1.5971136832005902e-23,-4.96E-26,1.69551415504006e-22,4.14130112910299e-37,-3.64E-24,0,-2.55E-31,-7.75E-43,-1.46E-24,7.20011595007957e-25,6.64395205452574e-24,3.81838637904976e-27,3.92795504617052e-26,0,1.02674272005042e-48,0,0,0,0,0,7.0346308450041e-48,0,1.2868047888083e-34,0,0,0,-8.68E-29,0,0,0,-2.88E-37,1.6823118328909202e-47,3.40337993084543e-41,-8.21E-47,3.45136766901164e-45,0,0,-1.25E-48,-1.80E-42,-7.56E-47,-5.29E-41,0,0,0,0,0,0,0,0,0,0,-6.55E-42,-1.05E-40,1.33798722185158e-43,0,0,0,0,0,0,0,0,0,0,0,0,0,0,0,0,0,0,0,0,0,0,0,0,0,0,0,0,0,0,0,0,0,0,0,0,0,0,0,0,0,0,0,0,0,0,0,0,0,0,0,0,0
-1.67E-40,-1.07E-23,-2.80E-39,-5.06E-31,0,3.194220218396e-31,0,2.38578826284037e-44,0,0,0,0,0,-1.64E-41,-1.67E-36,-4.19E-32,0,0,0,0,0,0,0,0,0,0,0,0,0,0,0,0,0,1.68630832147563e-45,1.24877695543938e-34,-2.72E-35,-1.44E-43,-2.78E-42,0,0,0,0,0,0,-2.07E-44,-4.53E-41,-4.49E-34,-5.15E-27,0,-1.24E-47,-5.22E-32,9.924722497034688e-26,5.79940137800585e-47,-1.25E-28,0,1.6943632480607e-44,0,-1.13E-47,-5.17E-34,3.92577028503209e-20,-9.02E-30,3.9411585230849895e-18,-4.25E-46,8.223555220934921e-25,0,-8.02E-27,-1.97E-47,1.5483034411397e-23,-3.38E-25,-1.36E-22,9.76396260802786e-30,8.26907115447097e-28,0,0,0,0,0,0,0,3.03896052504177e-46,0,-1.99E-35,0,0,0,2.36657927455474e-36,0,0,0,4.75602353403468e-46,0,0,0,0,0,0,0,0,0,0,0,0,0,0,0,0,0,0,0,0,0,0,0,0,0,0,0,0,0,0,0,0,0,0,0,0,0,0,0,0,0,0,0,0,0,0,0,0,0,0,0,0,0,0,0,0,0,0,0,0,0,0,0,0,0,0,0,0,0,0,0,0,0,0,0,0
1.6108945466496298e-11,1.8013500478280598e-11,5.00718199681013e-10,-1.66E-17,-4.10E-25,5.726639280405131e-20,-3.58E-44,-5.54E-34,7.82654836243102e-48,-2.34E-39,0,0,-4.11E-43,-2.77E-31,1.15469309537653e-08,1.64755046207947e-12,0,0,1.17023045947585e-26,-1.88E-29,0,0,0,0,0,0,0,0,0,0,0,0,-8.23E-41,-1.55E-34,1.12959001487032e-15,1.0416421058382499e-16,1.10927247669691e-24,-1.24E-26,-3.11E-38,1.6174960791732e-38,-3.47E-46,-5.75E-44,0,0,5.11228612133702e-33,-9.00E-33,-1.88E-24,2.85810093771642e-22,-2.46E-37,3.4748038232559e-37,-2.08E-23,2.6222202602472706e-21,-6.00E-30,-2.39E-25,1.26950790737185e-46,-2.12E-40,9.55844556652918e-48,-1.87E-41,5.16548882964739e-10,2.1393028881106e-08,2.80360830889379e-09,6.69896303565279e-09,9.48361821860089e-23,8.83394811372914e-14,3.81400973089348e-40,7.08088520921427e-16,4.27887922199492e-30,1.47059511340952e-18,1.9229024758153e-08,1.94831046174488e-08,7.47824582550655e-08,6.85312724572116e-09,6.9782313345051194e-34,-5.15E-36,8.425027794798391e-47,3.25947645143126e-42,-8.19E-47,1.4951354150608502e-46,-9.31E-44,1.63950426702265e-34,7.54815276896218e-46,-1.59E-28,0,9.38650036361074e-47,2.7001649031058602e-45,7.651868442650641e-31,0,0,0,4.8684354845994795e-40,-1.35E-48,-1.19E-48,0,0,-1.07E-42,1.9094392427822498e-42,-4.79E-39,1.25610970380336e-39,1.2283199980468e-43,9.43036784776365e-45,0,0,0,0,0,0,0,0,1.51417523990436e-43,-2.09E-39,-4.12E-35,1.49531227705706e-41,-9.03E-48,0,0,0,1.95804074363906e-35,-9.94E-35,2.3642292282454e-33,5.96380322478027e-33,3.726436652366209e-40,3.56847833767651e-38,1.0286538519053e-36,-5.84E-35,1.11044958330913e-35,4.8320247347298e-35,-1.63E-36,-1.69E-34,2.78683232092598e-43,-8.87E-42,-1.31E-34,-9.84E-34,5.81023476401967e-36,-9.65E-35,-5.31E-44,5.04046681934402e-43,-4.44E-43,4.8729908255059696e-42,8.615702795196059e-42,-8.25E-41,8.68428536895162e-34,5.85612709997567e-33,3.1855986897070893e-34,6.57837817365865e-33,2.6899376300383293e-34,9.22045628048122e-33,0,0,-8.30E-44,-1.18E-44,-3.03E-29,-3.01E-31,0,1.76190083527848e-47,1.203932483434e-45,-4.96E-46,2.2889735871441203e-46,-6.11E-45,6.594345714469728e-48,-2.90E-46,-1.06E-41,-2.84E-43,3.79518334087971e-46,-2.12E-46,-1.51E-40,6.7693495045845e-45
6.70561626611585e-15,8.042329579419261e-15,-2.25E-15,5.91338970162252e-20,5.764362104313959e-30,7.764854504911098e-29,6.41249297258466e-48,1.22743167266957e-35,0,3.7120760691767e-40,0,0,3.11388056107333e-43,1.23472518489726e-24,-2.31E-16,1.0911513061701401e-19,0,0,-4.75E-35,-1.20E-35,0,0,0,0,0,0,0,0,0,0,0,0,1.2597230103404e-42,-3.76E-27,-5.68E-20,-3.54E-17,-1.10E-18,5.24931313634061e-17,-2.78E-36,1.22067583550959e-26,1.0061767148212e-43,-4.88E-30,0,1.0541521965749901e-44,2.27680896204492e-16,-3.29E-15,1.91999915596146e-08,1.64181324453545e-06,-5.22E-22,1.7617045756712502e-20,1.00715908675424e-10,7.27316480787723e-07,1.33358364058052e-22,1.06450693976308e-07,-8.22E-33,-5.24E-24,1.14015947537659e-36,2.1737827741968102e-24,6.43674244938434e-16,5.7698732463704e-09,6.73780695259808e-13,1.83862604731316e-07,3.96043691275957e-24,2.35834712741351e-09,-1.29E-38,-3.54E-14,2.91230535244994e-27,1.29589123736406e-07,4.59106950692584e-10,4.46800432043072e-08,8.49902590585689e-15,1.02159061187806e-13,-1.55E-37,-1.35E-28,-1.03E-45,-3.85E-34,-1.73E-47,-5.26E-39,1.53255342048324e-44,-1.47E-27,9.62142297782203e-44,8.08438919094883e-13,0,2.55359938762331e-45,1.3914978532717696e-34,8.89136964447746e-11,0,0,-1.09E-49,1.78587017264086e-24,3.24517286381913e-33,4.08555343162887e-31,1.06222767721468e-33,-1.44E-33,-1.01E-39,-4.17E-34,7.073699944403581e-31,1.39030674047264e-26,1.5457412456147e-32,-1.11E-29,2.11531692222058e-43,-8.17E-40,-7.12E-42,-4.05E-38,-2.22E-46,-1.25E-40,0,4.40659894441766e-48,-1.85E-38,-1.35E-32,-8.91E-23,-6.58E-28,3.0979265886205804e-31,-2.18E-36,-3.48E-38,-3.77E-39,4.06517323274345e-39,1.95298731379645e-38,2.6586878244065702e-37,-1.23E-32,-2.52E-44,-1.03E-38,-9.46E-39,-2.24E-34,8.04049900983051e-39,1.94392116027014e-31,2.38131737465112e-39,8.40006886705534e-35,6.48100539750228e-44,6.6471818791404e-40,9.98209156939596e-38,-1.86E-34,2.33644608015074e-39,-2.97E-34,-8.82E-45,2.52355680773513e-31,1.20573489923007e-43,4.46092594411276e-33,6.63141331613882e-42,6.2897729003569695e-30,3.6080603736417e-37,7.592289684606598e-29,2.04762483863286e-37,1.1010041095587302e-31,2.01020249777591e-37,1.39041824028874e-29,0,0,0,0,1.1801884939573e-38,1.21903874387977e-39,0,-4.65E-46,-5.72E-46,-8.74E-43,0,-1.32E-40,0,-1.11E-40,5.00678505231628e-42,3.23771028574466e-39,-2.92E-46,-5.87E-42,6.05840366240484e-38,5.98311327390872e-43
1.17560077552764e-12,0.000148429274377,-2.27E-14,4.13202540446459e-07,5.81995310414826e-32,2.6815528624021102e-20,1.51403937202268e-42,1.0591476896354699e-26,5.06994106309691e-47,-1.27E-32,0,1.90918518395026e-42,1.43677759580254e-31,9.83835363194308e-17,9.3171929153408e-11,5.03363491931815e-06,-2.06E-39,-5.85E-39,9.17155108638297e-33,5.06390551333503e-29,7.30858030767464e-48,7.24386180448285e-47,1.59537501220079e-46,1.0025525440901299e-41,0,-5.21E-44,0,7.75796024809457e-47,0,6.070981969839321e-44,0,4.65857202235644e-48,1.7918925455404302e-31,9.717624021750809e-18,5.66087284527503e-05,0.0001670961970418,2.998290023563e-05,0.0001180342853685,3.44925520375032e-20,2.48840154237992e-15,-1.63E-29,6.96764473882317e-18,-5.08E-45,1.7052467766242898e-33,0.0001453056358556,0.0007287120369286,0.0004640778039515,0.0009627361757263,6.78121920436237e-07,8.40293535071148e-06,0.0001422175809947,0.00116044277136,3.2539967436291e-08,0.0008400271885799,-3.66E-21,2.94215277166421e-13,-1.67E-22,3.6882826709351902e-09,1.25597367500347e-06,0.000576734335157,7.78335221299683e-05,0.001482660544293,5.99826800368925e-10,0.0014858422313457,-6.39E-28,2.3984505187973e-05,-2.89E-18,0.0015231478667981,0.0009087272985961,0.0014273433909057,0.0003460539508586,0.0011222466299557,-1.29E-28,5.90919779891825e-20,-2.13E-36,-3.54E-24,-4.31E-38,1.23277254325299e-27,5.21115153782183e-33,9.04908613780226e-18,-1.22E-31,3.28005610356231e-06,0,-4.77E-38,8.86177515805196e-22,0.0001484549883989,0,-2.64E-43,3.68523353764307e-33,7.04907187332304e-13,-8.19E-23,1.7957377717311302e-21,1.24496328444257e-24,-3.03E-24,1.56463999182874e-23,-2.00E-21,6.79683159676201e-14,-7.30E-13,5.23021469093057e-18,6.06396034840767e-17,-4.41E-30,2.88882325164054e-29,-1.20E-27,-1.27E-24,1.07435127386508e-31,2.6508854191961693e-28,4.60002981822794e-43,-3.95E-35,-1.86E-27,1.459284251587e-19,8.399145338148651e-09,1.41377786896551e-14,-7.51E-21,3.58731796507031e-24,-3.26E-26,-1.69E-26,-9.74E-30,-9.67E-28,-3.60E-27,2.37425995448373e-23,1.17831466358915e-33,-1.32E-29,-3.22E-30,6.145253072765391e-25,2.65667619240946e-29,-2.66E-22,-1.17E-28,1.13812492419941e-24,-5.98E-33,3.2393938395906102e-31,-1.68E-26,5.9656929045457e-25,-2.46E-28,2.4655923520472703e-25,3.64891402220086e-31,-5.84E-22,2.19425368447631e-30,9.68345118148028e-23,1.2599864447469e-28,-2.35E-20,-1.01E-24,-3.30E-20,-1.19E-26,2.2814235070595e-22,5.44862648370342e-28,8.66966160090275e-21,-8.75E-45,8.55243238880061e-45,7.35838138575159e-44,-1.73E-41,-5.47E-28,7.67538107156904e-30,-6.08E-39,-1.53E-37,-1.49E-32,-6.60E-31,-1.37E-33,1.2251570324138696e-28,-4.17E-35,5.3597703212585e-29,6.856155510579e-29,-1.75E-27,-8.22E-32,-1.01E-29,2.2762513973402496e-26,5.1985535779332e-30
-3.68E-18,1.0909297246804198e-11,2.1857512675556802e-23,-1.39E-19,-5.23E-37,4.9641916398890094e-30,0,-5.81E-37,0,2.80615880654536e-43,0,0,9.80412513628067e-47,-2.04E-29,2.51050402254057e-22,1.32405436111785e-18,0,0,2.05609030985476e-39,-7.72E-37,0,0,0,0,0,0,0,0,0,0,0,0,-6.47E-46,-9.03E-31,5.17061580832066e-16,4.10583918845775e-19,-6.93E-19,2.89814009241051e-18,1.37653486241916e-37,-3.00E-33,6.644705141417521e-47,-1.15E-37,0,0,7.93589587843372e-20,9.268531082960841e-19,6.1990482146999e-08,0.0001817755451554,-9.71E-27,2.0292671364371e-26,3.30061171009026e-06,0.0004047467848729,4.9387951136142e-21,9.42442365683664e-06,-1.38E-32,9.183890296206799e-27,-3.24E-40,1.58458160508092e-27,4.106318017856e-09,0.0002512062338627,7.48272472416567e-06,0.0036311617048554,1.42795541061549e-19,5.85724466539877e-05,-2.99E-43,5.898981867067652e-19,1.87760706928882e-25,0.0002689570985084,5.9925821409236e-05,0.0004652696452435,5.37578044341827e-08,1.7220889165435e-05,-3.08E-40,2.47507692642487e-33,0,-3.17E-40,0,-9.11E-43,2.3354974405413603e-47,3.91383808598712e-31,1.09857893544629e-47,-1.17E-22,0,-4.60E-47,-9.77E-39,1.56640319125386e-17,0,0,0,4.12664826311126e-31,-3.10E-36,3.4440548874555304e-35,4.92988708006386e-38,-9.32E-39,-2.05E-43,-4.63E-40,-9.01E-36,-8.06E-34,5.71912251610269e-37,-1.06E-35,0,-5.90E-48,4.49276932123219e-47,6.62285043811228e-45,0,0,0,0,3.69008595605535e-44,-6.05E-36,7.11846483227171e-29,2.6779853147009e-31,6.75807656458147e-36,-1.17E-43,-1.66E-46,2.0456455260456e-45,-2.19E-41,-4.25E-41,-8.65E-39,2.45003063826374e-37,-6.88E-45,2.36660252965347e-43,-2.32E-41,7.98144575391483e-39,-4.55E-41,1.36810081711928e-36,-1.26E-40,3.97533224252475e-40,0,-7.18E-45,-3.77E-39,7.87632911687675e-40,-3.42E-40,-1.87E-39,0,4.69557390171859e-38,-1.03E-47,2.05773943419797e-39,-3.33E-45,3.5756889374789e-36,-1.68E-38,1.82624547922948e-34,-6.05E-39,1.11606043154248e-37,-6.41E-40,9.45795502402751e-35,0,0,0,0,-9.61E-40,-3.02E-41,0,0,0,2.1558437912689502e-47,0,1.97219783867937e-45,0,4.06219105388542e-46,2.21368916885795e-45,5.36501245384606e-43,0,0,1.62262030123891e-41,-2.16E-47
1.7159536599597e-06,0.0001978741600884,2.52790161097447e-07,6.20923939168432e-05,5.70032991931125e-19,1.74888494397648e-06,-6.33E-31,2.6362800161543306e-21,-7.71E-36,7.64375601294737e-27,0,2.18071061074347e-44,1.3052228417694698e-29,-1.11E-25,8.94438139529002e-06,0.0001089432232516,-4.24E-40,-5.29E-40,1.27426459913196e-20,2.74295219822949e-18,-3.41E-48,-5.32E-46,8.182464624431881e-46,1.53178850588527e-45,0,-8.46E-48,0,8.109366112990839e-49,0,1.4706140300735e-46,0,0,1.8662352741596e-28,-3.46E-25,2.38659119229235e-05,3.77191845934849e-05,1.20975892347536e-07,6.1710451289876e-09,-5.10E-25,4.33836493575751e-24,-3.24E-33,1.1020636413312e-30,1.8179801360379698e-42,3.03008900100848e-38,6.08111393997315e-12,5.29036579733785e-18,2.85994083638041e-05,1.50845032645481e-05,-3.18E-21,2.9019495816502904e-23,3.27083187236087e-05,2.03972141436738e-06,4.6425620776591287e-11,2.25969168579543e-14,2.24599786764213e-28,-5.79E-30,9.475418699729988e-33,1.3176690431963298e-30,4.41087348040589e-05,0.0026482498813688,0.0002174223879237,0.0086769124805043,1.11119839067624e-08,3.60157860374842e-05,-5.84E-28,3.51806014325276e-11,5.09197322416169e-14,3.83677850877675e-06,0.0003325117774401,0.0003245319435889,0.0003185122406508,0.0005275162510733,-5.16E-21,8.45290605933698e-21,8.18350577602438e-33,-7.40E-27,-1.61E-33,3.8302191455402303e-31,-8.80E-32,2.7431678403827297e-26,-8.36E-32,8.08437036240451e-27,0,4.3887518481827686e-40,-4.47E-28,-1.94E-24,0,1.22923506822091e-46,9.39077489168256e-42,1.0942649579114399e-34,7.10012273748308e-31,1.9488142121052e-33,-8.03E-32,-1.79E-35,-3.58E-31,1.4638983425076698e-30,-1.63E-26,-1.25E-27,8.71843969256497e-28,-1.32E-30,-2.04E-40,-4.24E-41,-1.03E-37,-9.63E-38,8.3183322910904e-40,1.09959110709348e-39,0,-8.22E-45,3.1004335597000494e-34,2.3635999854094597e-28,-1.16E-22,1.18644299531907e-26,1.12870201984177e-30,3.05033127392757e-35,-1.02E-37,-1.03E-36,1.39018516392214e-26,5.61568313636919e-27,2.63183840084583e-22,-3.21E-22,5.57887636075728e-29,-1.34E-28,-1.97E-24,-1.70E-24,1.1396270281444901e-23,-1.65E-23,-1.17E-26,-5.06E-26,-1.38E-33,-5.00E-33,2.65446118602058e-26,-4.29E-25,-3.12E-26,-2.60E-26,-9.53E-33,-1.41E-28,2.5252714886499403e-31,-5.86E-29,-8.31E-30,1.31238751843873e-26,7.239078757682361e-24,-9.07E-23,1.23147831153112e-26,-3.79E-23,5.8056434984603e-24,1.82260755708402e-22,-7.80E-43,-4.92E-43,1.77129471660398e-33,1.81298804476743e-32,-2.00E-19,-7.92E-23,4.74173391169213e-39,-2.07E-38,-1.57E-36,-5.14E-36,7.30439267293147e-36,-1.79E-34,1.85281094967303e-38,-1.20E-34,8.103419718930729e-33,1.5769325191046e-32,-1.29E-36,-4.56E-36,-7.71E-32,-9.39E-36
9.1681575835929e-14,0.0002200090456827,1.22059412436869e-15,1.75782858351852e-06,-6.71E-25,6.35061795596136e-10,-7.28E-42,-1.03E-22,-5.01E-47,-5.86E-28,0,-2.09E-42,2.52806118188607e-39,9.44474517145621e-20,1.59729437419306e-11,1.07187413923287e-06,-4.82E-45,-6.04E-44,8.41213177516424e-30,-1.33E-26,0,0,0,-2.19E-47,0,0,0,0,0,-1.60E-45,0,0,1.28115677052436e-38,-3.01E-19,1.03056124045515e-11,2.30990350667417e-10,-1.48E-16,-4.28E-15,-2.18E-32,1.83368399446793e-26,-2.74E-43,2.4283270854810303e-31,0,-2.48E-40,1.9767892237047e-22,-1.60E-20,7.98275410922761e-12,7.36287522094483e-07,-1.89E-27,-3.36E-26,8.63972922464283e-10,7.99081565352374e-06,2.03406237214736e-21,4.07584165017134e-10,-1.04E-38,-9.91E-32,8.603230653512782e-44,2.84613781619899e-29,2.23747893693287e-07,0.0009930931415982,6.82424047382495e-07,0.0050961551724627,1.24406069533785e-17,0.0022580290164309,1.6127953068092e-36,1.34383761419275e-05,3.28887470249413e-26,0.0001786531663975,4.30123183872443e-05,0.0003477396096235,2.38348868441351e-05,0.0004484778688465,-3.98E-30,1.17136773180777e-22,-1.65E-42,-2.74E-26,7.72657082003673e-44,-3.61E-32,4.37183128268445e-40,1.20317499374579e-21,-1.90E-41,7.10407882065482e-20,0,-4.48E-35,1.33220639795486e-39,-1.42E-20,0,-9.08E-44,0,1.27420253253382e-30,-9.16E-40,7.98293282496892e-37,2.0406373937503e-40,-8.67E-42,2.74879690737509e-37,-1.48E-35,1.49099278995941e-32,2.15713770119465e-31,-1.04E-35,-2.48E-35,1.49711374393677e-48,2.78816407929797e-47,2.7337201758324e-46,-1.16E-43,0,-1.47E-46,0,0,2.81475630122353e-41,3.59120683288163e-32,-2.19E-28,-4.42E-33,1.35912348277766e-38,1.78244371746319e-42,1.25589361505249e-43,1.46949290432305e-42,1.64337209076613e-31,6.251290387684611e-31,-1.80E-29,-1.49E-26,6.71523567889606e-35,-1.05E-31,-6.60E-33,2.33850606294046e-27,-1.34E-32,-8.98E-25,-6.32E-32,-1.97E-29,1.72625274687173e-39,-4.88E-35,-6.14E-31,-6.48E-29,-4.71E-32,-9.30E-29,-5.89E-42,-1.29E-30,-1.70E-41,-1.05E-32,-2.95E-39,-7.19E-29,-3.92E-30,-2.27E-24,-4.54E-30,-7.27E-27,-2.67E-31,-1.32E-23,0,-1.33E-48,6.44440848784786e-45,-1.93E-42,1.0249628631951e-28,4.46005970265391e-29,4.0585795537672905e-44,-1.72E-41,-3.43E-44,1.96495675861483e-41,-5.09E-45,-5.47E-39,-4.68E-46,-8.19E-39,-2.93E-38,-1.89E-36,1.07140945084835e-44,1.97067511393302e-42,5.1521162608313e-36,-2.45E-43
-7.04E-26,3.43995859698702e-12,2.16913349397479e-29,2.9186161718028e-18,-5.81E-42,-1.04E-20,0,-4.67E-37,0,8.66209860714977e-43,0,0,0,7.35886966253506e-36,1.09896743167765e-26,-2.33E-21,0,0,9.746131748463007e-42,6.33512651519904e-37,0,0,0,0,0,0,0,0,0,0,0,0,0,-1.29E-38,2.70337578797568e-29,1.15067673796755e-28,2.11835138882506e-37,1.25586130271059e-35,0,-6.91E-46,0,0,0,0,-2.73E-41,1.85086595082176e-38,3.04454555524343e-32,1.95221450305946e-29,3.90457268997428e-47,-1.70E-44,-5.03E-31,-7.57E-27,-1.97E-41,3.13761814859547e-32,0,1.06266314281457e-48,0,-1.53E-46,1.7634867982315302e-20,1.12710679487687e-08,2.3177540528454e-18,1.53543240998148e-09,-4.64E-37,-5.61E-21,0,-4.48E-23,1.22809779494009e-41,-6.03E-25,-4.75E-18,6.67693951686706e-13,4.62409260680751e-18,-1.77E-14,0,-4.66E-42,0,-2.84E-45,0,0,0,1.7100210825712099e-40,0,1.48253500666423e-34,0,0,0,5.43575020969985e-37,0,0,0,-1.89E-47,0,0,0,0,0,0,0,0,0,0,0,0,0,0,0,0,0,0,0,0,-7.90E-49,0,0,0,0,0,0,0,0,2.62743462060903e-46,0,0,0,-2.28E-46,0,-1.50E-45,0,0,0,0,0,0,0,0,0,0,0,0,0,0,0,5.83621873925552e-45,0,-1.53E-47,0,-7.13E-45,0,0,0,0,2.4415599069527202e-45,2.41875157069199e-46,0,0,0,0,0,0,0,0,0,0,0,0,0,0
-4.94E-23,2.38246043137951e-08,-6.94E-27,-1.97E-17,2.41029865100112e-45,-7.61E-21,0,-1.56E-33,0,4.09907674250091e-37,0,-1.03E-44,1.06373871279718e-48,5.11683965284395e-18,1.54264419093535e-24,-2.26E-18,0,0,2.1754783979909e-46,-2.27E-39,0,0,0,0,0,0,0,0,0,0,0,0,5.6564792693413e-49,4.79805440325262e-22,-1.17E-19,3.33554834670375e-19,8.98864517678786e-23,6.759577386532482e-19,-1.38E-41,3.4638281014606e-26,0,-1.43E-31,0,1.52843239758009e-45,-7.04E-25,1.03671978322803e-16,5.76057967638579e-12,0.0001196032012079,-3.49E-32,1.34803673648179e-25,1.51263681264447e-12,0.0007129303860367,1.53329219704684e-27,0.0002204825916612,1.82057485739263e-42,-2.71E-25,-3.96E-45,3.84765500519088e-26,-4.66E-19,0.0001628774929471,6.61091034872476e-13,0.0021596526266871,-1.66E-27,0.0017861836279832,-2.27E-45,5.75467030688721e-05,9.91124819497994e-32,0.0008651361293583,1.26426470602501e-09,4.09460230303557e-05,-6.86E-17,1.71839976591914e-09,1.0328612262268e-45,-8.54E-31,0,-1.57E-32,0,3.44748350916544e-37,0,1.27115519796438e-22,0,2.30315984791489e-13,0,-2.81E-39,6.87139972068305e-43,1.01419510077381e-13,0,-1.03E-48,0,6.97470817449453e-27,1.30318603823062e-45,-5.11E-35,2.1437498946046203e-46,4.37291024039609e-41,0,-1.02E-41,2.6520442335814894e-40,1.4704087672728396e-34,-4.29E-42,1.67407722025996e-34,0,2.69959886736733e-46,0,4.03677780098771e-46,0,0,0,0,0,9.92843470599686e-42,-4.29E-33,-1.20E-37,-4.57E-41,-2.67E-46,-1.01E-48,0,-1.36E-46,1.1588992285312896e-40,-1.04E-43,1.18971863930446e-34,0,-1.37E-41,-3.27E-47,3.5814625286928004e-36,-1.92E-46,-3.13E-32,-4.77E-46,1.83653478526581e-38,0,0,-1.38E-43,1.15143751005953e-39,-3.65E-46,7.261915961026739e-40,0,-5.79E-35,0,5.2727349167088095e-36,0,-1.41E-31,-2.22E-43,1.3068849777893798e-30,-1.26E-43,9.444023231997228e-33,-1.06E-44,-3.40E-30,0,0,0,0,8.3958548498972e-42,3.44670159878736e-42,0,0,0,0,0,-6.19E-45,0,-4.92E-44,0,2.54021388286042e-45,0,0,1.89364657341192e-47,0
0,0,0,0,0,0,0,0,0,0,0,0,0,0,0,0,0,0,0,0,0,0,0,0,0,0,0,0,0,0,0,0,0,0,0,0,0,0,0,0,0,0,0,0,0,0,0,0,0,0,0,0,0,0,0,0,0,0,0,0,0,0,0,0,0,0,0,0,0,0,0,0,0,0,0,0,0,0,0,0,0,0,0,0,0,0,0,0,0,0,0,0,0,0,0,0,0,0,0,0,0,0,0,0,0,0,0,0,0,0,0,0,0,0,0,0,0,0,0,0,0,0,0,0,0,0,0,0,0,0,0,0,0,0,0,0,0,0,0,0,0,0,0,0,0,0,0,0,0,0,0,0,0,0,0,0,0,0,0,0,0,0,0,0,0,0
2.30769603707121e-27,1.00695364481092e-10,-6.66E-31,-8.23E-21,-2.30E-43,-1.69E-29,0,3.8218115774752704e-35,0,-1.74E-41,0,2.0970032693686098e-42,-3.45E-44,-7.45E-20,-7.17E-29,3.94576268860742e-22,0,-2.03E-47,5.13128380262391e-45,-1.80E-39,0,0,0,0,0,0,0,0,0,5.08938613380003e-45,0,1.4907430471540602e-47,-1.95E-43,-8.32E-24,-1.60E-18,-1.13E-14,-3.96E-18,6.45964218097166e-17,-2.10E-36,9.71144614949855e-27,-1.98E-41,-3.39E-31,0,4.16874497932826e-42,1.0878632946009e-12,3.41207476736128e-11,2.95167493581118e-07,0.0002253219869505,1.8033389265808e-20,-1.98E-19,3.74793453036877e-08,0.0001271870408728,2.55724952118322e-24,3.39687409310455e-07,7.723086278038089e-30,5.24824365622862e-22,8.90031833186025e-37,-1.23E-22,1.17517882916967e-18,5.21583148925623e-07,4.1294538062707e-09,0.0008647740526942,-2.59E-25,8.283149852958581e-09,6.32384737600875e-41,2.81218940508513e-07,-3.56E-29,5.8549863659761e-06,3.41768974483127e-08,0.0001170420380436,-1.20E-16,2.5087081980742697e-12,-2.94E-40,-4.66E-30,-1.93E-48,-3.91E-32,0,-2.76E-36,-3.06E-45,-5.74E-22,2.56892003425575e-44,1.09025592645588e-07,0,4.51833567632046e-35,1.79724575576944e-37,1.16895430618028e-07,0,-9.17E-43,0,-2.83E-21,-6.50E-31,-1.35E-27,9.85856849997644e-32,1.58327965226303e-30,7.19876620256545e-38,-2.31E-32,3.1351021036130003e-27,9.34249759862436e-24,-1.89E-30,-1.39E-26,-4.05E-40,4.14948249083575e-37,1.08859245558811e-38,4.55166642394932e-35,-7.42E-43,7.602738799019798e-41,0,1.33437324285647e-43,-2.22E-36,6.9044386748413e-30,1.03586508878388e-20,-9.63E-26,-6.80E-29,9.06252208065523e-34,1.07321564557872e-36,-1.44E-36,2.7586580323864397e-40,-3.06E-36,-5.87E-38,-1.24E-31,6.02047565259046e-45,-1.19E-37,-6.11E-41,3.40400478743914e-33,-4.12E-41,2.242921453423e-30,-8.36E-40,3.10438642969765e-33,1.92678538844662e-45,1.55818118422292e-39,-4.12E-37,-7.75E-35,-1.17E-39,5.91607655152946e-34,-1.97E-43,-3.03E-31,-7.91E-43,4.1029206421755e-33,-3.95E-41,-3.40E-30,-1.38E-36,1.40002602843249e-27,-4.30E-37,9.74635707609101e-32,3.43998113661579e-39,3.10420766936613e-28,0,0,0,0,-2.60E-38,2.22988385907744e-38,0,8.85648819866649e-46,-2.40E-43,-1.25E-39,1.6743004360598102e-44,-3.27E-38,2.82567713865028e-45,-1.10E-39,-2.13E-40,-2.20E-36,-7.21E-43,4.48874095404209e-39,5.90365653150685e-36,-1.34E-40
2.5725320928779e-07,0.0003727724932345,7.71050341869811e-10,3.41367652392374e-05,-5.10E-18,5.81561041053518e-05,-1.54E-32,2.8171030549732e-18,3.65580285922624e-37,7.557522185016591e-25,0,-4.06E-39,4.27293661742594e-35,-2.99E-20,1.76434463039811e-10,1.12473184984176e-08,2.28304649761373e-44,6.09665494683069e-43,-2.45E-18,7.55275068967299e-14,0,0,0,-2.49E-47,0,-8.46E-49,0,0,0,-4.64E-42,0,1.33141988398947e-45,7.36013167483417e-32,1.58970208819574e-21,1.65241669172436e-07,1.4351400507291e-10,1.4254428773626102e-19,2.42258616481365e-20,1.42273163845793e-31,-2.38E-31,-7.43E-39,-6.95E-35,3.0255307752467603e-47,-1.10E-40,2.64375205481221e-27,9.29424703143842e-27,3.2618024180958302e-24,-2.66E-24,3.64400100806911e-29,-9.42E-30,-4.78E-23,-6.08E-24,-6.82E-21,-3.00E-25,3.88171566723989e-39,-1.78E-35,7.09427242211874e-38,2.9360565418391093e-34,0.0002409016944832,0.0006117633704877,0.000178145015732,6.60072456011001e-05,3.25830867710487e-12,0.0001659619243362,-1.65E-30,2.75475142924532e-05,-4.03E-23,4.250505407234e-16,0.0001133409849997,7.86050481705775e-06,0.0002968133380397,0.0006982398108523,-1.70E-29,-4.35E-27,1.18410883967644e-35,7.5540507609024e-28,1.07666275281535e-38,-6.64E-34,8.592275444302239e-36,1.5236030882449e-23,2.85769614938419e-35,-6.58E-19,0,5.115077470994691e-31,5.55567809341226e-33,9.82810058931613e-22,0,-2.80E-41,8.603753618069331e-46,-1.46E-29,-2.41E-42,2.72566395411705e-38,1.71689951114682e-43,2.62205894977606e-43,2.74936434849262e-39,-7.09E-38,5.77514387014879e-32,1.1567939609448e-33,-6.43E-35,2.2796710009775895e-36,1.97619014199654e-47,-9.45E-47,8.704044366294199e-44,-5.92E-44,-2.92E-46,-2.60E-46,0,4.40659894441766e-48,-1.18E-41,5.5069299159286e-35,-4.16E-30,-2.20E-33,2.39211039449232e-39,6.31742326427103e-42,-5.13E-44,-8.43E-44,-4.22E-36,9.53280103696716e-35,-1.69E-31,-5.12E-31,3.35594579560452e-36,-1.21E-34,2.25917257287558e-33,7.03229668399088e-34,2.43488982723174e-32,-3.46E-31,-4.21E-36,-1.44E-34,-2.41E-41,-1.26E-40,-3.71E-34,-3.35E-34,-1.00E-34,-2.58E-36,7.56233252767138e-38,5.06050864542158e-36,-9.69E-39,6.89748570374357e-38,1.28417683818997e-35,6.5876571023173e-34,-1.01E-30,-1.33E-31,-3.42E-32,-5.49E-32,-1.84E-30,-1.80E-30,-3.65E-47,-3.97E-46,-2.18E-38,4.45510778496783e-35,-2.32E-29,-2.25E-27,2.7730691822888e-43,1.1354537866357e-40,-8.61E-45,6.7693495045845e-45,1.83447275853582e-43,-6.57E-44,1.83418428875118e-43,-2.33E-42,-6.01E-42,1.42704054778088e-41,8.991665146084242e-45,1.21093338992597e-44,5.4557783255294e-40,7.109972823604992e-44
4.95859307729696e-13,-2.47E-21,8.43183193670933e-13,-3.93E-21,2.92312364996749e-25,9.54755499470895e-28,1.93559412879317e-44,-1.63E-36,-3.26E-48,-8.90E-39,0,0,-4.74E-41,1.91710605880246e-43,1.92579028652627e-16,2.127838296898e-18,0,0,7.7141520117206e-27,2.33317411152212e-25,0,0,0,0,0,0,0,0,0,0,0,0,3.02268475694636e-39,8.720724681777579e-43,4.88899203565276e-27,1.18140025306223e-28,3.8365807760795903e-35,2.45278526505034e-37,4.21300305303164e-40,-3.65E-45,-4.51E-46,0,0,0,-1.22E-40,-1.68E-46,3.26548036790681e-36,-6.72E-41,8.858388507535161e-44,1.47669441430751e-46,-4.18E-35,-1.90E-38,2.6760036713015294e-34,-4.41E-42,0,0,0,0,-2.45E-16,2.82170641082644e-22,3.54574826254485e-18,-2.24E-26,-7.26E-28,1.11469338657603e-34,7.71328799778103e-40,4.3587791821216e-37,-2.83E-35,-1.25E-36,1.93053040058302e-19,1.55810138038698e-28,1.07970971784371e-15,4.0912258260134603e-19,2.7382224962674797e-34,-3.72E-37,-1.11E-44,-6.60E-45,0,2.8151085220811103e-47,2.2781088189332297e-42,6.52813742416381e-46,-2.90E-44,1.5503063239505702e-47,0,0,-3.12E-47,5.9592529385553e-49,0,0,0,0,0,0,0,0,1.28795814735737e-48,0,5.87611156040207e-46,4.06881087202328e-49,0,0,0,0,0,0,0,0,0,0,0,-1.15E-46,2.8273567135456e-45,0,0,0,0,0,1.60772610693308e-42,9.79403285560917e-40,4.61820266159072e-37,-1.86E-38,2.2927108313295403e-44,6.61619751656199e-41,2.65968517063435e-39,-5.62E-41,1.44685838735591e-37,-6.18E-41,1.5934905857811099e-40,-2.23E-40,0,0,4.922798079063e-40,-5.21E-40,1.0614823085146099e-40,-1.30E-40,1.21039693440231e-45,0,-1.81E-44,0,5.14804283490143e-42,2.4179267619722302e-46,2.42811235915994e-37,3.20593806252898e-41,2.87842485827045e-38,-3.73E-40,4.91442218805082e-37,-1.19E-40,0,0,4.4391213313639004e-46,1.0846547488329e-44,-2.87E-34,-7.99E-36,0,0,0,0,0,0,0,0,0,1.03799886246283e-46,0,0,0,0
0,0,0,0,0,0,0,0,0,0,0,0,0,0,0,0,0,0,0,0,0,0,0,0,0,0,0,0,0,0,0,0,0,0,0,0,0,0,0,0,0,0,0,0,0,0,0,0,0,0,0,0,0,0,0,0,0,0,0,0,0,0,0,0,0,0,0,0,0,0,0,0,0,0,0,0,0,0,0,0,0,0,0,0,0,0,0,0,0,0,0,0,0,0,0,0,0,0,0,0,0,0,0,0,0,0,0,0,0,0,0,0,0,0,0,0,0,0,0,0,0,0,0,0,0,0,0,0,0,0,0,0,0,0,0,0,0,0,0,0,0,0,0,0,0,0,0,0,0,0,0,0,0,0,0,0,0,0,0,0,0,0,0,0,0,0
4.89818592535546e-47,1.94015922373836e-20,-3.43E-29,3.52343217456303e-17,3.43616302747645e-34,2.95769341531894e-11,-9.03E-46,1.4894802766685602e-15,-4.13E-41,1.31652529694516e-14,3.68261307940958e-31,6.90608926325651e-07,-6.08E-40,1.29122801635013e-13,5.3286537038196e-40,-1.67E-33,-5.42E-18,0.0002480645754002,4.025246115991609e-30,1.70920426449333e-22,-9.37E-20,1.39368047830233e-13,1.2826748416614e-18,1.60265667167484e-06,4.15357802202131e-21,2.44107140129826e-05,-1.64E-23,6.70660657179548e-06,8.4589094595203e-24,0.0004287305049644,1.50881540594401e-38,0.0003808135621025,5.4101211239785685e-28,7.13706396207083e-06,6.582011486249859e-36,4.25752907610537e-30,5.72663309885075e-32,8.93414836454188e-22,-2.48E-23,0.0010029843345448,4.87240400001894e-22,0.0033025296227937,1.09777399020416e-23,0.0028253656792289,-1.86E-31,-1.04E-17,2.79925606174874e-43,1.05431803078463e-28,-8.13E-26,2.59263861465556e-10,0,2.41111467247274e-31,0,5.34639734562492e-24,0,6.98030311662583e-18,7.32936351361144e-25,0.0019298796898928,-3.60E-49,3.14161631180691e-18,0,1.33432107011466e-36,0,-1.47E-28,0,1.1465198405868e-15,0,7.55264673555917e-22,2.06802975639029e-30,-1.30E-16,1.2984604005975e-49,7.89016107326925e-39,2.2523979288873e-27,1.72518482643676e-12,-3.80E-27,1.25507598079016e-05,-1.09E-25,6.13710070443738e-05,-2.40E-37,4.23390816469755e-08,-6.66E-35,5.22700343182593e-05,1.36799975268947e-24,0.0007421136757825,3.475863979901e-33,0.0005902828782175,4.71206959482963e-25,0.0015818672213253,1.04091928797473e-28,0.0010590528649397,-1.05E-38,8.51417122572994e-05,-4.62E-38,0.000456507523818,2.51451487128378e-22,2.55126459644726e-06,5.9695536439576e-26,0.0002434319780979,1.5229365618743e-33,0.0007271344012517,-9.50E-35,0.0002818682655682,-2.04E-30,2.13471346712176e-05,9.23421726263332e-25,2.58601428660883e-13,5.98519264275031e-29,0.0001266358385854,-1.27E-18,-3.06E-19,1.41506252123716e-23,1.38376098413427e-26,5.13814725260033e-29,-9.89E-27,2.72476357003485e-23,3.24305695518699e-21,-5.75E-25,5.28762627582319e-20,2.88389292188906e-28,1.9498584288795002e-21,-7.91E-22,1.9927798692686694e-11,-2.77E-23,4.38842821889657e-07,2.84577011994024e-24,1.22865048489791e-06,-1.61E-20,8.90999637670986e-10,-4.84E-20,1.90558636553429e-14,-2.58E-20,-1.70E-15,-1.49E-21,1.41466831859395e-14,6.647072390427189e-26,0.0004027572586988,5.816090549902721e-23,1.03465737453653e-06,-1.39E-24,2.1603634782451102e-09,-2.25E-24,9.41215292803545e-12,6.20870274272841e-25,3.43370573243277e-11,-7.24E-32,4.19828971714673e-12,-4.07E-19,1.04107729572043e-15,-9.78E-28,2.48920971616696e-22,3.3171264439576097e-29,1.06354212198e-22,6.50618267977959e-22,2.64484193748202e-08,2.52867157565115e-17,-3.11E-13,9.97476865514015e-19,5.07955458334294e-09,5.1481839393244605e-19,4.1656345978307e-07,3.02633506753225e-17,1.6146766823367098e-11,4.9802513567370805e-20,-1.14E-16,-2.22E-16,5.4745277814697295e-18
0.000111561198529,0.0007786374618671,5.80253006572468e-05,0.0002371736247318,3.92247691356265e-09,1.42865554875887e-05,-4.83E-25,3.81364930873352e-12,1.08852027899426e-29,6.93464263581806e-19,-1.18E-37,2.90531069057801e-23,1.52266189686558e-20,0.0001378110284551,0.0004360862181759,0.0005922079507551,-4.53E-19,-4.85E-19,1.04695210470092e-19,-1.31E-19,-5.61E-27,-1.53E-25,-8.46E-24,3.545139995652101e-21,-6.64E-28,-3.36E-22,-1.84E-39,4.27440723875199e-28,-1.31E-29,5.2239050191780603e-23,2.6674463153391198e-48,-1.13E-27,1.6485825249571702e-19,5.9176168687234e-05,0.0003502697303745,0.0001533798892989,0.0001938356299317,0.0002954034299594,2.8354358552476e-10,0.0002168301766544,7.21854249305753e-17,0.0001355173896158,-1.96E-22,2.6718431896718803e-09,5.28636485824728e-05,0.0005730517639451,0.0001547746834078,0.0006685850785469,5.9227789450924e-06,0.00030975569544,9.99120625232201e-06,0.0013855463312601,4.5421119324722095e-11,0.0033287953691943,1.10666503807095e-16,5.50105000654078e-06,1.73099280756427e-17,2.68295347875122e-05,8.63566427015088e-05,0.0007680657227839,0.0001513490470894,0.0015421706355872,1.08538314510068e-08,0.010489100427448,1.40405874910916e-24,0.0003866237354356,1.84992758316176e-17,0.0175260454701197,0.0003995492795478,0.0002768271217889,0.0010725963273329,0.0014099716872201,1.41364834477011e-08,2.54331164807961e-05,4.12591660693173e-19,2.92437605677158e-05,5.481878910636e-18,3.55189639268545e-06,1.14109293978041e-20,0.000407024042882,-9.58E-25,0.0002404080843365,1.8374245580560697e-30,3.5493531222474002e-15,-1.59E-25,0.0004070681707888,7.95227280001424e-33,-1.39E-21,-2.57E-26,9.31416051463935e-08,1.70266376187724e-14,1.15504406384478e-11,9.42068577781044e-17,-2.72E-17,7.33038379756293e-08,0.000335232563823,2.53048882454757e-07,0.0001761711218879,1.53094818617122e-09,6.98390085914669e-07,1.06035438286389e-24,7.55279693644068e-21,-5.72E-22,4.11548211766768e-19,-1.70E-19,8.017786264749381e-15,-2.19E-27,5.18271783590804e-18,4.01675560308402e-05,0.000157721361863,0.0001527786974107,1.59681612649429e-05,9.62983287214568e-11,5.19643385361775e-14,3.59979197527524e-15,5.5665489822598885e-11,2.09434260607662e-06,3.42719358777544e-06,1.33838543866515e-05,0.0003125857787769,2.80035969589808e-10,8.856813959845471e-09,2.86986118826011e-07,3.29659028277484e-05,1.61173771745302e-08,0.000233712093949,1.15889301447322e-06,0.0001409394359806,1.29937891349408e-09,3.25037985859922e-07,3.77352347064325e-05,0.0001340058941519,6.06890062407253e-06,9.39236572330835e-05,9.23212679280428e-18,0.0010344729838464,4.1185583513190696e-12,0.0005152589589686,1.17435809174591e-11,0.0002194967400225,2.41795596370558e-06,0.0001710980618677,5.14741626170309e-06,0.0002598186992457,5.511088152322991e-09,0.0001275553963114,-3.25E-25,-5.65E-25,4.32662313377198e-29,1.71252691766721e-29,3.51535121657747e-08,5.99181907718501e-12,1.19117711707111e-19,-4.15E-18,6.63588754725062e-07,0.0001180612070199,4.41676177681712e-09,0.0001595504226774,3.96771043945393e-10,8.10160896544989e-05,3.77111415464084e-06,0.0002380024677667,1.07186976896301e-09,4.96204039955443e-06,0.0001394744971813,1.1842267888358e-06
2.65399269685913e-13,0.0003051868210765,4.24642414859342e-11,0.0001143559140702,1.08432374301401e-18,0.0001146528377306,6.893464458392661e-25,2.35233707139293e-05,1.4842368356526599e-28,6.019528665454241e-09,-5.48E-46,8.19037183877905e-31,5.06656286671074e-33,3.73469821401037e-11,4.3171518269384e-05,0.0003908131928918,-2.08E-28,2.54985140122807e-25,1.69419628907692e-07,5.622277790029e-06,2.14743014919688e-37,-4.85E-34,-5.26E-37,7.23662860765381e-31,6.1912428118405694e-40,-5.31E-34,-1.70E-47,-2.12E-35,1.59219689999528e-40,1.04736383187493e-33,0,3.54454063000721e-36,9.08574378126699e-32,1.11895420178262e-11,1.92337532886214e-05,0.0001768340626638,1.68047731076502e-14,-1.13E-15,-2.26E-27,9.436913467026792e-23,-3.65E-34,3.6577446732187e-28,-1.65E-35,-1.94E-24,1.00447802832576e-26,4.9587861322282e-24,2.68861514770201e-22,-1.08E-17,-3.10E-28,-1.65E-26,3.27451601682782e-21,1.52163410715926e-14,-1.11E-25,-3.46E-18,-3.39E-42,3.7561674516207e-32,-6.33E-37,2.2595194722141893e-28,8.63419611549698e-10,0.0002843555834671,4.27339557005225e-09,0.0009378396257083,1.0035122229141e-19,0.0010439342933952,-6.01E-31,4.5424559476029e-05,-5.60E-29,2.11343470016547e-06,2.27885911344101e-05,0.0001464766346251,6.97713758019601e-05,0.0003356864783524,2.96851886691121e-16,6.69252266475912e-07,1.01701371356179e-26,3.48136537045319e-13,7.277215613267859e-27,1.77706515424916e-17,5.74315142043101e-35,9.31372237328411e-18,-6.02E-39,-8.79E-17,9.01962523071532e-43,3.7391868989514e-21,-5.36E-41,-1.98E-20,2.4360320985779103e-47,-4.95E-30,9.305497614656988e-49,-3.71E-29,9.15693770362989e-43,-6.50E-37,9.21904937419186e-45,5.82141341768757e-40,-3.91E-31,7.12083821334166e-30,-3.39E-28,1.3035016945518099e-28,8.53447342793508e-36,-4.72E-36,-3.17E-47,-3.39E-42,-8.60E-43,-2.73E-41,-1.33E-41,-1.16E-39,-3.07E-45,-2.06E-38,-3.08E-32,-8.56E-28,1.4002457576232399e-26,-1.12E-35,-2.46E-39,-1.20E-38,-1.37E-38,-5.13E-38,2.4157875151896105e-17,1.18044650709501e-14,7.52884352668639e-18,2.7345500781490998e-14,1.30048697564644e-20,-6.87E-16,1.7735763920255398e-18,3.0682890792811507e-15,3.21784422398929e-24,-1.88E-16,3.15651725676349e-20,1.22029213985972e-16,6.28612309343389e-23,5.11092178778091e-21,1.9827528035936298e-18,2.26149810995421e-16,9.73977669711534e-20,1.02530578000813e-16,1.25216872411659e-33,-5.09E-24,-3.58E-30,-7.58E-24,-3.90E-29,1.55117817454253e-22,1.58365304191667e-21,-7.64E-17,-5.58E-20,-1.97E-16,1.37245969562027e-22,-5.84E-16,-4.82E-31,-1.41E-29,4.57824613804344e-24,7.089713411000631e-21,7.60668148413647e-07,2.46378186466838e-06,7.21664226558698e-26,1.4723461743840701e-21,1.40267532355206e-27,7.08769536864974e-27,5.28889972044232e-28,2.84509927551599e-26,1.31992659532273e-28,1.02680587239604e-26,2.88658946543975e-25,2.02660828647848e-24,3.62131757139945e-33,1.1186674465622e-32,2.86347785584707e-26,9.64704127851199e-32
0,0,0,0,0,0,0,0,0,0,0,0,0,0,0,0,0,0,0,0,0,0,0,0,0,0,0,0,0,0,0,0,0,0,0,0,0,0,0,0,0,0,0,0,0,0,0,0,0,0,0,0,0,0,0,0,0,0,0,0,0,0,0,0,0,0,0,0,0,0,0,0,0,0,0,0,0,0,0,0,0,0,0,0,0,0,0,0,0,0,0,0,0,0,0,0,0,0,0,0,0,0,0,0,0,0,0,0,0,0,0,0,0,0,0,0,0,0,0,0,0,0,0,0,0,0,0,0,0,0,0,0,0,0,0,0,0,0,0,0,0,0,0,0,0,0,0,0,0,0,0,0,0,0,0,0,0,0,0,0,0,0,0,0,0,0
-4.97E-50,1.12027690185708e-22,-1.19E-24,4.9327560849619e-13,3.53790968361352e-25,2.72338329938397e-07,-1.44E-40,2.18936422257632e-16,2.40038041310069e-30,2.4712572517407095e-11,1.04840093066923e-22,0.0001294033452776,6.50653512660941e-47,1.15632024480298e-16,3.78318066091722e-36,7.87529509419068e-38,1.91977888673983e-09,2.02170432783399e-09,-5.96E-23,2.70437126347571e-20,3.25844162144252e-09,2.7073173464903203e-09,2.10330086368061e-06,2.003536148935e-06,1.75808075130304e-09,3.43175686768592e-06,-1.81E-18,0.0001528474616572,-7.22E-18,0.0002011427317578,1.18977110869623e-29,0.0141993599870699,-1.21E-22,9.16332644742338e-08,5.04049008055492e-31,2.28777229093928e-30,-5.48E-39,2.2479284460159e-34,2.70978992880386e-24,4.4605714520556605e-09,1.69844452362026e-20,1.17580766433798e-06,-5.91E-27,1.03166575419125e-07,1.2743847086744e-40,2.07828059338032e-32,0,7.939483776779819e-43,-3.37E-36,-7.34E-25,0,-5.93E-47,0,-6.03E-36,0,-8.54E-25,1.54712039601266e-22,2.03732960267052e-07,0,-4.94E-24,0,1.6121554137159101e-44,0,5.89543754282093e-39,0,-2.54E-29,0,8.1642519877727e-33,7.42198477956117e-40,8.78090321630065e-32,0,1.04762145957298e-47,1.98413698291133e-19,4.54595798970906e-15,4.31933217509351e-23,6.45504224962756e-14,4.36349450288492e-26,-3.66E-17,1.01204889090126e-47,-1.18E-19,2.9992283681165997e-41,2.45222010543501e-10,-1.85E-20,0.0018232083139743,1.08802173328963e-33,0.000624212932866,6.55005810233744e-23,0.0115297635536867,-6.31E-29,0.0002755126013849,6.37901530010171e-37,1.36731421069899e-06,-1.47E-37,1.40912663116334e-05,3.21073868340537e-27,4.15855653088522e-13,1.02456213507471e-29,8.344663322910619e-11,7.43972115616105e-34,3.97042336300349e-07,4.05876671828408e-33,1.85559029845164e-06,7.22895109368075e-32,5.56862268084558e-08,-3.01E-22,-3.11E-16,-1.04E-23,1.40788397632072e-07,3.44601943843577e-25,-1.13E-26,2.42774102502678e-29,-7.03E-33,9.66521074744429e-34,3.16360785784691e-29,2.69650699154565e-22,4.197526669442941e-19,-8.10E-30,-4.94E-25,1.8521812975552294e-34,-9.89E-30,-1.83E-28,2.24542852619837e-22,-1.97E-30,-6.45E-21,3.96052883120638e-35,-2.17E-21,-5.31E-28,-3.24E-22,-2.27E-26,8.73968514905081e-24,-6.76E-28,-6.44E-25,-3.01E-28,-3.06E-24,-2.04E-36,-3.45E-19,-1.63E-33,-5.46E-21,6.5064442166337e-35,-5.05E-26,1.43273099238275e-33,-2.05E-27,1.6772172428996599e-34,-6.70E-26,8.07422360410145e-40,-4.94E-29,1.49269031211921e-11,2.34122927595428e-12,-4.46E-16,-1.65E-17,-2.38E-21,-6.56E-22,7.197004144848551e-17,4.444126816844431e-15,6.4680314354972e-23,-2.30E-20,8.51737510977839e-24,-5.62E-19,2.1999423640342705e-23,-2.30E-17,9.80354991108894e-25,-9.63E-22,7.08818027320045e-22,7.5693069625928e-18,-4.50E-26,2.37051591875679e-22
