0.2507174,0.23332024,0.29183236,0.24605696,0.2904595,0.21583712,0.2873996,0.2494268,0.2939515,0.24335466,0.2906355,0.24643764,0.28888595,0.28912234,0.24839275,0.26598984,0.29875776,0.309089,0.23997596,0.26926294,0.24450338,0.27510512,0.28204155,0.29377803,0.27662376,0.25994074,0.2602809,0.19792584,0.2529779,0.24338642,0.23916589,0.17210609,0.32349396,0.28980458,0.29216486,0.24266976,0.26765704,0.19622985,0.30720404,0.30946234,0.2722492,0.30962884,0.33338848,0.31348795,0.24747612,0.2569821,0.24714616,0.22634885,0.26232928,0.2770033,0.2161021,0.2324208,0.22909233,0.24805064,0.2747467,0.27475974,0.30557185,0.32767475,0.25980344,0.23609138,0.2512618,0.20228897,0.28002268,0.23426068,0.2971285,0.2560121,0.2770719,0.25603306,0.24903293,0.2292766,0.23879735,0.23657978,0.319343,0.30479765,0.18540987,0.228176,0.072589785,0.1485322,0.25485665,0.30426192,0.2939888,0.2618452,0.25074685,0.20970187,0.30047628,0.2831437,0.26001826,0.20850754,0.30701998,0.2888682,0.27055866,0.26819104,0.24375483,0.24363871,0.25697306,0.27199268,0.2926528,0.32491088,0.30741194,0.3255217,0.29384026,0.24779244,0.31810898,0.28366637,0.302696,0.29644942,0.20367992,0.24143064,0.21894228,0.24729818,0.25788704,0.27696672,0.2743044,0.31278458,0.29898524,0.23351592,0.2524501,0.2740386,0.30808014,0.3035343,0.077502005,0.10032473,0.10609236,0.07901744,0.12503934,0.065881,0.16203034,0.089001685,0.25666758,0.21358001,0.30141175,0.30919892,0.2750534,0.21135621,0.17009121,0.108879335,0.18066558,0.109116636,0.26989657,0.18797183,0.30677795,0.30910143,0.31628886,0.265343,0.30939814,0.24868864,0.28835908,0.23320934,0.29372206,0.28725576,0.2723173,0.21379998,0.3425843,0.33601758,0.11379969,0.063107766,0.062102895,0.062226616,0.10970791,0.10557905,0.08080596,0.047746856,0.048320137,0.048226953,0.1286424,0.048204053
0.3079238,0.28711265,0.32410723,0.29549998,0.31383377,0.3158071,0.32919502,0.32658872,0.31948596,0.28907728,0.3149413,0.3111542,0.30769914,0.3268921,0.30890864,0.2894296,0.29058787,0.30053803,0.30260107,0.30878058,0.29276812,0.29458845,0.30078715,0.30126953,0.3243159,0.30932817,0.2848097,0.26257324,0.28628445,0.27981368,0.26590538,0.2513599,0.2995119,0.2873507,0.33458814,0.24516673,0.2662149,0.20193118,0.277155,0.29577202,0.29723138,0.337618,0.3547184,0.3569456,0.28742254,0.2852335,0.25630605,0.2533115,0.29685366,0.33916172,0.25803524,0.22896904,0.2835421,0.29092872,0.2904725,0.31897175,0.34610683,0.3277059,0.29042178,0.2939089,0.27703175,0.26769534,0.2903303,0.3029905,0.3216549,0.32089427,0.29548708,0.2761376,0.25881216,0.26755893,0.24506861,0.2454974,0.2992653,0.2769924,0.21083046,0.28417814,0.06891526,0.15967098,0.27650562,0.29970598,0.3153687,0.309845,0.26217055,0.27626938,0.30700254,0.30969274,0.29004216,0.26406533,0.3300948,0.3421007,0.30387402,0.31095633,0.29709464,0.26390278,0.26560283,0.29894748,0.32450294,0.32986525,0.33796445,0.34508723,0.30509567,0.2753873,0.36474252,0.33645564,0.3201776,0.33984584,0.18786234,0.23027687,0.26003772,0.28115398,0.28748822,0.27783954,0.30392677,0.30902195,0.32290375,0.2251275,0.28798836,0.3257733,0.32171613,0.31206375,0.05496922,0.09505063,0.12709093,0.10647632,0.15163249,0.079598926,0.16183862,0.08747802,0.24984929,0.20853281,0.33822638,0.32252237,0.3061692,0.25657156,0.20019642,0.11050317,0.20001039,0.07862676,0.31088603,0.20421556,0.31121203,0.34139442,0.3353659,0.32636425,0.33293605,0.29256764,0.28946975,0.27208513,0.34206665,0.3336569,0.30332565,0.24256258,0.35529926,0.36958548,0.13713944,0.079327926,0.059996575,0.039191544,0.105511,0.090560645,0.11275166,0.05580339,0.06308235,0.04453,0.13595192,0.06966184
0.2528511,0.2384627,0.25854474,0.25847363,0.25566208,0.2545117,0.2735295,0.25067058,0.25467777,0.2394078,0.26663736,0.255493,0.28157538,0.25557655,0.24338244,0.2843964,0.27522632,0.28288144,0.23418052,0.26180315,0.25768435,0.27256995,0.26010802,0.2701916,0.2533328,0.238312,0.22150092,0.20691574,0.2399884,0.23643836,0.2264049,0.1759019,0.2972783,0.28311664,0.2686923,0.28791982,0.26259515,0.25405797,0.28943765,0.28725243,0.25300667,0.30526745,0.30914152,0.28971216,0.25670835,0.30550933,0.23628393,0.24149108,0.24863298,0.26575726,0.20264915,0.23116392,0.24820483,0.2378039,0.255477,0.2576248,0.28896886,0.2838079,0.23590642,0.22377259,0.22404312,0.19589877,0.26534235,0.22556597,0.25258774,0.24281377,0.27402264,0.2153334,0.21901926,0.24573578,0.20782056,0.22138302,0.29570594,0.26443863,0.23648852,0.27282014,0.133133,0.23879375,0.24416013,0.2918476,0.26162344,0.25598708,0.23434663,0.22449544,0.29787743,0.28861588,0.25069463,0.19060722,0.29303345,0.27907303,0.2527149,0.25581157,0.24250546,0.2435348,0.21274365,0.24376538,0.28789127,0.29086742,0.29146105,0.3043695,0.263298,0.24122447,0.28464335,0.26781386,0.2880254,0.28822076,0.17880753,0.24274643,0.19615552,0.24432966,0.23057835,0.23949264,0.26446104,0.27149257,0.2818393,0.19351694,0.25514224,0.26106197,0.27744928,0.32242215,0.22932571,0.1758964,0.2436575,0.23977268,0.25548264,0.20321509,0.25598693,0.22417691,0.29755345,0.22931117,0.32099307,0.2871296,0.27985716,0.256076,0.17837733,0.17159829,0.19617489,0.16156572,0.29253927,0.24726969,0.27645886,0.28789768,0.31858838,0.26714253,0.30364627,0.25307736,0.26625156,0.22094896,0.2687195,0.3021456,0.252056,0.26451895,0.31191248,0.32468644,0.17748195,0.12992796,0.1689932,0.16792595,0.16288236,0.16039982,0.17304459,0.12757021,0.15215331,0.12572087,0.2250494,0.09172641
0.30114025,0.277804,0.33324564,0.31382167,0.3216325,0.28092766,0.32811922,0.29250747,0.320737,0.2663776,0.33037323,0.2866354,0.3339944,0.34705728,0.28529933,0.3164372,0.34136906,0.38846654,0.2830104,0.3031317,0.3155474,0.33246398,0.3338796,0.3399335,0.31675598,0.31015342,0.2962519,0.25885034,0.3019451,0.29069903,0.31443912,0.22057211,0.3420381,0.3171522,0.37154874,0.2688111,0.29438198,0.22755599,0.337396,0.32409412,0.31203863,0.38535717,0.40999264,0.37172788,0.29682815,0.29812348,0.30792505,0.28822142,0.34151632,0.33129892,0.24726671,0.28250527,0.27043664,0.30970743,0.30616304,0.32451278,0.35276052,0.37232205,0.33356914,0.25557005,0.2880598,0.22260273,0.30969843,0.2708818,0.38349825,0.29311854,0.3026445,0.27393094,0.29128957,0.29519242,0.27635625,0.26964396,0.33017778,0.2984594,0.24074262,0.29359198,0.08245169,0.18782723,0.30347562,0.33704814,0.38109124,0.3128016,0.29256344,0.2664354,0.34105772,0.33953667,0.2874921,0.24834548,0.36605492,0.36599156,0.32040295,0.30889767,0.29480496,0.2727666,0.29454905,0.3386597,0.33523923,0.35533112,0.3684297,0.4093254,0.3523969,0.26326212,0.3458132,0.33825392,0.3345124,0.33483487,0.22015244,0.24157459,0.25994784,0.2955491,0.30526102,0.34335402,0.31539604,0.35868484,0.33993053,0.23193407,0.30209684,0.29725945,0.34658635,0.33023798,0.09626825,0.105845,0.118915364,0.07913306,0.15522689,0.07779162,0.18063156,0.1365298,0.30336583,0.24188218,0.34747237,0.3485849,0.32005942,0.23314713,0.1843509,0.10775472,0.2175329,0.11387315,0.2946332,0.20327264,0.3427362,0.34503242,0.35296953,0.28789604,0.35518274,0.29329824,0.33472675,0.27900514,0.32494575,0.31531614,0.3333739,0.25224954,0.3766599,0.39747852,0.11778293,0.05755794,0.06297197,0.08655332,0.1336092,0.12888417,0.07733195,0.035080925,0.051635146,0.033077836,0.14695515,0.06543008
0.19174047,0.18687382,0.27411953,0.20668691,0.25661713,0.18895781,0.21147656,0.21623152,0.23441476,0.18589878,0.21382564,0.1842508,0.24788338,0.2664735,0.2420438,0.20382619,0.2627046,0.24915063,0.23933929,0.23760967,0.19860733,0.20990297,0.26810068,0.22508548,0.22987965,0.20711309,0.23942097,0.17834926,0.21520379,0.2149888,0.18554068,0.13801977,0.19892825,0.24237333,0.2190616,0.18861403,0.2673188,0.1406815,0.3031345,0.21493502,0.2280438,0.23192123,0.3234343,0.23835312,0.20372368,0.26518777,0.1729461,0.15958965,0.24365354,0.21147028,0.1519584,0.19460975,0.16716817,0.19093032,0.20174785,0.20634437,0.3012895,0.2629016,0.24900718,0.18294808,0.17991155,0.18043046,0.25992888,0.21840459,0.27870637,0.24646974,0.1854632,0.26232255,0.25057784,0.18548363,0.18267584,0.22081915,0.30920964,0.30220997,0.16553421,0.18996358,0.031737983,0.11698496,0.25254947,0.22976282,0.28787628,0.17764959,0.20460626,0.18113275,0.20426854,0.20481998,0.2102631,0.19240075,0.31612563,0.2264116,0.21545127,0.24123266,0.19294584,0.20609403,0.1910464,0.24381816,0.2524185,0.30017537,0.24864179,0.2926535,0.22595215,0.2139022,0.23045279,0.30424446,0.22569224,0.22509566,0.14793557,0.20505416,0.21049994,0.2247501,0.260557,0.21081717,0.2256082,0.29108346,0.22218427,0.20764703,0.20628867,0.23503694,0.3143642,0.28410387,0.07959324,0.10651756,0.09106693,0.039899692,0.12640633,0.06106268,0.11152024,0.10358864,0.2680568,0.22342147,0.2505888,0.29715186,0.20551643,0.15250897,0.15374015,0.079701826,0.12709534,0.09647477,0.21273714,0.15727855,0.255982,0.253264,0.3216004,0.2443328,0.306967,0.26250747,0.19236092,0.22483845,0.2785821,0.27071288,0.23696516,0.16286525,0.32618245,0.32185423,0.071451664,0.056913733,0.037648022,0.03746883,0.09605269,0.06972769,0.04734455,0.022259653,0.023065552,0.031844854,0.08452028,0.03764616
0.2507174,0.23332024,0.29183236,0.24605696,0.2904595,0.21583712,0.2873996,0.2494268,0.2939515,0.24335466,0.2906355,0.24643764,0.28888595,0.28912234,0.24839275,0.26598984,0.29875776,0.309089,0.23997596,0.26926294,0.24450338,0.27510512,0.28204155,0.29377803,0.27662376,0.25994074,0.2602809,0.19792584,0.2529779,0.24338642,0.23916589,0.17210609,0.32349396,0.28980458,0.29216486,0.24266976,0.26765704,0.19622985,0.30720404,0.30946234,0.2722492,0.30962884,0.33338848,0.31348795,0.24747612,0.2569821,0.24714616,0.22634885,0.26232928,0.2770033,0.2161021,0.2324208,0.22909233,0.24805064,0.2747467,0.27475974,0.30557185,0.32767475,0.25980344,0.23609138,0.2512618,0.20228897,0.28002268,0.23426068,0.2971285,0.2560121,0.2770719,0.25603306,0.24903293,0.2292766,0.23879735,0.23657978,0.319343,0.30479765,0.18540987,0.228176,0.072589785,0.1485322,0.25485665,0.30426192,0.2939888,0.2618452,0.25074685,0.20970187,0.30047628,0.2831437,0.26001826,0.20850754,0.30701998,0.2888682,0.27055866,0.26819104,0.24375483,0.24363871,0.25697306,0.27199268,0.2926528,0.32491088,0.30741194,0.3255217,0.29384026,0.24779244,0.31810898,0.28366637,0.302696,0.29644942,0.20367992,0.24143064,0.21894228,0.24729818,0.25788704,0.27696672,0.2743044,0.31278458,0.29898524,0.23351592,0.2524501,0.2740386,0.30808014,0.3035343,0.077502005,0.10032473,0.10609236,0.07901744,0.12503934,0.065881,0.16203034,0.089001685,0.25666758,0.21358001,0.30141175,0.30919892,0.2750534,0.21135621,0.17009121,0.108879335,0.18066558,0.109116636,0.26989657,0.18797183,0.30677795,0.30910143,0.31628886,0.265343,0.30939814,0.24868864,0.28835908,0.23320934,0.29372206,0.28725576,0.2723173,0.21379998,0.3425843,0.33601758,0.11379969,0.063107766,0.062102895,0.062226616,0.10970791,0.10557905,0.08080596,0.047746856,0.048320137,0.048226953,0.1286424,0.048204053
0.3079238,0.28711265,0.32410723,0.29549998,0.31383377,0.3158071,0.32919502,0.32658872,0.31948596,0.28907728,0.3149413,0.3111542,0.30769914,0.3268921,0.30890864,0.2894296,0.29058787,0.30053803,0.30260107,0.30878058,0.29276812,0.29458845,0.30078715,0.30126953,0.3243159,0.30932817,0.2848097,0.26257324,0.28628445,0.27981368,0.26590538,0.2513599,0.2995119,0.2873507,0.33458814,0.24516673,0.2662149,0.20193118,0.277155,0.29577202,0.29723138,0.337618,0.3547184,0.3569456,0.28742254,0.2852335,0.25630605,0.2533115,0.29685366,0.33916172,0.25803524,0.22896904,0.2835421,0.29092872,0.2904725,0.31897175,0.34610683,0.3277059,0.29042178,0.2939089,0.27703175,0.26769534,0.2903303,0.3029905,0.3216549,0.32089427,0.29548708,0.2761376,0.25881216,0.26755893,0.24506861,0.2454974,0.2992653,0.2769924,0.21083046,0.28417814,0.06891526,0.15967098,0.27650562,0.29970598,0.3153687,0.309845,0.26217055,0.27626938,0.30700254,0.30969274,0.29004216,0.26406533,0.3300948,0.3421007,0.30387402,0.31095633,0.29709464,0.26390278,0.26560283,0.29894748,0.32450294,0.32986525,0.33796445,0.34508723,0.30509567,0.2753873,0.36474252,0.33645564,0.3201776,0.33984584,0.18786234,0.23027687,0.26003772,0.28115398,0.28748822,0.27783954,0.30392677,0.30902195,0.32290375,0.2251275,0.28798836,0.3257733,0.32171613,0.31206375,0.05496922,0.09505063,0.12709093,0.10647632,0.15163249,0.079598926,0.16183862,0.08747802,0.24984929,0.20853281,0.33822638,0.32252237,0.3061692,0.25657156,0.20019642,0.11050317,0.20001039,0.07862676,0.31088603,0.20421556,0.31121203,0.34139442,0.3353659,0.32636425,0.33293605,0.29256764,0.28946975,0.27208513,0.34206665,0.3336569,0.30332565,0.24256258,0.35529926,0.36958548,0.13713944,0.079327926,0.059996575,0.039191544,0.105511,0.090560645,0.11275166,0.05580339,0.06308235,0.04453,0.13595192,0.06966184
0.2528511,0.2384627,0.25854474,0.25847363,0.25566208,0.2545117,0.2735295,0.25067058,0.25467777,0.2394078,0.26663736,0.255493,0.28157538,0.25557655,0.24338244,0.2843964,0.27522632,0.28288144,0.23418052,0.26180315,0.25768435,0.27256995,0.26010802,0.2701916,0.2533328,0.238312,0.22150092,0.20691574,0.2399884,0.23643836,0.2264049,0.1759019,0.2972783,0.28311664,0.2686923,0.28791982,0.26259515,0.25405797,0.28943765,0.28725243,0.25300667,0.30526745,0.30914152,0.28971216,0.25670835,0.30550933,0.23628393,0.24149108,0.24863298,0.26575726,0.20264915,0.23116392,0.24820483,0.2378039,0.255477,0.2576248,0.28896886,0.2838079,0.23590642,0.22377259,0.22404312,0.19589877,0.26534235,0.22556597,0.25258774,0.24281377,0.27402264,0.2153334,0.21901926,0.24573578,0.20782056,0.22138302,0.29570594,0.26443863,0.23648852,0.27282014,0.133133,0.23879375,0.24416013,0.2918476,0.26162344,0.25598708,0.23434663,0.22449544,0.29787743,0.28861588,0.25069463,0.19060722,0.29303345,0.27907303,0.2527149,0.25581157,0.24250546,0.2435348,0.21274365,0.24376538,0.28789127,0.29086742,0.29146105,0.3043695,0.263298,0.24122447,0.28464335,0.26781386,0.2880254,0.28822076,0.17880753,0.24274643,0.19615552,0.24432966,0.23057835,0.23949264,0.26446104,0.27149257,0.2818393,0.19351694,0.25514224,0.26106197,0.27744928,0.32242215,0.22932571,0.1758964,0.2436575,0.23977268,0.25548264,0.20321509,0.25598693,0.22417691,0.29755345,0.22931117,0.32099307,0.2871296,0.27985716,0.256076,0.17837733,0.17159829,0.19617489,0.16156572,0.29253927,0.24726969,0.27645886,0.28789768,0.31858838,0.26714253,0.30364627,0.25307736,0.26625156,0.22094896,0.2687195,0.3021456,0.252056,0.26451895,0.31191248,0.32468644,0.17748195,0.12992796,0.1689932,0.16792595,0.16288236,0.16039982,0.17304459,0.12757021,0.15215331,0.12572087,0.2250494,0.09172641
0.30114025,0.277804,0.33324564,0.31382167,0.3216325,0.28092766,0.32811922,0.29250747,0.320737,0.2663776,0.33037323,0.2866354,0.3339944,0.34705728,0.28529933,0.3164372,0.34136906,0.38846654,0.2830104,0.3031317,0.3155474,0.33246398,0.3338796,0.3399335,0.31675598,0.31015342,0.2962519,0.25885034,0.3019451,0.29069903,0.31443912,0.22057211,0.3420381,0.3171522,0.37154874,0.2688111,0.29438198,0.22755599,0.337396,0.32409412,0.31203863,0.38535717,0.40999264,0.37172788,0.29682815,0.29812348,0.30792505,0.28822142,0.34151632,0.33129892,0.24726671,0.28250527,0.27043664,0.30970743,0.30616304,0.32451278,0.35276052,0.37232205,0.33356914,0.25557005,0.2880598,0.22260273,0.30969843,0.2708818,0.38349825,0.29311854,0.3026445,0.27393094,0.29128957,0.29519242,0.27635625,0.26964396,0.33017778,0.2984594,0.24074262,0.29359198,0.08245169,0.18782723,0.30347562,0.33704814,0.38109124,0.3128016,0.29256344,0.2664354,0.34105772,0.33953667,0.2874921,0.24834548,0.36605492,0.36599156,0.32040295,0.30889767,0.29480496,0.2727666,0.29454905,0.3386597,0.33523923,0.35533112,0.3684297,0.4093254,0.3523969,0.26326212,0.3458132,0.33825392,0.3345124,0.33483487,0.22015244,0.24157459,0.25994784,0.2955491,0.30526102,0.34335402,0.31539604,0.35868484,0.33993053,0.23193407,0.30209684,0.29725945,0.34658635,0.33023798,0.09626825,0.105845,0.118915364,0.07913306,0.15522689,0.07779162,0.18063156,0.1365298,0.30336583,0.24188218,0.34747237,0.3485849,0.32005942,0.23314713,0.1843509,0.10775472,0.2175329,0.11387315,0.2946332,0.20327264,0.3427362,0.34503242,0.35296953,0.28789604,0.35518274,0.29329824,0.33472675,0.27900514,0.32494575,0.31531614,0.3333739,0.25224954,0.3766599,0.39747852,0.11778293,0.05755794,0.06297197,0.08655332,0.1336092,0.12888417,0.07733195,0.035080925,0.051635146,0.033077836,0.14695515,0.06543008
0.19174047,0.18687382,0.27411953,0.20668691,0.25661713,0.18895781,0.21147656,0.21623152,0.23441476,0.18589878,0.21382564,0.1842508,0.24788338,0.2664735,0.2420438,0.20382619,0.2627046,0.24915063,0.23933929,0.23760967,0.19860733,0.20990297,0.26810068,0.22508548,0.22987965,0.20711309,0.23942097,0.17834926,0.21520379,0.2149888,0.18554068,0.13801977,0.19892825,0.24237333,0.2190616,0.18861403,0.2673188,0.1406815,0.3031345,0.21493502,0.2280438,0.23192123,0.3234343,0.23835312,0.20372368,0.26518777,0.1729461,0.15958965,0.24365354,0.21147028,0.1519584,0.19460975,0.16716817,0.19093032,0.20174785,0.20634437,0.3012895,0.2629016,0.24900718,0.18294808,0.17991155,0.18043046,0.25992888,0.21840459,0.27870637,0.24646974,0.1854632,0.26232255,0.25057784,0.18548363,0.18267584,0.22081915,0.30920964,0.30220997,0.16553421,0.18996358,0.031737983,0.11698496,0.25254947,0.22976282,0.28787628,0.17764959,0.20460626,0.18113275,0.20426854,0.20481998,0.2102631,0.19240075,0.31612563,0.2264116,0.21545127,0.24123266,0.19294584,0.20609403,0.1910464,0.24381816,0.2524185,0.30017537,0.24864179,0.2926535,0.22595215,0.2139022,0.23045279,0.30424446,0.22569224,0.22509566,0.14793557,0.20505416,0.21049994,0.2247501,0.260557,0.21081717,0.2256082,0.29108346,0.22218427,0.20764703,0.20628867,0.23503694,0.3143642,0.28410387,0.07959324,0.10651756,0.09106693,0.039899692,0.12640633,0.06106268,0.11152024,0.10358864,0.2680568,0.22342147,0.2505888,0.29715186,0.20551643,0.15250897,0.15374015,0.079701826,0.12709534,0.09647477,0.21273714,0.15727855,0.255982,0.253264,0.3216004,0.2443328,0.306967,0.26250747,0.19236092,0.22483845,0.2785821,0.27071288,0.23696516,0.16286525,0.32618245,0.32185423,0.071451664,0.056913733,0.037648022,0.03746883,0.09605269,0.06972769,0.04734455,0.022259653,0.023065552,0.031844854,0.08452028,0.03764616
0.3079238,0.28711265,0.32410723,0.29549998,0.31383377,0.3158071,0.32919502,0.32658872,0.31948596,0.28907728,0.3149413,0.3111542,0.30769914,0.3268921,0.30890864,0.2894296,0.29058787,0.30053803,0.30260107,0.30878058,0.29276812,0.29458845,0.30078715,0.30126953,0.3243159,0.30932817,0.2848097,0.26257324,0.28628445,0.27981368,0.26590538,0.2513599,0.2995119,0.2873507,0.33458814,0.24516673,0.2662149,0.20193118,0.277155,0.29577202,0.29723138,0.337618,0.3547184,0.3569456,0.28742254,0.2852335,0.25630605,0.2533115,0.29685366,0.33916172,0.25803524,0.22896904,0.2835421,0.29092872,0.2904725,0.31897175,0.34610683,0.3277059,0.29042178,0.2939089,0.27703175,0.26769534,0.2903303,0.3029905,0.3216549,0.32089427,0.29548708,0.2761376,0.25881216,0.26755893,0.24506861,0.2454974,0.2992653,0.2769924,0.21083046,0.28417814,0.06891526,0.15967098,0.27650562,0.29970598,0.3153687,0.309845,0.26217055,0.27626938,0.30700254,0.30969274,0.29004216,0.26406533,0.3300948,0.3421007,0.30387402,0.31095633,0.29709464,0.26390278,0.26560283,0.29894748,0.32450294,0.32986525,0.33796445,0.34508723,0.30509567,0.2753873,0.36474252,0.33645564,0.3201776,0.33984584,0.18786234,0.23027687,0.26003772,0.28115398,0.28748822,0.27783954,0.30392677,0.30902195,0.32290375,0.2251275,0.28798836,0.3257733,0.32171613,0.31206375,0.05496922,0.09505063,0.12709093,0.10647632,0.15163249,0.079598926,0.16183862,0.08747802,0.24984929,0.20853281,0.33822638,0.32252237,0.3061692,0.25657156,0.20019642,0.11050317,0.20001039,0.07862676,0.31088603,0.20421556,0.31121203,0.34139442,0.3353659,0.32636425,0.33293605,0.29256764,0.28946975,0.27208513,0.34206665,0.3336569,0.30332565,0.24256258,0.35529926,0.36958548,0.13713944,0.079327926,0.059996575,0.039191544,0.105511,0.090560645,0.11275166,0.05580339,0.06308235,0.04453,0.13595192,0.06966184
0.2528511,0.2384627,0.25854474,0.25847363,0.25566208,0.2545117,0.2735295,0.25067058,0.25467777,0.2394078,0.26663736,0.255493,0.28157538,0.25557655,0.24338244,0.2843964,0.27522632,0.28288144,0.23418052,0.26180315,0.25768435,0.27256995,0.26010802,0.2701916,0.2533328,0.238312,0.22150092,0.20691574,0.2399884,0.23643836,0.2264049,0.1759019,0.2972783,0.28311664,0.2686923,0.28791982,0.26259515,0.25405797,0.28943765,0.28725243,0.25300667,0.30526745,0.30914152,0.28971216,0.25670835,0.30550933,0.23628393,0.24149108,0.24863298,0.26575726,0.20264915,0.23116392,0.24820483,0.2378039,0.255477,0.2576248,0.28896886,0.2838079,0.23590642,0.22377259,0.22404312,0.19589877,0.26534235,0.22556597,0.25258774,0.24281377,0.27402264,0.2153334,0.21901926,0.24573578,0.20782056,0.22138302,0.29570594,0.26443863,0.23648852,0.27282014,0.133133,0.23879375,0.24416013,0.2918476,0.26162344,0.25598708,0.23434663,0.22449544,0.29787743,0.28861588,0.25069463,0.19060722,0.29303345,0.27907303,0.2527149,0.25581157,0.24250546,0.2435348,0.21274365,0.24376538,0.28789127,0.29086742,0.29146105,0.3043695,0.263298,0.24122447,0.28464335,0.26781386,0.2880254,0.28822076,0.17880753,0.24274643,0.19615552,0.24432966,0.23057835,0.23949264,0.26446104,0.27149257,0.2818393,0.19351694,0.25514224,0.26106197,0.27744928,0.32242215,0.22932571,0.1758964,0.2436575,0.23977268,0.25548264,0.20321509,0.25598693,0.22417691,0.29755345,0.22931117,0.32099307,0.2871296,0.27985716,0.256076,0.17837733,0.17159829,0.19617489,0.16156572,0.29253927,0.24726969,0.27645886,0.28789768,0.31858838,0.26714253,0.30364627,0.25307736,0.26625156,0.22094896,0.2687195,0.3021456,0.252056,0.26451895,0.31191248,0.32468644,0.17748195,0.12992796,0.1689932,0.16792595,0.16288236,0.16039982,0.17304459,0.12757021,0.15215331,0.12572087,0.2250494,0.09172641
0.19174047,0.18687382,0.27411953,0.20668691,0.25661713,0.18895781,0.21147656,0.21623152,0.23441476,0.18589878,0.21382564,0.1842508,0.24788338,0.2664735,0.2420438,0.20382619,0.2627046,0.24915063,0.23933929,0.23760967,0.19860733,0.20990297,0.26810068,0.22508548,0.22987965,0.20711309,0.23942097,0.17834926,0.21520379,0.2149888,0.18554068,0.13801977,0.19892825,0.24237333,0.2190616,0.18861403,0.2673188,0.1406815,0.3031345,0.21493502,0.2280438,0.23192123,0.3234343,0.23835312,0.20372368,0.26518777,0.1729461,0.15958965,0.24365354,0.21147028,0.1519584,0.19460975,0.16716817,0.19093032,0.20174785,0.20634437,0.3012895,0.2629016,0.24900718,0.18294808,0.17991155,0.18043046,0.25992888,0.21840459,0.27870637,0.24646974,0.1854632,0.26232255,0.25057784,0.18548363,0.18267584,0.22081915,0.30920964,0.30220997,0.16553421,0.18996358,0.031737983,0.11698496,0.25254947,0.22976282,0.28787628,0.17764959,0.20460626,0.18113275,0.20426854,0.20481998,0.2102631,0.19240075,0.31612563,0.2264116,0.21545127,0.24123266,0.19294584,0.20609403,0.1910464,0.24381816,0.2524185,0.30017537,0.24864179,0.2926535,0.22595215,0.2139022,0.23045279,0.30424446,0.22569224,0.22509566,0.14793557,0.20505416,0.21049994,0.2247501,0.260557,0.21081717,0.2256082,0.29108346,0.22218427,0.20764703,0.20628867,0.23503694,0.3143642,0.28410387,0.07959324,0.10651756,0.09106693,0.039899692,0.12640633,0.06106268,0.11152024,0.10358864,0.2680568,0.22342147,0.2505888,0.29715186,0.20551643,0.15250897,0.15374015,0.079701826,0.12709534,0.09647477,0.21273714,0.15727855,0.255982,0.253264,0.3216004,0.2443328,0.306967,0.26250747,0.19236092,0.22483845,0.2785821,0.27071288,0.23696516,0.16286525,0.32618245,0.32185423,0.071451664,0.056913733,0.037648022,0.03746883,0.09605269,0.06972769,0.04734455,0.022259653,0.023065552,0.031844854,0.08452028,0.03764616
0.30114025,0.277804,0.33324564,0.31382167,0.3216325,0.28092766,0.32811922,0.29250747,0.320737,0.2663776,0.33037323,0.2866354,0.3339944,0.34705728,0.28529933,0.3164372,0.34136906,0.38846654,0.2830104,0.3031317,0.3155474,0.33246398,0.3338796,0.3399335,0.31675598,0.31015342,0.2962519,0.25885034,0.3019451,0.29069903,0.31443912,0.22057211,0.3420381,0.3171522,0.37154874,0.2688111,0.29438198,0.22755599,0.337396,0.32409412,0.31203863,0.38535717,0.40999264,0.37172788,0.29682815,0.29812348,0.30792505,0.28822142,0.34151632,0.33129892,0.24726671,0.28250527,0.27043664,0.30970743,0.30616304,0.32451278,0.35276052,0.37232205,0.33356914,0.25557005,0.2880598,0.22260273,0.30969843,0.2708818,0.38349825,0.29311854,0.3026445,0.27393094,0.29128957,0.29519242,0.27635625,0.26964396,0.33017778,0.2984594,0.24074262,0.29359198,0.08245169,0.18782723,0.30347562,0.33704814,0.38109124,0.3128016,0.29256344,0.2664354,0.34105772,0.33953667,0.2874921,0.24834548,0.36605492,0.36599156,0.32040295,0.30889767,0.29480496,0.2727666,0.29454905,0.3386597,0.33523923,0.35533112,0.3684297,0.4093254,0.3523969,0.26326212,0.3458132,0.33825392,0.3345124,0.33483487,0.22015244,0.24157459,0.25994784,0.2955491,0.30526102,0.34335402,0.31539604,0.35868484,0.33993053,0.23193407,0.30209684,0.29725945,0.34658635,0.33023798,0.09626825,0.105845,0.118915364,0.07913306,0.15522689,0.07779162,0.18063156,0.1365298,0.30336583,0.24188218,0.34747237,0.3485849,0.32005942,0.23314713,0.1843509,0.10775472,0.2175329,0.11387315,0.2946332,0.20327264,0.3427362,0.34503242,0.35296953,0.28789604,0.35518274,0.29329824,0.33472675,0.27900514,0.32494575,0.31531614,0.3333739,0.25224954,0.3766599,0.39747852,0.11778293,0.05755794,0.06297197,0.08655332,0.1336092,0.12888417,0.07733195,0.035080925,0.051635146,0.033077836,0.14695515,0.06543008
0.2507174,0.23332024,0.29183236,0.24605696,0.2904595,0.21583712,0.2873996,0.2494268,0.2939515,0.24335466,0.2906355,0.24643764,0.28888595,0.28912234,0.24839275,0.26598984,0.29875776,0.309089,0.23997596,0.26926294,0.24450338,0.27510512,0.28204155,0.29377803,0.27662376,0.25994074,0.2602809,0.19792584,0.2529779,0.24338642,0.23916589,0.17210609,0.32349396,0.28980458,0.29216486,0.24266976,0.26765704,0.19622985,0.30720404,0.30946234,0.2722492,0.30962884,0.33338848,0.31348795,0.24747612,0.2569821,0.24714616,0.22634885,0.26232928,0.2770033,0.2161021,0.2324208,0.22909233,0.24805064,0.2747467,0.27475974,0.30557185,0.32767475,0.25980344,0.23609138,0.2512618,0.20228897,0.28002268,0.23426068,0.2971285,0.2560121,0.2770719,0.25603306,0.24903293,0.2292766,0.23879735,0.23657978,0.319343,0.30479765,0.18540987,0.228176,0.072589785,0.1485322,0.25485665,0.30426192,0.2939888,0.2618452,0.25074685,0.20970187,0.30047628,0.2831437,0.26001826,0.20850754,0.30701998,0.2888682,0.27055866,0.26819104,0.24375483,0.24363871,0.25697306,0.27199268,0.2926528,0.32491088,0.30741194,0.3255217,0.29384026,0.24779244,0.31810898,0.28366637,0.302696,0.29644942,0.20367992,0.24143064,0.21894228,0.24729818,0.25788704,0.27696672,0.2743044,0.31278458,0.29898524,0.23351592,0.2524501,0.2740386,0.30808014,0.3035343,0.077502005,0.10032473,0.10609236,0.07901744,0.12503934,0.065881,0.16203034,0.089001685,0.25666758,0.21358001,0.30141175,0.30919892,0.2750534,0.21135621,0.17009121,0.108879335,0.18066558,0.109116636,0.26989657,0.18797183,0.30677795,0.30910143,0.31628886,0.265343,0.30939814,0.24868864,0.28835908,0.23320934,0.29372206,0.28725576,0.2723173,0.21379998,0.3425843,0.33601758,0.11379969,0.063107766,0.062102895,0.062226616,0.10970791,0.10557905,0.08080596,0.047746856,0.048320137,0.048226953,0.1286424,0.048204053
0.19174047,0.18687382,0.27411953,0.20668691,0.25661713,0.18895781,0.21147656,0.21623152,0.23441476,0.18589878,0.21382564,0.1842508,0.24788338,0.2664735,0.2420438,0.20382619,0.2627046,0.24915063,0.23933929,0.23760967,0.19860733,0.20990297,0.26810068,0.22508548,0.22987965,0.20711309,0.23942097,0.17834926,0.21520379,0.2149888,0.18554068,0.13801977,0.19892825,0.24237333,0.2190616,0.18861403,0.2673188,0.1406815,0.3031345,0.21493502,0.2280438,0.23192123,0.3234343,0.23835312,0.20372368,0.26518777,0.1729461,0.15958965,0.24365354,0.21147028,0.1519584,0.19460975,0.16716817,0.19093032,0.20174785,0.20634437,0.3012895,0.2629016,0.24900718,0.18294808,0.17991155,0.18043046,0.25992888,0.21840459,0.27870637,0.24646974,0.1854632,0.26232255,0.25057784,0.18548363,0.18267584,0.22081915,0.30920964,0.30220997,0.16553421,0.18996358,0.031737983,0.11698496,0.25254947,0.22976282,0.28787628,0.17764959,0.20460626,0.18113275,0.20426854,0.20481998,0.2102631,0.19240075,0.31612563,0.2264116,0.21545127,0.24123266,0.19294584,0.20609403,0.1910464,0.24381816,0.2524185,0.30017537,0.24864179,0.2926535,0.22595215,0.2139022,0.23045279,0.30424446,0.22569224,0.22509566,0.14793557,0.20505416,0.21049994,0.2247501,0.260557,0.21081717,0.2256082,0.29108346,0.22218427,0.20764703,0.20628867,0.23503694,0.3143642,0.28410387,0.07959324,0.10651756,0.09106693,0.039899692,0.12640633,0.06106268,0.11152024,0.10358864,0.2680568,0.22342147,0.2505888,0.29715186,0.20551643,0.15250897,0.15374015,0.079701826,0.12709534,0.09647477,0.21273714,0.15727855,0.255982,0.253264,0.3216004,0.2443328,0.306967,0.26250747,0.19236092,0.22483845,0.2785821,0.27071288,0.23696516,0.16286525,0.32618245,0.32185423,0.071451664,0.056913733,0.037648022,0.03746883,0.09605269,0.06972769,0.04734455,0.022259653,0.023065552,0.031844854,0.08452028,0.03764616
0.30114025,0.277804,0.33324564,0.31382167,0.3216325,0.28092766,0.32811922,0.29250747,0.320737,0.2663776,0.33037323,0.2866354,0.3339944,0.34705728,0.28529933,0.3164372,0.34136906,0.38846654,0.2830104,0.3031317,0.3155474,0.33246398,0.3338796,0.3399335,0.31675598,0.31015342,0.2962519,0.25885034,0.3019451,0.29069903,0.31443912,0.22057211,0.3420381,0.3171522,0.37154874,0.2688111,0.29438198,0.22755599,0.337396,0.32409412,0.31203863,0.38535717,0.40999264,0.37172788,0.29682815,0.29812348,0.30792505,0.28822142,0.34151632,0.33129892,0.24726671,0.28250527,0.27043664,0.30970743,0.30616304,0.32451278,0.35276052,0.37232205,0.33356914,0.25557005,0.2880598,0.22260273,0.30969843,0.2708818,0.38349825,0.29311854,0.3026445,0.27393094,0.29128957,0.29519242,0.27635625,0.26964396,0.33017778,0.2984594,0.24074262,0.29359198,0.08245169,0.18782723,0.30347562,0.33704814,0.38109124,0.3128016,0.29256344,0.2664354,0.34105772,0.33953667,0.2874921,0.24834548,0.36605492,0.36599156,0.32040295,0.30889767,0.29480496,0.2727666,0.29454905,0.3386597,0.33523923,0.35533112,0.3684297,0.4093254,0.3523969,0.26326212,0.3458132,0.33825392,0.3345124,0.33483487,0.22015244,0.24157459,0.25994784,0.2955491,0.30526102,0.34335402,0.31539604,0.35868484,0.33993053,0.23193407,0.30209684,0.29725945,0.34658635,0.33023798,0.09626825,0.105845,0.118915364,0.07913306,0.15522689,0.07779162,0.18063156,0.1365298,0.30336583,0.24188218,0.34747237,0.3485849,0.32005942,0.23314713,0.1843509,0.10775472,0.2175329,0.11387315,0.2946332,0.20327264,0.3427362,0.34503242,0.35296953,0.28789604,0.35518274,0.29329824,0.33472675,0.27900514,0.32494575,0.31531614,0.3333739,0.25224954,0.3766599,0.39747852,0.11778293,0.05755794,0.06297197,0.08655332,0.1336092,0.12888417,0.07733195,0.035080925,0.051635146,0.033077836,0.14695515,0.06543008
0.2528511,0.2384627,0.25854474,0.25847363,0.25566208,0.2545117,0.2735295,0.25067058,0.25467777,0.2394078,0.26663736,0.255493,0.28157538,0.25557655,0.24338244,0.2843964,0.27522632,0.28288144,0.23418052,0.26180315,0.25768435,0.27256995,0.26010802,0.2701916,0.2533328,0.238312,0.22150092,0.20691574,0.2399884,0.23643836,0.2264049,0.1759019,0.2972783,0.28311664,0.2686923,0.28791982,0.26259515,0.25405797,0.28943765,0.28725243,0.25300667,0.30526745,0.30914152,0.28971216,0.25670835,0.30550933,0.23628393,0.24149108,0.24863298,0.26575726,0.20264915,0.23116392,0.24820483,0.2378039,0.255477,0.2576248,0.28896886,0.2838079,0.23590642,0.22377259,0.22404312,0.19589877,0.26534235,0.22556597,0.25258774,0.24281377,0.27402264,0.2153334,0.21901926,0.24573578,0.20782056,0.22138302,0.29570594,0.26443863,0.23648852,0.27282014,0.133133,0.23879375,0.24416013,0.2918476,0.26162344,0.25598708,0.23434663,0.22449544,0.29787743,0.28861588,0.25069463,0.19060722,0.29303345,0.27907303,0.2527149,0.25581157,0.24250546,0.2435348,0.21274365,0.24376538,0.28789127,0.29086742,0.29146105,0.3043695,0.263298,0.24122447,0.28464335,0.26781386,0.2880254,0.28822076,0.17880753,0.24274643,0.19615552,0.24432966,0.23057835,0.23949264,0.26446104,0.27149257,0.2818393,0.19351694,0.25514224,0.26106197,0.27744928,0.32242215,0.22932571,0.1758964,0.2436575,0.23977268,0.25548264,0.20321509,0.25598693,0.22417691,0.29755345,0.22931117,0.32099307,0.2871296,0.27985716,0.256076,0.17837733,0.17159829,0.19617489,0.16156572,0.29253927,0.24726969,0.27645886,0.28789768,0.31858838,0.26714253,0.30364627,0.25307736,0.26625156,0.22094896,0.2687195,0.3021456,0.252056,0.26451895,0.31191248,0.32468644,0.17748195,0.12992796,0.1689932,0.16792595,0.16288236,0.16039982,0.17304459,0.12757021,0.15215331,0.12572087,0.2250494,0.09172641
0.2507174,0.23332024,0.29183236,0.24605696,0.2904595,0.21583712,0.2873996,0.2494268,0.2939515,0.24335466,0.2906355,0.24643764,0.28888595,0.28912234,0.24839275,0.26598984,0.29875776,0.309089,0.23997596,0.26926294,0.24450338,0.27510512,0.28204155,0.29377803,0.27662376,0.25994074,0.2602809,0.19792584,0.2529779,0.24338642,0.23916589,0.17210609,0.32349396,0.28980458,0.29216486,0.24266976,0.26765704,0.19622985,0.30720404,0.30946234,0.2722492,0.30962884,0.33338848,0.31348795,0.24747612,0.2569821,0.24714616,0.22634885,0.26232928,0.2770033,0.2161021,0.2324208,0.22909233,0.24805064,0.2747467,0.27475974,0.30557185,0.32767475,0.25980344,0.23609138,0.2512618,0.20228897,0.28002268,0.23426068,0.2971285,0.2560121,0.2770719,0.25603306,0.24903293,0.2292766,0.23879735,0.23657978,0.319343,0.30479765,0.18540987,0.228176,0.072589785,0.1485322,0.25485665,0.30426192,0.2939888,0.2618452,0.25074685,0.20970187,0.30047628,0.2831437,0.26001826,0.20850754,0.30701998,0.2888682,0.27055866,0.26819104,0.24375483,0.24363871,0.25697306,0.27199268,0.2926528,0.32491088,0.30741194,0.3255217,0.29384026,0.24779244,0.31810898,0.28366637,0.302696,0.29644942,0.20367992,0.24143064,0.21894228,0.24729818,0.25788704,0.27696672,0.2743044,0.31278458,0.29898524,0.23351592,0.2524501,0.2740386,0.30808014,0.3035343,0.077502005,0.10032473,0.10609236,0.07901744,0.12503934,0.065881,0.16203034,0.089001685,0.25666758,0.21358001,0.30141175,0.30919892,0.2750534,0.21135621,0.17009121,0.108879335,0.18066558,0.109116636,0.26989657,0.18797183,0.30677795,0.30910143,0.31628886,0.265343,0.30939814,0.24868864,0.28835908,0.23320934,0.29372206,0.28725576,0.2723173,0.21379998,0.3425843,0.33601758,0.11379969,0.063107766,0.062102895,0.062226616,0.10970791,0.10557905,0.08080596,0.047746856,0.048320137,0.048226953,0.1286424,0.048204053
0.3079238,0.28711265,0.32410723,0.29549998,0.31383377,0.3158071,0.32919502,0.32658872,0.31948596,0.28907728,0.3149413,0.3111542,0.30769914,0.3268921,0.30890864,0.2894296,0.29058787,0.30053803,0.30260107,0.30878058,0.29276812,0.29458845,0.30078715,0.30126953,0.3243159,0.30932817,0.2848097,0.26257324,0.28628445,0.27981368,0.26590538,0.2513599,0.2995119,0.2873507,0.33458814,0.24516673,0.2662149,0.20193118,0.277155,0.29577202,0.29723138,0.337618,0.3547184,0.3569456,0.28742254,0.2852335,0.25630605,0.2533115,0.29685366,0.33916172,0.25803524,0.22896904,0.2835421,0.29092872,0.2904725,0.31897175,0.34610683,0.3277059,0.29042178,0.2939089,0.27703175,0.26769534,0.2903303,0.3029905,0.3216549,0.32089427,0.29548708,0.2761376,0.25881216,0.26755893,0.24506861,0.2454974,0.2992653,0.2769924,0.21083046,0.28417814,0.06891526,0.15967098,0.27650562,0.29970598,0.3153687,0.309845,0.26217055,0.27626938,0.30700254,0.30969274,0.29004216,0.26406533,0.3300948,0.3421007,0.30387402,0.31095633,0.29709464,0.26390278,0.26560283,0.29894748,0.32450294,0.32986525,0.33796445,0.34508723,0.30509567,0.2753873,0.36474252,0.33645564,0.3201776,0.33984584,0.18786234,0.23027687,0.26003772,0.28115398,0.28748822,0.27783954,0.30392677,0.30902195,0.32290375,0.2251275,0.28798836,0.3257733,0.32171613,0.31206375,0.05496922,0.09505063,0.12709093,0.10647632,0.15163249,0.079598926,0.16183862,0.08747802,0.24984929,0.20853281,0.33822638,0.32252237,0.3061692,0.25657156,0.20019642,0.11050317,0.20001039,0.07862676,0.31088603,0.20421556,0.31121203,0.34139442,0.3353659,0.32636425,0.33293605,0.29256764,0.28946975,0.27208513,0.34206665,0.3336569,0.30332565,0.24256258,0.35529926,0.36958548,0.13713944,0.079327926,0.059996575,0.039191544,0.105511,0.090560645,0.11275166,0.05580339,0.06308235,0.04453,0.13595192,0.06966184
0.2528511,0.2384627,0.25854474,0.25847363,0.25566208,0.2545117,0.2735295,0.25067058,0.25467777,0.2394078,0.26663736,0.255493,0.28157538,0.25557655,0.24338244,0.2843964,0.27522632,0.28288144,0.23418052,0.26180315,0.25768435,0.27256995,0.26010802,0.2701916,0.2533328,0.238312,0.22150092,0.20691574,0.2399884,0.23643836,0.2264049,0.1759019,0.2972783,0.28311664,0.2686923,0.28791982,0.26259515,0.25405797,0.28943765,0.28725243,0.25300667,0.30526745,0.30914152,0.28971216,0.25670835,0.30550933,0.23628393,0.24149108,0.24863298,0.26575726,0.20264915,0.23116392,0.24820483,0.2378039,0.255477,0.2576248,0.28896886,0.2838079,0.23590642,0.22377259,0.22404312,0.19589877,0.26534235,0.22556597,0.25258774,0.24281377,0.27402264,0.2153334,0.21901926,0.24573578,0.20782056,0.22138302,0.29570594,0.26443863,0.23648852,0.27282014,0.133133,0.23879375,0.24416013,0.2918476,0.26162344,0.25598708,0.23434663,0.22449544,0.29787743,0.28861588,0.25069463,0.19060722,0.29303345,0.27907303,0.2527149,0.25581157,0.24250546,0.2435348,0.21274365,0.24376538,0.28789127,0.29086742,0.29146105,0.3043695,0.263298,0.24122447,0.28464335,0.26781386,0.2880254,0.28822076,0.17880753,0.24274643,0.19615552,0.24432966,0.23057835,0.23949264,0.26446104,0.27149257,0.2818393,0.19351694,0.25514224,0.26106197,0.27744928,0.32242215,0.22932571,0.1758964,0.2436575,0.23977268,0.25548264,0.20321509,0.25598693,0.22417691,0.29755345,0.22931117,0.32099307,0.2871296,0.27985716,0.256076,0.17837733,0.17159829,0.19617489,0.16156572,0.29253927,0.24726969,0.27645886,0.28789768,0.31858838,0.26714253,0.30364627,0.25307736,0.26625156,0.22094896,0.2687195,0.3021456,0.252056,0.26451895,0.31191248,0.32468644,0.17748195,0.12992796,0.1689932,0.16792595,0.16288236,0.16039982,0.17304459,0.12757021,0.15215331,0.12572087,0.2250494,0.09172641
0.30114028,0.27780414,0.3332457,0.31382158,0.3216325,0.28092772,0.32811922,0.29250762,0.32073703,0.2663776,0.3303733,0.28663546,0.33399457,0.34705728,0.2852994,0.31643724,0.34136906,0.38846648,0.28301057,0.30313173,0.31554747,0.33246398,0.33387956,0.3399335,0.3167561,0.3101535,0.2962518,0.25885034,0.3019452,0.29069906,0.31443906,0.22057217,0.3420381,0.31715214,0.37154868,0.26881108,0.29438198,0.22755611,0.337396,0.32409433,0.31203857,0.38535717,0.4099926,0.37172785,0.29682815,0.29812342,0.307925,0.2882213,0.34151638,0.33129895,0.24726674,0.28250518,0.27043673,0.3097074,0.30616304,0.32451278,0.35276046,0.37232208,0.33356914,0.25556993,0.28805983,0.22260273,0.3096985,0.27088192,0.38349843,0.29311848,0.30264443,0.27393097,0.29128963,0.29519233,0.27635628,0.269644,0.33017778,0.29845947,0.24074262,0.29359198,0.082451604,0.18782715,0.30347553,0.33704835,0.38109115,0.3128016,0.2925635,0.2664353,0.34105784,0.33953667,0.28749204,0.24834551,0.366055,0.36599156,0.320403,0.30889773,0.29480505,0.2727667,0.294549,0.33865973,0.33523923,0.35533112,0.36842957,0.4093254,0.3523969,0.26326218,0.34581333,0.33825395,0.3345126,0.33483493,0.22015241,0.24157459,0.2599479,0.29554915,0.30526108,0.343354,0.31539604,0.35868487,0.33993053,0.2319341,0.3020969,0.29725942,0.34658647,0.33023816,0.09626825,0.10584503,0.11891542,0.07913306,0.15522695,0.077791765,0.18063165,0.1365298,0.30336577,0.24188226,0.3474723,0.3485849,0.32005942,0.23314711,0.184351,0.10775481,0.21753293,0.11387313,0.29463333,0.20327264,0.34273612,0.34503233,0.35296947,0.2878961,0.35518277,0.29329813,0.3347268,0.27900517,0.32494575,0.31531614,0.3333738,0.2522496,0.37665993,0.39747852,0.11778298,0.05755806,0.06297205,0.086553305,0.1336092,0.12888423,0.07733195,0.035080925,0.051635146,0.03307803,0.1469551,0.06543011
0.19174047,0.18687382,0.27411953,0.20668691,0.25661713,0.18895781,0.21147656,0.21623152,0.23441476,0.18589878,0.21382564,0.1842508,0.24788338,0.2664735,0.2420438,0.20382619,0.2627046,0.24915063,0.23933929,0.23760967,0.19860733,0.20990297,0.26810068,0.22508548,0.22987965,0.20711309,0.23942097,0.17834926,0.21520379,0.2149888,0.18554068,0.13801977,0.19892825,0.24237333,0.2190616,0.18861403,0.2673188,0.1406815,0.3031345,0.21493502,0.2280438,0.23192123,0.3234343,0.23835312,0.20372368,0.26518777,0.1729461,0.15958965,0.24365354,0.21147028,0.1519584,0.19460975,0.16716817,0.19093032,0.20174785,0.20634437,0.3012895,0.2629016,0.24900718,0.18294808,0.17991155,0.18043046,0.25992888,0.21840459,0.27870637,0.24646974,0.1854632,0.26232255,0.25057784,0.18548363,0.18267584,0.22081915,0.30920964,0.30220997,0.16553421,0.18996358,0.031737983,0.11698496,0.25254947,0.22976282,0.28787628,0.17764959,0.20460626,0.18113275,0.20426854,0.20481998,0.2102631,0.19240075,0.31612563,0.2264116,0.21545127,0.24123266,0.19294584,0.20609403,0.1910464,0.24381816,0.2524185,0.30017537,0.24864179,0.2926535,0.22595215,0.2139022,0.23045279,0.30424446,0.22569224,0.22509566,0.14793557,0.20505416,0.21049994,0.2247501,0.260557,0.21081717,0.2256082,0.29108346,0.22218427,0.20764703,0.20628867,0.23503694,0.3143642,0.28410387,0.07959324,0.10651756,0.09106693,0.039899692,0.12640633,0.06106268,0.11152024,0.10358864,0.2680568,0.22342147,0.2505888,0.29715186,0.20551643,0.15250897,0.15374015,0.079701826,0.12709534,0.09647477,0.21273714,0.15727855,0.255982,0.253264,0.3216004,0.2443328,0.306967,0.26250747,0.19236092,0.22483845,0.2785821,0.27071288,0.23696516,0.16286525,0.32618245,0.32185423,0.071451664,0.056913733,0.037648022,0.03746883,0.09605269,0.06972769,0.04734455,0.022259653,0.023065552,0.031844854,0.08452028,0.03764616
0.3079238,0.28711265,0.32410723,0.29549998,0.31383377,0.3158071,0.32919502,0.32658872,0.31948596,0.28907728,0.3149413,0.3111542,0.30769914,0.3268921,0.30890864,0.2894296,0.29058787,0.30053803,0.30260107,0.30878058,0.29276812,0.29458845,0.30078715,0.30126953,0.3243159,0.30932817,0.2848097,0.26257324,0.28628445,0.27981368,0.26590538,0.2513599,0.2995119,0.2873507,0.33458814,0.24516673,0.2662149,0.20193118,0.277155,0.29577202,0.29723138,0.337618,0.3547184,0.3569456,0.28742254,0.2852335,0.25630605,0.2533115,0.29685366,0.33916172,0.25803524,0.22896904,0.2835421,0.29092872,0.2904725,0.31897175,0.34610683,0.3277059,0.29042178,0.2939089,0.27703175,0.26769534,0.2903303,0.3029905,0.3216549,0.32089427,0.29548708,0.2761376,0.25881216,0.26755893,0.24506861,0.2454974,0.2992653,0.2769924,0.21083046,0.28417814,0.06891526,0.15967098,0.27650562,0.29970598,0.3153687,0.309845,0.26217055,0.27626938,0.30700254,0.30969274,0.29004216,0.26406533,0.3300948,0.3421007,0.30387402,0.31095633,0.29709464,0.26390278,0.26560283,0.29894748,0.32450294,0.32986525,0.33796445,0.34508723,0.30509567,0.2753873,0.36474252,0.33645564,0.3201776,0.33984584,0.18786234,0.23027687,0.26003772,0.28115398,0.28748822,0.27783954,0.30392677,0.30902195,0.32290375,0.2251275,0.28798836,0.3257733,0.32171613,0.31206375,0.05496922,0.09505063,0.12709093,0.10647632,0.15163249,0.079598926,0.16183862,0.08747802,0.24984929,0.20853281,0.33822638,0.32252237,0.3061692,0.25657156,0.20019642,0.11050317,0.20001039,0.07862676,0.31088603,0.20421556,0.31121203,0.34139442,0.3353659,0.32636425,0.33293605,0.29256764,0.28946975,0.27208513,0.34206665,0.3336569,0.30332565,0.24256258,0.35529926,0.36958548,0.13713944,0.079327926,0.059996575,0.039191544,0.105511,0.090560645,0.11275166,0.05580339,0.06308235,0.04453,0.13595192,0.06966184
0.2507174,0.23332025,0.29183233,0.246057,0.29045954,0.21583694,0.2873996,0.2494268,0.29395145,0.24335468,0.29063553,0.24643767,0.288886,0.28912225,0.24839282,0.26598984,0.29875773,0.30908906,0.23997599,0.2692629,0.24450341,0.2751052,0.2820416,0.29377812,0.27662382,0.25994068,0.26028088,0.19792582,0.2529779,0.2433864,0.23916593,0.17210609,0.32349396,0.28980464,0.29216492,0.24266979,0.26765692,0.19623,0.30720407,0.30946237,0.27224922,0.30962896,0.33338845,0.3134879,0.24747612,0.25698215,0.24714625,0.22634889,0.26232934,0.27700335,0.21610212,0.23242071,0.22909234,0.24805063,0.2747467,0.27475974,0.30557188,0.3276747,0.25980344,0.23609132,0.25126177,0.20228896,0.28002268,0.23426066,0.2971286,0.2560121,0.2770719,0.2560329,0.24903284,0.22927661,0.23879729,0.23657975,0.31934297,0.30479768,0.18540987,0.22817603,0.07258981,0.14853218,0.25485665,0.30426198,0.2939889,0.26184523,0.25074685,0.20970196,0.30047625,0.2831437,0.26001826,0.20850757,0.30701995,0.28886828,0.2705587,0.26819104,0.24375486,0.24363875,0.2569731,0.27199262,0.29265288,0.32491088,0.30741197,0.32552177,0.29384023,0.24779248,0.31810898,0.28366643,0.302696,0.2964495,0.20368001,0.24143067,0.21894224,0.24729818,0.2578871,0.27696678,0.27430445,0.3127845,0.29898533,0.23351589,0.25245002,0.2740386,0.3080801,0.30353436,0.07750198,0.10032468,0.10609242,0.0790175,0.12503941,0.06588107,0.16203037,0.089001596,0.2566676,0.21358007,0.30141187,0.30919904,0.27505338,0.21135627,0.17009115,0.108879395,0.18066555,0.109116666,0.26989663,0.18797186,0.30677804,0.30910146,0.31628898,0.26534304,0.30939826,0.24868861,0.2883592,0.23320933,0.29372206,0.2872557,0.27231735,0.21380012,0.34258437,0.33601764,0.11379953,0.06310787,0.062102936,0.06222666,0.10970787,0.10557912,0.08080593,0.047746968,0.048320122,0.048226893,0.12864241,0.048204158
0.19174047,0.18687382,0.27411953,0.20668691,0.25661713,0.18895781,0.21147656,0.21623152,0.23441476,0.18589878,0.21382564,0.1842508,0.24788338,0.2664735,0.2420438,0.20382619,0.2627046,0.24915063,0.23933929,0.23760967,0.19860733,0.20990297,0.26810068,0.22508548,0.22987965,0.20711309,0.23942097,0.17834926,0.21520379,0.2149888,0.18554068,0.13801977,0.19892825,0.24237333,0.2190616,0.18861403,0.2673188,0.1406815,0.3031345,0.21493502,0.2280438,0.23192123,0.3234343,0.23835312,0.20372368,0.26518777,0.1729461,0.15958965,0.24365354,0.21147028,0.1519584,0.19460975,0.16716817,0.19093032,0.20174785,0.20634437,0.3012895,0.2629016,0.24900718,0.18294808,0.17991155,0.18043046,0.25992888,0.21840459,0.27870637,0.24646974,0.1854632,0.26232255,0.25057784,0.18548363,0.18267584,0.22081915,0.30920964,0.30220997,0.16553421,0.18996358,0.031737983,0.11698496,0.25254947,0.22976282,0.28787628,0.17764959,0.20460626,0.18113275,0.20426854,0.20481998,0.2102631,0.19240075,0.31612563,0.2264116,0.21545127,0.24123266,0.19294584,0.20609403,0.1910464,0.24381816,0.2524185,0.30017537,0.24864179,0.2926535,0.22595215,0.2139022,0.23045279,0.30424446,0.22569224,0.22509566,0.14793557,0.20505416,0.21049994,0.2247501,0.260557,0.21081717,0.2256082,0.29108346,0.22218427,0.20764703,0.20628867,0.23503694,0.3143642,0.28410387,0.07959324,0.10651756,0.09106693,0.039899692,0.12640633,0.06106268,0.11152024,0.10358864,0.2680568,0.22342147,0.2505888,0.29715186,0.20551643,0.15250897,0.15374015,0.079701826,0.12709534,0.09647477,0.21273714,0.15727855,0.255982,0.253264,0.3216004,0.2443328,0.306967,0.26250747,0.19236092,0.22483845,0.2785821,0.27071288,0.23696516,0.16286525,0.32618245,0.32185423,0.071451664,0.056913733,0.037648022,0.03746883,0.09605269,0.06972769,0.04734455,0.022259653,0.023065552,0.031844854,0.08452028,0.03764616
0.2528511,0.2384627,0.25854474,0.25847363,0.25566208,0.2545117,0.2735295,0.25067058,0.25467777,0.2394078,0.26663736,0.255493,0.28157538,0.25557655,0.24338244,0.2843964,0.27522632,0.28288144,0.23418052,0.26180315,0.25768435,0.27256995,0.26010802,0.2701916,0.2533328,0.238312,0.22150092,0.20691574,0.2399884,0.23643836,0.2264049,0.1759019,0.2972783,0.28311664,0.2686923,0.28791982,0.26259515,0.25405797,0.28943765,0.28725243,0.25300667,0.30526745,0.30914152,0.28971216,0.25670835,0.30550933,0.23628393,0.24149108,0.24863298,0.26575726,0.20264915,0.23116392,0.24820483,0.2378039,0.255477,0.2576248,0.28896886,0.2838079,0.23590642,0.22377259,0.22404312,0.19589877,0.26534235,0.22556597,0.25258774,0.24281377,0.27402264,0.2153334,0.21901926,0.24573578,0.20782056,0.22138302,0.29570594,0.26443863,0.23648852,0.27282014,0.133133,0.23879375,0.24416013,0.2918476,0.26162344,0.25598708,0.23434663,0.22449544,0.29787743,0.28861588,0.25069463,0.19060722,0.29303345,0.27907303,0.2527149,0.25581157,0.24250546,0.2435348,0.21274365,0.24376538,0.28789127,0.29086742,0.29146105,0.3043695,0.263298,0.24122447,0.28464335,0.26781386,0.2880254,0.28822076,0.17880753,0.24274643,0.19615552,0.24432966,0.23057835,0.23949264,0.26446104,0.27149257,0.2818393,0.19351694,0.25514224,0.26106197,0.27744928,0.32242215,0.22932571,0.1758964,0.2436575,0.23977268,0.25548264,0.20321509,0.25598693,0.22417691,0.29755345,0.22931117,0.32099307,0.2871296,0.27985716,0.256076,0.17837733,0.17159829,0.19617489,0.16156572,0.29253927,0.24726969,0.27645886,0.28789768,0.31858838,0.26714253,0.30364627,0.25307736,0.26625156,0.22094896,0.2687195,0.3021456,0.252056,0.26451895,0.31191248,0.32468644,0.17748195,0.12992796,0.1689932,0.16792595,0.16288236,0.16039982,0.17304459,0.12757021,0.15215331,0.12572087,0.2250494,0.09172641
0.30114025,0.277804,0.33324564,0.31382167,0.3216325,0.28092766,0.32811922,0.29250747,0.320737,0.2663776,0.33037323,0.2866354,0.3339944,0.34705728,0.28529933,0.3164372,0.34136906,0.38846654,0.2830104,0.3031317,0.3155474,0.33246398,0.3338796,0.3399335,0.31675598,0.31015342,0.2962519,0.25885034,0.3019451,0.29069903,0.31443912,0.22057211,0.3420381,0.3171522,0.37154874,0.2688111,0.29438198,0.22755599,0.337396,0.32409412,0.31203863,0.38535717,0.40999264,0.37172788,0.29682815,0.29812348,0.30792505,0.28822142,0.34151632,0.33129892,0.24726671,0.28250527,0.27043664,0.30970743,0.30616304,0.32451278,0.35276052,0.37232205,0.33356914,0.25557005,0.2880598,0.22260273,0.30969843,0.2708818,0.38349825,0.29311854,0.3026445,0.27393094,0.29128957,0.29519242,0.27635625,0.26964396,0.33017778,0.2984594,0.24074262,0.29359198,0.08245169,0.18782723,0.30347562,0.33704814,0.38109124,0.3128016,0.29256344,0.2664354,0.34105772,0.33953667,0.2874921,0.24834548,0.36605492,0.36599156,0.32040295,0.30889767,0.29480496,0.2727666,0.29454905,0.3386597,0.33523923,0.35533112,0.3684297,0.4093254,0.3523969,0.26326212,0.3458132,0.33825392,0.3345124,0.33483487,0.22015244,0.24157459,0.25994784,0.2955491,0.30526102,0.34335402,0.31539604,0.35868484,0.33993053,0.23193407,0.30209684,0.29725945,0.34658635,0.33023798,0.09626825,0.105845,0.118915364,0.07913306,0.15522689,0.07779162,0.18063156,0.1365298,0.30336583,0.24188218,0.34747237,0.3485849,0.32005942,0.23314713,0.1843509,0.10775472,0.2175329,0.11387315,0.2946332,0.20327264,0.3427362,0.34503242,0.35296953,0.28789604,0.35518274,0.29329824,0.33472675,0.27900514,0.32494575,0.31531614,0.3333739,0.25224954,0.3766599,0.39747852,0.11778293,0.05755794,0.06297197,0.08655332,0.1336092,0.12888417,0.07733195,0.035080925,0.051635146,0.033077836,0.14695515,0.06543008
0.2507174,0.23332024,0.29183236,0.24605696,0.2904595,0.21583712,0.2873996,0.2494268,0.2939515,0.24335466,0.2906355,0.24643764,0.28888595,0.28912234,0.24839275,0.26598984,0.29875776,0.309089,0.23997596,0.26926294,0.24450338,0.27510512,0.28204155,0.29377803,0.27662376,0.25994074,0.2602809,0.19792584,0.2529779,0.24338642,0.23916589,0.17210609,0.32349396,0.28980458,0.29216486,0.24266976,0.26765704,0.19622985,0.30720404,0.30946234,0.2722492,0.30962884,0.33338848,0.31348795,0.24747612,0.2569821,0.24714616,0.22634885,0.26232928,0.2770033,0.2161021,0.2324208,0.22909233,0.24805064,0.2747467,0.27475974,0.30557185,0.32767475,0.25980344,0.23609138,0.2512618,0.20228897,0.28002268,0.23426068,0.2971285,0.2560121,0.2770719,0.25603306,0.24903293,0.2292766,0.23879735,0.23657978,0.319343,0.30479765,0.18540987,0.228176,0.072589785,0.1485322,0.25485665,0.30426192,0.2939888,0.2618452,0.25074685,0.20970187,0.30047628,0.2831437,0.26001826,0.20850754,0.30701998,0.2888682,0.27055866,0.26819104,0.24375483,0.24363871,0.25697306,0.27199268,0.2926528,0.32491088,0.30741194,0.3255217,0.29384026,0.24779244,0.31810898,0.28366637,0.302696,0.29644942,0.20367992,0.24143064,0.21894228,0.24729818,0.25788704,0.27696672,0.2743044,0.31278458,0.29898524,0.23351592,0.2524501,0.2740386,0.30808014,0.3035343,0.077502005,0.10032473,0.10609236,0.07901744,0.12503934,0.065881,0.16203034,0.089001685,0.25666758,0.21358001,0.30141175,0.30919892,0.2750534,0.21135621,0.17009121,0.108879335,0.18066558,0.109116636,0.26989657,0.18797183,0.30677795,0.30910143,0.31628886,0.265343,0.30939814,0.24868864,0.28835908,0.23320934,0.29372206,0.28725576,0.2723173,0.21379998,0.3425843,0.33601758,0.11379969,0.063107766,0.062102895,0.062226616,0.10970791,0.10557905,0.08080596,0.047746856,0.048320137,0.048226953,0.1286424,0.048204053
0.3079238,0.28711265,0.32410723,0.29549998,0.31383377,0.3158071,0.32919502,0.32658872,0.31948596,0.28907728,0.3149413,0.3111542,0.30769914,0.3268921,0.30890864,0.2894296,0.29058787,0.30053803,0.30260107,0.30878058,0.29276812,0.29458845,0.30078715,0.30126953,0.3243159,0.30932817,0.2848097,0.26257324,0.28628445,0.27981368,0.26590538,0.2513599,0.2995119,0.2873507,0.33458814,0.24516673,0.2662149,0.20193118,0.277155,0.29577202,0.29723138,0.337618,0.3547184,0.3569456,0.28742254,0.2852335,0.25630605,0.2533115,0.29685366,0.33916172,0.25803524,0.22896904,0.2835421,0.29092872,0.2904725,0.31897175,0.34610683,0.3277059,0.29042178,0.2939089,0.27703175,0.26769534,0.2903303,0.3029905,0.3216549,0.32089427,0.29548708,0.2761376,0.25881216,0.26755893,0.24506861,0.2454974,0.2992653,0.2769924,0.21083046,0.28417814,0.06891526,0.15967098,0.27650562,0.29970598,0.3153687,0.309845,0.26217055,0.27626938,0.30700254,0.30969274,0.29004216,0.26406533,0.3300948,0.3421007,0.30387402,0.31095633,0.29709464,0.26390278,0.26560283,0.29894748,0.32450294,0.32986525,0.33796445,0.34508723,0.30509567,0.2753873,0.36474252,0.33645564,0.3201776,0.33984584,0.18786234,0.23027687,0.26003772,0.28115398,0.28748822,0.27783954,0.30392677,0.30902195,0.32290375,0.2251275,0.28798836,0.3257733,0.32171613,0.31206375,0.05496922,0.09505063,0.12709093,0.10647632,0.15163249,0.079598926,0.16183862,0.08747802,0.24984929,0.20853281,0.33822638,0.32252237,0.3061692,0.25657156,0.20019642,0.11050317,0.20001039,0.07862676,0.31088603,0.20421556,0.31121203,0.34139442,0.3353659,0.32636425,0.33293605,0.29256764,0.28946975,0.27208513,0.34206665,0.3336569,0.30332565,0.24256258,0.35529926,0.36958548,0.13713944,0.079327926,0.059996575,0.039191544,0.105511,0.090560645,0.11275166,0.05580339,0.06308235,0.04453,0.13595192,0.06966184
0.2528511,0.2384627,0.25854474,0.25847363,0.25566208,0.2545117,0.2735295,0.25067058,0.25467777,0.2394078,0.26663736,0.255493,0.28157538,0.25557655,0.24338244,0.2843964,0.27522632,0.28288144,0.23418052,0.26180315,0.25768435,0.27256995,0.26010802,0.2701916,0.2533328,0.238312,0.22150092,0.20691574,0.2399884,0.23643836,0.2264049,0.1759019,0.2972783,0.28311664,0.2686923,0.28791982,0.26259515,0.25405797,0.28943765,0.28725243,0.25300667,0.30526745,0.30914152,0.28971216,0.25670835,0.30550933,0.23628393,0.24149108,0.24863298,0.26575726,0.20264915,0.23116392,0.24820483,0.2378039,0.255477,0.2576248,0.28896886,0.2838079,0.23590642,0.22377259,0.22404312,0.19589877,0.26534235,0.22556597,0.25258774,0.24281377,0.27402264,0.2153334,0.21901926,0.24573578,0.20782056,0.22138302,0.29570594,0.26443863,0.23648852,0.27282014,0.133133,0.23879375,0.24416013,0.2918476,0.26162344,0.25598708,0.23434663,0.22449544,0.29787743,0.28861588,0.25069463,0.19060722,0.29303345,0.27907303,0.2527149,0.25581157,0.24250546,0.2435348,0.21274365,0.24376538,0.28789127,0.29086742,0.29146105,0.3043695,0.263298,0.24122447,0.28464335,0.26781386,0.2880254,0.28822076,0.17880753,0.24274643,0.19615552,0.24432966,0.23057835,0.23949264,0.26446104,0.27149257,0.2818393,0.19351694,0.25514224,0.26106197,0.27744928,0.32242215,0.22932571,0.1758964,0.2436575,0.23977268,0.25548264,0.20321509,0.25598693,0.22417691,0.29755345,0.22931117,0.32099307,0.2871296,0.27985716,0.256076,0.17837733,0.17159829,0.19617489,0.16156572,0.29253927,0.24726969,0.27645886,0.28789768,0.31858838,0.26714253,0.30364627,0.25307736,0.26625156,0.22094896,0.2687195,0.3021456,0.252056,0.26451895,0.31191248,0.32468644,0.17748195,0.12992796,0.1689932,0.16792595,0.16288236,0.16039982,0.17304459,0.12757021,0.15215331,0.12572087,0.2250494,0.09172641
0.25071734,0.23332024,0.2918324,0.24605706,0.2904595,0.21583718,0.28739962,0.24942674,0.29395154,0.24335471,0.2906355,0.24643767,0.28888598,0.2891224,0.24839276,0.26598996,0.29875773,0.30908903,0.23997605,0.26926297,0.24450342,0.2751052,0.28204167,0.29377815,0.2766238,0.25994077,0.26028094,0.19792585,0.25297797,0.24338639,0.2391659,0.17210603,0.32349393,0.28980455,0.29216495,0.24266979,0.26765704,0.19623001,0.30720404,0.30946237,0.2722492,0.30962884,0.3333885,0.31348795,0.24747609,0.2569822,0.24714622,0.22634883,0.26232916,0.27700338,0.2161021,0.23242077,0.22909227,0.24805076,0.2747467,0.27475977,0.30557185,0.32767472,0.25980344,0.23609143,0.25126174,0.2022889,0.2800226,0.23426062,0.29712856,0.2560121,0.27707192,0.256033,0.24903296,0.2292766,0.23879732,0.2365798,0.319343,0.30479768,0.18540987,0.22817606,0.07258981,0.14853221,0.25485668,0.30426198,0.2939888,0.2618452,0.25074685,0.20970193,0.30047634,0.28314373,0.2600183,0.20850751,0.30702,0.2888682,0.2705587,0.268191,0.24375491,0.24363872,0.25697315,0.27199268,0.29265285,0.32491082,0.307412,0.3255219,0.2938403,0.24779248,0.31810904,0.28366643,0.30269605,0.29644945,0.20367995,0.24143079,0.21894227,0.24729815,0.25788715,0.27696675,0.27430454,0.3127846,0.29898524,0.23351601,0.25245014,0.2740387,0.3080802,0.30353436,0.07750197,0.10032468,0.10609236,0.07901747,0.12503943,0.06588107,0.16203034,0.089001715,0.25666758,0.21358001,0.3014118,0.30919895,0.27505344,0.21135627,0.17009124,0.10887936,0.18066552,0.109116696,0.2698966,0.18797186,0.30677795,0.30910155,0.31628886,0.26534304,0.30939823,0.24868861,0.28835914,0.23320937,0.29372212,0.28725576,0.27231735,0.21380007,0.3425844,0.3360177,0.11379972,0.063107826,0.06210292,0.06222661,0.10970788,0.10557905,0.08080602,0.047746953,0.048320144,0.048226893,0.12864253,0.048204105
0.30114013,0.27780414,0.33324558,0.31382158,0.32163242,0.28092766,0.3281192,0.29250756,0.3207369,0.26637754,0.3303732,0.2866353,0.3339944,0.34705722,0.2852994,0.31643718,0.341369,0.38846648,0.28301042,0.3031317,0.31554753,0.33246398,0.33387953,0.33993345,0.31675604,0.31015337,0.2962517,0.25885016,0.30194512,0.29069906,0.31443906,0.22057211,0.34203815,0.31715208,0.37154874,0.2688111,0.29438192,0.22755617,0.33739585,0.32409412,0.31203854,0.38535714,0.40999267,0.3717278,0.2968281,0.2981235,0.30792496,0.28822145,0.34151626,0.33129883,0.24726674,0.28250524,0.27043667,0.3097074,0.306163,0.32451278,0.35276043,0.37232208,0.33356908,0.25557005,0.28805983,0.22260273,0.30969846,0.2708819,0.38349825,0.29311848,0.3026445,0.273931,0.29128957,0.29519233,0.2763562,0.269644,0.33017778,0.2984593,0.24074277,0.29359198,0.08245169,0.18782723,0.30347565,0.3370483,0.38109127,0.31280166,0.2925635,0.2664354,0.34105778,0.3395366,0.28749204,0.24834545,0.36605495,0.36599162,0.3204029,0.3088976,0.29480502,0.27276653,0.29454896,0.33865967,0.33523923,0.35533115,0.36842963,0.40932536,0.35239685,0.26326212,0.3458132,0.33825395,0.33451253,0.33483493,0.2201524,0.24157453,0.2599479,0.29554915,0.3052612,0.34335393,0.31539598,0.3586848,0.33993053,0.23193407,0.30209672,0.29725948,0.3465864,0.3302381,0.09626822,0.10584494,0.1189154,0.07913306,0.15522686,0.07779157,0.18063168,0.13652974,0.30336577,0.24188215,0.34747228,0.34858483,0.32005942,0.23314707,0.18435095,0.10775473,0.21753296,0.11387315,0.29463315,0.20327266,0.34273615,0.34503224,0.35296944,0.28789607,0.35518262,0.29329813,0.33472675,0.27900517,0.3249457,0.31531608,0.33337387,0.25224954,0.37665978,0.39747855,0.11778295,0.05755794,0.06297199,0.086553335,0.13360918,0.1288842,0.07733192,0.03508091,0.051635087,0.033077896,0.1469551,0.06543008
0.19174047,0.18687382,0.27411953,0.20668691,0.25661713,0.18895781,0.21147656,0.21623152,0.23441476,0.18589878,0.21382564,0.1842508,0.24788338,0.2664735,0.2420438,0.20382619,0.2627046,0.24915063,0.23933929,0.23760967,0.19860733,0.20990297,0.26810068,0.22508548,0.22987965,0.20711309,0.23942097,0.17834926,0.21520379,0.2149888,0.18554068,0.13801977,0.19892825,0.24237333,0.2190616,0.18861403,0.2673188,0.1406815,0.3031345,0.21493502,0.2280438,0.23192123,0.3234343,0.23835312,0.20372368,0.26518777,0.1729461,0.15958965,0.24365354,0.21147028,0.1519584,0.19460975,0.16716817,0.19093032,0.20174785,0.20634437,0.3012895,0.2629016,0.24900718,0.18294808,0.17991155,0.18043046,0.25992888,0.21840459,0.27870637,0.24646974,0.1854632,0.26232255,0.25057784,0.18548363,0.18267584,0.22081915,0.30920964,0.30220997,0.16553421,0.18996358,0.031737983,0.11698496,0.25254947,0.22976282,0.28787628,0.17764959,0.20460626,0.18113275,0.20426854,0.20481998,0.2102631,0.19240075,0.31612563,0.2264116,0.21545127,0.24123266,0.19294584,0.20609403,0.1910464,0.24381816,0.2524185,0.30017537,0.24864179,0.2926535,0.22595215,0.2139022,0.23045279,0.30424446,0.22569224,0.22509566,0.14793557,0.20505416,0.21049994,0.2247501,0.260557,0.21081717,0.2256082,0.29108346,0.22218427,0.20764703,0.20628867,0.23503694,0.3143642,0.28410387,0.07959324,0.10651756,0.09106693,0.039899692,0.12640633,0.06106268,0.11152024,0.10358864,0.2680568,0.22342147,0.2505888,0.29715186,0.20551643,0.15250897,0.15374015,0.079701826,0.12709534,0.09647477,0.21273714,0.15727855,0.255982,0.253264,0.3216004,0.2443328,0.306967,0.26250747,0.19236092,0.22483845,0.2785821,0.27071288,0.23696516,0.16286525,0.32618245,0.32185423,0.071451664,0.056913733,0.037648022,0.03746883,0.09605269,0.06972769,0.04734455,0.022259653,0.023065552,0.031844854,0.08452028,0.03764616
0.3079238,0.28711265,0.32410723,0.29549998,0.31383377,0.3158071,0.32919502,0.32658872,0.31948596,0.28907728,0.3149413,0.3111542,0.30769914,0.3268921,0.30890864,0.2894296,0.29058787,0.30053803,0.30260107,0.30878058,0.29276812,0.29458845,0.30078715,0.30126953,0.3243159,0.30932817,0.2848097,0.26257324,0.28628445,0.27981368,0.26590538,0.2513599,0.2995119,0.2873507,0.33458814,0.24516673,0.2662149,0.20193118,0.277155,0.29577202,0.29723138,0.337618,0.3547184,0.3569456,0.28742254,0.2852335,0.25630605,0.2533115,0.29685366,0.33916172,0.25803524,0.22896904,0.2835421,0.29092872,0.2904725,0.31897175,0.34610683,0.3277059,0.29042178,0.2939089,0.27703175,0.26769534,0.2903303,0.3029905,0.3216549,0.32089427,0.29548708,0.2761376,0.25881216,0.26755893,0.24506861,0.2454974,0.2992653,0.2769924,0.21083046,0.28417814,0.06891526,0.15967098,0.27650562,0.29970598,0.3153687,0.309845,0.26217055,0.27626938,0.30700254,0.30969274,0.29004216,0.26406533,0.3300948,0.3421007,0.30387402,0.31095633,0.29709464,0.26390278,0.26560283,0.29894748,0.32450294,0.32986525,0.33796445,0.34508723,0.30509567,0.2753873,0.36474252,0.33645564,0.3201776,0.33984584,0.18786234,0.23027687,0.26003772,0.28115398,0.28748822,0.27783954,0.30392677,0.30902195,0.32290375,0.2251275,0.28798836,0.3257733,0.32171613,0.31206375,0.05496922,0.09505063,0.12709093,0.10647632,0.15163249,0.079598926,0.16183862,0.08747802,0.24984929,0.20853281,0.33822638,0.32252237,0.3061692,0.25657156,0.20019642,0.11050317,0.20001039,0.07862676,0.31088603,0.20421556,0.31121203,0.34139442,0.3353659,0.32636425,0.33293605,0.29256764,0.28946975,0.27208513,0.34206665,0.3336569,0.30332565,0.24256258,0.35529926,0.36958548,0.13713944,0.079327926,0.059996575,0.039191544,0.105511,0.090560645,0.11275166,0.05580339,0.06308235,0.04453,0.13595192,0.06966184
0.2528511,0.2384627,0.25854474,0.25847363,0.25566208,0.2545117,0.2735295,0.25067058,0.25467777,0.2394078,0.26663736,0.255493,0.28157538,0.25557655,0.24338244,0.2843964,0.27522632,0.28288144,0.23418052,0.26180315,0.25768435,0.27256995,0.26010802,0.2701916,0.2533328,0.238312,0.22150092,0.20691574,0.2399884,0.23643836,0.2264049,0.1759019,0.2972783,0.28311664,0.2686923,0.28791982,0.26259515,0.25405797,0.28943765,0.28725243,0.25300667,0.30526745,0.30914152,0.28971216,0.25670835,0.30550933,0.23628393,0.24149108,0.24863298,0.26575726,0.20264915,0.23116392,0.24820483,0.2378039,0.255477,0.2576248,0.28896886,0.2838079,0.23590642,0.22377259,0.22404312,0.19589877,0.26534235,0.22556597,0.25258774,0.24281377,0.27402264,0.2153334,0.21901926,0.24573578,0.20782056,0.22138302,0.29570594,0.26443863,0.23648852,0.27282014,0.133133,0.23879375,0.24416013,0.2918476,0.26162344,0.25598708,0.23434663,0.22449544,0.29787743,0.28861588,0.25069463,0.19060722,0.29303345,0.27907303,0.2527149,0.25581157,0.24250546,0.2435348,0.21274365,0.24376538,0.28789127,0.29086742,0.29146105,0.3043695,0.263298,0.24122447,0.28464335,0.26781386,0.2880254,0.28822076,0.17880753,0.24274643,0.19615552,0.24432966,0.23057835,0.23949264,0.26446104,0.27149257,0.2818393,0.19351694,0.25514224,0.26106197,0.27744928,0.32242215,0.22932571,0.1758964,0.2436575,0.23977268,0.25548264,0.20321509,0.25598693,0.22417691,0.29755345,0.22931117,0.32099307,0.2871296,0.27985716,0.256076,0.17837733,0.17159829,0.19617489,0.16156572,0.29253927,0.24726969,0.27645886,0.28789768,0.31858838,0.26714253,0.30364627,0.25307736,0.26625156,0.22094896,0.2687195,0.3021456,0.252056,0.26451895,0.31191248,0.32468644,0.17748195,0.12992796,0.1689932,0.16792595,0.16288236,0.16039982,0.17304459,0.12757021,0.15215331,0.12572087,0.2250494,0.09172641
0.3079237,0.28711262,0.32410726,0.29549998,0.31383368,0.315807,0.32919493,0.32658875,0.31948602,0.28907728,0.31494153,0.31115425,0.3076991,0.32689202,0.30890864,0.28942963,0.29058784,0.30053794,0.3026011,0.30878073,0.29276818,0.29458845,0.30078706,0.30126956,0.32431597,0.30932823,0.2848098,0.2625732,0.28628445,0.2798137,0.26590535,0.25136006,0.29951182,0.28735062,0.3345882,0.24516685,0.26621494,0.20193125,0.277155,0.29577196,0.29723144,0.337618,0.3547182,0.35694557,0.28742248,0.28523356,0.25630608,0.2533115,0.2968536,0.33916175,0.25803506,0.22896907,0.2835421,0.29092887,0.29047242,0.31897166,0.34610692,0.32770586,0.29042178,0.29390877,0.27703187,0.26769534,0.29033032,0.3029904,0.32165483,0.32089415,0.29548708,0.27613753,0.25881222,0.26755887,0.24506864,0.24549745,0.2992652,0.2769923,0.21083042,0.28417784,0.06891516,0.15967086,0.27650553,0.29970592,0.31536877,0.3098451,0.26217052,0.2762693,0.30700263,0.30969262,0.29004204,0.26406536,0.3300949,0.34210062,0.30387396,0.31095642,0.29709464,0.26390293,0.26560292,0.29894745,0.32450283,0.3298653,0.33796436,0.3450873,0.30509564,0.27538726,0.36474258,0.33645564,0.32017753,0.33984578,0.18786234,0.2302768,0.26003766,0.2811539,0.28748846,0.2778396,0.30392665,0.30902207,0.3229037,0.22512746,0.28798833,0.3257732,0.32171607,0.31206357,0.05496925,0.0950506,0.12709072,0.10647629,0.15163258,0.07959887,0.16183874,0.08747806,0.24984932,0.20853281,0.33822635,0.32252243,0.30616918,0.25657165,0.2001964,0.11050323,0.20001036,0.0786269,0.31088588,0.20421556,0.311212,0.34139442,0.33536565,0.3263642,0.33293614,0.29256782,0.2894697,0.2720852,0.34206653,0.33365685,0.30332577,0.24256268,0.35529917,0.36958554,0.1371395,0.079327956,0.059996456,0.039191633,0.10551107,0.09056075,0.11275169,0.055803403,0.06308229,0.044529963,0.1359519,0.06966177
0.3011402,0.27780402,0.33324558,0.3138216,0.32163247,0.2809277,0.3281193,0.2925076,0.3207369,0.2663776,0.33037326,0.28663543,0.3339945,0.34705722,0.2852994,0.31643718,0.34136906,0.38846654,0.2830104,0.30313167,0.31554747,0.33246392,0.33387953,0.33993334,0.31675616,0.31015342,0.29625177,0.25885022,0.3019452,0.29069895,0.31443912,0.22057217,0.3420382,0.31715217,0.37154883,0.26881105,0.2943819,0.22755599,0.33739597,0.32409418,0.31203866,0.38535723,0.40999255,0.37172785,0.29682815,0.29812357,0.307925,0.28822148,0.34151632,0.33129883,0.24726677,0.28250518,0.27043676,0.3097075,0.306163,0.32451272,0.3527605,0.37232208,0.3335691,0.25556993,0.28805995,0.22260284,0.30969846,0.2708819,0.38349834,0.29311848,0.3026443,0.27393097,0.2912895,0.2951924,0.27635628,0.26964396,0.3301778,0.29845938,0.24074271,0.29359195,0.0824517,0.1878273,0.30347574,0.3370484,0.3810913,0.31280166,0.29256347,0.26643535,0.34105775,0.3395366,0.28749198,0.24834542,0.3660549,0.36599168,0.32040298,0.30889764,0.29480517,0.27276656,0.29454908,0.3386597,0.33523923,0.35533112,0.36842957,0.40932533,0.35239685,0.26326206,0.3458132,0.3382538,0.33451253,0.33483493,0.2201524,0.24157459,0.25994796,0.29554924,0.30526116,0.34335414,0.31539607,0.3586848,0.33993047,0.23193401,0.30209684,0.29725948,0.34658632,0.33023804,0.09626822,0.10584507,0.11891524,0.079133004,0.15522704,0.07779169,0.18063161,0.13652974,0.30336583,0.24188212,0.34747222,0.34858483,0.32005948,0.23314707,0.18435098,0.107754685,0.21753296,0.11387322,0.29463327,0.20327264,0.34273607,0.34503227,0.35296962,0.28789616,0.3551827,0.29329818,0.3347268,0.27900523,0.3249458,0.31531602,0.33337384,0.25224957,0.3766598,0.39747852,0.11778288,0.05755806,0.06297202,0.086553305,0.13360924,0.12888426,0.07733191,0.035081,0.051635087,0.03307788,0.14695519,0.06543008
0.3011402,0.277804,0.3332455,0.3138216,0.32163247,0.28092766,0.32811922,0.29250753,0.32073697,0.26637754,0.3303732,0.28663546,0.3339944,0.34705728,0.28529933,0.31643724,0.34136906,0.3884665,0.28301045,0.30313164,0.3155476,0.33246392,0.33387947,0.3399334,0.3167561,0.31015348,0.2962518,0.25885028,0.3019451,0.29069898,0.31443906,0.22057205,0.34203804,0.31715217,0.37154874,0.268811,0.29438192,0.22755611,0.3373959,0.32409406,0.31203854,0.38535714,0.40999255,0.37172782,0.29682815,0.29812348,0.30792505,0.28822145,0.3415163,0.33129877,0.24726677,0.28250518,0.27043658,0.3097074,0.30616313,0.32451263,0.35276043,0.37232202,0.33356914,0.25557,0.28805983,0.22260273,0.3096984,0.27088177,0.3834983,0.29311848,0.30264443,0.273931,0.29128963,0.29519242,0.27635622,0.26964393,0.33017778,0.29845935,0.24074262,0.29359204,0.08245175,0.18782711,0.30347565,0.3370483,0.38109118,0.3128016,0.2925634,0.2664353,0.34105775,0.33953643,0.28749204,0.24834545,0.36605486,0.36599156,0.32040298,0.30889767,0.2948051,0.2727666,0.29454905,0.33865964,0.33523917,0.35533115,0.36842963,0.40932527,0.35239697,0.26326206,0.34581316,0.3382538,0.33451265,0.33483487,0.22015235,0.24157447,0.25994775,0.2955491,0.30526114,0.34335402,0.31539586,0.35868478,0.3399305,0.23193413,0.30209672,0.29725954,0.34658638,0.33023807,0.0962681,0.10584498,0.1189153,0.079133004,0.15522698,0.0777916,0.18063174,0.1365298,0.3033657,0.24188218,0.34747222,0.3485847,0.32005948,0.2331471,0.18435085,0.107754715,0.21753299,0.11387309,0.29463315,0.20327263,0.34273595,0.34503236,0.35296944,0.28789604,0.3551827,0.29329807,0.33472684,0.27900535,0.32494563,0.31531608,0.3333739,0.25224948,0.37665975,0.39747852,0.11778287,0.05755794,0.06297199,0.08655335,0.13360918,0.12888408,0.07733185,0.03508091,0.051635027,0.03307791,0.14695516,0.06543007
0.30792361,0.28711268,0.32410717,0.29550004,0.31383383,0.3158071,0.329195,0.3265887,0.31948602,0.2890773,0.31494138,0.31115422,0.30769914,0.32689208,0.30890834,0.28942955,0.29058802,0.3005381,0.3026009,0.30878073,0.29276824,0.29458857,0.300787,0.3012696,0.32431582,0.30932802,0.28480956,0.2625733,0.28628442,0.27981356,0.26590538,0.25135997,0.29951173,0.2873507,0.33458805,0.24516666,0.26621494,0.20193124,0.27715498,0.29577193,0.29723147,0.337618,0.35471827,0.35694566,0.28742248,0.28523356,0.2563061,0.25331146,0.29685378,0.33916166,0.25803512,0.22896922,0.2835422,0.29092875,0.29047248,0.31897172,0.34610695,0.3277058,0.2904217,0.29390875,0.27703178,0.2676954,0.2903303,0.3029905,0.3216549,0.32089433,0.29548693,0.2761377,0.25881225,0.26755896,0.24506862,0.24549745,0.29926524,0.2769922,0.21083042,0.28417784,0.068915375,0.15967095,0.2765057,0.29970598,0.3153687,0.3098453,0.26217052,0.27626944,0.3070025,0.30969274,0.2900421,0.26406527,0.3300948,0.34210074,0.30387408,0.31095636,0.29709473,0.26390278,0.26560292,0.2989475,0.32450292,0.32986525,0.33796442,0.34508726,0.3050955,0.2753872,0.3647424,0.33645552,0.3201776,0.33984566,0.18786237,0.23027681,0.26003763,0.28115392,0.28748834,0.27783957,0.30392665,0.30902204,0.32290363,0.22512753,0.28798836,0.32577327,0.3217161,0.31206357,0.054969132,0.09505066,0.12709111,0.10647628,0.15163235,0.07959894,0.16183874,0.087478176,0.24984938,0.20853291,0.33822638,0.3225224,0.30616915,0.25657162,0.2001965,0.11050323,0.20001045,0.07862685,0.310886,0.20421574,0.31121218,0.34139425,0.33536577,0.32636413,0.33293605,0.29256767,0.28946966,0.2720855,0.34206644,0.33365688,0.30332562,0.24256258,0.3552993,0.3695855,0.1371394,0.07932784,0.0599965,0.039191574,0.10551097,0.09056063,0.11275159,0.05580333,0.06308223,0.044530038,0.13595203,0.06966172
0.19174047,0.18687382,0.27411953,0.20668691,0.25661713,0.18895781,0.21147656,0.21623152,0.23441476,0.18589878,0.21382564,0.1842508,0.24788338,0.2664735,0.2420438,0.20382619,0.2627046,0.24915063,0.23933929,0.23760967,0.19860733,0.20990297,0.26810068,0.22508548,0.22987965,0.20711309,0.23942097,0.17834926,0.21520379,0.2149888,0.18554068,0.13801977,0.19892825,0.24237333,0.2190616,0.18861403,0.2673188,0.1406815,0.3031345,0.21493502,0.2280438,0.23192123,0.3234343,0.23835312,0.20372368,0.26518777,0.1729461,0.15958965,0.24365354,0.21147028,0.1519584,0.19460975,0.16716817,0.19093032,0.20174785,0.20634437,0.3012895,0.2629016,0.24900718,0.18294808,0.17991155,0.18043046,0.25992888,0.21840459,0.27870637,0.24646974,0.1854632,0.26232255,0.25057784,0.18548363,0.18267584,0.22081915,0.30920964,0.30220997,0.16553421,0.18996358,0.031737983,0.11698496,0.25254947,0.22976282,0.28787628,0.17764959,0.20460626,0.18113275,0.20426854,0.20481998,0.2102631,0.19240075,0.31612563,0.2264116,0.21545127,0.24123266,0.19294584,0.20609403,0.1910464,0.24381816,0.2524185,0.30017537,0.24864179,0.2926535,0.22595215,0.2139022,0.23045279,0.30424446,0.22569224,0.22509566,0.14793557,0.20505416,0.21049994,0.2247501,0.260557,0.21081717,0.2256082,0.29108346,0.22218427,0.20764703,0.20628867,0.23503694,0.3143642,0.28410387,0.07959324,0.10651756,0.09106693,0.039899692,0.12640633,0.06106268,0.11152024,0.10358864,0.2680568,0.22342147,0.2505888,0.29715186,0.20551643,0.15250897,0.15374015,0.079701826,0.12709534,0.09647477,0.21273714,0.15727855,0.255982,0.253264,0.3216004,0.2443328,0.306967,0.26250747,0.19236092,0.22483845,0.2785821,0.27071288,0.23696516,0.16286525,0.32618245,0.32185423,0.071451664,0.056913733,0.037648022,0.03746883,0.09605269,0.06972769,0.04734455,0.022259653,0.023065552,0.031844854,0.08452028,0.03764616
0.2507174,0.23332031,0.29183242,0.24605708,0.29045954,0.21583702,0.2873996,0.24942683,0.29395154,0.2433548,0.29063562,0.24643761,0.28888607,0.2891223,0.24839279,0.26598993,0.2987578,0.309089,0.2399761,0.2692631,0.2445035,0.27510515,0.2820417,0.29377812,0.2766238,0.2599408,0.26028094,0.19792587,0.25297794,0.24338637,0.23916593,0.17210607,0.32349402,0.28980452,0.2921648,0.2426698,0.26765707,0.19623,0.307204,0.3094624,0.2722491,0.309629,0.33338857,0.3134879,0.24747613,0.25698215,0.24714619,0.22634894,0.26232928,0.2770034,0.2161021,0.23242089,0.22909233,0.2480507,0.2747468,0.27475986,0.30557185,0.32767457,0.25980344,0.2360914,0.25126183,0.2022889,0.28002262,0.23426062,0.29712856,0.25601214,0.27707198,0.25603294,0.24903291,0.22927666,0.23879737,0.23657984,0.31934303,0.30479765,0.18540984,0.2281761,0.072589785,0.14853226,0.2548567,0.30426204,0.2939888,0.26184526,0.25074685,0.20970193,0.3004763,0.2831437,0.26001835,0.2085075,0.30702007,0.28886837,0.27055866,0.2681911,0.24375492,0.24363883,0.25697318,0.27199277,0.29265282,0.32491082,0.30741206,0.32552186,0.2938403,0.24779248,0.31810907,0.2836664,0.30269602,0.2964495,0.20368004,0.24143079,0.2189424,0.24729818,0.25788715,0.27696675,0.27430457,0.3127847,0.2989852,0.23351601,0.25245014,0.27403867,0.3080802,0.30353436,0.0775019,0.10032474,0.106092274,0.07901745,0.12503947,0.06588112,0.1620304,0.089001745,0.25666764,0.21358003,0.3014118,0.30919904,0.2750535,0.2113563,0.17009123,0.1088794,0.18066555,0.109116755,0.26989663,0.18797193,0.30677807,0.3091016,0.31628883,0.26534307,0.3093983,0.24868862,0.28835922,0.2332094,0.29372215,0.28725582,0.2723174,0.21380015,0.34258437,0.33601773,0.11379963,0.063107826,0.06210286,0.062226683,0.10970796,0.10557911,0.08080602,0.04774692,0.048320174,0.048226923,0.12864248,0.048204236
0.2528511,0.2384627,0.25854474,0.25847363,0.25566208,0.2545117,0.2735295,0.25067058,0.25467777,0.2394078,0.26663736,0.255493,0.28157538,0.25557655,0.24338244,0.2843964,0.27522632,0.28288144,0.23418052,0.26180315,0.25768435,0.27256995,0.26010802,0.2701916,0.2533328,0.238312,0.22150092,0.20691574,0.2399884,0.23643836,0.2264049,0.1759019,0.2972783,0.28311664,0.2686923,0.28791982,0.26259515,0.25405797,0.28943765,0.28725243,0.25300667,0.30526745,0.30914152,0.28971216,0.25670835,0.30550933,0.23628393,0.24149108,0.24863298,0.26575726,0.20264915,0.23116392,0.24820483,0.2378039,0.255477,0.2576248,0.28896886,0.2838079,0.23590642,0.22377259,0.22404312,0.19589877,0.26534235,0.22556597,0.25258774,0.24281377,0.27402264,0.2153334,0.21901926,0.24573578,0.20782056,0.22138302,0.29570594,0.26443863,0.23648852,0.27282014,0.133133,0.23879375,0.24416013,0.2918476,0.26162344,0.25598708,0.23434663,0.22449544,0.29787743,0.28861588,0.25069463,0.19060722,0.29303345,0.27907303,0.2527149,0.25581157,0.24250546,0.2435348,0.21274365,0.24376538,0.28789127,0.29086742,0.29146105,0.3043695,0.263298,0.24122447,0.28464335,0.26781386,0.2880254,0.28822076,0.17880753,0.24274643,0.19615552,0.24432966,0.23057835,0.23949264,0.26446104,0.27149257,0.2818393,0.19351694,0.25514224,0.26106197,0.27744928,0.32242215,0.22932571,0.1758964,0.2436575,0.23977268,0.25548264,0.20321509,0.25598693,0.22417691,0.29755345,0.22931117,0.32099307,0.2871296,0.27985716,0.256076,0.17837733,0.17159829,0.19617489,0.16156572,0.29253927,0.24726969,0.27645886,0.28789768,0.31858838,0.26714253,0.30364627,0.25307736,0.26625156,0.22094896,0.2687195,0.3021456,0.252056,0.26451895,0.31191248,0.32468644,0.17748195,0.12992796,0.1689932,0.16792595,0.16288236,0.16039982,0.17304459,0.12757021,0.15215331,0.12572087,0.2250494,0.09172641
0.19174047,0.18687382,0.27411953,0.20668691,0.25661713,0.18895781,0.21147656,0.21623152,0.23441476,0.18589878,0.21382564,0.1842508,0.24788338,0.2664735,0.2420438,0.20382619,0.2627046,0.24915063,0.23933929,0.23760967,0.19860733,0.20990297,0.26810068,0.22508548,0.22987965,0.20711309,0.23942097,0.17834926,0.21520379,0.2149888,0.18554068,0.13801977,0.19892825,0.24237333,0.2190616,0.18861403,0.2673188,0.1406815,0.3031345,0.21493502,0.2280438,0.23192123,0.3234343,0.23835312,0.20372368,0.26518777,0.1729461,0.15958965,0.24365354,0.21147028,0.1519584,0.19460975,0.16716817,0.19093032,0.20174785,0.20634437,0.3012895,0.2629016,0.24900718,0.18294808,0.17991155,0.18043046,0.25992888,0.21840459,0.27870637,0.24646974,0.1854632,0.26232255,0.25057784,0.18548363,0.18267584,0.22081915,0.30920964,0.30220997,0.16553421,0.18996358,0.031737983,0.11698496,0.25254947,0.22976282,0.28787628,0.17764959,0.20460626,0.18113275,0.20426854,0.20481998,0.2102631,0.19240075,0.31612563,0.2264116,0.21545127,0.24123266,0.19294584,0.20609403,0.1910464,0.24381816,0.2524185,0.30017537,0.24864179,0.2926535,0.22595215,0.2139022,0.23045279,0.30424446,0.22569224,0.22509566,0.14793557,0.20505416,0.21049994,0.2247501,0.260557,0.21081717,0.2256082,0.29108346,0.22218427,0.20764703,0.20628867,0.23503694,0.3143642,0.28410387,0.07959324,0.10651756,0.09106693,0.039899692,0.12640633,0.06106268,0.11152024,0.10358864,0.2680568,0.22342147,0.2505888,0.29715186,0.20551643,0.15250897,0.15374015,0.079701826,0.12709534,0.09647477,0.21273714,0.15727855,0.255982,0.253264,0.3216004,0.2443328,0.306967,0.26250747,0.19236092,0.22483845,0.2785821,0.27071288,0.23696516,0.16286525,0.32618245,0.32185423,0.071451664,0.056913733,0.037648022,0.03746883,0.09605269,0.06972769,0.04734455,0.022259653,0.023065552,0.031844854,0.08452028,0.03764616
0.2528511,0.2384627,0.25854474,0.25847363,0.25566208,0.2545117,0.2735295,0.25067058,0.25467777,0.2394078,0.26663736,0.255493,0.28157538,0.25557655,0.24338244,0.2843964,0.27522632,0.28288144,0.23418052,0.26180315,0.25768435,0.27256995,0.26010802,0.2701916,0.2533328,0.238312,0.22150092,0.20691574,0.2399884,0.23643836,0.2264049,0.1759019,0.2972783,0.28311664,0.2686923,0.28791982,0.26259515,0.25405797,0.28943765,0.28725243,0.25300667,0.30526745,0.30914152,0.28971216,0.25670835,0.30550933,0.23628393,0.24149108,0.24863298,0.26575726,0.20264915,0.23116392,0.24820483,0.2378039,0.255477,0.2576248,0.28896886,0.2838079,0.23590642,0.22377259,0.22404312,0.19589877,0.26534235,0.22556597,0.25258774,0.24281377,0.27402264,0.2153334,0.21901926,0.24573578,0.20782056,0.22138302,0.29570594,0.26443863,0.23648852,0.27282014,0.133133,0.23879375,0.24416013,0.2918476,0.26162344,0.25598708,0.23434663,0.22449544,0.29787743,0.28861588,0.25069463,0.19060722,0.29303345,0.27907303,0.2527149,0.25581157,0.24250546,0.2435348,0.21274365,0.24376538,0.28789127,0.29086742,0.29146105,0.3043695,0.263298,0.24122447,0.28464335,0.26781386,0.2880254,0.28822076,0.17880753,0.24274643,0.19615552,0.24432966,0.23057835,0.23949264,0.26446104,0.27149257,0.2818393,0.19351694,0.25514224,0.26106197,0.27744928,0.32242215,0.22932571,0.1758964,0.2436575,0.23977268,0.25548264,0.20321509,0.25598693,0.22417691,0.29755345,0.22931117,0.32099307,0.2871296,0.27985716,0.256076,0.17837733,0.17159829,0.19617489,0.16156572,0.29253927,0.24726969,0.27645886,0.28789768,0.31858838,0.26714253,0.30364627,0.25307736,0.26625156,0.22094896,0.2687195,0.3021456,0.252056,0.26451895,0.31191248,0.32468644,0.17748195,0.12992796,0.1689932,0.16792595,0.16288236,0.16039982,0.17304459,0.12757021,0.15215331,0.12572087,0.2250494,0.09172641
0.2528511,0.2384627,0.25854474,0.25847363,0.25566208,0.2545117,0.2735295,0.25067058,0.25467777,0.2394078,0.26663736,0.255493,0.28157538,0.25557655,0.24338244,0.2843964,0.27522632,0.28288144,0.23418052,0.26180315,0.25768435,0.27256995,0.26010802,0.2701916,0.2533328,0.238312,0.22150092,0.20691574,0.2399884,0.23643836,0.2264049,0.1759019,0.2972783,0.28311664,0.2686923,0.28791982,0.26259515,0.25405797,0.28943765,0.28725243,0.25300667,0.30526745,0.30914152,0.28971216,0.25670835,0.30550933,0.23628393,0.24149108,0.24863298,0.26575726,0.20264915,0.23116392,0.24820483,0.2378039,0.255477,0.2576248,0.28896886,0.2838079,0.23590642,0.22377259,0.22404312,0.19589877,0.26534235,0.22556597,0.25258774,0.24281377,0.27402264,0.2153334,0.21901926,0.24573578,0.20782056,0.22138302,0.29570594,0.26443863,0.23648852,0.27282014,0.133133,0.23879375,0.24416013,0.2918476,0.26162344,0.25598708,0.23434663,0.22449544,0.29787743,0.28861588,0.25069463,0.19060722,0.29303345,0.27907303,0.2527149,0.25581157,0.24250546,0.2435348,0.21274365,0.24376538,0.28789127,0.29086742,0.29146105,0.3043695,0.263298,0.24122447,0.28464335,0.26781386,0.2880254,0.28822076,0.17880753,0.24274643,0.19615552,0.24432966,0.23057835,0.23949264,0.26446104,0.27149257,0.2818393,0.19351694,0.25514224,0.26106197,0.27744928,0.32242215,0.22932571,0.1758964,0.2436575,0.23977268,0.25548264,0.20321509,0.25598693,0.22417691,0.29755345,0.22931117,0.32099307,0.2871296,0.27985716,0.256076,0.17837733,0.17159829,0.19617489,0.16156572,0.29253927,0.24726969,0.27645886,0.28789768,0.31858838,0.26714253,0.30364627,0.25307736,0.26625156,0.22094896,0.2687195,0.3021456,0.252056,0.26451895,0.31191248,0.32468644,0.17748195,0.12992796,0.1689932,0.16792595,0.16288236,0.16039982,0.17304459,0.12757021,0.15215331,0.12572087,0.2250494,0.09172641
0.3011402,0.277804,0.3332455,0.3138216,0.32163247,0.28092766,0.32811922,0.29250753,0.32073697,0.26637754,0.3303732,0.28663546,0.3339944,0.34705728,0.28529933,0.31643724,0.34136906,0.3884665,0.28301045,0.30313164,0.3155476,0.33246392,0.33387947,0.3399334,0.3167561,0.31015348,0.2962518,0.25885028,0.3019451,0.29069898,0.31443906,0.22057205,0.34203804,0.31715217,0.37154874,0.268811,0.29438192,0.22755611,0.3373959,0.32409406,0.31203854,0.38535714,0.40999255,0.37172782,0.29682815,0.29812348,0.30792505,0.28822145,0.3415163,0.33129877,0.24726677,0.28250518,0.27043658,0.3097074,0.30616313,0.32451263,0.35276043,0.37232202,0.33356914,0.25557,0.28805983,0.22260273,0.3096984,0.27088177,0.3834983,0.29311848,0.30264443,0.273931,0.29128963,0.29519242,0.27635622,0.26964393,0.33017778,0.29845935,0.24074262,0.29359204,0.08245175,0.18782711,0.30347565,0.3370483,0.38109118,0.3128016,0.2925634,0.2664353,0.34105775,0.33953643,0.28749204,0.24834545,0.36605486,0.36599156,0.32040298,0.30889767,0.2948051,0.2727666,0.29454905,0.33865964,0.33523917,0.35533115,0.36842963,0.40932527,0.35239697,0.26326206,0.34581316,0.3382538,0.33451265,0.33483487,0.22015235,0.24157447,0.25994775,0.2955491,0.30526114,0.34335402,0.31539586,0.35868478,0.3399305,0.23193413,0.30209672,0.29725954,0.34658638,0.33023807,0.0962681,0.10584498,0.1189153,0.079133004,0.15522698,0.0777916,0.18063174,0.1365298,0.3033657,0.24188218,0.34747222,0.3485847,0.32005948,0.2331471,0.18435085,0.107754715,0.21753299,0.11387309,0.29463315,0.20327263,0.34273595,0.34503236,0.35296944,0.28789604,0.3551827,0.29329807,0.33472684,0.27900535,0.32494563,0.31531608,0.3333739,0.25224948,0.37665975,0.39747852,0.11778287,0.05755794,0.06297199,0.08655335,0.13360918,0.12888408,0.07733185,0.03508091,0.051635027,0.03307791,0.14695516,0.06543007
0.19174047,0.18687382,0.27411953,0.20668691,0.25661713,0.18895781,0.21147656,0.21623152,0.23441476,0.18589878,0.21382564,0.1842508,0.24788338,0.2664735,0.2420438,0.20382619,0.2627046,0.24915063,0.23933929,0.23760967,0.19860733,0.20990297,0.26810068,0.22508548,0.22987965,0.20711309,0.23942097,0.17834926,0.21520379,0.2149888,0.18554068,0.13801977,0.19892825,0.24237333,0.2190616,0.18861403,0.2673188,0.1406815,0.3031345,0.21493502,0.2280438,0.23192123,0.3234343,0.23835312,0.20372368,0.26518777,0.1729461,0.15958965,0.24365354,0.21147028,0.1519584,0.19460975,0.16716817,0.19093032,0.20174785,0.20634437,0.3012895,0.2629016,0.24900718,0.18294808,0.17991155,0.18043046,0.25992888,0.21840459,0.27870637,0.24646974,0.1854632,0.26232255,0.25057784,0.18548363,0.18267584,0.22081915,0.30920964,0.30220997,0.16553421,0.18996358,0.031737983,0.11698496,0.25254947,0.22976282,0.28787628,0.17764959,0.20460626,0.18113275,0.20426854,0.20481998,0.2102631,0.19240075,0.31612563,0.2264116,0.21545127,0.24123266,0.19294584,0.20609403,0.1910464,0.24381816,0.2524185,0.30017537,0.24864179,0.2926535,0.22595215,0.2139022,0.23045279,0.30424446,0.22569224,0.22509566,0.14793557,0.20505416,0.21049994,0.2247501,0.260557,0.21081717,0.2256082,0.29108346,0.22218427,0.20764703,0.20628867,0.23503694,0.3143642,0.28410387,0.07959324,0.10651756,0.09106693,0.039899692,0.12640633,0.06106268,0.11152024,0.10358864,0.2680568,0.22342147,0.2505888,0.29715186,0.20551643,0.15250897,0.15374015,0.079701826,0.12709534,0.09647477,0.21273714,0.15727855,0.255982,0.253264,0.3216004,0.2443328,0.306967,0.26250747,0.19236092,0.22483845,0.2785821,0.27071288,0.23696516,0.16286525,0.32618245,0.32185423,0.071451664,0.056913733,0.037648022,0.03746883,0.09605269,0.06972769,0.04734455,0.022259653,0.023065552,0.031844854,0.08452028,0.03764616
0.19174047,0.18687382,0.27411953,0.20668691,0.25661713,0.18895781,0.21147656,0.21623152,0.23441476,0.18589878,0.21382564,0.1842508,0.24788338,0.2664735,0.2420438,0.20382619,0.2627046,0.24915063,0.23933929,0.23760967,0.19860733,0.20990297,0.26810068,0.22508548,0.22987965,0.20711309,0.23942097,0.17834926,0.21520379,0.2149888,0.18554068,0.13801977,0.19892825,0.24237333,0.2190616,0.18861403,0.2673188,0.1406815,0.3031345,0.21493502,0.2280438,0.23192123,0.3234343,0.23835312,0.20372368,0.26518777,0.1729461,0.15958965,0.24365354,0.21147028,0.1519584,0.19460975,0.16716817,0.19093032,0.20174785,0.20634437,0.3012895,0.2629016,0.24900718,0.18294808,0.17991155,0.18043046,0.25992888,0.21840459,0.27870637,0.24646974,0.1854632,0.26232255,0.25057784,0.18548363,0.18267584,0.22081915,0.30920964,0.30220997,0.16553421,0.18996358,0.031737983,0.11698496,0.25254947,0.22976282,0.28787628,0.17764959,0.20460626,0.18113275,0.20426854,0.20481998,0.2102631,0.19240075,0.31612563,0.2264116,0.21545127,0.24123266,0.19294584,0.20609403,0.1910464,0.24381816,0.2524185,0.30017537,0.24864179,0.2926535,0.22595215,0.2139022,0.23045279,0.30424446,0.22569224,0.22509566,0.14793557,0.20505416,0.21049994,0.2247501,0.260557,0.21081717,0.2256082,0.29108346,0.22218427,0.20764703,0.20628867,0.23503694,0.3143642,0.28410387,0.07959324,0.10651756,0.09106693,0.039899692,0.12640633,0.06106268,0.11152024,0.10358864,0.2680568,0.22342147,0.2505888,0.29715186,0.20551643,0.15250897,0.15374015,0.079701826,0.12709534,0.09647477,0.21273714,0.15727855,0.255982,0.253264,0.3216004,0.2443328,0.306967,0.26250747,0.19236092,0.22483845,0.2785821,0.27071288,0.23696516,0.16286525,0.32618245,0.32185423,0.071451664,0.056913733,0.037648022,0.03746883,0.09605269,0.06972769,0.04734455,0.022259653,0.023065552,0.031844854,0.08452028,0.03764616
0.30114025,0.277804,0.33324564,0.31382167,0.3216325,0.28092766,0.32811922,0.29250747,0.320737,0.2663776,0.33037323,0.2866354,0.3339944,0.34705728,0.28529933,0.3164372,0.34136906,0.38846654,0.2830104,0.3031317,0.3155474,0.33246398,0.3338796,0.3399335,0.31675598,0.31015342,0.2962519,0.25885034,0.3019451,0.29069903,0.31443912,0.22057211,0.3420381,0.3171522,0.37154874,0.2688111,0.29438198,0.22755599,0.337396,0.32409412,0.31203863,0.38535717,0.40999264,0.37172788,0.29682815,0.29812348,0.30792505,0.28822142,0.34151632,0.33129892,0.24726671,0.28250527,0.27043664,0.30970743,0.30616304,0.32451278,0.35276052,0.37232205,0.33356914,0.25557005,0.2880598,0.22260273,0.30969843,0.2708818,0.38349825,0.29311854,0.3026445,0.27393094,0.29128957,0.29519242,0.27635625,0.26964396,0.33017778,0.2984594,0.24074262,0.29359198,0.08245169,0.18782723,0.30347562,0.33704814,0.38109124,0.3128016,0.29256344,0.2664354,0.34105772,0.33953667,0.2874921,0.24834548,0.36605492,0.36599156,0.32040295,0.30889767,0.29480496,0.2727666,0.29454905,0.3386597,0.33523923,0.35533112,0.3684297,0.4093254,0.3523969,0.26326212,0.3458132,0.33825392,0.3345124,0.33483487,0.22015244,0.24157459,0.25994784,0.2955491,0.30526102,0.34335402,0.31539604,0.35868484,0.33993053,0.23193407,0.30209684,0.29725945,0.34658635,0.33023798,0.09626825,0.105845,0.118915364,0.07913306,0.15522689,0.07779162,0.18063156,0.1365298,0.30336583,0.24188218,0.34747237,0.3485849,0.32005942,0.23314713,0.1843509,0.10775472,0.2175329,0.11387315,0.2946332,0.20327264,0.3427362,0.34503242,0.35296953,0.28789604,0.35518274,0.29329824,0.33472675,0.27900514,0.32494575,0.31531614,0.3333739,0.25224954,0.3766599,0.39747852,0.11778293,0.05755794,0.06297197,0.08655332,0.1336092,0.12888417,0.07733195,0.035080925,0.051635146,0.033077836,0.14695515,0.06543008
0.2507174,0.2333203,0.2918324,0.24605711,0.2904596,0.21583705,0.28739962,0.24942671,0.2939515,0.2433547,0.29063553,0.24643765,0.288886,0.2891224,0.24839282,0.26598993,0.29875782,0.30908903,0.23997603,0.26926303,0.24450341,0.27510527,0.28204158,0.2937781,0.27662373,0.25994077,0.260281,0.1979258,0.25297794,0.24338642,0.23916596,0.17210612,0.32349402,0.2898046,0.2921648,0.24266985,0.26765698,0.19623014,0.307204,0.3094623,0.27224916,0.3096289,0.3333885,0.31348792,0.2474761,0.25698218,0.24714604,0.22634885,0.26232928,0.27700347,0.21610203,0.23242071,0.22909231,0.24805075,0.27474672,0.2747598,0.30557185,0.3276747,0.25980344,0.23609138,0.25126183,0.20228893,0.28002262,0.23426062,0.29712856,0.25601214,0.27707195,0.256033,0.24903294,0.2292766,0.23879738,0.2365798,0.31934303,0.3047977,0.18540987,0.22817604,0.07258984,0.14853229,0.2548567,0.30426198,0.29398867,0.26184532,0.2507468,0.20970197,0.30047637,0.28314373,0.26001835,0.2085076,0.30702004,0.2888682,0.27055869,0.26819116,0.2437549,0.24363884,0.25697312,0.27199268,0.29265285,0.32491088,0.30741212,0.3255219,0.29384032,0.24779254,0.3181091,0.28366658,0.30269608,0.29644954,0.20368008,0.24143073,0.21894237,0.24729824,0.25788707,0.27696675,0.2743045,0.31278464,0.29898536,0.23351607,0.25245017,0.27403867,0.3080802,0.30353436,0.07750186,0.10032464,0.10609239,0.07901741,0.12503946,0.06588117,0.16203046,0.089001566,0.25666773,0.21358001,0.3014118,0.30919898,0.27505344,0.2113563,0.17009118,0.108879395,0.18066558,0.109116726,0.26989663,0.18797186,0.3067781,0.30910146,0.3162888,0.26534304,0.30939817,0.24868867,0.2883592,0.23320939,0.29372224,0.28725573,0.2723174,0.21380015,0.34258437,0.33601773,0.11379962,0.063107826,0.06210293,0.0622266,0.10970795,0.10557906,0.08080603,0.047746908,0.048320204,0.048226833,0.12864244,0.048204225
0.30792361,0.28711268,0.32410717,0.29550004,0.31383383,0.3158071,0.329195,0.3265887,0.31948602,0.2890773,0.31494138,0.31115422,0.30769914,0.32689208,0.30890834,0.28942955,0.29058802,0.3005381,0.3026009,0.30878073,0.29276824,0.29458857,0.300787,0.3012696,0.32431582,0.30932802,0.28480956,0.2625733,0.28628442,0.27981356,0.26590538,0.25135997,0.29951173,0.2873507,0.33458805,0.24516666,0.26621494,0.20193124,0.27715498,0.29577193,0.29723147,0.337618,0.35471827,0.35694566,0.28742248,0.28523356,0.2563061,0.25331146,0.29685378,0.33916166,0.25803512,0.22896922,0.2835422,0.29092875,0.29047248,0.31897172,0.34610695,0.3277058,0.2904217,0.29390875,0.27703178,0.2676954,0.2903303,0.3029905,0.3216549,0.32089433,0.29548693,0.2761377,0.25881225,0.26755896,0.24506862,0.24549745,0.29926524,0.2769922,0.21083042,0.28417784,0.068915375,0.15967095,0.2765057,0.29970598,0.3153687,0.3098453,0.26217052,0.27626944,0.3070025,0.30969274,0.2900421,0.26406527,0.3300948,0.34210074,0.30387408,0.31095636,0.29709473,0.26390278,0.26560292,0.2989475,0.32450292,0.32986525,0.33796442,0.34508726,0.3050955,0.2753872,0.3647424,0.33645552,0.3201776,0.33984566,0.18786237,0.23027681,0.26003763,0.28115392,0.28748834,0.27783957,0.30392665,0.30902204,0.32290363,0.22512753,0.28798836,0.32577327,0.3217161,0.31206357,0.054969132,0.09505066,0.12709111,0.10647628,0.15163235,0.07959894,0.16183874,0.087478176,0.24984938,0.20853291,0.33822638,0.3225224,0.30616915,0.25657162,0.2001965,0.11050323,0.20001045,0.07862685,0.310886,0.20421574,0.31121218,0.34139425,0.33536577,0.32636413,0.33293605,0.29256767,0.28946966,0.2720855,0.34206644,0.33365688,0.30332562,0.24256258,0.3552993,0.3695855,0.1371394,0.07932784,0.0599965,0.039191574,0.10551097,0.09056063,0.11275159,0.05580333,0.06308223,0.044530038,0.13595203,0.06966172
0.3079238,0.28711265,0.32410723,0.29549998,0.31383377,0.3158071,0.32919502,0.32658872,0.31948596,0.28907728,0.3149413,0.3111542,0.30769914,0.3268921,0.30890864,0.2894296,0.29058787,0.30053803,0.30260107,0.30878058,0.29276812,0.29458845,0.30078715,0.30126953,0.3243159,0.30932817,0.2848097,0.26257324,0.28628445,0.27981368,0.26590538,0.2513599,0.2995119,0.2873507,0.33458814,0.24516673,0.2662149,0.20193118,0.277155,0.29577202,0.29723138,0.337618,0.3547184,0.3569456,0.28742254,0.2852335,0.25630605,0.2533115,0.29685366,0.33916172,0.25803524,0.22896904,0.2835421,0.29092872,0.2904725,0.31897175,0.34610683,0.3277059,0.29042178,0.2939089,0.27703175,0.26769534,0.2903303,0.3029905,0.3216549,0.32089427,0.29548708,0.2761376,0.25881216,0.26755893,0.24506861,0.2454974,0.2992653,0.2769924,0.21083046,0.28417814,0.06891526,0.15967098,0.27650562,0.29970598,0.3153687,0.309845,0.26217055,0.27626938,0.30700254,0.30969274,0.29004216,0.26406533,0.3300948,0.3421007,0.30387402,0.31095633,0.29709464,0.26390278,0.26560283,0.29894748,0.32450294,0.32986525,0.33796445,0.34508723,0.30509567,0.2753873,0.36474252,0.33645564,0.3201776,0.33984584,0.18786234,0.23027687,0.26003772,0.28115398,0.28748822,0.27783954,0.30392677,0.30902195,0.32290375,0.2251275,0.28798836,0.3257733,0.32171613,0.31206375,0.05496922,0.09505063,0.12709093,0.10647632,0.15163249,0.079598926,0.16183862,0.08747802,0.24984929,0.20853281,0.33822638,0.32252237,0.3061692,0.25657156,0.20019642,0.11050317,0.20001039,0.07862676,0.31088603,0.20421556,0.31121203,0.34139442,0.3353659,0.32636425,0.33293605,0.29256764,0.28946975,0.27208513,0.34206665,0.3336569,0.30332565,0.24256258,0.35529926,0.36958548,0.13713944,0.079327926,0.059996575,0.039191544,0.105511,0.090560645,0.11275166,0.05580339,0.06308235,0.04453,0.13595192,0.06966184
0.2507174,0.23332024,0.29183236,0.24605696,0.2904595,0.21583712,0.2873996,0.2494268,0.2939515,0.24335466,0.2906355,0.24643764,0.28888595,0.28912234,0.24839275,0.26598984,0.29875776,0.309089,0.23997596,0.26926294,0.24450338,0.27510512,0.28204155,0.29377803,0.27662376,0.25994074,0.2602809,0.19792584,0.2529779,0.24338642,0.23916589,0.17210609,0.32349396,0.28980458,0.29216486,0.24266976,0.26765704,0.19622985,0.30720404,0.30946234,0.2722492,0.30962884,0.33338848,0.31348795,0.24747612,0.2569821,0.24714616,0.22634885,0.26232928,0.2770033,0.2161021,0.2324208,0.22909233,0.24805064,0.2747467,0.27475974,0.30557185,0.32767475,0.25980344,0.23609138,0.2512618,0.20228897,0.28002268,0.23426068,0.2971285,0.2560121,0.2770719,0.25603306,0.24903293,0.2292766,0.23879735,0.23657978,0.319343,0.30479765,0.18540987,0.228176,0.072589785,0.1485322,0.25485665,0.30426192,0.2939888,0.2618452,0.25074685,0.20970187,0.30047628,0.2831437,0.26001826,0.20850754,0.30701998,0.2888682,0.27055866,0.26819104,0.24375483,0.24363871,0.25697306,0.27199268,0.2926528,0.32491088,0.30741194,0.3255217,0.29384026,0.24779244,0.31810898,0.28366637,0.302696,0.29644942,0.20367992,0.24143064,0.21894228,0.24729818,0.25788704,0.27696672,0.2743044,0.31278458,0.29898524,0.23351592,0.2524501,0.2740386,0.30808014,0.3035343,0.077502005,0.10032473,0.10609236,0.07901744,0.12503934,0.065881,0.16203034,0.089001685,0.25666758,0.21358001,0.30141175,0.30919892,0.2750534,0.21135621,0.17009121,0.108879335,0.18066558,0.109116636,0.26989657,0.18797183,0.30677795,0.30910143,0.31628886,0.265343,0.30939814,0.24868864,0.28835908,0.23320934,0.29372206,0.28725576,0.2723173,0.21379998,0.3425843,0.33601758,0.11379969,0.063107766,0.062102895,0.062226616,0.10970791,0.10557905,0.08080596,0.047746856,0.048320137,0.048226953,0.1286424,0.048204053
0.30792361,0.28711268,0.32410717,0.29550004,0.31383383,0.3158071,0.329195,0.3265887,0.31948602,0.2890773,0.31494138,0.31115422,0.30769914,0.32689208,0.30890834,0.28942955,0.29058802,0.3005381,0.3026009,0.30878073,0.29276824,0.29458857,0.300787,0.3012696,0.32431582,0.30932802,0.28480956,0.2625733,0.28628442,0.27981356,0.26590538,0.25135997,0.29951173,0.2873507,0.33458805,0.24516666,0.26621494,0.20193124,0.27715498,0.29577193,0.29723147,0.337618,0.35471827,0.35694566,0.28742248,0.28523356,0.2563061,0.25331146,0.29685378,0.33916166,0.25803512,0.22896922,0.2835422,0.29092875,0.29047248,0.31897172,0.34610695,0.3277058,0.2904217,0.29390875,0.27703178,0.2676954,0.2903303,0.3029905,0.3216549,0.32089433,0.29548693,0.2761377,0.25881225,0.26755896,0.24506862,0.24549745,0.29926524,0.2769922,0.21083042,0.28417784,0.068915375,0.15967095,0.2765057,0.29970598,0.3153687,0.3098453,0.26217052,0.27626944,0.3070025,0.30969274,0.2900421,0.26406527,0.3300948,0.34210074,0.30387408,0.31095636,0.29709473,0.26390278,0.26560292,0.2989475,0.32450292,0.32986525,0.33796442,0.34508726,0.3050955,0.2753872,0.3647424,0.33645552,0.3201776,0.33984566,0.18786237,0.23027681,0.26003763,0.28115392,0.28748834,0.27783957,0.30392665,0.30902204,0.32290363,0.22512753,0.28798836,0.32577327,0.3217161,0.31206357,0.054969132,0.09505066,0.12709111,0.10647628,0.15163235,0.07959894,0.16183874,0.087478176,0.24984938,0.20853291,0.33822638,0.3225224,0.30616915,0.25657162,0.2001965,0.11050323,0.20001045,0.07862685,0.310886,0.20421574,0.31121218,0.34139425,0.33536577,0.32636413,0.33293605,0.29256767,0.28946966,0.2720855,0.34206644,0.33365688,0.30332562,0.24256258,0.3552993,0.3695855,0.1371394,0.07932784,0.0599965,0.039191574,0.10551097,0.09056063,0.11275159,0.05580333,0.06308223,0.044530038,0.13595203,0.06966172
0.2528511,0.2384627,0.25854474,0.25847363,0.25566208,0.2545117,0.2735295,0.25067058,0.25467777,0.2394078,0.26663736,0.255493,0.28157538,0.25557655,0.24338244,0.2843964,0.27522632,0.28288144,0.23418052,0.26180315,0.25768435,0.27256995,0.26010802,0.2701916,0.2533328,0.238312,0.22150092,0.20691574,0.2399884,0.23643836,0.2264049,0.1759019,0.2972783,0.28311664,0.2686923,0.28791982,0.26259515,0.25405797,0.28943765,0.28725243,0.25300667,0.30526745,0.30914152,0.28971216,0.25670835,0.30550933,0.23628393,0.24149108,0.24863298,0.26575726,0.20264915,0.23116392,0.24820483,0.2378039,0.255477,0.2576248,0.28896886,0.2838079,0.23590642,0.22377259,0.22404312,0.19589877,0.26534235,0.22556597,0.25258774,0.24281377,0.27402264,0.2153334,0.21901926,0.24573578,0.20782056,0.22138302,0.29570594,0.26443863,0.23648852,0.27282014,0.133133,0.23879375,0.24416013,0.2918476,0.26162344,0.25598708,0.23434663,0.22449544,0.29787743,0.28861588,0.25069463,0.19060722,0.29303345,0.27907303,0.2527149,0.25581157,0.24250546,0.2435348,0.21274365,0.24376538,0.28789127,0.29086742,0.29146105,0.3043695,0.263298,0.24122447,0.28464335,0.26781386,0.2880254,0.28822076,0.17880753,0.24274643,0.19615552,0.24432966,0.23057835,0.23949264,0.26446104,0.27149257,0.2818393,0.19351694,0.25514224,0.26106197,0.27744928,0.32242215,0.22932571,0.1758964,0.2436575,0.23977268,0.25548264,0.20321509,0.25598693,0.22417691,0.29755345,0.22931117,0.32099307,0.2871296,0.27985716,0.256076,0.17837733,0.17159829,0.19617489,0.16156572,0.29253927,0.24726969,0.27645886,0.28789768,0.31858838,0.26714253,0.30364627,0.25307736,0.26625156,0.22094896,0.2687195,0.3021456,0.252056,0.26451895,0.31191248,0.32468644,0.17748195,0.12992796,0.1689932,0.16792595,0.16288236,0.16039982,0.17304459,0.12757021,0.15215331,0.12572087,0.2250494,0.09172641
0.19174047,0.18687382,0.27411953,0.20668691,0.25661713,0.18895781,0.21147656,0.21623152,0.23441476,0.18589878,0.21382564,0.1842508,0.24788338,0.2664735,0.2420438,0.20382619,0.2627046,0.24915063,0.23933929,0.23760967,0.19860733,0.20990297,0.26810068,0.22508548,0.22987965,0.20711309,0.23942097,0.17834926,0.21520379,0.2149888,0.18554068,0.13801977,0.19892825,0.24237333,0.2190616,0.18861403,0.2673188,0.1406815,0.3031345,0.21493502,0.2280438,0.23192123,0.3234343,0.23835312,0.20372368,0.26518777,0.1729461,0.15958965,0.24365354,0.21147028,0.1519584,0.19460975,0.16716817,0.19093032,0.20174785,0.20634437,0.3012895,0.2629016,0.24900718,0.18294808,0.17991155,0.18043046,0.25992888,0.21840459,0.27870637,0.24646974,0.1854632,0.26232255,0.25057784,0.18548363,0.18267584,0.22081915,0.30920964,0.30220997,0.16553421,0.18996358,0.031737983,0.11698496,0.25254947,0.22976282,0.28787628,0.17764959,0.20460626,0.18113275,0.20426854,0.20481998,0.2102631,0.19240075,0.31612563,0.2264116,0.21545127,0.24123266,0.19294584,0.20609403,0.1910464,0.24381816,0.2524185,0.30017537,0.24864179,0.2926535,0.22595215,0.2139022,0.23045279,0.30424446,0.22569224,0.22509566,0.14793557,0.20505416,0.21049994,0.2247501,0.260557,0.21081717,0.2256082,0.29108346,0.22218427,0.20764703,0.20628867,0.23503694,0.3143642,0.28410387,0.07959324,0.10651756,0.09106693,0.039899692,0.12640633,0.06106268,0.11152024,0.10358864,0.2680568,0.22342147,0.2505888,0.29715186,0.20551643,0.15250897,0.15374015,0.079701826,0.12709534,0.09647477,0.21273714,0.15727855,0.255982,0.253264,0.3216004,0.2443328,0.306967,0.26250747,0.19236092,0.22483845,0.2785821,0.27071288,0.23696516,0.16286525,0.32618245,0.32185423,0.071451664,0.056913733,0.037648022,0.03746883,0.09605269,0.06972769,0.04734455,0.022259653,0.023065552,0.031844854,0.08452028,0.03764616
0.25071734,0.23332024,0.2918324,0.24605706,0.2904595,0.21583718,0.28739962,0.24942674,0.29395154,0.24335471,0.2906355,0.24643767,0.28888598,0.2891224,0.24839276,0.26598996,0.29875773,0.30908903,0.23997605,0.26926297,0.24450342,0.2751052,0.28204167,0.29377815,0.2766238,0.25994077,0.26028094,0.19792585,0.25297797,0.24338639,0.2391659,0.17210603,0.32349393,0.28980455,0.29216495,0.24266979,0.26765704,0.19623001,0.30720404,0.30946237,0.2722492,0.30962884,0.3333885,0.31348795,0.24747609,0.2569822,0.24714622,0.22634883,0.26232916,0.27700338,0.2161021,0.23242077,0.22909227,0.24805076,0.2747467,0.27475977,0.30557185,0.32767472,0.25980344,0.23609143,0.25126174,0.2022889,0.2800226,0.23426062,0.29712856,0.2560121,0.27707192,0.256033,0.24903296,0.2292766,0.23879732,0.2365798,0.319343,0.30479768,0.18540987,0.22817606,0.07258981,0.14853221,0.25485668,0.30426198,0.2939888,0.2618452,0.25074685,0.20970193,0.30047634,0.28314373,0.2600183,0.20850751,0.30702,0.2888682,0.2705587,0.268191,0.24375491,0.24363872,0.25697315,0.27199268,0.29265285,0.32491082,0.307412,0.3255219,0.2938403,0.24779248,0.31810904,0.28366643,0.30269605,0.29644945,0.20367995,0.24143079,0.21894227,0.24729815,0.25788715,0.27696675,0.27430454,0.3127846,0.29898524,0.23351601,0.25245014,0.2740387,0.3080802,0.30353436,0.07750197,0.10032468,0.10609236,0.07901747,0.12503943,0.06588107,0.16203034,0.089001715,0.25666758,0.21358001,0.3014118,0.30919895,0.27505344,0.21135627,0.17009124,0.10887936,0.18066552,0.109116696,0.2698966,0.18797186,0.30677795,0.30910155,0.31628886,0.26534304,0.30939823,0.24868861,0.28835914,0.23320937,0.29372212,0.28725576,0.27231735,0.21380007,0.3425844,0.3360177,0.11379972,0.063107826,0.06210292,0.06222661,0.10970788,0.10557905,0.08080602,0.047746953,0.048320144,0.048226893,0.12864253,0.048204105
0.3079238,0.28711265,0.32410723,0.29549998,0.31383377,0.3158071,0.32919502,0.32658872,0.31948596,0.28907728,0.3149413,0.3111542,0.30769914,0.3268921,0.30890864,0.2894296,0.29058787,0.30053803,0.30260107,0.30878058,0.29276812,0.29458845,0.30078715,0.30126953,0.3243159,0.30932817,0.2848097,0.26257324,0.28628445,0.27981368,0.26590538,0.2513599,0.2995119,0.2873507,0.33458814,0.24516673,0.2662149,0.20193118,0.277155,0.29577202,0.29723138,0.337618,0.3547184,0.3569456,0.28742254,0.2852335,0.25630605,0.2533115,0.29685366,0.33916172,0.25803524,0.22896904,0.2835421,0.29092872,0.2904725,0.31897175,0.34610683,0.3277059,0.29042178,0.2939089,0.27703175,0.26769534,0.2903303,0.3029905,0.3216549,0.32089427,0.29548708,0.2761376,0.25881216,0.26755893,0.24506861,0.2454974,0.2992653,0.2769924,0.21083046,0.28417814,0.06891526,0.15967098,0.27650562,0.29970598,0.3153687,0.309845,0.26217055,0.27626938,0.30700254,0.30969274,0.29004216,0.26406533,0.3300948,0.3421007,0.30387402,0.31095633,0.29709464,0.26390278,0.26560283,0.29894748,0.32450294,0.32986525,0.33796445,0.34508723,0.30509567,0.2753873,0.36474252,0.33645564,0.3201776,0.33984584,0.18786234,0.23027687,0.26003772,0.28115398,0.28748822,0.27783954,0.30392677,0.30902195,0.32290375,0.2251275,0.28798836,0.3257733,0.32171613,0.31206375,0.05496922,0.09505063,0.12709093,0.10647632,0.15163249,0.079598926,0.16183862,0.08747802,0.24984929,0.20853281,0.33822638,0.32252237,0.3061692,0.25657156,0.20019642,0.11050317,0.20001039,0.07862676,0.31088603,0.20421556,0.31121203,0.34139442,0.3353659,0.32636425,0.33293605,0.29256764,0.28946975,0.27208513,0.34206665,0.3336569,0.30332565,0.24256258,0.35529926,0.36958548,0.13713944,0.079327926,0.059996575,0.039191544,0.105511,0.090560645,0.11275166,0.05580339,0.06308235,0.04453,0.13595192,0.06966184
0.2528511,0.2384627,0.25854474,0.25847363,0.25566208,0.2545117,0.2735295,0.25067058,0.25467777,0.2394078,0.26663736,0.255493,0.28157538,0.25557655,0.24338244,0.2843964,0.27522632,0.28288144,0.23418052,0.26180315,0.25768435,0.27256995,0.26010802,0.2701916,0.2533328,0.238312,0.22150092,0.20691574,0.2399884,0.23643836,0.2264049,0.1759019,0.2972783,0.28311664,0.2686923,0.28791982,0.26259515,0.25405797,0.28943765,0.28725243,0.25300667,0.30526745,0.30914152,0.28971216,0.25670835,0.30550933,0.23628393,0.24149108,0.24863298,0.26575726,0.20264915,0.23116392,0.24820483,0.2378039,0.255477,0.2576248,0.28896886,0.2838079,0.23590642,0.22377259,0.22404312,0.19589877,0.26534235,0.22556597,0.25258774,0.24281377,0.27402264,0.2153334,0.21901926,0.24573578,0.20782056,0.22138302,0.29570594,0.26443863,0.23648852,0.27282014,0.133133,0.23879375,0.24416013,0.2918476,0.26162344,0.25598708,0.23434663,0.22449544,0.29787743,0.28861588,0.25069463,0.19060722,0.29303345,0.27907303,0.2527149,0.25581157,0.24250546,0.2435348,0.21274365,0.24376538,0.28789127,0.29086742,0.29146105,0.3043695,0.263298,0.24122447,0.28464335,0.26781386,0.2880254,0.28822076,0.17880753,0.24274643,0.19615552,0.24432966,0.23057835,0.23949264,0.26446104,0.27149257,0.2818393,0.19351694,0.25514224,0.26106197,0.27744928,0.32242215,0.22932571,0.1758964,0.2436575,0.23977268,0.25548264,0.20321509,0.25598693,0.22417691,0.29755345,0.22931117,0.32099307,0.2871296,0.27985716,0.256076,0.17837733,0.17159829,0.19617489,0.16156572,0.29253927,0.24726969,0.27645886,0.28789768,0.31858838,0.26714253,0.30364627,0.25307736,0.26625156,0.22094896,0.2687195,0.3021456,0.252056,0.26451895,0.31191248,0.32468644,0.17748195,0.12992796,0.1689932,0.16792595,0.16288236,0.16039982,0.17304459,0.12757021,0.15215331,0.12572087,0.2250494,0.09172641
0.3011402,0.277804,0.3332455,0.3138216,0.32163247,0.28092766,0.32811922,0.29250753,0.32073697,0.26637754,0.3303732,0.28663546,0.3339944,0.34705728,0.28529933,0.31643724,0.34136906,0.3884665,0.28301045,0.30313164,0.3155476,0.33246392,0.33387947,0.3399334,0.3167561,0.31015348,0.2962518,0.25885028,0.3019451,0.29069898,0.31443906,0.22057205,0.34203804,0.31715217,0.37154874,0.268811,0.29438192,0.22755611,0.3373959,0.32409406,0.31203854,0.38535714,0.40999255,0.37172782,0.29682815,0.29812348,0.30792505,0.28822145,0.3415163,0.33129877,0.24726677,0.28250518,0.27043658,0.3097074,0.30616313,0.32451263,0.35276043,0.37232202,0.33356914,0.25557,0.28805983,0.22260273,0.3096984,0.27088177,0.3834983,0.29311848,0.30264443,0.273931,0.29128963,0.29519242,0.27635622,0.26964393,0.33017778,0.29845935,0.24074262,0.29359204,0.08245175,0.18782711,0.30347565,0.3370483,0.38109118,0.3128016,0.2925634,0.2664353,0.34105775,0.33953643,0.28749204,0.24834545,0.36605486,0.36599156,0.32040298,0.30889767,0.2948051,0.2727666,0.29454905,0.33865964,0.33523917,0.35533115,0.36842963,0.40932527,0.35239697,0.26326206,0.34581316,0.3382538,0.33451265,0.33483487,0.22015235,0.24157447,0.25994775,0.2955491,0.30526114,0.34335402,0.31539586,0.35868478,0.3399305,0.23193413,0.30209672,0.29725954,0.34658638,0.33023807,0.0962681,0.10584498,0.1189153,0.079133004,0.15522698,0.0777916,0.18063174,0.1365298,0.3033657,0.24188218,0.34747222,0.3485847,0.32005948,0.2331471,0.18435085,0.107754715,0.21753299,0.11387309,0.29463315,0.20327263,0.34273595,0.34503236,0.35296944,0.28789604,0.3551827,0.29329807,0.33472684,0.27900535,0.32494563,0.31531608,0.3333739,0.25224948,0.37665975,0.39747852,0.11778287,0.05755794,0.06297199,0.08655335,0.13360918,0.12888408,0.07733185,0.03508091,0.051635027,0.03307791,0.14695516,0.06543007
0.30114028,0.27780405,0.33324552,0.31382158,0.32163253,0.28092766,0.32811922,0.2925076,0.32073694,0.2663776,0.3303732,0.28663537,0.3339944,0.34705722,0.28529936,0.31643724,0.3413691,0.38846648,0.2830104,0.3031317,0.31554747,0.33246398,0.33387956,0.3399335,0.31675604,0.3101535,0.29625177,0.25885028,0.30194515,0.29069892,0.31443918,0.22057205,0.3420381,0.31715208,0.37154874,0.2688111,0.294382,0.22755623,0.33739588,0.32409412,0.31203857,0.3853571,0.40999258,0.3717277,0.2968281,0.29812354,0.30792496,0.2882214,0.34151635,0.33129877,0.24726674,0.28250524,0.2704367,0.30970743,0.30616298,0.3245128,0.3527605,0.37232208,0.3335691,0.25556993,0.2880597,0.2226026,0.30969846,0.27088186,0.38349834,0.29311842,0.30264425,0.27393103,0.29128957,0.2951924,0.2763562,0.2696439,0.33017784,0.29845935,0.24074262,0.293592,0.08245177,0.1878272,0.30347568,0.33704814,0.3810913,0.31280166,0.29256347,0.26643535,0.3410577,0.33953667,0.28749204,0.24834543,0.3660549,0.36599165,0.3204029,0.30889773,0.294805,0.27276653,0.29454905,0.3386596,0.3352391,0.35533112,0.3684296,0.4093253,0.3523969,0.26326206,0.3458132,0.33825386,0.3345126,0.33483493,0.22015235,0.24157462,0.2599478,0.29554906,0.30526122,0.34335393,0.31539592,0.35868478,0.33993047,0.23193409,0.30209678,0.29725957,0.34658635,0.330238,0.09626819,0.10584492,0.118915275,0.079132944,0.15522692,0.07779148,0.18063171,0.13652974,0.30336577,0.24188209,0.34747228,0.34858483,0.32005948,0.23314704,0.18435092,0.10775468,0.21753293,0.11387313,0.29463315,0.20327264,0.34273607,0.34503236,0.35296953,0.2878961,0.3551827,0.2932981,0.33472672,0.27900523,0.32494566,0.31531608,0.33337384,0.25224945,0.37665975,0.3974786,0.117782906,0.057558,0.06297203,0.08655326,0.1336092,0.12888417,0.07733194,0.035080865,0.051635087,0.03307788,0.14695507,0.06543005
0.2507174,0.2333203,0.2918324,0.24605711,0.2904596,0.21583705,0.28739962,0.24942671,0.2939515,0.2433547,0.29063553,0.24643765,0.288886,0.2891224,0.24839282,0.26598993,0.29875782,0.30908903,0.23997603,0.26926303,0.24450341,0.27510527,0.28204158,0.2937781,0.27662373,0.25994077,0.260281,0.1979258,0.25297794,0.24338642,0.23916596,0.17210612,0.32349402,0.2898046,0.2921648,0.24266985,0.26765698,0.19623014,0.307204,0.3094623,0.27224916,0.3096289,0.3333885,0.31348792,0.2474761,0.25698218,0.24714604,0.22634885,0.26232928,0.27700347,0.21610203,0.23242071,0.22909231,0.24805075,0.27474672,0.2747598,0.30557185,0.3276747,0.25980344,0.23609138,0.25126183,0.20228893,0.28002262,0.23426062,0.29712856,0.25601214,0.27707195,0.256033,0.24903294,0.2292766,0.23879738,0.2365798,0.31934303,0.3047977,0.18540987,0.22817604,0.07258984,0.14853229,0.2548567,0.30426198,0.29398867,0.26184532,0.2507468,0.20970197,0.30047637,0.28314373,0.26001835,0.2085076,0.30702004,0.2888682,0.27055869,0.26819116,0.2437549,0.24363884,0.25697312,0.27199268,0.29265285,0.32491088,0.30741212,0.3255219,0.29384032,0.24779254,0.3181091,0.28366658,0.30269608,0.29644954,0.20368008,0.24143073,0.21894237,0.24729824,0.25788707,0.27696675,0.2743045,0.31278464,0.29898536,0.23351607,0.25245017,0.27403867,0.3080802,0.30353436,0.07750186,0.10032464,0.10609239,0.07901741,0.12503946,0.06588117,0.16203046,0.089001566,0.25666773,0.21358001,0.3014118,0.30919898,0.27505344,0.2113563,0.17009118,0.108879395,0.18066558,0.109116726,0.26989663,0.18797186,0.3067781,0.30910146,0.3162888,0.26534304,0.30939817,0.24868867,0.2883592,0.23320939,0.29372224,0.28725573,0.2723174,0.21380015,0.34258437,0.33601773,0.11379962,0.063107826,0.06210293,0.0622266,0.10970795,0.10557906,0.08080603,0.047746908,0.048320204,0.048226833,0.12864244,0.048204225
0.19174047,0.18687382,0.27411953,0.20668691,0.25661713,0.18895781,0.21147656,0.21623152,0.23441476,0.18589878,0.21382564,0.1842508,0.24788338,0.2664735,0.2420438,0.20382619,0.2627046,0.24915063,0.23933929,0.23760967,0.19860733,0.20990297,0.26810068,0.22508548,0.22987965,0.20711309,0.23942097,0.17834926,0.21520379,0.2149888,0.18554068,0.13801977,0.19892825,0.24237333,0.2190616,0.18861403,0.2673188,0.1406815,0.3031345,0.21493502,0.2280438,0.23192123,0.3234343,0.23835312,0.20372368,0.26518777,0.1729461,0.15958965,0.24365354,0.21147028,0.1519584,0.19460975,0.16716817,0.19093032,0.20174785,0.20634437,0.3012895,0.2629016,0.24900718,0.18294808,0.17991155,0.18043046,0.25992888,0.21840459,0.27870637,0.24646974,0.1854632,0.26232255,0.25057784,0.18548363,0.18267584,0.22081915,0.30920964,0.30220997,0.16553421,0.18996358,0.031737983,0.11698496,0.25254947,0.22976282,0.28787628,0.17764959,0.20460626,0.18113275,0.20426854,0.20481998,0.2102631,0.19240075,0.31612563,0.2264116,0.21545127,0.24123266,0.19294584,0.20609403,0.1910464,0.24381816,0.2524185,0.30017537,0.24864179,0.2926535,0.22595215,0.2139022,0.23045279,0.30424446,0.22569224,0.22509566,0.14793557,0.20505416,0.21049994,0.2247501,0.260557,0.21081717,0.2256082,0.29108346,0.22218427,0.20764703,0.20628867,0.23503694,0.3143642,0.28410387,0.07959324,0.10651756,0.09106693,0.039899692,0.12640633,0.06106268,0.11152024,0.10358864,0.2680568,0.22342147,0.2505888,0.29715186,0.20551643,0.15250897,0.15374015,0.079701826,0.12709534,0.09647477,0.21273714,0.15727855,0.255982,0.253264,0.3216004,0.2443328,0.306967,0.26250747,0.19236092,0.22483845,0.2785821,0.27071288,0.23696516,0.16286525,0.32618245,0.32185423,0.071451664,0.056913733,0.037648022,0.03746883,0.09605269,0.06972769,0.04734455,0.022259653,0.023065552,0.031844854,0.08452028,0.03764616
0.30792361,0.28711268,0.32410717,0.29550004,0.31383383,0.3158071,0.329195,0.3265887,0.31948602,0.2890773,0.31494138,0.31115422,0.30769914,0.32689208,0.30890834,0.28942955,0.29058802,0.3005381,0.3026009,0.30878073,0.29276824,0.29458857,0.300787,0.3012696,0.32431582,0.30932802,0.28480956,0.2625733,0.28628442,0.27981356,0.26590538,0.25135997,0.29951173,0.2873507,0.33458805,0.24516666,0.26621494,0.20193124,0.27715498,0.29577193,0.29723147,0.337618,0.35471827,0.35694566,0.28742248,0.28523356,0.2563061,0.25331146,0.29685378,0.33916166,0.25803512,0.22896922,0.2835422,0.29092875,0.29047248,0.31897172,0.34610695,0.3277058,0.2904217,0.29390875,0.27703178,0.2676954,0.2903303,0.3029905,0.3216549,0.32089433,0.29548693,0.2761377,0.25881225,0.26755896,0.24506862,0.24549745,0.29926524,0.2769922,0.21083042,0.28417784,0.068915375,0.15967095,0.2765057,0.29970598,0.3153687,0.3098453,0.26217052,0.27626944,0.3070025,0.30969274,0.2900421,0.26406527,0.3300948,0.34210074,0.30387408,0.31095636,0.29709473,0.26390278,0.26560292,0.2989475,0.32450292,0.32986525,0.33796442,0.34508726,0.3050955,0.2753872,0.3647424,0.33645552,0.3201776,0.33984566,0.18786237,0.23027681,0.26003763,0.28115392,0.28748834,0.27783957,0.30392665,0.30902204,0.32290363,0.22512753,0.28798836,0.32577327,0.3217161,0.31206357,0.054969132,0.09505066,0.12709111,0.10647628,0.15163235,0.07959894,0.16183874,0.087478176,0.24984938,0.20853291,0.33822638,0.3225224,0.30616915,0.25657162,0.2001965,0.11050323,0.20001045,0.07862685,0.310886,0.20421574,0.31121218,0.34139425,0.33536577,0.32636413,0.33293605,0.29256767,0.28946966,0.2720855,0.34206644,0.33365688,0.30332562,0.24256258,0.3552993,0.3695855,0.1371394,0.07932784,0.0599965,0.039191574,0.10551097,0.09056063,0.11275159,0.05580333,0.06308223,0.044530038,0.13595203,0.06966172
0.2507174,0.23332024,0.29183236,0.24605696,0.2904595,0.21583712,0.2873996,0.2494268,0.2939515,0.24335466,0.2906355,0.24643764,0.28888595,0.28912234,0.24839275,0.26598984,0.29875776,0.309089,0.23997596,0.26926294,0.24450338,0.27510512,0.28204155,0.29377803,0.27662376,0.25994074,0.2602809,0.19792584,0.2529779,0.24338642,0.23916589,0.17210609,0.32349396,0.28980458,0.29216486,0.24266976,0.26765704,0.19622985,0.30720404,0.30946234,0.2722492,0.30962884,0.33338848,0.31348795,0.24747612,0.2569821,0.24714616,0.22634885,0.26232928,0.2770033,0.2161021,0.2324208,0.22909233,0.24805064,0.2747467,0.27475974,0.30557185,0.32767475,0.25980344,0.23609138,0.2512618,0.20228897,0.28002268,0.23426068,0.2971285,0.2560121,0.2770719,0.25603306,0.24903293,0.2292766,0.23879735,0.23657978,0.319343,0.30479765,0.18540987,0.228176,0.072589785,0.1485322,0.25485665,0.30426192,0.2939888,0.2618452,0.25074685,0.20970187,0.30047628,0.2831437,0.26001826,0.20850754,0.30701998,0.2888682,0.27055866,0.26819104,0.24375483,0.24363871,0.25697306,0.27199268,0.2926528,0.32491088,0.30741194,0.3255217,0.29384026,0.24779244,0.31810898,0.28366637,0.302696,0.29644942,0.20367992,0.24143064,0.21894228,0.24729818,0.25788704,0.27696672,0.2743044,0.31278458,0.29898524,0.23351592,0.2524501,0.2740386,0.30808014,0.3035343,0.077502005,0.10032473,0.10609236,0.07901744,0.12503934,0.065881,0.16203034,0.089001685,0.25666758,0.21358001,0.30141175,0.30919892,0.2750534,0.21135621,0.17009121,0.108879335,0.18066558,0.109116636,0.26989657,0.18797183,0.30677795,0.30910143,0.31628886,0.265343,0.30939814,0.24868864,0.28835908,0.23320934,0.29372206,0.28725576,0.2723173,0.21379998,0.3425843,0.33601758,0.11379969,0.063107766,0.062102895,0.062226616,0.10970791,0.10557905,0.08080596,0.047746856,0.048320137,0.048226953,0.1286424,0.048204053
0.3011402,0.277804,0.3332455,0.3138216,0.32163247,0.28092766,0.32811922,0.29250753,0.32073697,0.26637754,0.3303732,0.28663546,0.3339944,0.34705728,0.28529933,0.31643724,0.34136906,0.3884665,0.28301045,0.30313164,0.3155476,0.33246392,0.33387947,0.3399334,0.3167561,0.31015348,0.2962518,0.25885028,0.3019451,0.29069898,0.31443906,0.22057205,0.34203804,0.31715217,0.37154874,0.268811,0.29438192,0.22755611,0.3373959,0.32409406,0.31203854,0.38535714,0.40999255,0.37172782,0.29682815,0.29812348,0.30792505,0.28822145,0.3415163,0.33129877,0.24726677,0.28250518,0.27043658,0.3097074,0.30616313,0.32451263,0.35276043,0.37232202,0.33356914,0.25557,0.28805983,0.22260273,0.3096984,0.27088177,0.3834983,0.29311848,0.30264443,0.273931,0.29128963,0.29519242,0.27635622,0.26964393,0.33017778,0.29845935,0.24074262,0.29359204,0.08245175,0.18782711,0.30347565,0.3370483,0.38109118,0.3128016,0.2925634,0.2664353,0.34105775,0.33953643,0.28749204,0.24834545,0.36605486,0.36599156,0.32040298,0.30889767,0.2948051,0.2727666,0.29454905,0.33865964,0.33523917,0.35533115,0.36842963,0.40932527,0.35239697,0.26326206,0.34581316,0.3382538,0.33451265,0.33483487,0.22015235,0.24157447,0.25994775,0.2955491,0.30526114,0.34335402,0.31539586,0.35868478,0.3399305,0.23193413,0.30209672,0.29725954,0.34658638,0.33023807,0.0962681,0.10584498,0.1189153,0.079133004,0.15522698,0.0777916,0.18063174,0.1365298,0.3033657,0.24188218,0.34747222,0.3485847,0.32005948,0.2331471,0.18435085,0.107754715,0.21753299,0.11387309,0.29463315,0.20327263,0.34273595,0.34503236,0.35296944,0.28789604,0.3551827,0.29329807,0.33472684,0.27900535,0.32494563,0.31531608,0.3333739,0.25224948,0.37665975,0.39747852,0.11778287,0.05755794,0.06297199,0.08655335,0.13360918,0.12888408,0.07733185,0.03508091,0.051635027,0.03307791,0.14695516,0.06543007
0.19174047,0.18687382,0.27411953,0.20668691,0.25661713,0.18895781,0.21147656,0.21623152,0.23441476,0.18589878,0.21382564,0.1842508,0.24788338,0.2664735,0.2420438,0.20382619,0.2627046,0.24915063,0.23933929,0.23760967,0.19860733,0.20990297,0.26810068,0.22508548,0.22987965,0.20711309,0.23942097,0.17834926,0.21520379,0.2149888,0.18554068,0.13801977,0.19892825,0.24237333,0.2190616,0.18861403,0.2673188,0.1406815,0.3031345,0.21493502,0.2280438,0.23192123,0.3234343,0.23835312,0.20372368,0.26518777,0.1729461,0.15958965,0.24365354,0.21147028,0.1519584,0.19460975,0.16716817,0.19093032,0.20174785,0.20634437,0.3012895,0.2629016,0.24900718,0.18294808,0.17991155,0.18043046,0.25992888,0.21840459,0.27870637,0.24646974,0.1854632,0.26232255,0.25057784,0.18548363,0.18267584,0.22081915,0.30920964,0.30220997,0.16553421,0.18996358,0.031737983,0.11698496,0.25254947,0.22976282,0.28787628,0.17764959,0.20460626,0.18113275,0.20426854,0.20481998,0.2102631,0.19240075,0.31612563,0.2264116,0.21545127,0.24123266,0.19294584,0.20609403,0.1910464,0.24381816,0.2524185,0.30017537,0.24864179,0.2926535,0.22595215,0.2139022,0.23045279,0.30424446,0.22569224,0.22509566,0.14793557,0.20505416,0.21049994,0.2247501,0.260557,0.21081717,0.2256082,0.29108346,0.22218427,0.20764703,0.20628867,0.23503694,0.3143642,0.28410387,0.07959324,0.10651756,0.09106693,0.039899692,0.12640633,0.06106268,0.11152024,0.10358864,0.2680568,0.22342147,0.2505888,0.29715186,0.20551643,0.15250897,0.15374015,0.079701826,0.12709534,0.09647477,0.21273714,0.15727855,0.255982,0.253264,0.3216004,0.2443328,0.306967,0.26250747,0.19236092,0.22483845,0.2785821,0.27071288,0.23696516,0.16286525,0.32618245,0.32185423,0.071451664,0.056913733,0.037648022,0.03746883,0.09605269,0.06972769,0.04734455,0.022259653,0.023065552,0.031844854,0.08452028,0.03764616
0.3079238,0.28711265,0.32410723,0.29549998,0.31383377,0.3158071,0.32919502,0.32658872,0.31948596,0.28907728,0.3149413,0.3111542,0.30769914,0.3268921,0.30890864,0.2894296,0.29058787,0.30053803,0.30260107,0.30878058,0.29276812,0.29458845,0.30078715,0.30126953,0.3243159,0.30932817,0.2848097,0.26257324,0.28628445,0.27981368,0.26590538,0.2513599,0.2995119,0.2873507,0.33458814,0.24516673,0.2662149,0.20193118,0.277155,0.29577202,0.29723138,0.337618,0.3547184,0.3569456,0.28742254,0.2852335,0.25630605,0.2533115,0.29685366,0.33916172,0.25803524,0.22896904,0.2835421,0.29092872,0.2904725,0.31897175,0.34610683,0.3277059,0.29042178,0.2939089,0.27703175,0.26769534,0.2903303,0.3029905,0.3216549,0.32089427,0.29548708,0.2761376,0.25881216,0.26755893,0.24506861,0.2454974,0.2992653,0.2769924,0.21083046,0.28417814,0.06891526,0.15967098,0.27650562,0.29970598,0.3153687,0.309845,0.26217055,0.27626938,0.30700254,0.30969274,0.29004216,0.26406533,0.3300948,0.3421007,0.30387402,0.31095633,0.29709464,0.26390278,0.26560283,0.29894748,0.32450294,0.32986525,0.33796445,0.34508723,0.30509567,0.2753873,0.36474252,0.33645564,0.3201776,0.33984584,0.18786234,0.23027687,0.26003772,0.28115398,0.28748822,0.27783954,0.30392677,0.30902195,0.32290375,0.2251275,0.28798836,0.3257733,0.32171613,0.31206375,0.05496922,0.09505063,0.12709093,0.10647632,0.15163249,0.079598926,0.16183862,0.08747802,0.24984929,0.20853281,0.33822638,0.32252237,0.3061692,0.25657156,0.20019642,0.11050317,0.20001039,0.07862676,0.31088603,0.20421556,0.31121203,0.34139442,0.3353659,0.32636425,0.33293605,0.29256764,0.28946975,0.27208513,0.34206665,0.3336569,0.30332565,0.24256258,0.35529926,0.36958548,0.13713944,0.079327926,0.059996575,0.039191544,0.105511,0.090560645,0.11275166,0.05580339,0.06308235,0.04453,0.13595192,0.06966184
0.30114025,0.277804,0.33324564,0.31382167,0.3216325,0.28092766,0.32811922,0.29250747,0.320737,0.2663776,0.33037323,0.2866354,0.3339944,0.34705728,0.28529933,0.3164372,0.34136906,0.38846654,0.2830104,0.3031317,0.3155474,0.33246398,0.3338796,0.3399335,0.31675598,0.31015342,0.2962519,0.25885034,0.3019451,0.29069903,0.31443912,0.22057211,0.3420381,0.3171522,0.37154874,0.2688111,0.29438198,0.22755599,0.337396,0.32409412,0.31203863,0.38535717,0.40999264,0.37172788,0.29682815,0.29812348,0.30792505,0.28822142,0.34151632,0.33129892,0.24726671,0.28250527,0.27043664,0.30970743,0.30616304,0.32451278,0.35276052,0.37232205,0.33356914,0.25557005,0.2880598,0.22260273,0.30969843,0.2708818,0.38349825,0.29311854,0.3026445,0.27393094,0.29128957,0.29519242,0.27635625,0.26964396,0.33017778,0.2984594,0.24074262,0.29359198,0.08245169,0.18782723,0.30347562,0.33704814,0.38109124,0.3128016,0.29256344,0.2664354,0.34105772,0.33953667,0.2874921,0.24834548,0.36605492,0.36599156,0.32040295,0.30889767,0.29480496,0.2727666,0.29454905,0.3386597,0.33523923,0.35533112,0.3684297,0.4093254,0.3523969,0.26326212,0.3458132,0.33825392,0.3345124,0.33483487,0.22015244,0.24157459,0.25994784,0.2955491,0.30526102,0.34335402,0.31539604,0.35868484,0.33993053,0.23193407,0.30209684,0.29725945,0.34658635,0.33023798,0.09626825,0.105845,0.118915364,0.07913306,0.15522689,0.07779162,0.18063156,0.1365298,0.30336583,0.24188218,0.34747237,0.3485849,0.32005942,0.23314713,0.1843509,0.10775472,0.2175329,0.11387315,0.2946332,0.20327264,0.3427362,0.34503242,0.35296953,0.28789604,0.35518274,0.29329824,0.33472675,0.27900514,0.32494575,0.31531614,0.3333739,0.25224954,0.3766599,0.39747852,0.11778293,0.05755794,0.06297197,0.08655332,0.1336092,0.12888417,0.07733195,0.035080925,0.051635146,0.033077836,0.14695515,0.06543008
0.2507174,0.2333203,0.2918324,0.24605711,0.2904596,0.21583705,0.28739962,0.24942671,0.2939515,0.2433547,0.29063553,0.24643765,0.288886,0.2891224,0.24839282,0.26598993,0.29875782,0.30908903,0.23997603,0.26926303,0.24450341,0.27510527,0.28204158,0.2937781,0.27662373,0.25994077,0.260281,0.1979258,0.25297794,0.24338642,0.23916596,0.17210612,0.32349402,0.2898046,0.2921648,0.24266985,0.26765698,0.19623014,0.307204,0.3094623,0.27224916,0.3096289,0.3333885,0.31348792,0.2474761,0.25698218,0.24714604,0.22634885,0.26232928,0.27700347,0.21610203,0.23242071,0.22909231,0.24805075,0.27474672,0.2747598,0.30557185,0.3276747,0.25980344,0.23609138,0.25126183,0.20228893,0.28002262,0.23426062,0.29712856,0.25601214,0.27707195,0.256033,0.24903294,0.2292766,0.23879738,0.2365798,0.31934303,0.3047977,0.18540987,0.22817604,0.07258984,0.14853229,0.2548567,0.30426198,0.29398867,0.26184532,0.2507468,0.20970197,0.30047637,0.28314373,0.26001835,0.2085076,0.30702004,0.2888682,0.27055869,0.26819116,0.2437549,0.24363884,0.25697312,0.27199268,0.29265285,0.32491088,0.30741212,0.3255219,0.29384032,0.24779254,0.3181091,0.28366658,0.30269608,0.29644954,0.20368008,0.24143073,0.21894237,0.24729824,0.25788707,0.27696675,0.2743045,0.31278464,0.29898536,0.23351607,0.25245017,0.27403867,0.3080802,0.30353436,0.07750186,0.10032464,0.10609239,0.07901741,0.12503946,0.06588117,0.16203046,0.089001566,0.25666773,0.21358001,0.3014118,0.30919898,0.27505344,0.2113563,0.17009118,0.108879395,0.18066558,0.109116726,0.26989663,0.18797186,0.3067781,0.30910146,0.3162888,0.26534304,0.30939817,0.24868867,0.2883592,0.23320939,0.29372224,0.28725573,0.2723174,0.21380015,0.34258437,0.33601773,0.11379962,0.063107826,0.06210293,0.0622266,0.10970795,0.10557906,0.08080603,0.047746908,0.048320204,0.048226833,0.12864244,0.048204225
0.2528511,0.2384627,0.25854474,0.25847363,0.25566208,0.2545117,0.2735295,0.25067058,0.25467777,0.2394078,0.26663736,0.255493,0.28157538,0.25557655,0.24338244,0.2843964,0.27522632,0.28288144,0.23418052,0.26180315,0.25768435,0.27256995,0.26010802,0.2701916,0.2533328,0.238312,0.22150092,0.20691574,0.2399884,0.23643836,0.2264049,0.1759019,0.2972783,0.28311664,0.2686923,0.28791982,0.26259515,0.25405797,0.28943765,0.28725243,0.25300667,0.30526745,0.30914152,0.28971216,0.25670835,0.30550933,0.23628393,0.24149108,0.24863298,0.26575726,0.20264915,0.23116392,0.24820483,0.2378039,0.255477,0.2576248,0.28896886,0.2838079,0.23590642,0.22377259,0.22404312,0.19589877,0.26534235,0.22556597,0.25258774,0.24281377,0.27402264,0.2153334,0.21901926,0.24573578,0.20782056,0.22138302,0.29570594,0.26443863,0.23648852,0.27282014,0.133133,0.23879375,0.24416013,0.2918476,0.26162344,0.25598708,0.23434663,0.22449544,0.29787743,0.28861588,0.25069463,0.19060722,0.29303345,0.27907303,0.2527149,0.25581157,0.24250546,0.2435348,0.21274365,0.24376538,0.28789127,0.29086742,0.29146105,0.3043695,0.263298,0.24122447,0.28464335,0.26781386,0.2880254,0.28822076,0.17880753,0.24274643,0.19615552,0.24432966,0.23057835,0.23949264,0.26446104,0.27149257,0.2818393,0.19351694,0.25514224,0.26106197,0.27744928,0.32242215,0.22932571,0.1758964,0.2436575,0.23977268,0.25548264,0.20321509,0.25598693,0.22417691,0.29755345,0.22931117,0.32099307,0.2871296,0.27985716,0.256076,0.17837733,0.17159829,0.19617489,0.16156572,0.29253927,0.24726969,0.27645886,0.28789768,0.31858838,0.26714253,0.30364627,0.25307736,0.26625156,0.22094896,0.2687195,0.3021456,0.252056,0.26451895,0.31191248,0.32468644,0.17748195,0.12992796,0.1689932,0.16792595,0.16288236,0.16039982,0.17304459,0.12757021,0.15215331,0.12572087,0.2250494,0.09172641
0.19174047,0.18687382,0.27411953,0.20668691,0.25661713,0.18895781,0.21147656,0.21623152,0.23441476,0.18589878,0.21382564,0.1842508,0.24788338,0.2664735,0.2420438,0.20382619,0.2627046,0.24915063,0.23933929,0.23760967,0.19860733,0.20990297,0.26810068,0.22508548,0.22987965,0.20711309,0.23942097,0.17834926,0.21520379,0.2149888,0.18554068,0.13801977,0.19892825,0.24237333,0.2190616,0.18861403,0.2673188,0.1406815,0.3031345,0.21493502,0.2280438,0.23192123,0.3234343,0.23835312,0.20372368,0.26518777,0.1729461,0.15958965,0.24365354,0.21147028,0.1519584,0.19460975,0.16716817,0.19093032,0.20174785,0.20634437,0.3012895,0.2629016,0.24900718,0.18294808,0.17991155,0.18043046,0.25992888,0.21840459,0.27870637,0.24646974,0.1854632,0.26232255,0.25057784,0.18548363,0.18267584,0.22081915,0.30920964,0.30220997,0.16553421,0.18996358,0.031737983,0.11698496,0.25254947,0.22976282,0.28787628,0.17764959,0.20460626,0.18113275,0.20426854,0.20481998,0.2102631,0.19240075,0.31612563,0.2264116,0.21545127,0.24123266,0.19294584,0.20609403,0.1910464,0.24381816,0.2524185,0.30017537,0.24864179,0.2926535,0.22595215,0.2139022,0.23045279,0.30424446,0.22569224,0.22509566,0.14793557,0.20505416,0.21049994,0.2247501,0.260557,0.21081717,0.2256082,0.29108346,0.22218427,0.20764703,0.20628867,0.23503694,0.3143642,0.28410387,0.07959324,0.10651756,0.09106693,0.039899692,0.12640633,0.06106268,0.11152024,0.10358864,0.2680568,0.22342147,0.2505888,0.29715186,0.20551643,0.15250897,0.15374015,0.079701826,0.12709534,0.09647477,0.21273714,0.15727855,0.255982,0.253264,0.3216004,0.2443328,0.306967,0.26250747,0.19236092,0.22483845,0.2785821,0.27071288,0.23696516,0.16286525,0.32618245,0.32185423,0.071451664,0.056913733,0.037648022,0.03746883,0.09605269,0.06972769,0.04734455,0.022259653,0.023065552,0.031844854,0.08452028,0.03764616
0.2528511,0.2384627,0.25854474,0.25847363,0.25566208,0.2545117,0.2735295,0.25067058,0.25467777,0.2394078,0.26663736,0.255493,0.28157538,0.25557655,0.24338244,0.2843964,0.27522632,0.28288144,0.23418052,0.26180315,0.25768435,0.27256995,0.26010802,0.2701916,0.2533328,0.238312,0.22150092,0.20691574,0.2399884,0.23643836,0.2264049,0.1759019,0.2972783,0.28311664,0.2686923,0.28791982,0.26259515,0.25405797,0.28943765,0.28725243,0.25300667,0.30526745,0.30914152,0.28971216,0.25670835,0.30550933,0.23628393,0.24149108,0.24863298,0.26575726,0.20264915,0.23116392,0.24820483,0.2378039,0.255477,0.2576248,0.28896886,0.2838079,0.23590642,0.22377259,0.22404312,0.19589877,0.26534235,0.22556597,0.25258774,0.24281377,0.27402264,0.2153334,0.21901926,0.24573578,0.20782056,0.22138302,0.29570594,0.26443863,0.23648852,0.27282014,0.133133,0.23879375,0.24416013,0.2918476,0.26162344,0.25598708,0.23434663,0.22449544,0.29787743,0.28861588,0.25069463,0.19060722,0.29303345,0.27907303,0.2527149,0.25581157,0.24250546,0.2435348,0.21274365,0.24376538,0.28789127,0.29086742,0.29146105,0.3043695,0.263298,0.24122447,0.28464335,0.26781386,0.2880254,0.28822076,0.17880753,0.24274643,0.19615552,0.24432966,0.23057835,0.23949264,0.26446104,0.27149257,0.2818393,0.19351694,0.25514224,0.26106197,0.27744928,0.32242215,0.22932571,0.1758964,0.2436575,0.23977268,0.25548264,0.20321509,0.25598693,0.22417691,0.29755345,0.22931117,0.32099307,0.2871296,0.27985716,0.256076,0.17837733,0.17159829,0.19617489,0.16156572,0.29253927,0.24726969,0.27645886,0.28789768,0.31858838,0.26714253,0.30364627,0.25307736,0.26625156,0.22094896,0.2687195,0.3021456,0.252056,0.26451895,0.31191248,0.32468644,0.17748195,0.12992796,0.1689932,0.16792595,0.16288236,0.16039982,0.17304459,0.12757021,0.15215331,0.12572087,0.2250494,0.09172641
0.2507174,0.2333203,0.2918324,0.24605711,0.2904596,0.21583705,0.28739962,0.24942671,0.2939515,0.2433547,0.29063553,0.24643765,0.288886,0.2891224,0.24839282,0.26598993,0.29875782,0.30908903,0.23997603,0.26926303,0.24450341,0.27510527,0.28204158,0.2937781,0.27662373,0.25994077,0.260281,0.1979258,0.25297794,0.24338642,0.23916596,0.17210612,0.32349402,0.2898046,0.2921648,0.24266985,0.26765698,0.19623014,0.307204,0.3094623,0.27224916,0.3096289,0.3333885,0.31348792,0.2474761,0.25698218,0.24714604,0.22634885,0.26232928,0.27700347,0.21610203,0.23242071,0.22909231,0.24805075,0.27474672,0.2747598,0.30557185,0.3276747,0.25980344,0.23609138,0.25126183,0.20228893,0.28002262,0.23426062,0.29712856,0.25601214,0.27707195,0.256033,0.24903294,0.2292766,0.23879738,0.2365798,0.31934303,0.3047977,0.18540987,0.22817604,0.07258984,0.14853229,0.2548567,0.30426198,0.29398867,0.26184532,0.2507468,0.20970197,0.30047637,0.28314373,0.26001835,0.2085076,0.30702004,0.2888682,0.27055869,0.26819116,0.2437549,0.24363884,0.25697312,0.27199268,0.29265285,0.32491088,0.30741212,0.3255219,0.29384032,0.24779254,0.3181091,0.28366658,0.30269608,0.29644954,0.20368008,0.24143073,0.21894237,0.24729824,0.25788707,0.27696675,0.2743045,0.31278464,0.29898536,0.23351607,0.25245017,0.27403867,0.3080802,0.30353436,0.07750186,0.10032464,0.10609239,0.07901741,0.12503946,0.06588117,0.16203046,0.089001566,0.25666773,0.21358001,0.3014118,0.30919898,0.27505344,0.2113563,0.17009118,0.108879395,0.18066558,0.109116726,0.26989663,0.18797186,0.3067781,0.30910146,0.3162888,0.26534304,0.30939817,0.24868867,0.2883592,0.23320939,0.29372224,0.28725573,0.2723174,0.21380015,0.34258437,0.33601773,0.11379962,0.063107826,0.06210293,0.0622266,0.10970795,0.10557906,0.08080603,0.047746908,0.048320204,0.048226833,0.12864244,0.048204225
0.3079238,0.28711265,0.32410723,0.29549998,0.31383377,0.3158071,0.32919502,0.32658872,0.31948596,0.28907728,0.3149413,0.3111542,0.30769914,0.3268921,0.30890864,0.2894296,0.29058787,0.30053803,0.30260107,0.30878058,0.29276812,0.29458845,0.30078715,0.30126953,0.3243159,0.30932817,0.2848097,0.26257324,0.28628445,0.27981368,0.26590538,0.2513599,0.2995119,0.2873507,0.33458814,0.24516673,0.2662149,0.20193118,0.277155,0.29577202,0.29723138,0.337618,0.3547184,0.3569456,0.28742254,0.2852335,0.25630605,0.2533115,0.29685366,0.33916172,0.25803524,0.22896904,0.2835421,0.29092872,0.2904725,0.31897175,0.34610683,0.3277059,0.29042178,0.2939089,0.27703175,0.26769534,0.2903303,0.3029905,0.3216549,0.32089427,0.29548708,0.2761376,0.25881216,0.26755893,0.24506861,0.2454974,0.2992653,0.2769924,0.21083046,0.28417814,0.06891526,0.15967098,0.27650562,0.29970598,0.3153687,0.309845,0.26217055,0.27626938,0.30700254,0.30969274,0.29004216,0.26406533,0.3300948,0.3421007,0.30387402,0.31095633,0.29709464,0.26390278,0.26560283,0.29894748,0.32450294,0.32986525,0.33796445,0.34508723,0.30509567,0.2753873,0.36474252,0.33645564,0.3201776,0.33984584,0.18786234,0.23027687,0.26003772,0.28115398,0.28748822,0.27783954,0.30392677,0.30902195,0.32290375,0.2251275,0.28798836,0.3257733,0.32171613,0.31206375,0.05496922,0.09505063,0.12709093,0.10647632,0.15163249,0.079598926,0.16183862,0.08747802,0.24984929,0.20853281,0.33822638,0.32252237,0.3061692,0.25657156,0.20019642,0.11050317,0.20001039,0.07862676,0.31088603,0.20421556,0.31121203,0.34139442,0.3353659,0.32636425,0.33293605,0.29256764,0.28946975,0.27208513,0.34206665,0.3336569,0.30332565,0.24256258,0.35529926,0.36958548,0.13713944,0.079327926,0.059996575,0.039191544,0.105511,0.090560645,0.11275166,0.05580339,0.06308235,0.04453,0.13595192,0.06966184
0.19174047,0.18687382,0.27411953,0.20668691,0.25661713,0.18895781,0.21147656,0.21623152,0.23441476,0.18589878,0.21382564,0.1842508,0.24788338,0.2664735,0.2420438,0.20382619,0.2627046,0.24915063,0.23933929,0.23760967,0.19860733,0.20990297,0.26810068,0.22508548,0.22987965,0.20711309,0.23942097,0.17834926,0.21520379,0.2149888,0.18554068,0.13801977,0.19892825,0.24237333,0.2190616,0.18861403,0.2673188,0.1406815,0.3031345,0.21493502,0.2280438,0.23192123,0.3234343,0.23835312,0.20372368,0.26518777,0.1729461,0.15958965,0.24365354,0.21147028,0.1519584,0.19460975,0.16716817,0.19093032,0.20174785,0.20634437,0.3012895,0.2629016,0.24900718,0.18294808,0.17991155,0.18043046,0.25992888,0.21840459,0.27870637,0.24646974,0.1854632,0.26232255,0.25057784,0.18548363,0.18267584,0.22081915,0.30920964,0.30220997,0.16553421,0.18996358,0.031737983,0.11698496,0.25254947,0.22976282,0.28787628,0.17764959,0.20460626,0.18113275,0.20426854,0.20481998,0.2102631,0.19240075,0.31612563,0.2264116,0.21545127,0.24123266,0.19294584,0.20609403,0.1910464,0.24381816,0.2524185,0.30017537,0.24864179,0.2926535,0.22595215,0.2139022,0.23045279,0.30424446,0.22569224,0.22509566,0.14793557,0.20505416,0.21049994,0.2247501,0.260557,0.21081717,0.2256082,0.29108346,0.22218427,0.20764703,0.20628867,0.23503694,0.3143642,0.28410387,0.07959324,0.10651756,0.09106693,0.039899692,0.12640633,0.06106268,0.11152024,0.10358864,0.2680568,0.22342147,0.2505888,0.29715186,0.20551643,0.15250897,0.15374015,0.079701826,0.12709534,0.09647477,0.21273714,0.15727855,0.255982,0.253264,0.3216004,0.2443328,0.306967,0.26250747,0.19236092,0.22483845,0.2785821,0.27071288,0.23696516,0.16286525,0.32618245,0.32185423,0.071451664,0.056913733,0.037648022,0.03746883,0.09605269,0.06972769,0.04734455,0.022259653,0.023065552,0.031844854,0.08452028,0.03764616
0.3011402,0.277804,0.3332455,0.3138216,0.32163247,0.28092766,0.32811922,0.29250753,0.32073697,0.26637754,0.3303732,0.28663546,0.3339944,0.34705728,0.28529933,0.31643724,0.34136906,0.3884665,0.28301045,0.30313164,0.3155476,0.33246392,0.33387947,0.3399334,0.3167561,0.31015348,0.2962518,0.25885028,0.3019451,0.29069898,0.31443906,0.22057205,0.34203804,0.31715217,0.37154874,0.268811,0.29438192,0.22755611,0.3373959,0.32409406,0.31203854,0.38535714,0.40999255,0.37172782,0.29682815,0.29812348,0.30792505,0.28822145,0.3415163,0.33129877,0.24726677,0.28250518,0.27043658,0.3097074,0.30616313,0.32451263,0.35276043,0.37232202,0.33356914,0.25557,0.28805983,0.22260273,0.3096984,0.27088177,0.3834983,0.29311848,0.30264443,0.273931,0.29128963,0.29519242,0.27635622,0.26964393,0.33017778,0.29845935,0.24074262,0.29359204,0.08245175,0.18782711,0.30347565,0.3370483,0.38109118,0.3128016,0.2925634,0.2664353,0.34105775,0.33953643,0.28749204,0.24834545,0.36605486,0.36599156,0.32040298,0.30889767,0.2948051,0.2727666,0.29454905,0.33865964,0.33523917,0.35533115,0.36842963,0.40932527,0.35239697,0.26326206,0.34581316,0.3382538,0.33451265,0.33483487,0.22015235,0.24157447,0.25994775,0.2955491,0.30526114,0.34335402,0.31539586,0.35868478,0.3399305,0.23193413,0.30209672,0.29725954,0.34658638,0.33023807,0.0962681,0.10584498,0.1189153,0.079133004,0.15522698,0.0777916,0.18063174,0.1365298,0.3033657,0.24188218,0.34747222,0.3485847,0.32005948,0.2331471,0.18435085,0.107754715,0.21753299,0.11387309,0.29463315,0.20327263,0.34273595,0.34503236,0.35296944,0.28789604,0.3551827,0.29329807,0.33472684,0.27900535,0.32494563,0.31531608,0.3333739,0.25224948,0.37665975,0.39747852,0.11778287,0.05755794,0.06297199,0.08655335,0.13360918,0.12888408,0.07733185,0.03508091,0.051635027,0.03307791,0.14695516,0.06543007
0.2528511,0.2384627,0.25854474,0.25847363,0.25566208,0.2545117,0.2735295,0.25067058,0.25467777,0.2394078,0.26663736,0.255493,0.28157538,0.25557655,0.24338244,0.2843964,0.27522632,0.28288144,0.23418052,0.26180315,0.25768435,0.27256995,0.26010802,0.2701916,0.2533328,0.238312,0.22150092,0.20691574,0.2399884,0.23643836,0.2264049,0.1759019,0.2972783,0.28311664,0.2686923,0.28791982,0.26259515,0.25405797,0.28943765,0.28725243,0.25300667,0.30526745,0.30914152,0.28971216,0.25670835,0.30550933,0.23628393,0.24149108,0.24863298,0.26575726,0.20264915,0.23116392,0.24820483,0.2378039,0.255477,0.2576248,0.28896886,0.2838079,0.23590642,0.22377259,0.22404312,0.19589877,0.26534235,0.22556597,0.25258774,0.24281377,0.27402264,0.2153334,0.21901926,0.24573578,0.20782056,0.22138302,0.29570594,0.26443863,0.23648852,0.27282014,0.133133,0.23879375,0.24416013,0.2918476,0.26162344,0.25598708,0.23434663,0.22449544,0.29787743,0.28861588,0.25069463,0.19060722,0.29303345,0.27907303,0.2527149,0.25581157,0.24250546,0.2435348,0.21274365,0.24376538,0.28789127,0.29086742,0.29146105,0.3043695,0.263298,0.24122447,0.28464335,0.26781386,0.2880254,0.28822076,0.17880753,0.24274643,0.19615552,0.24432966,0.23057835,0.23949264,0.26446104,0.27149257,0.2818393,0.19351694,0.25514224,0.26106197,0.27744928,0.32242215,0.22932571,0.1758964,0.2436575,0.23977268,0.25548264,0.20321509,0.25598693,0.22417691,0.29755345,0.22931117,0.32099307,0.2871296,0.27985716,0.256076,0.17837733,0.17159829,0.19617489,0.16156572,0.29253927,0.24726969,0.27645886,0.28789768,0.31858838,0.26714253,0.30364627,0.25307736,0.26625156,0.22094896,0.2687195,0.3021456,0.252056,0.26451895,0.31191248,0.32468644,0.17748195,0.12992796,0.1689932,0.16792595,0.16288236,0.16039982,0.17304459,0.12757021,0.15215331,0.12572087,0.2250494,0.09172641
0.19174047,0.18687382,0.27411953,0.20668691,0.25661713,0.18895781,0.21147656,0.21623152,0.23441476,0.18589878,0.21382564,0.1842508,0.24788338,0.2664735,0.2420438,0.20382619,0.2627046,0.24915063,0.23933929,0.23760967,0.19860733,0.20990297,0.26810068,0.22508548,0.22987965,0.20711309,0.23942097,0.17834926,0.21520379,0.2149888,0.18554068,0.13801977,0.19892825,0.24237333,0.2190616,0.18861403,0.2673188,0.1406815,0.3031345,0.21493502,0.2280438,0.23192123,0.3234343,0.23835312,0.20372368,0.26518777,0.1729461,0.15958965,0.24365354,0.21147028,0.1519584,0.19460975,0.16716817,0.19093032,0.20174785,0.20634437,0.3012895,0.2629016,0.24900718,0.18294808,0.17991155,0.18043046,0.25992888,0.21840459,0.27870637,0.24646974,0.1854632,0.26232255,0.25057784,0.18548363,0.18267584,0.22081915,0.30920964,0.30220997,0.16553421,0.18996358,0.031737983,0.11698496,0.25254947,0.22976282,0.28787628,0.17764959,0.20460626,0.18113275,0.20426854,0.20481998,0.2102631,0.19240075,0.31612563,0.2264116,0.21545127,0.24123266,0.19294584,0.20609403,0.1910464,0.24381816,0.2524185,0.30017537,0.24864179,0.2926535,0.22595215,0.2139022,0.23045279,0.30424446,0.22569224,0.22509566,0.14793557,0.20505416,0.21049994,0.2247501,0.260557,0.21081717,0.2256082,0.29108346,0.22218427,0.20764703,0.20628867,0.23503694,0.3143642,0.28410387,0.07959324,0.10651756,0.09106693,0.039899692,0.12640633,0.06106268,0.11152024,0.10358864,0.2680568,0.22342147,0.2505888,0.29715186,0.20551643,0.15250897,0.15374015,0.079701826,0.12709534,0.09647477,0.21273714,0.15727855,0.255982,0.253264,0.3216004,0.2443328,0.306967,0.26250747,0.19236092,0.22483845,0.2785821,0.27071288,0.23696516,0.16286525,0.32618245,0.32185423,0.071451664,0.056913733,0.037648022,0.03746883,0.09605269,0.06972769,0.04734455,0.022259653,0.023065552,0.031844854,0.08452028,0.03764616
0.2528511,0.2384627,0.25854474,0.25847363,0.25566208,0.2545117,0.2735295,0.25067058,0.25467777,0.2394078,0.26663736,0.255493,0.28157538,0.25557655,0.24338244,0.2843964,0.27522632,0.28288144,0.23418052,0.26180315,0.25768435,0.27256995,0.26010802,0.2701916,0.2533328,0.238312,0.22150092,0.20691574,0.2399884,0.23643836,0.2264049,0.1759019,0.2972783,0.28311664,0.2686923,0.28791982,0.26259515,0.25405797,0.28943765,0.28725243,0.25300667,0.30526745,0.30914152,0.28971216,0.25670835,0.30550933,0.23628393,0.24149108,0.24863298,0.26575726,0.20264915,0.23116392,0.24820483,0.2378039,0.255477,0.2576248,0.28896886,0.2838079,0.23590642,0.22377259,0.22404312,0.19589877,0.26534235,0.22556597,0.25258774,0.24281377,0.27402264,0.2153334,0.21901926,0.24573578,0.20782056,0.22138302,0.29570594,0.26443863,0.23648852,0.27282014,0.133133,0.23879375,0.24416013,0.2918476,0.26162344,0.25598708,0.23434663,0.22449544,0.29787743,0.28861588,0.25069463,0.19060722,0.29303345,0.27907303,0.2527149,0.25581157,0.24250546,0.2435348,0.21274365,0.24376538,0.28789127,0.29086742,0.29146105,0.3043695,0.263298,0.24122447,0.28464335,0.26781386,0.2880254,0.28822076,0.17880753,0.24274643,0.19615552,0.24432966,0.23057835,0.23949264,0.26446104,0.27149257,0.2818393,0.19351694,0.25514224,0.26106197,0.27744928,0.32242215,0.22932571,0.1758964,0.2436575,0.23977268,0.25548264,0.20321509,0.25598693,0.22417691,0.29755345,0.22931117,0.32099307,0.2871296,0.27985716,0.256076,0.17837733,0.17159829,0.19617489,0.16156572,0.29253927,0.24726969,0.27645886,0.28789768,0.31858838,0.26714253,0.30364627,0.25307736,0.26625156,0.22094896,0.2687195,0.3021456,0.252056,0.26451895,0.31191248,0.32468644,0.17748195,0.12992796,0.1689932,0.16792595,0.16288236,0.16039982,0.17304459,0.12757021,0.15215331,0.12572087,0.2250494,0.09172641
0.30114025,0.277804,0.33324564,0.31382167,0.3216325,0.28092766,0.32811922,0.29250747,0.320737,0.2663776,0.33037323,0.2866354,0.3339944,0.34705728,0.28529933,0.3164372,0.34136906,0.38846654,0.2830104,0.3031317,0.3155474,0.33246398,0.3338796,0.3399335,0.31675598,0.31015342,0.2962519,0.25885034,0.3019451,0.29069903,0.31443912,0.22057211,0.3420381,0.3171522,0.37154874,0.2688111,0.29438198,0.22755599,0.337396,0.32409412,0.31203863,0.38535717,0.40999264,0.37172788,0.29682815,0.29812348,0.30792505,0.28822142,0.34151632,0.33129892,0.24726671,0.28250527,0.27043664,0.30970743,0.30616304,0.32451278,0.35276052,0.37232205,0.33356914,0.25557005,0.2880598,0.22260273,0.30969843,0.2708818,0.38349825,0.29311854,0.3026445,0.27393094,0.29128957,0.29519242,0.27635625,0.26964396,0.33017778,0.2984594,0.24074262,0.29359198,0.08245169,0.18782723,0.30347562,0.33704814,0.38109124,0.3128016,0.29256344,0.2664354,0.34105772,0.33953667,0.2874921,0.24834548,0.36605492,0.36599156,0.32040295,0.30889767,0.29480496,0.2727666,0.29454905,0.3386597,0.33523923,0.35533112,0.3684297,0.4093254,0.3523969,0.26326212,0.3458132,0.33825392,0.3345124,0.33483487,0.22015244,0.24157459,0.25994784,0.2955491,0.30526102,0.34335402,0.31539604,0.35868484,0.33993053,0.23193407,0.30209684,0.29725945,0.34658635,0.33023798,0.09626825,0.105845,0.118915364,0.07913306,0.15522689,0.07779162,0.18063156,0.1365298,0.30336583,0.24188218,0.34747237,0.3485849,0.32005942,0.23314713,0.1843509,0.10775472,0.2175329,0.11387315,0.2946332,0.20327264,0.3427362,0.34503242,0.35296953,0.28789604,0.35518274,0.29329824,0.33472675,0.27900514,0.32494575,0.31531614,0.3333739,0.25224954,0.3766599,0.39747852,0.11778293,0.05755794,0.06297197,0.08655332,0.1336092,0.12888417,0.07733195,0.035080925,0.051635146,0.033077836,0.14695515,0.06543008
0.30792361,0.28711268,0.32410717,0.29550004,0.31383383,0.3158071,0.329195,0.3265887,0.31948602,0.2890773,0.31494138,0.31115422,0.30769914,0.32689208,0.30890834,0.28942955,0.29058802,0.3005381,0.3026009,0.30878073,0.29276824,0.29458857,0.300787,0.3012696,0.32431582,0.30932802,0.28480956,0.2625733,0.28628442,0.27981356,0.26590538,0.25135997,0.29951173,0.2873507,0.33458805,0.24516666,0.26621494,0.20193124,0.27715498,0.29577193,0.29723147,0.337618,0.35471827,0.35694566,0.28742248,0.28523356,0.2563061,0.25331146,0.29685378,0.33916166,0.25803512,0.22896922,0.2835422,0.29092875,0.29047248,0.31897172,0.34610695,0.3277058,0.2904217,0.29390875,0.27703178,0.2676954,0.2903303,0.3029905,0.3216549,0.32089433,0.29548693,0.2761377,0.25881225,0.26755896,0.24506862,0.24549745,0.29926524,0.2769922,0.21083042,0.28417784,0.068915375,0.15967095,0.2765057,0.29970598,0.3153687,0.3098453,0.26217052,0.27626944,0.3070025,0.30969274,0.2900421,0.26406527,0.3300948,0.34210074,0.30387408,0.31095636,0.29709473,0.26390278,0.26560292,0.2989475,0.32450292,0.32986525,0.33796442,0.34508726,0.3050955,0.2753872,0.3647424,0.33645552,0.3201776,0.33984566,0.18786237,0.23027681,0.26003763,0.28115392,0.28748834,0.27783957,0.30392665,0.30902204,0.32290363,0.22512753,0.28798836,0.32577327,0.3217161,0.31206357,0.054969132,0.09505066,0.12709111,0.10647628,0.15163235,0.07959894,0.16183874,0.087478176,0.24984938,0.20853291,0.33822638,0.3225224,0.30616915,0.25657162,0.2001965,0.11050323,0.20001045,0.07862685,0.310886,0.20421574,0.31121218,0.34139425,0.33536577,0.32636413,0.33293605,0.29256767,0.28946966,0.2720855,0.34206644,0.33365688,0.30332562,0.24256258,0.3552993,0.3695855,0.1371394,0.07932784,0.0599965,0.039191574,0.10551097,0.09056063,0.11275159,0.05580333,0.06308223,0.044530038,0.13595203,0.06966172
0.2507174,0.23332024,0.29183236,0.24605696,0.2904595,0.21583712,0.2873996,0.2494268,0.2939515,0.24335466,0.2906355,0.24643764,0.28888595,0.28912234,0.24839275,0.26598984,0.29875776,0.309089,0.23997596,0.26926294,0.24450338,0.27510512,0.28204155,0.29377803,0.27662376,0.25994074,0.2602809,0.19792584,0.2529779,0.24338642,0.23916589,0.17210609,0.32349396,0.28980458,0.29216486,0.24266976,0.26765704,0.19622985,0.30720404,0.30946234,0.2722492,0.30962884,0.33338848,0.31348795,0.24747612,0.2569821,0.24714616,0.22634885,0.26232928,0.2770033,0.2161021,0.2324208,0.22909233,0.24805064,0.2747467,0.27475974,0.30557185,0.32767475,0.25980344,0.23609138,0.2512618,0.20228897,0.28002268,0.23426068,0.2971285,0.2560121,0.2770719,0.25603306,0.24903293,0.2292766,0.23879735,0.23657978,0.319343,0.30479765,0.18540987,0.228176,0.072589785,0.1485322,0.25485665,0.30426192,0.2939888,0.2618452,0.25074685,0.20970187,0.30047628,0.2831437,0.26001826,0.20850754,0.30701998,0.2888682,0.27055866,0.26819104,0.24375483,0.24363871,0.25697306,0.27199268,0.2926528,0.32491088,0.30741194,0.3255217,0.29384026,0.24779244,0.31810898,0.28366637,0.302696,0.29644942,0.20367992,0.24143064,0.21894228,0.24729818,0.25788704,0.27696672,0.2743044,0.31278458,0.29898524,0.23351592,0.2524501,0.2740386,0.30808014,0.3035343,0.077502005,0.10032473,0.10609236,0.07901744,0.12503934,0.065881,0.16203034,0.089001685,0.25666758,0.21358001,0.30141175,0.30919892,0.2750534,0.21135621,0.17009121,0.108879335,0.18066558,0.109116636,0.26989657,0.18797183,0.30677795,0.30910143,0.31628886,0.265343,0.30939814,0.24868864,0.28835908,0.23320934,0.29372206,0.28725576,0.2723173,0.21379998,0.3425843,0.33601758,0.11379969,0.063107766,0.062102895,0.062226616,0.10970791,0.10557905,0.08080596,0.047746856,0.048320137,0.048226953,0.1286424,0.048204053
0.19174047,0.18687382,0.27411953,0.20668691,0.25661713,0.18895781,0.21147656,0.21623152,0.23441476,0.18589878,0.21382564,0.1842508,0.24788338,0.2664735,0.2420438,0.20382619,0.2627046,0.24915063,0.23933929,0.23760967,0.19860733,0.20990297,0.26810068,0.22508548,0.22987965,0.20711309,0.23942097,0.17834926,0.21520379,0.2149888,0.18554068,0.13801977,0.19892825,0.24237333,0.2190616,0.18861403,0.2673188,0.1406815,0.3031345,0.21493502,0.2280438,0.23192123,0.3234343,0.23835312,0.20372368,0.26518777,0.1729461,0.15958965,0.24365354,0.21147028,0.1519584,0.19460975,0.16716817,0.19093032,0.20174785,0.20634437,0.3012895,0.2629016,0.24900718,0.18294808,0.17991155,0.18043046,0.25992888,0.21840459,0.27870637,0.24646974,0.1854632,0.26232255,0.25057784,0.18548363,0.18267584,0.22081915,0.30920964,0.30220997,0.16553421,0.18996358,0.031737983,0.11698496,0.25254947,0.22976282,0.28787628,0.17764959,0.20460626,0.18113275,0.20426854,0.20481998,0.2102631,0.19240075,0.31612563,0.2264116,0.21545127,0.24123266,0.19294584,0.20609403,0.1910464,0.24381816,0.2524185,0.30017537,0.24864179,0.2926535,0.22595215,0.2139022,0.23045279,0.30424446,0.22569224,0.22509566,0.14793557,0.20505416,0.21049994,0.2247501,0.260557,0.21081717,0.2256082,0.29108346,0.22218427,0.20764703,0.20628867,0.23503694,0.3143642,0.28410387,0.07959324,0.10651756,0.09106693,0.039899692,0.12640633,0.06106268,0.11152024,0.10358864,0.2680568,0.22342147,0.2505888,0.29715186,0.20551643,0.15250897,0.15374015,0.079701826,0.12709534,0.09647477,0.21273714,0.15727855,0.255982,0.253264,0.3216004,0.2443328,0.306967,0.26250747,0.19236092,0.22483845,0.2785821,0.27071288,0.23696516,0.16286525,0.32618245,0.32185423,0.071451664,0.056913733,0.037648022,0.03746883,0.09605269,0.06972769,0.04734455,0.022259653,0.023065552,0.031844854,0.08452028,0.03764616
0.3079238,0.28711265,0.32410723,0.29549998,0.31383377,0.3158071,0.32919502,0.32658872,0.31948596,0.28907728,0.3149413,0.3111542,0.30769914,0.3268921,0.30890864,0.2894296,0.29058787,0.30053803,0.30260107,0.30878058,0.29276812,0.29458845,0.30078715,0.30126953,0.3243159,0.30932817,0.2848097,0.26257324,0.28628445,0.27981368,0.26590538,0.2513599,0.2995119,0.2873507,0.33458814,0.24516673,0.2662149,0.20193118,0.277155,0.29577202,0.29723138,0.337618,0.3547184,0.3569456,0.28742254,0.2852335,0.25630605,0.2533115,0.29685366,0.33916172,0.25803524,0.22896904,0.2835421,0.29092872,0.2904725,0.31897175,0.34610683,0.3277059,0.29042178,0.2939089,0.27703175,0.26769534,0.2903303,0.3029905,0.3216549,0.32089427,0.29548708,0.2761376,0.25881216,0.26755893,0.24506861,0.2454974,0.2992653,0.2769924,0.21083046,0.28417814,0.06891526,0.15967098,0.27650562,0.29970598,0.3153687,0.309845,0.26217055,0.27626938,0.30700254,0.30969274,0.29004216,0.26406533,0.3300948,0.3421007,0.30387402,0.31095633,0.29709464,0.26390278,0.26560283,0.29894748,0.32450294,0.32986525,0.33796445,0.34508723,0.30509567,0.2753873,0.36474252,0.33645564,0.3201776,0.33984584,0.18786234,0.23027687,0.26003772,0.28115398,0.28748822,0.27783954,0.30392677,0.30902195,0.32290375,0.2251275,0.28798836,0.3257733,0.32171613,0.31206375,0.05496922,0.09505063,0.12709093,0.10647632,0.15163249,0.079598926,0.16183862,0.08747802,0.24984929,0.20853281,0.33822638,0.32252237,0.3061692,0.25657156,0.20019642,0.11050317,0.20001039,0.07862676,0.31088603,0.20421556,0.31121203,0.34139442,0.3353659,0.32636425,0.33293605,0.29256764,0.28946975,0.27208513,0.34206665,0.3336569,0.30332565,0.24256258,0.35529926,0.36958548,0.13713944,0.079327926,0.059996575,0.039191544,0.105511,0.090560645,0.11275166,0.05580339,0.06308235,0.04453,0.13595192,0.06966184
0.19174047,0.18687382,0.27411953,0.20668691,0.25661713,0.18895781,0.21147656,0.21623152,0.23441476,0.18589878,0.21382564,0.1842508,0.24788338,0.2664735,0.2420438,0.20382619,0.2627046,0.24915063,0.23933929,0.23760967,0.19860733,0.20990297,0.26810068,0.22508548,0.22987965,0.20711309,0.23942097,0.17834926,0.21520379,0.2149888,0.18554068,0.13801977,0.19892825,0.24237333,0.2190616,0.18861403,0.2673188,0.1406815,0.3031345,0.21493502,0.2280438,0.23192123,0.3234343,0.23835312,0.20372368,0.26518777,0.1729461,0.15958965,0.24365354,0.21147028,0.1519584,0.19460975,0.16716817,0.19093032,0.20174785,0.20634437,0.3012895,0.2629016,0.24900718,0.18294808,0.17991155,0.18043046,0.25992888,0.21840459,0.27870637,0.24646974,0.1854632,0.26232255,0.25057784,0.18548363,0.18267584,0.22081915,0.30920964,0.30220997,0.16553421,0.18996358,0.031737983,0.11698496,0.25254947,0.22976282,0.28787628,0.17764959,0.20460626,0.18113275,0.20426854,0.20481998,0.2102631,0.19240075,0.31612563,0.2264116,0.21545127,0.24123266,0.19294584,0.20609403,0.1910464,0.24381816,0.2524185,0.30017537,0.24864179,0.2926535,0.22595215,0.2139022,0.23045279,0.30424446,0.22569224,0.22509566,0.14793557,0.20505416,0.21049994,0.2247501,0.260557,0.21081717,0.2256082,0.29108346,0.22218427,0.20764703,0.20628867,0.23503694,0.3143642,0.28410387,0.07959324,0.10651756,0.09106693,0.039899692,0.12640633,0.06106268,0.11152024,0.10358864,0.2680568,0.22342147,0.2505888,0.29715186,0.20551643,0.15250897,0.15374015,0.079701826,0.12709534,0.09647477,0.21273714,0.15727855,0.255982,0.253264,0.3216004,0.2443328,0.306967,0.26250747,0.19236092,0.22483845,0.2785821,0.27071288,0.23696516,0.16286525,0.32618245,0.32185423,0.071451664,0.056913733,0.037648022,0.03746883,0.09605269,0.06972769,0.04734455,0.022259653,0.023065552,0.031844854,0.08452028,0.03764616
0.3011402,0.277804,0.3332455,0.3138216,0.32163247,0.28092766,0.32811922,0.29250753,0.32073697,0.26637754,0.3303732,0.28663546,0.3339944,0.34705728,0.28529933,0.31643724,0.34136906,0.3884665,0.28301045,0.30313164,0.3155476,0.33246392,0.33387947,0.3399334,0.3167561,0.31015348,0.2962518,0.25885028,0.3019451,0.29069898,0.31443906,0.22057205,0.34203804,0.31715217,0.37154874,0.268811,0.29438192,0.22755611,0.3373959,0.32409406,0.31203854,0.38535714,0.40999255,0.37172782,0.29682815,0.29812348,0.30792505,0.28822145,0.3415163,0.33129877,0.24726677,0.28250518,0.27043658,0.3097074,0.30616313,0.32451263,0.35276043,0.37232202,0.33356914,0.25557,0.28805983,0.22260273,0.3096984,0.27088177,0.3834983,0.29311848,0.30264443,0.273931,0.29128963,0.29519242,0.27635622,0.26964393,0.33017778,0.29845935,0.24074262,0.29359204,0.08245175,0.18782711,0.30347565,0.3370483,0.38109118,0.3128016,0.2925634,0.2664353,0.34105775,0.33953643,0.28749204,0.24834545,0.36605486,0.36599156,0.32040298,0.30889767,0.2948051,0.2727666,0.29454905,0.33865964,0.33523917,0.35533115,0.36842963,0.40932527,0.35239697,0.26326206,0.34581316,0.3382538,0.33451265,0.33483487,0.22015235,0.24157447,0.25994775,0.2955491,0.30526114,0.34335402,0.31539586,0.35868478,0.3399305,0.23193413,0.30209672,0.29725954,0.34658638,0.33023807,0.0962681,0.10584498,0.1189153,0.079133004,0.15522698,0.0777916,0.18063174,0.1365298,0.3033657,0.24188218,0.34747222,0.3485847,0.32005948,0.2331471,0.18435085,0.107754715,0.21753299,0.11387309,0.29463315,0.20327263,0.34273595,0.34503236,0.35296944,0.28789604,0.3551827,0.29329807,0.33472684,0.27900535,0.32494563,0.31531608,0.3333739,0.25224948,0.37665975,0.39747852,0.11778287,0.05755794,0.06297199,0.08655335,0.13360918,0.12888408,0.07733185,0.03508091,0.051635027,0.03307791,0.14695516,0.06543007
0.2507174,0.2333203,0.2918324,0.24605711,0.2904596,0.21583705,0.28739962,0.24942671,0.2939515,0.2433547,0.29063553,0.24643765,0.288886,0.2891224,0.24839282,0.26598993,0.29875782,0.30908903,0.23997603,0.26926303,0.24450341,0.27510527,0.28204158,0.2937781,0.27662373,0.25994077,0.260281,0.1979258,0.25297794,0.24338642,0.23916596,0.17210612,0.32349402,0.2898046,0.2921648,0.24266985,0.26765698,0.19623014,0.307204,0.3094623,0.27224916,0.3096289,0.3333885,0.31348792,0.2474761,0.25698218,0.24714604,0.22634885,0.26232928,0.27700347,0.21610203,0.23242071,0.22909231,0.24805075,0.27474672,0.2747598,0.30557185,0.3276747,0.25980344,0.23609138,0.25126183,0.20228893,0.28002262,0.23426062,0.29712856,0.25601214,0.27707195,0.256033,0.24903294,0.2292766,0.23879738,0.2365798,0.31934303,0.3047977,0.18540987,0.22817604,0.07258984,0.14853229,0.2548567,0.30426198,0.29398867,0.26184532,0.2507468,0.20970197,0.30047637,0.28314373,0.26001835,0.2085076,0.30702004,0.2888682,0.27055869,0.26819116,0.2437549,0.24363884,0.25697312,0.27199268,0.29265285,0.32491088,0.30741212,0.3255219,0.29384032,0.24779254,0.3181091,0.28366658,0.30269608,0.29644954,0.20368008,0.24143073,0.21894237,0.24729824,0.25788707,0.27696675,0.2743045,0.31278464,0.29898536,0.23351607,0.25245017,0.27403867,0.3080802,0.30353436,0.07750186,0.10032464,0.10609239,0.07901741,0.12503946,0.06588117,0.16203046,0.089001566,0.25666773,0.21358001,0.3014118,0.30919898,0.27505344,0.2113563,0.17009118,0.108879395,0.18066558,0.109116726,0.26989663,0.18797186,0.3067781,0.30910146,0.3162888,0.26534304,0.30939817,0.24868867,0.2883592,0.23320939,0.29372224,0.28725573,0.2723174,0.21380015,0.34258437,0.33601773,0.11379962,0.063107826,0.06210293,0.0622266,0.10970795,0.10557906,0.08080603,0.047746908,0.048320204,0.048226833,0.12864244,0.048204225
0.2528511,0.2384627,0.25854474,0.25847363,0.25566208,0.2545117,0.2735295,0.25067058,0.25467777,0.2394078,0.26663736,0.255493,0.28157538,0.25557655,0.24338244,0.2843964,0.27522632,0.28288144,0.23418052,0.26180315,0.25768435,0.27256995,0.26010802,0.2701916,0.2533328,0.238312,0.22150092,0.20691574,0.2399884,0.23643836,0.2264049,0.1759019,0.2972783,0.28311664,0.2686923,0.28791982,0.26259515,0.25405797,0.28943765,0.28725243,0.25300667,0.30526745,0.30914152,0.28971216,0.25670835,0.30550933,0.23628393,0.24149108,0.24863298,0.26575726,0.20264915,0.23116392,0.24820483,0.2378039,0.255477,0.2576248,0.28896886,0.2838079,0.23590642,0.22377259,0.22404312,0.19589877,0.26534235,0.22556597,0.25258774,0.24281377,0.27402264,0.2153334,0.21901926,0.24573578,0.20782056,0.22138302,0.29570594,0.26443863,0.23648852,0.27282014,0.133133,0.23879375,0.24416013,0.2918476,0.26162344,0.25598708,0.23434663,0.22449544,0.29787743,0.28861588,0.25069463,0.19060722,0.29303345,0.27907303,0.2527149,0.25581157,0.24250546,0.2435348,0.21274365,0.24376538,0.28789127,0.29086742,0.29146105,0.3043695,0.263298,0.24122447,0.28464335,0.26781386,0.2880254,0.28822076,0.17880753,0.24274643,0.19615552,0.24432966,0.23057835,0.23949264,0.26446104,0.27149257,0.2818393,0.19351694,0.25514224,0.26106197,0.27744928,0.32242215,0.22932571,0.1758964,0.2436575,0.23977268,0.25548264,0.20321509,0.25598693,0.22417691,0.29755345,0.22931117,0.32099307,0.2871296,0.27985716,0.256076,0.17837733,0.17159829,0.19617489,0.16156572,0.29253927,0.24726969,0.27645886,0.28789768,0.31858838,0.26714253,0.30364627,0.25307736,0.26625156,0.22094896,0.2687195,0.3021456,0.252056,0.26451895,0.31191248,0.32468644,0.17748195,0.12992796,0.1689932,0.16792595,0.16288236,0.16039982,0.17304459,0.12757021,0.15215331,0.12572087,0.2250494,0.09172641
0.2528511,0.2384627,0.25854474,0.25847363,0.25566208,0.2545117,0.2735295,0.25067058,0.25467777,0.2394078,0.26663736,0.255493,0.28157538,0.25557655,0.24338244,0.2843964,0.27522632,0.28288144,0.23418052,0.26180315,0.25768435,0.27256995,0.26010802,0.2701916,0.2533328,0.238312,0.22150092,0.20691574,0.2399884,0.23643836,0.2264049,0.1759019,0.2972783,0.28311664,0.2686923,0.28791982,0.26259515,0.25405797,0.28943765,0.28725243,0.25300667,0.30526745,0.30914152,0.28971216,0.25670835,0.30550933,0.23628393,0.24149108,0.24863298,0.26575726,0.20264915,0.23116392,0.24820483,0.2378039,0.255477,0.2576248,0.28896886,0.2838079,0.23590642,0.22377259,0.22404312,0.19589877,0.26534235,0.22556597,0.25258774,0.24281377,0.27402264,0.2153334,0.21901926,0.24573578,0.20782056,0.22138302,0.29570594,0.26443863,0.23648852,0.27282014,0.133133,0.23879375,0.24416013,0.2918476,0.26162344,0.25598708,0.23434663,0.22449544,0.29787743,0.28861588,0.25069463,0.19060722,0.29303345,0.27907303,0.2527149,0.25581157,0.24250546,0.2435348,0.21274365,0.24376538,0.28789127,0.29086742,0.29146105,0.3043695,0.263298,0.24122447,0.28464335,0.26781386,0.2880254,0.28822076,0.17880753,0.24274643,0.19615552,0.24432966,0.23057835,0.23949264,0.26446104,0.27149257,0.2818393,0.19351694,0.25514224,0.26106197,0.27744928,0.32242215,0.22932571,0.1758964,0.2436575,0.23977268,0.25548264,0.20321509,0.25598693,0.22417691,0.29755345,0.22931117,0.32099307,0.2871296,0.27985716,0.256076,0.17837733,0.17159829,0.19617489,0.16156572,0.29253927,0.24726969,0.27645886,0.28789768,0.31858838,0.26714253,0.30364627,0.25307736,0.26625156,0.22094896,0.2687195,0.3021456,0.252056,0.26451895,0.31191248,0.32468644,0.17748195,0.12992796,0.1689932,0.16792595,0.16288236,0.16039982,0.17304459,0.12757021,0.15215331,0.12572087,0.2250494,0.09172641
0.30114025,0.277804,0.33324564,0.31382167,0.3216325,0.28092766,0.32811922,0.29250747,0.320737,0.2663776,0.33037323,0.2866354,0.3339944,0.34705728,0.28529933,0.3164372,0.34136906,0.38846654,0.2830104,0.3031317,0.3155474,0.33246398,0.3338796,0.3399335,0.31675598,0.31015342,0.2962519,0.25885034,0.3019451,0.29069903,0.31443912,0.22057211,0.3420381,0.3171522,0.37154874,0.2688111,0.29438198,0.22755599,0.337396,0.32409412,0.31203863,0.38535717,0.40999264,0.37172788,0.29682815,0.29812348,0.30792505,0.28822142,0.34151632,0.33129892,0.24726671,0.28250527,0.27043664,0.30970743,0.30616304,0.32451278,0.35276052,0.37232205,0.33356914,0.25557005,0.2880598,0.22260273,0.30969843,0.2708818,0.38349825,0.29311854,0.3026445,0.27393094,0.29128957,0.29519242,0.27635625,0.26964396,0.33017778,0.2984594,0.24074262,0.29359198,0.08245169,0.18782723,0.30347562,0.33704814,0.38109124,0.3128016,0.29256344,0.2664354,0.34105772,0.33953667,0.2874921,0.24834548,0.36605492,0.36599156,0.32040295,0.30889767,0.29480496,0.2727666,0.29454905,0.3386597,0.33523923,0.35533112,0.3684297,0.4093254,0.3523969,0.26326212,0.3458132,0.33825392,0.3345124,0.33483487,0.22015244,0.24157459,0.25994784,0.2955491,0.30526102,0.34335402,0.31539604,0.35868484,0.33993053,0.23193407,0.30209684,0.29725945,0.34658635,0.33023798,0.09626825,0.105845,0.118915364,0.07913306,0.15522689,0.07779162,0.18063156,0.1365298,0.30336583,0.24188218,0.34747237,0.3485849,0.32005942,0.23314713,0.1843509,0.10775472,0.2175329,0.11387315,0.2946332,0.20327264,0.3427362,0.34503242,0.35296953,0.28789604,0.35518274,0.29329824,0.33472675,0.27900514,0.32494575,0.31531614,0.3333739,0.25224954,0.3766599,0.39747852,0.11778293,0.05755794,0.06297197,0.08655332,0.1336092,0.12888417,0.07733195,0.035080925,0.051635146,0.033077836,0.14695515,0.06543008
0.2507174,0.23332024,0.29183236,0.24605696,0.2904595,0.21583712,0.2873996,0.2494268,0.2939515,0.24335466,0.2906355,0.24643764,0.28888595,0.28912234,0.24839275,0.26598984,0.29875776,0.309089,0.23997596,0.26926294,0.24450338,0.27510512,0.28204155,0.29377803,0.27662376,0.25994074,0.2602809,0.19792584,0.2529779,0.24338642,0.23916589,0.17210609,0.32349396,0.28980458,0.29216486,0.24266976,0.26765704,0.19622985,0.30720404,0.30946234,0.2722492,0.30962884,0.33338848,0.31348795,0.24747612,0.2569821,0.24714616,0.22634885,0.26232928,0.2770033,0.2161021,0.2324208,0.22909233,0.24805064,0.2747467,0.27475974,0.30557185,0.32767475,0.25980344,0.23609138,0.2512618,0.20228897,0.28002268,0.23426068,0.2971285,0.2560121,0.2770719,0.25603306,0.24903293,0.2292766,0.23879735,0.23657978,0.319343,0.30479765,0.18540987,0.228176,0.072589785,0.1485322,0.25485665,0.30426192,0.2939888,0.2618452,0.25074685,0.20970187,0.30047628,0.2831437,0.26001826,0.20850754,0.30701998,0.2888682,0.27055866,0.26819104,0.24375483,0.24363871,0.25697306,0.27199268,0.2926528,0.32491088,0.30741194,0.3255217,0.29384026,0.24779244,0.31810898,0.28366637,0.302696,0.29644942,0.20367992,0.24143064,0.21894228,0.24729818,0.25788704,0.27696672,0.2743044,0.31278458,0.29898524,0.23351592,0.2524501,0.2740386,0.30808014,0.3035343,0.077502005,0.10032473,0.10609236,0.07901744,0.12503934,0.065881,0.16203034,0.089001685,0.25666758,0.21358001,0.30141175,0.30919892,0.2750534,0.21135621,0.17009121,0.108879335,0.18066558,0.109116636,0.26989657,0.18797183,0.30677795,0.30910143,0.31628886,0.265343,0.30939814,0.24868864,0.28835908,0.23320934,0.29372206,0.28725576,0.2723173,0.21379998,0.3425843,0.33601758,0.11379969,0.063107766,0.062102895,0.062226616,0.10970791,0.10557905,0.08080596,0.047746856,0.048320137,0.048226953,0.1286424,0.048204053
0.30792361,0.28711268,0.32410717,0.29550004,0.31383383,0.3158071,0.329195,0.3265887,0.31948602,0.2890773,0.31494138,0.31115422,0.30769914,0.32689208,0.30890834,0.28942955,0.29058802,0.3005381,0.3026009,0.30878073,0.29276824,0.29458857,0.300787,0.3012696,0.32431582,0.30932802,0.28480956,0.2625733,0.28628442,0.27981356,0.26590538,0.25135997,0.29951173,0.2873507,0.33458805,0.24516666,0.26621494,0.20193124,0.27715498,0.29577193,0.29723147,0.337618,0.35471827,0.35694566,0.28742248,0.28523356,0.2563061,0.25331146,0.29685378,0.33916166,0.25803512,0.22896922,0.2835422,0.29092875,0.29047248,0.31897172,0.34610695,0.3277058,0.2904217,0.29390875,0.27703178,0.2676954,0.2903303,0.3029905,0.3216549,0.32089433,0.29548693,0.2761377,0.25881225,0.26755896,0.24506862,0.24549745,0.29926524,0.2769922,0.21083042,0.28417784,0.068915375,0.15967095,0.2765057,0.29970598,0.3153687,0.3098453,0.26217052,0.27626944,0.3070025,0.30969274,0.2900421,0.26406527,0.3300948,0.34210074,0.30387408,0.31095636,0.29709473,0.26390278,0.26560292,0.2989475,0.32450292,0.32986525,0.33796442,0.34508726,0.3050955,0.2753872,0.3647424,0.33645552,0.3201776,0.33984566,0.18786237,0.23027681,0.26003763,0.28115392,0.28748834,0.27783957,0.30392665,0.30902204,0.32290363,0.22512753,0.28798836,0.32577327,0.3217161,0.31206357,0.054969132,0.09505066,0.12709111,0.10647628,0.15163235,0.07959894,0.16183874,0.087478176,0.24984938,0.20853291,0.33822638,0.3225224,0.30616915,0.25657162,0.2001965,0.11050323,0.20001045,0.07862685,0.310886,0.20421574,0.31121218,0.34139425,0.33536577,0.32636413,0.33293605,0.29256767,0.28946966,0.2720855,0.34206644,0.33365688,0.30332562,0.24256258,0.3552993,0.3695855,0.1371394,0.07932784,0.0599965,0.039191574,0.10551097,0.09056063,0.11275159,0.05580333,0.06308223,0.044530038,0.13595203,0.06966172
0.3079238,0.28711265,0.32410723,0.29549998,0.31383377,0.3158071,0.32919502,0.32658872,0.31948596,0.28907728,0.3149413,0.3111542,0.30769914,0.3268921,0.30890864,0.2894296,0.29058787,0.30053803,0.30260107,0.30878058,0.29276812,0.29458845,0.30078715,0.30126953,0.3243159,0.30932817,0.2848097,0.26257324,0.28628445,0.27981368,0.26590538,0.2513599,0.2995119,0.2873507,0.33458814,0.24516673,0.2662149,0.20193118,0.277155,0.29577202,0.29723138,0.337618,0.3547184,0.3569456,0.28742254,0.2852335,0.25630605,0.2533115,0.29685366,0.33916172,0.25803524,0.22896904,0.2835421,0.29092872,0.2904725,0.31897175,0.34610683,0.3277059,0.29042178,0.2939089,0.27703175,0.26769534,0.2903303,0.3029905,0.3216549,0.32089427,0.29548708,0.2761376,0.25881216,0.26755893,0.24506861,0.2454974,0.2992653,0.2769924,0.21083046,0.28417814,0.06891526,0.15967098,0.27650562,0.29970598,0.3153687,0.309845,0.26217055,0.27626938,0.30700254,0.30969274,0.29004216,0.26406533,0.3300948,0.3421007,0.30387402,0.31095633,0.29709464,0.26390278,0.26560283,0.29894748,0.32450294,0.32986525,0.33796445,0.34508723,0.30509567,0.2753873,0.36474252,0.33645564,0.3201776,0.33984584,0.18786234,0.23027687,0.26003772,0.28115398,0.28748822,0.27783954,0.30392677,0.30902195,0.32290375,0.2251275,0.28798836,0.3257733,0.32171613,0.31206375,0.05496922,0.09505063,0.12709093,0.10647632,0.15163249,0.079598926,0.16183862,0.08747802,0.24984929,0.20853281,0.33822638,0.32252237,0.3061692,0.25657156,0.20019642,0.11050317,0.20001039,0.07862676,0.31088603,0.20421556,0.31121203,0.34139442,0.3353659,0.32636425,0.33293605,0.29256764,0.28946975,0.27208513,0.34206665,0.3336569,0.30332565,0.24256258,0.35529926,0.36958548,0.13713944,0.079327926,0.059996575,0.039191544,0.105511,0.090560645,0.11275166,0.05580339,0.06308235,0.04453,0.13595192,0.06966184
0.19174021,0.18687373,0.27411965,0.20668733,0.25661716,0.18895796,0.21147665,0.21623123,0.2344147,0.18589884,0.21382566,0.18425074,0.24788345,0.2664738,0.24204373,0.20382619,0.26270488,0.24915048,0.23933929,0.23760921,0.19860734,0.20990309,0.26810074,0.22508556,0.22987965,0.20711297,0.23942092,0.17834914,0.21520393,0.21498877,0.18554094,0.13801989,0.19892839,0.2423734,0.21906208,0.18861425,0.26731873,0.14068145,0.30313462,0.21493503,0.22804365,0.23192087,0.32343447,0.23835322,0.2037236,0.2651879,0.1729462,0.15959,0.24365345,0.21147072,0.15195829,0.1946098,0.16716808,0.19093038,0.20174813,0.20634456,0.30128938,0.26290154,0.24900731,0.1829482,0.17991164,0.18043058,0.2599286,0.21840453,0.27870646,0.24646977,0.18546312,0.2623225,0.250578,0.18548368,0.18267566,0.22081938,0.3092095,0.30220962,0.16553436,0.18996358,0.031737655,0.116984844,0.25254968,0.22976276,0.28787637,0.17764978,0.20460661,0.1811328,0.20426814,0.20481974,0.21026334,0.19240028,0.31612575,0.22641154,0.2154514,0.24123271,0.1929461,0.20609425,0.19104627,0.2438184,0.25241867,0.30017543,0.24864215,0.29265335,0.22595195,0.21390224,0.23045285,0.30424443,0.22569214,0.22509566,0.14793533,0.20505442,0.21049935,0.22475,0.2605569,0.21081714,0.22560814,0.29108346,0.22218412,0.207647,0.20628877,0.23503701,0.3143641,0.2841041,0.07959318,0.106517784,0.09106693,0.03989923,0.12640657,0.061062723,0.11152008,0.10358846,0.26805657,0.2234215,0.25058866,0.29715192,0.20551637,0.15250933,0.15374023,0.079702005,0.12709537,0.09647468,0.21273714,0.15727869,0.25598183,0.25326344,0.32160074,0.24433273,0.30696708,0.2625073,0.19236074,0.22483848,0.27858192,0.27071288,0.23696516,0.16286522,0.3261823,0.32185423,0.07145141,0.056913823,0.037647963,0.037468784,0.09605238,0.06972782,0.04734455,0.022259653,0.023065552,0.031844854,0.08452028,0.03764616
0.25285092,0.23846275,0.25854468,0.25847352,0.25566185,0.25451183,0.27352935,0.25067002,0.254678,0.23940793,0.26663724,0.2554922,0.28157532,0.2555765,0.24338241,0.2843965,0.2752267,0.28288174,0.23418038,0.26180327,0.2576846,0.27257007,0.26010814,0.27019206,0.2533327,0.23831174,0.22150065,0.20691592,0.23998803,0.23643842,0.22640479,0.17590168,0.29727873,0.2831169,0.26869234,0.28792018,0.26259518,0.25405794,0.28943765,0.28725237,0.25300637,0.30526763,0.30914173,0.2897123,0.25670853,0.30550942,0.23628397,0.24149108,0.24863264,0.2657574,0.20264903,0.23116401,0.24820508,0.23780368,0.255477,0.25762457,0.28896904,0.2838078,0.2359065,0.22377276,0.2240427,0.19589886,0.26534274,0.22556591,0.2525875,0.24281386,0.2740228,0.2153332,0.2190195,0.24573545,0.20782053,0.22138302,0.29570615,0.26443833,0.23648867,0.27282006,0.13313264,0.23879382,0.24415997,0.29184794,0.2616228,0.25598687,0.2343471,0.22449538,0.2978776,0.28861594,0.25069475,0.19060716,0.29303363,0.27907324,0.25271544,0.2558117,0.24250555,0.2435351,0.21274363,0.24376538,0.2878914,0.2908675,0.29146105,0.3043694,0.263298,0.24122488,0.28464323,0.26781407,0.2880251,0.288221,0.17880748,0.2427464,0.19615553,0.24432972,0.23057806,0.23949267,0.264461,0.27149305,0.28183967,0.19351697,0.25514215,0.2610615,0.27744904,0.32242215,0.22932535,0.17589648,0.24365723,0.23977232,0.25548226,0.20321506,0.25598702,0.2241772,0.29755315,0.22931127,0.32099253,0.28712976,0.27985728,0.25607574,0.17837745,0.17159805,0.19617486,0.16156574,0.2925393,0.24726993,0.27645907,0.2878977,0.31858855,0.26714242,0.30364588,0.25307703,0.2662518,0.22094913,0.2687195,0.3021451,0.25205606,0.26451918,0.31191236,0.32468647,0.17748189,0.12992829,0.16899312,0.16792619,0.1628824,0.16039991,0.17304459,0.12757021,0.15215331,0.12572087,0.2250494,0.09172641
0.2528511,0.2384627,0.25854474,0.25847363,0.25566208,0.2545117,0.2735295,0.25067058,0.25467777,0.2394078,0.26663736,0.255493,0.28157538,0.25557655,0.24338244,0.2843964,0.27522632,0.28288144,0.23418052,0.26180315,0.25768435,0.27256995,0.26010802,0.2701916,0.2533328,0.238312,0.22150092,0.20691574,0.2399884,0.23643836,0.2264049,0.1759019,0.2972783,0.28311664,0.2686923,0.28791982,0.26259515,0.25405797,0.28943765,0.28725243,0.25300667,0.30526745,0.30914152,0.28971216,0.25670835,0.30550933,0.23628393,0.24149108,0.24863298,0.26575726,0.20264915,0.23116392,0.24820483,0.2378039,0.255477,0.2576248,0.28896886,0.2838079,0.23590642,0.22377259,0.22404312,0.19589877,0.26534235,0.22556597,0.25258774,0.24281377,0.27402264,0.2153334,0.21901926,0.24573578,0.20782056,0.22138302,0.29570594,0.26443863,0.23648852,0.27282014,0.133133,0.23879375,0.24416013,0.2918476,0.26162344,0.25598708,0.23434663,0.22449544,0.29787743,0.28861588,0.25069463,0.19060722,0.29303345,0.27907303,0.2527149,0.25581157,0.24250546,0.2435348,0.21274365,0.24376538,0.28789127,0.29086742,0.29146105,0.3043695,0.263298,0.24122447,0.28464335,0.26781386,0.2880254,0.28822076,0.17880753,0.24274643,0.19615552,0.24432966,0.23057835,0.23949264,0.26446104,0.27149257,0.2818393,0.19351694,0.25514224,0.26106197,0.27744928,0.32242215,0.22932571,0.1758964,0.2436575,0.23977268,0.25548264,0.20321509,0.25598693,0.22417691,0.29755345,0.22931117,0.32099307,0.2871296,0.27985716,0.256076,0.17837733,0.17159829,0.19617489,0.16156572,0.29253927,0.24726969,0.27645886,0.28789768,0.31858838,0.26714253,0.30364627,0.25307736,0.26625156,0.22094896,0.2687195,0.3021456,0.252056,0.26451895,0.31191248,0.32468644,0.17748195,0.12992796,0.1689932,0.16792595,0.16288236,0.16039982,0.17304459,0.12757021,0.15215331,0.12572087,0.2250494,0.09172641
0.30792382,0.28711244,0.32410723,0.29550016,0.31383398,0.31580704,0.32919478,0.3265885,0.31948584,0.28907746,0.31494135,0.31115422,0.30769905,0.32689193,0.30890855,0.28942946,0.2905881,0.30053788,0.3026012,0.30878046,0.29276806,0.29458869,0.30078688,0.30126974,0.32431626,0.30932814,0.2848097,0.2625734,0.28628433,0.27981383,0.26590532,0.25135976,0.29951176,0.28735057,0.33458796,0.2451666,0.2662151,0.20193112,0.27715504,0.29577184,0.29723126,0.33761796,0.35471815,0.35694566,0.28742245,0.28523344,0.256306,0.25331149,0.29685366,0.33916157,0.25803503,0.22896908,0.28354213,0.29092896,0.2904724,0.3189717,0.34610707,0.3277058,0.2904215,0.2939088,0.27703196,0.26769534,0.29033023,0.30299038,0.32165468,0.32089418,0.2954872,0.27613762,0.258812,0.26755893,0.24506837,0.24549729,0.299265,0.2769923,0.21083045,0.2841776,0.06891544,0.15967079,0.2765056,0.29970586,0.3153687,0.30984506,0.26217043,0.2762693,0.3070023,0.3096926,0.29004198,0.2640654,0.33009472,0.34210074,0.30387414,0.31095612,0.2970945,0.26390293,0.26560262,0.2989475,0.324503,0.32986525,0.33796465,0.3450872,0.30509555,0.27538717,0.36474225,0.3364554,0.3201775,0.33984566,0.18786246,0.23027676,0.26003766,0.28115404,0.2874884,0.2778395,0.30392668,0.30902207,0.32290354,0.22512743,0.28798845,0.32577303,0.32171613,0.31206372,0.05496937,0.09505066,0.12709093,0.10647628,0.15163262,0.079598874,0.16183853,0.08747801,0.24984935,0.2085327,0.33822644,0.3225225,0.30616936,0.25657177,0.20019662,0.11050317,0.20001057,0.07862675,0.31088626,0.20421556,0.31121218,0.34139448,0.3353656,0.32636428,0.33293605,0.2925678,0.28946942,0.27208513,0.3420666,0.33365685,0.30332547,0.24256277,0.3552993,0.36958522,0.13713951,0.07932779,0.059996456,0.039191365,0.10551093,0.090560496,0.11275159,0.05580342,0.0630824,0.04452998,0.13595185,0.06966165
0.19174047,0.18687382,0.27411953,0.20668691,0.25661713,0.18895781,0.21147656,0.21623152,0.23441476,0.18589878,0.21382564,0.1842508,0.24788338,0.2664735,0.2420438,0.20382619,0.2627046,0.24915063,0.23933929,0.23760967,0.19860733,0.20990297,0.26810068,0.22508548,0.22987965,0.20711309,0.23942097,0.17834926,0.21520379,0.2149888,0.18554068,0.13801977,0.19892825,0.24237333,0.2190616,0.18861403,0.2673188,0.1406815,0.3031345,0.21493502,0.2280438,0.23192123,0.3234343,0.23835312,0.20372368,0.26518777,0.1729461,0.15958965,0.24365354,0.21147028,0.1519584,0.19460975,0.16716817,0.19093032,0.20174785,0.20634437,0.3012895,0.2629016,0.24900718,0.18294808,0.17991155,0.18043046,0.25992888,0.21840459,0.27870637,0.24646974,0.1854632,0.26232255,0.25057784,0.18548363,0.18267584,0.22081915,0.30920964,0.30220997,0.16553421,0.18996358,0.031737983,0.11698496,0.25254947,0.22976282,0.28787628,0.17764959,0.20460626,0.18113275,0.20426854,0.20481998,0.2102631,0.19240075,0.31612563,0.2264116,0.21545127,0.24123266,0.19294584,0.20609403,0.1910464,0.24381816,0.2524185,0.30017537,0.24864179,0.2926535,0.22595215,0.2139022,0.23045279,0.30424446,0.22569224,0.22509566,0.14793557,0.20505416,0.21049994,0.2247501,0.260557,0.21081717,0.2256082,0.29108346,0.22218427,0.20764703,0.20628867,0.23503694,0.3143642,0.28410387,0.07959324,0.10651756,0.09106693,0.039899692,0.12640633,0.06106268,0.11152024,0.10358864,0.2680568,0.22342147,0.2505888,0.29715186,0.20551643,0.15250897,0.15374015,0.079701826,0.12709534,0.09647477,0.21273714,0.15727855,0.255982,0.253264,0.3216004,0.2443328,0.306967,0.26250747,0.19236092,0.22483845,0.2785821,0.27071288,0.23696516,0.16286525,0.32618245,0.32185423,0.071451664,0.056913733,0.037648022,0.03746883,0.09605269,0.06972769,0.04734455,0.022259653,0.023065552,0.031844854,0.08452028,0.03764616
0.2507174,0.23332024,0.29183236,0.24605696,0.2904595,0.21583712,0.2873996,0.2494268,0.2939515,0.24335466,0.2906355,0.24643764,0.28888595,0.28912234,0.24839275,0.26598984,0.29875776,0.309089,0.23997596,0.26926294,0.24450338,0.27510512,0.28204155,0.29377803,0.27662376,0.25994074,0.2602809,0.19792584,0.2529779,0.24338642,0.23916589,0.17210609,0.32349396,0.28980458,0.29216486,0.24266976,0.26765704,0.19622985,0.30720404,0.30946234,0.2722492,0.30962884,0.33338848,0.31348795,0.24747612,0.2569821,0.24714616,0.22634885,0.26232928,0.2770033,0.2161021,0.2324208,0.22909233,0.24805064,0.2747467,0.27475974,0.30557185,0.32767475,0.25980344,0.23609138,0.2512618,0.20228897,0.28002268,0.23426068,0.2971285,0.2560121,0.2770719,0.25603306,0.24903293,0.2292766,0.23879735,0.23657978,0.319343,0.30479765,0.18540987,0.228176,0.072589785,0.1485322,0.25485665,0.30426192,0.2939888,0.2618452,0.25074685,0.20970187,0.30047628,0.2831437,0.26001826,0.20850754,0.30701998,0.2888682,0.27055866,0.26819104,0.24375483,0.24363871,0.25697306,0.27199268,0.2926528,0.32491088,0.30741194,0.3255217,0.29384026,0.24779244,0.31810898,0.28366637,0.302696,0.29644942,0.20367992,0.24143064,0.21894228,0.24729818,0.25788704,0.27696672,0.2743044,0.31278458,0.29898524,0.23351592,0.2524501,0.2740386,0.30808014,0.3035343,0.077502005,0.10032473,0.10609236,0.07901744,0.12503934,0.065881,0.16203034,0.089001685,0.25666758,0.21358001,0.30141175,0.30919892,0.2750534,0.21135621,0.17009121,0.108879335,0.18066558,0.109116636,0.26989657,0.18797183,0.30677795,0.30910143,0.31628886,0.265343,0.30939814,0.24868864,0.28835908,0.23320934,0.29372206,0.28725576,0.2723173,0.21379998,0.3425843,0.33601758,0.11379969,0.063107766,0.062102895,0.062226616,0.10970791,0.10557905,0.08080596,0.047746856,0.048320137,0.048226953,0.1286424,0.048204053
0.30114025,0.277804,0.33324564,0.31382167,0.3216325,0.28092766,0.32811922,0.29250747,0.320737,0.2663776,0.33037323,0.2866354,0.3339944,0.34705728,0.28529933,0.3164372,0.34136906,0.38846654,0.2830104,0.3031317,0.3155474,0.33246398,0.3338796,0.3399335,0.31675598,0.31015342,0.2962519,0.25885034,0.3019451,0.29069903,0.31443912,0.22057211,0.3420381,0.3171522,0.37154874,0.2688111,0.29438198,0.22755599,0.337396,0.32409412,0.31203863,0.38535717,0.40999264,0.37172788,0.29682815,0.29812348,0.30792505,0.28822142,0.34151632,0.33129892,0.24726671,0.28250527,0.27043664,0.30970743,0.30616304,0.32451278,0.35276052,0.37232205,0.33356914,0.25557005,0.2880598,0.22260273,0.30969843,0.2708818,0.38349825,0.29311854,0.3026445,0.27393094,0.29128957,0.29519242,0.27635625,0.26964396,0.33017778,0.2984594,0.24074262,0.29359198,0.08245169,0.18782723,0.30347562,0.33704814,0.38109124,0.3128016,0.29256344,0.2664354,0.34105772,0.33953667,0.2874921,0.24834548,0.36605492,0.36599156,0.32040295,0.30889767,0.29480496,0.2727666,0.29454905,0.3386597,0.33523923,0.35533112,0.3684297,0.4093254,0.3523969,0.26326212,0.3458132,0.33825392,0.3345124,0.33483487,0.22015244,0.24157459,0.25994784,0.2955491,0.30526102,0.34335402,0.31539604,0.35868484,0.33993053,0.23193407,0.30209684,0.29725945,0.34658635,0.33023798,0.09626825,0.105845,0.118915364,0.07913306,0.15522689,0.07779162,0.18063156,0.1365298,0.30336583,0.24188218,0.34747237,0.3485849,0.32005942,0.23314713,0.1843509,0.10775472,0.2175329,0.11387315,0.2946332,0.20327264,0.3427362,0.34503242,0.35296953,0.28789604,0.35518274,0.29329824,0.33472675,0.27900514,0.32494575,0.31531614,0.3333739,0.25224954,0.3766599,0.39747852,0.11778293,0.05755794,0.06297197,0.08655332,0.1336092,0.12888417,0.07733195,0.035080925,0.051635146,0.033077836,0.14695515,0.06543008
0.3011404,0.2778036,0.3332455,0.3138216,0.32163256,0.28092778,0.32811922,0.29250744,0.32073677,0.26637772,0.33037332,0.2866356,0.3339944,0.34705746,0.28529927,0.31643742,0.34136915,0.3884663,0.28301013,0.30313146,0.31554735,0.33246407,0.33387962,0.33993345,0.31675622,0.3101532,0.29625157,0.25885004,0.30194497,0.29069892,0.3144393,0.22057223,0.34203792,0.31715208,0.3715487,0.26881075,0.29438227,0.22755605,0.3373961,0.32409433,0.31203836,0.3853572,0.4099928,0.37172765,0.29682797,0.29812324,0.3079247,0.2882214,0.34151626,0.3312984,0.24726677,0.28250498,0.2704366,0.3097076,0.30616292,0.32451284,0.35276043,0.37232196,0.33356902,0.25557005,0.2880597,0.22260314,0.30969834,0.27088174,0.38349873,0.29311842,0.3026442,0.27393094,0.2912895,0.29519257,0.27635622,0.26964393,0.33017793,0.2984591,0.2407428,0.2935921,0.082451776,0.18782711,0.3034755,0.33704835,0.38109133,0.31280178,0.29256338,0.26643512,0.34105778,0.33953616,0.287492,0.24834538,0.36605483,0.36599174,0.32040286,0.3088977,0.29480508,0.27276665,0.294549,0.33865958,0.33523852,0.3553311,0.36842957,0.40932545,0.35239685,0.26326206,0.3458131,0.33825374,0.3345124,0.33483478,0.22015257,0.24157439,0.25994778,0.29554915,0.30526093,0.343354,0.31539583,0.3586849,0.3399306,0.23193423,0.30209708,0.29725954,0.34658638,0.33023798,0.09626822,0.105845116,0.11891515,0.07913309,0.15522718,0.07779142,0.18063146,0.13652897,0.30336592,0.24188238,0.34747225,0.3485851,0.3200596,0.23314717,0.18435092,0.10775489,0.21753313,0.11387297,0.29463345,0.2032725,0.34273633,0.3450324,0.35296947,0.2878961,0.35518295,0.2932979,0.33472675,0.27900523,0.32494572,0.31531605,0.33337387,0.25224942,0.37665972,0.39747864,0.11778298,0.05755794,0.06297188,0.086553276,0.13360906,0.12888397,0.07733185,0.035081074,0.051635027,0.033077672,0.14695519,0.06543022
0.2507174,0.2333203,0.2918324,0.24605711,0.2904596,0.21583705,0.28739962,0.24942671,0.2939515,0.2433547,0.29063553,0.24643765,0.288886,0.2891224,0.24839282,0.26598993,0.29875782,0.30908903,0.23997603,0.26926303,0.24450341,0.27510527,0.28204158,0.2937781,0.27662373,0.25994077,0.260281,0.1979258,0.25297794,0.24338642,0.23916596,0.17210612,0.32349402,0.2898046,0.2921648,0.24266985,0.26765698,0.19623014,0.307204,0.3094623,0.27224916,0.3096289,0.3333885,0.31348792,0.2474761,0.25698218,0.24714604,0.22634885,0.26232928,0.27700347,0.21610203,0.23242071,0.22909231,0.24805075,0.27474672,0.2747598,0.30557185,0.3276747,0.25980344,0.23609138,0.25126183,0.20228893,0.28002262,0.23426062,0.29712856,0.25601214,0.27707195,0.256033,0.24903294,0.2292766,0.23879738,0.2365798,0.31934303,0.3047977,0.18540987,0.22817604,0.07258984,0.14853229,0.2548567,0.30426198,0.29398867,0.26184532,0.2507468,0.20970197,0.30047637,0.28314373,0.26001835,0.2085076,0.30702004,0.2888682,0.27055869,0.26819116,0.2437549,0.24363884,0.25697312,0.27199268,0.29265285,0.32491088,0.30741212,0.3255219,0.29384032,0.24779254,0.3181091,0.28366658,0.30269608,0.29644954,0.20368008,0.24143073,0.21894237,0.24729824,0.25788707,0.27696675,0.2743045,0.31278464,0.29898536,0.23351607,0.25245017,0.27403867,0.3080802,0.30353436,0.07750186,0.10032464,0.10609239,0.07901741,0.12503946,0.06588117,0.16203046,0.089001566,0.25666773,0.21358001,0.3014118,0.30919898,0.27505344,0.2113563,0.17009118,0.108879395,0.18066558,0.109116726,0.26989663,0.18797186,0.3067781,0.30910146,0.3162888,0.26534304,0.30939817,0.24868867,0.2883592,0.23320939,0.29372224,0.28725573,0.2723174,0.21380015,0.34258437,0.33601773,0.11379962,0.063107826,0.06210293,0.0622266,0.10970795,0.10557906,0.08080603,0.047746908,0.048320204,0.048226833,0.12864244,0.048204225
0.25071734,0.23332024,0.2918324,0.24605706,0.2904595,0.21583718,0.28739962,0.24942674,0.29395154,0.24335471,0.2906355,0.24643767,0.28888598,0.2891224,0.24839276,0.26598996,0.29875773,0.30908903,0.23997605,0.26926297,0.24450342,0.2751052,0.28204167,0.29377815,0.2766238,0.25994077,0.26028094,0.19792585,0.25297797,0.24338639,0.2391659,0.17210603,0.32349393,0.28980455,0.29216495,0.24266979,0.26765704,0.19623001,0.30720404,0.30946237,0.2722492,0.30962884,0.3333885,0.31348795,0.24747609,0.2569822,0.24714622,0.22634883,0.26232916,0.27700338,0.2161021,0.23242077,0.22909227,0.24805076,0.2747467,0.27475977,0.30557185,0.32767472,0.25980344,0.23609143,0.25126174,0.2022889,0.2800226,0.23426062,0.29712856,0.2560121,0.27707192,0.256033,0.24903296,0.2292766,0.23879732,0.2365798,0.319343,0.30479768,0.18540987,0.22817606,0.07258981,0.14853221,0.25485668,0.30426198,0.2939888,0.2618452,0.25074685,0.20970193,0.30047634,0.28314373,0.2600183,0.20850751,0.30702,0.2888682,0.2705587,0.268191,0.24375491,0.24363872,0.25697315,0.27199268,0.29265285,0.32491082,0.307412,0.3255219,0.2938403,0.24779248,0.31810904,0.28366643,0.30269605,0.29644945,0.20367995,0.24143079,0.21894227,0.24729815,0.25788715,0.27696675,0.27430454,0.3127846,0.29898524,0.23351601,0.25245014,0.2740387,0.3080802,0.30353436,0.07750197,0.10032468,0.10609236,0.07901747,0.12503943,0.06588107,0.16203034,0.089001715,0.25666758,0.21358001,0.3014118,0.30919895,0.27505344,0.21135627,0.17009124,0.10887936,0.18066552,0.109116696,0.2698966,0.18797186,0.30677795,0.30910155,0.31628886,0.26534304,0.30939823,0.24868861,0.28835914,0.23320937,0.29372212,0.28725576,0.27231735,0.21380007,0.3425844,0.3360177,0.11379972,0.063107826,0.06210292,0.06222661,0.10970788,0.10557905,0.08080602,0.047746953,0.048320144,0.048226893,0.12864253,0.048204105
0.30114013,0.27780414,0.33324558,0.31382158,0.32163242,0.28092766,0.3281192,0.29250756,0.3207369,0.26637754,0.3303732,0.2866353,0.3339944,0.34705722,0.2852994,0.31643718,0.341369,0.38846648,0.28301042,0.3031317,0.31554753,0.33246398,0.33387953,0.33993345,0.31675604,0.31015337,0.2962517,0.25885016,0.30194512,0.29069906,0.31443906,0.22057211,0.34203815,0.31715208,0.37154874,0.2688111,0.29438192,0.22755617,0.33739585,0.32409412,0.31203854,0.38535714,0.40999267,0.3717278,0.2968281,0.2981235,0.30792496,0.28822145,0.34151626,0.33129883,0.24726674,0.28250524,0.27043667,0.3097074,0.306163,0.32451278,0.35276043,0.37232208,0.33356908,0.25557005,0.28805983,0.22260273,0.30969846,0.2708819,0.38349825,0.29311848,0.3026445,0.273931,0.29128957,0.29519233,0.2763562,0.269644,0.33017778,0.2984593,0.24074277,0.29359198,0.08245169,0.18782723,0.30347565,0.3370483,0.38109127,0.31280166,0.2925635,0.2664354,0.34105778,0.3395366,0.28749204,0.24834545,0.36605495,0.36599162,0.3204029,0.3088976,0.29480502,0.27276653,0.29454896,0.33865967,0.33523923,0.35533115,0.36842963,0.40932536,0.35239685,0.26326212,0.3458132,0.33825395,0.33451253,0.33483493,0.2201524,0.24157453,0.2599479,0.29554915,0.3052612,0.34335393,0.31539598,0.3586848,0.33993053,0.23193407,0.30209672,0.29725948,0.3465864,0.3302381,0.09626822,0.10584494,0.1189154,0.07913306,0.15522686,0.07779157,0.18063168,0.13652974,0.30336577,0.24188215,0.34747228,0.34858483,0.32005942,0.23314707,0.18435095,0.10775473,0.21753296,0.11387315,0.29463315,0.20327266,0.34273615,0.34503224,0.35296944,0.28789607,0.35518262,0.29329813,0.33472675,0.27900517,0.3249457,0.31531608,0.33337387,0.25224954,0.37665978,0.39747855,0.11778295,0.05755794,0.06297199,0.086553335,0.13360918,0.1288842,0.07733192,0.03508091,0.051635087,0.033077896,0.1469551,0.06543008
0.25071746,0.23332019,0.29183242,0.24605718,0.29045957,0.21583709,0.28739962,0.24942663,0.29395157,0.24335474,0.29063562,0.24643752,0.28888592,0.2891226,0.24839288,0.26598996,0.29875785,0.30908883,0.239976,0.26926312,0.24450341,0.2751053,0.28204167,0.29377812,0.27662387,0.25994083,0.2602808,0.1979258,0.25297794,0.24338639,0.239166,0.17210601,0.32349402,0.28980473,0.29216477,0.24266985,0.267657,0.19622995,0.3072039,0.30946243,0.2722491,0.30962902,0.33338842,0.31348783,0.24747622,0.25698206,0.24714589,0.22634895,0.26232925,0.2770034,0.21610199,0.2324208,0.22909237,0.24805072,0.27474666,0.27475977,0.305572,0.32767475,0.25980365,0.23609132,0.25126186,0.20228884,0.28002247,0.23426057,0.29712862,0.2560122,0.2770721,0.2560333,0.24903283,0.22927666,0.23879729,0.23657979,0.31934297,0.30479765,0.18540995,0.22817612,0.07258965,0.14853224,0.25485668,0.30426204,0.2939887,0.26184535,0.25074703,0.20970187,0.30047628,0.28314364,0.2600183,0.20850748,0.30701995,0.28886828,0.27055883,0.26819125,0.24375488,0.24363877,0.25697312,0.27199292,0.2926529,0.32491094,0.30741206,0.32552177,0.29384023,0.2477925,0.3181091,0.28366655,0.302696,0.29644936,0.20368007,0.2414308,0.21894246,0.24729803,0.25788713,0.27696678,0.2743045,0.3127847,0.29898536,0.23351577,0.25245,0.27403873,0.30808032,0.30353445,0.077501714,0.10032456,0.106092304,0.07901753,0.12503946,0.06588124,0.16203052,0.089001685,0.25666767,0.21358004,0.3014117,0.30919904,0.27505365,0.21135636,0.17009121,0.10887941,0.18066561,0.10911674,0.26989663,0.18797204,0.30677807,0.30910152,0.31628898,0.26534304,0.3093982,0.24868853,0.28835917,0.23320933,0.29372215,0.28725564,0.2723173,0.21380006,0.34258443,0.33601758,0.11379957,0.06310777,0.06210302,0.06222661,0.109707996,0.10557895,0.08080606,0.047746964,0.04832019,0.048226833,0.12864251,0.04820423
0.19174047,0.18687382,0.27411953,0.20668691,0.25661713,0.18895781,0.21147656,0.21623152,0.23441476,0.18589878,0.21382564,0.1842508,0.24788338,0.2664735,0.2420438,0.20382619,0.2627046,0.24915063,0.23933929,0.23760967,0.19860733,0.20990297,0.26810068,0.22508548,0.22987965,0.20711309,0.23942097,0.17834926,0.21520379,0.2149888,0.18554068,0.13801977,0.19892825,0.24237333,0.2190616,0.18861403,0.2673188,0.1406815,0.3031345,0.21493502,0.2280438,0.23192123,0.3234343,0.23835312,0.20372368,0.26518777,0.1729461,0.15958965,0.24365354,0.21147028,0.1519584,0.19460975,0.16716817,0.19093032,0.20174785,0.20634437,0.3012895,0.2629016,0.24900718,0.18294808,0.17991155,0.18043046,0.25992888,0.21840459,0.27870637,0.24646974,0.1854632,0.26232255,0.25057784,0.18548363,0.18267584,0.22081915,0.30920964,0.30220997,0.16553421,0.18996358,0.031737983,0.11698496,0.25254947,0.22976282,0.28787628,0.17764959,0.20460626,0.18113275,0.20426854,0.20481998,0.2102631,0.19240075,0.31612563,0.2264116,0.21545127,0.24123266,0.19294584,0.20609403,0.1910464,0.24381816,0.2524185,0.30017537,0.24864179,0.2926535,0.22595215,0.2139022,0.23045279,0.30424446,0.22569224,0.22509566,0.14793557,0.20505416,0.21049994,0.2247501,0.260557,0.21081717,0.2256082,0.29108346,0.22218427,0.20764703,0.20628867,0.23503694,0.3143642,0.28410387,0.07959324,0.10651756,0.09106693,0.039899692,0.12640633,0.06106268,0.11152024,0.10358864,0.2680568,0.22342147,0.2505888,0.29715186,0.20551643,0.15250897,0.15374015,0.079701826,0.12709534,0.09647477,0.21273714,0.15727855,0.255982,0.253264,0.3216004,0.2443328,0.306967,0.26250747,0.19236092,0.22483845,0.2785821,0.27071288,0.23696516,0.16286525,0.32618245,0.32185423,0.071451664,0.056913733,0.037648022,0.03746883,0.09605269,0.06972769,0.04734455,0.022259653,0.023065552,0.031844854,0.08452028,0.03764616
0.2528511,0.2384627,0.25854474,0.25847363,0.25566208,0.2545117,0.2735295,0.25067058,0.25467777,0.2394078,0.26663736,0.255493,0.28157538,0.25557655,0.24338244,0.2843964,0.27522632,0.28288144,0.23418052,0.26180315,0.25768435,0.27256995,0.26010802,0.2701916,0.2533328,0.238312,0.22150092,0.20691574,0.2399884,0.23643836,0.2264049,0.1759019,0.2972783,0.28311664,0.2686923,0.28791982,0.26259515,0.25405797,0.28943765,0.28725243,0.25300667,0.30526745,0.30914152,0.28971216,0.25670835,0.30550933,0.23628393,0.24149108,0.24863298,0.26575726,0.20264915,0.23116392,0.24820483,0.2378039,0.255477,0.2576248,0.28896886,0.2838079,0.23590642,0.22377259,0.22404312,0.19589877,0.26534235,0.22556597,0.25258774,0.24281377,0.27402264,0.2153334,0.21901926,0.24573578,0.20782056,0.22138302,0.29570594,0.26443863,0.23648852,0.27282014,0.133133,0.23879375,0.24416013,0.2918476,0.26162344,0.25598708,0.23434663,0.22449544,0.29787743,0.28861588,0.25069463,0.19060722,0.29303345,0.27907303,0.2527149,0.25581157,0.24250546,0.2435348,0.21274365,0.24376538,0.28789127,0.29086742,0.29146105,0.3043695,0.263298,0.24122447,0.28464335,0.26781386,0.2880254,0.28822076,0.17880753,0.24274643,0.19615552,0.24432966,0.23057835,0.23949264,0.26446104,0.27149257,0.2818393,0.19351694,0.25514224,0.26106197,0.27744928,0.32242215,0.22932571,0.1758964,0.2436575,0.23977268,0.25548264,0.20321509,0.25598693,0.22417691,0.29755345,0.22931117,0.32099307,0.2871296,0.27985716,0.256076,0.17837733,0.17159829,0.19617489,0.16156572,0.29253927,0.24726969,0.27645886,0.28789768,0.31858838,0.26714253,0.30364627,0.25307736,0.26625156,0.22094896,0.2687195,0.3021456,0.252056,0.26451895,0.31191248,0.32468644,0.17748195,0.12992796,0.1689932,0.16792595,0.16288236,0.16039982,0.17304459,0.12757021,0.15215331,0.12572087,0.2250494,0.09172641
0.3079238,0.28711265,0.32410723,0.29549998,0.31383377,0.3158071,0.32919502,0.32658872,0.31948596,0.28907728,0.3149413,0.3111542,0.30769914,0.3268921,0.30890864,0.2894296,0.29058787,0.30053803,0.30260107,0.30878058,0.29276812,0.29458845,0.30078715,0.30126953,0.3243159,0.30932817,0.2848097,0.26257324,0.28628445,0.27981368,0.26590538,0.2513599,0.2995119,0.2873507,0.33458814,0.24516673,0.2662149,0.20193118,0.277155,0.29577202,0.29723138,0.337618,0.3547184,0.3569456,0.28742254,0.2852335,0.25630605,0.2533115,0.29685366,0.33916172,0.25803524,0.22896904,0.2835421,0.29092872,0.2904725,0.31897175,0.34610683,0.3277059,0.29042178,0.2939089,0.27703175,0.26769534,0.2903303,0.3029905,0.3216549,0.32089427,0.29548708,0.2761376,0.25881216,0.26755893,0.24506861,0.2454974,0.2992653,0.2769924,0.21083046,0.28417814,0.06891526,0.15967098,0.27650562,0.29970598,0.3153687,0.309845,0.26217055,0.27626938,0.30700254,0.30969274,0.29004216,0.26406533,0.3300948,0.3421007,0.30387402,0.31095633,0.29709464,0.26390278,0.26560283,0.29894748,0.32450294,0.32986525,0.33796445,0.34508723,0.30509567,0.2753873,0.36474252,0.33645564,0.3201776,0.33984584,0.18786234,0.23027687,0.26003772,0.28115398,0.28748822,0.27783954,0.30392677,0.30902195,0.32290375,0.2251275,0.28798836,0.3257733,0.32171613,0.31206375,0.05496922,0.09505063,0.12709093,0.10647632,0.15163249,0.079598926,0.16183862,0.08747802,0.24984929,0.20853281,0.33822638,0.32252237,0.3061692,0.25657156,0.20019642,0.11050317,0.20001039,0.07862676,0.31088603,0.20421556,0.31121203,0.34139442,0.3353659,0.32636425,0.33293605,0.29256764,0.28946975,0.27208513,0.34206665,0.3336569,0.30332565,0.24256258,0.35529926,0.36958548,0.13713944,0.079327926,0.059996575,0.039191544,0.105511,0.090560645,0.11275166,0.05580339,0.06308235,0.04453,0.13595192,0.06966184
0.3011402,0.27780402,0.33324558,0.3138216,0.32163247,0.2809277,0.3281193,0.2925076,0.3207369,0.2663776,0.33037326,0.28663543,0.3339945,0.34705722,0.2852994,0.31643718,0.34136906,0.38846654,0.2830104,0.30313167,0.31554747,0.33246392,0.33387953,0.33993334,0.31675616,0.31015342,0.29625177,0.25885022,0.3019452,0.29069895,0.31443912,0.22057217,0.3420382,0.31715217,0.37154883,0.26881105,0.2943819,0.22755599,0.33739597,0.32409418,0.31203866,0.38535723,0.40999255,0.37172785,0.29682815,0.29812357,0.307925,0.28822148,0.34151632,0.33129883,0.24726677,0.28250518,0.27043676,0.3097075,0.306163,0.32451272,0.3527605,0.37232208,0.3335691,0.25556993,0.28805995,0.22260284,0.30969846,0.2708819,0.38349834,0.29311848,0.3026443,0.27393097,0.2912895,0.2951924,0.27635628,0.26964396,0.3301778,0.29845938,0.24074271,0.29359195,0.0824517,0.1878273,0.30347574,0.3370484,0.3810913,0.31280166,0.29256347,0.26643535,0.34105775,0.3395366,0.28749198,0.24834542,0.3660549,0.36599168,0.32040298,0.30889764,0.29480517,0.27276656,0.29454908,0.3386597,0.33523923,0.35533112,0.36842957,0.40932533,0.35239685,0.26326206,0.3458132,0.3382538,0.33451253,0.33483493,0.2201524,0.24157459,0.25994796,0.29554924,0.30526116,0.34335414,0.31539607,0.3586848,0.33993047,0.23193401,0.30209684,0.29725948,0.34658632,0.33023804,0.09626822,0.10584507,0.11891524,0.079133004,0.15522704,0.07779169,0.18063161,0.13652974,0.30336583,0.24188212,0.34747222,0.34858483,0.32005948,0.23314707,0.18435098,0.107754685,0.21753296,0.11387322,0.29463327,0.20327264,0.34273607,0.34503227,0.35296962,0.28789616,0.3551827,0.29329818,0.3347268,0.27900523,0.3249458,0.31531602,0.33337384,0.25224957,0.3766598,0.39747852,0.11778288,0.05755806,0.06297202,0.086553305,0.13360924,0.12888426,0.07733191,0.035081,0.051635087,0.03307788,0.14695519,0.06543008
0.19174047,0.18687382,0.27411953,0.20668691,0.25661713,0.18895781,0.21147656,0.21623152,0.23441476,0.18589878,0.21382564,0.1842508,0.24788338,0.2664735,0.2420438,0.20382619,0.2627046,0.24915063,0.23933929,0.23760967,0.19860733,0.20990297,0.26810068,0.22508548,0.22987965,0.20711309,0.23942097,0.17834926,0.21520379,0.2149888,0.18554068,0.13801977,0.19892825,0.24237333,0.2190616,0.18861403,0.2673188,0.1406815,0.3031345,0.21493502,0.2280438,0.23192123,0.3234343,0.23835312,0.20372368,0.26518777,0.1729461,0.15958965,0.24365354,0.21147028,0.1519584,0.19460975,0.16716817,0.19093032,0.20174785,0.20634437,0.3012895,0.2629016,0.24900718,0.18294808,0.17991155,0.18043046,0.25992888,0.21840459,0.27870637,0.24646974,0.1854632,0.26232255,0.25057784,0.18548363,0.18267584,0.22081915,0.30920964,0.30220997,0.16553421,0.18996358,0.031737983,0.11698496,0.25254947,0.22976282,0.28787628,0.17764959,0.20460626,0.18113275,0.20426854,0.20481998,0.2102631,0.19240075,0.31612563,0.2264116,0.21545127,0.24123266,0.19294584,0.20609403,0.1910464,0.24381816,0.2524185,0.30017537,0.24864179,0.2926535,0.22595215,0.2139022,0.23045279,0.30424446,0.22569224,0.22509566,0.14793557,0.20505416,0.21049994,0.2247501,0.260557,0.21081717,0.2256082,0.29108346,0.22218427,0.20764703,0.20628867,0.23503694,0.3143642,0.28410387,0.07959324,0.10651756,0.09106693,0.039899692,0.12640633,0.06106268,0.11152024,0.10358864,0.2680568,0.22342147,0.2505888,0.29715186,0.20551643,0.15250897,0.15374015,0.079701826,0.12709534,0.09647477,0.21273714,0.15727855,0.255982,0.253264,0.3216004,0.2443328,0.306967,0.26250747,0.19236092,0.22483845,0.2785821,0.27071288,0.23696516,0.16286525,0.32618245,0.32185423,0.071451664,0.056913733,0.037648022,0.03746883,0.09605269,0.06972769,0.04734455,0.022259653,0.023065552,0.031844854,0.08452028,0.03764616
0.25071743,0.2333202,0.29183248,0.24605715,0.29045963,0.21583718,0.2873996,0.24942666,0.29395163,0.2433548,0.29063568,0.24643758,0.28888595,0.28912258,0.24839287,0.26599002,0.29875782,0.3090889,0.23997606,0.26926315,0.24450344,0.27510527,0.2820416,0.29377812,0.27662382,0.25994074,0.2602808,0.19792569,0.2529779,0.24338634,0.23916587,0.17210612,0.323494,0.2898047,0.2921648,0.24266993,0.26765704,0.19622992,0.30720395,0.3094623,0.27224916,0.3096291,0.33338848,0.31348795,0.24747612,0.25698215,0.24714595,0.22634897,0.26232922,0.27700344,0.21610205,0.23242086,0.22909233,0.2480507,0.27474672,0.2747598,0.305572,0.32767484,0.25980362,0.23609132,0.2512619,0.20228896,0.28002253,0.2342606,0.2971286,0.2560122,0.27707207,0.25603324,0.24903286,0.2292767,0.23879734,0.23657978,0.31934303,0.30479765,0.18540998,0.22817612,0.072589725,0.14853224,0.25485665,0.304262,0.29398882,0.26184526,0.25074697,0.2097019,0.3004762,0.28314367,0.26001832,0.20850754,0.30701995,0.28886837,0.27055877,0.26819122,0.2437549,0.2436387,0.25697315,0.2719928,0.29265293,0.32491094,0.30741206,0.32552183,0.2938402,0.24779259,0.31810915,0.28366655,0.30269605,0.29644942,0.20368007,0.24143076,0.21894243,0.24729812,0.257887,0.27696684,0.2743045,0.3127846,0.29898533,0.23351577,0.25245005,0.27403873,0.30808026,0.30353445,0.07750182,0.100324474,0.106092274,0.07901747,0.12503947,0.06588119,0.16203058,0.089001715,0.25666764,0.21358004,0.30141175,0.30919895,0.27505353,0.21135634,0.17009123,0.10887937,0.18066552,0.10911674,0.26989663,0.18797207,0.30677807,0.3091015,0.31628895,0.26534304,0.30939832,0.24868856,0.28835917,0.23320937,0.29372215,0.28725573,0.27231735,0.21380007,0.34258443,0.33601767,0.113799706,0.063107856,0.062103026,0.06222663,0.1097079,0.105578996,0.08080611,0.047747016,0.048320122,0.048226893,0.12864256,0.048204225
0.2507174,0.23332031,0.29183242,0.24605708,0.29045954,0.21583702,0.2873996,0.24942683,0.29395154,0.2433548,0.29063562,0.24643761,0.28888607,0.2891223,0.24839279,0.26598993,0.2987578,0.309089,0.2399761,0.2692631,0.2445035,0.27510515,0.2820417,0.29377812,0.2766238,0.2599408,0.26028094,0.19792587,0.25297794,0.24338637,0.23916593,0.17210607,0.32349402,0.28980452,0.2921648,0.2426698,0.26765707,0.19623,0.307204,0.3094624,0.2722491,0.309629,0.33338857,0.3134879,0.24747613,0.25698215,0.24714619,0.22634894,0.26232928,0.2770034,0.2161021,0.23242089,0.22909233,0.2480507,0.2747468,0.27475986,0.30557185,0.32767457,0.25980344,0.2360914,0.25126183,0.2022889,0.28002262,0.23426062,0.29712856,0.25601214,0.27707198,0.25603294,0.24903291,0.22927666,0.23879737,0.23657984,0.31934303,0.30479765,0.18540984,0.2281761,0.072589785,0.14853226,0.2548567,0.30426204,0.2939888,0.26184526,0.25074685,0.20970193,0.3004763,0.2831437,0.26001835,0.2085075,0.30702007,0.28886837,0.27055866,0.2681911,0.24375492,0.24363883,0.25697318,0.27199277,0.29265282,0.32491082,0.30741206,0.32552186,0.2938403,0.24779248,0.31810907,0.2836664,0.30269602,0.2964495,0.20368004,0.24143079,0.2189424,0.24729818,0.25788715,0.27696675,0.27430457,0.3127847,0.2989852,0.23351601,0.25245014,0.27403867,0.3080802,0.30353436,0.0775019,0.10032474,0.106092274,0.07901745,0.12503947,0.06588112,0.1620304,0.089001745,0.25666764,0.21358003,0.3014118,0.30919904,0.2750535,0.2113563,0.17009123,0.1088794,0.18066555,0.109116755,0.26989663,0.18797193,0.30677807,0.3091016,0.31628883,0.26534307,0.3093983,0.24868862,0.28835922,0.2332094,0.29372215,0.28725582,0.2723174,0.21380015,0.34258437,0.33601773,0.11379963,0.063107826,0.06210286,0.062226683,0.10970796,0.10557911,0.08080602,0.04774692,0.048320174,0.048226923,0.12864248,0.048204236
0.3079237,0.28711262,0.32410726,0.29549998,0.31383368,0.315807,0.32919493,0.32658875,0.31948602,0.28907728,0.31494153,0.31115425,0.3076991,0.32689202,0.30890864,0.28942963,0.29058784,0.30053794,0.3026011,0.30878073,0.29276818,0.29458845,0.30078706,0.30126956,0.32431597,0.30932823,0.2848098,0.2625732,0.28628445,0.2798137,0.26590535,0.25136006,0.29951182,0.28735062,0.3345882,0.24516685,0.26621494,0.20193125,0.277155,0.29577196,0.29723144,0.337618,0.3547182,0.35694557,0.28742248,0.28523356,0.25630608,0.2533115,0.2968536,0.33916175,0.25803506,0.22896907,0.2835421,0.29092887,0.29047242,0.31897166,0.34610692,0.32770586,0.29042178,0.29390877,0.27703187,0.26769534,0.29033032,0.3029904,0.32165483,0.32089415,0.29548708,0.27613753,0.25881222,0.26755887,0.24506864,0.24549745,0.2992652,0.2769923,0.21083042,0.28417784,0.06891516,0.15967086,0.27650553,0.29970592,0.31536877,0.3098451,0.26217052,0.2762693,0.30700263,0.30969262,0.29004204,0.26406536,0.3300949,0.34210062,0.30387396,0.31095642,0.29709464,0.26390293,0.26560292,0.29894745,0.32450283,0.3298653,0.33796436,0.3450873,0.30509564,0.27538726,0.36474258,0.33645564,0.32017753,0.33984578,0.18786234,0.2302768,0.26003766,0.2811539,0.28748846,0.2778396,0.30392665,0.30902207,0.3229037,0.22512746,0.28798833,0.3257732,0.32171607,0.31206357,0.05496925,0.0950506,0.12709072,0.10647629,0.15163258,0.07959887,0.16183874,0.08747806,0.24984932,0.20853281,0.33822635,0.32252243,0.30616918,0.25657165,0.2001964,0.11050323,0.20001036,0.0786269,0.31088588,0.20421556,0.311212,0.34139442,0.33536565,0.3263642,0.33293614,0.29256782,0.2894697,0.2720852,0.34206653,0.33365685,0.30332577,0.24256268,0.35529917,0.36958554,0.1371395,0.079327956,0.059996456,0.039191633,0.10551107,0.09056075,0.11275169,0.055803403,0.06308229,0.044529963,0.1359519,0.06966177
0.2528511,0.2384627,0.25854474,0.25847363,0.25566208,0.2545117,0.2735295,0.25067058,0.25467777,0.2394078,0.26663736,0.255493,0.28157538,0.25557655,0.24338244,0.2843964,0.27522632,0.28288144,0.23418052,0.26180315,0.25768435,0.27256995,0.26010802,0.2701916,0.2533328,0.238312,0.22150092,0.20691574,0.2399884,0.23643836,0.2264049,0.1759019,0.2972783,0.28311664,0.2686923,0.28791982,0.26259515,0.25405797,0.28943765,0.28725243,0.25300667,0.30526745,0.30914152,0.28971216,0.25670835,0.30550933,0.23628393,0.24149108,0.24863298,0.26575726,0.20264915,0.23116392,0.24820483,0.2378039,0.255477,0.2576248,0.28896886,0.2838079,0.23590642,0.22377259,0.22404312,0.19589877,0.26534235,0.22556597,0.25258774,0.24281377,0.27402264,0.2153334,0.21901926,0.24573578,0.20782056,0.22138302,0.29570594,0.26443863,0.23648852,0.27282014,0.133133,0.23879375,0.24416013,0.2918476,0.26162344,0.25598708,0.23434663,0.22449544,0.29787743,0.28861588,0.25069463,0.19060722,0.29303345,0.27907303,0.2527149,0.25581157,0.24250546,0.2435348,0.21274365,0.24376538,0.28789127,0.29086742,0.29146105,0.3043695,0.263298,0.24122447,0.28464335,0.26781386,0.2880254,0.28822076,0.17880753,0.24274643,0.19615552,0.24432966,0.23057835,0.23949264,0.26446104,0.27149257,0.2818393,0.19351694,0.25514224,0.26106197,0.27744928,0.32242215,0.22932571,0.1758964,0.2436575,0.23977268,0.25548264,0.20321509,0.25598693,0.22417691,0.29755345,0.22931117,0.32099307,0.2871296,0.27985716,0.256076,0.17837733,0.17159829,0.19617489,0.16156572,0.29253927,0.24726969,0.27645886,0.28789768,0.31858838,0.26714253,0.30364627,0.25307736,0.26625156,0.22094896,0.2687195,0.3021456,0.252056,0.26451895,0.31191248,0.32468644,0.17748195,0.12992796,0.1689932,0.16792595,0.16288236,0.16039982,0.17304459,0.12757021,0.15215331,0.12572087,0.2250494,0.09172641
0.30114025,0.277804,0.33324564,0.31382167,0.3216325,0.28092766,0.32811922,0.29250747,0.320737,0.2663776,0.33037323,0.2866354,0.3339944,0.34705728,0.28529933,0.3164372,0.34136906,0.38846654,0.2830104,0.3031317,0.3155474,0.33246398,0.3338796,0.3399335,0.31675598,0.31015342,0.2962519,0.25885034,0.3019451,0.29069903,0.31443912,0.22057211,0.3420381,0.3171522,0.37154874,0.2688111,0.29438198,0.22755599,0.337396,0.32409412,0.31203863,0.38535717,0.40999264,0.37172788,0.29682815,0.29812348,0.30792505,0.28822142,0.34151632,0.33129892,0.24726671,0.28250527,0.27043664,0.30970743,0.30616304,0.32451278,0.35276052,0.37232205,0.33356914,0.25557005,0.2880598,0.22260273,0.30969843,0.2708818,0.38349825,0.29311854,0.3026445,0.27393094,0.29128957,0.29519242,0.27635625,0.26964396,0.33017778,0.2984594,0.24074262,0.29359198,0.08245169,0.18782723,0.30347562,0.33704814,0.38109124,0.3128016,0.29256344,0.2664354,0.34105772,0.33953667,0.2874921,0.24834548,0.36605492,0.36599156,0.32040295,0.30889767,0.29480496,0.2727666,0.29454905,0.3386597,0.33523923,0.35533112,0.3684297,0.4093254,0.3523969,0.26326212,0.3458132,0.33825392,0.3345124,0.33483487,0.22015244,0.24157459,0.25994784,0.2955491,0.30526102,0.34335402,0.31539604,0.35868484,0.33993053,0.23193407,0.30209684,0.29725945,0.34658635,0.33023798,0.09626825,0.105845,0.118915364,0.07913306,0.15522689,0.07779162,0.18063156,0.1365298,0.30336583,0.24188218,0.34747237,0.3485849,0.32005942,0.23314713,0.1843509,0.10775472,0.2175329,0.11387315,0.2946332,0.20327264,0.3427362,0.34503242,0.35296953,0.28789604,0.35518274,0.29329824,0.33472675,0.27900514,0.32494575,0.31531614,0.3333739,0.25224954,0.3766599,0.39747852,0.11778293,0.05755794,0.06297197,0.08655332,0.1336092,0.12888417,0.07733195,0.035080925,0.051635146,0.033077836,0.14695515,0.06543008
0.3079238,0.28711265,0.32410723,0.29549998,0.31383377,0.3158071,0.32919502,0.32658872,0.31948596,0.28907728,0.3149413,0.3111542,0.30769914,0.3268921,0.30890864,0.2894296,0.29058787,0.30053803,0.30260107,0.30878058,0.29276812,0.29458845,0.30078715,0.30126953,0.3243159,0.30932817,0.2848097,0.26257324,0.28628445,0.27981368,0.26590538,0.2513599,0.2995119,0.2873507,0.33458814,0.24516673,0.2662149,0.20193118,0.277155,0.29577202,0.29723138,0.337618,0.3547184,0.3569456,0.28742254,0.2852335,0.25630605,0.2533115,0.29685366,0.33916172,0.25803524,0.22896904,0.2835421,0.29092872,0.2904725,0.31897175,0.34610683,0.3277059,0.29042178,0.2939089,0.27703175,0.26769534,0.2903303,0.3029905,0.3216549,0.32089427,0.29548708,0.2761376,0.25881216,0.26755893,0.24506861,0.2454974,0.2992653,0.2769924,0.21083046,0.28417814,0.06891526,0.15967098,0.27650562,0.29970598,0.3153687,0.309845,0.26217055,0.27626938,0.30700254,0.30969274,0.29004216,0.26406533,0.3300948,0.3421007,0.30387402,0.31095633,0.29709464,0.26390278,0.26560283,0.29894748,0.32450294,0.32986525,0.33796445,0.34508723,0.30509567,0.2753873,0.36474252,0.33645564,0.3201776,0.33984584,0.18786234,0.23027687,0.26003772,0.28115398,0.28748822,0.27783954,0.30392677,0.30902195,0.32290375,0.2251275,0.28798836,0.3257733,0.32171613,0.31206375,0.05496922,0.09505063,0.12709093,0.10647632,0.15163249,0.079598926,0.16183862,0.08747802,0.24984929,0.20853281,0.33822638,0.32252237,0.3061692,0.25657156,0.20019642,0.11050317,0.20001039,0.07862676,0.31088603,0.20421556,0.31121203,0.34139442,0.3353659,0.32636425,0.33293605,0.29256764,0.28946975,0.27208513,0.34206665,0.3336569,0.30332565,0.24256258,0.35529926,0.36958548,0.13713944,0.079327926,0.059996575,0.039191544,0.105511,0.090560645,0.11275166,0.05580339,0.06308235,0.04453,0.13595192,0.06966184
0.2528511,0.2384627,0.25854474,0.25847363,0.25566208,0.2545117,0.2735295,0.25067058,0.25467777,0.2394078,0.26663736,0.255493,0.28157538,0.25557655,0.24338244,0.2843964,0.27522632,0.28288144,0.23418052,0.26180315,0.25768435,0.27256995,0.26010802,0.2701916,0.2533328,0.238312,0.22150092,0.20691574,0.2399884,0.23643836,0.2264049,0.1759019,0.2972783,0.28311664,0.2686923,0.28791982,0.26259515,0.25405797,0.28943765,0.28725243,0.25300667,0.30526745,0.30914152,0.28971216,0.25670835,0.30550933,0.23628393,0.24149108,0.24863298,0.26575726,0.20264915,0.23116392,0.24820483,0.2378039,0.255477,0.2576248,0.28896886,0.2838079,0.23590642,0.22377259,0.22404312,0.19589877,0.26534235,0.22556597,0.25258774,0.24281377,0.27402264,0.2153334,0.21901926,0.24573578,0.20782056,0.22138302,0.29570594,0.26443863,0.23648852,0.27282014,0.133133,0.23879375,0.24416013,0.2918476,0.26162344,0.25598708,0.23434663,0.22449544,0.29787743,0.28861588,0.25069463,0.19060722,0.29303345,0.27907303,0.2527149,0.25581157,0.24250546,0.2435348,0.21274365,0.24376538,0.28789127,0.29086742,0.29146105,0.3043695,0.263298,0.24122447,0.28464335,0.26781386,0.2880254,0.28822076,0.17880753,0.24274643,0.19615552,0.24432966,0.23057835,0.23949264,0.26446104,0.27149257,0.2818393,0.19351694,0.25514224,0.26106197,0.27744928,0.32242215,0.22932571,0.1758964,0.2436575,0.23977268,0.25548264,0.20321509,0.25598693,0.22417691,0.29755345,0.22931117,0.32099307,0.2871296,0.27985716,0.256076,0.17837733,0.17159829,0.19617489,0.16156572,0.29253927,0.24726969,0.27645886,0.28789768,0.31858838,0.26714253,0.30364627,0.25307736,0.26625156,0.22094896,0.2687195,0.3021456,0.252056,0.26451895,0.31191248,0.32468644,0.17748195,0.12992796,0.1689932,0.16792595,0.16288236,0.16039982,0.17304459,0.12757021,0.15215331,0.12572087,0.2250494,0.09172641
0.2507174,0.23332024,0.29183236,0.24605696,0.2904595,0.21583712,0.2873996,0.2494268,0.2939515,0.24335466,0.2906355,0.24643764,0.28888595,0.28912234,0.24839275,0.26598984,0.29875776,0.309089,0.23997596,0.26926294,0.24450338,0.27510512,0.28204155,0.29377803,0.27662376,0.25994074,0.2602809,0.19792584,0.2529779,0.24338642,0.23916589,0.17210609,0.32349396,0.28980458,0.29216486,0.24266976,0.26765704,0.19622985,0.30720404,0.30946234,0.2722492,0.30962884,0.33338848,0.31348795,0.24747612,0.2569821,0.24714616,0.22634885,0.26232928,0.2770033,0.2161021,0.2324208,0.22909233,0.24805064,0.2747467,0.27475974,0.30557185,0.32767475,0.25980344,0.23609138,0.2512618,0.20228897,0.28002268,0.23426068,0.2971285,0.2560121,0.2770719,0.25603306,0.24903293,0.2292766,0.23879735,0.23657978,0.319343,0.30479765,0.18540987,0.228176,0.072589785,0.1485322,0.25485665,0.30426192,0.2939888,0.2618452,0.25074685,0.20970187,0.30047628,0.2831437,0.26001826,0.20850754,0.30701998,0.2888682,0.27055866,0.26819104,0.24375483,0.24363871,0.25697306,0.27199268,0.2926528,0.32491088,0.30741194,0.3255217,0.29384026,0.24779244,0.31810898,0.28366637,0.302696,0.29644942,0.20367992,0.24143064,0.21894228,0.24729818,0.25788704,0.27696672,0.2743044,0.31278458,0.29898524,0.23351592,0.2524501,0.2740386,0.30808014,0.3035343,0.077502005,0.10032473,0.10609236,0.07901744,0.12503934,0.065881,0.16203034,0.089001685,0.25666758,0.21358001,0.30141175,0.30919892,0.2750534,0.21135621,0.17009121,0.108879335,0.18066558,0.109116636,0.26989657,0.18797183,0.30677795,0.30910143,0.31628886,0.265343,0.30939814,0.24868864,0.28835908,0.23320934,0.29372206,0.28725576,0.2723173,0.21379998,0.3425843,0.33601758,0.11379969,0.063107766,0.062102895,0.062226616,0.10970791,0.10557905,0.08080596,0.047746856,0.048320137,0.048226953,0.1286424,0.048204053
0.19174047,0.18687382,0.27411953,0.20668691,0.25661713,0.18895781,0.21147656,0.21623152,0.23441476,0.18589878,0.21382564,0.1842508,0.24788338,0.2664735,0.2420438,0.20382619,0.2627046,0.24915063,0.23933929,0.23760967,0.19860733,0.20990297,0.26810068,0.22508548,0.22987965,0.20711309,0.23942097,0.17834926,0.21520379,0.2149888,0.18554068,0.13801977,0.19892825,0.24237333,0.2190616,0.18861403,0.2673188,0.1406815,0.3031345,0.21493502,0.2280438,0.23192123,0.3234343,0.23835312,0.20372368,0.26518777,0.1729461,0.15958965,0.24365354,0.21147028,0.1519584,0.19460975,0.16716817,0.19093032,0.20174785,0.20634437,0.3012895,0.2629016,0.24900718,0.18294808,0.17991155,0.18043046,0.25992888,0.21840459,0.27870637,0.24646974,0.1854632,0.26232255,0.25057784,0.18548363,0.18267584,0.22081915,0.30920964,0.30220997,0.16553421,0.18996358,0.031737983,0.11698496,0.25254947,0.22976282,0.28787628,0.17764959,0.20460626,0.18113275,0.20426854,0.20481998,0.2102631,0.19240075,0.31612563,0.2264116,0.21545127,0.24123266,0.19294584,0.20609403,0.1910464,0.24381816,0.2524185,0.30017537,0.24864179,0.2926535,0.22595215,0.2139022,0.23045279,0.30424446,0.22569224,0.22509566,0.14793557,0.20505416,0.21049994,0.2247501,0.260557,0.21081717,0.2256082,0.29108346,0.22218427,0.20764703,0.20628867,0.23503694,0.3143642,0.28410387,0.07959324,0.10651756,0.09106693,0.039899692,0.12640633,0.06106268,0.11152024,0.10358864,0.2680568,0.22342147,0.2505888,0.29715186,0.20551643,0.15250897,0.15374015,0.079701826,0.12709534,0.09647477,0.21273714,0.15727855,0.255982,0.253264,0.3216004,0.2443328,0.306967,0.26250747,0.19236092,0.22483845,0.2785821,0.27071288,0.23696516,0.16286525,0.32618245,0.32185423,0.071451664,0.056913733,0.037648022,0.03746883,0.09605269,0.06972769,0.04734455,0.022259653,0.023065552,0.031844854,0.08452028,0.03764616
0.19174047,0.18687382,0.27411953,0.20668691,0.25661713,0.18895781,0.21147656,0.21623152,0.23441476,0.18589878,0.21382564,0.1842508,0.24788338,0.2664735,0.2420438,0.20382619,0.2627046,0.24915063,0.23933929,0.23760967,0.19860733,0.20990297,0.26810068,0.22508548,0.22987965,0.20711309,0.23942097,0.17834926,0.21520379,0.2149888,0.18554068,0.13801977,0.19892825,0.24237333,0.2190616,0.18861403,0.2673188,0.1406815,0.3031345,0.21493502,0.2280438,0.23192123,0.3234343,0.23835312,0.20372368,0.26518777,0.1729461,0.15958965,0.24365354,0.21147028,0.1519584,0.19460975,0.16716817,0.19093032,0.20174785,0.20634437,0.3012895,0.2629016,0.24900718,0.18294808,0.17991155,0.18043046,0.25992888,0.21840459,0.27870637,0.24646974,0.1854632,0.26232255,0.25057784,0.18548363,0.18267584,0.22081915,0.30920964,0.30220997,0.16553421,0.18996358,0.031737983,0.11698496,0.25254947,0.22976282,0.28787628,0.17764959,0.20460626,0.18113275,0.20426854,0.20481998,0.2102631,0.19240075,0.31612563,0.2264116,0.21545127,0.24123266,0.19294584,0.20609403,0.1910464,0.24381816,0.2524185,0.30017537,0.24864179,0.2926535,0.22595215,0.2139022,0.23045279,0.30424446,0.22569224,0.22509566,0.14793557,0.20505416,0.21049994,0.2247501,0.260557,0.21081717,0.2256082,0.29108346,0.22218427,0.20764703,0.20628867,0.23503694,0.3143642,0.28410387,0.07959324,0.10651756,0.09106693,0.039899692,0.12640633,0.06106268,0.11152024,0.10358864,0.2680568,0.22342147,0.2505888,0.29715186,0.20551643,0.15250897,0.15374015,0.079701826,0.12709534,0.09647477,0.21273714,0.15727855,0.255982,0.253264,0.3216004,0.2443328,0.306967,0.26250747,0.19236092,0.22483845,0.2785821,0.27071288,0.23696516,0.16286525,0.32618245,0.32185423,0.071451664,0.056913733,0.037648022,0.03746883,0.09605269,0.06972769,0.04734455,0.022259653,0.023065552,0.031844854,0.08452028,0.03764616
0.30114025,0.277804,0.33324564,0.31382167,0.3216325,0.28092766,0.32811922,0.29250747,0.320737,0.2663776,0.33037323,0.2866354,0.3339944,0.34705728,0.28529933,0.3164372,0.34136906,0.38846654,0.2830104,0.3031317,0.3155474,0.33246398,0.3338796,0.3399335,0.31675598,0.31015342,0.2962519,0.25885034,0.3019451,0.29069903,0.31443912,0.22057211,0.3420381,0.3171522,0.37154874,0.2688111,0.29438198,0.22755599,0.337396,0.32409412,0.31203863,0.38535717,0.40999264,0.37172788,0.29682815,0.29812348,0.30792505,0.28822142,0.34151632,0.33129892,0.24726671,0.28250527,0.27043664,0.30970743,0.30616304,0.32451278,0.35276052,0.37232205,0.33356914,0.25557005,0.2880598,0.22260273,0.30969843,0.2708818,0.38349825,0.29311854,0.3026445,0.27393094,0.29128957,0.29519242,0.27635625,0.26964396,0.33017778,0.2984594,0.24074262,0.29359198,0.08245169,0.18782723,0.30347562,0.33704814,0.38109124,0.3128016,0.29256344,0.2664354,0.34105772,0.33953667,0.2874921,0.24834548,0.36605492,0.36599156,0.32040295,0.30889767,0.29480496,0.2727666,0.29454905,0.3386597,0.33523923,0.35533112,0.3684297,0.4093254,0.3523969,0.26326212,0.3458132,0.33825392,0.3345124,0.33483487,0.22015244,0.24157459,0.25994784,0.2955491,0.30526102,0.34335402,0.31539604,0.35868484,0.33993053,0.23193407,0.30209684,0.29725945,0.34658635,0.33023798,0.09626825,0.105845,0.118915364,0.07913306,0.15522689,0.07779162,0.18063156,0.1365298,0.30336583,0.24188218,0.34747237,0.3485849,0.32005942,0.23314713,0.1843509,0.10775472,0.2175329,0.11387315,0.2946332,0.20327264,0.3427362,0.34503242,0.35296953,0.28789604,0.35518274,0.29329824,0.33472675,0.27900514,0.32494575,0.31531614,0.3333739,0.25224954,0.3766599,0.39747852,0.11778293,0.05755794,0.06297197,0.08655332,0.1336092,0.12888417,0.07733195,0.035080925,0.051635146,0.033077836,0.14695515,0.06543008
0.3079238,0.28711265,0.32410723,0.29549998,0.31383377,0.3158071,0.32919502,0.32658872,0.31948596,0.28907728,0.3149413,0.3111542,0.30769914,0.3268921,0.30890864,0.2894296,0.29058787,0.30053803,0.30260107,0.30878058,0.29276812,0.29458845,0.30078715,0.30126953,0.3243159,0.30932817,0.2848097,0.26257324,0.28628445,0.27981368,0.26590538,0.2513599,0.2995119,0.2873507,0.33458814,0.24516673,0.2662149,0.20193118,0.277155,0.29577202,0.29723138,0.337618,0.3547184,0.3569456,0.28742254,0.2852335,0.25630605,0.2533115,0.29685366,0.33916172,0.25803524,0.22896904,0.2835421,0.29092872,0.2904725,0.31897175,0.34610683,0.3277059,0.29042178,0.2939089,0.27703175,0.26769534,0.2903303,0.3029905,0.3216549,0.32089427,0.29548708,0.2761376,0.25881216,0.26755893,0.24506861,0.2454974,0.2992653,0.2769924,0.21083046,0.28417814,0.06891526,0.15967098,0.27650562,0.29970598,0.3153687,0.309845,0.26217055,0.27626938,0.30700254,0.30969274,0.29004216,0.26406533,0.3300948,0.3421007,0.30387402,0.31095633,0.29709464,0.26390278,0.26560283,0.29894748,0.32450294,0.32986525,0.33796445,0.34508723,0.30509567,0.2753873,0.36474252,0.33645564,0.3201776,0.33984584,0.18786234,0.23027687,0.26003772,0.28115398,0.28748822,0.27783954,0.30392677,0.30902195,0.32290375,0.2251275,0.28798836,0.3257733,0.32171613,0.31206375,0.05496922,0.09505063,0.12709093,0.10647632,0.15163249,0.079598926,0.16183862,0.08747802,0.24984929,0.20853281,0.33822638,0.32252237,0.3061692,0.25657156,0.20019642,0.11050317,0.20001039,0.07862676,0.31088603,0.20421556,0.31121203,0.34139442,0.3353659,0.32636425,0.33293605,0.29256764,0.28946975,0.27208513,0.34206665,0.3336569,0.30332565,0.24256258,0.35529926,0.36958548,0.13713944,0.079327926,0.059996575,0.039191544,0.105511,0.090560645,0.11275166,0.05580339,0.06308235,0.04453,0.13595192,0.06966184
0.2528511,0.2384627,0.25854474,0.25847363,0.25566208,0.2545117,0.2735295,0.25067058,0.25467777,0.2394078,0.26663736,0.255493,0.28157538,0.25557655,0.24338244,0.2843964,0.27522632,0.28288144,0.23418052,0.26180315,0.25768435,0.27256995,0.26010802,0.2701916,0.2533328,0.238312,0.22150092,0.20691574,0.2399884,0.23643836,0.2264049,0.1759019,0.2972783,0.28311664,0.2686923,0.28791982,0.26259515,0.25405797,0.28943765,0.28725243,0.25300667,0.30526745,0.30914152,0.28971216,0.25670835,0.30550933,0.23628393,0.24149108,0.24863298,0.26575726,0.20264915,0.23116392,0.24820483,0.2378039,0.255477,0.2576248,0.28896886,0.2838079,0.23590642,0.22377259,0.22404312,0.19589877,0.26534235,0.22556597,0.25258774,0.24281377,0.27402264,0.2153334,0.21901926,0.24573578,0.20782056,0.22138302,0.29570594,0.26443863,0.23648852,0.27282014,0.133133,0.23879375,0.24416013,0.2918476,0.26162344,0.25598708,0.23434663,0.22449544,0.29787743,0.28861588,0.25069463,0.19060722,0.29303345,0.27907303,0.2527149,0.25581157,0.24250546,0.2435348,0.21274365,0.24376538,0.28789127,0.29086742,0.29146105,0.3043695,0.263298,0.24122447,0.28464335,0.26781386,0.2880254,0.28822076,0.17880753,0.24274643,0.19615552,0.24432966,0.23057835,0.23949264,0.26446104,0.27149257,0.2818393,0.19351694,0.25514224,0.26106197,0.27744928,0.32242215,0.22932571,0.1758964,0.2436575,0.23977268,0.25548264,0.20321509,0.25598693,0.22417691,0.29755345,0.22931117,0.32099307,0.2871296,0.27985716,0.256076,0.17837733,0.17159829,0.19617489,0.16156572,0.29253927,0.24726969,0.27645886,0.28789768,0.31858838,0.26714253,0.30364627,0.25307736,0.26625156,0.22094896,0.2687195,0.3021456,0.252056,0.26451895,0.31191248,0.32468644,0.17748195,0.12992796,0.1689932,0.16792595,0.16288236,0.16039982,0.17304459,0.12757021,0.15215331,0.12572087,0.2250494,0.09172641
0.2507174,0.23332024,0.29183236,0.24605696,0.2904595,0.21583712,0.2873996,0.2494268,0.2939515,0.24335466,0.2906355,0.24643764,0.28888595,0.28912234,0.24839275,0.26598984,0.29875776,0.309089,0.23997596,0.26926294,0.24450338,0.27510512,0.28204155,0.29377803,0.27662376,0.25994074,0.2602809,0.19792584,0.2529779,0.24338642,0.23916589,0.17210609,0.32349396,0.28980458,0.29216486,0.24266976,0.26765704,0.19622985,0.30720404,0.30946234,0.2722492,0.30962884,0.33338848,0.31348795,0.24747612,0.2569821,0.24714616,0.22634885,0.26232928,0.2770033,0.2161021,0.2324208,0.22909233,0.24805064,0.2747467,0.27475974,0.30557185,0.32767475,0.25980344,0.23609138,0.2512618,0.20228897,0.28002268,0.23426068,0.2971285,0.2560121,0.2770719,0.25603306,0.24903293,0.2292766,0.23879735,0.23657978,0.319343,0.30479765,0.18540987,0.228176,0.072589785,0.1485322,0.25485665,0.30426192,0.2939888,0.2618452,0.25074685,0.20970187,0.30047628,0.2831437,0.26001826,0.20850754,0.30701998,0.2888682,0.27055866,0.26819104,0.24375483,0.24363871,0.25697306,0.27199268,0.2926528,0.32491088,0.30741194,0.3255217,0.29384026,0.24779244,0.31810898,0.28366637,0.302696,0.29644942,0.20367992,0.24143064,0.21894228,0.24729818,0.25788704,0.27696672,0.2743044,0.31278458,0.29898524,0.23351592,0.2524501,0.2740386,0.30808014,0.3035343,0.077502005,0.10032473,0.10609236,0.07901744,0.12503934,0.065881,0.16203034,0.089001685,0.25666758,0.21358001,0.30141175,0.30919892,0.2750534,0.21135621,0.17009121,0.108879335,0.18066558,0.109116636,0.26989657,0.18797183,0.30677795,0.30910143,0.31628886,0.265343,0.30939814,0.24868864,0.28835908,0.23320934,0.29372206,0.28725576,0.2723173,0.21379998,0.3425843,0.33601758,0.11379969,0.063107766,0.062102895,0.062226616,0.10970791,0.10557905,0.08080596,0.047746856,0.048320137,0.048226953,0.1286424,0.048204053
0.30114025,0.27780402,0.3332456,0.31382164,0.3216325,0.28092772,0.32811913,0.29250753,0.32073694,0.2663776,0.33037323,0.28663546,0.3339945,0.34705734,0.28529933,0.31643718,0.3413691,0.38846648,0.28301045,0.30313173,0.31554753,0.33246398,0.3338795,0.33993334,0.31675598,0.31015357,0.29625186,0.25885034,0.30194506,0.29069906,0.3144392,0.22057211,0.34203807,0.31715214,0.37154868,0.26881105,0.29438183,0.22755605,0.33739588,0.32409412,0.31203857,0.38535717,0.40999272,0.37172782,0.2968282,0.29812348,0.307925,0.28822136,0.34151638,0.3312989,0.24726662,0.2825053,0.2704366,0.3097074,0.30616307,0.32451275,0.35276046,0.37232205,0.3335692,0.25556988,0.2880598,0.22260267,0.30969846,0.2708818,0.38349837,0.29311848,0.3026445,0.27393085,0.29128954,0.2951924,0.27635625,0.26964393,0.33017778,0.29845947,0.24074265,0.29359198,0.08245166,0.18782723,0.30347556,0.33704814,0.38109115,0.31280172,0.2925635,0.26643535,0.34105784,0.3395366,0.28749207,0.2483455,0.3660549,0.3659917,0.32040292,0.30889767,0.29480496,0.27276653,0.29454905,0.33865967,0.33523917,0.35533115,0.36842963,0.40932536,0.3523969,0.26326218,0.34581316,0.33825386,0.33451253,0.33483487,0.22015238,0.24157459,0.25994787,0.29554918,0.3052612,0.34335396,0.31539616,0.3586848,0.33993056,0.23193407,0.30209678,0.29725948,0.34658644,0.3302381,0.09626837,0.10584491,0.11891533,0.079132855,0.15522692,0.07779162,0.18063177,0.13652992,0.30336577,0.2418822,0.34747225,0.34858486,0.32005948,0.23314707,0.18435091,0.10775485,0.21753296,0.11387307,0.29463327,0.20327264,0.34273624,0.34503245,0.3529694,0.28789604,0.3551828,0.29329804,0.33472675,0.27900523,0.32494563,0.31531602,0.3333739,0.25224945,0.3766598,0.39747855,0.11778294,0.05755794,0.06297194,0.08655323,0.13360927,0.12888417,0.07733192,0.035081014,0.051635146,0.033077925,0.1469551,0.06543014
0.19174047,0.18687382,0.27411953,0.20668691,0.25661713,0.18895781,0.21147656,0.21623152,0.23441476,0.18589878,0.21382564,0.1842508,0.24788338,0.2664735,0.2420438,0.20382619,0.2627046,0.24915063,0.23933929,0.23760967,0.19860733,0.20990297,0.26810068,0.22508548,0.22987965,0.20711309,0.23942097,0.17834926,0.21520379,0.2149888,0.18554068,0.13801977,0.19892825,0.24237333,0.2190616,0.18861403,0.2673188,0.1406815,0.3031345,0.21493502,0.2280438,0.23192123,0.3234343,0.23835312,0.20372368,0.26518777,0.1729461,0.15958965,0.24365354,0.21147028,0.1519584,0.19460975,0.16716817,0.19093032,0.20174785,0.20634437,0.3012895,0.2629016,0.24900718,0.18294808,0.17991155,0.18043046,0.25992888,0.21840459,0.27870637,0.24646974,0.1854632,0.26232255,0.25057784,0.18548363,0.18267584,0.22081915,0.30920964,0.30220997,0.16553421,0.18996358,0.031737983,0.11698496,0.25254947,0.22976282,0.28787628,0.17764959,0.20460626,0.18113275,0.20426854,0.20481998,0.2102631,0.19240075,0.31612563,0.2264116,0.21545127,0.24123266,0.19294584,0.20609403,0.1910464,0.24381816,0.2524185,0.30017537,0.24864179,0.2926535,0.22595215,0.2139022,0.23045279,0.30424446,0.22569224,0.22509566,0.14793557,0.20505416,0.21049994,0.2247501,0.260557,0.21081717,0.2256082,0.29108346,0.22218427,0.20764703,0.20628867,0.23503694,0.3143642,0.28410387,0.07959324,0.10651756,0.09106693,0.039899692,0.12640633,0.06106268,0.11152024,0.10358864,0.2680568,0.22342147,0.2505888,0.29715186,0.20551643,0.15250897,0.15374015,0.079701826,0.12709534,0.09647477,0.21273714,0.15727855,0.255982,0.253264,0.3216004,0.2443328,0.306967,0.26250747,0.19236092,0.22483845,0.2785821,0.27071288,0.23696516,0.16286525,0.32618245,0.32185423,0.071451664,0.056913733,0.037648022,0.03746883,0.09605269,0.06972769,0.04734455,0.022259653,0.023065552,0.031844854,0.08452028,0.03764616
0.2507174,0.23332024,0.29183236,0.24605696,0.2904595,0.21583712,0.2873996,0.2494268,0.2939515,0.24335466,0.2906355,0.24643764,0.28888595,0.28912234,0.24839275,0.26598984,0.29875776,0.309089,0.23997596,0.26926294,0.24450338,0.27510512,0.28204155,0.29377803,0.27662376,0.25994074,0.2602809,0.19792584,0.2529779,0.24338642,0.23916589,0.17210609,0.32349396,0.28980458,0.29216486,0.24266976,0.26765704,0.19622985,0.30720404,0.30946234,0.2722492,0.30962884,0.33338848,0.31348795,0.24747612,0.2569821,0.24714616,0.22634885,0.26232928,0.2770033,0.2161021,0.2324208,0.22909233,0.24805064,0.2747467,0.27475974,0.30557185,0.32767475,0.25980344,0.23609138,0.2512618,0.20228897,0.28002268,0.23426068,0.2971285,0.2560121,0.2770719,0.25603306,0.24903293,0.2292766,0.23879735,0.23657978,0.319343,0.30479765,0.18540987,0.228176,0.072589785,0.1485322,0.25485665,0.30426192,0.2939888,0.2618452,0.25074685,0.20970187,0.30047628,0.2831437,0.26001826,0.20850754,0.30701998,0.2888682,0.27055866,0.26819104,0.24375483,0.24363871,0.25697306,0.27199268,0.2926528,0.32491088,0.30741194,0.3255217,0.29384026,0.24779244,0.31810898,0.28366637,0.302696,0.29644942,0.20367992,0.24143064,0.21894228,0.24729818,0.25788704,0.27696672,0.2743044,0.31278458,0.29898524,0.23351592,0.2524501,0.2740386,0.30808014,0.3035343,0.077502005,0.10032473,0.10609236,0.07901744,0.12503934,0.065881,0.16203034,0.089001685,0.25666758,0.21358001,0.30141175,0.30919892,0.2750534,0.21135621,0.17009121,0.108879335,0.18066558,0.109116636,0.26989657,0.18797183,0.30677795,0.30910143,0.31628886,0.265343,0.30939814,0.24868864,0.28835908,0.23320934,0.29372206,0.28725576,0.2723173,0.21379998,0.3425843,0.33601758,0.11379969,0.063107766,0.062102895,0.062226616,0.10970791,0.10557905,0.08080596,0.047746856,0.048320137,0.048226953,0.1286424,0.048204053
0.2528511,0.2384627,0.25854474,0.25847363,0.25566208,0.2545117,0.2735295,0.25067058,0.25467777,0.2394078,0.26663736,0.255493,0.28157538,0.25557655,0.24338244,0.2843964,0.27522632,0.28288144,0.23418052,0.26180315,0.25768435,0.27256995,0.26010802,0.2701916,0.2533328,0.238312,0.22150092,0.20691574,0.2399884,0.23643836,0.2264049,0.1759019,0.2972783,0.28311664,0.2686923,0.28791982,0.26259515,0.25405797,0.28943765,0.28725243,0.25300667,0.30526745,0.30914152,0.28971216,0.25670835,0.30550933,0.23628393,0.24149108,0.24863298,0.26575726,0.20264915,0.23116392,0.24820483,0.2378039,0.255477,0.2576248,0.28896886,0.2838079,0.23590642,0.22377259,0.22404312,0.19589877,0.26534235,0.22556597,0.25258774,0.24281377,0.27402264,0.2153334,0.21901926,0.24573578,0.20782056,0.22138302,0.29570594,0.26443863,0.23648852,0.27282014,0.133133,0.23879375,0.24416013,0.2918476,0.26162344,0.25598708,0.23434663,0.22449544,0.29787743,0.28861588,0.25069463,0.19060722,0.29303345,0.27907303,0.2527149,0.25581157,0.24250546,0.2435348,0.21274365,0.24376538,0.28789127,0.29086742,0.29146105,0.3043695,0.263298,0.24122447,0.28464335,0.26781386,0.2880254,0.28822076,0.17880753,0.24274643,0.19615552,0.24432966,0.23057835,0.23949264,0.26446104,0.27149257,0.2818393,0.19351694,0.25514224,0.26106197,0.27744928,0.32242215,0.22932571,0.1758964,0.2436575,0.23977268,0.25548264,0.20321509,0.25598693,0.22417691,0.29755345,0.22931117,0.32099307,0.2871296,0.27985716,0.256076,0.17837733,0.17159829,0.19617489,0.16156572,0.29253927,0.24726969,0.27645886,0.28789768,0.31858838,0.26714253,0.30364627,0.25307736,0.26625156,0.22094896,0.2687195,0.3021456,0.252056,0.26451895,0.31191248,0.32468644,0.17748195,0.12992796,0.1689932,0.16792595,0.16288236,0.16039982,0.17304459,0.12757021,0.15215331,0.12572087,0.2250494,0.09172641
0.3079238,0.28711265,0.32410723,0.29549998,0.31383377,0.3158071,0.32919502,0.32658872,0.31948596,0.28907728,0.3149413,0.3111542,0.30769914,0.3268921,0.30890864,0.2894296,0.29058787,0.30053803,0.30260107,0.30878058,0.29276812,0.29458845,0.30078715,0.30126953,0.3243159,0.30932817,0.2848097,0.26257324,0.28628445,0.27981368,0.26590538,0.2513599,0.2995119,0.2873507,0.33458814,0.24516673,0.2662149,0.20193118,0.277155,0.29577202,0.29723138,0.337618,0.3547184,0.3569456,0.28742254,0.2852335,0.25630605,0.2533115,0.29685366,0.33916172,0.25803524,0.22896904,0.2835421,0.29092872,0.2904725,0.31897175,0.34610683,0.3277059,0.29042178,0.2939089,0.27703175,0.26769534,0.2903303,0.3029905,0.3216549,0.32089427,0.29548708,0.2761376,0.25881216,0.26755893,0.24506861,0.2454974,0.2992653,0.2769924,0.21083046,0.28417814,0.06891526,0.15967098,0.27650562,0.29970598,0.3153687,0.309845,0.26217055,0.27626938,0.30700254,0.30969274,0.29004216,0.26406533,0.3300948,0.3421007,0.30387402,0.31095633,0.29709464,0.26390278,0.26560283,0.29894748,0.32450294,0.32986525,0.33796445,0.34508723,0.30509567,0.2753873,0.36474252,0.33645564,0.3201776,0.33984584,0.18786234,0.23027687,0.26003772,0.28115398,0.28748822,0.27783954,0.30392677,0.30902195,0.32290375,0.2251275,0.28798836,0.3257733,0.32171613,0.31206375,0.05496922,0.09505063,0.12709093,0.10647632,0.15163249,0.079598926,0.16183862,0.08747802,0.24984929,0.20853281,0.33822638,0.32252237,0.3061692,0.25657156,0.20019642,0.11050317,0.20001039,0.07862676,0.31088603,0.20421556,0.31121203,0.34139442,0.3353659,0.32636425,0.33293605,0.29256764,0.28946975,0.27208513,0.34206665,0.3336569,0.30332565,0.24256258,0.35529926,0.36958548,0.13713944,0.079327926,0.059996575,0.039191544,0.105511,0.090560645,0.11275166,0.05580339,0.06308235,0.04453,0.13595192,0.06966184
0.30114025,0.277804,0.33324564,0.31382167,0.3216325,0.28092766,0.32811922,0.29250747,0.320737,0.2663776,0.33037323,0.2866354,0.3339944,0.34705728,0.28529933,0.3164372,0.34136906,0.38846654,0.2830104,0.3031317,0.3155474,0.33246398,0.3338796,0.3399335,0.31675598,0.31015342,0.2962519,0.25885034,0.3019451,0.29069903,0.31443912,0.22057211,0.3420381,0.3171522,0.37154874,0.2688111,0.29438198,0.22755599,0.337396,0.32409412,0.31203863,0.38535717,0.40999264,0.37172788,0.29682815,0.29812348,0.30792505,0.28822142,0.34151632,0.33129892,0.24726671,0.28250527,0.27043664,0.30970743,0.30616304,0.32451278,0.35276052,0.37232205,0.33356914,0.25557005,0.2880598,0.22260273,0.30969843,0.2708818,0.38349825,0.29311854,0.3026445,0.27393094,0.29128957,0.29519242,0.27635625,0.26964396,0.33017778,0.2984594,0.24074262,0.29359198,0.08245169,0.18782723,0.30347562,0.33704814,0.38109124,0.3128016,0.29256344,0.2664354,0.34105772,0.33953667,0.2874921,0.24834548,0.36605492,0.36599156,0.32040295,0.30889767,0.29480496,0.2727666,0.29454905,0.3386597,0.33523923,0.35533112,0.3684297,0.4093254,0.3523969,0.26326212,0.3458132,0.33825392,0.3345124,0.33483487,0.22015244,0.24157459,0.25994784,0.2955491,0.30526102,0.34335402,0.31539604,0.35868484,0.33993053,0.23193407,0.30209684,0.29725945,0.34658635,0.33023798,0.09626825,0.105845,0.118915364,0.07913306,0.15522689,0.07779162,0.18063156,0.1365298,0.30336583,0.24188218,0.34747237,0.3485849,0.32005942,0.23314713,0.1843509,0.10775472,0.2175329,0.11387315,0.2946332,0.20327264,0.3427362,0.34503242,0.35296953,0.28789604,0.35518274,0.29329824,0.33472675,0.27900514,0.32494575,0.31531614,0.3333739,0.25224954,0.3766599,0.39747852,0.11778293,0.05755794,0.06297197,0.08655332,0.1336092,0.12888417,0.07733195,0.035080925,0.051635146,0.033077836,0.14695515,0.06543008
0.2507174,0.23332024,0.29183236,0.24605696,0.2904595,0.21583712,0.2873996,0.2494268,0.2939515,0.24335466,0.2906355,0.24643764,0.28888595,0.28912234,0.24839275,0.26598984,0.29875776,0.309089,0.23997596,0.26926294,0.24450338,0.27510512,0.28204155,0.29377803,0.27662376,0.25994074,0.2602809,0.19792584,0.2529779,0.24338642,0.23916589,0.17210609,0.32349396,0.28980458,0.29216486,0.24266976,0.26765704,0.19622985,0.30720404,0.30946234,0.2722492,0.30962884,0.33338848,0.31348795,0.24747612,0.2569821,0.24714616,0.22634885,0.26232928,0.2770033,0.2161021,0.2324208,0.22909233,0.24805064,0.2747467,0.27475974,0.30557185,0.32767475,0.25980344,0.23609138,0.2512618,0.20228897,0.28002268,0.23426068,0.2971285,0.2560121,0.2770719,0.25603306,0.24903293,0.2292766,0.23879735,0.23657978,0.319343,0.30479765,0.18540987,0.228176,0.072589785,0.1485322,0.25485665,0.30426192,0.2939888,0.2618452,0.25074685,0.20970187,0.30047628,0.2831437,0.26001826,0.20850754,0.30701998,0.2888682,0.27055866,0.26819104,0.24375483,0.24363871,0.25697306,0.27199268,0.2926528,0.32491088,0.30741194,0.3255217,0.29384026,0.24779244,0.31810898,0.28366637,0.302696,0.29644942,0.20367992,0.24143064,0.21894228,0.24729818,0.25788704,0.27696672,0.2743044,0.31278458,0.29898524,0.23351592,0.2524501,0.2740386,0.30808014,0.3035343,0.077502005,0.10032473,0.10609236,0.07901744,0.12503934,0.065881,0.16203034,0.089001685,0.25666758,0.21358001,0.30141175,0.30919892,0.2750534,0.21135621,0.17009121,0.108879335,0.18066558,0.109116636,0.26989657,0.18797183,0.30677795,0.30910143,0.31628886,0.265343,0.30939814,0.24868864,0.28835908,0.23320934,0.29372206,0.28725576,0.2723173,0.21379998,0.3425843,0.33601758,0.11379969,0.063107766,0.062102895,0.062226616,0.10970791,0.10557905,0.08080596,0.047746856,0.048320137,0.048226953,0.1286424,0.048204053
0.3079238,0.28711265,0.32410723,0.29549998,0.31383377,0.3158071,0.32919502,0.32658872,0.31948596,0.28907728,0.3149413,0.3111542,0.30769914,0.3268921,0.30890864,0.2894296,0.29058787,0.30053803,0.30260107,0.30878058,0.29276812,0.29458845,0.30078715,0.30126953,0.3243159,0.30932817,0.2848097,0.26257324,0.28628445,0.27981368,0.26590538,0.2513599,0.2995119,0.2873507,0.33458814,0.24516673,0.2662149,0.20193118,0.277155,0.29577202,0.29723138,0.337618,0.3547184,0.3569456,0.28742254,0.2852335,0.25630605,0.2533115,0.29685366,0.33916172,0.25803524,0.22896904,0.2835421,0.29092872,0.2904725,0.31897175,0.34610683,0.3277059,0.29042178,0.2939089,0.27703175,0.26769534,0.2903303,0.3029905,0.3216549,0.32089427,0.29548708,0.2761376,0.25881216,0.26755893,0.24506861,0.2454974,0.2992653,0.2769924,0.21083046,0.28417814,0.06891526,0.15967098,0.27650562,0.29970598,0.3153687,0.309845,0.26217055,0.27626938,0.30700254,0.30969274,0.29004216,0.26406533,0.3300948,0.3421007,0.30387402,0.31095633,0.29709464,0.26390278,0.26560283,0.29894748,0.32450294,0.32986525,0.33796445,0.34508723,0.30509567,0.2753873,0.36474252,0.33645564,0.3201776,0.33984584,0.18786234,0.23027687,0.26003772,0.28115398,0.28748822,0.27783954,0.30392677,0.30902195,0.32290375,0.2251275,0.28798836,0.3257733,0.32171613,0.31206375,0.05496922,0.09505063,0.12709093,0.10647632,0.15163249,0.079598926,0.16183862,0.08747802,0.24984929,0.20853281,0.33822638,0.32252237,0.3061692,0.25657156,0.20019642,0.11050317,0.20001039,0.07862676,0.31088603,0.20421556,0.31121203,0.34139442,0.3353659,0.32636425,0.33293605,0.29256764,0.28946975,0.27208513,0.34206665,0.3336569,0.30332565,0.24256258,0.35529926,0.36958548,0.13713944,0.079327926,0.059996575,0.039191544,0.105511,0.090560645,0.11275166,0.05580339,0.06308235,0.04453,0.13595192,0.06966184
0.19174047,0.18687382,0.27411953,0.20668691,0.25661713,0.18895781,0.21147656,0.21623152,0.23441476,0.18589878,0.21382564,0.1842508,0.24788338,0.2664735,0.2420438,0.20382619,0.2627046,0.24915063,0.23933929,0.23760967,0.19860733,0.20990297,0.26810068,0.22508548,0.22987965,0.20711309,0.23942097,0.17834926,0.21520379,0.2149888,0.18554068,0.13801977,0.19892825,0.24237333,0.2190616,0.18861403,0.2673188,0.1406815,0.3031345,0.21493502,0.2280438,0.23192123,0.3234343,0.23835312,0.20372368,0.26518777,0.1729461,0.15958965,0.24365354,0.21147028,0.1519584,0.19460975,0.16716817,0.19093032,0.20174785,0.20634437,0.3012895,0.2629016,0.24900718,0.18294808,0.17991155,0.18043046,0.25992888,0.21840459,0.27870637,0.24646974,0.1854632,0.26232255,0.25057784,0.18548363,0.18267584,0.22081915,0.30920964,0.30220997,0.16553421,0.18996358,0.031737983,0.11698496,0.25254947,0.22976282,0.28787628,0.17764959,0.20460626,0.18113275,0.20426854,0.20481998,0.2102631,0.19240075,0.31612563,0.2264116,0.21545127,0.24123266,0.19294584,0.20609403,0.1910464,0.24381816,0.2524185,0.30017537,0.24864179,0.2926535,0.22595215,0.2139022,0.23045279,0.30424446,0.22569224,0.22509566,0.14793557,0.20505416,0.21049994,0.2247501,0.260557,0.21081717,0.2256082,0.29108346,0.22218427,0.20764703,0.20628867,0.23503694,0.3143642,0.28410387,0.07959324,0.10651756,0.09106693,0.039899692,0.12640633,0.06106268,0.11152024,0.10358864,0.2680568,0.22342147,0.2505888,0.29715186,0.20551643,0.15250897,0.15374015,0.079701826,0.12709534,0.09647477,0.21273714,0.15727855,0.255982,0.253264,0.3216004,0.2443328,0.306967,0.26250747,0.19236092,0.22483845,0.2785821,0.27071288,0.23696516,0.16286525,0.32618245,0.32185423,0.071451664,0.056913733,0.037648022,0.03746883,0.09605269,0.06972769,0.04734455,0.022259653,0.023065552,0.031844854,0.08452028,0.03764616
0.2528511,0.2384627,0.25854474,0.25847363,0.25566208,0.2545117,0.2735295,0.25067058,0.25467777,0.2394078,0.26663736,0.255493,0.28157538,0.25557655,0.24338244,0.2843964,0.27522632,0.28288144,0.23418052,0.26180315,0.25768435,0.27256995,0.26010802,0.2701916,0.2533328,0.238312,0.22150092,0.20691574,0.2399884,0.23643836,0.2264049,0.1759019,0.2972783,0.28311664,0.2686923,0.28791982,0.26259515,0.25405797,0.28943765,0.28725243,0.25300667,0.30526745,0.30914152,0.28971216,0.25670835,0.30550933,0.23628393,0.24149108,0.24863298,0.26575726,0.20264915,0.23116392,0.24820483,0.2378039,0.255477,0.2576248,0.28896886,0.2838079,0.23590642,0.22377259,0.22404312,0.19589877,0.26534235,0.22556597,0.25258774,0.24281377,0.27402264,0.2153334,0.21901926,0.24573578,0.20782056,0.22138302,0.29570594,0.26443863,0.23648852,0.27282014,0.133133,0.23879375,0.24416013,0.2918476,0.26162344,0.25598708,0.23434663,0.22449544,0.29787743,0.28861588,0.25069463,0.19060722,0.29303345,0.27907303,0.2527149,0.25581157,0.24250546,0.2435348,0.21274365,0.24376538,0.28789127,0.29086742,0.29146105,0.3043695,0.263298,0.24122447,0.28464335,0.26781386,0.2880254,0.28822076,0.17880753,0.24274643,0.19615552,0.24432966,0.23057835,0.23949264,0.26446104,0.27149257,0.2818393,0.19351694,0.25514224,0.26106197,0.27744928,0.32242215,0.22932571,0.1758964,0.2436575,0.23977268,0.25548264,0.20321509,0.25598693,0.22417691,0.29755345,0.22931117,0.32099307,0.2871296,0.27985716,0.256076,0.17837733,0.17159829,0.19617489,0.16156572,0.29253927,0.24726969,0.27645886,0.28789768,0.31858838,0.26714253,0.30364627,0.25307736,0.26625156,0.22094896,0.2687195,0.3021456,0.252056,0.26451895,0.31191248,0.32468644,0.17748195,0.12992796,0.1689932,0.16792595,0.16288236,0.16039982,0.17304459,0.12757021,0.15215331,0.12572087,0.2250494,0.09172641
0.2507174,0.23332024,0.29183236,0.24605696,0.2904595,0.21583712,0.2873996,0.2494268,0.2939515,0.24335466,0.2906355,0.24643764,0.28888595,0.28912234,0.24839275,0.26598984,0.29875776,0.309089,0.23997596,0.26926294,0.24450338,0.27510512,0.28204155,0.29377803,0.27662376,0.25994074,0.2602809,0.19792584,0.2529779,0.24338642,0.23916589,0.17210609,0.32349396,0.28980458,0.29216486,0.24266976,0.26765704,0.19622985,0.30720404,0.30946234,0.2722492,0.30962884,0.33338848,0.31348795,0.24747612,0.2569821,0.24714616,0.22634885,0.26232928,0.2770033,0.2161021,0.2324208,0.22909233,0.24805064,0.2747467,0.27475974,0.30557185,0.32767475,0.25980344,0.23609138,0.2512618,0.20228897,0.28002268,0.23426068,0.2971285,0.2560121,0.2770719,0.25603306,0.24903293,0.2292766,0.23879735,0.23657978,0.319343,0.30479765,0.18540987,0.228176,0.072589785,0.1485322,0.25485665,0.30426192,0.2939888,0.2618452,0.25074685,0.20970187,0.30047628,0.2831437,0.26001826,0.20850754,0.30701998,0.2888682,0.27055866,0.26819104,0.24375483,0.24363871,0.25697306,0.27199268,0.2926528,0.32491088,0.30741194,0.3255217,0.29384026,0.24779244,0.31810898,0.28366637,0.302696,0.29644942,0.20367992,0.24143064,0.21894228,0.24729818,0.25788704,0.27696672,0.2743044,0.31278458,0.29898524,0.23351592,0.2524501,0.2740386,0.30808014,0.3035343,0.077502005,0.10032473,0.10609236,0.07901744,0.12503934,0.065881,0.16203034,0.089001685,0.25666758,0.21358001,0.30141175,0.30919892,0.2750534,0.21135621,0.17009121,0.108879335,0.18066558,0.109116636,0.26989657,0.18797183,0.30677795,0.30910143,0.31628886,0.265343,0.30939814,0.24868864,0.28835908,0.23320934,0.29372206,0.28725576,0.2723173,0.21379998,0.3425843,0.33601758,0.11379969,0.063107766,0.062102895,0.062226616,0.10970791,0.10557905,0.08080596,0.047746856,0.048320137,0.048226953,0.1286424,0.048204053
0.3079238,0.28711265,0.32410723,0.29549998,0.31383377,0.3158071,0.32919502,0.32658872,0.31948596,0.28907728,0.3149413,0.3111542,0.30769914,0.3268921,0.30890864,0.2894296,0.29058787,0.30053803,0.30260107,0.30878058,0.29276812,0.29458845,0.30078715,0.30126953,0.3243159,0.30932817,0.2848097,0.26257324,0.28628445,0.27981368,0.26590538,0.2513599,0.2995119,0.2873507,0.33458814,0.24516673,0.2662149,0.20193118,0.277155,0.29577202,0.29723138,0.337618,0.3547184,0.3569456,0.28742254,0.2852335,0.25630605,0.2533115,0.29685366,0.33916172,0.25803524,0.22896904,0.2835421,0.29092872,0.2904725,0.31897175,0.34610683,0.3277059,0.29042178,0.2939089,0.27703175,0.26769534,0.2903303,0.3029905,0.3216549,0.32089427,0.29548708,0.2761376,0.25881216,0.26755893,0.24506861,0.2454974,0.2992653,0.2769924,0.21083046,0.28417814,0.06891526,0.15967098,0.27650562,0.29970598,0.3153687,0.309845,0.26217055,0.27626938,0.30700254,0.30969274,0.29004216,0.26406533,0.3300948,0.3421007,0.30387402,0.31095633,0.29709464,0.26390278,0.26560283,0.29894748,0.32450294,0.32986525,0.33796445,0.34508723,0.30509567,0.2753873,0.36474252,0.33645564,0.3201776,0.33984584,0.18786234,0.23027687,0.26003772,0.28115398,0.28748822,0.27783954,0.30392677,0.30902195,0.32290375,0.2251275,0.28798836,0.3257733,0.32171613,0.31206375,0.05496922,0.09505063,0.12709093,0.10647632,0.15163249,0.079598926,0.16183862,0.08747802,0.24984929,0.20853281,0.33822638,0.32252237,0.3061692,0.25657156,0.20019642,0.11050317,0.20001039,0.07862676,0.31088603,0.20421556,0.31121203,0.34139442,0.3353659,0.32636425,0.33293605,0.29256764,0.28946975,0.27208513,0.34206665,0.3336569,0.30332565,0.24256258,0.35529926,0.36958548,0.13713944,0.079327926,0.059996575,0.039191544,0.105511,0.090560645,0.11275166,0.05580339,0.06308235,0.04453,0.13595192,0.06966184
0.19174047,0.18687382,0.27411953,0.20668691,0.25661713,0.18895781,0.21147656,0.21623152,0.23441476,0.18589878,0.21382564,0.1842508,0.24788338,0.2664735,0.2420438,0.20382619,0.2627046,0.24915063,0.23933929,0.23760967,0.19860733,0.20990297,0.26810068,0.22508548,0.22987965,0.20711309,0.23942097,0.17834926,0.21520379,0.2149888,0.18554068,0.13801977,0.19892825,0.24237333,0.2190616,0.18861403,0.2673188,0.1406815,0.3031345,0.21493502,0.2280438,0.23192123,0.3234343,0.23835312,0.20372368,0.26518777,0.1729461,0.15958965,0.24365354,0.21147028,0.1519584,0.19460975,0.16716817,0.19093032,0.20174785,0.20634437,0.3012895,0.2629016,0.24900718,0.18294808,0.17991155,0.18043046,0.25992888,0.21840459,0.27870637,0.24646974,0.1854632,0.26232255,0.25057784,0.18548363,0.18267584,0.22081915,0.30920964,0.30220997,0.16553421,0.18996358,0.031737983,0.11698496,0.25254947,0.22976282,0.28787628,0.17764959,0.20460626,0.18113275,0.20426854,0.20481998,0.2102631,0.19240075,0.31612563,0.2264116,0.21545127,0.24123266,0.19294584,0.20609403,0.1910464,0.24381816,0.2524185,0.30017537,0.24864179,0.2926535,0.22595215,0.2139022,0.23045279,0.30424446,0.22569224,0.22509566,0.14793557,0.20505416,0.21049994,0.2247501,0.260557,0.21081717,0.2256082,0.29108346,0.22218427,0.20764703,0.20628867,0.23503694,0.3143642,0.28410387,0.07959324,0.10651756,0.09106693,0.039899692,0.12640633,0.06106268,0.11152024,0.10358864,0.2680568,0.22342147,0.2505888,0.29715186,0.20551643,0.15250897,0.15374015,0.079701826,0.12709534,0.09647477,0.21273714,0.15727855,0.255982,0.253264,0.3216004,0.2443328,0.306967,0.26250747,0.19236092,0.22483845,0.2785821,0.27071288,0.23696516,0.16286525,0.32618245,0.32185423,0.071451664,0.056913733,0.037648022,0.03746883,0.09605269,0.06972769,0.04734455,0.022259653,0.023065552,0.031844854,0.08452028,0.03764616
0.2528511,0.2384627,0.25854474,0.25847363,0.25566208,0.2545117,0.2735295,0.25067058,0.25467777,0.2394078,0.26663736,0.255493,0.28157538,0.25557655,0.24338244,0.2843964,0.27522632,0.28288144,0.23418052,0.26180315,0.25768435,0.27256995,0.26010802,0.2701916,0.2533328,0.238312,0.22150092,0.20691574,0.2399884,0.23643836,0.2264049,0.1759019,0.2972783,0.28311664,0.2686923,0.28791982,0.26259515,0.25405797,0.28943765,0.28725243,0.25300667,0.30526745,0.30914152,0.28971216,0.25670835,0.30550933,0.23628393,0.24149108,0.24863298,0.26575726,0.20264915,0.23116392,0.24820483,0.2378039,0.255477,0.2576248,0.28896886,0.2838079,0.23590642,0.22377259,0.22404312,0.19589877,0.26534235,0.22556597,0.25258774,0.24281377,0.27402264,0.2153334,0.21901926,0.24573578,0.20782056,0.22138302,0.29570594,0.26443863,0.23648852,0.27282014,0.133133,0.23879375,0.24416013,0.2918476,0.26162344,0.25598708,0.23434663,0.22449544,0.29787743,0.28861588,0.25069463,0.19060722,0.29303345,0.27907303,0.2527149,0.25581157,0.24250546,0.2435348,0.21274365,0.24376538,0.28789127,0.29086742,0.29146105,0.3043695,0.263298,0.24122447,0.28464335,0.26781386,0.2880254,0.28822076,0.17880753,0.24274643,0.19615552,0.24432966,0.23057835,0.23949264,0.26446104,0.27149257,0.2818393,0.19351694,0.25514224,0.26106197,0.27744928,0.32242215,0.22932571,0.1758964,0.2436575,0.23977268,0.25548264,0.20321509,0.25598693,0.22417691,0.29755345,0.22931117,0.32099307,0.2871296,0.27985716,0.256076,0.17837733,0.17159829,0.19617489,0.16156572,0.29253927,0.24726969,0.27645886,0.28789768,0.31858838,0.26714253,0.30364627,0.25307736,0.26625156,0.22094896,0.2687195,0.3021456,0.252056,0.26451895,0.31191248,0.32468644,0.17748195,0.12992796,0.1689932,0.16792595,0.16288236,0.16039982,0.17304459,0.12757021,0.15215331,0.12572087,0.2250494,0.09172641
0.30114025,0.277804,0.33324564,0.31382167,0.3216325,0.28092766,0.32811922,0.29250747,0.320737,0.2663776,0.33037323,0.2866354,0.3339944,0.34705728,0.28529933,0.3164372,0.34136906,0.38846654,0.2830104,0.3031317,0.3155474,0.33246398,0.3338796,0.3399335,0.31675598,0.31015342,0.2962519,0.25885034,0.3019451,0.29069903,0.31443912,0.22057211,0.3420381,0.3171522,0.37154874,0.2688111,0.29438198,0.22755599,0.337396,0.32409412,0.31203863,0.38535717,0.40999264,0.37172788,0.29682815,0.29812348,0.30792505,0.28822142,0.34151632,0.33129892,0.24726671,0.28250527,0.27043664,0.30970743,0.30616304,0.32451278,0.35276052,0.37232205,0.33356914,0.25557005,0.2880598,0.22260273,0.30969843,0.2708818,0.38349825,0.29311854,0.3026445,0.27393094,0.29128957,0.29519242,0.27635625,0.26964396,0.33017778,0.2984594,0.24074262,0.29359198,0.08245169,0.18782723,0.30347562,0.33704814,0.38109124,0.3128016,0.29256344,0.2664354,0.34105772,0.33953667,0.2874921,0.24834548,0.36605492,0.36599156,0.32040295,0.30889767,0.29480496,0.2727666,0.29454905,0.3386597,0.33523923,0.35533112,0.3684297,0.4093254,0.3523969,0.26326212,0.3458132,0.33825392,0.3345124,0.33483487,0.22015244,0.24157459,0.25994784,0.2955491,0.30526102,0.34335402,0.31539604,0.35868484,0.33993053,0.23193407,0.30209684,0.29725945,0.34658635,0.33023798,0.09626825,0.105845,0.118915364,0.07913306,0.15522689,0.07779162,0.18063156,0.1365298,0.30336583,0.24188218,0.34747237,0.3485849,0.32005942,0.23314713,0.1843509,0.10775472,0.2175329,0.11387315,0.2946332,0.20327264,0.3427362,0.34503242,0.35296953,0.28789604,0.35518274,0.29329824,0.33472675,0.27900514,0.32494575,0.31531614,0.3333739,0.25224954,0.3766599,0.39747852,0.11778293,0.05755794,0.06297197,0.08655332,0.1336092,0.12888417,0.07733195,0.035080925,0.051635146,0.033077836,0.14695515,0.06543008
0.2528511,0.2384627,0.25854474,0.25847363,0.25566208,0.2545117,0.2735295,0.25067058,0.25467777,0.2394078,0.26663736,0.255493,0.28157538,0.25557655,0.24338244,0.2843964,0.27522632,0.28288144,0.23418052,0.26180315,0.25768435,0.27256995,0.26010802,0.2701916,0.2533328,0.238312,0.22150092,0.20691574,0.2399884,0.23643836,0.2264049,0.1759019,0.2972783,0.28311664,0.2686923,0.28791982,0.26259515,0.25405797,0.28943765,0.28725243,0.25300667,0.30526745,0.30914152,0.28971216,0.25670835,0.30550933,0.23628393,0.24149108,0.24863298,0.26575726,0.20264915,0.23116392,0.24820483,0.2378039,0.255477,0.2576248,0.28896886,0.2838079,0.23590642,0.22377259,0.22404312,0.19589877,0.26534235,0.22556597,0.25258774,0.24281377,0.27402264,0.2153334,0.21901926,0.24573578,0.20782056,0.22138302,0.29570594,0.26443863,0.23648852,0.27282014,0.133133,0.23879375,0.24416013,0.2918476,0.26162344,0.25598708,0.23434663,0.22449544,0.29787743,0.28861588,0.25069463,0.19060722,0.29303345,0.27907303,0.2527149,0.25581157,0.24250546,0.2435348,0.21274365,0.24376538,0.28789127,0.29086742,0.29146105,0.3043695,0.263298,0.24122447,0.28464335,0.26781386,0.2880254,0.28822076,0.17880753,0.24274643,0.19615552,0.24432966,0.23057835,0.23949264,0.26446104,0.27149257,0.2818393,0.19351694,0.25514224,0.26106197,0.27744928,0.32242215,0.22932571,0.1758964,0.2436575,0.23977268,0.25548264,0.20321509,0.25598693,0.22417691,0.29755345,0.22931117,0.32099307,0.2871296,0.27985716,0.256076,0.17837733,0.17159829,0.19617489,0.16156572,0.29253927,0.24726969,0.27645886,0.28789768,0.31858838,0.26714253,0.30364627,0.25307736,0.26625156,0.22094896,0.2687195,0.3021456,0.252056,0.26451895,0.31191248,0.32468644,0.17748195,0.12992796,0.1689932,0.16792595,0.16288236,0.16039982,0.17304459,0.12757021,0.15215331,0.12572087,0.2250494,0.09172641
0.19174047,0.18687382,0.27411953,0.20668691,0.25661713,0.18895781,0.21147656,0.21623152,0.23441476,0.18589878,0.21382564,0.1842508,0.24788338,0.2664735,0.2420438,0.20382619,0.2627046,0.24915063,0.23933929,0.23760967,0.19860733,0.20990297,0.26810068,0.22508548,0.22987965,0.20711309,0.23942097,0.17834926,0.21520379,0.2149888,0.18554068,0.13801977,0.19892825,0.24237333,0.2190616,0.18861403,0.2673188,0.1406815,0.3031345,0.21493502,0.2280438,0.23192123,0.3234343,0.23835312,0.20372368,0.26518777,0.1729461,0.15958965,0.24365354,0.21147028,0.1519584,0.19460975,0.16716817,0.19093032,0.20174785,0.20634437,0.3012895,0.2629016,0.24900718,0.18294808,0.17991155,0.18043046,0.25992888,0.21840459,0.27870637,0.24646974,0.1854632,0.26232255,0.25057784,0.18548363,0.18267584,0.22081915,0.30920964,0.30220997,0.16553421,0.18996358,0.031737983,0.11698496,0.25254947,0.22976282,0.28787628,0.17764959,0.20460626,0.18113275,0.20426854,0.20481998,0.2102631,0.19240075,0.31612563,0.2264116,0.21545127,0.24123266,0.19294584,0.20609403,0.1910464,0.24381816,0.2524185,0.30017537,0.24864179,0.2926535,0.22595215,0.2139022,0.23045279,0.30424446,0.22569224,0.22509566,0.14793557,0.20505416,0.21049994,0.2247501,0.260557,0.21081717,0.2256082,0.29108346,0.22218427,0.20764703,0.20628867,0.23503694,0.3143642,0.28410387,0.07959324,0.10651756,0.09106693,0.039899692,0.12640633,0.06106268,0.11152024,0.10358864,0.2680568,0.22342147,0.2505888,0.29715186,0.20551643,0.15250897,0.15374015,0.079701826,0.12709534,0.09647477,0.21273714,0.15727855,0.255982,0.253264,0.3216004,0.2443328,0.306967,0.26250747,0.19236092,0.22483845,0.2785821,0.27071288,0.23696516,0.16286525,0.32618245,0.32185423,0.071451664,0.056913733,0.037648022,0.03746883,0.09605269,0.06972769,0.04734455,0.022259653,0.023065552,0.031844854,0.08452028,0.03764616
0.3079238,0.28711265,0.32410723,0.29549998,0.31383377,0.3158071,0.32919502,0.32658872,0.31948596,0.28907728,0.3149413,0.3111542,0.30769914,0.3268921,0.30890864,0.2894296,0.29058787,0.30053803,0.30260107,0.30878058,0.29276812,0.29458845,0.30078715,0.30126953,0.3243159,0.30932817,0.2848097,0.26257324,0.28628445,0.27981368,0.26590538,0.2513599,0.2995119,0.2873507,0.33458814,0.24516673,0.2662149,0.20193118,0.277155,0.29577202,0.29723138,0.337618,0.3547184,0.3569456,0.28742254,0.2852335,0.25630605,0.2533115,0.29685366,0.33916172,0.25803524,0.22896904,0.2835421,0.29092872,0.2904725,0.31897175,0.34610683,0.3277059,0.29042178,0.2939089,0.27703175,0.26769534,0.2903303,0.3029905,0.3216549,0.32089427,0.29548708,0.2761376,0.25881216,0.26755893,0.24506861,0.2454974,0.2992653,0.2769924,0.21083046,0.28417814,0.06891526,0.15967098,0.27650562,0.29970598,0.3153687,0.309845,0.26217055,0.27626938,0.30700254,0.30969274,0.29004216,0.26406533,0.3300948,0.3421007,0.30387402,0.31095633,0.29709464,0.26390278,0.26560283,0.29894748,0.32450294,0.32986525,0.33796445,0.34508723,0.30509567,0.2753873,0.36474252,0.33645564,0.3201776,0.33984584,0.18786234,0.23027687,0.26003772,0.28115398,0.28748822,0.27783954,0.30392677,0.30902195,0.32290375,0.2251275,0.28798836,0.3257733,0.32171613,0.31206375,0.05496922,0.09505063,0.12709093,0.10647632,0.15163249,0.079598926,0.16183862,0.08747802,0.24984929,0.20853281,0.33822638,0.32252237,0.3061692,0.25657156,0.20019642,0.11050317,0.20001039,0.07862676,0.31088603,0.20421556,0.31121203,0.34139442,0.3353659,0.32636425,0.33293605,0.29256764,0.28946975,0.27208513,0.34206665,0.3336569,0.30332565,0.24256258,0.35529926,0.36958548,0.13713944,0.079327926,0.059996575,0.039191544,0.105511,0.090560645,0.11275166,0.05580339,0.06308235,0.04453,0.13595192,0.06966184
0.30114025,0.277804,0.33324564,0.31382167,0.3216325,0.28092766,0.32811922,0.29250747,0.320737,0.2663776,0.33037323,0.2866354,0.3339944,0.34705728,0.28529933,0.3164372,0.34136906,0.38846654,0.2830104,0.3031317,0.3155474,0.33246398,0.3338796,0.3399335,0.31675598,0.31015342,0.2962519,0.25885034,0.3019451,0.29069903,0.31443912,0.22057211,0.3420381,0.3171522,0.37154874,0.2688111,0.29438198,0.22755599,0.337396,0.32409412,0.31203863,0.38535717,0.40999264,0.37172788,0.29682815,0.29812348,0.30792505,0.28822142,0.34151632,0.33129892,0.24726671,0.28250527,0.27043664,0.30970743,0.30616304,0.32451278,0.35276052,0.37232205,0.33356914,0.25557005,0.2880598,0.22260273,0.30969843,0.2708818,0.38349825,0.29311854,0.3026445,0.27393094,0.29128957,0.29519242,0.27635625,0.26964396,0.33017778,0.2984594,0.24074262,0.29359198,0.08245169,0.18782723,0.30347562,0.33704814,0.38109124,0.3128016,0.29256344,0.2664354,0.34105772,0.33953667,0.2874921,0.24834548,0.36605492,0.36599156,0.32040295,0.30889767,0.29480496,0.2727666,0.29454905,0.3386597,0.33523923,0.35533112,0.3684297,0.4093254,0.3523969,0.26326212,0.3458132,0.33825392,0.3345124,0.33483487,0.22015244,0.24157459,0.25994784,0.2955491,0.30526102,0.34335402,0.31539604,0.35868484,0.33993053,0.23193407,0.30209684,0.29725945,0.34658635,0.33023798,0.09626825,0.105845,0.118915364,0.07913306,0.15522689,0.07779162,0.18063156,0.1365298,0.30336583,0.24188218,0.34747237,0.3485849,0.32005942,0.23314713,0.1843509,0.10775472,0.2175329,0.11387315,0.2946332,0.20327264,0.3427362,0.34503242,0.35296953,0.28789604,0.35518274,0.29329824,0.33472675,0.27900514,0.32494575,0.31531614,0.3333739,0.25224954,0.3766599,0.39747852,0.11778293,0.05755794,0.06297197,0.08655332,0.1336092,0.12888417,0.07733195,0.035080925,0.051635146,0.033077836,0.14695515,0.06543008
0.2507174,0.23332024,0.29183236,0.24605696,0.2904595,0.21583712,0.2873996,0.2494268,0.2939515,0.24335466,0.2906355,0.24643764,0.28888595,0.28912234,0.24839275,0.26598984,0.29875776,0.309089,0.23997596,0.26926294,0.24450338,0.27510512,0.28204155,0.29377803,0.27662376,0.25994074,0.2602809,0.19792584,0.2529779,0.24338642,0.23916589,0.17210609,0.32349396,0.28980458,0.29216486,0.24266976,0.26765704,0.19622985,0.30720404,0.30946234,0.2722492,0.30962884,0.33338848,0.31348795,0.24747612,0.2569821,0.24714616,0.22634885,0.26232928,0.2770033,0.2161021,0.2324208,0.22909233,0.24805064,0.2747467,0.27475974,0.30557185,0.32767475,0.25980344,0.23609138,0.2512618,0.20228897,0.28002268,0.23426068,0.2971285,0.2560121,0.2770719,0.25603306,0.24903293,0.2292766,0.23879735,0.23657978,0.319343,0.30479765,0.18540987,0.228176,0.072589785,0.1485322,0.25485665,0.30426192,0.2939888,0.2618452,0.25074685,0.20970187,0.30047628,0.2831437,0.26001826,0.20850754,0.30701998,0.2888682,0.27055866,0.26819104,0.24375483,0.24363871,0.25697306,0.27199268,0.2926528,0.32491088,0.30741194,0.3255217,0.29384026,0.24779244,0.31810898,0.28366637,0.302696,0.29644942,0.20367992,0.24143064,0.21894228,0.24729818,0.25788704,0.27696672,0.2743044,0.31278458,0.29898524,0.23351592,0.2524501,0.2740386,0.30808014,0.3035343,0.077502005,0.10032473,0.10609236,0.07901744,0.12503934,0.065881,0.16203034,0.089001685,0.25666758,0.21358001,0.30141175,0.30919892,0.2750534,0.21135621,0.17009121,0.108879335,0.18066558,0.109116636,0.26989657,0.18797183,0.30677795,0.30910143,0.31628886,0.265343,0.30939814,0.24868864,0.28835908,0.23320934,0.29372206,0.28725576,0.2723173,0.21379998,0.3425843,0.33601758,0.11379969,0.063107766,0.062102895,0.062226616,0.10970791,0.10557905,0.08080596,0.047746856,0.048320137,0.048226953,0.1286424,0.048204053
0.3079238,0.28711265,0.32410723,0.29549998,0.31383377,0.3158071,0.32919502,0.32658872,0.31948596,0.28907728,0.3149413,0.3111542,0.30769914,0.3268921,0.30890864,0.2894296,0.29058787,0.30053803,0.30260107,0.30878058,0.29276812,0.29458845,0.30078715,0.30126953,0.3243159,0.30932817,0.2848097,0.26257324,0.28628445,0.27981368,0.26590538,0.2513599,0.2995119,0.2873507,0.33458814,0.24516673,0.2662149,0.20193118,0.277155,0.29577202,0.29723138,0.337618,0.3547184,0.3569456,0.28742254,0.2852335,0.25630605,0.2533115,0.29685366,0.33916172,0.25803524,0.22896904,0.2835421,0.29092872,0.2904725,0.31897175,0.34610683,0.3277059,0.29042178,0.2939089,0.27703175,0.26769534,0.2903303,0.3029905,0.3216549,0.32089427,0.29548708,0.2761376,0.25881216,0.26755893,0.24506861,0.2454974,0.2992653,0.2769924,0.21083046,0.28417814,0.06891526,0.15967098,0.27650562,0.29970598,0.3153687,0.309845,0.26217055,0.27626938,0.30700254,0.30969274,0.29004216,0.26406533,0.3300948,0.3421007,0.30387402,0.31095633,0.29709464,0.26390278,0.26560283,0.29894748,0.32450294,0.32986525,0.33796445,0.34508723,0.30509567,0.2753873,0.36474252,0.33645564,0.3201776,0.33984584,0.18786234,0.23027687,0.26003772,0.28115398,0.28748822,0.27783954,0.30392677,0.30902195,0.32290375,0.2251275,0.28798836,0.3257733,0.32171613,0.31206375,0.05496922,0.09505063,0.12709093,0.10647632,0.15163249,0.079598926,0.16183862,0.08747802,0.24984929,0.20853281,0.33822638,0.32252237,0.3061692,0.25657156,0.20019642,0.11050317,0.20001039,0.07862676,0.31088603,0.20421556,0.31121203,0.34139442,0.3353659,0.32636425,0.33293605,0.29256764,0.28946975,0.27208513,0.34206665,0.3336569,0.30332565,0.24256258,0.35529926,0.36958548,0.13713944,0.079327926,0.059996575,0.039191544,0.105511,0.090560645,0.11275166,0.05580339,0.06308235,0.04453,0.13595192,0.06966184
0.2528511,0.2384627,0.25854474,0.25847363,0.25566208,0.2545117,0.2735295,0.25067058,0.25467777,0.2394078,0.26663736,0.255493,0.28157538,0.25557655,0.24338244,0.2843964,0.27522632,0.28288144,0.23418052,0.26180315,0.25768435,0.27256995,0.26010802,0.2701916,0.2533328,0.238312,0.22150092,0.20691574,0.2399884,0.23643836,0.2264049,0.1759019,0.2972783,0.28311664,0.2686923,0.28791982,0.26259515,0.25405797,0.28943765,0.28725243,0.25300667,0.30526745,0.30914152,0.28971216,0.25670835,0.30550933,0.23628393,0.24149108,0.24863298,0.26575726,0.20264915,0.23116392,0.24820483,0.2378039,0.255477,0.2576248,0.28896886,0.2838079,0.23590642,0.22377259,0.22404312,0.19589877,0.26534235,0.22556597,0.25258774,0.24281377,0.27402264,0.2153334,0.21901926,0.24573578,0.20782056,0.22138302,0.29570594,0.26443863,0.23648852,0.27282014,0.133133,0.23879375,0.24416013,0.2918476,0.26162344,0.25598708,0.23434663,0.22449544,0.29787743,0.28861588,0.25069463,0.19060722,0.29303345,0.27907303,0.2527149,0.25581157,0.24250546,0.2435348,0.21274365,0.24376538,0.28789127,0.29086742,0.29146105,0.3043695,0.263298,0.24122447,0.28464335,0.26781386,0.2880254,0.28822076,0.17880753,0.24274643,0.19615552,0.24432966,0.23057835,0.23949264,0.26446104,0.27149257,0.2818393,0.19351694,0.25514224,0.26106197,0.27744928,0.32242215,0.22932571,0.1758964,0.2436575,0.23977268,0.25548264,0.20321509,0.25598693,0.22417691,0.29755345,0.22931117,0.32099307,0.2871296,0.27985716,0.256076,0.17837733,0.17159829,0.19617489,0.16156572,0.29253927,0.24726969,0.27645886,0.28789768,0.31858838,0.26714253,0.30364627,0.25307736,0.26625156,0.22094896,0.2687195,0.3021456,0.252056,0.26451895,0.31191248,0.32468644,0.17748195,0.12992796,0.1689932,0.16792595,0.16288236,0.16039982,0.17304459,0.12757021,0.15215331,0.12572087,0.2250494,0.09172641
0.19174047,0.18687382,0.27411953,0.20668691,0.25661713,0.18895781,0.21147656,0.21623152,0.23441476,0.18589878,0.21382564,0.1842508,0.24788338,0.2664735,0.2420438,0.20382619,0.2627046,0.24915063,0.23933929,0.23760967,0.19860733,0.20990297,0.26810068,0.22508548,0.22987965,0.20711309,0.23942097,0.17834926,0.21520379,0.2149888,0.18554068,0.13801977,0.19892825,0.24237333,0.2190616,0.18861403,0.2673188,0.1406815,0.3031345,0.21493502,0.2280438,0.23192123,0.3234343,0.23835312,0.20372368,0.26518777,0.1729461,0.15958965,0.24365354,0.21147028,0.1519584,0.19460975,0.16716817,0.19093032,0.20174785,0.20634437,0.3012895,0.2629016,0.24900718,0.18294808,0.17991155,0.18043046,0.25992888,0.21840459,0.27870637,0.24646974,0.1854632,0.26232255,0.25057784,0.18548363,0.18267584,0.22081915,0.30920964,0.30220997,0.16553421,0.18996358,0.031737983,0.11698496,0.25254947,0.22976282,0.28787628,0.17764959,0.20460626,0.18113275,0.20426854,0.20481998,0.2102631,0.19240075,0.31612563,0.2264116,0.21545127,0.24123266,0.19294584,0.20609403,0.1910464,0.24381816,0.2524185,0.30017537,0.24864179,0.2926535,0.22595215,0.2139022,0.23045279,0.30424446,0.22569224,0.22509566,0.14793557,0.20505416,0.21049994,0.2247501,0.260557,0.21081717,0.2256082,0.29108346,0.22218427,0.20764703,0.20628867,0.23503694,0.3143642,0.28410387,0.07959324,0.10651756,0.09106693,0.039899692,0.12640633,0.06106268,0.11152024,0.10358864,0.2680568,0.22342147,0.2505888,0.29715186,0.20551643,0.15250897,0.15374015,0.079701826,0.12709534,0.09647477,0.21273714,0.15727855,0.255982,0.253264,0.3216004,0.2443328,0.306967,0.26250747,0.19236092,0.22483845,0.2785821,0.27071288,0.23696516,0.16286525,0.32618245,0.32185423,0.071451664,0.056913733,0.037648022,0.03746883,0.09605269,0.06972769,0.04734455,0.022259653,0.023065552,0.031844854,0.08452028,0.03764616
0.30114013,0.27780414,0.33324558,0.31382158,0.32163242,0.28092766,0.3281192,0.29250756,0.3207369,0.26637754,0.3303732,0.2866353,0.3339944,0.34705722,0.2852994,0.31643718,0.341369,0.38846648,0.28301042,0.3031317,0.31554753,0.33246398,0.33387953,0.33993345,0.31675604,0.31015337,0.2962517,0.25885016,0.30194512,0.29069906,0.31443906,0.22057211,0.34203815,0.31715208,0.37154874,0.2688111,0.29438192,0.22755617,0.33739585,0.32409412,0.31203854,0.38535714,0.40999267,0.3717278,0.2968281,0.2981235,0.30792496,0.28822145,0.34151626,0.33129883,0.24726674,0.28250524,0.27043667,0.3097074,0.306163,0.32451278,0.35276043,0.37232208,0.33356908,0.25557005,0.28805983,0.22260273,0.30969846,0.2708819,0.38349825,0.29311848,0.3026445,0.273931,0.29128957,0.29519233,0.2763562,0.269644,0.33017778,0.2984593,0.24074277,0.29359198,0.08245169,0.18782723,0.30347565,0.3370483,0.38109127,0.31280166,0.2925635,0.2664354,0.34105778,0.3395366,0.28749204,0.24834545,0.36605495,0.36599162,0.3204029,0.3088976,0.29480502,0.27276653,0.29454896,0.33865967,0.33523923,0.35533115,0.36842963,0.40932536,0.35239685,0.26326212,0.3458132,0.33825395,0.33451253,0.33483493,0.2201524,0.24157453,0.2599479,0.29554915,0.3052612,0.34335393,0.31539598,0.3586848,0.33993053,0.23193407,0.30209672,0.29725948,0.3465864,0.3302381,0.09626822,0.10584494,0.1189154,0.07913306,0.15522686,0.07779157,0.18063168,0.13652974,0.30336577,0.24188215,0.34747228,0.34858483,0.32005942,0.23314707,0.18435095,0.10775473,0.21753296,0.11387315,0.29463315,0.20327266,0.34273615,0.34503224,0.35296944,0.28789607,0.35518262,0.29329813,0.33472675,0.27900517,0.3249457,0.31531608,0.33337387,0.25224954,0.37665978,0.39747855,0.11778295,0.05755794,0.06297199,0.086553335,0.13360918,0.1288842,0.07733192,0.03508091,0.051635087,0.033077896,0.1469551,0.06543008
0.25071734,0.23332024,0.2918324,0.24605706,0.2904595,0.21583718,0.28739962,0.24942674,0.29395154,0.24335471,0.2906355,0.24643767,0.28888598,0.2891224,0.24839276,0.26598996,0.29875773,0.30908903,0.23997605,0.26926297,0.24450342,0.2751052,0.28204167,0.29377815,0.2766238,0.25994077,0.26028094,0.19792585,0.25297797,0.24338639,0.2391659,0.17210603,0.32349393,0.28980455,0.29216495,0.24266979,0.26765704,0.19623001,0.30720404,0.30946237,0.2722492,0.30962884,0.3333885,0.31348795,0.24747609,0.2569822,0.24714622,0.22634883,0.26232916,0.27700338,0.2161021,0.23242077,0.22909227,0.24805076,0.2747467,0.27475977,0.30557185,0.32767472,0.25980344,0.23609143,0.25126174,0.2022889,0.2800226,0.23426062,0.29712856,0.2560121,0.27707192,0.256033,0.24903296,0.2292766,0.23879732,0.2365798,0.319343,0.30479768,0.18540987,0.22817606,0.07258981,0.14853221,0.25485668,0.30426198,0.2939888,0.2618452,0.25074685,0.20970193,0.30047634,0.28314373,0.2600183,0.20850751,0.30702,0.2888682,0.2705587,0.268191,0.24375491,0.24363872,0.25697315,0.27199268,0.29265285,0.32491082,0.307412,0.3255219,0.2938403,0.24779248,0.31810904,0.28366643,0.30269605,0.29644945,0.20367995,0.24143079,0.21894227,0.24729815,0.25788715,0.27696675,0.27430454,0.3127846,0.29898524,0.23351601,0.25245014,0.2740387,0.3080802,0.30353436,0.07750197,0.10032468,0.10609236,0.07901747,0.12503943,0.06588107,0.16203034,0.089001715,0.25666758,0.21358001,0.3014118,0.30919895,0.27505344,0.21135627,0.17009124,0.10887936,0.18066552,0.109116696,0.2698966,0.18797186,0.30677795,0.30910155,0.31628886,0.26534304,0.30939823,0.24868861,0.28835914,0.23320937,0.29372212,0.28725576,0.27231735,0.21380007,0.3425844,0.3360177,0.11379972,0.063107826,0.06210292,0.06222661,0.10970788,0.10557905,0.08080602,0.047746953,0.048320144,0.048226893,0.12864253,0.048204105
0.2528511,0.2384627,0.25854474,0.25847363,0.25566208,0.2545117,0.2735295,0.25067058,0.25467777,0.2394078,0.26663736,0.255493,0.28157538,0.25557655,0.24338244,0.2843964,0.27522632,0.28288144,0.23418052,0.26180315,0.25768435,0.27256995,0.26010802,0.2701916,0.2533328,0.238312,0.22150092,0.20691574,0.2399884,0.23643836,0.2264049,0.1759019,0.2972783,0.28311664,0.2686923,0.28791982,0.26259515,0.25405797,0.28943765,0.28725243,0.25300667,0.30526745,0.30914152,0.28971216,0.25670835,0.30550933,0.23628393,0.24149108,0.24863298,0.26575726,0.20264915,0.23116392,0.24820483,0.2378039,0.255477,0.2576248,0.28896886,0.2838079,0.23590642,0.22377259,0.22404312,0.19589877,0.26534235,0.22556597,0.25258774,0.24281377,0.27402264,0.2153334,0.21901926,0.24573578,0.20782056,0.22138302,0.29570594,0.26443863,0.23648852,0.27282014,0.133133,0.23879375,0.24416013,0.2918476,0.26162344,0.25598708,0.23434663,0.22449544,0.29787743,0.28861588,0.25069463,0.19060722,0.29303345,0.27907303,0.2527149,0.25581157,0.24250546,0.2435348,0.21274365,0.24376538,0.28789127,0.29086742,0.29146105,0.3043695,0.263298,0.24122447,0.28464335,0.26781386,0.2880254,0.28822076,0.17880753,0.24274643,0.19615552,0.24432966,0.23057835,0.23949264,0.26446104,0.27149257,0.2818393,0.19351694,0.25514224,0.26106197,0.27744928,0.32242215,0.22932571,0.1758964,0.2436575,0.23977268,0.25548264,0.20321509,0.25598693,0.22417691,0.29755345,0.22931117,0.32099307,0.2871296,0.27985716,0.256076,0.17837733,0.17159829,0.19617489,0.16156572,0.29253927,0.24726969,0.27645886,0.28789768,0.31858838,0.26714253,0.30364627,0.25307736,0.26625156,0.22094896,0.2687195,0.3021456,0.252056,0.26451895,0.31191248,0.32468644,0.17748195,0.12992796,0.1689932,0.16792595,0.16288236,0.16039982,0.17304459,0.12757021,0.15215331,0.12572087,0.2250494,0.09172641
0.3011402,0.27780408,0.33324558,0.3138216,0.3216324,0.28092766,0.32811925,0.29250762,0.32073694,0.2663776,0.33037323,0.2866353,0.3339944,0.34705722,0.2852994,0.3164372,0.34136915,0.38846648,0.28301045,0.30313164,0.31554747,0.332464,0.33387953,0.3399334,0.3167561,0.31015348,0.2962517,0.25885016,0.30194515,0.2906989,0.31443906,0.220572,0.34203818,0.3171522,0.3715487,0.26881105,0.29438186,0.22755605,0.33739597,0.32409412,0.3120386,0.38535717,0.40999267,0.37172788,0.29682815,0.2981236,0.30792493,0.28822142,0.34151632,0.3312988,0.24726671,0.28250524,0.27043673,0.30970752,0.30616298,0.32451278,0.3527605,0.37232196,0.33356905,0.25556993,0.2880598,0.22260267,0.30969846,0.27088186,0.3834983,0.29311836,0.30264437,0.27393094,0.29128954,0.29519233,0.2763563,0.26964396,0.33017778,0.29845953,0.2407426,0.29359198,0.08245162,0.18782723,0.3034756,0.33704838,0.38109118,0.31280172,0.29256338,0.2664354,0.34105778,0.3395366,0.28749204,0.24834548,0.36605486,0.36599162,0.32040292,0.3088976,0.29480502,0.27276662,0.294549,0.33865964,0.33523917,0.3553311,0.36842957,0.40932533,0.3523969,0.26326218,0.34581327,0.33825397,0.33451265,0.33483493,0.22015238,0.2415745,0.2599478,0.29554906,0.30526122,0.34335393,0.31539604,0.35868478,0.33993053,0.23193406,0.30209666,0.29725942,0.3465864,0.3302381,0.09626831,0.10584503,0.11891536,0.079133004,0.15522683,0.07779172,0.18063174,0.1365298,0.30336583,0.2418822,0.3474723,0.34858483,0.32005948,0.2331471,0.18435095,0.1077548,0.21753293,0.11387309,0.29463327,0.20327266,0.34273612,0.34503227,0.3529695,0.28789607,0.35518274,0.29329807,0.33472684,0.27900535,0.32494566,0.31531596,0.33337384,0.25224948,0.37665987,0.39747855,0.117782906,0.057558,0.06297202,0.08655332,0.13360912,0.12888426,0.07733185,0.035080954,0.051635087,0.033077896,0.14695516,0.06543014
0.19174047,0.18687382,0.27411953,0.20668691,0.25661713,0.18895781,0.21147656,0.21623152,0.23441476,0.18589878,0.21382564,0.1842508,0.24788338,0.2664735,0.2420438,0.20382619,0.2627046,0.24915063,0.23933929,0.23760967,0.19860733,0.20990297,0.26810068,0.22508548,0.22987965,0.20711309,0.23942097,0.17834926,0.21520379,0.2149888,0.18554068,0.13801977,0.19892825,0.24237333,0.2190616,0.18861403,0.2673188,0.1406815,0.3031345,0.21493502,0.2280438,0.23192123,0.3234343,0.23835312,0.20372368,0.26518777,0.1729461,0.15958965,0.24365354,0.21147028,0.1519584,0.19460975,0.16716817,0.19093032,0.20174785,0.20634437,0.3012895,0.2629016,0.24900718,0.18294808,0.17991155,0.18043046,0.25992888,0.21840459,0.27870637,0.24646974,0.1854632,0.26232255,0.25057784,0.18548363,0.18267584,0.22081915,0.30920964,0.30220997,0.16553421,0.18996358,0.031737983,0.11698496,0.25254947,0.22976282,0.28787628,0.17764959,0.20460626,0.18113275,0.20426854,0.20481998,0.2102631,0.19240075,0.31612563,0.2264116,0.21545127,0.24123266,0.19294584,0.20609403,0.1910464,0.24381816,0.2524185,0.30017537,0.24864179,0.2926535,0.22595215,0.2139022,0.23045279,0.30424446,0.22569224,0.22509566,0.14793557,0.20505416,0.21049994,0.2247501,0.260557,0.21081717,0.2256082,0.29108346,0.22218427,0.20764703,0.20628867,0.23503694,0.3143642,0.28410387,0.07959324,0.10651756,0.09106693,0.039899692,0.12640633,0.06106268,0.11152024,0.10358864,0.2680568,0.22342147,0.2505888,0.29715186,0.20551643,0.15250897,0.15374015,0.079701826,0.12709534,0.09647477,0.21273714,0.15727855,0.255982,0.253264,0.3216004,0.2443328,0.306967,0.26250747,0.19236092,0.22483845,0.2785821,0.27071288,0.23696516,0.16286525,0.32618245,0.32185423,0.071451664,0.056913733,0.037648022,0.03746883,0.09605269,0.06972769,0.04734455,0.022259653,0.023065552,0.031844854,0.08452028,0.03764616
0.25071737,0.23332027,0.29183236,0.2460571,0.29045966,0.21583709,0.28739953,0.24942674,0.2939515,0.24335475,0.2906355,0.24643765,0.28888607,0.28912234,0.24839279,0.2659899,0.2987578,0.30908903,0.23997608,0.26926297,0.2445034,0.2751052,0.28204167,0.2937781,0.2766237,0.25994086,0.2602809,0.19792587,0.25297788,0.24338639,0.23916595,0.17210606,0.323494,0.2898046,0.29216492,0.2426698,0.267657,0.19623002,0.307204,0.30946237,0.2722491,0.309629,0.33338848,0.31348792,0.24747613,0.25698218,0.24714619,0.22634888,0.26232916,0.27700335,0.2161021,0.23242083,0.2290923,0.24805066,0.27474672,0.27475983,0.3055719,0.3276747,0.2598034,0.23609138,0.2512619,0.20228897,0.28002265,0.23426065,0.29712856,0.25601217,0.27707195,0.25603306,0.24903291,0.2292766,0.23879728,0.23657985,0.31934297,0.3047976,0.18540989,0.22817603,0.07258981,0.1485323,0.2548567,0.30426204,0.29398873,0.26184523,0.25074688,0.209702,0.30047634,0.28314376,0.26001835,0.20850758,0.30702004,0.28886813,0.27055869,0.2681911,0.24375492,0.24363887,0.25697318,0.27199277,0.29265285,0.32491085,0.30741206,0.32552183,0.29384023,0.24779251,0.3181091,0.28366637,0.30269602,0.29644954,0.20368004,0.24143076,0.21894228,0.24729817,0.25788713,0.27696678,0.27430454,0.3127846,0.2989853,0.23351598,0.25245017,0.2740386,0.30808026,0.30353433,0.077502,0.10032474,0.10609236,0.07901741,0.12503946,0.065881066,0.16203043,0.089001745,0.25666767,0.21357998,0.30141187,0.30919895,0.27505344,0.21135634,0.17009133,0.10887941,0.18066545,0.109116726,0.26989663,0.18797193,0.30677807,0.30910164,0.31628877,0.265343,0.30939823,0.24868861,0.28835922,0.23320937,0.29372215,0.2872558,0.2723174,0.21380007,0.3425845,0.3360177,0.11379963,0.06310789,0.06210292,0.06222672,0.109707974,0.10557914,0.08080603,0.047746997,0.04832007,0.048226893,0.12864251,0.048204217
0.3079237,0.28711262,0.32410726,0.29549998,0.31383368,0.315807,0.32919493,0.32658875,0.31948602,0.28907728,0.31494153,0.31115425,0.3076991,0.32689202,0.30890864,0.28942963,0.29058784,0.30053794,0.3026011,0.30878073,0.29276818,0.29458845,0.30078706,0.30126956,0.32431597,0.30932823,0.2848098,0.2625732,0.28628445,0.2798137,0.26590535,0.25136006,0.29951182,0.28735062,0.3345882,0.24516685,0.26621494,0.20193125,0.277155,0.29577196,0.29723144,0.337618,0.3547182,0.35694557,0.28742248,0.28523356,0.25630608,0.2533115,0.2968536,0.33916175,0.25803506,0.22896907,0.2835421,0.29092887,0.29047242,0.31897166,0.34610692,0.32770586,0.29042178,0.29390877,0.27703187,0.26769534,0.29033032,0.3029904,0.32165483,0.32089415,0.29548708,0.27613753,0.25881222,0.26755887,0.24506864,0.24549745,0.2992652,0.2769923,0.21083042,0.28417784,0.06891516,0.15967086,0.27650553,0.29970592,0.31536877,0.3098451,0.26217052,0.2762693,0.30700263,0.30969262,0.29004204,0.26406536,0.3300949,0.34210062,0.30387396,0.31095642,0.29709464,0.26390293,0.26560292,0.29894745,0.32450283,0.3298653,0.33796436,0.3450873,0.30509564,0.27538726,0.36474258,0.33645564,0.32017753,0.33984578,0.18786234,0.2302768,0.26003766,0.2811539,0.28748846,0.2778396,0.30392665,0.30902207,0.3229037,0.22512746,0.28798833,0.3257732,0.32171607,0.31206357,0.05496925,0.0950506,0.12709072,0.10647629,0.15163258,0.07959887,0.16183874,0.08747806,0.24984932,0.20853281,0.33822635,0.32252243,0.30616918,0.25657165,0.2001964,0.11050323,0.20001036,0.0786269,0.31088588,0.20421556,0.311212,0.34139442,0.33536565,0.3263642,0.33293614,0.29256782,0.2894697,0.2720852,0.34206653,0.33365685,0.30332577,0.24256268,0.35529917,0.36958554,0.1371395,0.079327956,0.059996456,0.039191633,0.10551107,0.09056075,0.11275169,0.055803403,0.06308229,0.044529963,0.1359519,0.06966177
0.3079238,0.28711265,0.32410723,0.29549998,0.31383377,0.3158071,0.32919502,0.32658872,0.31948596,0.28907728,0.3149413,0.3111542,0.30769914,0.3268921,0.30890864,0.2894296,0.29058787,0.30053803,0.30260107,0.30878058,0.29276812,0.29458845,0.30078715,0.30126953,0.3243159,0.30932817,0.2848097,0.26257324,0.28628445,0.27981368,0.26590538,0.2513599,0.2995119,0.2873507,0.33458814,0.24516673,0.2662149,0.20193118,0.277155,0.29577202,0.29723138,0.337618,0.3547184,0.3569456,0.28742254,0.2852335,0.25630605,0.2533115,0.29685366,0.33916172,0.25803524,0.22896904,0.2835421,0.29092872,0.2904725,0.31897175,0.34610683,0.3277059,0.29042178,0.2939089,0.27703175,0.26769534,0.2903303,0.3029905,0.3216549,0.32089427,0.29548708,0.2761376,0.25881216,0.26755893,0.24506861,0.2454974,0.2992653,0.2769924,0.21083046,0.28417814,0.06891526,0.15967098,0.27650562,0.29970598,0.3153687,0.309845,0.26217055,0.27626938,0.30700254,0.30969274,0.29004216,0.26406533,0.3300948,0.3421007,0.30387402,0.31095633,0.29709464,0.26390278,0.26560283,0.29894748,0.32450294,0.32986525,0.33796445,0.34508723,0.30509567,0.2753873,0.36474252,0.33645564,0.3201776,0.33984584,0.18786234,0.23027687,0.26003772,0.28115398,0.28748822,0.27783954,0.30392677,0.30902195,0.32290375,0.2251275,0.28798836,0.3257733,0.32171613,0.31206375,0.05496922,0.09505063,0.12709093,0.10647632,0.15163249,0.079598926,0.16183862,0.08747802,0.24984929,0.20853281,0.33822638,0.32252237,0.3061692,0.25657156,0.20019642,0.11050317,0.20001039,0.07862676,0.31088603,0.20421556,0.31121203,0.34139442,0.3353659,0.32636425,0.33293605,0.29256764,0.28946975,0.27208513,0.34206665,0.3336569,0.30332565,0.24256258,0.35529926,0.36958548,0.13713944,0.079327926,0.059996575,0.039191544,0.105511,0.090560645,0.11275166,0.05580339,0.06308235,0.04453,0.13595192,0.06966184
0.30114025,0.277804,0.33324564,0.31382167,0.3216325,0.28092766,0.32811922,0.29250747,0.320737,0.2663776,0.33037323,0.2866354,0.3339944,0.34705728,0.28529933,0.3164372,0.34136906,0.38846654,0.2830104,0.3031317,0.3155474,0.33246398,0.3338796,0.3399335,0.31675598,0.31015342,0.2962519,0.25885034,0.3019451,0.29069903,0.31443912,0.22057211,0.3420381,0.3171522,0.37154874,0.2688111,0.29438198,0.22755599,0.337396,0.32409412,0.31203863,0.38535717,0.40999264,0.37172788,0.29682815,0.29812348,0.30792505,0.28822142,0.34151632,0.33129892,0.24726671,0.28250527,0.27043664,0.30970743,0.30616304,0.32451278,0.35276052,0.37232205,0.33356914,0.25557005,0.2880598,0.22260273,0.30969843,0.2708818,0.38349825,0.29311854,0.3026445,0.27393094,0.29128957,0.29519242,0.27635625,0.26964396,0.33017778,0.2984594,0.24074262,0.29359198,0.08245169,0.18782723,0.30347562,0.33704814,0.38109124,0.3128016,0.29256344,0.2664354,0.34105772,0.33953667,0.2874921,0.24834548,0.36605492,0.36599156,0.32040295,0.30889767,0.29480496,0.2727666,0.29454905,0.3386597,0.33523923,0.35533112,0.3684297,0.4093254,0.3523969,0.26326212,0.3458132,0.33825392,0.3345124,0.33483487,0.22015244,0.24157459,0.25994784,0.2955491,0.30526102,0.34335402,0.31539604,0.35868484,0.33993053,0.23193407,0.30209684,0.29725945,0.34658635,0.33023798,0.09626825,0.105845,0.118915364,0.07913306,0.15522689,0.07779162,0.18063156,0.1365298,0.30336583,0.24188218,0.34747237,0.3485849,0.32005942,0.23314713,0.1843509,0.10775472,0.2175329,0.11387315,0.2946332,0.20327264,0.3427362,0.34503242,0.35296953,0.28789604,0.35518274,0.29329824,0.33472675,0.27900514,0.32494575,0.31531614,0.3333739,0.25224954,0.3766599,0.39747852,0.11778293,0.05755794,0.06297197,0.08655332,0.1336092,0.12888417,0.07733195,0.035080925,0.051635146,0.033077836,0.14695515,0.06543008
0.2528511,0.2384627,0.25854474,0.25847363,0.25566208,0.2545117,0.2735295,0.25067058,0.25467777,0.2394078,0.26663736,0.255493,0.28157538,0.25557655,0.24338244,0.2843964,0.27522632,0.28288144,0.23418052,0.26180315,0.25768435,0.27256995,0.26010802,0.2701916,0.2533328,0.238312,0.22150092,0.20691574,0.2399884,0.23643836,0.2264049,0.1759019,0.2972783,0.28311664,0.2686923,0.28791982,0.26259515,0.25405797,0.28943765,0.28725243,0.25300667,0.30526745,0.30914152,0.28971216,0.25670835,0.30550933,0.23628393,0.24149108,0.24863298,0.26575726,0.20264915,0.23116392,0.24820483,0.2378039,0.255477,0.2576248,0.28896886,0.2838079,0.23590642,0.22377259,0.22404312,0.19589877,0.26534235,0.22556597,0.25258774,0.24281377,0.27402264,0.2153334,0.21901926,0.24573578,0.20782056,0.22138302,0.29570594,0.26443863,0.23648852,0.27282014,0.133133,0.23879375,0.24416013,0.2918476,0.26162344,0.25598708,0.23434663,0.22449544,0.29787743,0.28861588,0.25069463,0.19060722,0.29303345,0.27907303,0.2527149,0.25581157,0.24250546,0.2435348,0.21274365,0.24376538,0.28789127,0.29086742,0.29146105,0.3043695,0.263298,0.24122447,0.28464335,0.26781386,0.2880254,0.28822076,0.17880753,0.24274643,0.19615552,0.24432966,0.23057835,0.23949264,0.26446104,0.27149257,0.2818393,0.19351694,0.25514224,0.26106197,0.27744928,0.32242215,0.22932571,0.1758964,0.2436575,0.23977268,0.25548264,0.20321509,0.25598693,0.22417691,0.29755345,0.22931117,0.32099307,0.2871296,0.27985716,0.256076,0.17837733,0.17159829,0.19617489,0.16156572,0.29253927,0.24726969,0.27645886,0.28789768,0.31858838,0.26714253,0.30364627,0.25307736,0.26625156,0.22094896,0.2687195,0.3021456,0.252056,0.26451895,0.31191248,0.32468644,0.17748195,0.12992796,0.1689932,0.16792595,0.16288236,0.16039982,0.17304459,0.12757021,0.15215331,0.12572087,0.2250494,0.09172641
0.19174047,0.18687382,0.27411953,0.20668691,0.25661713,0.18895781,0.21147656,0.21623152,0.23441476,0.18589878,0.21382564,0.1842508,0.24788338,0.2664735,0.2420438,0.20382619,0.2627046,0.24915063,0.23933929,0.23760967,0.19860733,0.20990297,0.26810068,0.22508548,0.22987965,0.20711309,0.23942097,0.17834926,0.21520379,0.2149888,0.18554068,0.13801977,0.19892825,0.24237333,0.2190616,0.18861403,0.2673188,0.1406815,0.3031345,0.21493502,0.2280438,0.23192123,0.3234343,0.23835312,0.20372368,0.26518777,0.1729461,0.15958965,0.24365354,0.21147028,0.1519584,0.19460975,0.16716817,0.19093032,0.20174785,0.20634437,0.3012895,0.2629016,0.24900718,0.18294808,0.17991155,0.18043046,0.25992888,0.21840459,0.27870637,0.24646974,0.1854632,0.26232255,0.25057784,0.18548363,0.18267584,0.22081915,0.30920964,0.30220997,0.16553421,0.18996358,0.031737983,0.11698496,0.25254947,0.22976282,0.28787628,0.17764959,0.20460626,0.18113275,0.20426854,0.20481998,0.2102631,0.19240075,0.31612563,0.2264116,0.21545127,0.24123266,0.19294584,0.20609403,0.1910464,0.24381816,0.2524185,0.30017537,0.24864179,0.2926535,0.22595215,0.2139022,0.23045279,0.30424446,0.22569224,0.22509566,0.14793557,0.20505416,0.21049994,0.2247501,0.260557,0.21081717,0.2256082,0.29108346,0.22218427,0.20764703,0.20628867,0.23503694,0.3143642,0.28410387,0.07959324,0.10651756,0.09106693,0.039899692,0.12640633,0.06106268,0.11152024,0.10358864,0.2680568,0.22342147,0.2505888,0.29715186,0.20551643,0.15250897,0.15374015,0.079701826,0.12709534,0.09647477,0.21273714,0.15727855,0.255982,0.253264,0.3216004,0.2443328,0.306967,0.26250747,0.19236092,0.22483845,0.2785821,0.27071288,0.23696516,0.16286525,0.32618245,0.32185423,0.071451664,0.056913733,0.037648022,0.03746883,0.09605269,0.06972769,0.04734455,0.022259653,0.023065552,0.031844854,0.08452028,0.03764616
0.2507174,0.23332024,0.29183236,0.24605696,0.2904595,0.21583712,0.2873996,0.2494268,0.2939515,0.24335466,0.2906355,0.24643764,0.28888595,0.28912234,0.24839275,0.26598984,0.29875776,0.309089,0.23997596,0.26926294,0.24450338,0.27510512,0.28204155,0.29377803,0.27662376,0.25994074,0.2602809,0.19792584,0.2529779,0.24338642,0.23916589,0.17210609,0.32349396,0.28980458,0.29216486,0.24266976,0.26765704,0.19622985,0.30720404,0.30946234,0.2722492,0.30962884,0.33338848,0.31348795,0.24747612,0.2569821,0.24714616,0.22634885,0.26232928,0.2770033,0.2161021,0.2324208,0.22909233,0.24805064,0.2747467,0.27475974,0.30557185,0.32767475,0.25980344,0.23609138,0.2512618,0.20228897,0.28002268,0.23426068,0.2971285,0.2560121,0.2770719,0.25603306,0.24903293,0.2292766,0.23879735,0.23657978,0.319343,0.30479765,0.18540987,0.228176,0.072589785,0.1485322,0.25485665,0.30426192,0.2939888,0.2618452,0.25074685,0.20970187,0.30047628,0.2831437,0.26001826,0.20850754,0.30701998,0.2888682,0.27055866,0.26819104,0.24375483,0.24363871,0.25697306,0.27199268,0.2926528,0.32491088,0.30741194,0.3255217,0.29384026,0.24779244,0.31810898,0.28366637,0.302696,0.29644942,0.20367992,0.24143064,0.21894228,0.24729818,0.25788704,0.27696672,0.2743044,0.31278458,0.29898524,0.23351592,0.2524501,0.2740386,0.30808014,0.3035343,0.077502005,0.10032473,0.10609236,0.07901744,0.12503934,0.065881,0.16203034,0.089001685,0.25666758,0.21358001,0.30141175,0.30919892,0.2750534,0.21135621,0.17009121,0.108879335,0.18066558,0.109116636,0.26989657,0.18797183,0.30677795,0.30910143,0.31628886,0.265343,0.30939814,0.24868864,0.28835908,0.23320934,0.29372206,0.28725576,0.2723173,0.21379998,0.3425843,0.33601758,0.11379969,0.063107766,0.062102895,0.062226616,0.10970791,0.10557905,0.08080596,0.047746856,0.048320137,0.048226953,0.1286424,0.048204053
0.3079238,0.28711265,0.32410723,0.29549998,0.31383377,0.3158071,0.32919502,0.32658872,0.31948596,0.28907728,0.3149413,0.3111542,0.30769914,0.3268921,0.30890864,0.2894296,0.29058787,0.30053803,0.30260107,0.30878058,0.29276812,0.29458845,0.30078715,0.30126953,0.3243159,0.30932817,0.2848097,0.26257324,0.28628445,0.27981368,0.26590538,0.2513599,0.2995119,0.2873507,0.33458814,0.24516673,0.2662149,0.20193118,0.277155,0.29577202,0.29723138,0.337618,0.3547184,0.3569456,0.28742254,0.2852335,0.25630605,0.2533115,0.29685366,0.33916172,0.25803524,0.22896904,0.2835421,0.29092872,0.2904725,0.31897175,0.34610683,0.3277059,0.29042178,0.2939089,0.27703175,0.26769534,0.2903303,0.3029905,0.3216549,0.32089427,0.29548708,0.2761376,0.25881216,0.26755893,0.24506861,0.2454974,0.2992653,0.2769924,0.21083046,0.28417814,0.06891526,0.15967098,0.27650562,0.29970598,0.3153687,0.309845,0.26217055,0.27626938,0.30700254,0.30969274,0.29004216,0.26406533,0.3300948,0.3421007,0.30387402,0.31095633,0.29709464,0.26390278,0.26560283,0.29894748,0.32450294,0.32986525,0.33796445,0.34508723,0.30509567,0.2753873,0.36474252,0.33645564,0.3201776,0.33984584,0.18786234,0.23027687,0.26003772,0.28115398,0.28748822,0.27783954,0.30392677,0.30902195,0.32290375,0.2251275,0.28798836,0.3257733,0.32171613,0.31206375,0.05496922,0.09505063,0.12709093,0.10647632,0.15163249,0.079598926,0.16183862,0.08747802,0.24984929,0.20853281,0.33822638,0.32252237,0.3061692,0.25657156,0.20019642,0.11050317,0.20001039,0.07862676,0.31088603,0.20421556,0.31121203,0.34139442,0.3353659,0.32636425,0.33293605,0.29256764,0.28946975,0.27208513,0.34206665,0.3336569,0.30332565,0.24256258,0.35529926,0.36958548,0.13713944,0.079327926,0.059996575,0.039191544,0.105511,0.090560645,0.11275166,0.05580339,0.06308235,0.04453,0.13595192,0.06966184
0.2507174,0.23332024,0.29183236,0.24605696,0.2904595,0.21583712,0.2873996,0.2494268,0.2939515,0.24335466,0.2906355,0.24643764,0.28888595,0.28912234,0.24839275,0.26598984,0.29875776,0.309089,0.23997596,0.26926294,0.24450338,0.27510512,0.28204155,0.29377803,0.27662376,0.25994074,0.2602809,0.19792584,0.2529779,0.24338642,0.23916589,0.17210609,0.32349396,0.28980458,0.29216486,0.24266976,0.26765704,0.19622985,0.30720404,0.30946234,0.2722492,0.30962884,0.33338848,0.31348795,0.24747612,0.2569821,0.24714616,0.22634885,0.26232928,0.2770033,0.2161021,0.2324208,0.22909233,0.24805064,0.2747467,0.27475974,0.30557185,0.32767475,0.25980344,0.23609138,0.2512618,0.20228897,0.28002268,0.23426068,0.2971285,0.2560121,0.2770719,0.25603306,0.24903293,0.2292766,0.23879735,0.23657978,0.319343,0.30479765,0.18540987,0.228176,0.072589785,0.1485322,0.25485665,0.30426192,0.2939888,0.2618452,0.25074685,0.20970187,0.30047628,0.2831437,0.26001826,0.20850754,0.30701998,0.2888682,0.27055866,0.26819104,0.24375483,0.24363871,0.25697306,0.27199268,0.2926528,0.32491088,0.30741194,0.3255217,0.29384026,0.24779244,0.31810898,0.28366637,0.302696,0.29644942,0.20367992,0.24143064,0.21894228,0.24729818,0.25788704,0.27696672,0.2743044,0.31278458,0.29898524,0.23351592,0.2524501,0.2740386,0.30808014,0.3035343,0.077502005,0.10032473,0.10609236,0.07901744,0.12503934,0.065881,0.16203034,0.089001685,0.25666758,0.21358001,0.30141175,0.30919892,0.2750534,0.21135621,0.17009121,0.108879335,0.18066558,0.109116636,0.26989657,0.18797183,0.30677795,0.30910143,0.31628886,0.265343,0.30939814,0.24868864,0.28835908,0.23320934,0.29372206,0.28725576,0.2723173,0.21379998,0.3425843,0.33601758,0.11379969,0.063107766,0.062102895,0.062226616,0.10970791,0.10557905,0.08080596,0.047746856,0.048320137,0.048226953,0.1286424,0.048204053
0.19174047,0.18687382,0.27411953,0.20668691,0.25661713,0.18895781,0.21147656,0.21623152,0.23441476,0.18589878,0.21382564,0.1842508,0.24788338,0.2664735,0.2420438,0.20382619,0.2627046,0.24915063,0.23933929,0.23760967,0.19860733,0.20990297,0.26810068,0.22508548,0.22987965,0.20711309,0.23942097,0.17834926,0.21520379,0.2149888,0.18554068,0.13801977,0.19892825,0.24237333,0.2190616,0.18861403,0.2673188,0.1406815,0.3031345,0.21493502,0.2280438,0.23192123,0.3234343,0.23835312,0.20372368,0.26518777,0.1729461,0.15958965,0.24365354,0.21147028,0.1519584,0.19460975,0.16716817,0.19093032,0.20174785,0.20634437,0.3012895,0.2629016,0.24900718,0.18294808,0.17991155,0.18043046,0.25992888,0.21840459,0.27870637,0.24646974,0.1854632,0.26232255,0.25057784,0.18548363,0.18267584,0.22081915,0.30920964,0.30220997,0.16553421,0.18996358,0.031737983,0.11698496,0.25254947,0.22976282,0.28787628,0.17764959,0.20460626,0.18113275,0.20426854,0.20481998,0.2102631,0.19240075,0.31612563,0.2264116,0.21545127,0.24123266,0.19294584,0.20609403,0.1910464,0.24381816,0.2524185,0.30017537,0.24864179,0.2926535,0.22595215,0.2139022,0.23045279,0.30424446,0.22569224,0.22509566,0.14793557,0.20505416,0.21049994,0.2247501,0.260557,0.21081717,0.2256082,0.29108346,0.22218427,0.20764703,0.20628867,0.23503694,0.3143642,0.28410387,0.07959324,0.10651756,0.09106693,0.039899692,0.12640633,0.06106268,0.11152024,0.10358864,0.2680568,0.22342147,0.2505888,0.29715186,0.20551643,0.15250897,0.15374015,0.079701826,0.12709534,0.09647477,0.21273714,0.15727855,0.255982,0.253264,0.3216004,0.2443328,0.306967,0.26250747,0.19236092,0.22483845,0.2785821,0.27071288,0.23696516,0.16286525,0.32618245,0.32185423,0.071451664,0.056913733,0.037648022,0.03746883,0.09605269,0.06972769,0.04734455,0.022259653,0.023065552,0.031844854,0.08452028,0.03764616
0.2528511,0.2384627,0.25854474,0.25847363,0.25566208,0.2545117,0.2735295,0.25067058,0.25467777,0.2394078,0.26663736,0.255493,0.28157538,0.25557655,0.24338244,0.2843964,0.27522632,0.28288144,0.23418052,0.26180315,0.25768435,0.27256995,0.26010802,0.2701916,0.2533328,0.238312,0.22150092,0.20691574,0.2399884,0.23643836,0.2264049,0.1759019,0.2972783,0.28311664,0.2686923,0.28791982,0.26259515,0.25405797,0.28943765,0.28725243,0.25300667,0.30526745,0.30914152,0.28971216,0.25670835,0.30550933,0.23628393,0.24149108,0.24863298,0.26575726,0.20264915,0.23116392,0.24820483,0.2378039,0.255477,0.2576248,0.28896886,0.2838079,0.23590642,0.22377259,0.22404312,0.19589877,0.26534235,0.22556597,0.25258774,0.24281377,0.27402264,0.2153334,0.21901926,0.24573578,0.20782056,0.22138302,0.29570594,0.26443863,0.23648852,0.27282014,0.133133,0.23879375,0.24416013,0.2918476,0.26162344,0.25598708,0.23434663,0.22449544,0.29787743,0.28861588,0.25069463,0.19060722,0.29303345,0.27907303,0.2527149,0.25581157,0.24250546,0.2435348,0.21274365,0.24376538,0.28789127,0.29086742,0.29146105,0.3043695,0.263298,0.24122447,0.28464335,0.26781386,0.2880254,0.28822076,0.17880753,0.24274643,0.19615552,0.24432966,0.23057835,0.23949264,0.26446104,0.27149257,0.2818393,0.19351694,0.25514224,0.26106197,0.27744928,0.32242215,0.22932571,0.1758964,0.2436575,0.23977268,0.25548264,0.20321509,0.25598693,0.22417691,0.29755345,0.22931117,0.32099307,0.2871296,0.27985716,0.256076,0.17837733,0.17159829,0.19617489,0.16156572,0.29253927,0.24726969,0.27645886,0.28789768,0.31858838,0.26714253,0.30364627,0.25307736,0.26625156,0.22094896,0.2687195,0.3021456,0.252056,0.26451895,0.31191248,0.32468644,0.17748195,0.12992796,0.1689932,0.16792595,0.16288236,0.16039982,0.17304459,0.12757021,0.15215331,0.12572087,0.2250494,0.09172641
0.30114025,0.277804,0.33324564,0.31382167,0.3216325,0.28092766,0.32811922,0.29250747,0.320737,0.2663776,0.33037323,0.2866354,0.3339944,0.34705728,0.28529933,0.3164372,0.34136906,0.38846654,0.2830104,0.3031317,0.3155474,0.33246398,0.3338796,0.3399335,0.31675598,0.31015342,0.2962519,0.25885034,0.3019451,0.29069903,0.31443912,0.22057211,0.3420381,0.3171522,0.37154874,0.2688111,0.29438198,0.22755599,0.337396,0.32409412,0.31203863,0.38535717,0.40999264,0.37172788,0.29682815,0.29812348,0.30792505,0.28822142,0.34151632,0.33129892,0.24726671,0.28250527,0.27043664,0.30970743,0.30616304,0.32451278,0.35276052,0.37232205,0.33356914,0.25557005,0.2880598,0.22260273,0.30969843,0.2708818,0.38349825,0.29311854,0.3026445,0.27393094,0.29128957,0.29519242,0.27635625,0.26964396,0.33017778,0.2984594,0.24074262,0.29359198,0.08245169,0.18782723,0.30347562,0.33704814,0.38109124,0.3128016,0.29256344,0.2664354,0.34105772,0.33953667,0.2874921,0.24834548,0.36605492,0.36599156,0.32040295,0.30889767,0.29480496,0.2727666,0.29454905,0.3386597,0.33523923,0.35533112,0.3684297,0.4093254,0.3523969,0.26326212,0.3458132,0.33825392,0.3345124,0.33483487,0.22015244,0.24157459,0.25994784,0.2955491,0.30526102,0.34335402,0.31539604,0.35868484,0.33993053,0.23193407,0.30209684,0.29725945,0.34658635,0.33023798,0.09626825,0.105845,0.118915364,0.07913306,0.15522689,0.07779162,0.18063156,0.1365298,0.30336583,0.24188218,0.34747237,0.3485849,0.32005942,0.23314713,0.1843509,0.10775472,0.2175329,0.11387315,0.2946332,0.20327264,0.3427362,0.34503242,0.35296953,0.28789604,0.35518274,0.29329824,0.33472675,0.27900514,0.32494575,0.31531614,0.3333739,0.25224954,0.3766599,0.39747852,0.11778293,0.05755794,0.06297197,0.08655332,0.1336092,0.12888417,0.07733195,0.035080925,0.051635146,0.033077836,0.14695515,0.06543008
0.2528511,0.2384627,0.25854474,0.25847363,0.25566208,0.2545117,0.2735295,0.25067058,0.25467777,0.2394078,0.26663736,0.255493,0.28157538,0.25557655,0.24338244,0.2843964,0.27522632,0.28288144,0.23418052,0.26180315,0.25768435,0.27256995,0.26010802,0.2701916,0.2533328,0.238312,0.22150092,0.20691574,0.2399884,0.23643836,0.2264049,0.1759019,0.2972783,0.28311664,0.2686923,0.28791982,0.26259515,0.25405797,0.28943765,0.28725243,0.25300667,0.30526745,0.30914152,0.28971216,0.25670835,0.30550933,0.23628393,0.24149108,0.24863298,0.26575726,0.20264915,0.23116392,0.24820483,0.2378039,0.255477,0.2576248,0.28896886,0.2838079,0.23590642,0.22377259,0.22404312,0.19589877,0.26534235,0.22556597,0.25258774,0.24281377,0.27402264,0.2153334,0.21901926,0.24573578,0.20782056,0.22138302,0.29570594,0.26443863,0.23648852,0.27282014,0.133133,0.23879375,0.24416013,0.2918476,0.26162344,0.25598708,0.23434663,0.22449544,0.29787743,0.28861588,0.25069463,0.19060722,0.29303345,0.27907303,0.2527149,0.25581157,0.24250546,0.2435348,0.21274365,0.24376538,0.28789127,0.29086742,0.29146105,0.3043695,0.263298,0.24122447,0.28464335,0.26781386,0.2880254,0.28822076,0.17880753,0.24274643,0.19615552,0.24432966,0.23057835,0.23949264,0.26446104,0.27149257,0.2818393,0.19351694,0.25514224,0.26106197,0.27744928,0.32242215,0.22932571,0.1758964,0.2436575,0.23977268,0.25548264,0.20321509,0.25598693,0.22417691,0.29755345,0.22931117,0.32099307,0.2871296,0.27985716,0.256076,0.17837733,0.17159829,0.19617489,0.16156572,0.29253927,0.24726969,0.27645886,0.28789768,0.31858838,0.26714253,0.30364627,0.25307736,0.26625156,0.22094896,0.2687195,0.3021456,0.252056,0.26451895,0.31191248,0.32468644,0.17748195,0.12992796,0.1689932,0.16792595,0.16288236,0.16039982,0.17304459,0.12757021,0.15215331,0.12572087,0.2250494,0.09172641
0.30114025,0.277804,0.33324564,0.31382167,0.3216325,0.28092766,0.32811922,0.29250747,0.320737,0.2663776,0.33037323,0.2866354,0.3339944,0.34705728,0.28529933,0.3164372,0.34136906,0.38846654,0.2830104,0.3031317,0.3155474,0.33246398,0.3338796,0.3399335,0.31675598,0.31015342,0.2962519,0.25885034,0.3019451,0.29069903,0.31443912,0.22057211,0.3420381,0.3171522,0.37154874,0.2688111,0.29438198,0.22755599,0.337396,0.32409412,0.31203863,0.38535717,0.40999264,0.37172788,0.29682815,0.29812348,0.30792505,0.28822142,0.34151632,0.33129892,0.24726671,0.28250527,0.27043664,0.30970743,0.30616304,0.32451278,0.35276052,0.37232205,0.33356914,0.25557005,0.2880598,0.22260273,0.30969843,0.2708818,0.38349825,0.29311854,0.3026445,0.27393094,0.29128957,0.29519242,0.27635625,0.26964396,0.33017778,0.2984594,0.24074262,0.29359198,0.08245169,0.18782723,0.30347562,0.33704814,0.38109124,0.3128016,0.29256344,0.2664354,0.34105772,0.33953667,0.2874921,0.24834548,0.36605492,0.36599156,0.32040295,0.30889767,0.29480496,0.2727666,0.29454905,0.3386597,0.33523923,0.35533112,0.3684297,0.4093254,0.3523969,0.26326212,0.3458132,0.33825392,0.3345124,0.33483487,0.22015244,0.24157459,0.25994784,0.2955491,0.30526102,0.34335402,0.31539604,0.35868484,0.33993053,0.23193407,0.30209684,0.29725945,0.34658635,0.33023798,0.09626825,0.105845,0.118915364,0.07913306,0.15522689,0.07779162,0.18063156,0.1365298,0.30336583,0.24188218,0.34747237,0.3485849,0.32005942,0.23314713,0.1843509,0.10775472,0.2175329,0.11387315,0.2946332,0.20327264,0.3427362,0.34503242,0.35296953,0.28789604,0.35518274,0.29329824,0.33472675,0.27900514,0.32494575,0.31531614,0.3333739,0.25224954,0.3766599,0.39747852,0.11778293,0.05755794,0.06297197,0.08655332,0.1336092,0.12888417,0.07733195,0.035080925,0.051635146,0.033077836,0.14695515,0.06543008
0.19174047,0.18687382,0.27411953,0.20668691,0.25661713,0.18895781,0.21147656,0.21623152,0.23441476,0.18589878,0.21382564,0.1842508,0.24788338,0.2664735,0.2420438,0.20382619,0.2627046,0.24915063,0.23933929,0.23760967,0.19860733,0.20990297,0.26810068,0.22508548,0.22987965,0.20711309,0.23942097,0.17834926,0.21520379,0.2149888,0.18554068,0.13801977,0.19892825,0.24237333,0.2190616,0.18861403,0.2673188,0.1406815,0.3031345,0.21493502,0.2280438,0.23192123,0.3234343,0.23835312,0.20372368,0.26518777,0.1729461,0.15958965,0.24365354,0.21147028,0.1519584,0.19460975,0.16716817,0.19093032,0.20174785,0.20634437,0.3012895,0.2629016,0.24900718,0.18294808,0.17991155,0.18043046,0.25992888,0.21840459,0.27870637,0.24646974,0.1854632,0.26232255,0.25057784,0.18548363,0.18267584,0.22081915,0.30920964,0.30220997,0.16553421,0.18996358,0.031737983,0.11698496,0.25254947,0.22976282,0.28787628,0.17764959,0.20460626,0.18113275,0.20426854,0.20481998,0.2102631,0.19240075,0.31612563,0.2264116,0.21545127,0.24123266,0.19294584,0.20609403,0.1910464,0.24381816,0.2524185,0.30017537,0.24864179,0.2926535,0.22595215,0.2139022,0.23045279,0.30424446,0.22569224,0.22509566,0.14793557,0.20505416,0.21049994,0.2247501,0.260557,0.21081717,0.2256082,0.29108346,0.22218427,0.20764703,0.20628867,0.23503694,0.3143642,0.28410387,0.07959324,0.10651756,0.09106693,0.039899692,0.12640633,0.06106268,0.11152024,0.10358864,0.2680568,0.22342147,0.2505888,0.29715186,0.20551643,0.15250897,0.15374015,0.079701826,0.12709534,0.09647477,0.21273714,0.15727855,0.255982,0.253264,0.3216004,0.2443328,0.306967,0.26250747,0.19236092,0.22483845,0.2785821,0.27071288,0.23696516,0.16286525,0.32618245,0.32185423,0.071451664,0.056913733,0.037648022,0.03746883,0.09605269,0.06972769,0.04734455,0.022259653,0.023065552,0.031844854,0.08452028,0.03764616
0.3079238,0.28711265,0.32410723,0.29549998,0.31383377,0.3158071,0.32919502,0.32658872,0.31948596,0.28907728,0.3149413,0.3111542,0.30769914,0.3268921,0.30890864,0.2894296,0.29058787,0.30053803,0.30260107,0.30878058,0.29276812,0.29458845,0.30078715,0.30126953,0.3243159,0.30932817,0.2848097,0.26257324,0.28628445,0.27981368,0.26590538,0.2513599,0.2995119,0.2873507,0.33458814,0.24516673,0.2662149,0.20193118,0.277155,0.29577202,0.29723138,0.337618,0.3547184,0.3569456,0.28742254,0.2852335,0.25630605,0.2533115,0.29685366,0.33916172,0.25803524,0.22896904,0.2835421,0.29092872,0.2904725,0.31897175,0.34610683,0.3277059,0.29042178,0.2939089,0.27703175,0.26769534,0.2903303,0.3029905,0.3216549,0.32089427,0.29548708,0.2761376,0.25881216,0.26755893,0.24506861,0.2454974,0.2992653,0.2769924,0.21083046,0.28417814,0.06891526,0.15967098,0.27650562,0.29970598,0.3153687,0.309845,0.26217055,0.27626938,0.30700254,0.30969274,0.29004216,0.26406533,0.3300948,0.3421007,0.30387402,0.31095633,0.29709464,0.26390278,0.26560283,0.29894748,0.32450294,0.32986525,0.33796445,0.34508723,0.30509567,0.2753873,0.36474252,0.33645564,0.3201776,0.33984584,0.18786234,0.23027687,0.26003772,0.28115398,0.28748822,0.27783954,0.30392677,0.30902195,0.32290375,0.2251275,0.28798836,0.3257733,0.32171613,0.31206375,0.05496922,0.09505063,0.12709093,0.10647632,0.15163249,0.079598926,0.16183862,0.08747802,0.24984929,0.20853281,0.33822638,0.32252237,0.3061692,0.25657156,0.20019642,0.11050317,0.20001039,0.07862676,0.31088603,0.20421556,0.31121203,0.34139442,0.3353659,0.32636425,0.33293605,0.29256764,0.28946975,0.27208513,0.34206665,0.3336569,0.30332565,0.24256258,0.35529926,0.36958548,0.13713944,0.079327926,0.059996575,0.039191544,0.105511,0.090560645,0.11275166,0.05580339,0.06308235,0.04453,0.13595192,0.06966184
0.2507174,0.23332024,0.29183236,0.24605696,0.2904595,0.21583712,0.2873996,0.2494268,0.2939515,0.24335466,0.2906355,0.24643764,0.28888595,0.28912234,0.24839275,0.26598984,0.29875776,0.309089,0.23997596,0.26926294,0.24450338,0.27510512,0.28204155,0.29377803,0.27662376,0.25994074,0.2602809,0.19792584,0.2529779,0.24338642,0.23916589,0.17210609,0.32349396,0.28980458,0.29216486,0.24266976,0.26765704,0.19622985,0.30720404,0.30946234,0.2722492,0.30962884,0.33338848,0.31348795,0.24747612,0.2569821,0.24714616,0.22634885,0.26232928,0.2770033,0.2161021,0.2324208,0.22909233,0.24805064,0.2747467,0.27475974,0.30557185,0.32767475,0.25980344,0.23609138,0.2512618,0.20228897,0.28002268,0.23426068,0.2971285,0.2560121,0.2770719,0.25603306,0.24903293,0.2292766,0.23879735,0.23657978,0.319343,0.30479765,0.18540987,0.228176,0.072589785,0.1485322,0.25485665,0.30426192,0.2939888,0.2618452,0.25074685,0.20970187,0.30047628,0.2831437,0.26001826,0.20850754,0.30701998,0.2888682,0.27055866,0.26819104,0.24375483,0.24363871,0.25697306,0.27199268,0.2926528,0.32491088,0.30741194,0.3255217,0.29384026,0.24779244,0.31810898,0.28366637,0.302696,0.29644942,0.20367992,0.24143064,0.21894228,0.24729818,0.25788704,0.27696672,0.2743044,0.31278458,0.29898524,0.23351592,0.2524501,0.2740386,0.30808014,0.3035343,0.077502005,0.10032473,0.10609236,0.07901744,0.12503934,0.065881,0.16203034,0.089001685,0.25666758,0.21358001,0.30141175,0.30919892,0.2750534,0.21135621,0.17009121,0.108879335,0.18066558,0.109116636,0.26989657,0.18797183,0.30677795,0.30910143,0.31628886,0.265343,0.30939814,0.24868864,0.28835908,0.23320934,0.29372206,0.28725576,0.2723173,0.21379998,0.3425843,0.33601758,0.11379969,0.063107766,0.062102895,0.062226616,0.10970791,0.10557905,0.08080596,0.047746856,0.048320137,0.048226953,0.1286424,0.048204053
0.2507174,0.23332024,0.29183236,0.24605696,0.2904595,0.21583712,0.2873996,0.2494268,0.2939515,0.24335466,0.2906355,0.24643764,0.28888595,0.28912234,0.24839275,0.26598984,0.29875776,0.309089,0.23997596,0.26926294,0.24450338,0.27510512,0.28204155,0.29377803,0.27662376,0.25994074,0.2602809,0.19792584,0.2529779,0.24338642,0.23916589,0.17210609,0.32349396,0.28980458,0.29216486,0.24266976,0.26765704,0.19622985,0.30720404,0.30946234,0.2722492,0.30962884,0.33338848,0.31348795,0.24747612,0.2569821,0.24714616,0.22634885,0.26232928,0.2770033,0.2161021,0.2324208,0.22909233,0.24805064,0.2747467,0.27475974,0.30557185,0.32767475,0.25980344,0.23609138,0.2512618,0.20228897,0.28002268,0.23426068,0.2971285,0.2560121,0.2770719,0.25603306,0.24903293,0.2292766,0.23879735,0.23657978,0.319343,0.30479765,0.18540987,0.228176,0.072589785,0.1485322,0.25485665,0.30426192,0.2939888,0.2618452,0.25074685,0.20970187,0.30047628,0.2831437,0.26001826,0.20850754,0.30701998,0.2888682,0.27055866,0.26819104,0.24375483,0.24363871,0.25697306,0.27199268,0.2926528,0.32491088,0.30741194,0.3255217,0.29384026,0.24779244,0.31810898,0.28366637,0.302696,0.29644942,0.20367992,0.24143064,0.21894228,0.24729818,0.25788704,0.27696672,0.2743044,0.31278458,0.29898524,0.23351592,0.2524501,0.2740386,0.30808014,0.3035343,0.077502005,0.10032473,0.10609236,0.07901744,0.12503934,0.065881,0.16203034,0.089001685,0.25666758,0.21358001,0.30141175,0.30919892,0.2750534,0.21135621,0.17009121,0.108879335,0.18066558,0.109116636,0.26989657,0.18797183,0.30677795,0.30910143,0.31628886,0.265343,0.30939814,0.24868864,0.28835908,0.23320934,0.29372206,0.28725576,0.2723173,0.21379998,0.3425843,0.33601758,0.11379969,0.063107766,0.062102895,0.062226616,0.10970791,0.10557905,0.08080596,0.047746856,0.048320137,0.048226953,0.1286424,0.048204053
0.19174047,0.18687382,0.27411953,0.20668691,0.25661713,0.18895781,0.21147656,0.21623152,0.23441476,0.18589878,0.21382564,0.1842508,0.24788338,0.2664735,0.2420438,0.20382619,0.2627046,0.24915063,0.23933929,0.23760967,0.19860733,0.20990297,0.26810068,0.22508548,0.22987965,0.20711309,0.23942097,0.17834926,0.21520379,0.2149888,0.18554068,0.13801977,0.19892825,0.24237333,0.2190616,0.18861403,0.2673188,0.1406815,0.3031345,0.21493502,0.2280438,0.23192123,0.3234343,0.23835312,0.20372368,0.26518777,0.1729461,0.15958965,0.24365354,0.21147028,0.1519584,0.19460975,0.16716817,0.19093032,0.20174785,0.20634437,0.3012895,0.2629016,0.24900718,0.18294808,0.17991155,0.18043046,0.25992888,0.21840459,0.27870637,0.24646974,0.1854632,0.26232255,0.25057784,0.18548363,0.18267584,0.22081915,0.30920964,0.30220997,0.16553421,0.18996358,0.031737983,0.11698496,0.25254947,0.22976282,0.28787628,0.17764959,0.20460626,0.18113275,0.20426854,0.20481998,0.2102631,0.19240075,0.31612563,0.2264116,0.21545127,0.24123266,0.19294584,0.20609403,0.1910464,0.24381816,0.2524185,0.30017537,0.24864179,0.2926535,0.22595215,0.2139022,0.23045279,0.30424446,0.22569224,0.22509566,0.14793557,0.20505416,0.21049994,0.2247501,0.260557,0.21081717,0.2256082,0.29108346,0.22218427,0.20764703,0.20628867,0.23503694,0.3143642,0.28410387,0.07959324,0.10651756,0.09106693,0.039899692,0.12640633,0.06106268,0.11152024,0.10358864,0.2680568,0.22342147,0.2505888,0.29715186,0.20551643,0.15250897,0.15374015,0.079701826,0.12709534,0.09647477,0.21273714,0.15727855,0.255982,0.253264,0.3216004,0.2443328,0.306967,0.26250747,0.19236092,0.22483845,0.2785821,0.27071288,0.23696516,0.16286525,0.32618245,0.32185423,0.071451664,0.056913733,0.037648022,0.03746883,0.09605269,0.06972769,0.04734455,0.022259653,0.023065552,0.031844854,0.08452028,0.03764616
0.3079238,0.28711265,0.32410723,0.29549998,0.31383377,0.3158071,0.32919502,0.32658872,0.31948596,0.28907728,0.3149413,0.3111542,0.30769914,0.3268921,0.30890864,0.2894296,0.29058787,0.30053803,0.30260107,0.30878058,0.29276812,0.29458845,0.30078715,0.30126953,0.3243159,0.30932817,0.2848097,0.26257324,0.28628445,0.27981368,0.26590538,0.2513599,0.2995119,0.2873507,0.33458814,0.24516673,0.2662149,0.20193118,0.277155,0.29577202,0.29723138,0.337618,0.3547184,0.3569456,0.28742254,0.2852335,0.25630605,0.2533115,0.29685366,0.33916172,0.25803524,0.22896904,0.2835421,0.29092872,0.2904725,0.31897175,0.34610683,0.3277059,0.29042178,0.2939089,0.27703175,0.26769534,0.2903303,0.3029905,0.3216549,0.32089427,0.29548708,0.2761376,0.25881216,0.26755893,0.24506861,0.2454974,0.2992653,0.2769924,0.21083046,0.28417814,0.06891526,0.15967098,0.27650562,0.29970598,0.3153687,0.309845,0.26217055,0.27626938,0.30700254,0.30969274,0.29004216,0.26406533,0.3300948,0.3421007,0.30387402,0.31095633,0.29709464,0.26390278,0.26560283,0.29894748,0.32450294,0.32986525,0.33796445,0.34508723,0.30509567,0.2753873,0.36474252,0.33645564,0.3201776,0.33984584,0.18786234,0.23027687,0.26003772,0.28115398,0.28748822,0.27783954,0.30392677,0.30902195,0.32290375,0.2251275,0.28798836,0.3257733,0.32171613,0.31206375,0.05496922,0.09505063,0.12709093,0.10647632,0.15163249,0.079598926,0.16183862,0.08747802,0.24984929,0.20853281,0.33822638,0.32252237,0.3061692,0.25657156,0.20019642,0.11050317,0.20001039,0.07862676,0.31088603,0.20421556,0.31121203,0.34139442,0.3353659,0.32636425,0.33293605,0.29256764,0.28946975,0.27208513,0.34206665,0.3336569,0.30332565,0.24256258,0.35529926,0.36958548,0.13713944,0.079327926,0.059996575,0.039191544,0.105511,0.090560645,0.11275166,0.05580339,0.06308235,0.04453,0.13595192,0.06966184
0.2528511,0.2384627,0.25854474,0.25847363,0.25566208,0.2545117,0.2735295,0.25067058,0.25467777,0.2394078,0.26663736,0.255493,0.28157538,0.25557655,0.24338244,0.2843964,0.27522632,0.28288144,0.23418052,0.26180315,0.25768435,0.27256995,0.26010802,0.2701916,0.2533328,0.238312,0.22150092,0.20691574,0.2399884,0.23643836,0.2264049,0.1759019,0.2972783,0.28311664,0.2686923,0.28791982,0.26259515,0.25405797,0.28943765,0.28725243,0.25300667,0.30526745,0.30914152,0.28971216,0.25670835,0.30550933,0.23628393,0.24149108,0.24863298,0.26575726,0.20264915,0.23116392,0.24820483,0.2378039,0.255477,0.2576248,0.28896886,0.2838079,0.23590642,0.22377259,0.22404312,0.19589877,0.26534235,0.22556597,0.25258774,0.24281377,0.27402264,0.2153334,0.21901926,0.24573578,0.20782056,0.22138302,0.29570594,0.26443863,0.23648852,0.27282014,0.133133,0.23879375,0.24416013,0.2918476,0.26162344,0.25598708,0.23434663,0.22449544,0.29787743,0.28861588,0.25069463,0.19060722,0.29303345,0.27907303,0.2527149,0.25581157,0.24250546,0.2435348,0.21274365,0.24376538,0.28789127,0.29086742,0.29146105,0.3043695,0.263298,0.24122447,0.28464335,0.26781386,0.2880254,0.28822076,0.17880753,0.24274643,0.19615552,0.24432966,0.23057835,0.23949264,0.26446104,0.27149257,0.2818393,0.19351694,0.25514224,0.26106197,0.27744928,0.32242215,0.22932571,0.1758964,0.2436575,0.23977268,0.25548264,0.20321509,0.25598693,0.22417691,0.29755345,0.22931117,0.32099307,0.2871296,0.27985716,0.256076,0.17837733,0.17159829,0.19617489,0.16156572,0.29253927,0.24726969,0.27645886,0.28789768,0.31858838,0.26714253,0.30364627,0.25307736,0.26625156,0.22094896,0.2687195,0.3021456,0.252056,0.26451895,0.31191248,0.32468644,0.17748195,0.12992796,0.1689932,0.16792595,0.16288236,0.16039982,0.17304459,0.12757021,0.15215331,0.12572087,0.2250494,0.09172641
0.30114025,0.277804,0.33324564,0.31382167,0.3216325,0.28092766,0.32811922,0.29250747,0.320737,0.2663776,0.33037323,0.2866354,0.3339944,0.34705728,0.28529933,0.3164372,0.34136906,0.38846654,0.2830104,0.3031317,0.3155474,0.33246398,0.3338796,0.3399335,0.31675598,0.31015342,0.2962519,0.25885034,0.3019451,0.29069903,0.31443912,0.22057211,0.3420381,0.3171522,0.37154874,0.2688111,0.29438198,0.22755599,0.337396,0.32409412,0.31203863,0.38535717,0.40999264,0.37172788,0.29682815,0.29812348,0.30792505,0.28822142,0.34151632,0.33129892,0.24726671,0.28250527,0.27043664,0.30970743,0.30616304,0.32451278,0.35276052,0.37232205,0.33356914,0.25557005,0.2880598,0.22260273,0.30969843,0.2708818,0.38349825,0.29311854,0.3026445,0.27393094,0.29128957,0.29519242,0.27635625,0.26964396,0.33017778,0.2984594,0.24074262,0.29359198,0.08245169,0.18782723,0.30347562,0.33704814,0.38109124,0.3128016,0.29256344,0.2664354,0.34105772,0.33953667,0.2874921,0.24834548,0.36605492,0.36599156,0.32040295,0.30889767,0.29480496,0.2727666,0.29454905,0.3386597,0.33523923,0.35533112,0.3684297,0.4093254,0.3523969,0.26326212,0.3458132,0.33825392,0.3345124,0.33483487,0.22015244,0.24157459,0.25994784,0.2955491,0.30526102,0.34335402,0.31539604,0.35868484,0.33993053,0.23193407,0.30209684,0.29725945,0.34658635,0.33023798,0.09626825,0.105845,0.118915364,0.07913306,0.15522689,0.07779162,0.18063156,0.1365298,0.30336583,0.24188218,0.34747237,0.3485849,0.32005942,0.23314713,0.1843509,0.10775472,0.2175329,0.11387315,0.2946332,0.20327264,0.3427362,0.34503242,0.35296953,0.28789604,0.35518274,0.29329824,0.33472675,0.27900514,0.32494575,0.31531614,0.3333739,0.25224954,0.3766599,0.39747852,0.11778293,0.05755794,0.06297197,0.08655332,0.1336092,0.12888417,0.07733195,0.035080925,0.051635146,0.033077836,0.14695515,0.06543008
0.19174047,0.18687382,0.27411953,0.20668691,0.25661713,0.18895781,0.21147656,0.21623152,0.23441476,0.18589878,0.21382564,0.1842508,0.24788338,0.2664735,0.2420438,0.20382619,0.2627046,0.24915063,0.23933929,0.23760967,0.19860733,0.20990297,0.26810068,0.22508548,0.22987965,0.20711309,0.23942097,0.17834926,0.21520379,0.2149888,0.18554068,0.13801977,0.19892825,0.24237333,0.2190616,0.18861403,0.2673188,0.1406815,0.3031345,0.21493502,0.2280438,0.23192123,0.3234343,0.23835312,0.20372368,0.26518777,0.1729461,0.15958965,0.24365354,0.21147028,0.1519584,0.19460975,0.16716817,0.19093032,0.20174785,0.20634437,0.3012895,0.2629016,0.24900718,0.18294808,0.17991155,0.18043046,0.25992888,0.21840459,0.27870637,0.24646974,0.1854632,0.26232255,0.25057784,0.18548363,0.18267584,0.22081915,0.30920964,0.30220997,0.16553421,0.18996358,0.031737983,0.11698496,0.25254947,0.22976282,0.28787628,0.17764959,0.20460626,0.18113275,0.20426854,0.20481998,0.2102631,0.19240075,0.31612563,0.2264116,0.21545127,0.24123266,0.19294584,0.20609403,0.1910464,0.24381816,0.2524185,0.30017537,0.24864179,0.2926535,0.22595215,0.2139022,0.23045279,0.30424446,0.22569224,0.22509566,0.14793557,0.20505416,0.21049994,0.2247501,0.260557,0.21081717,0.2256082,0.29108346,0.22218427,0.20764703,0.20628867,0.23503694,0.3143642,0.28410387,0.07959324,0.10651756,0.09106693,0.039899692,0.12640633,0.06106268,0.11152024,0.10358864,0.2680568,0.22342147,0.2505888,0.29715186,0.20551643,0.15250897,0.15374015,0.079701826,0.12709534,0.09647477,0.21273714,0.15727855,0.255982,0.253264,0.3216004,0.2443328,0.306967,0.26250747,0.19236092,0.22483845,0.2785821,0.27071288,0.23696516,0.16286525,0.32618245,0.32185423,0.071451664,0.056913733,0.037648022,0.03746883,0.09605269,0.06972769,0.04734455,0.022259653,0.023065552,0.031844854,0.08452028,0.03764616
0.30114028,0.27780405,0.33324552,0.31382158,0.32163253,0.28092766,0.32811922,0.2925076,0.32073694,0.2663776,0.3303732,0.28663537,0.3339944,0.34705722,0.28529936,0.31643724,0.3413691,0.38846648,0.2830104,0.3031317,0.31554747,0.33246398,0.33387956,0.3399335,0.31675604,0.3101535,0.29625177,0.25885028,0.30194515,0.29069892,0.31443918,0.22057205,0.3420381,0.31715208,0.37154874,0.2688111,0.294382,0.22755623,0.33739588,0.32409412,0.31203857,0.3853571,0.40999258,0.3717277,0.2968281,0.29812354,0.30792496,0.2882214,0.34151635,0.33129877,0.24726674,0.28250524,0.2704367,0.30970743,0.30616298,0.3245128,0.3527605,0.37232208,0.3335691,0.25556993,0.2880597,0.2226026,0.30969846,0.27088186,0.38349834,0.29311842,0.30264425,0.27393103,0.29128957,0.2951924,0.2763562,0.2696439,0.33017784,0.29845935,0.24074262,0.293592,0.08245177,0.1878272,0.30347568,0.33704814,0.3810913,0.31280166,0.29256347,0.26643535,0.3410577,0.33953667,0.28749204,0.24834543,0.3660549,0.36599165,0.3204029,0.30889773,0.294805,0.27276653,0.29454905,0.3386596,0.3352391,0.35533112,0.3684296,0.4093253,0.3523969,0.26326206,0.3458132,0.33825386,0.3345126,0.33483493,0.22015235,0.24157462,0.2599478,0.29554906,0.30526122,0.34335393,0.31539592,0.35868478,0.33993047,0.23193409,0.30209678,0.29725957,0.34658635,0.330238,0.09626819,0.10584492,0.118915275,0.079132944,0.15522692,0.07779148,0.18063171,0.13652974,0.30336577,0.24188209,0.34747228,0.34858483,0.32005948,0.23314704,0.18435092,0.10775468,0.21753293,0.11387313,0.29463315,0.20327264,0.34273607,0.34503236,0.35296953,0.2878961,0.3551827,0.2932981,0.33472672,0.27900523,0.32494566,0.31531608,0.33337384,0.25224945,0.37665975,0.3974786,0.117782906,0.057558,0.06297203,0.08655326,0.1336092,0.12888417,0.07733194,0.035080865,0.051635087,0.03307788,0.14695507,0.06543005
0.25071734,0.23332024,0.2918324,0.24605706,0.2904595,0.21583718,0.28739962,0.24942674,0.29395154,0.24335471,0.2906355,0.24643767,0.28888598,0.2891224,0.24839276,0.26598996,0.29875773,0.30908903,0.23997605,0.26926297,0.24450342,0.2751052,0.28204167,0.29377815,0.2766238,0.25994077,0.26028094,0.19792585,0.25297797,0.24338639,0.2391659,0.17210603,0.32349393,0.28980455,0.29216495,0.24266979,0.26765704,0.19623001,0.30720404,0.30946237,0.2722492,0.30962884,0.3333885,0.31348795,0.24747609,0.2569822,0.24714622,0.22634883,0.26232916,0.27700338,0.2161021,0.23242077,0.22909227,0.24805076,0.2747467,0.27475977,0.30557185,0.32767472,0.25980344,0.23609143,0.25126174,0.2022889,0.2800226,0.23426062,0.29712856,0.2560121,0.27707192,0.256033,0.24903296,0.2292766,0.23879732,0.2365798,0.319343,0.30479768,0.18540987,0.22817606,0.07258981,0.14853221,0.25485668,0.30426198,0.2939888,0.2618452,0.25074685,0.20970193,0.30047634,0.28314373,0.2600183,0.20850751,0.30702,0.2888682,0.2705587,0.268191,0.24375491,0.24363872,0.25697315,0.27199268,0.29265285,0.32491082,0.307412,0.3255219,0.2938403,0.24779248,0.31810904,0.28366643,0.30269605,0.29644945,0.20367995,0.24143079,0.21894227,0.24729815,0.25788715,0.27696675,0.27430454,0.3127846,0.29898524,0.23351601,0.25245014,0.2740387,0.3080802,0.30353436,0.07750197,0.10032468,0.10609236,0.07901747,0.12503943,0.06588107,0.16203034,0.089001715,0.25666758,0.21358001,0.3014118,0.30919895,0.27505344,0.21135627,0.17009124,0.10887936,0.18066552,0.109116696,0.2698966,0.18797186,0.30677795,0.30910155,0.31628886,0.26534304,0.30939823,0.24868861,0.28835914,0.23320937,0.29372212,0.28725576,0.27231735,0.21380007,0.3425844,0.3360177,0.11379972,0.063107826,0.06210292,0.06222661,0.10970788,0.10557905,0.08080602,0.047746953,0.048320144,0.048226893,0.12864253,0.048204105
0.3079238,0.28711265,0.32410723,0.29549998,0.31383377,0.3158071,0.32919502,0.32658872,0.31948596,0.28907728,0.3149413,0.3111542,0.30769914,0.3268921,0.30890864,0.2894296,0.29058787,0.30053803,0.30260107,0.30878058,0.29276812,0.29458845,0.30078715,0.30126953,0.3243159,0.30932817,0.2848097,0.26257324,0.28628445,0.27981368,0.26590538,0.2513599,0.2995119,0.2873507,0.33458814,0.24516673,0.2662149,0.20193118,0.277155,0.29577202,0.29723138,0.337618,0.3547184,0.3569456,0.28742254,0.2852335,0.25630605,0.2533115,0.29685366,0.33916172,0.25803524,0.22896904,0.2835421,0.29092872,0.2904725,0.31897175,0.34610683,0.3277059,0.29042178,0.2939089,0.27703175,0.26769534,0.2903303,0.3029905,0.3216549,0.32089427,0.29548708,0.2761376,0.25881216,0.26755893,0.24506861,0.2454974,0.2992653,0.2769924,0.21083046,0.28417814,0.06891526,0.15967098,0.27650562,0.29970598,0.3153687,0.309845,0.26217055,0.27626938,0.30700254,0.30969274,0.29004216,0.26406533,0.3300948,0.3421007,0.30387402,0.31095633,0.29709464,0.26390278,0.26560283,0.29894748,0.32450294,0.32986525,0.33796445,0.34508723,0.30509567,0.2753873,0.36474252,0.33645564,0.3201776,0.33984584,0.18786234,0.23027687,0.26003772,0.28115398,0.28748822,0.27783954,0.30392677,0.30902195,0.32290375,0.2251275,0.28798836,0.3257733,0.32171613,0.31206375,0.05496922,0.09505063,0.12709093,0.10647632,0.15163249,0.079598926,0.16183862,0.08747802,0.24984929,0.20853281,0.33822638,0.32252237,0.3061692,0.25657156,0.20019642,0.11050317,0.20001039,0.07862676,0.31088603,0.20421556,0.31121203,0.34139442,0.3353659,0.32636425,0.33293605,0.29256764,0.28946975,0.27208513,0.34206665,0.3336569,0.30332565,0.24256258,0.35529926,0.36958548,0.13713944,0.079327926,0.059996575,0.039191544,0.105511,0.090560645,0.11275166,0.05580339,0.06308235,0.04453,0.13595192,0.06966184
0.2528511,0.2384627,0.25854474,0.25847363,0.25566208,0.2545117,0.2735295,0.25067058,0.25467777,0.2394078,0.26663736,0.255493,0.28157538,0.25557655,0.24338244,0.2843964,0.27522632,0.28288144,0.23418052,0.26180315,0.25768435,0.27256995,0.26010802,0.2701916,0.2533328,0.238312,0.22150092,0.20691574,0.2399884,0.23643836,0.2264049,0.1759019,0.2972783,0.28311664,0.2686923,0.28791982,0.26259515,0.25405797,0.28943765,0.28725243,0.25300667,0.30526745,0.30914152,0.28971216,0.25670835,0.30550933,0.23628393,0.24149108,0.24863298,0.26575726,0.20264915,0.23116392,0.24820483,0.2378039,0.255477,0.2576248,0.28896886,0.2838079,0.23590642,0.22377259,0.22404312,0.19589877,0.26534235,0.22556597,0.25258774,0.24281377,0.27402264,0.2153334,0.21901926,0.24573578,0.20782056,0.22138302,0.29570594,0.26443863,0.23648852,0.27282014,0.133133,0.23879375,0.24416013,0.2918476,0.26162344,0.25598708,0.23434663,0.22449544,0.29787743,0.28861588,0.25069463,0.19060722,0.29303345,0.27907303,0.2527149,0.25581157,0.24250546,0.2435348,0.21274365,0.24376538,0.28789127,0.29086742,0.29146105,0.3043695,0.263298,0.24122447,0.28464335,0.26781386,0.2880254,0.28822076,0.17880753,0.24274643,0.19615552,0.24432966,0.23057835,0.23949264,0.26446104,0.27149257,0.2818393,0.19351694,0.25514224,0.26106197,0.27744928,0.32242215,0.22932571,0.1758964,0.2436575,0.23977268,0.25548264,0.20321509,0.25598693,0.22417691,0.29755345,0.22931117,0.32099307,0.2871296,0.27985716,0.256076,0.17837733,0.17159829,0.19617489,0.16156572,0.29253927,0.24726969,0.27645886,0.28789768,0.31858838,0.26714253,0.30364627,0.25307736,0.26625156,0.22094896,0.2687195,0.3021456,0.252056,0.26451895,0.31191248,0.32468644,0.17748195,0.12992796,0.1689932,0.16792595,0.16288236,0.16039982,0.17304459,0.12757021,0.15215331,0.12572087,0.2250494,0.09172641
0.3079238,0.28711265,0.32410723,0.29549998,0.31383377,0.3158071,0.32919502,0.32658872,0.31948596,0.28907728,0.3149413,0.3111542,0.30769914,0.3268921,0.30890864,0.2894296,0.29058787,0.30053803,0.30260107,0.30878058,0.29276812,0.29458845,0.30078715,0.30126953,0.3243159,0.30932817,0.2848097,0.26257324,0.28628445,0.27981368,0.26590538,0.2513599,0.2995119,0.2873507,0.33458814,0.24516673,0.2662149,0.20193118,0.277155,0.29577202,0.29723138,0.337618,0.3547184,0.3569456,0.28742254,0.2852335,0.25630605,0.2533115,0.29685366,0.33916172,0.25803524,0.22896904,0.2835421,0.29092872,0.2904725,0.31897175,0.34610683,0.3277059,0.29042178,0.2939089,0.27703175,0.26769534,0.2903303,0.3029905,0.3216549,0.32089427,0.29548708,0.2761376,0.25881216,0.26755893,0.24506861,0.2454974,0.2992653,0.2769924,0.21083046,0.28417814,0.06891526,0.15967098,0.27650562,0.29970598,0.3153687,0.309845,0.26217055,0.27626938,0.30700254,0.30969274,0.29004216,0.26406533,0.3300948,0.3421007,0.30387402,0.31095633,0.29709464,0.26390278,0.26560283,0.29894748,0.32450294,0.32986525,0.33796445,0.34508723,0.30509567,0.2753873,0.36474252,0.33645564,0.3201776,0.33984584,0.18786234,0.23027687,0.26003772,0.28115398,0.28748822,0.27783954,0.30392677,0.30902195,0.32290375,0.2251275,0.28798836,0.3257733,0.32171613,0.31206375,0.05496922,0.09505063,0.12709093,0.10647632,0.15163249,0.079598926,0.16183862,0.08747802,0.24984929,0.20853281,0.33822638,0.32252237,0.3061692,0.25657156,0.20019642,0.11050317,0.20001039,0.07862676,0.31088603,0.20421556,0.31121203,0.34139442,0.3353659,0.32636425,0.33293605,0.29256764,0.28946975,0.27208513,0.34206665,0.3336569,0.30332565,0.24256258,0.35529926,0.36958548,0.13713944,0.079327926,0.059996575,0.039191544,0.105511,0.090560645,0.11275166,0.05580339,0.06308235,0.04453,0.13595192,0.06966184
0.2528511,0.2384627,0.25854474,0.25847363,0.25566208,0.2545117,0.2735295,0.25067058,0.25467777,0.2394078,0.26663736,0.255493,0.28157538,0.25557655,0.24338244,0.2843964,0.27522632,0.28288144,0.23418052,0.26180315,0.25768435,0.27256995,0.26010802,0.2701916,0.2533328,0.238312,0.22150092,0.20691574,0.2399884,0.23643836,0.2264049,0.1759019,0.2972783,0.28311664,0.2686923,0.28791982,0.26259515,0.25405797,0.28943765,0.28725243,0.25300667,0.30526745,0.30914152,0.28971216,0.25670835,0.30550933,0.23628393,0.24149108,0.24863298,0.26575726,0.20264915,0.23116392,0.24820483,0.2378039,0.255477,0.2576248,0.28896886,0.2838079,0.23590642,0.22377259,0.22404312,0.19589877,0.26534235,0.22556597,0.25258774,0.24281377,0.27402264,0.2153334,0.21901926,0.24573578,0.20782056,0.22138302,0.29570594,0.26443863,0.23648852,0.27282014,0.133133,0.23879375,0.24416013,0.2918476,0.26162344,0.25598708,0.23434663,0.22449544,0.29787743,0.28861588,0.25069463,0.19060722,0.29303345,0.27907303,0.2527149,0.25581157,0.24250546,0.2435348,0.21274365,0.24376538,0.28789127,0.29086742,0.29146105,0.3043695,0.263298,0.24122447,0.28464335,0.26781386,0.2880254,0.28822076,0.17880753,0.24274643,0.19615552,0.24432966,0.23057835,0.23949264,0.26446104,0.27149257,0.2818393,0.19351694,0.25514224,0.26106197,0.27744928,0.32242215,0.22932571,0.1758964,0.2436575,0.23977268,0.25548264,0.20321509,0.25598693,0.22417691,0.29755345,0.22931117,0.32099307,0.2871296,0.27985716,0.256076,0.17837733,0.17159829,0.19617489,0.16156572,0.29253927,0.24726969,0.27645886,0.28789768,0.31858838,0.26714253,0.30364627,0.25307736,0.26625156,0.22094896,0.2687195,0.3021456,0.252056,0.26451895,0.31191248,0.32468644,0.17748195,0.12992796,0.1689932,0.16792595,0.16288236,0.16039982,0.17304459,0.12757021,0.15215331,0.12572087,0.2250494,0.09172641
0.30114025,0.277804,0.33324564,0.31382167,0.3216325,0.28092766,0.32811922,0.29250747,0.320737,0.2663776,0.33037323,0.2866354,0.3339944,0.34705728,0.28529933,0.3164372,0.34136906,0.38846654,0.2830104,0.3031317,0.3155474,0.33246398,0.3338796,0.3399335,0.31675598,0.31015342,0.2962519,0.25885034,0.3019451,0.29069903,0.31443912,0.22057211,0.3420381,0.3171522,0.37154874,0.2688111,0.29438198,0.22755599,0.337396,0.32409412,0.31203863,0.38535717,0.40999264,0.37172788,0.29682815,0.29812348,0.30792505,0.28822142,0.34151632,0.33129892,0.24726671,0.28250527,0.27043664,0.30970743,0.30616304,0.32451278,0.35276052,0.37232205,0.33356914,0.25557005,0.2880598,0.22260273,0.30969843,0.2708818,0.38349825,0.29311854,0.3026445,0.27393094,0.29128957,0.29519242,0.27635625,0.26964396,0.33017778,0.2984594,0.24074262,0.29359198,0.08245169,0.18782723,0.30347562,0.33704814,0.38109124,0.3128016,0.29256344,0.2664354,0.34105772,0.33953667,0.2874921,0.24834548,0.36605492,0.36599156,0.32040295,0.30889767,0.29480496,0.2727666,0.29454905,0.3386597,0.33523923,0.35533112,0.3684297,0.4093254,0.3523969,0.26326212,0.3458132,0.33825392,0.3345124,0.33483487,0.22015244,0.24157459,0.25994784,0.2955491,0.30526102,0.34335402,0.31539604,0.35868484,0.33993053,0.23193407,0.30209684,0.29725945,0.34658635,0.33023798,0.09626825,0.105845,0.118915364,0.07913306,0.15522689,0.07779162,0.18063156,0.1365298,0.30336583,0.24188218,0.34747237,0.3485849,0.32005942,0.23314713,0.1843509,0.10775472,0.2175329,0.11387315,0.2946332,0.20327264,0.3427362,0.34503242,0.35296953,0.28789604,0.35518274,0.29329824,0.33472675,0.27900514,0.32494575,0.31531614,0.3333739,0.25224954,0.3766599,0.39747852,0.11778293,0.05755794,0.06297197,0.08655332,0.1336092,0.12888417,0.07733195,0.035080925,0.051635146,0.033077836,0.14695515,0.06543008
0.2507174,0.23332024,0.29183236,0.24605696,0.2904595,0.21583712,0.2873996,0.2494268,0.2939515,0.24335466,0.2906355,0.24643764,0.28888595,0.28912234,0.24839275,0.26598984,0.29875776,0.309089,0.23997596,0.26926294,0.24450338,0.27510512,0.28204155,0.29377803,0.27662376,0.25994074,0.2602809,0.19792584,0.2529779,0.24338642,0.23916589,0.17210609,0.32349396,0.28980458,0.29216486,0.24266976,0.26765704,0.19622985,0.30720404,0.30946234,0.2722492,0.30962884,0.33338848,0.31348795,0.24747612,0.2569821,0.24714616,0.22634885,0.26232928,0.2770033,0.2161021,0.2324208,0.22909233,0.24805064,0.2747467,0.27475974,0.30557185,0.32767475,0.25980344,0.23609138,0.2512618,0.20228897,0.28002268,0.23426068,0.2971285,0.2560121,0.2770719,0.25603306,0.24903293,0.2292766,0.23879735,0.23657978,0.319343,0.30479765,0.18540987,0.228176,0.072589785,0.1485322,0.25485665,0.30426192,0.2939888,0.2618452,0.25074685,0.20970187,0.30047628,0.2831437,0.26001826,0.20850754,0.30701998,0.2888682,0.27055866,0.26819104,0.24375483,0.24363871,0.25697306,0.27199268,0.2926528,0.32491088,0.30741194,0.3255217,0.29384026,0.24779244,0.31810898,0.28366637,0.302696,0.29644942,0.20367992,0.24143064,0.21894228,0.24729818,0.25788704,0.27696672,0.2743044,0.31278458,0.29898524,0.23351592,0.2524501,0.2740386,0.30808014,0.3035343,0.077502005,0.10032473,0.10609236,0.07901744,0.12503934,0.065881,0.16203034,0.089001685,0.25666758,0.21358001,0.30141175,0.30919892,0.2750534,0.21135621,0.17009121,0.108879335,0.18066558,0.109116636,0.26989657,0.18797183,0.30677795,0.30910143,0.31628886,0.265343,0.30939814,0.24868864,0.28835908,0.23320934,0.29372206,0.28725576,0.2723173,0.21379998,0.3425843,0.33601758,0.11379969,0.063107766,0.062102895,0.062226616,0.10970791,0.10557905,0.08080596,0.047746856,0.048320137,0.048226953,0.1286424,0.048204053
0.19174047,0.18687382,0.27411953,0.20668691,0.25661713,0.18895781,0.21147656,0.21623152,0.23441476,0.18589878,0.21382564,0.1842508,0.24788338,0.2664735,0.2420438,0.20382619,0.2627046,0.24915063,0.23933929,0.23760967,0.19860733,0.20990297,0.26810068,0.22508548,0.22987965,0.20711309,0.23942097,0.17834926,0.21520379,0.2149888,0.18554068,0.13801977,0.19892825,0.24237333,0.2190616,0.18861403,0.2673188,0.1406815,0.3031345,0.21493502,0.2280438,0.23192123,0.3234343,0.23835312,0.20372368,0.26518777,0.1729461,0.15958965,0.24365354,0.21147028,0.1519584,0.19460975,0.16716817,0.19093032,0.20174785,0.20634437,0.3012895,0.2629016,0.24900718,0.18294808,0.17991155,0.18043046,0.25992888,0.21840459,0.27870637,0.24646974,0.1854632,0.26232255,0.25057784,0.18548363,0.18267584,0.22081915,0.30920964,0.30220997,0.16553421,0.18996358,0.031737983,0.11698496,0.25254947,0.22976282,0.28787628,0.17764959,0.20460626,0.18113275,0.20426854,0.20481998,0.2102631,0.19240075,0.31612563,0.2264116,0.21545127,0.24123266,0.19294584,0.20609403,0.1910464,0.24381816,0.2524185,0.30017537,0.24864179,0.2926535,0.22595215,0.2139022,0.23045279,0.30424446,0.22569224,0.22509566,0.14793557,0.20505416,0.21049994,0.2247501,0.260557,0.21081717,0.2256082,0.29108346,0.22218427,0.20764703,0.20628867,0.23503694,0.3143642,0.28410387,0.07959324,0.10651756,0.09106693,0.039899692,0.12640633,0.06106268,0.11152024,0.10358864,0.2680568,0.22342147,0.2505888,0.29715186,0.20551643,0.15250897,0.15374015,0.079701826,0.12709534,0.09647477,0.21273714,0.15727855,0.255982,0.253264,0.3216004,0.2443328,0.306967,0.26250747,0.19236092,0.22483845,0.2785821,0.27071288,0.23696516,0.16286525,0.32618245,0.32185423,0.071451664,0.056913733,0.037648022,0.03746883,0.09605269,0.06972769,0.04734455,0.022259653,0.023065552,0.031844854,0.08452028,0.03764616
0.19174021,0.18687373,0.27411965,0.20668733,0.25661716,0.18895796,0.21147665,0.21623123,0.2344147,0.18589884,0.21382566,0.18425074,0.24788345,0.2664738,0.24204373,0.20382619,0.26270488,0.24915048,0.23933929,0.23760921,0.19860734,0.20990309,0.26810074,0.22508556,0.22987965,0.20711297,0.23942092,0.17834914,0.21520393,0.21498877,0.18554094,0.13801989,0.19892839,0.2423734,0.21906208,0.18861425,0.26731873,0.14068145,0.30313462,0.21493503,0.22804365,0.23192087,0.32343447,0.23835322,0.2037236,0.2651879,0.1729462,0.15959,0.24365345,0.21147072,0.15195829,0.1946098,0.16716808,0.19093038,0.20174813,0.20634456,0.30128938,0.26290154,0.24900731,0.1829482,0.17991164,0.18043058,0.2599286,0.21840453,0.27870646,0.24646977,0.18546312,0.2623225,0.250578,0.18548368,0.18267566,0.22081938,0.3092095,0.30220962,0.16553436,0.18996358,0.031737655,0.116984844,0.25254968,0.22976276,0.28787637,0.17764978,0.20460661,0.1811328,0.20426814,0.20481974,0.21026334,0.19240028,0.31612575,0.22641154,0.2154514,0.24123271,0.1929461,0.20609425,0.19104627,0.2438184,0.25241867,0.30017543,0.24864215,0.29265335,0.22595195,0.21390224,0.23045285,0.30424443,0.22569214,0.22509566,0.14793533,0.20505442,0.21049935,0.22475,0.2605569,0.21081714,0.22560814,0.29108346,0.22218412,0.207647,0.20628877,0.23503701,0.3143641,0.2841041,0.07959318,0.106517784,0.09106693,0.03989923,0.12640657,0.061062723,0.11152008,0.10358846,0.26805657,0.2234215,0.25058866,0.29715192,0.20551637,0.15250933,0.15374023,0.079702005,0.12709537,0.09647468,0.21273714,0.15727869,0.25598183,0.25326344,0.32160074,0.24433273,0.30696708,0.2625073,0.19236074,0.22483848,0.27858192,0.27071288,0.23696516,0.16286522,0.3261823,0.32185423,0.07145141,0.056913823,0.037647963,0.037468784,0.09605238,0.06972782,0.04734455,0.022259653,0.023065552,0.031844854,0.08452028,0.03764616
0.30792376,0.2871125,0.32410735,0.2955002,0.31383407,0.31580704,0.32919484,0.3265885,0.31948584,0.28907746,0.31494138,0.31115422,0.3076991,0.32689178,0.3089084,0.28942934,0.29058817,0.30053788,0.30260116,0.30878055,0.29276812,0.29458874,0.3007869,0.30126974,0.32431597,0.30932814,0.28480977,0.26257348,0.2862844,0.27981392,0.2659055,0.25135988,0.2995118,0.28735042,0.33458796,0.24516657,0.266215,0.20193122,0.27715525,0.2957719,0.29723138,0.337618,0.3547182,0.35694557,0.28742245,0.28523362,0.2563061,0.25331154,0.29685372,0.3391616,0.2580351,0.22896898,0.28354234,0.29092884,0.29047248,0.3189718,0.34610718,0.32770574,0.29042155,0.2939088,0.2770319,0.26769528,0.29033023,0.3029904,0.32165468,0.3208943,0.29548708,0.2761376,0.25881207,0.26755905,0.24506833,0.24549736,0.2992649,0.2769922,0.21083045,0.28417766,0.0689155,0.15967086,0.27650556,0.29970592,0.31536877,0.3098451,0.26217046,0.27626926,0.3070023,0.3096926,0.290042,0.2640653,0.33009484,0.3421008,0.30387414,0.31095615,0.29709446,0.26390293,0.26560253,0.29894763,0.32450303,0.32986534,0.33796456,0.3450873,0.3050956,0.27538696,0.36474228,0.3364554,0.32017758,0.3398457,0.18786253,0.23027685,0.2600376,0.28115404,0.28748846,0.27783945,0.30392668,0.30902204,0.32290357,0.22512755,0.2879884,0.32577312,0.32171613,0.31206375,0.05496931,0.0950506,0.12709096,0.10647629,0.15163256,0.07959896,0.16183859,0.087478116,0.24984935,0.20853278,0.33822632,0.32252258,0.30616945,0.2565717,0.20019665,0.11050314,0.20001064,0.07862674,0.31088644,0.20421557,0.31121218,0.3413945,0.33536547,0.3263643,0.33293614,0.29256785,0.2894695,0.27208525,0.34206656,0.33365685,0.30332553,0.24256273,0.3552993,0.36958534,0.13713947,0.07932776,0.059996456,0.039191455,0.10551097,0.090560585,0.11275157,0.05580339,0.06308225,0.044530038,0.13595188,0.06966163
0.25071746,0.2333202,0.29183245,0.24605712,0.29045957,0.21583715,0.2873996,0.24942675,0.2939516,0.24335477,0.2906356,0.2464375,0.28888592,0.2891225,0.24839272,0.26598993,0.29875785,0.30908895,0.239976,0.26926303,0.24450338,0.2751053,0.2820416,0.29377815,0.27662382,0.2599408,0.26028076,0.19792569,0.25297788,0.24338637,0.23916592,0.1721061,0.32349387,0.28980464,0.2921648,0.2426698,0.26765704,0.19623007,0.3072039,0.30946237,0.27224916,0.30962905,0.33338842,0.31348795,0.24747607,0.256982,0.24714592,0.22634894,0.26232916,0.2770033,0.21610196,0.23242092,0.2290923,0.24805072,0.27474666,0.2747597,0.305572,0.3276748,0.2598036,0.23609132,0.25126186,0.20228899,0.2800226,0.23426062,0.2971286,0.25601223,0.27707192,0.25603312,0.24903275,0.22927658,0.23879723,0.23657979,0.31934297,0.30479753,0.1854099,0.22817612,0.072589725,0.14853221,0.25485668,0.30426204,0.2939888,0.26184523,0.25074697,0.20970178,0.30047625,0.28314364,0.26001826,0.20850742,0.3070199,0.28886828,0.27055877,0.2681911,0.24375486,0.24363866,0.2569731,0.27199283,0.29265302,0.3249109,0.3074121,0.32552168,0.29384023,0.24779254,0.31810904,0.28366652,0.302696,0.29644936,0.20368001,0.24143076,0.21894239,0.2472982,0.257887,0.2769668,0.27430445,0.31278467,0.29898533,0.23351571,0.25245008,0.27403882,0.30808026,0.30353433,0.07750185,0.10032459,0.106092244,0.07901757,0.12503952,0.06588116,0.16203053,0.089001596,0.2566676,0.2135799,0.30141175,0.30919906,0.27505356,0.21135627,0.17009118,0.10887939,0.18066561,0.10911671,0.2698967,0.18797198,0.306778,0.30910155,0.31628895,0.26534298,0.3093983,0.24868856,0.2883592,0.23320937,0.29372215,0.2872557,0.27231726,0.21380007,0.3425843,0.33601755,0.11379959,0.06310786,0.062102977,0.062226668,0.109707944,0.105578996,0.08080602,0.04774698,0.0483201,0.048226833,0.1286424,0.04820423
0.25285092,0.23846275,0.25854468,0.25847352,0.25566185,0.25451183,0.27352935,0.25067002,0.254678,0.23940793,0.26663724,0.2554922,0.28157532,0.2555765,0.24338241,0.2843965,0.2752267,0.28288174,0.23418038,0.26180327,0.2576846,0.27257007,0.26010814,0.27019206,0.2533327,0.23831174,0.22150065,0.20691592,0.23998803,0.23643842,0.22640479,0.17590168,0.29727873,0.2831169,0.26869234,0.28792018,0.26259518,0.25405794,0.28943765,0.28725237,0.25300637,0.30526763,0.30914173,0.2897123,0.25670853,0.30550942,0.23628397,0.24149108,0.24863264,0.2657574,0.20264903,0.23116401,0.24820508,0.23780368,0.255477,0.25762457,0.28896904,0.2838078,0.2359065,0.22377276,0.2240427,0.19589886,0.26534274,0.22556591,0.2525875,0.24281386,0.2740228,0.2153332,0.2190195,0.24573545,0.20782053,0.22138302,0.29570615,0.26443833,0.23648867,0.27282006,0.13313264,0.23879382,0.24415997,0.29184794,0.2616228,0.25598687,0.2343471,0.22449538,0.2978776,0.28861594,0.25069475,0.19060716,0.29303363,0.27907324,0.25271544,0.2558117,0.24250555,0.2435351,0.21274363,0.24376538,0.2878914,0.2908675,0.29146105,0.3043694,0.263298,0.24122488,0.28464323,0.26781407,0.2880251,0.288221,0.17880748,0.2427464,0.19615553,0.24432972,0.23057806,0.23949267,0.264461,0.27149305,0.28183967,0.19351697,0.25514215,0.2610615,0.27744904,0.32242215,0.22932535,0.17589648,0.24365723,0.23977232,0.25548226,0.20321506,0.25598702,0.2241772,0.29755315,0.22931127,0.32099253,0.28712976,0.27985728,0.25607574,0.17837745,0.17159805,0.19617486,0.16156574,0.2925393,0.24726993,0.27645907,0.2878977,0.31858855,0.26714242,0.30364588,0.25307703,0.2662518,0.22094913,0.2687195,0.3021451,0.25205606,0.26451918,0.31191236,0.32468647,0.17748189,0.12992829,0.16899312,0.16792619,0.1628824,0.16039991,0.17304459,0.12757021,0.15215331,0.12572087,0.2250494,0.09172641
0.30114037,0.27780372,0.3332456,0.3138216,0.32163262,0.2809277,0.32811913,0.29250747,0.32073677,0.2663777,0.3303733,0.28663567,0.33399445,0.34705734,0.2852992,0.31643742,0.3413691,0.38846633,0.28301024,0.30313146,0.31554732,0.33246416,0.3338795,0.3399334,0.3167561,0.31015316,0.2962516,0.25885,0.30194506,0.29069895,0.31443924,0.22057217,0.34203792,0.31715196,0.37154868,0.26881093,0.29438233,0.22755623,0.33739597,0.32409433,0.31203848,0.38535708,0.4099928,0.37172765,0.2968281,0.2981234,0.30792475,0.28822145,0.3415162,0.3312986,0.2472668,0.28250498,0.27043653,0.30970746,0.30616283,0.3245129,0.3527604,0.37232196,0.33356884,0.25557,0.2880597,0.22260296,0.30969837,0.2708818,0.38349873,0.29311842,0.30264437,0.27393085,0.2912897,0.29519248,0.27635625,0.2696439,0.33017802,0.2984593,0.24074274,0.29359204,0.08245179,0.18782713,0.30347538,0.3370482,0.38109106,0.31280172,0.29256344,0.26643512,0.34105772,0.3395361,0.287492,0.24834538,0.3660549,0.3659918,0.32040286,0.30889773,0.29480502,0.27276677,0.29454887,0.33865964,0.33523893,0.35533115,0.36842963,0.4093253,0.35239685,0.26326197,0.3458131,0.33825386,0.33451247,0.33483478,0.22015245,0.24157423,0.2599476,0.29554927,0.30526105,0.34335405,0.31539592,0.35868484,0.3399306,0.23193423,0.30209708,0.29725957,0.34658635,0.33023798,0.0962681,0.10584506,0.11891504,0.07913309,0.1552271,0.07779135,0.18063132,0.13652897,0.30336586,0.24188235,0.3474722,0.34858495,0.32005954,0.23314731,0.18435092,0.107754916,0.21753307,0.11387303,0.2946335,0.20327263,0.34273618,0.3450323,0.35296956,0.2878961,0.355183,0.29329783,0.3347267,0.27900523,0.3249458,0.315316,0.33337379,0.25224933,0.3766597,0.3974786,0.117782906,0.05755806,0.06297194,0.08655316,0.13360903,0.128884,0.07733197,0.03508091,0.051634967,0.033077672,0.14695516,0.06543025
0.19174021,0.18687373,0.27411965,0.20668733,0.25661716,0.18895796,0.21147665,0.21623123,0.2344147,0.18589884,0.21382566,0.18425074,0.24788345,0.2664738,0.24204373,0.20382619,0.26270488,0.24915048,0.23933929,0.23760921,0.19860734,0.20990309,0.26810074,0.22508556,0.22987965,0.20711297,0.23942092,0.17834914,0.21520393,0.21498877,0.18554094,0.13801989,0.19892839,0.2423734,0.21906208,0.18861425,0.26731873,0.14068145,0.30313462,0.21493503,0.22804365,0.23192087,0.32343447,0.23835322,0.2037236,0.2651879,0.1729462,0.15959,0.24365345,0.21147072,0.15195829,0.1946098,0.16716808,0.19093038,0.20174813,0.20634456,0.30128938,0.26290154,0.24900731,0.1829482,0.17991164,0.18043058,0.2599286,0.21840453,0.27870646,0.24646977,0.18546312,0.2623225,0.250578,0.18548368,0.18267566,0.22081938,0.3092095,0.30220962,0.16553436,0.18996358,0.031737655,0.116984844,0.25254968,0.22976276,0.28787637,0.17764978,0.20460661,0.1811328,0.20426814,0.20481974,0.21026334,0.19240028,0.31612575,0.22641154,0.2154514,0.24123271,0.1929461,0.20609425,0.19104627,0.2438184,0.25241867,0.30017543,0.24864215,0.29265335,0.22595195,0.21390224,0.23045285,0.30424443,0.22569214,0.22509566,0.14793533,0.20505442,0.21049935,0.22475,0.2605569,0.21081714,0.22560814,0.29108346,0.22218412,0.207647,0.20628877,0.23503701,0.3143641,0.2841041,0.07959318,0.106517784,0.09106693,0.03989923,0.12640657,0.061062723,0.11152008,0.10358846,0.26805657,0.2234215,0.25058866,0.29715192,0.20551637,0.15250933,0.15374023,0.079702005,0.12709537,0.09647468,0.21273714,0.15727869,0.25598183,0.25326344,0.32160074,0.24433273,0.30696708,0.2625073,0.19236074,0.22483848,0.27858192,0.27071288,0.23696516,0.16286522,0.3261823,0.32185423,0.07145141,0.056913823,0.037647963,0.037468784,0.09605238,0.06972782,0.04734455,0.022259653,0.023065552,0.031844854,0.08452028,0.03764616
0.30114043,0.27780372,0.33324552,0.3138216,0.3216326,0.28092766,0.32811916,0.29250753,0.32073674,0.26637775,0.33037338,0.2866356,0.33399427,0.34705728,0.28529933,0.3164374,0.3413691,0.38846636,0.28301018,0.30313158,0.31554723,0.33246413,0.33387944,0.33993345,0.3167561,0.3101533,0.29625165,0.2588501,0.30194506,0.29069892,0.3144392,0.22057223,0.34203792,0.3171521,0.37154874,0.26881087,0.29438213,0.22755599,0.33739603,0.3240943,0.31203845,0.38535717,0.40999284,0.37172776,0.2968282,0.29812354,0.30792472,0.28822133,0.3415161,0.33129853,0.2472668,0.28250512,0.27043647,0.3097074,0.30616295,0.32451287,0.35276058,0.37232202,0.33356896,0.25557,0.28805977,0.22260308,0.30969834,0.27088192,0.38349882,0.29311854,0.3026445,0.27393094,0.29128963,0.29519254,0.27635616,0.2696439,0.33017802,0.2984594,0.24074262,0.29359204,0.08245176,0.18782705,0.30347553,0.33704838,0.3810911,0.31280172,0.2925635,0.26643524,0.34105775,0.3395363,0.28749198,0.2483455,0.36605498,0.3659916,0.32040298,0.30889773,0.29480508,0.27276665,0.29454893,0.33865952,0.33523875,0.35533124,0.36842972,0.4093253,0.3523968,0.26326212,0.34581298,0.3382539,0.33451253,0.33483475,0.22015254,0.24157427,0.2599477,0.29554942,0.30526093,0.34335402,0.3153957,0.35868496,0.3399306,0.23193417,0.30209708,0.2972596,0.34658632,0.33023793,0.0962681,0.10584506,0.11891513,0.07913309,0.15522724,0.07779147,0.18063144,0.13652885,0.30336598,0.2418825,0.3474723,0.3485851,0.3200596,0.23314728,0.18435104,0.10775481,0.21753311,0.11387301,0.29463354,0.20327263,0.34273624,0.3450324,0.35296962,0.28789622,0.35518295,0.29329795,0.33472675,0.27900523,0.32494587,0.31531605,0.33337373,0.2522493,0.37665975,0.39747876,0.117782965,0.05755806,0.06297197,0.086553186,0.13360906,0.12888406,0.07733188,0.035081014,0.051634967,0.033077702,0.14695513,0.06543019
0.30792364,0.28711247,0.3241073,0.29550025,0.31383395,0.31580704,0.32919493,0.32658863,0.31948587,0.2890774,0.31494135,0.31115437,0.30769908,0.32689184,0.30890846,0.2894294,0.2905881,0.30053788,0.3026012,0.30878043,0.29276812,0.2945887,0.3007868,0.3012697,0.32431614,0.3093282,0.2848097,0.2625734,0.2862844,0.27981386,0.26590544,0.25135973,0.29951182,0.28735048,0.33458796,0.24516678,0.2662151,0.20193113,0.27715498,0.29577175,0.29723135,0.337618,0.35471818,0.35694563,0.2874225,0.2852336,0.25630614,0.25331149,0.29685372,0.3391617,0.25803515,0.22896913,0.28354222,0.2909289,0.2904724,0.3189717,0.34610704,0.32770586,0.29042155,0.29390883,0.27703187,0.26769537,0.2903302,0.30299038,0.32165474,0.32089442,0.29548708,0.27613753,0.25881216,0.267559,0.24506836,0.24549735,0.2992649,0.2769923,0.21083057,0.2841776,0.068915404,0.15967081,0.27650565,0.2997058,0.31536877,0.30984515,0.2621705,0.27626935,0.30700237,0.30969256,0.29004204,0.26406536,0.33009493,0.3421008,0.3038742,0.31095615,0.29709452,0.26390293,0.2656026,0.29894757,0.32450294,0.32986534,0.3379646,0.34508735,0.30509567,0.2753871,0.36474234,0.3364554,0.32017753,0.33984578,0.18786249,0.23027688,0.26003766,0.28115398,0.2874885,0.27783954,0.30392668,0.309022,0.32290363,0.22512752,0.28798848,0.325773,0.3217161,0.31206375,0.05496937,0.09505063,0.12709093,0.106476344,0.15163255,0.07959886,0.16183859,0.08747803,0.24984927,0.20853265,0.33822638,0.32252246,0.3061694,0.25657183,0.20019652,0.11050311,0.20001063,0.07862668,0.31088635,0.20421563,0.31121215,0.34139454,0.33536553,0.32636422,0.332936,0.29256785,0.28946948,0.2720851,0.34206665,0.33365685,0.3033254,0.24256277,0.3552993,0.36958528,0.13713934,0.07932774,0.05999644,0.039191425,0.10551099,0.090560526,0.11275168,0.05580342,0.06308237,0.04452997,0.13595195,0.06966177
0.2507175,0.23332012,0.29183257,0.24605712,0.2904595,0.21583714,0.2873996,0.24942657,0.29395163,0.24335472,0.29063553,0.2464375,0.28888592,0.28912252,0.24839276,0.26599002,0.2987578,0.30908892,0.23997605,0.26926303,0.24450347,0.2751052,0.28204167,0.29377818,0.27662382,0.25994074,0.26028076,0.19792584,0.25297794,0.24338633,0.23916595,0.17210598,0.32349405,0.28980476,0.29216483,0.2426699,0.26765704,0.19622995,0.3072039,0.3094625,0.2722491,0.30962896,0.33338848,0.31348792,0.24747612,0.2569821,0.24714601,0.22634889,0.26232925,0.27700347,0.21610206,0.23242086,0.22909242,0.24805081,0.27474666,0.27475977,0.30557194,0.32767478,0.25980353,0.23609146,0.2512619,0.20228899,0.28002253,0.23426053,0.2971286,0.25601226,0.27707204,0.2560332,0.24903283,0.22927666,0.23879725,0.23657978,0.31934297,0.3047977,0.1854099,0.22817613,0.07258977,0.14853223,0.25485668,0.304262,0.29398882,0.2618453,0.25074694,0.20970185,0.30047628,0.28314358,0.26001832,0.20850752,0.30701995,0.28886828,0.2705588,0.26819122,0.24375488,0.24363871,0.25697315,0.27199283,0.29265296,0.3249109,0.30741206,0.32552177,0.29384026,0.24779248,0.3181091,0.28366643,0.30269602,0.29644936,0.20368013,0.24143073,0.21894246,0.2472981,0.257887,0.27696675,0.27430457,0.31278464,0.2989853,0.23351574,0.25245005,0.27403876,0.30808026,0.30353448,0.077501714,0.10032452,0.106092215,0.07901747,0.12503949,0.0658813,0.1620305,0.089001685,0.25666755,0.21358,0.3014118,0.30919906,0.27505356,0.21135636,0.17009123,0.1088794,0.18066552,0.109116696,0.26989672,0.18797201,0.306778,0.3091015,0.316289,0.26534307,0.30939823,0.24868855,0.28835914,0.2332094,0.2937221,0.2872557,0.27231735,0.21380007,0.34258437,0.3360176,0.1137996,0.06310788,0.062103007,0.06222654,0.10970795,0.10557898,0.08080603,0.047746997,0.04832013,0.048226804,0.12864244,0.048204213
0.25285092,0.23846275,0.25854468,0.25847352,0.25566185,0.25451183,0.27352935,0.25067002,0.254678,0.23940793,0.26663724,0.2554922,0.28157532,0.2555765,0.24338241,0.2843965,0.2752267,0.28288174,0.23418038,0.26180327,0.2576846,0.27257007,0.26010814,0.27019206,0.2533327,0.23831174,0.22150065,0.20691592,0.23998803,0.23643842,0.22640479,0.17590168,0.29727873,0.2831169,0.26869234,0.28792018,0.26259518,0.25405794,0.28943765,0.28725237,0.25300637,0.30526763,0.30914173,0.2897123,0.25670853,0.30550942,0.23628397,0.24149108,0.24863264,0.2657574,0.20264903,0.23116401,0.24820508,0.23780368,0.255477,0.25762457,0.28896904,0.2838078,0.2359065,0.22377276,0.2240427,0.19589886,0.26534274,0.22556591,0.2525875,0.24281386,0.2740228,0.2153332,0.2190195,0.24573545,0.20782053,0.22138302,0.29570615,0.26443833,0.23648867,0.27282006,0.13313264,0.23879382,0.24415997,0.29184794,0.2616228,0.25598687,0.2343471,0.22449538,0.2978776,0.28861594,0.25069475,0.19060716,0.29303363,0.27907324,0.25271544,0.2558117,0.24250555,0.2435351,0.21274363,0.24376538,0.2878914,0.2908675,0.29146105,0.3043694,0.263298,0.24122488,0.28464323,0.26781407,0.2880251,0.288221,0.17880748,0.2427464,0.19615553,0.24432972,0.23057806,0.23949267,0.264461,0.27149305,0.28183967,0.19351697,0.25514215,0.2610615,0.27744904,0.32242215,0.22932535,0.17589648,0.24365723,0.23977232,0.25548226,0.20321506,0.25598702,0.2241772,0.29755315,0.22931127,0.32099253,0.28712976,0.27985728,0.25607574,0.17837745,0.17159805,0.19617486,0.16156574,0.2925393,0.24726993,0.27645907,0.2878977,0.31858855,0.26714242,0.30364588,0.25307703,0.2662518,0.22094913,0.2687195,0.3021451,0.25205606,0.26451918,0.31191236,0.32468647,0.17748189,0.12992829,0.16899312,0.16792619,0.1628824,0.16039991,0.17304459,0.12757021,0.15215331,0.12572087,0.2250494,0.09172641
