0.7472198,0.023521751,0.653711,0.019023359,0.108552545,0.020008475,0.010615006,0.13333109,0.008231655,0.013306007,0.008331716,0.011823222,0.98574185,0.5814836,0.07530294,0.38117588,0.992884,0.9910946,0.12804723,0.07161316,0.9591242,0.95990753,0.9863228,0.9909122,0.9902731,0.76217127,0.97862244,0.0074262023,0.9879116,0.0123176575,0.008429199,0.011034787,0.9795717,0.8845464,0.46627387,0.34824774,0.047133893,0.07343957,0.011139438,0.029081382,0.012194831,0.015822977,0.014826003,0.008914828,0.027886152,0.34706998,0.03030163,0.6185271,0.037621126,0.037497178,0.024911016,0.53020895,0.0129070245,0.026055723,0.010774404,0.016177386,0.010916263,0.021801725,0.96333134,0.05267039,0.070827454,0.08117622,0.9156275,0.040061355,0.98332304,0.022556603,0.159722,0.05395162,0.22985692,0.5549836,0.41867536,0.6265609,0.7416543,0.9717149,0.9843403,0.9064857,0.9157157,0.27965966,0.9756402,0.13797581,0.962338,0.042525202,0.011213005,0.038409792,0.17272437,0.013489008,0.009841189,0.014669314,0.010870993,0.011236094,0.010969013,0.014906049,0.010954894,0.009423904,0.99043876,0.16890052,0.2184622,0.008819684,0.011261836,0.014444977,0.010967702,0.0074965805,0.010855943,0.00776577,0.9921111,0.9758066,0.8777701,0.009941757,0.9923514,0.7115953,0.012267888,0.008346111,0.008476675,0.004622154,0.9563645,0.99199486,0.9320487,0.98008835,0.27256343,0.930176,0.9086055,0.9823957,0.43182272,0.89191854,0.012287453,0.11166662,0.95004785,0.97974586,0.9928861,0.992538,0.9813563,0.98969185,0.90545577,0.9870445,0.010961704,0.014398903,0.038280297,0.021542445,0.013881862,0.023136519,0.76318854,0.59149957,0.6281712,0.74207896,0.011440903,0.036876336,0.98486054,0.99081874,0.50000596,0.551284,0.7615657,0.25115392,0.9912358,0.99261284,0.99290806,0.9928458,0.99289596,0.9919959,0.9928264,0.9872563,0.99290633,0.9928325,0.9927676,0.9928534,0.99277437,0.9927567
0.27497965,0.03725992,0.0046262145,0.0018326938,0.0010900497,0.004904628,-0.0010815263,0.025077365,-0.0042445064,0.013400346,-0.0042878613,-0.0061860085,0.998492,0.42937046,0.004535258,0.08507559,0.5165328,0.94365126,0.0121122,0.08014642,0.8700698,0.9657481,0.72416186,0.98213744,0.032528013,0.79269254,0.034459084,-0.0017580017,0.01171574,-0.005713314,-0.0025558472,-0.007964045,0.9146644,0.5427567,0.46900338,0.53383183,0.0727343,0.08391136,0.011928707,0.032269225,0.016154021,0.00022146851,0.0034944117,0.004230052,0.03595066,0.24277866,0.037444234,0.6020529,0.042531,0.05160868,0.035805583,0.59297144,0.024027914,0.20235637,0.018590212,0.021627724,0.027748019,0.010519922,0.9618212,0.2429673,0.066352785,0.4663224,0.8907167,0.13339242,0.96966463,0.09792656,0.16935766,0.32638097,0.2730238,0.6314454,0.31604046,0.7823852,0.40581322,0.8223585,0.77196944,0.5097575,0.035291642,0.037409782,0.988978,0.052729428,0.9801003,0.026195526,0.0024670064,0.023714736,0.18500207,-0.0026697516,0.011749595,-0.005989477,0.02726233,-0.0009495765,0.029011399,0.024398744,0.03717062,0.011869773,1.0005503,0.96216327,0.6049172,0.010135382,0.03373471,0.02434443,0.034806073,-0.00040794536,0.027816933,0.012242749,0.03651759,0.9717928,0.4100599,-0.0048007667,0.9982079,0.9948906,0.19523951,0.016631544,0.014091898,0.02238983,0.13687399,0.9997426,0.2170109,0.9452326,0.07624775,0.8680701,0.0014516711,0.8408756,0.014758386,0.7183374,0.0072153155,0.099522054,0.32935995,0.88461995,0.3764827,0.94427824,0.8218217,0.9639394,0.2216933,0.93011713,0.0056930184,-0.0017843843,0.03428135,0.023099301,0.018326953,0.020008119,0.7690333,0.8687306,0.47450086,0.7450926,0.013710082,0.0961469,0.45089078,0.9447714,0.517767,0.5562358,0.4242964,0.25817513,0.14708029,0.9154242,0.9966296,1.00584,0.9785309,0.8606262,0.7013057,0.7137304,0.9903885,0.97911143,0.99498266,0.9985909,0.9987509,0.99988973
0.0069414526,0.067150414,0.004829228,0.044751108,0.0053305775,0.040626645,0.019774212,0.060852885,0.012866139,0.05454451,0.010759108,0.008844271,0.011888027,0.4326784,0.0063605905,0.076096535,0.012749046,0.01851201,0.0059186816,0.03204243,0.016830027,0.01721993,0.0136117935,0.012306601,0.0089662075,0.018009856,0.014341831,0.007956207,0.011798322,0.010800645,7.56979e-06,0.01407814,0.013621215,0.5559082,0.47053853,0.51219404,0.031145185,0.03800136,0.010736883,0.030160466,0.01365608,0.0091829,0.014360249,0.009224422,0.026857808,0.2426577,0.028907359,0.5915742,0.015812352,0.037995815,0.044578433,0.6009145,0.005636327,0.20387518,0.008123159,0.02723191,0.0055448413,0.019017443,0.03057471,0.25132585,0.031676024,0.4766295,0.007740736,0.1874225,0.0010752827,0.0970596,0.0067353845,0.27711773,0.26003656,0.6205434,0.31454688,0.7785195,0.05899492,0.8312712,0.012828879,0.52053154,0.021844417,0.013171062,0.004945636,0.06533919,0.009417534,0.04241705,0.010469213,0.043347597,0.0081138015,0.024969094,0.010157049,0.011484166,0.0087810755,0.01469253,0.004176706,0.0031371713,0.008449599,0.006657034,0.021042645,0.0018357635,0.039745122,0.013141811,0.0048865676,0.009213358,0.008085042,0.00619787,0.007559404,0.0063150227,0.0080833435,0.0009251237,0.004632622,0.008108765,0.0012511313,0.010932013,0.031197935,0.020396978,0.010102414,0.009323776,0.0034319758,0.005787041,0.01620628,0.016341893,0.019980416,0.025229752,0.013386428,0.0118652135,0.014216334,0.025802568,0.027097523,0.022215903,0.008965433,0.012396008,0.018443286,0.013704449,0.015835501,0.010453522,0.012298793,0.017230332,0.0052290857,0.020975411,0.0011763461,0.015639454,0.0063076615,0.005981028,0.018192708,0.010462254,0.021578118,0.021775097,0.015830353,0.010523796,0.011026442,0.015376568,0.01142703,0.011995256,0.42784655,0.020587385,0.009426445,0.0066633224,0.012198448,0.012376219,0.011425436,0.012829006,0.009100735,0.012012169,0.011500776,0.011573464,0.00029107928,0.0010797381,0.0022672415,-0.0009768903
0.2759425,0.046990514,0.0052515343,0.021255698,0.0032021254,0.029933363,0.022469789,0.027305951,-0.0039385706,0.045542352,0.01567103,0.007724181,1.0058107,0.016607808,0.00016197562,0.016398333,0.509629,0.94999385,0.02502078,0.06435246,0.86057365,0.97150105,0.7254486,0.97900665,0.034830898,0.98386633,0.039668337,0.016958907,0.0043350756,0.010921281,0.010691166,0.0029046535,0.903039,0.017361203,0.06794537,0.065442294,0.063406155,0.08259247,0.019637048,0.038439367,0.004737735,0.022900146,0.006797649,0.0069769975,0.026130263,0.019248724,0.01840067,0.04013606,0.029196609,0.035118677,0.010262981,0.052973647,0.012736484,0.051700667,0.012624539,0.019541774,0.003039673,0.017478451,0.9589803,0.05233269,0.023432108,0.092523575,0.93818086,0.041215964,0.99087286,0.01928371,0.54367304,0.036646694,0.04214263,0.057610363,0.062485754,0.06653379,0.4030425,0.7286866,0.76988935,0.008493789,0.04199712,0.046737373,0.989571,0.01695799,0.97271305,0.002243923,0.003213346,0.0038289167,0.19588947,0.019991867,0.004193887,0.007186733,0.005537495,0.012015041,0.009902954,0.010839453,0.0062655695,0.007916407,0.99139917,0.16795987,0.22613347,0.012601137,0.006023109,0.016494185,0.009035658,0.0073554367,0.017781865,0.0012460351,0.0322011,0.12966448,0.012542671,0.010338664,0.99253756,0.71655047,0.036589377,0.02168107,0.005808126,0.005254673,0.020441353,0.980247,0.2160922,0.94367707,0.077896655,0.8685406,0.01541304,0.8518517,0.011541444,0.70426595,0.018342914,0.105311036,0.32804245,0.881724,0.3881131,0.9424439,0.8244825,0.9508743,0.2197783,0.9307571,0.009318814,0.02170983,0.8885752,0.035939515,0.03853709,0.031215832,0.85152286,0.5910289,0.62343454,0.7425109,0.018457146,0.042432472,0.44435042,0.93698865,0.8146876,0.8643,0.1304144,0.59247,0.1556235,0.91057765,1.0006673,0.9913175,0.97158504,0.8776544,0.6881012,0.72406673,0.98565376,0.9796946,0.99922454,0.99344635,1.0011866,1.0037751
0.300931,0.07135028,0.035931,0.029728495,0.026947632,0.010411322,0.024762575,0.026119083,-0.0020934716,0.014098059,-0.0047518983,0.004375905,1.0310585,0.45966053,-0.0025769696,0.052860655,0.02141273,-0.0039758533,0.002837507,0.06204935,0.9046524,0.62711394,0.5788553,0.5680771,0.043629035,0.07335335,0.011882521,0.022816598,-0.004953094,-0.005698867,0.026523542,-0.014440946,0.9448755,0.54673946,0.498757,0.3736668,0.059522983,0.016883425,0.034351774,0.05489097,-0.0060674064,-0.001170814,-0.0053182915,-0.0058283135,-0.0055802492,0.26301104,-0.00090548024,0.6223574,0.0450572,0.01094085,-0.0052480046,0.6274549,-0.0076555014,0.22845064,0.028168648,-0.0015041828,0.0277413,0.04470159,0.9991002,0.26998943,0.0005554259,0.49715,0.90045667,0.16604967,1.005817,0.116314374,0.17835343,0.30134797,0.2046557,0.55231917,0.33493,0.7518381,0.43474334,0.8691424,0.8117579,0.54752624,0.058626257,-0.010162167,1.0258225,0.048163906,1.0120667,0.057022363,0.027594201,0.06298223,0.20023522,0.009110851,0.028549016,-0.005741205,-0.0008948222,0.00468985,-0.00013337284,0.010884931,0.0016840398,-0.009697989,0.047485784,0.041531615,0.026962958,-0.0024144053,-0.004092023,-0.0009375438,-0.008016643,-0.00598343,-0.014781952,-0.005878195,0.022777706,-0.014331207,0.03704662,0.0062169265,-0.003657475,0.02338092,0.05339316,0.04556579,-0.0051667243,0.024920426,-0.00426805,-0.006781161,0.022862338,-0.0033539794,0.037849545,0.038481377,0.01818645,-0.014779195,-0.011436939,0.033231303,-0.0047078207,0.035841305,0.023024831,-0.009241097,0.029670388,0.02814211,-0.0031462833,0.02934473,-0.013152033,-0.005010329,0.02827932,0.041948367,0.02036272,0.03651187,-0.007766135,0.0254976,0.037888095,-0.0009421557,0.0019831052,0.036650747,0.023874722,-0.00031708926,0.3613984,-0.010690078,0.5368045,-0.0053643826,0.4601372,-0.001963891,0.060048945,-0.0055643097,-0.0029589608,0.039183453,-0.009575114,-0.0127407685,-0.012953799,-0.009297438,0.023291364,-0.010544956,0.015728906,0.029093206,0.02883311,0.022190213
0.7472198,0.023521751,0.653711,0.019023359,0.108552545,0.020008475,0.010615006,0.13333109,0.008231655,0.013306007,0.008331716,0.011823222,0.98574185,0.5814836,0.07530294,0.38117588,0.992884,0.9910946,0.12804723,0.07161316,0.9591242,0.95990753,0.9863228,0.9909122,0.9902731,0.76217127,0.97862244,0.0074262023,0.9879116,0.0123176575,0.008429199,0.011034787,0.9795717,0.8845464,0.46627387,0.34824774,0.047133893,0.07343957,0.011139438,0.029081382,0.012194831,0.015822977,0.014826003,0.008914828,0.027886152,0.34706998,0.03030163,0.6185271,0.037621126,0.037497178,0.024911016,0.53020895,0.0129070245,0.026055723,0.010774404,0.016177386,0.010916263,0.021801725,0.96333134,0.05267039,0.070827454,0.08117622,0.9156275,0.040061355,0.98332304,0.022556603,0.159722,0.05395162,0.22985692,0.5549836,0.41867536,0.6265609,0.7416543,0.9717149,0.9843403,0.9064857,0.9157157,0.27965966,0.9756402,0.13797581,0.962338,0.042525202,0.011213005,0.038409792,0.17272437,0.013489008,0.009841189,0.014669314,0.010870993,0.011236094,0.010969013,0.014906049,0.010954894,0.009423904,0.99043876,0.16890052,0.2184622,0.008819684,0.011261836,0.014444977,0.010967702,0.0074965805,0.010855943,0.00776577,0.9921111,0.9758066,0.8777701,0.009941757,0.9923514,0.7115953,0.012267888,0.008346111,0.008476675,0.004622154,0.9563645,0.99199486,0.9320487,0.98008835,0.27256343,0.930176,0.9086055,0.9823957,0.43182272,0.89191854,0.012287453,0.11166662,0.95004785,0.97974586,0.9928861,0.992538,0.9813563,0.98969185,0.90545577,0.9870445,0.010961704,0.014398903,0.038280297,0.021542445,0.013881862,0.023136519,0.76318854,0.59149957,0.6281712,0.74207896,0.011440903,0.036876336,0.98486054,0.99081874,0.50000596,0.551284,0.7615657,0.25115392,0.9912358,0.99261284,0.99290806,0.9928458,0.99289596,0.9919959,0.9928264,0.9872563,0.99290633,0.9928325,0.9927676,0.9928534,0.99277437,0.9927567
0.27497965,0.03725992,0.0046262145,0.0018326938,0.0010900497,0.004904628,-0.0010815263,0.025077365,-0.0042445064,0.013400346,-0.0042878613,-0.0061860085,0.998492,0.42937046,0.004535258,0.08507559,0.5165328,0.94365126,0.0121122,0.08014642,0.8700698,0.9657481,0.72416186,0.98213744,0.032528013,0.79269254,0.034459084,-0.0017580017,0.01171574,-0.005713314,-0.0025558472,-0.007964045,0.9146644,0.5427567,0.46900338,0.53383183,0.0727343,0.08391136,0.011928707,0.032269225,0.016154021,0.00022146851,0.0034944117,0.004230052,0.03595066,0.24277866,0.037444234,0.6020529,0.042531,0.05160868,0.035805583,0.59297144,0.024027914,0.20235637,0.018590212,0.021627724,0.027748019,0.010519922,0.9618212,0.2429673,0.066352785,0.4663224,0.8907167,0.13339242,0.96966463,0.09792656,0.16935766,0.32638097,0.2730238,0.6314454,0.31604046,0.7823852,0.40581322,0.8223585,0.77196944,0.5097575,0.035291642,0.037409782,0.988978,0.052729428,0.9801003,0.026195526,0.0024670064,0.023714736,0.18500207,-0.0026697516,0.011749595,-0.005989477,0.02726233,-0.0009495765,0.029011399,0.024398744,0.03717062,0.011869773,1.0005503,0.96216327,0.6049172,0.010135382,0.03373471,0.02434443,0.034806073,-0.00040794536,0.027816933,0.012242749,0.03651759,0.9717928,0.4100599,-0.0048007667,0.9982079,0.9948906,0.19523951,0.016631544,0.014091898,0.02238983,0.13687399,0.9997426,0.2170109,0.9452326,0.07624775,0.8680701,0.0014516711,0.8408756,0.014758386,0.7183374,0.0072153155,0.099522054,0.32935995,0.88461995,0.3764827,0.94427824,0.8218217,0.9639394,0.2216933,0.93011713,0.0056930184,-0.0017843843,0.03428135,0.023099301,0.018326953,0.020008119,0.7690333,0.8687306,0.47450086,0.7450926,0.013710082,0.0961469,0.45089078,0.9447714,0.517767,0.5562358,0.4242964,0.25817513,0.14708029,0.9154242,0.9966296,1.00584,0.9785309,0.8606262,0.7013057,0.7137304,0.9903885,0.97911143,0.99498266,0.9985909,0.9987509,0.99988973
0.0069414526,0.067150414,0.004829228,0.044751108,0.0053305775,0.040626645,0.019774212,0.060852885,0.012866139,0.05454451,0.010759108,0.008844271,0.011888027,0.4326784,0.0063605905,0.076096535,0.012749046,0.01851201,0.0059186816,0.03204243,0.016830027,0.01721993,0.0136117935,0.012306601,0.0089662075,0.018009856,0.014341831,0.007956207,0.011798322,0.010800645,7.56979e-06,0.01407814,0.013621215,0.5559082,0.47053853,0.51219404,0.031145185,0.03800136,0.010736883,0.030160466,0.01365608,0.0091829,0.014360249,0.009224422,0.026857808,0.2426577,0.028907359,0.5915742,0.015812352,0.037995815,0.044578433,0.6009145,0.005636327,0.20387518,0.008123159,0.02723191,0.0055448413,0.019017443,0.03057471,0.25132585,0.031676024,0.4766295,0.007740736,0.1874225,0.0010752827,0.0970596,0.0067353845,0.27711773,0.26003656,0.6205434,0.31454688,0.7785195,0.05899492,0.8312712,0.012828879,0.52053154,0.021844417,0.013171062,0.004945636,0.06533919,0.009417534,0.04241705,0.010469213,0.043347597,0.0081138015,0.024969094,0.010157049,0.011484166,0.0087810755,0.01469253,0.004176706,0.0031371713,0.008449599,0.006657034,0.021042645,0.0018357635,0.039745122,0.013141811,0.0048865676,0.009213358,0.008085042,0.00619787,0.007559404,0.0063150227,0.0080833435,0.0009251237,0.004632622,0.008108765,0.0012511313,0.010932013,0.031197935,0.020396978,0.010102414,0.009323776,0.0034319758,0.005787041,0.01620628,0.016341893,0.019980416,0.025229752,0.013386428,0.0118652135,0.014216334,0.025802568,0.027097523,0.022215903,0.008965433,0.012396008,0.018443286,0.013704449,0.015835501,0.010453522,0.012298793,0.017230332,0.0052290857,0.020975411,0.0011763461,0.015639454,0.0063076615,0.005981028,0.018192708,0.010462254,0.021578118,0.021775097,0.015830353,0.010523796,0.011026442,0.015376568,0.01142703,0.011995256,0.42784655,0.020587385,0.009426445,0.0066633224,0.012198448,0.012376219,0.011425436,0.012829006,0.009100735,0.012012169,0.011500776,0.011573464,0.00029107928,0.0010797381,0.0022672415,-0.0009768903
0.2759425,0.046990514,0.0052515343,0.021255698,0.0032021254,0.029933363,0.022469789,0.027305951,-0.0039385706,0.045542352,0.01567103,0.007724181,1.0058107,0.016607808,0.00016197562,0.016398333,0.509629,0.94999385,0.02502078,0.06435246,0.86057365,0.97150105,0.7254486,0.97900665,0.034830898,0.98386633,0.039668337,0.016958907,0.0043350756,0.010921281,0.010691166,0.0029046535,0.903039,0.017361203,0.06794537,0.065442294,0.063406155,0.08259247,0.019637048,0.038439367,0.004737735,0.022900146,0.006797649,0.0069769975,0.026130263,0.019248724,0.01840067,0.04013606,0.029196609,0.035118677,0.010262981,0.052973647,0.012736484,0.051700667,0.012624539,0.019541774,0.003039673,0.017478451,0.9589803,0.05233269,0.023432108,0.092523575,0.93818086,0.041215964,0.99087286,0.01928371,0.54367304,0.036646694,0.04214263,0.057610363,0.062485754,0.06653379,0.4030425,0.7286866,0.76988935,0.008493789,0.04199712,0.046737373,0.989571,0.01695799,0.97271305,0.002243923,0.003213346,0.0038289167,0.19588947,0.019991867,0.004193887,0.007186733,0.005537495,0.012015041,0.009902954,0.010839453,0.0062655695,0.007916407,0.99139917,0.16795987,0.22613347,0.012601137,0.006023109,0.016494185,0.009035658,0.0073554367,0.017781865,0.0012460351,0.0322011,0.12966448,0.012542671,0.010338664,0.99253756,0.71655047,0.036589377,0.02168107,0.005808126,0.005254673,0.020441353,0.980247,0.2160922,0.94367707,0.077896655,0.8685406,0.01541304,0.8518517,0.011541444,0.70426595,0.018342914,0.105311036,0.32804245,0.881724,0.3881131,0.9424439,0.8244825,0.9508743,0.2197783,0.9307571,0.009318814,0.02170983,0.8885752,0.035939515,0.03853709,0.031215832,0.85152286,0.5910289,0.62343454,0.7425109,0.018457146,0.042432472,0.44435042,0.93698865,0.8146876,0.8643,0.1304144,0.59247,0.1556235,0.91057765,1.0006673,0.9913175,0.97158504,0.8776544,0.6881012,0.72406673,0.98565376,0.9796946,0.99922454,0.99344635,1.0011866,1.0037751
0.300931,0.07135028,0.035931,0.029728495,0.026947632,0.010411322,0.024762575,0.026119083,-0.0020934716,0.014098059,-0.0047518983,0.004375905,1.0310585,0.45966053,-0.0025769696,0.052860655,0.02141273,-0.0039758533,0.002837507,0.06204935,0.9046524,0.62711394,0.5788553,0.5680771,0.043629035,0.07335335,0.011882521,0.022816598,-0.004953094,-0.005698867,0.026523542,-0.014440946,0.9448755,0.54673946,0.498757,0.3736668,0.059522983,0.016883425,0.034351774,0.05489097,-0.0060674064,-0.001170814,-0.0053182915,-0.0058283135,-0.0055802492,0.26301104,-0.00090548024,0.6223574,0.0450572,0.01094085,-0.0052480046,0.6274549,-0.0076555014,0.22845064,0.028168648,-0.0015041828,0.0277413,0.04470159,0.9991002,0.26998943,0.0005554259,0.49715,0.90045667,0.16604967,1.005817,0.116314374,0.17835343,0.30134797,0.2046557,0.55231917,0.33493,0.7518381,0.43474334,0.8691424,0.8117579,0.54752624,0.058626257,-0.010162167,1.0258225,0.048163906,1.0120667,0.057022363,0.027594201,0.06298223,0.20023522,0.009110851,0.028549016,-0.005741205,-0.0008948222,0.00468985,-0.00013337284,0.010884931,0.0016840398,-0.009697989,0.047485784,0.041531615,0.026962958,-0.0024144053,-0.004092023,-0.0009375438,-0.008016643,-0.00598343,-0.014781952,-0.005878195,0.022777706,-0.014331207,0.03704662,0.0062169265,-0.003657475,0.02338092,0.05339316,0.04556579,-0.0051667243,0.024920426,-0.00426805,-0.006781161,0.022862338,-0.0033539794,0.037849545,0.038481377,0.01818645,-0.014779195,-0.011436939,0.033231303,-0.0047078207,0.035841305,0.023024831,-0.009241097,0.029670388,0.02814211,-0.0031462833,0.02934473,-0.013152033,-0.005010329,0.02827932,0.041948367,0.02036272,0.03651187,-0.007766135,0.0254976,0.037888095,-0.0009421557,0.0019831052,0.036650747,0.023874722,-0.00031708926,0.3613984,-0.010690078,0.5368045,-0.0053643826,0.4601372,-0.001963891,0.060048945,-0.0055643097,-0.0029589608,0.039183453,-0.009575114,-0.0127407685,-0.012953799,-0.009297438,0.023291364,-0.010544956,0.015728906,0.029093206,0.02883311,0.022190213
0.27497965,0.03725992,0.0046262145,0.0018326938,0.0010900497,0.004904628,-0.0010815263,0.025077365,-0.0042445064,0.013400346,-0.0042878613,-0.0061860085,0.998492,0.42937046,0.004535258,0.08507559,0.5165328,0.94365126,0.0121122,0.08014642,0.8700698,0.9657481,0.72416186,0.98213744,0.032528013,0.79269254,0.034459084,-0.0017580017,0.01171574,-0.005713314,-0.0025558472,-0.007964045,0.9146644,0.5427567,0.46900338,0.53383183,0.0727343,0.08391136,0.011928707,0.032269225,0.016154021,0.00022146851,0.0034944117,0.004230052,0.03595066,0.24277866,0.037444234,0.6020529,0.042531,0.05160868,0.035805583,0.59297144,0.024027914,0.20235637,0.018590212,0.021627724,0.027748019,0.010519922,0.9618212,0.2429673,0.066352785,0.4663224,0.8907167,0.13339242,0.96966463,0.09792656,0.16935766,0.32638097,0.2730238,0.6314454,0.31604046,0.7823852,0.40581322,0.8223585,0.77196944,0.5097575,0.035291642,0.037409782,0.988978,0.052729428,0.9801003,0.026195526,0.0024670064,0.023714736,0.18500207,-0.0026697516,0.011749595,-0.005989477,0.02726233,-0.0009495765,0.029011399,0.024398744,0.03717062,0.011869773,1.0005503,0.96216327,0.6049172,0.010135382,0.03373471,0.02434443,0.034806073,-0.00040794536,0.027816933,0.012242749,0.03651759,0.9717928,0.4100599,-0.0048007667,0.9982079,0.9948906,0.19523951,0.016631544,0.014091898,0.02238983,0.13687399,0.9997426,0.2170109,0.9452326,0.07624775,0.8680701,0.0014516711,0.8408756,0.014758386,0.7183374,0.0072153155,0.099522054,0.32935995,0.88461995,0.3764827,0.94427824,0.8218217,0.9639394,0.2216933,0.93011713,0.0056930184,-0.0017843843,0.03428135,0.023099301,0.018326953,0.020008119,0.7690333,0.8687306,0.47450086,0.7450926,0.013710082,0.0961469,0.45089078,0.9447714,0.517767,0.5562358,0.4242964,0.25817513,0.14708029,0.9154242,0.9966296,1.00584,0.9785309,0.8606262,0.7013057,0.7137304,0.9903885,0.97911143,0.99498266,0.9985909,0.9987509,0.99988973
0.0069414526,0.067150414,0.004829228,0.044751108,0.0053305775,0.040626645,0.019774212,0.060852885,0.012866139,0.05454451,0.010759108,0.008844271,0.011888027,0.4326784,0.0063605905,0.076096535,0.012749046,0.01851201,0.0059186816,0.03204243,0.016830027,0.01721993,0.0136117935,0.012306601,0.0089662075,0.018009856,0.014341831,0.007956207,0.011798322,0.010800645,7.56979e-06,0.01407814,0.013621215,0.5559082,0.47053853,0.51219404,0.031145185,0.03800136,0.010736883,0.030160466,0.01365608,0.0091829,0.014360249,0.009224422,0.026857808,0.2426577,0.028907359,0.5915742,0.015812352,0.037995815,0.044578433,0.6009145,0.005636327,0.20387518,0.008123159,0.02723191,0.0055448413,0.019017443,0.03057471,0.25132585,0.031676024,0.4766295,0.007740736,0.1874225,0.0010752827,0.0970596,0.0067353845,0.27711773,0.26003656,0.6205434,0.31454688,0.7785195,0.05899492,0.8312712,0.012828879,0.52053154,0.021844417,0.013171062,0.004945636,0.06533919,0.009417534,0.04241705,0.010469213,0.043347597,0.0081138015,0.024969094,0.010157049,0.011484166,0.0087810755,0.01469253,0.004176706,0.0031371713,0.008449599,0.006657034,0.021042645,0.0018357635,0.039745122,0.013141811,0.0048865676,0.009213358,0.008085042,0.00619787,0.007559404,0.0063150227,0.0080833435,0.0009251237,0.004632622,0.008108765,0.0012511313,0.010932013,0.031197935,0.020396978,0.010102414,0.009323776,0.0034319758,0.005787041,0.01620628,0.016341893,0.019980416,0.025229752,0.013386428,0.0118652135,0.014216334,0.025802568,0.027097523,0.022215903,0.008965433,0.012396008,0.018443286,0.013704449,0.015835501,0.010453522,0.012298793,0.017230332,0.0052290857,0.020975411,0.0011763461,0.015639454,0.0063076615,0.005981028,0.018192708,0.010462254,0.021578118,0.021775097,0.015830353,0.010523796,0.011026442,0.015376568,0.01142703,0.011995256,0.42784655,0.020587385,0.009426445,0.0066633224,0.012198448,0.012376219,0.011425436,0.012829006,0.009100735,0.012012169,0.011500776,0.011573464,0.00029107928,0.0010797381,0.0022672415,-0.0009768903
0.300931,0.07135028,0.035931,0.029728495,0.026947632,0.010411322,0.024762575,0.026119083,-0.0020934716,0.014098059,-0.0047518983,0.004375905,1.0310585,0.45966053,-0.0025769696,0.052860655,0.02141273,-0.0039758533,0.002837507,0.06204935,0.9046524,0.62711394,0.5788553,0.5680771,0.043629035,0.07335335,0.011882521,0.022816598,-0.004953094,-0.005698867,0.026523542,-0.014440946,0.9448755,0.54673946,0.498757,0.3736668,0.059522983,0.016883425,0.034351774,0.05489097,-0.0060674064,-0.001170814,-0.0053182915,-0.0058283135,-0.0055802492,0.26301104,-0.00090548024,0.6223574,0.0450572,0.01094085,-0.0052480046,0.6274549,-0.0076555014,0.22845064,0.028168648,-0.0015041828,0.0277413,0.04470159,0.9991002,0.26998943,0.0005554259,0.49715,0.90045667,0.16604967,1.005817,0.116314374,0.17835343,0.30134797,0.2046557,0.55231917,0.33493,0.7518381,0.43474334,0.8691424,0.8117579,0.54752624,0.058626257,-0.010162167,1.0258225,0.048163906,1.0120667,0.057022363,0.027594201,0.06298223,0.20023522,0.009110851,0.028549016,-0.005741205,-0.0008948222,0.00468985,-0.00013337284,0.010884931,0.0016840398,-0.009697989,0.047485784,0.041531615,0.026962958,-0.0024144053,-0.004092023,-0.0009375438,-0.008016643,-0.00598343,-0.014781952,-0.005878195,0.022777706,-0.014331207,0.03704662,0.0062169265,-0.003657475,0.02338092,0.05339316,0.04556579,-0.0051667243,0.024920426,-0.00426805,-0.006781161,0.022862338,-0.0033539794,0.037849545,0.038481377,0.01818645,-0.014779195,-0.011436939,0.033231303,-0.0047078207,0.035841305,0.023024831,-0.009241097,0.029670388,0.02814211,-0.0031462833,0.02934473,-0.013152033,-0.005010329,0.02827932,0.041948367,0.02036272,0.03651187,-0.007766135,0.0254976,0.037888095,-0.0009421557,0.0019831052,0.036650747,0.023874722,-0.00031708926,0.3613984,-0.010690078,0.5368045,-0.0053643826,0.4601372,-0.001963891,0.060048945,-0.0055643097,-0.0029589608,0.039183453,-0.009575114,-0.0127407685,-0.012953799,-0.009297438,0.023291364,-0.010544956,0.015728906,0.029093206,0.02883311,0.022190213
0.2759425,0.046990514,0.0052515343,0.021255698,0.0032021254,0.029933363,0.022469789,0.027305951,-0.0039385706,0.045542352,0.01567103,0.007724181,1.0058107,0.016607808,0.00016197562,0.016398333,0.509629,0.94999385,0.02502078,0.06435246,0.86057365,0.97150105,0.7254486,0.97900665,0.034830898,0.98386633,0.039668337,0.016958907,0.0043350756,0.010921281,0.010691166,0.0029046535,0.903039,0.017361203,0.06794537,0.065442294,0.063406155,0.08259247,0.019637048,0.038439367,0.004737735,0.022900146,0.006797649,0.0069769975,0.026130263,0.019248724,0.01840067,0.04013606,0.029196609,0.035118677,0.010262981,0.052973647,0.012736484,0.051700667,0.012624539,0.019541774,0.003039673,0.017478451,0.9589803,0.05233269,0.023432108,0.092523575,0.93818086,0.041215964,0.99087286,0.01928371,0.54367304,0.036646694,0.04214263,0.057610363,0.062485754,0.06653379,0.4030425,0.7286866,0.76988935,0.008493789,0.04199712,0.046737373,0.989571,0.01695799,0.97271305,0.002243923,0.003213346,0.0038289167,0.19588947,0.019991867,0.004193887,0.007186733,0.005537495,0.012015041,0.009902954,0.010839453,0.0062655695,0.007916407,0.99139917,0.16795987,0.22613347,0.012601137,0.006023109,0.016494185,0.009035658,0.0073554367,0.017781865,0.0012460351,0.0322011,0.12966448,0.012542671,0.010338664,0.99253756,0.71655047,0.036589377,0.02168107,0.005808126,0.005254673,0.020441353,0.980247,0.2160922,0.94367707,0.077896655,0.8685406,0.01541304,0.8518517,0.011541444,0.70426595,0.018342914,0.105311036,0.32804245,0.881724,0.3881131,0.9424439,0.8244825,0.9508743,0.2197783,0.9307571,0.009318814,0.02170983,0.8885752,0.035939515,0.03853709,0.031215832,0.85152286,0.5910289,0.62343454,0.7425109,0.018457146,0.042432472,0.44435042,0.93698865,0.8146876,0.8643,0.1304144,0.59247,0.1556235,0.91057765,1.0006673,0.9913175,0.97158504,0.8776544,0.6881012,0.72406673,0.98565376,0.9796946,0.99922454,0.99344635,1.0011866,1.0037751
0.7472198,0.023521751,0.653711,0.019023359,0.108552545,0.020008475,0.010615006,0.13333109,0.008231655,0.013306007,0.008331716,0.011823222,0.98574185,0.5814836,0.07530294,0.38117588,0.992884,0.9910946,0.12804723,0.07161316,0.9591242,0.95990753,0.9863228,0.9909122,0.9902731,0.76217127,0.97862244,0.0074262023,0.9879116,0.0123176575,0.008429199,0.011034787,0.9795717,0.8845464,0.46627387,0.34824774,0.047133893,0.07343957,0.011139438,0.029081382,0.012194831,0.015822977,0.014826003,0.008914828,0.027886152,0.34706998,0.03030163,0.6185271,0.037621126,0.037497178,0.024911016,0.53020895,0.0129070245,0.026055723,0.010774404,0.016177386,0.010916263,0.021801725,0.96333134,0.05267039,0.070827454,0.08117622,0.9156275,0.040061355,0.98332304,0.022556603,0.159722,0.05395162,0.22985692,0.5549836,0.41867536,0.6265609,0.7416543,0.9717149,0.9843403,0.9064857,0.9157157,0.27965966,0.9756402,0.13797581,0.962338,0.042525202,0.011213005,0.038409792,0.17272437,0.013489008,0.009841189,0.014669314,0.010870993,0.011236094,0.010969013,0.014906049,0.010954894,0.009423904,0.99043876,0.16890052,0.2184622,0.008819684,0.011261836,0.014444977,0.010967702,0.0074965805,0.010855943,0.00776577,0.9921111,0.9758066,0.8777701,0.009941757,0.9923514,0.7115953,0.012267888,0.008346111,0.008476675,0.004622154,0.9563645,0.99199486,0.9320487,0.98008835,0.27256343,0.930176,0.9086055,0.9823957,0.43182272,0.89191854,0.012287453,0.11166662,0.95004785,0.97974586,0.9928861,0.992538,0.9813563,0.98969185,0.90545577,0.9870445,0.010961704,0.014398903,0.038280297,0.021542445,0.013881862,0.023136519,0.76318854,0.59149957,0.6281712,0.74207896,0.011440903,0.036876336,0.98486054,0.99081874,0.50000596,0.551284,0.7615657,0.25115392,0.9912358,0.99261284,0.99290806,0.9928458,0.99289596,0.9919959,0.9928264,0.9872563,0.99290633,0.9928325,0.9927676,0.9928534,0.99277437,0.9927567
0.300931,0.07135028,0.035931,0.029728495,0.026947632,0.010411322,0.024762575,0.026119083,-0.0020934716,0.014098059,-0.0047518983,0.004375905,1.0310585,0.45966053,-0.0025769696,0.052860655,0.02141273,-0.0039758533,0.002837507,0.06204935,0.9046524,0.62711394,0.5788553,0.5680771,0.043629035,0.07335335,0.011882521,0.022816598,-0.004953094,-0.005698867,0.026523542,-0.014440946,0.9448755,0.54673946,0.498757,0.3736668,0.059522983,0.016883425,0.034351774,0.05489097,-0.0060674064,-0.001170814,-0.0053182915,-0.0058283135,-0.0055802492,0.26301104,-0.00090548024,0.6223574,0.0450572,0.01094085,-0.0052480046,0.6274549,-0.0076555014,0.22845064,0.028168648,-0.0015041828,0.0277413,0.04470159,0.9991002,0.26998943,0.0005554259,0.49715,0.90045667,0.16604967,1.005817,0.116314374,0.17835343,0.30134797,0.2046557,0.55231917,0.33493,0.7518381,0.43474334,0.8691424,0.8117579,0.54752624,0.058626257,-0.010162167,1.0258225,0.048163906,1.0120667,0.057022363,0.027594201,0.06298223,0.20023522,0.009110851,0.028549016,-0.005741205,-0.0008948222,0.00468985,-0.00013337284,0.010884931,0.0016840398,-0.009697989,0.047485784,0.041531615,0.026962958,-0.0024144053,-0.004092023,-0.0009375438,-0.008016643,-0.00598343,-0.014781952,-0.005878195,0.022777706,-0.014331207,0.03704662,0.0062169265,-0.003657475,0.02338092,0.05339316,0.04556579,-0.0051667243,0.024920426,-0.00426805,-0.006781161,0.022862338,-0.0033539794,0.037849545,0.038481377,0.01818645,-0.014779195,-0.011436939,0.033231303,-0.0047078207,0.035841305,0.023024831,-0.009241097,0.029670388,0.02814211,-0.0031462833,0.02934473,-0.013152033,-0.005010329,0.02827932,0.041948367,0.02036272,0.03651187,-0.007766135,0.0254976,0.037888095,-0.0009421557,0.0019831052,0.036650747,0.023874722,-0.00031708926,0.3613984,-0.010690078,0.5368045,-0.0053643826,0.4601372,-0.001963891,0.060048945,-0.0055643097,-0.0029589608,0.039183453,-0.009575114,-0.0127407685,-0.012953799,-0.009297438,0.023291364,-0.010544956,0.015728906,0.029093206,0.02883311,0.022190213
0.2759425,0.046990514,0.0052515343,0.021255698,0.0032021254,0.029933363,0.022469789,0.027305951,-0.0039385706,0.045542352,0.01567103,0.007724181,1.0058107,0.016607808,0.00016197562,0.016398333,0.509629,0.94999385,0.02502078,0.06435246,0.86057365,0.97150105,0.7254486,0.97900665,0.034830898,0.98386633,0.039668337,0.016958907,0.0043350756,0.010921281,0.010691166,0.0029046535,0.903039,0.017361203,0.06794537,0.065442294,0.063406155,0.08259247,0.019637048,0.038439367,0.004737735,0.022900146,0.006797649,0.0069769975,0.026130263,0.019248724,0.01840067,0.04013606,0.029196609,0.035118677,0.010262981,0.052973647,0.012736484,0.051700667,0.012624539,0.019541774,0.003039673,0.017478451,0.9589803,0.05233269,0.023432108,0.092523575,0.93818086,0.041215964,0.99087286,0.01928371,0.54367304,0.036646694,0.04214263,0.057610363,0.062485754,0.06653379,0.4030425,0.7286866,0.76988935,0.008493789,0.04199712,0.046737373,0.989571,0.01695799,0.97271305,0.002243923,0.003213346,0.0038289167,0.19588947,0.019991867,0.004193887,0.007186733,0.005537495,0.012015041,0.009902954,0.010839453,0.0062655695,0.007916407,0.99139917,0.16795987,0.22613347,0.012601137,0.006023109,0.016494185,0.009035658,0.0073554367,0.017781865,0.0012460351,0.0322011,0.12966448,0.012542671,0.010338664,0.99253756,0.71655047,0.036589377,0.02168107,0.005808126,0.005254673,0.020441353,0.980247,0.2160922,0.94367707,0.077896655,0.8685406,0.01541304,0.8518517,0.011541444,0.70426595,0.018342914,0.105311036,0.32804245,0.881724,0.3881131,0.9424439,0.8244825,0.9508743,0.2197783,0.9307571,0.009318814,0.02170983,0.8885752,0.035939515,0.03853709,0.031215832,0.85152286,0.5910289,0.62343454,0.7425109,0.018457146,0.042432472,0.44435042,0.93698865,0.8146876,0.8643,0.1304144,0.59247,0.1556235,0.91057765,1.0006673,0.9913175,0.97158504,0.8776544,0.6881012,0.72406673,0.98565376,0.9796946,0.99922454,0.99344635,1.0011866,1.0037751
0.0069414526,0.067150414,0.004829228,0.044751108,0.0053305775,0.040626645,0.019774212,0.060852885,0.012866139,0.05454451,0.010759108,0.008844271,0.011888027,0.4326784,0.0063605905,0.076096535,0.012749046,0.01851201,0.0059186816,0.03204243,0.016830027,0.01721993,0.0136117935,0.012306601,0.0089662075,0.018009856,0.014341831,0.007956207,0.011798322,0.010800645,7.56979e-06,0.01407814,0.013621215,0.5559082,0.47053853,0.51219404,0.031145185,0.03800136,0.010736883,0.030160466,0.01365608,0.0091829,0.014360249,0.009224422,0.026857808,0.2426577,0.028907359,0.5915742,0.015812352,0.037995815,0.044578433,0.6009145,0.005636327,0.20387518,0.008123159,0.02723191,0.0055448413,0.019017443,0.03057471,0.25132585,0.031676024,0.4766295,0.007740736,0.1874225,0.0010752827,0.0970596,0.0067353845,0.27711773,0.26003656,0.6205434,0.31454688,0.7785195,0.05899492,0.8312712,0.012828879,0.52053154,0.021844417,0.013171062,0.004945636,0.06533919,0.009417534,0.04241705,0.010469213,0.043347597,0.0081138015,0.024969094,0.010157049,0.011484166,0.0087810755,0.01469253,0.004176706,0.0031371713,0.008449599,0.006657034,0.021042645,0.0018357635,0.039745122,0.013141811,0.0048865676,0.009213358,0.008085042,0.00619787,0.007559404,0.0063150227,0.0080833435,0.0009251237,0.004632622,0.008108765,0.0012511313,0.010932013,0.031197935,0.020396978,0.010102414,0.009323776,0.0034319758,0.005787041,0.01620628,0.016341893,0.019980416,0.025229752,0.013386428,0.0118652135,0.014216334,0.025802568,0.027097523,0.022215903,0.008965433,0.012396008,0.018443286,0.013704449,0.015835501,0.010453522,0.012298793,0.017230332,0.0052290857,0.020975411,0.0011763461,0.015639454,0.0063076615,0.005981028,0.018192708,0.010462254,0.021578118,0.021775097,0.015830353,0.010523796,0.011026442,0.015376568,0.01142703,0.011995256,0.42784655,0.020587385,0.009426445,0.0066633224,0.012198448,0.012376219,0.011425436,0.012829006,0.009100735,0.012012169,0.011500776,0.011573464,0.00029107928,0.0010797381,0.0022672415,-0.0009768903
0.7472198,0.023521751,0.653711,0.019023359,0.108552545,0.020008475,0.010615006,0.13333109,0.008231655,0.013306007,0.008331716,0.011823222,0.98574185,0.5814836,0.07530294,0.38117588,0.992884,0.9910946,0.12804723,0.07161316,0.9591242,0.95990753,0.9863228,0.9909122,0.9902731,0.76217127,0.97862244,0.0074262023,0.9879116,0.0123176575,0.008429199,0.011034787,0.9795717,0.8845464,0.46627387,0.34824774,0.047133893,0.07343957,0.011139438,0.029081382,0.012194831,0.015822977,0.014826003,0.008914828,0.027886152,0.34706998,0.03030163,0.6185271,0.037621126,0.037497178,0.024911016,0.53020895,0.0129070245,0.026055723,0.010774404,0.016177386,0.010916263,0.021801725,0.96333134,0.05267039,0.070827454,0.08117622,0.9156275,0.040061355,0.98332304,0.022556603,0.159722,0.05395162,0.22985692,0.5549836,0.41867536,0.6265609,0.7416543,0.9717149,0.9843403,0.9064857,0.9157157,0.27965966,0.9756402,0.13797581,0.962338,0.042525202,0.011213005,0.038409792,0.17272437,0.013489008,0.009841189,0.014669314,0.010870993,0.011236094,0.010969013,0.014906049,0.010954894,0.009423904,0.99043876,0.16890052,0.2184622,0.008819684,0.011261836,0.014444977,0.010967702,0.0074965805,0.010855943,0.00776577,0.9921111,0.9758066,0.8777701,0.009941757,0.9923514,0.7115953,0.012267888,0.008346111,0.008476675,0.004622154,0.9563645,0.99199486,0.9320487,0.98008835,0.27256343,0.930176,0.9086055,0.9823957,0.43182272,0.89191854,0.012287453,0.11166662,0.95004785,0.97974586,0.9928861,0.992538,0.9813563,0.98969185,0.90545577,0.9870445,0.010961704,0.014398903,0.038280297,0.021542445,0.013881862,0.023136519,0.76318854,0.59149957,0.6281712,0.74207896,0.011440903,0.036876336,0.98486054,0.99081874,0.50000596,0.551284,0.7615657,0.25115392,0.9912358,0.99261284,0.99290806,0.9928458,0.99289596,0.9919959,0.9928264,0.9872563,0.99290633,0.9928325,0.9927676,0.9928534,0.99277437,0.9927567
0.27497965,0.03725992,0.0046262145,0.0018326938,0.0010900497,0.004904628,-0.0010815263,0.025077365,-0.0042445064,0.013400346,-0.0042878613,-0.0061860085,0.998492,0.42937046,0.004535258,0.08507559,0.5165328,0.94365126,0.0121122,0.08014642,0.8700698,0.9657481,0.72416186,0.98213744,0.032528013,0.79269254,0.034459084,-0.0017580017,0.01171574,-0.005713314,-0.0025558472,-0.007964045,0.9146644,0.5427567,0.46900338,0.53383183,0.0727343,0.08391136,0.011928707,0.032269225,0.016154021,0.00022146851,0.0034944117,0.004230052,0.03595066,0.24277866,0.037444234,0.6020529,0.042531,0.05160868,0.035805583,0.59297144,0.024027914,0.20235637,0.018590212,0.021627724,0.027748019,0.010519922,0.9618212,0.2429673,0.066352785,0.4663224,0.8907167,0.13339242,0.96966463,0.09792656,0.16935766,0.32638097,0.2730238,0.6314454,0.31604046,0.7823852,0.40581322,0.8223585,0.77196944,0.5097575,0.035291642,0.037409782,0.988978,0.052729428,0.9801003,0.026195526,0.0024670064,0.023714736,0.18500207,-0.0026697516,0.011749595,-0.005989477,0.02726233,-0.0009495765,0.029011399,0.024398744,0.03717062,0.011869773,1.0005503,0.96216327,0.6049172,0.010135382,0.03373471,0.02434443,0.034806073,-0.00040794536,0.027816933,0.012242749,0.03651759,0.9717928,0.4100599,-0.0048007667,0.9982079,0.9948906,0.19523951,0.016631544,0.014091898,0.02238983,0.13687399,0.9997426,0.2170109,0.9452326,0.07624775,0.8680701,0.0014516711,0.8408756,0.014758386,0.7183374,0.0072153155,0.099522054,0.32935995,0.88461995,0.3764827,0.94427824,0.8218217,0.9639394,0.2216933,0.93011713,0.0056930184,-0.0017843843,0.03428135,0.023099301,0.018326953,0.020008119,0.7690333,0.8687306,0.47450086,0.7450926,0.013710082,0.0961469,0.45089078,0.9447714,0.517767,0.5562358,0.4242964,0.25817513,0.14708029,0.9154242,0.9966296,1.00584,0.9785309,0.8606262,0.7013057,0.7137304,0.9903885,0.97911143,0.99498266,0.9985909,0.9987509,0.99988973
0.0069414526,0.067150414,0.004829228,0.044751108,0.0053305775,0.040626645,0.019774212,0.060852885,0.012866139,0.05454451,0.010759108,0.008844271,0.011888027,0.4326784,0.0063605905,0.076096535,0.012749046,0.01851201,0.0059186816,0.03204243,0.016830027,0.01721993,0.0136117935,0.012306601,0.0089662075,0.018009856,0.014341831,0.007956207,0.011798322,0.010800645,7.56979e-06,0.01407814,0.013621215,0.5559082,0.47053853,0.51219404,0.031145185,0.03800136,0.010736883,0.030160466,0.01365608,0.0091829,0.014360249,0.009224422,0.026857808,0.2426577,0.028907359,0.5915742,0.015812352,0.037995815,0.044578433,0.6009145,0.005636327,0.20387518,0.008123159,0.02723191,0.0055448413,0.019017443,0.03057471,0.25132585,0.031676024,0.4766295,0.007740736,0.1874225,0.0010752827,0.0970596,0.0067353845,0.27711773,0.26003656,0.6205434,0.31454688,0.7785195,0.05899492,0.8312712,0.012828879,0.52053154,0.021844417,0.013171062,0.004945636,0.06533919,0.009417534,0.04241705,0.010469213,0.043347597,0.0081138015,0.024969094,0.010157049,0.011484166,0.0087810755,0.01469253,0.004176706,0.0031371713,0.008449599,0.006657034,0.021042645,0.0018357635,0.039745122,0.013141811,0.0048865676,0.009213358,0.008085042,0.00619787,0.007559404,0.0063150227,0.0080833435,0.0009251237,0.004632622,0.008108765,0.0012511313,0.010932013,0.031197935,0.020396978,0.010102414,0.009323776,0.0034319758,0.005787041,0.01620628,0.016341893,0.019980416,0.025229752,0.013386428,0.0118652135,0.014216334,0.025802568,0.027097523,0.022215903,0.008965433,0.012396008,0.018443286,0.013704449,0.015835501,0.010453522,0.012298793,0.017230332,0.0052290857,0.020975411,0.0011763461,0.015639454,0.0063076615,0.005981028,0.018192708,0.010462254,0.021578118,0.021775097,0.015830353,0.010523796,0.011026442,0.015376568,0.01142703,0.011995256,0.42784655,0.020587385,0.009426445,0.0066633224,0.012198448,0.012376219,0.011425436,0.012829006,0.009100735,0.012012169,0.011500776,0.011573464,0.00029107928,0.0010797381,0.0022672415,-0.0009768903
0.27594253,0.046990514,0.005251415,0.021255787,0.0032021105,0.029933304,0.022469804,0.027306056,-0.003938481,0.045542326,0.01567103,0.0077242106,1.0058109,0.016607907,0.00016210973,0.016398296,0.509629,0.9499939,0.025020862,0.06435248,0.86057353,0.97150105,0.7254486,0.97900665,0.034830913,0.9838662,0.039668366,0.016958818,0.004334986,0.010921299,0.010691002,0.00290462,0.90303886,0.01736114,0.06794541,0.06544231,0.0634062,0.08259247,0.019637138,0.038439393,0.0047377646,0.022900146,0.0067976452,0.0069769174,0.026130214,0.019248798,0.018400833,0.04013606,0.02919666,0.035118654,0.01026313,0.052973688,0.012736335,0.051700637,0.012624547,0.019541804,0.0030397326,0.017478421,0.9589803,0.052332696,0.023432104,0.09252353,0.9381808,0.041216,0.9908728,0.019283699,0.54367316,0.0366467,0.042142615,0.057610452,0.062485725,0.06653375,0.40304247,0.72868645,0.7698892,0.008493833,0.041997164,0.04673748,0.9895711,0.01695808,0.9727131,0.0022439212,0.0032133758,0.0038289614,0.19588938,0.019991733,0.0041938648,0.007186763,0.0055374056,0.012015089,0.009902813,0.010839442,0.0062655956,0.007916314,0.99139917,0.16795981,0.22613342,0.012601022,0.006023109,0.016494095,0.009035669,0.0073553324,0.017781854,0.0012459792,0.03220111,0.1296645,0.012542676,0.010338753,0.9925377,0.7165505,0.036589414,0.021681087,0.0058080666,0.0052546076,0.020441458,0.980247,0.21609229,0.94367695,0.07789661,0.8685405,0.015412999,0.8518518,0.011541572,0.7042661,0.018342875,0.105311036,0.32804236,0.8817239,0.3881131,0.94244397,0.82448256,0.9508743,0.21977827,0.9307571,0.00931878,0.021709934,0.8885753,0.035939485,0.0385371,0.031215861,0.85152286,0.59102887,0.62343466,0.7425108,0.018457117,0.042432506,0.4443504,0.9369886,0.8146875,0.8643,0.13041443,0.59247005,0.15562344,0.9105776,1.0006673,0.9913174,0.9715849,0.87765455,0.68810123,0.72406685,0.98565376,0.97969466,0.9992245,0.9934466,1.0011867,1.003775
0.300931,0.07135028,0.035931,0.029728495,0.026947632,0.010411322,0.024762575,0.026119083,-0.0020934716,0.014098059,-0.0047518983,0.004375905,1.0310585,0.45966053,-0.0025769696,0.052860655,0.02141273,-0.0039758533,0.002837507,0.06204935,0.9046524,0.62711394,0.5788553,0.5680771,0.043629035,0.07335335,0.011882521,0.022816598,-0.004953094,-0.005698867,0.026523542,-0.014440946,0.9448755,0.54673946,0.498757,0.3736668,0.059522983,0.016883425,0.034351774,0.05489097,-0.0060674064,-0.001170814,-0.0053182915,-0.0058283135,-0.0055802492,0.26301104,-0.00090548024,0.6223574,0.0450572,0.01094085,-0.0052480046,0.6274549,-0.0076555014,0.22845064,0.028168648,-0.0015041828,0.0277413,0.04470159,0.9991002,0.26998943,0.0005554259,0.49715,0.90045667,0.16604967,1.005817,0.116314374,0.17835343,0.30134797,0.2046557,0.55231917,0.33493,0.7518381,0.43474334,0.8691424,0.8117579,0.54752624,0.058626257,-0.010162167,1.0258225,0.048163906,1.0120667,0.057022363,0.027594201,0.06298223,0.20023522,0.009110851,0.028549016,-0.005741205,-0.0008948222,0.00468985,-0.00013337284,0.010884931,0.0016840398,-0.009697989,0.047485784,0.041531615,0.026962958,-0.0024144053,-0.004092023,-0.0009375438,-0.008016643,-0.00598343,-0.014781952,-0.005878195,0.022777706,-0.014331207,0.03704662,0.0062169265,-0.003657475,0.02338092,0.05339316,0.04556579,-0.0051667243,0.024920426,-0.00426805,-0.006781161,0.022862338,-0.0033539794,0.037849545,0.038481377,0.01818645,-0.014779195,-0.011436939,0.033231303,-0.0047078207,0.035841305,0.023024831,-0.009241097,0.029670388,0.02814211,-0.0031462833,0.02934473,-0.013152033,-0.005010329,0.02827932,0.041948367,0.02036272,0.03651187,-0.007766135,0.0254976,0.037888095,-0.0009421557,0.0019831052,0.036650747,0.023874722,-0.00031708926,0.3613984,-0.010690078,0.5368045,-0.0053643826,0.4601372,-0.001963891,0.060048945,-0.0055643097,-0.0029589608,0.039183453,-0.009575114,-0.0127407685,-0.012953799,-0.009297438,0.023291364,-0.010544956,0.015728906,0.029093206,0.02883311,0.022190213
0.27497965,0.03725992,0.0046262145,0.0018326938,0.0010900497,0.004904628,-0.0010815263,0.025077365,-0.0042445064,0.013400346,-0.0042878613,-0.0061860085,0.998492,0.42937046,0.004535258,0.08507559,0.5165328,0.94365126,0.0121122,0.08014642,0.8700698,0.9657481,0.72416186,0.98213744,0.032528013,0.79269254,0.034459084,-0.0017580017,0.01171574,-0.005713314,-0.0025558472,-0.007964045,0.9146644,0.5427567,0.46900338,0.53383183,0.0727343,0.08391136,0.011928707,0.032269225,0.016154021,0.00022146851,0.0034944117,0.004230052,0.03595066,0.24277866,0.037444234,0.6020529,0.042531,0.05160868,0.035805583,0.59297144,0.024027914,0.20235637,0.018590212,0.021627724,0.027748019,0.010519922,0.9618212,0.2429673,0.066352785,0.4663224,0.8907167,0.13339242,0.96966463,0.09792656,0.16935766,0.32638097,0.2730238,0.6314454,0.31604046,0.7823852,0.40581322,0.8223585,0.77196944,0.5097575,0.035291642,0.037409782,0.988978,0.052729428,0.9801003,0.026195526,0.0024670064,0.023714736,0.18500207,-0.0026697516,0.011749595,-0.005989477,0.02726233,-0.0009495765,0.029011399,0.024398744,0.03717062,0.011869773,1.0005503,0.96216327,0.6049172,0.010135382,0.03373471,0.02434443,0.034806073,-0.00040794536,0.027816933,0.012242749,0.03651759,0.9717928,0.4100599,-0.0048007667,0.9982079,0.9948906,0.19523951,0.016631544,0.014091898,0.02238983,0.13687399,0.9997426,0.2170109,0.9452326,0.07624775,0.8680701,0.0014516711,0.8408756,0.014758386,0.7183374,0.0072153155,0.099522054,0.32935995,0.88461995,0.3764827,0.94427824,0.8218217,0.9639394,0.2216933,0.93011713,0.0056930184,-0.0017843843,0.03428135,0.023099301,0.018326953,0.020008119,0.7690333,0.8687306,0.47450086,0.7450926,0.013710082,0.0961469,0.45089078,0.9447714,0.517767,0.5562358,0.4242964,0.25817513,0.14708029,0.9154242,0.9966296,1.00584,0.9785309,0.8606262,0.7013057,0.7137304,0.9903885,0.97911143,0.99498266,0.9985909,0.9987509,0.99988973
0.7472198,0.023521751,0.653711,0.019023359,0.108552545,0.020008475,0.010615006,0.13333109,0.008231655,0.013306007,0.008331716,0.011823222,0.98574185,0.5814836,0.07530294,0.38117588,0.992884,0.9910946,0.12804723,0.07161316,0.9591242,0.95990753,0.9863228,0.9909122,0.9902731,0.76217127,0.97862244,0.0074262023,0.9879116,0.0123176575,0.008429199,0.011034787,0.9795717,0.8845464,0.46627387,0.34824774,0.047133893,0.07343957,0.011139438,0.029081382,0.012194831,0.015822977,0.014826003,0.008914828,0.027886152,0.34706998,0.03030163,0.6185271,0.037621126,0.037497178,0.024911016,0.53020895,0.0129070245,0.026055723,0.010774404,0.016177386,0.010916263,0.021801725,0.96333134,0.05267039,0.070827454,0.08117622,0.9156275,0.040061355,0.98332304,0.022556603,0.159722,0.05395162,0.22985692,0.5549836,0.41867536,0.6265609,0.7416543,0.9717149,0.9843403,0.9064857,0.9157157,0.27965966,0.9756402,0.13797581,0.962338,0.042525202,0.011213005,0.038409792,0.17272437,0.013489008,0.009841189,0.014669314,0.010870993,0.011236094,0.010969013,0.014906049,0.010954894,0.009423904,0.99043876,0.16890052,0.2184622,0.008819684,0.011261836,0.014444977,0.010967702,0.0074965805,0.010855943,0.00776577,0.9921111,0.9758066,0.8777701,0.009941757,0.9923514,0.7115953,0.012267888,0.008346111,0.008476675,0.004622154,0.9563645,0.99199486,0.9320487,0.98008835,0.27256343,0.930176,0.9086055,0.9823957,0.43182272,0.89191854,0.012287453,0.11166662,0.95004785,0.97974586,0.9928861,0.992538,0.9813563,0.98969185,0.90545577,0.9870445,0.010961704,0.014398903,0.038280297,0.021542445,0.013881862,0.023136519,0.76318854,0.59149957,0.6281712,0.74207896,0.011440903,0.036876336,0.98486054,0.99081874,0.50000596,0.551284,0.7615657,0.25115392,0.9912358,0.99261284,0.99290806,0.9928458,0.99289596,0.9919959,0.9928264,0.9872563,0.99290633,0.9928325,0.9927676,0.9928534,0.99277437,0.9927567
0.300931,0.07135028,0.035931,0.029728495,0.026947632,0.010411322,0.024762575,0.026119083,-0.0020934716,0.014098059,-0.0047518983,0.004375905,1.0310585,0.45966053,-0.0025769696,0.052860655,0.02141273,-0.0039758533,0.002837507,0.06204935,0.9046524,0.62711394,0.5788553,0.5680771,0.043629035,0.07335335,0.011882521,0.022816598,-0.004953094,-0.005698867,0.026523542,-0.014440946,0.9448755,0.54673946,0.498757,0.3736668,0.059522983,0.016883425,0.034351774,0.05489097,-0.0060674064,-0.001170814,-0.0053182915,-0.0058283135,-0.0055802492,0.26301104,-0.00090548024,0.6223574,0.0450572,0.01094085,-0.0052480046,0.6274549,-0.0076555014,0.22845064,0.028168648,-0.0015041828,0.0277413,0.04470159,0.9991002,0.26998943,0.0005554259,0.49715,0.90045667,0.16604967,1.005817,0.116314374,0.17835343,0.30134797,0.2046557,0.55231917,0.33493,0.7518381,0.43474334,0.8691424,0.8117579,0.54752624,0.058626257,-0.010162167,1.0258225,0.048163906,1.0120667,0.057022363,0.027594201,0.06298223,0.20023522,0.009110851,0.028549016,-0.005741205,-0.0008948222,0.00468985,-0.00013337284,0.010884931,0.0016840398,-0.009697989,0.047485784,0.041531615,0.026962958,-0.0024144053,-0.004092023,-0.0009375438,-0.008016643,-0.00598343,-0.014781952,-0.005878195,0.022777706,-0.014331207,0.03704662,0.0062169265,-0.003657475,0.02338092,0.05339316,0.04556579,-0.0051667243,0.024920426,-0.00426805,-0.006781161,0.022862338,-0.0033539794,0.037849545,0.038481377,0.01818645,-0.014779195,-0.011436939,0.033231303,-0.0047078207,0.035841305,0.023024831,-0.009241097,0.029670388,0.02814211,-0.0031462833,0.02934473,-0.013152033,-0.005010329,0.02827932,0.041948367,0.02036272,0.03651187,-0.007766135,0.0254976,0.037888095,-0.0009421557,0.0019831052,0.036650747,0.023874722,-0.00031708926,0.3613984,-0.010690078,0.5368045,-0.0053643826,0.4601372,-0.001963891,0.060048945,-0.0055643097,-0.0029589608,0.039183453,-0.009575114,-0.0127407685,-0.012953799,-0.009297438,0.023291364,-0.010544956,0.015728906,0.029093206,0.02883311,0.022190213
0.0069414526,0.067150414,0.004829228,0.044751108,0.0053305775,0.040626645,0.019774212,0.060852885,0.012866139,0.05454451,0.010759108,0.008844271,0.011888027,0.4326784,0.0063605905,0.076096535,0.012749046,0.01851201,0.0059186816,0.03204243,0.016830027,0.01721993,0.0136117935,0.012306601,0.0089662075,0.018009856,0.014341831,0.007956207,0.011798322,0.010800645,7.56979e-06,0.01407814,0.013621215,0.5559082,0.47053853,0.51219404,0.031145185,0.03800136,0.010736883,0.030160466,0.01365608,0.0091829,0.014360249,0.009224422,0.026857808,0.2426577,0.028907359,0.5915742,0.015812352,0.037995815,0.044578433,0.6009145,0.005636327,0.20387518,0.008123159,0.02723191,0.0055448413,0.019017443,0.03057471,0.25132585,0.031676024,0.4766295,0.007740736,0.1874225,0.0010752827,0.0970596,0.0067353845,0.27711773,0.26003656,0.6205434,0.31454688,0.7785195,0.05899492,0.8312712,0.012828879,0.52053154,0.021844417,0.013171062,0.004945636,0.06533919,0.009417534,0.04241705,0.010469213,0.043347597,0.0081138015,0.024969094,0.010157049,0.011484166,0.0087810755,0.01469253,0.004176706,0.0031371713,0.008449599,0.006657034,0.021042645,0.0018357635,0.039745122,0.013141811,0.0048865676,0.009213358,0.008085042,0.00619787,0.007559404,0.0063150227,0.0080833435,0.0009251237,0.004632622,0.008108765,0.0012511313,0.010932013,0.031197935,0.020396978,0.010102414,0.009323776,0.0034319758,0.005787041,0.01620628,0.016341893,0.019980416,0.025229752,0.013386428,0.0118652135,0.014216334,0.025802568,0.027097523,0.022215903,0.008965433,0.012396008,0.018443286,0.013704449,0.015835501,0.010453522,0.012298793,0.017230332,0.0052290857,0.020975411,0.0011763461,0.015639454,0.0063076615,0.005981028,0.018192708,0.010462254,0.021578118,0.021775097,0.015830353,0.010523796,0.011026442,0.015376568,0.01142703,0.011995256,0.42784655,0.020587385,0.009426445,0.0066633224,0.012198448,0.012376219,0.011425436,0.012829006,0.009100735,0.012012169,0.011500776,0.011573464,0.00029107928,0.0010797381,0.0022672415,-0.0009768903
0.2759425,0.046990514,0.0052515343,0.021255698,0.0032021254,0.029933363,0.022469789,0.027305951,-0.0039385706,0.045542352,0.01567103,0.007724181,1.0058107,0.016607808,0.00016197562,0.016398333,0.509629,0.94999385,0.02502078,0.06435246,0.86057365,0.97150105,0.7254486,0.97900665,0.034830898,0.98386633,0.039668337,0.016958907,0.0043350756,0.010921281,0.010691166,0.0029046535,0.903039,0.017361203,0.06794537,0.065442294,0.063406155,0.08259247,0.019637048,0.038439367,0.004737735,0.022900146,0.006797649,0.0069769975,0.026130263,0.019248724,0.01840067,0.04013606,0.029196609,0.035118677,0.010262981,0.052973647,0.012736484,0.051700667,0.012624539,0.019541774,0.003039673,0.017478451,0.9589803,0.05233269,0.023432108,0.092523575,0.93818086,0.041215964,0.99087286,0.01928371,0.54367304,0.036646694,0.04214263,0.057610363,0.062485754,0.06653379,0.4030425,0.7286866,0.76988935,0.008493789,0.04199712,0.046737373,0.989571,0.01695799,0.97271305,0.002243923,0.003213346,0.0038289167,0.19588947,0.019991867,0.004193887,0.007186733,0.005537495,0.012015041,0.009902954,0.010839453,0.0062655695,0.007916407,0.99139917,0.16795987,0.22613347,0.012601137,0.006023109,0.016494185,0.009035658,0.0073554367,0.017781865,0.0012460351,0.0322011,0.12966448,0.012542671,0.010338664,0.99253756,0.71655047,0.036589377,0.02168107,0.005808126,0.005254673,0.020441353,0.980247,0.2160922,0.94367707,0.077896655,0.8685406,0.01541304,0.8518517,0.011541444,0.70426595,0.018342914,0.105311036,0.32804245,0.881724,0.3881131,0.9424439,0.8244825,0.9508743,0.2197783,0.9307571,0.009318814,0.02170983,0.8885752,0.035939515,0.03853709,0.031215832,0.85152286,0.5910289,0.62343454,0.7425109,0.018457146,0.042432472,0.44435042,0.93698865,0.8146876,0.8643,0.1304144,0.59247,0.1556235,0.91057765,1.0006673,0.9913175,0.97158504,0.8776544,0.6881012,0.72406673,0.98565376,0.9796946,0.99922454,0.99344635,1.0011866,1.0037751
0.7472198,0.023521751,0.653711,0.019023359,0.108552545,0.020008475,0.010615006,0.13333109,0.008231655,0.013306007,0.008331716,0.011823222,0.98574185,0.5814836,0.07530294,0.38117588,0.992884,0.9910946,0.12804723,0.07161316,0.9591242,0.95990753,0.9863228,0.9909122,0.9902731,0.76217127,0.97862244,0.0074262023,0.9879116,0.0123176575,0.008429199,0.011034787,0.9795717,0.8845464,0.46627387,0.34824774,0.047133893,0.07343957,0.011139438,0.029081382,0.012194831,0.015822977,0.014826003,0.008914828,0.027886152,0.34706998,0.03030163,0.6185271,0.037621126,0.037497178,0.024911016,0.53020895,0.0129070245,0.026055723,0.010774404,0.016177386,0.010916263,0.021801725,0.96333134,0.05267039,0.070827454,0.08117622,0.9156275,0.040061355,0.98332304,0.022556603,0.159722,0.05395162,0.22985692,0.5549836,0.41867536,0.6265609,0.7416543,0.9717149,0.9843403,0.9064857,0.9157157,0.27965966,0.9756402,0.13797581,0.962338,0.042525202,0.011213005,0.038409792,0.17272437,0.013489008,0.009841189,0.014669314,0.010870993,0.011236094,0.010969013,0.014906049,0.010954894,0.009423904,0.99043876,0.16890052,0.2184622,0.008819684,0.011261836,0.014444977,0.010967702,0.0074965805,0.010855943,0.00776577,0.9921111,0.9758066,0.8777701,0.009941757,0.9923514,0.7115953,0.012267888,0.008346111,0.008476675,0.004622154,0.9563645,0.99199486,0.9320487,0.98008835,0.27256343,0.930176,0.9086055,0.9823957,0.43182272,0.89191854,0.012287453,0.11166662,0.95004785,0.97974586,0.9928861,0.992538,0.9813563,0.98969185,0.90545577,0.9870445,0.010961704,0.014398903,0.038280297,0.021542445,0.013881862,0.023136519,0.76318854,0.59149957,0.6281712,0.74207896,0.011440903,0.036876336,0.98486054,0.99081874,0.50000596,0.551284,0.7615657,0.25115392,0.9912358,0.99261284,0.99290806,0.9928458,0.99289596,0.9919959,0.9928264,0.9872563,0.99290633,0.9928325,0.9927676,0.9928534,0.99277437,0.9927567
0.27497965,0.03725992,0.0046262145,0.0018326938,0.0010900497,0.004904628,-0.0010815263,0.025077365,-0.0042445064,0.013400346,-0.0042878613,-0.0061860085,0.998492,0.42937046,0.004535258,0.08507559,0.5165328,0.94365126,0.0121122,0.08014642,0.8700698,0.9657481,0.72416186,0.98213744,0.032528013,0.79269254,0.034459084,-0.0017580017,0.01171574,-0.005713314,-0.0025558472,-0.007964045,0.9146644,0.5427567,0.46900338,0.53383183,0.0727343,0.08391136,0.011928707,0.032269225,0.016154021,0.00022146851,0.0034944117,0.004230052,0.03595066,0.24277866,0.037444234,0.6020529,0.042531,0.05160868,0.035805583,0.59297144,0.024027914,0.20235637,0.018590212,0.021627724,0.027748019,0.010519922,0.9618212,0.2429673,0.066352785,0.4663224,0.8907167,0.13339242,0.96966463,0.09792656,0.16935766,0.32638097,0.2730238,0.6314454,0.31604046,0.7823852,0.40581322,0.8223585,0.77196944,0.5097575,0.035291642,0.037409782,0.988978,0.052729428,0.9801003,0.026195526,0.0024670064,0.023714736,0.18500207,-0.0026697516,0.011749595,-0.005989477,0.02726233,-0.0009495765,0.029011399,0.024398744,0.03717062,0.011869773,1.0005503,0.96216327,0.6049172,0.010135382,0.03373471,0.02434443,0.034806073,-0.00040794536,0.027816933,0.012242749,0.03651759,0.9717928,0.4100599,-0.0048007667,0.9982079,0.9948906,0.19523951,0.016631544,0.014091898,0.02238983,0.13687399,0.9997426,0.2170109,0.9452326,0.07624775,0.8680701,0.0014516711,0.8408756,0.014758386,0.7183374,0.0072153155,0.099522054,0.32935995,0.88461995,0.3764827,0.94427824,0.8218217,0.9639394,0.2216933,0.93011713,0.0056930184,-0.0017843843,0.03428135,0.023099301,0.018326953,0.020008119,0.7690333,0.8687306,0.47450086,0.7450926,0.013710082,0.0961469,0.45089078,0.9447714,0.517767,0.5562358,0.4242964,0.25817513,0.14708029,0.9154242,0.9966296,1.00584,0.9785309,0.8606262,0.7013057,0.7137304,0.9903885,0.97911143,0.99498266,0.9985909,0.9987509,0.99988973
0.0069414526,0.067150414,0.004829228,0.044751108,0.0053305775,0.040626645,0.019774212,0.060852885,0.012866139,0.05454451,0.010759108,0.008844271,0.011888027,0.4326784,0.0063605905,0.076096535,0.012749046,0.01851201,0.0059186816,0.03204243,0.016830027,0.01721993,0.0136117935,0.012306601,0.0089662075,0.018009856,0.014341831,0.007956207,0.011798322,0.010800645,7.56979e-06,0.01407814,0.013621215,0.5559082,0.47053853,0.51219404,0.031145185,0.03800136,0.010736883,0.030160466,0.01365608,0.0091829,0.014360249,0.009224422,0.026857808,0.2426577,0.028907359,0.5915742,0.015812352,0.037995815,0.044578433,0.6009145,0.005636327,0.20387518,0.008123159,0.02723191,0.0055448413,0.019017443,0.03057471,0.25132585,0.031676024,0.4766295,0.007740736,0.1874225,0.0010752827,0.0970596,0.0067353845,0.27711773,0.26003656,0.6205434,0.31454688,0.7785195,0.05899492,0.8312712,0.012828879,0.52053154,0.021844417,0.013171062,0.004945636,0.06533919,0.009417534,0.04241705,0.010469213,0.043347597,0.0081138015,0.024969094,0.010157049,0.011484166,0.0087810755,0.01469253,0.004176706,0.0031371713,0.008449599,0.006657034,0.021042645,0.0018357635,0.039745122,0.013141811,0.0048865676,0.009213358,0.008085042,0.00619787,0.007559404,0.0063150227,0.0080833435,0.0009251237,0.004632622,0.008108765,0.0012511313,0.010932013,0.031197935,0.020396978,0.010102414,0.009323776,0.0034319758,0.005787041,0.01620628,0.016341893,0.019980416,0.025229752,0.013386428,0.0118652135,0.014216334,0.025802568,0.027097523,0.022215903,0.008965433,0.012396008,0.018443286,0.013704449,0.015835501,0.010453522,0.012298793,0.017230332,0.0052290857,0.020975411,0.0011763461,0.015639454,0.0063076615,0.005981028,0.018192708,0.010462254,0.021578118,0.021775097,0.015830353,0.010523796,0.011026442,0.015376568,0.01142703,0.011995256,0.42784655,0.020587385,0.009426445,0.0066633224,0.012198448,0.012376219,0.011425436,0.012829006,0.009100735,0.012012169,0.011500776,0.011573464,0.00029107928,0.0010797381,0.0022672415,-0.0009768903
0.7472198,0.023521751,0.653711,0.019023359,0.108552545,0.020008475,0.010615006,0.13333109,0.008231655,0.013306007,0.008331716,0.011823222,0.98574185,0.5814836,0.07530294,0.38117588,0.992884,0.9910946,0.12804723,0.07161316,0.9591242,0.95990753,0.9863228,0.9909122,0.9902731,0.76217127,0.97862244,0.0074262023,0.9879116,0.0123176575,0.008429199,0.011034787,0.9795717,0.8845464,0.46627387,0.34824774,0.047133893,0.07343957,0.011139438,0.029081382,0.012194831,0.015822977,0.014826003,0.008914828,0.027886152,0.34706998,0.03030163,0.6185271,0.037621126,0.037497178,0.024911016,0.53020895,0.0129070245,0.026055723,0.010774404,0.016177386,0.010916263,0.021801725,0.96333134,0.05267039,0.070827454,0.08117622,0.9156275,0.040061355,0.98332304,0.022556603,0.159722,0.05395162,0.22985692,0.5549836,0.41867536,0.6265609,0.7416543,0.9717149,0.9843403,0.9064857,0.9157157,0.27965966,0.9756402,0.13797581,0.962338,0.042525202,0.011213005,0.038409792,0.17272437,0.013489008,0.009841189,0.014669314,0.010870993,0.011236094,0.010969013,0.014906049,0.010954894,0.009423904,0.99043876,0.16890052,0.2184622,0.008819684,0.011261836,0.014444977,0.010967702,0.0074965805,0.010855943,0.00776577,0.9921111,0.9758066,0.8777701,0.009941757,0.9923514,0.7115953,0.012267888,0.008346111,0.008476675,0.004622154,0.9563645,0.99199486,0.9320487,0.98008835,0.27256343,0.930176,0.9086055,0.9823957,0.43182272,0.89191854,0.012287453,0.11166662,0.95004785,0.97974586,0.9928861,0.992538,0.9813563,0.98969185,0.90545577,0.9870445,0.010961704,0.014398903,0.038280297,0.021542445,0.013881862,0.023136519,0.76318854,0.59149957,0.6281712,0.74207896,0.011440903,0.036876336,0.98486054,0.99081874,0.50000596,0.551284,0.7615657,0.25115392,0.9912358,0.99261284,0.99290806,0.9928458,0.99289596,0.9919959,0.9928264,0.9872563,0.99290633,0.9928325,0.9927676,0.9928534,0.99277437,0.9927567
0.27594247,0.046990555,0.00525143,0.021255821,0.0032022297,0.029933602,0.022469863,0.027306015,-0.0039383024,0.045542385,0.01567097,0.0077242404,1.0058107,0.016607832,0.00016202033,0.016398244,0.509629,0.9499939,0.025020791,0.06435249,0.86057365,0.97150105,0.72544855,0.97900665,0.03483088,0.98386645,0.03966838,0.016958848,0.004335135,0.010921344,0.010691062,0.0029046386,0.903039,0.017361151,0.06794536,0.065442294,0.06340614,0.08259249,0.019637167,0.03843933,0.0047376826,0.022900138,0.0067976713,0.0069769337,0.026130192,0.019248739,0.018400773,0.04013603,0.029196678,0.035118647,0.010263011,0.05297367,0.01273644,0.051700667,0.0126246065,0.019541811,0.0030397102,0.017478392,0.9589803,0.052332744,0.023432104,0.092523515,0.9381808,0.041215926,0.9908729,0.019283695,0.54367316,0.036646746,0.04214257,0.057610422,0.062485725,0.06653379,0.4030425,0.72868675,0.76988935,0.008493699,0.04199715,0.046737395,0.9895712,0.016957976,0.97271323,0.0022438858,0.003213212,0.0038289353,0.19588955,0.019991793,0.004193846,0.007186711,0.0055374056,0.01201505,0.009902902,0.0108395405,0.0062655397,0.007916311,0.99139905,0.16795985,0.2261334,0.01260096,0.0060230643,0.01649405,0.0090357065,0.0073554665,0.017781835,0.0012459885,0.032201122,0.12966451,0.012542821,0.010338739,0.99253756,0.71655035,0.036589444,0.021681095,0.005808089,0.0052546803,0.020441405,0.980247,0.21609218,0.94367695,0.077896565,0.8685405,0.015412945,0.8518518,0.011541498,0.7042661,0.018342894,0.10531102,0.3280425,0.88172394,0.38811326,0.9424439,0.82448256,0.95087427,0.21977827,0.93075705,0.009318773,0.02170983,0.8885754,0.03593959,0.038537066,0.031215817,0.8515229,0.5910289,0.6234346,0.74251086,0.018457077,0.042432535,0.4443504,0.9369887,0.8146876,0.8643,0.13041438,0.59247005,0.15562353,0.91057765,1.0006671,0.9913176,0.97158504,0.8776545,0.6881012,0.72406685,0.98565376,0.9796946,0.9992245,0.99344647,1.0011867,1.0037751
0.30093092,0.07135026,0.03593099,0.029728401,0.026947644,0.010411382,0.024762578,0.02611912,-0.0020934828,0.01409805,-0.004751891,0.0043758946,1.0310585,0.4596605,-0.0025769398,0.052860714,0.021412715,-0.0039758086,0.0028375182,0.06204932,0.9046524,0.627114,0.5788552,0.5680771,0.043629006,0.07335333,0.011882521,0.022816509,-0.004953064,-0.0056988597,0.026523516,-0.014440924,0.9448755,0.5467395,0.498757,0.37366685,0.059522968,0.016883425,0.034351774,0.05489093,-0.006067368,-0.0011707991,-0.005318254,-0.005828321,-0.0055802143,0.263011,-0.00090542994,0.6223574,0.045057215,0.010940909,-0.0052479445,0.6274549,-0.007655464,0.22845066,0.028168619,-0.0015041754,0.027741289,0.04470158,0.9991003,0.26998955,0.0005554408,0.49715,0.9004566,0.16604961,1.0058169,0.11631434,0.1783534,0.30134794,0.20465572,0.5523193,0.33493,0.7518382,0.43474334,0.8691424,0.81175804,0.54752624,0.058626182,-0.010162137,1.0258226,0.048163965,1.0120666,0.05702234,0.027594168,0.06298228,0.20023519,0.009110875,0.02854899,-0.0057412107,-0.0008947402,0.0046899244,-0.00013339892,0.010884959,0.0016840845,-0.009697944,0.04748576,0.041531622,0.026963055,-0.0024143308,-0.004092008,-0.0009375438,-0.008016647,-0.005983432,-0.014781989,-0.005878143,0.022777632,-0.014331132,0.037046622,0.0062169153,-0.003657408,0.023380876,0.053393185,0.045565777,-0.0051667243,0.024920419,-0.0042679757,-0.006781116,0.022862274,-0.003353957,0.037849527,0.038481355,0.01818642,-0.014779154,-0.011436962,0.033231296,-0.0047078356,0.035841294,0.023024801,-0.009241067,0.029670395,0.028142076,-0.0031462982,0.029344741,-0.013152003,-0.005010262,0.028279357,0.041948337,0.02036263,0.036511853,-0.0077661425,0.025497526,0.037888095,-0.00094205886,0.001983134,0.036650687,0.023874663,-0.00031702965,0.3613984,-0.010690123,0.5368044,-0.005364349,0.46013713,-0.001963891,0.060048893,-0.0055642873,-0.0029589161,0.039183505,-0.009575084,-0.0127407685,-0.012953788,-0.009297468,0.02329132,-0.010544956,0.015728906,0.02909322,0.028833088,0.022190183
0.27497965,0.03725992,0.0046262145,0.0018326938,0.0010900497,0.004904628,-0.0010815263,0.025077365,-0.0042445064,0.013400346,-0.0042878613,-0.0061860085,0.998492,0.42937046,0.004535258,0.08507559,0.5165328,0.94365126,0.0121122,0.08014642,0.8700698,0.9657481,0.72416186,0.98213744,0.032528013,0.79269254,0.034459084,-0.0017580017,0.01171574,-0.005713314,-0.0025558472,-0.007964045,0.9146644,0.5427567,0.46900338,0.53383183,0.0727343,0.08391136,0.011928707,0.032269225,0.016154021,0.00022146851,0.0034944117,0.004230052,0.03595066,0.24277866,0.037444234,0.6020529,0.042531,0.05160868,0.035805583,0.59297144,0.024027914,0.20235637,0.018590212,0.021627724,0.027748019,0.010519922,0.9618212,0.2429673,0.066352785,0.4663224,0.8907167,0.13339242,0.96966463,0.09792656,0.16935766,0.32638097,0.2730238,0.6314454,0.31604046,0.7823852,0.40581322,0.8223585,0.77196944,0.5097575,0.035291642,0.037409782,0.988978,0.052729428,0.9801003,0.026195526,0.0024670064,0.023714736,0.18500207,-0.0026697516,0.011749595,-0.005989477,0.02726233,-0.0009495765,0.029011399,0.024398744,0.03717062,0.011869773,1.0005503,0.96216327,0.6049172,0.010135382,0.03373471,0.02434443,0.034806073,-0.00040794536,0.027816933,0.012242749,0.03651759,0.9717928,0.4100599,-0.0048007667,0.9982079,0.9948906,0.19523951,0.016631544,0.014091898,0.02238983,0.13687399,0.9997426,0.2170109,0.9452326,0.07624775,0.8680701,0.0014516711,0.8408756,0.014758386,0.7183374,0.0072153155,0.099522054,0.32935995,0.88461995,0.3764827,0.94427824,0.8218217,0.9639394,0.2216933,0.93011713,0.0056930184,-0.0017843843,0.03428135,0.023099301,0.018326953,0.020008119,0.7690333,0.8687306,0.47450086,0.7450926,0.013710082,0.0961469,0.45089078,0.9447714,0.517767,0.5562358,0.4242964,0.25817513,0.14708029,0.9154242,0.9966296,1.00584,0.9785309,0.8606262,0.7013057,0.7137304,0.9903885,0.97911143,0.99498266,0.9985909,0.9987509,0.99988973
0.0069414526,0.067150414,0.004829228,0.044751108,0.0053305775,0.040626645,0.019774212,0.060852885,0.012866139,0.05454451,0.010759108,0.008844271,0.011888027,0.4326784,0.0063605905,0.076096535,0.012749046,0.01851201,0.0059186816,0.03204243,0.016830027,0.01721993,0.0136117935,0.012306601,0.0089662075,0.018009856,0.014341831,0.007956207,0.011798322,0.010800645,7.56979e-06,0.01407814,0.013621215,0.5559082,0.47053853,0.51219404,0.031145185,0.03800136,0.010736883,0.030160466,0.01365608,0.0091829,0.014360249,0.009224422,0.026857808,0.2426577,0.028907359,0.5915742,0.015812352,0.037995815,0.044578433,0.6009145,0.005636327,0.20387518,0.008123159,0.02723191,0.0055448413,0.019017443,0.03057471,0.25132585,0.031676024,0.4766295,0.007740736,0.1874225,0.0010752827,0.0970596,0.0067353845,0.27711773,0.26003656,0.6205434,0.31454688,0.7785195,0.05899492,0.8312712,0.012828879,0.52053154,0.021844417,0.013171062,0.004945636,0.06533919,0.009417534,0.04241705,0.010469213,0.043347597,0.0081138015,0.024969094,0.010157049,0.011484166,0.0087810755,0.01469253,0.004176706,0.0031371713,0.008449599,0.006657034,0.021042645,0.0018357635,0.039745122,0.013141811,0.0048865676,0.009213358,0.008085042,0.00619787,0.007559404,0.0063150227,0.0080833435,0.0009251237,0.004632622,0.008108765,0.0012511313,0.010932013,0.031197935,0.020396978,0.010102414,0.009323776,0.0034319758,0.005787041,0.01620628,0.016341893,0.019980416,0.025229752,0.013386428,0.0118652135,0.014216334,0.025802568,0.027097523,0.022215903,0.008965433,0.012396008,0.018443286,0.013704449,0.015835501,0.010453522,0.012298793,0.017230332,0.0052290857,0.020975411,0.0011763461,0.015639454,0.0063076615,0.005981028,0.018192708,0.010462254,0.021578118,0.021775097,0.015830353,0.010523796,0.011026442,0.015376568,0.01142703,0.011995256,0.42784655,0.020587385,0.009426445,0.0066633224,0.012198448,0.012376219,0.011425436,0.012829006,0.009100735,0.012012169,0.011500776,0.011573464,0.00029107928,0.0010797381,0.0022672415,-0.0009768903
0.27497965,0.03725992,0.0046262145,0.0018326938,0.0010900497,0.004904628,-0.0010815263,0.025077365,-0.0042445064,0.013400346,-0.0042878613,-0.0061860085,0.998492,0.42937046,0.004535258,0.08507559,0.5165328,0.94365126,0.0121122,0.08014642,0.8700698,0.9657481,0.72416186,0.98213744,0.032528013,0.79269254,0.034459084,-0.0017580017,0.01171574,-0.005713314,-0.0025558472,-0.007964045,0.9146644,0.5427567,0.46900338,0.53383183,0.0727343,0.08391136,0.011928707,0.032269225,0.016154021,0.00022146851,0.0034944117,0.004230052,0.03595066,0.24277866,0.037444234,0.6020529,0.042531,0.05160868,0.035805583,0.59297144,0.024027914,0.20235637,0.018590212,0.021627724,0.027748019,0.010519922,0.9618212,0.2429673,0.066352785,0.4663224,0.8907167,0.13339242,0.96966463,0.09792656,0.16935766,0.32638097,0.2730238,0.6314454,0.31604046,0.7823852,0.40581322,0.8223585,0.77196944,0.5097575,0.035291642,0.037409782,0.988978,0.052729428,0.9801003,0.026195526,0.0024670064,0.023714736,0.18500207,-0.0026697516,0.011749595,-0.005989477,0.02726233,-0.0009495765,0.029011399,0.024398744,0.03717062,0.011869773,1.0005503,0.96216327,0.6049172,0.010135382,0.03373471,0.02434443,0.034806073,-0.00040794536,0.027816933,0.012242749,0.03651759,0.9717928,0.4100599,-0.0048007667,0.9982079,0.9948906,0.19523951,0.016631544,0.014091898,0.02238983,0.13687399,0.9997426,0.2170109,0.9452326,0.07624775,0.8680701,0.0014516711,0.8408756,0.014758386,0.7183374,0.0072153155,0.099522054,0.32935995,0.88461995,0.3764827,0.94427824,0.8218217,0.9639394,0.2216933,0.93011713,0.0056930184,-0.0017843843,0.03428135,0.023099301,0.018326953,0.020008119,0.7690333,0.8687306,0.47450086,0.7450926,0.013710082,0.0961469,0.45089078,0.9447714,0.517767,0.5562358,0.4242964,0.25817513,0.14708029,0.9154242,0.9966296,1.00584,0.9785309,0.8606262,0.7013057,0.7137304,0.9903885,0.97911143,0.99498266,0.9985909,0.9987509,0.99988973
0.27594253,0.046990532,0.0052515045,0.021255821,0.0032021105,0.029933363,0.022469744,0.027306106,-0.0039384514,0.045542423,0.015671,0.0077243,1.0058107,0.0166078,0.00016202033,0.016398333,0.50962895,0.94999397,0.025020706,0.06435241,0.86057365,0.971501,0.72544855,0.97900665,0.034830876,0.98386633,0.039668366,0.016958877,0.0043350756,0.010921229,0.0106910765,0.0029046386,0.9030389,0.017361233,0.06794534,0.06544219,0.0634062,0.08259244,0.019637063,0.038439374,0.0047377422,0.02290016,0.0067976676,0.0069770184,0.026130203,0.019248858,0.018400744,0.040136054,0.029196719,0.03511864,0.010262951,0.05297368,0.012736455,0.051700607,0.012624554,0.019541819,0.0030396879,0.017478347,0.9589803,0.052332778,0.023432111,0.092523634,0.9381808,0.04121589,0.99087286,0.019283744,0.5436732,0.036646586,0.042142622,0.057610363,0.06248574,0.06653377,0.40304255,0.7286866,0.76988924,0.0084937215,0.041997164,0.046737395,0.9895713,0.01695799,0.9727131,0.0022438597,0.0032132268,0.0038288906,0.19588952,0.019991778,0.0041939206,0.007186666,0.0055374205,0.012015015,0.009902827,0.010839533,0.006265592,0.007916382,0.99139893,0.16795982,0.22613339,0.0126010515,0.0060231537,0.016494125,0.0090355985,0.0073554516,0.017781835,0.0012459438,0.03220116,0.12966453,0.012542723,0.010338664,0.9925378,0.71655047,0.036589492,0.021681067,0.0058080107,0.005254682,0.020441368,0.98024714,0.2160922,0.9436771,0.07789667,0.86854064,0.015413016,0.8518518,0.01154152,0.70426595,0.018342841,0.10531097,0.32804248,0.881724,0.3881133,0.9424441,0.82448256,0.9508743,0.2197782,0.93075716,0.009318743,0.02170986,0.8885753,0.035939515,0.03853703,0.031215802,0.85152304,0.59102905,0.62343466,0.742511,0.01845714,0.042432472,0.44435045,0.93698865,0.8146875,0.8643,0.13041432,0.59247017,0.1556235,0.9105778,1.0006675,0.99131775,0.971585,0.87765455,0.6881013,0.7240669,0.98565376,0.9796946,0.9992245,0.9934465,1.0011867,1.0037751
0.2759425,0.046990473,0.005251512,0.021255754,0.0032020807,0.029933363,0.022469848,0.027306022,-0.0039384216,0.045542464,0.015671015,0.0077240765,1.0058107,0.016607888,0.00016202033,0.016398363,0.50962913,0.94999385,0.02502078,0.06435238,0.86057365,0.971501,0.7254486,0.9790065,0.034830827,0.9838663,0.039668426,0.01695899,0.0043351203,0.010921236,0.0106910765,0.0029047094,0.90303886,0.017361226,0.067945324,0.06544225,0.063406125,0.08259247,0.019637115,0.038439382,0.004737735,0.022900168,0.0067976676,0.0069769803,0.026130155,0.019248754,0.018400699,0.04013606,0.029196654,0.035118677,0.010262981,0.05297358,0.012736529,0.051700547,0.0126244575,0.019541807,0.0030395947,0.017478421,0.95898026,0.052332774,0.023432143,0.09252359,0.9381809,0.04121589,0.990873,0.019283732,0.5436733,0.036646627,0.04214271,0.05761026,0.062485814,0.066533834,0.4030425,0.7286866,0.76988935,0.008493859,0.04199712,0.046737388,0.9895712,0.01695805,0.97271305,0.0022439137,0.003213346,0.00382898,0.1958894,0.019991718,0.0041938573,0.007186666,0.005537525,0.012015032,0.009902969,0.010839472,0.006265562,0.007916397,0.99139917,0.16795991,0.22613342,0.012600997,0.0060231388,0.016494162,0.00903558,0.007355377,0.017781816,0.0012460873,0.03220102,0.12966454,0.012542607,0.010338679,0.99253774,0.71655035,0.036589384,0.021681163,0.0058080927,0.0052547157,0.020441331,0.9802469,0.21609223,0.94367707,0.07789658,0.8685406,0.015412953,0.8518518,0.011541407,0.70426595,0.018342894,0.10531092,0.3280425,0.88172376,0.38811314,0.9424441,0.82448256,0.9508743,0.21977818,0.93075705,0.009318873,0.02170986,0.8885753,0.035939574,0.03853701,0.031215802,0.8515229,0.5910289,0.62343454,0.7425109,0.018457167,0.042432472,0.44435042,0.9369886,0.81468767,0.8643,0.13041435,0.59247,0.15562347,0.9105778,1.0006673,0.9913176,0.97158504,0.8776547,0.68810123,0.7240669,0.98565364,0.9796946,0.99922454,0.9934465,1.0011866,1.003775
0.27497965,0.03725992,0.0046262145,0.0018326938,0.0010900497,0.004904628,-0.0010815263,0.025077365,-0.0042445064,0.013400346,-0.0042878613,-0.0061860085,0.998492,0.42937046,0.004535258,0.08507559,0.5165328,0.94365126,0.0121122,0.08014642,0.8700698,0.9657481,0.72416186,0.98213744,0.032528013,0.79269254,0.034459084,-0.0017580017,0.01171574,-0.005713314,-0.0025558472,-0.007964045,0.9146644,0.5427567,0.46900338,0.53383183,0.0727343,0.08391136,0.011928707,0.032269225,0.016154021,0.00022146851,0.0034944117,0.004230052,0.03595066,0.24277866,0.037444234,0.6020529,0.042531,0.05160868,0.035805583,0.59297144,0.024027914,0.20235637,0.018590212,0.021627724,0.027748019,0.010519922,0.9618212,0.2429673,0.066352785,0.4663224,0.8907167,0.13339242,0.96966463,0.09792656,0.16935766,0.32638097,0.2730238,0.6314454,0.31604046,0.7823852,0.40581322,0.8223585,0.77196944,0.5097575,0.035291642,0.037409782,0.988978,0.052729428,0.9801003,0.026195526,0.0024670064,0.023714736,0.18500207,-0.0026697516,0.011749595,-0.005989477,0.02726233,-0.0009495765,0.029011399,0.024398744,0.03717062,0.011869773,1.0005503,0.96216327,0.6049172,0.010135382,0.03373471,0.02434443,0.034806073,-0.00040794536,0.027816933,0.012242749,0.03651759,0.9717928,0.4100599,-0.0048007667,0.9982079,0.9948906,0.19523951,0.016631544,0.014091898,0.02238983,0.13687399,0.9997426,0.2170109,0.9452326,0.07624775,0.8680701,0.0014516711,0.8408756,0.014758386,0.7183374,0.0072153155,0.099522054,0.32935995,0.88461995,0.3764827,0.94427824,0.8218217,0.9639394,0.2216933,0.93011713,0.0056930184,-0.0017843843,0.03428135,0.023099301,0.018326953,0.020008119,0.7690333,0.8687306,0.47450086,0.7450926,0.013710082,0.0961469,0.45089078,0.9447714,0.517767,0.5562358,0.4242964,0.25817513,0.14708029,0.9154242,0.9966296,1.00584,0.9785309,0.8606262,0.7013057,0.7137304,0.9903885,0.97911143,0.99498266,0.9985909,0.9987509,0.99988973
0.30093083,0.07135017,0.035930917,0.029728375,0.026947562,0.010411426,0.0247625,0.02611915,-0.002093412,0.014098112,-0.004751846,0.0043759355,1.0310585,0.45966047,-0.0025768355,0.05286076,0.021412626,-0.0039757267,0.0028375797,0.062049296,0.9046525,0.6271138,0.57885516,0.5680772,0.043628976,0.073353305,0.0118826255,0.022816435,-0.0049530193,-0.00569883,0.026523437,-0.0144408345,0.94487536,0.5467396,0.49875683,0.37366682,0.0595229,0.016883515,0.034351733,0.054890893,-0.0060673063,-0.0011706874,-0.005318217,-0.005828239,-0.005580136,0.263011,-0.00090537965,0.62235737,0.04505711,0.010940991,-0.005247913,0.6274549,-0.0076554045,0.22845057,0.028168537,-0.0015041009,0.027741214,0.04470155,0.9991002,0.26998943,0.0005555153,0.4971499,0.90045655,0.16604954,1.0058169,0.11631431,0.17835334,0.30134785,0.20465563,0.5523193,0.3349299,0.75183797,0.43474326,0.86914235,0.8117579,0.5475261,0.058626123,-0.010162085,1.0258225,0.048164025,1.0120667,0.057022274,0.027594123,0.06298216,0.20023513,0.009110957,0.028548924,-0.0057411455,-0.0008947402,0.0046900064,-0.00013330579,0.01088506,0.0016841143,-0.009697884,0.04748571,0.041531533,0.026963077,-0.0024142563,-0.0040919334,-0.0009374544,-0.008016538,-0.0059833517,-0.01478187,-0.0058780536,0.022777602,-0.014331102,0.037046555,0.006216971,-0.003657356,0.02338086,0.05339309,0.045565717,-0.0051665753,0.024920382,-0.004267931,-0.0067810416,0.022862215,-0.003353905,0.03784948,0.038481265,0.01818639,-0.014779061,-0.011436902,0.03323128,-0.004707724,0.035841286,0.023024764,-0.0092410445,0.029670313,0.028142001,-0.0031462684,0.029344648,-0.0131518915,-0.00501024,0.028279282,0.0419483,0.020362556,0.036511797,-0.007766083,0.025497481,0.037888043,-0.00094199926,0.0019831695,0.036650635,0.023874596,-0.0003170073,0.36139846,-0.010690045,0.53680426,-0.005364284,0.46013704,-0.0019637868,0.060048863,-0.0055642575,-0.002958864,0.03918337,-0.0095750615,-0.012740657,-0.012953721,-0.0092974305,0.023291245,-0.010544933,0.015728854,0.029093117,0.028833013,0.022190124
0.7472198,0.023521751,0.653711,0.019023359,0.108552545,0.020008475,0.010615006,0.13333109,0.008231655,0.013306007,0.008331716,0.011823222,0.98574185,0.5814836,0.07530294,0.38117588,0.992884,0.9910946,0.12804723,0.07161316,0.9591242,0.95990753,0.9863228,0.9909122,0.9902731,0.76217127,0.97862244,0.0074262023,0.9879116,0.0123176575,0.008429199,0.011034787,0.9795717,0.8845464,0.46627387,0.34824774,0.047133893,0.07343957,0.011139438,0.029081382,0.012194831,0.015822977,0.014826003,0.008914828,0.027886152,0.34706998,0.03030163,0.6185271,0.037621126,0.037497178,0.024911016,0.53020895,0.0129070245,0.026055723,0.010774404,0.016177386,0.010916263,0.021801725,0.96333134,0.05267039,0.070827454,0.08117622,0.9156275,0.040061355,0.98332304,0.022556603,0.159722,0.05395162,0.22985692,0.5549836,0.41867536,0.6265609,0.7416543,0.9717149,0.9843403,0.9064857,0.9157157,0.27965966,0.9756402,0.13797581,0.962338,0.042525202,0.011213005,0.038409792,0.17272437,0.013489008,0.009841189,0.014669314,0.010870993,0.011236094,0.010969013,0.014906049,0.010954894,0.009423904,0.99043876,0.16890052,0.2184622,0.008819684,0.011261836,0.014444977,0.010967702,0.0074965805,0.010855943,0.00776577,0.9921111,0.9758066,0.8777701,0.009941757,0.9923514,0.7115953,0.012267888,0.008346111,0.008476675,0.004622154,0.9563645,0.99199486,0.9320487,0.98008835,0.27256343,0.930176,0.9086055,0.9823957,0.43182272,0.89191854,0.012287453,0.11166662,0.95004785,0.97974586,0.9928861,0.992538,0.9813563,0.98969185,0.90545577,0.9870445,0.010961704,0.014398903,0.038280297,0.021542445,0.013881862,0.023136519,0.76318854,0.59149957,0.6281712,0.74207896,0.011440903,0.036876336,0.98486054,0.99081874,0.50000596,0.551284,0.7615657,0.25115392,0.9912358,0.99261284,0.99290806,0.9928458,0.99289596,0.9919959,0.9928264,0.9872563,0.99290633,0.9928325,0.9927676,0.9928534,0.99277437,0.9927567
0.0069414526,0.067150414,0.004829228,0.044751108,0.0053305775,0.040626645,0.019774212,0.060852885,0.012866139,0.05454451,0.010759108,0.008844271,0.011888027,0.4326784,0.0063605905,0.076096535,0.012749046,0.01851201,0.0059186816,0.03204243,0.016830027,0.01721993,0.0136117935,0.012306601,0.0089662075,0.018009856,0.014341831,0.007956207,0.011798322,0.010800645,7.56979e-06,0.01407814,0.013621215,0.5559082,0.47053853,0.51219404,0.031145185,0.03800136,0.010736883,0.030160466,0.01365608,0.0091829,0.014360249,0.009224422,0.026857808,0.2426577,0.028907359,0.5915742,0.015812352,0.037995815,0.044578433,0.6009145,0.005636327,0.20387518,0.008123159,0.02723191,0.0055448413,0.019017443,0.03057471,0.25132585,0.031676024,0.4766295,0.007740736,0.1874225,0.0010752827,0.0970596,0.0067353845,0.27711773,0.26003656,0.6205434,0.31454688,0.7785195,0.05899492,0.8312712,0.012828879,0.52053154,0.021844417,0.013171062,0.004945636,0.06533919,0.009417534,0.04241705,0.010469213,0.043347597,0.0081138015,0.024969094,0.010157049,0.011484166,0.0087810755,0.01469253,0.004176706,0.0031371713,0.008449599,0.006657034,0.021042645,0.0018357635,0.039745122,0.013141811,0.0048865676,0.009213358,0.008085042,0.00619787,0.007559404,0.0063150227,0.0080833435,0.0009251237,0.004632622,0.008108765,0.0012511313,0.010932013,0.031197935,0.020396978,0.010102414,0.009323776,0.0034319758,0.005787041,0.01620628,0.016341893,0.019980416,0.025229752,0.013386428,0.0118652135,0.014216334,0.025802568,0.027097523,0.022215903,0.008965433,0.012396008,0.018443286,0.013704449,0.015835501,0.010453522,0.012298793,0.017230332,0.0052290857,0.020975411,0.0011763461,0.015639454,0.0063076615,0.005981028,0.018192708,0.010462254,0.021578118,0.021775097,0.015830353,0.010523796,0.011026442,0.015376568,0.01142703,0.011995256,0.42784655,0.020587385,0.009426445,0.0066633224,0.012198448,0.012376219,0.011425436,0.012829006,0.009100735,0.012012169,0.011500776,0.011573464,0.00029107928,0.0010797381,0.0022672415,-0.0009768903
0.30093092,0.07135026,0.035930984,0.029728405,0.026947599,0.010411337,0.024762556,0.02611915,-0.0020934418,0.014098059,-0.0047518983,0.0043758946,1.0310587,0.45966047,-0.0025769025,0.052860707,0.02141267,-0.0039757863,0.0028375667,0.062049367,0.9046524,0.627114,0.5788553,0.5680771,0.04362897,0.073353305,0.011882581,0.022816598,-0.004953064,-0.0056988,0.026523482,-0.014440939,0.9448754,0.5467395,0.49875695,0.37366688,0.059522923,0.016883455,0.034351762,0.054890938,-0.0060673296,-0.0011707395,-0.005318243,-0.005828269,-0.005580153,0.26301104,-0.0009054169,0.62235737,0.045057133,0.010940962,-0.0052479706,0.6274549,-0.0076554194,0.22845063,0.028168619,-0.0015041605,0.027741289,0.04470156,0.99910027,0.2699895,0.0005555153,0.49714997,0.90045655,0.1660496,1.005817,0.11631436,0.1783534,0.30134797,0.20465568,0.5523193,0.33493003,0.7518381,0.43474334,0.8691424,0.8117579,0.5475263,0.058626153,-0.01016213,1.0258225,0.048163995,1.0120668,0.057022337,0.02759415,0.06298227,0.20023517,0.0091109,0.028548988,-0.005741192,-0.0008947551,0.004689917,-0.00013336539,0.010885004,0.0016840696,-0.009697914,0.04748573,0.041531585,0.026963063,-0.0024142861,-0.004091963,-0.0009376183,-0.008016623,-0.005983404,-0.014781967,-0.0058781505,0.022777632,-0.014331058,0.037046615,0.0062169638,-0.0036574155,0.023380876,0.05339313,0.045565754,-0.00516665,0.024920404,-0.0042679757,-0.006781131,0.02286224,-0.0033539087,0.03784951,0.038481332,0.018186405,-0.014779117,-0.011436917,0.03323134,-0.0047077835,0.03584131,0.023024801,-0.009241059,0.029670335,0.028142031,-0.0031462833,0.029344693,-0.013151988,-0.005010277,0.028279327,0.04194832,0.020362705,0.036511846,-0.007766135,0.025497481,0.03788809,-0.0009420216,0.0019831425,0.03665069,0.02387464,-0.0003170222,0.36139855,-0.0106900595,0.5368043,-0.0053643156,0.46013713,-0.0019638464,0.060048886,-0.0055642426,-0.0029588938,0.03918343,-0.0095750615,-0.012740709,-0.012953766,-0.009297445,0.02329132,-0.010544926,0.015728883,0.029093131,0.028833117,0.022190168
0.0069414526,0.067150414,0.004829228,0.044751108,0.0053305775,0.040626645,0.019774212,0.060852885,0.012866139,0.05454451,0.010759108,0.008844271,0.011888027,0.4326784,0.0063605905,0.076096535,0.012749046,0.01851201,0.0059186816,0.03204243,0.016830027,0.01721993,0.0136117935,0.012306601,0.0089662075,0.018009856,0.014341831,0.007956207,0.011798322,0.010800645,7.56979e-06,0.01407814,0.013621215,0.5559082,0.47053853,0.51219404,0.031145185,0.03800136,0.010736883,0.030160466,0.01365608,0.0091829,0.014360249,0.009224422,0.026857808,0.2426577,0.028907359,0.5915742,0.015812352,0.037995815,0.044578433,0.6009145,0.005636327,0.20387518,0.008123159,0.02723191,0.0055448413,0.019017443,0.03057471,0.25132585,0.031676024,0.4766295,0.007740736,0.1874225,0.0010752827,0.0970596,0.0067353845,0.27711773,0.26003656,0.6205434,0.31454688,0.7785195,0.05899492,0.8312712,0.012828879,0.52053154,0.021844417,0.013171062,0.004945636,0.06533919,0.009417534,0.04241705,0.010469213,0.043347597,0.0081138015,0.024969094,0.010157049,0.011484166,0.0087810755,0.01469253,0.004176706,0.0031371713,0.008449599,0.006657034,0.021042645,0.0018357635,0.039745122,0.013141811,0.0048865676,0.009213358,0.008085042,0.00619787,0.007559404,0.0063150227,0.0080833435,0.0009251237,0.004632622,0.008108765,0.0012511313,0.010932013,0.031197935,0.020396978,0.010102414,0.009323776,0.0034319758,0.005787041,0.01620628,0.016341893,0.019980416,0.025229752,0.013386428,0.0118652135,0.014216334,0.025802568,0.027097523,0.022215903,0.008965433,0.012396008,0.018443286,0.013704449,0.015835501,0.010453522,0.012298793,0.017230332,0.0052290857,0.020975411,0.0011763461,0.015639454,0.0063076615,0.005981028,0.018192708,0.010462254,0.021578118,0.021775097,0.015830353,0.010523796,0.011026442,0.015376568,0.01142703,0.011995256,0.42784655,0.020587385,0.009426445,0.0066633224,0.012198448,0.012376219,0.011425436,0.012829006,0.009100735,0.012012169,0.011500776,0.011573464,0.00029107928,0.0010797381,0.0022672415,-0.0009768903
0.0069414526,0.067150414,0.004829228,0.044751108,0.0053305775,0.040626645,0.019774212,0.060852885,0.012866139,0.05454451,0.010759108,0.008844271,0.011888027,0.4326784,0.0063605905,0.076096535,0.012749046,0.01851201,0.0059186816,0.03204243,0.016830027,0.01721993,0.0136117935,0.012306601,0.0089662075,0.018009856,0.014341831,0.007956207,0.011798322,0.010800645,7.56979e-06,0.01407814,0.013621215,0.5559082,0.47053853,0.51219404,0.031145185,0.03800136,0.010736883,0.030160466,0.01365608,0.0091829,0.014360249,0.009224422,0.026857808,0.2426577,0.028907359,0.5915742,0.015812352,0.037995815,0.044578433,0.6009145,0.005636327,0.20387518,0.008123159,0.02723191,0.0055448413,0.019017443,0.03057471,0.25132585,0.031676024,0.4766295,0.007740736,0.1874225,0.0010752827,0.0970596,0.0067353845,0.27711773,0.26003656,0.6205434,0.31454688,0.7785195,0.05899492,0.8312712,0.012828879,0.52053154,0.021844417,0.013171062,0.004945636,0.06533919,0.009417534,0.04241705,0.010469213,0.043347597,0.0081138015,0.024969094,0.010157049,0.011484166,0.0087810755,0.01469253,0.004176706,0.0031371713,0.008449599,0.006657034,0.021042645,0.0018357635,0.039745122,0.013141811,0.0048865676,0.009213358,0.008085042,0.00619787,0.007559404,0.0063150227,0.0080833435,0.0009251237,0.004632622,0.008108765,0.0012511313,0.010932013,0.031197935,0.020396978,0.010102414,0.009323776,0.0034319758,0.005787041,0.01620628,0.016341893,0.019980416,0.025229752,0.013386428,0.0118652135,0.014216334,0.025802568,0.027097523,0.022215903,0.008965433,0.012396008,0.018443286,0.013704449,0.015835501,0.010453522,0.012298793,0.017230332,0.0052290857,0.020975411,0.0011763461,0.015639454,0.0063076615,0.005981028,0.018192708,0.010462254,0.021578118,0.021775097,0.015830353,0.010523796,0.011026442,0.015376568,0.01142703,0.011995256,0.42784655,0.020587385,0.009426445,0.0066633224,0.012198448,0.012376219,0.011425436,0.012829006,0.009100735,0.012012169,0.011500776,0.011573464,0.00029107928,0.0010797381,0.0022672415,-0.0009768903
0.2759425,0.046990473,0.005251512,0.021255754,0.0032020807,0.029933363,0.022469848,0.027306022,-0.0039384216,0.045542464,0.015671015,0.0077240765,1.0058107,0.016607888,0.00016202033,0.016398363,0.50962913,0.94999385,0.02502078,0.06435238,0.86057365,0.971501,0.7254486,0.9790065,0.034830827,0.9838663,0.039668426,0.01695899,0.0043351203,0.010921236,0.0106910765,0.0029047094,0.90303886,0.017361226,0.067945324,0.06544225,0.063406125,0.08259247,0.019637115,0.038439382,0.004737735,0.022900168,0.0067976676,0.0069769803,0.026130155,0.019248754,0.018400699,0.04013606,0.029196654,0.035118677,0.010262981,0.05297358,0.012736529,0.051700547,0.0126244575,0.019541807,0.0030395947,0.017478421,0.95898026,0.052332774,0.023432143,0.09252359,0.9381809,0.04121589,0.990873,0.019283732,0.5436733,0.036646627,0.04214271,0.05761026,0.062485814,0.066533834,0.4030425,0.7286866,0.76988935,0.008493859,0.04199712,0.046737388,0.9895712,0.01695805,0.97271305,0.0022439137,0.003213346,0.00382898,0.1958894,0.019991718,0.0041938573,0.007186666,0.005537525,0.012015032,0.009902969,0.010839472,0.006265562,0.007916397,0.99139917,0.16795991,0.22613342,0.012600997,0.0060231388,0.016494162,0.00903558,0.007355377,0.017781816,0.0012460873,0.03220102,0.12966454,0.012542607,0.010338679,0.99253774,0.71655035,0.036589384,0.021681163,0.0058080927,0.0052547157,0.020441331,0.9802469,0.21609223,0.94367707,0.07789658,0.8685406,0.015412953,0.8518518,0.011541407,0.70426595,0.018342894,0.10531092,0.3280425,0.88172376,0.38811314,0.9424441,0.82448256,0.9508743,0.21977818,0.93075705,0.009318873,0.02170986,0.8885753,0.035939574,0.03853701,0.031215802,0.8515229,0.5910289,0.62343454,0.7425109,0.018457167,0.042432472,0.44435042,0.9369886,0.81468767,0.8643,0.13041435,0.59247,0.15562347,0.9105778,1.0006673,0.9913176,0.97158504,0.8776547,0.68810123,0.7240669,0.98565364,0.9796946,0.99922454,0.9934465,1.0011866,1.003775
0.300931,0.07135028,0.035931,0.029728495,0.026947632,0.010411322,0.024762575,0.026119083,-0.0020934716,0.014098059,-0.0047518983,0.004375905,1.0310585,0.45966053,-0.0025769696,0.052860655,0.02141273,-0.0039758533,0.002837507,0.06204935,0.9046524,0.62711394,0.5788553,0.5680771,0.043629035,0.07335335,0.011882521,0.022816598,-0.004953094,-0.005698867,0.026523542,-0.014440946,0.9448755,0.54673946,0.498757,0.3736668,0.059522983,0.016883425,0.034351774,0.05489097,-0.0060674064,-0.001170814,-0.0053182915,-0.0058283135,-0.0055802492,0.26301104,-0.00090548024,0.6223574,0.0450572,0.01094085,-0.0052480046,0.6274549,-0.0076555014,0.22845064,0.028168648,-0.0015041828,0.0277413,0.04470159,0.9991002,0.26998943,0.0005554259,0.49715,0.90045667,0.16604967,1.005817,0.116314374,0.17835343,0.30134797,0.2046557,0.55231917,0.33493,0.7518381,0.43474334,0.8691424,0.8117579,0.54752624,0.058626257,-0.010162167,1.0258225,0.048163906,1.0120667,0.057022363,0.027594201,0.06298223,0.20023522,0.009110851,0.028549016,-0.005741205,-0.0008948222,0.00468985,-0.00013337284,0.010884931,0.0016840398,-0.009697989,0.047485784,0.041531615,0.026962958,-0.0024144053,-0.004092023,-0.0009375438,-0.008016643,-0.00598343,-0.014781952,-0.005878195,0.022777706,-0.014331207,0.03704662,0.0062169265,-0.003657475,0.02338092,0.05339316,0.04556579,-0.0051667243,0.024920426,-0.00426805,-0.006781161,0.022862338,-0.0033539794,0.037849545,0.038481377,0.01818645,-0.014779195,-0.011436939,0.033231303,-0.0047078207,0.035841305,0.023024831,-0.009241097,0.029670388,0.02814211,-0.0031462833,0.02934473,-0.013152033,-0.005010329,0.02827932,0.041948367,0.02036272,0.03651187,-0.007766135,0.0254976,0.037888095,-0.0009421557,0.0019831052,0.036650747,0.023874722,-0.00031708926,0.3613984,-0.010690078,0.5368045,-0.0053643826,0.4601372,-0.001963891,0.060048945,-0.0055643097,-0.0029589608,0.039183453,-0.009575114,-0.0127407685,-0.012953799,-0.009297438,0.023291364,-0.010544956,0.015728906,0.029093206,0.02883311,0.022190213
0.30093092,0.07135026,0.035930984,0.029728405,0.026947599,0.010411337,0.024762556,0.02611915,-0.0020934418,0.014098059,-0.0047518983,0.0043758946,1.0310587,0.45966047,-0.0025769025,0.052860707,0.02141267,-0.0039757863,0.0028375667,0.062049367,0.9046524,0.627114,0.5788553,0.5680771,0.04362897,0.073353305,0.011882581,0.022816598,-0.004953064,-0.0056988,0.026523482,-0.014440939,0.9448754,0.5467395,0.49875695,0.37366688,0.059522923,0.016883455,0.034351762,0.054890938,-0.0060673296,-0.0011707395,-0.005318243,-0.005828269,-0.005580153,0.26301104,-0.0009054169,0.62235737,0.045057133,0.010940962,-0.0052479706,0.6274549,-0.0076554194,0.22845063,0.028168619,-0.0015041605,0.027741289,0.04470156,0.99910027,0.2699895,0.0005555153,0.49714997,0.90045655,0.1660496,1.005817,0.11631436,0.1783534,0.30134797,0.20465568,0.5523193,0.33493003,0.7518381,0.43474334,0.8691424,0.8117579,0.5475263,0.058626153,-0.01016213,1.0258225,0.048163995,1.0120668,0.057022337,0.02759415,0.06298227,0.20023517,0.0091109,0.028548988,-0.005741192,-0.0008947551,0.004689917,-0.00013336539,0.010885004,0.0016840696,-0.009697914,0.04748573,0.041531585,0.026963063,-0.0024142861,-0.004091963,-0.0009376183,-0.008016623,-0.005983404,-0.014781967,-0.0058781505,0.022777632,-0.014331058,0.037046615,0.0062169638,-0.0036574155,0.023380876,0.05339313,0.045565754,-0.00516665,0.024920404,-0.0042679757,-0.006781131,0.02286224,-0.0033539087,0.03784951,0.038481332,0.018186405,-0.014779117,-0.011436917,0.03323134,-0.0047077835,0.03584131,0.023024801,-0.009241059,0.029670335,0.028142031,-0.0031462833,0.029344693,-0.013151988,-0.005010277,0.028279327,0.04194832,0.020362705,0.036511846,-0.007766135,0.025497481,0.03788809,-0.0009420216,0.0019831425,0.03665069,0.02387464,-0.0003170222,0.36139855,-0.0106900595,0.5368043,-0.0053643156,0.46013713,-0.0019638464,0.060048886,-0.0055642426,-0.0029588938,0.03918343,-0.0095750615,-0.012740709,-0.012953766,-0.009297445,0.02329132,-0.010544926,0.015728883,0.029093131,0.028833117,0.022190168
0.2759425,0.046990514,0.0052515343,0.021255698,0.0032021254,0.029933363,0.022469789,0.027305951,-0.0039385706,0.045542352,0.01567103,0.007724181,1.0058107,0.016607808,0.00016197562,0.016398333,0.509629,0.94999385,0.02502078,0.06435246,0.86057365,0.97150105,0.7254486,0.97900665,0.034830898,0.98386633,0.039668337,0.016958907,0.0043350756,0.010921281,0.010691166,0.0029046535,0.903039,0.017361203,0.06794537,0.065442294,0.063406155,0.08259247,0.019637048,0.038439367,0.004737735,0.022900146,0.006797649,0.0069769975,0.026130263,0.019248724,0.01840067,0.04013606,0.029196609,0.035118677,0.010262981,0.052973647,0.012736484,0.051700667,0.012624539,0.019541774,0.003039673,0.017478451,0.9589803,0.05233269,0.023432108,0.092523575,0.93818086,0.041215964,0.99087286,0.01928371,0.54367304,0.036646694,0.04214263,0.057610363,0.062485754,0.06653379,0.4030425,0.7286866,0.76988935,0.008493789,0.04199712,0.046737373,0.989571,0.01695799,0.97271305,0.002243923,0.003213346,0.0038289167,0.19588947,0.019991867,0.004193887,0.007186733,0.005537495,0.012015041,0.009902954,0.010839453,0.0062655695,0.007916407,0.99139917,0.16795987,0.22613347,0.012601137,0.006023109,0.016494185,0.009035658,0.0073554367,0.017781865,0.0012460351,0.0322011,0.12966448,0.012542671,0.010338664,0.99253756,0.71655047,0.036589377,0.02168107,0.005808126,0.005254673,0.020441353,0.980247,0.2160922,0.94367707,0.077896655,0.8685406,0.01541304,0.8518517,0.011541444,0.70426595,0.018342914,0.105311036,0.32804245,0.881724,0.3881131,0.9424439,0.8244825,0.9508743,0.2197783,0.9307571,0.009318814,0.02170983,0.8885752,0.035939515,0.03853709,0.031215832,0.85152286,0.5910289,0.62343454,0.7425109,0.018457146,0.042432472,0.44435042,0.93698865,0.8146876,0.8643,0.1304144,0.59247,0.1556235,0.91057765,1.0006673,0.9913175,0.97158504,0.8776544,0.6881012,0.72406673,0.98565376,0.9796946,0.99922454,0.99344635,1.0011866,1.0037751
0.7472198,0.023521751,0.653711,0.019023359,0.108552545,0.020008475,0.010615006,0.13333109,0.008231655,0.013306007,0.008331716,0.011823222,0.98574185,0.5814836,0.07530294,0.38117588,0.992884,0.9910946,0.12804723,0.07161316,0.9591242,0.95990753,0.9863228,0.9909122,0.9902731,0.76217127,0.97862244,0.0074262023,0.9879116,0.0123176575,0.008429199,0.011034787,0.9795717,0.8845464,0.46627387,0.34824774,0.047133893,0.07343957,0.011139438,0.029081382,0.012194831,0.015822977,0.014826003,0.008914828,0.027886152,0.34706998,0.03030163,0.6185271,0.037621126,0.037497178,0.024911016,0.53020895,0.0129070245,0.026055723,0.010774404,0.016177386,0.010916263,0.021801725,0.96333134,0.05267039,0.070827454,0.08117622,0.9156275,0.040061355,0.98332304,0.022556603,0.159722,0.05395162,0.22985692,0.5549836,0.41867536,0.6265609,0.7416543,0.9717149,0.9843403,0.9064857,0.9157157,0.27965966,0.9756402,0.13797581,0.962338,0.042525202,0.011213005,0.038409792,0.17272437,0.013489008,0.009841189,0.014669314,0.010870993,0.011236094,0.010969013,0.014906049,0.010954894,0.009423904,0.99043876,0.16890052,0.2184622,0.008819684,0.011261836,0.014444977,0.010967702,0.0074965805,0.010855943,0.00776577,0.9921111,0.9758066,0.8777701,0.009941757,0.9923514,0.7115953,0.012267888,0.008346111,0.008476675,0.004622154,0.9563645,0.99199486,0.9320487,0.98008835,0.27256343,0.930176,0.9086055,0.9823957,0.43182272,0.89191854,0.012287453,0.11166662,0.95004785,0.97974586,0.9928861,0.992538,0.9813563,0.98969185,0.90545577,0.9870445,0.010961704,0.014398903,0.038280297,0.021542445,0.013881862,0.023136519,0.76318854,0.59149957,0.6281712,0.74207896,0.011440903,0.036876336,0.98486054,0.99081874,0.50000596,0.551284,0.7615657,0.25115392,0.9912358,0.99261284,0.99290806,0.9928458,0.99289596,0.9919959,0.9928264,0.9872563,0.99290633,0.9928325,0.9927676,0.9928534,0.99277437,0.9927567
0.27497965,0.03725992,0.0046262145,0.0018326938,0.0010900497,0.004904628,-0.0010815263,0.025077365,-0.0042445064,0.013400346,-0.0042878613,-0.0061860085,0.998492,0.42937046,0.004535258,0.08507559,0.5165328,0.94365126,0.0121122,0.08014642,0.8700698,0.9657481,0.72416186,0.98213744,0.032528013,0.79269254,0.034459084,-0.0017580017,0.01171574,-0.005713314,-0.0025558472,-0.007964045,0.9146644,0.5427567,0.46900338,0.53383183,0.0727343,0.08391136,0.011928707,0.032269225,0.016154021,0.00022146851,0.0034944117,0.004230052,0.03595066,0.24277866,0.037444234,0.6020529,0.042531,0.05160868,0.035805583,0.59297144,0.024027914,0.20235637,0.018590212,0.021627724,0.027748019,0.010519922,0.9618212,0.2429673,0.066352785,0.4663224,0.8907167,0.13339242,0.96966463,0.09792656,0.16935766,0.32638097,0.2730238,0.6314454,0.31604046,0.7823852,0.40581322,0.8223585,0.77196944,0.5097575,0.035291642,0.037409782,0.988978,0.052729428,0.9801003,0.026195526,0.0024670064,0.023714736,0.18500207,-0.0026697516,0.011749595,-0.005989477,0.02726233,-0.0009495765,0.029011399,0.024398744,0.03717062,0.011869773,1.0005503,0.96216327,0.6049172,0.010135382,0.03373471,0.02434443,0.034806073,-0.00040794536,0.027816933,0.012242749,0.03651759,0.9717928,0.4100599,-0.0048007667,0.9982079,0.9948906,0.19523951,0.016631544,0.014091898,0.02238983,0.13687399,0.9997426,0.2170109,0.9452326,0.07624775,0.8680701,0.0014516711,0.8408756,0.014758386,0.7183374,0.0072153155,0.099522054,0.32935995,0.88461995,0.3764827,0.94427824,0.8218217,0.9639394,0.2216933,0.93011713,0.0056930184,-0.0017843843,0.03428135,0.023099301,0.018326953,0.020008119,0.7690333,0.8687306,0.47450086,0.7450926,0.013710082,0.0961469,0.45089078,0.9447714,0.517767,0.5562358,0.4242964,0.25817513,0.14708029,0.9154242,0.9966296,1.00584,0.9785309,0.8606262,0.7013057,0.7137304,0.9903885,0.97911143,0.99498266,0.9985909,0.9987509,0.99988973
0.27497965,0.03725992,0.0046262145,0.0018326938,0.0010900497,0.004904628,-0.0010815263,0.025077365,-0.0042445064,0.013400346,-0.0042878613,-0.0061860085,0.998492,0.42937046,0.004535258,0.08507559,0.5165328,0.94365126,0.0121122,0.08014642,0.8700698,0.9657481,0.72416186,0.98213744,0.032528013,0.79269254,0.034459084,-0.0017580017,0.01171574,-0.005713314,-0.0025558472,-0.007964045,0.9146644,0.5427567,0.46900338,0.53383183,0.0727343,0.08391136,0.011928707,0.032269225,0.016154021,0.00022146851,0.0034944117,0.004230052,0.03595066,0.24277866,0.037444234,0.6020529,0.042531,0.05160868,0.035805583,0.59297144,0.024027914,0.20235637,0.018590212,0.021627724,0.027748019,0.010519922,0.9618212,0.2429673,0.066352785,0.4663224,0.8907167,0.13339242,0.96966463,0.09792656,0.16935766,0.32638097,0.2730238,0.6314454,0.31604046,0.7823852,0.40581322,0.8223585,0.77196944,0.5097575,0.035291642,0.037409782,0.988978,0.052729428,0.9801003,0.026195526,0.0024670064,0.023714736,0.18500207,-0.0026697516,0.011749595,-0.005989477,0.02726233,-0.0009495765,0.029011399,0.024398744,0.03717062,0.011869773,1.0005503,0.96216327,0.6049172,0.010135382,0.03373471,0.02434443,0.034806073,-0.00040794536,0.027816933,0.012242749,0.03651759,0.9717928,0.4100599,-0.0048007667,0.9982079,0.9948906,0.19523951,0.016631544,0.014091898,0.02238983,0.13687399,0.9997426,0.2170109,0.9452326,0.07624775,0.8680701,0.0014516711,0.8408756,0.014758386,0.7183374,0.0072153155,0.099522054,0.32935995,0.88461995,0.3764827,0.94427824,0.8218217,0.9639394,0.2216933,0.93011713,0.0056930184,-0.0017843843,0.03428135,0.023099301,0.018326953,0.020008119,0.7690333,0.8687306,0.47450086,0.7450926,0.013710082,0.0961469,0.45089078,0.9447714,0.517767,0.5562358,0.4242964,0.25817513,0.14708029,0.9154242,0.9966296,1.00584,0.9785309,0.8606262,0.7013057,0.7137304,0.9903885,0.97911143,0.99498266,0.9985909,0.9987509,0.99988973
0.7472198,0.023521751,0.653711,0.019023359,0.108552545,0.020008475,0.010615006,0.13333109,0.008231655,0.013306007,0.008331716,0.011823222,0.98574185,0.5814836,0.07530294,0.38117588,0.992884,0.9910946,0.12804723,0.07161316,0.9591242,0.95990753,0.9863228,0.9909122,0.9902731,0.76217127,0.97862244,0.0074262023,0.9879116,0.0123176575,0.008429199,0.011034787,0.9795717,0.8845464,0.46627387,0.34824774,0.047133893,0.07343957,0.011139438,0.029081382,0.012194831,0.015822977,0.014826003,0.008914828,0.027886152,0.34706998,0.03030163,0.6185271,0.037621126,0.037497178,0.024911016,0.53020895,0.0129070245,0.026055723,0.010774404,0.016177386,0.010916263,0.021801725,0.96333134,0.05267039,0.070827454,0.08117622,0.9156275,0.040061355,0.98332304,0.022556603,0.159722,0.05395162,0.22985692,0.5549836,0.41867536,0.6265609,0.7416543,0.9717149,0.9843403,0.9064857,0.9157157,0.27965966,0.9756402,0.13797581,0.962338,0.042525202,0.011213005,0.038409792,0.17272437,0.013489008,0.009841189,0.014669314,0.010870993,0.011236094,0.010969013,0.014906049,0.010954894,0.009423904,0.99043876,0.16890052,0.2184622,0.008819684,0.011261836,0.014444977,0.010967702,0.0074965805,0.010855943,0.00776577,0.9921111,0.9758066,0.8777701,0.009941757,0.9923514,0.7115953,0.012267888,0.008346111,0.008476675,0.004622154,0.9563645,0.99199486,0.9320487,0.98008835,0.27256343,0.930176,0.9086055,0.9823957,0.43182272,0.89191854,0.012287453,0.11166662,0.95004785,0.97974586,0.9928861,0.992538,0.9813563,0.98969185,0.90545577,0.9870445,0.010961704,0.014398903,0.038280297,0.021542445,0.013881862,0.023136519,0.76318854,0.59149957,0.6281712,0.74207896,0.011440903,0.036876336,0.98486054,0.99081874,0.50000596,0.551284,0.7615657,0.25115392,0.9912358,0.99261284,0.99290806,0.9928458,0.99289596,0.9919959,0.9928264,0.9872563,0.99290633,0.9928325,0.9927676,0.9928534,0.99277437,0.9927567
0.27497965,0.03725992,0.0046262145,0.0018326938,0.0010900497,0.004904628,-0.0010815263,0.025077365,-0.0042445064,0.013400346,-0.0042878613,-0.0061860085,0.998492,0.42937046,0.004535258,0.08507559,0.5165328,0.94365126,0.0121122,0.08014642,0.8700698,0.9657481,0.72416186,0.98213744,0.032528013,0.79269254,0.034459084,-0.0017580017,0.01171574,-0.005713314,-0.0025558472,-0.007964045,0.9146644,0.5427567,0.46900338,0.53383183,0.0727343,0.08391136,0.011928707,0.032269225,0.016154021,0.00022146851,0.0034944117,0.004230052,0.03595066,0.24277866,0.037444234,0.6020529,0.042531,0.05160868,0.035805583,0.59297144,0.024027914,0.20235637,0.018590212,0.021627724,0.027748019,0.010519922,0.9618212,0.2429673,0.066352785,0.4663224,0.8907167,0.13339242,0.96966463,0.09792656,0.16935766,0.32638097,0.2730238,0.6314454,0.31604046,0.7823852,0.40581322,0.8223585,0.77196944,0.5097575,0.035291642,0.037409782,0.988978,0.052729428,0.9801003,0.026195526,0.0024670064,0.023714736,0.18500207,-0.0026697516,0.011749595,-0.005989477,0.02726233,-0.0009495765,0.029011399,0.024398744,0.03717062,0.011869773,1.0005503,0.96216327,0.6049172,0.010135382,0.03373471,0.02434443,0.034806073,-0.00040794536,0.027816933,0.012242749,0.03651759,0.9717928,0.4100599,-0.0048007667,0.9982079,0.9948906,0.19523951,0.016631544,0.014091898,0.02238983,0.13687399,0.9997426,0.2170109,0.9452326,0.07624775,0.8680701,0.0014516711,0.8408756,0.014758386,0.7183374,0.0072153155,0.099522054,0.32935995,0.88461995,0.3764827,0.94427824,0.8218217,0.9639394,0.2216933,0.93011713,0.0056930184,-0.0017843843,0.03428135,0.023099301,0.018326953,0.020008119,0.7690333,0.8687306,0.47450086,0.7450926,0.013710082,0.0961469,0.45089078,0.9447714,0.517767,0.5562358,0.4242964,0.25817513,0.14708029,0.9154242,0.9966296,1.00584,0.9785309,0.8606262,0.7013057,0.7137304,0.9903885,0.97911143,0.99498266,0.9985909,0.9987509,0.99988973
0.0069414526,0.067150414,0.004829228,0.044751108,0.0053305775,0.040626645,0.019774212,0.060852885,0.012866139,0.05454451,0.010759108,0.008844271,0.011888027,0.4326784,0.0063605905,0.076096535,0.012749046,0.01851201,0.0059186816,0.03204243,0.016830027,0.01721993,0.0136117935,0.012306601,0.0089662075,0.018009856,0.014341831,0.007956207,0.011798322,0.010800645,7.56979e-06,0.01407814,0.013621215,0.5559082,0.47053853,0.51219404,0.031145185,0.03800136,0.010736883,0.030160466,0.01365608,0.0091829,0.014360249,0.009224422,0.026857808,0.2426577,0.028907359,0.5915742,0.015812352,0.037995815,0.044578433,0.6009145,0.005636327,0.20387518,0.008123159,0.02723191,0.0055448413,0.019017443,0.03057471,0.25132585,0.031676024,0.4766295,0.007740736,0.1874225,0.0010752827,0.0970596,0.0067353845,0.27711773,0.26003656,0.6205434,0.31454688,0.7785195,0.05899492,0.8312712,0.012828879,0.52053154,0.021844417,0.013171062,0.004945636,0.06533919,0.009417534,0.04241705,0.010469213,0.043347597,0.0081138015,0.024969094,0.010157049,0.011484166,0.0087810755,0.01469253,0.004176706,0.0031371713,0.008449599,0.006657034,0.021042645,0.0018357635,0.039745122,0.013141811,0.0048865676,0.009213358,0.008085042,0.00619787,0.007559404,0.0063150227,0.0080833435,0.0009251237,0.004632622,0.008108765,0.0012511313,0.010932013,0.031197935,0.020396978,0.010102414,0.009323776,0.0034319758,0.005787041,0.01620628,0.016341893,0.019980416,0.025229752,0.013386428,0.0118652135,0.014216334,0.025802568,0.027097523,0.022215903,0.008965433,0.012396008,0.018443286,0.013704449,0.015835501,0.010453522,0.012298793,0.017230332,0.0052290857,0.020975411,0.0011763461,0.015639454,0.0063076615,0.005981028,0.018192708,0.010462254,0.021578118,0.021775097,0.015830353,0.010523796,0.011026442,0.015376568,0.01142703,0.011995256,0.42784655,0.020587385,0.009426445,0.0066633224,0.012198448,0.012376219,0.011425436,0.012829006,0.009100735,0.012012169,0.011500776,0.011573464,0.00029107928,0.0010797381,0.0022672415,-0.0009768903
0.30093092,0.07135026,0.035930984,0.029728405,0.026947599,0.010411337,0.024762556,0.02611915,-0.0020934418,0.014098059,-0.0047518983,0.0043758946,1.0310587,0.45966047,-0.0025769025,0.052860707,0.02141267,-0.0039757863,0.0028375667,0.062049367,0.9046524,0.627114,0.5788553,0.5680771,0.04362897,0.073353305,0.011882581,0.022816598,-0.004953064,-0.0056988,0.026523482,-0.014440939,0.9448754,0.5467395,0.49875695,0.37366688,0.059522923,0.016883455,0.034351762,0.054890938,-0.0060673296,-0.0011707395,-0.005318243,-0.005828269,-0.005580153,0.26301104,-0.0009054169,0.62235737,0.045057133,0.010940962,-0.0052479706,0.6274549,-0.0076554194,0.22845063,0.028168619,-0.0015041605,0.027741289,0.04470156,0.99910027,0.2699895,0.0005555153,0.49714997,0.90045655,0.1660496,1.005817,0.11631436,0.1783534,0.30134797,0.20465568,0.5523193,0.33493003,0.7518381,0.43474334,0.8691424,0.8117579,0.5475263,0.058626153,-0.01016213,1.0258225,0.048163995,1.0120668,0.057022337,0.02759415,0.06298227,0.20023517,0.0091109,0.028548988,-0.005741192,-0.0008947551,0.004689917,-0.00013336539,0.010885004,0.0016840696,-0.009697914,0.04748573,0.041531585,0.026963063,-0.0024142861,-0.004091963,-0.0009376183,-0.008016623,-0.005983404,-0.014781967,-0.0058781505,0.022777632,-0.014331058,0.037046615,0.0062169638,-0.0036574155,0.023380876,0.05339313,0.045565754,-0.00516665,0.024920404,-0.0042679757,-0.006781131,0.02286224,-0.0033539087,0.03784951,0.038481332,0.018186405,-0.014779117,-0.011436917,0.03323134,-0.0047077835,0.03584131,0.023024801,-0.009241059,0.029670335,0.028142031,-0.0031462833,0.029344693,-0.013151988,-0.005010277,0.028279327,0.04194832,0.020362705,0.036511846,-0.007766135,0.025497481,0.03788809,-0.0009420216,0.0019831425,0.03665069,0.02387464,-0.0003170222,0.36139855,-0.0106900595,0.5368043,-0.0053643156,0.46013713,-0.0019638464,0.060048886,-0.0055642426,-0.0029588938,0.03918343,-0.0095750615,-0.012740709,-0.012953766,-0.009297445,0.02329132,-0.010544926,0.015728883,0.029093131,0.028833117,0.022190168
0.7472198,0.023521751,0.653711,0.019023359,0.108552545,0.020008475,0.010615006,0.13333109,0.008231655,0.013306007,0.008331716,0.011823222,0.98574185,0.5814836,0.07530294,0.38117588,0.992884,0.9910946,0.12804723,0.07161316,0.9591242,0.95990753,0.9863228,0.9909122,0.9902731,0.76217127,0.97862244,0.0074262023,0.9879116,0.0123176575,0.008429199,0.011034787,0.9795717,0.8845464,0.46627387,0.34824774,0.047133893,0.07343957,0.011139438,0.029081382,0.012194831,0.015822977,0.014826003,0.008914828,0.027886152,0.34706998,0.03030163,0.6185271,0.037621126,0.037497178,0.024911016,0.53020895,0.0129070245,0.026055723,0.010774404,0.016177386,0.010916263,0.021801725,0.96333134,0.05267039,0.070827454,0.08117622,0.9156275,0.040061355,0.98332304,0.022556603,0.159722,0.05395162,0.22985692,0.5549836,0.41867536,0.6265609,0.7416543,0.9717149,0.9843403,0.9064857,0.9157157,0.27965966,0.9756402,0.13797581,0.962338,0.042525202,0.011213005,0.038409792,0.17272437,0.013489008,0.009841189,0.014669314,0.010870993,0.011236094,0.010969013,0.014906049,0.010954894,0.009423904,0.99043876,0.16890052,0.2184622,0.008819684,0.011261836,0.014444977,0.010967702,0.0074965805,0.010855943,0.00776577,0.9921111,0.9758066,0.8777701,0.009941757,0.9923514,0.7115953,0.012267888,0.008346111,0.008476675,0.004622154,0.9563645,0.99199486,0.9320487,0.98008835,0.27256343,0.930176,0.9086055,0.9823957,0.43182272,0.89191854,0.012287453,0.11166662,0.95004785,0.97974586,0.9928861,0.992538,0.9813563,0.98969185,0.90545577,0.9870445,0.010961704,0.014398903,0.038280297,0.021542445,0.013881862,0.023136519,0.76318854,0.59149957,0.6281712,0.74207896,0.011440903,0.036876336,0.98486054,0.99081874,0.50000596,0.551284,0.7615657,0.25115392,0.9912358,0.99261284,0.99290806,0.9928458,0.99289596,0.9919959,0.9928264,0.9872563,0.99290633,0.9928325,0.9927676,0.9928534,0.99277437,0.9927567
0.27497965,0.03725992,0.0046262145,0.0018326938,0.0010900497,0.004904628,-0.0010815263,0.025077365,-0.0042445064,0.013400346,-0.0042878613,-0.0061860085,0.998492,0.42937046,0.004535258,0.08507559,0.5165328,0.94365126,0.0121122,0.08014642,0.8700698,0.9657481,0.72416186,0.98213744,0.032528013,0.79269254,0.034459084,-0.0017580017,0.01171574,-0.005713314,-0.0025558472,-0.007964045,0.9146644,0.5427567,0.46900338,0.53383183,0.0727343,0.08391136,0.011928707,0.032269225,0.016154021,0.00022146851,0.0034944117,0.004230052,0.03595066,0.24277866,0.037444234,0.6020529,0.042531,0.05160868,0.035805583,0.59297144,0.024027914,0.20235637,0.018590212,0.021627724,0.027748019,0.010519922,0.9618212,0.2429673,0.066352785,0.4663224,0.8907167,0.13339242,0.96966463,0.09792656,0.16935766,0.32638097,0.2730238,0.6314454,0.31604046,0.7823852,0.40581322,0.8223585,0.77196944,0.5097575,0.035291642,0.037409782,0.988978,0.052729428,0.9801003,0.026195526,0.0024670064,0.023714736,0.18500207,-0.0026697516,0.011749595,-0.005989477,0.02726233,-0.0009495765,0.029011399,0.024398744,0.03717062,0.011869773,1.0005503,0.96216327,0.6049172,0.010135382,0.03373471,0.02434443,0.034806073,-0.00040794536,0.027816933,0.012242749,0.03651759,0.9717928,0.4100599,-0.0048007667,0.9982079,0.9948906,0.19523951,0.016631544,0.014091898,0.02238983,0.13687399,0.9997426,0.2170109,0.9452326,0.07624775,0.8680701,0.0014516711,0.8408756,0.014758386,0.7183374,0.0072153155,0.099522054,0.32935995,0.88461995,0.3764827,0.94427824,0.8218217,0.9639394,0.2216933,0.93011713,0.0056930184,-0.0017843843,0.03428135,0.023099301,0.018326953,0.020008119,0.7690333,0.8687306,0.47450086,0.7450926,0.013710082,0.0961469,0.45089078,0.9447714,0.517767,0.5562358,0.4242964,0.25817513,0.14708029,0.9154242,0.9966296,1.00584,0.9785309,0.8606262,0.7013057,0.7137304,0.9903885,0.97911143,0.99498266,0.9985909,0.9987509,0.99988973
0.0069414526,0.067150414,0.004829228,0.044751108,0.0053305775,0.040626645,0.019774212,0.060852885,0.012866139,0.05454451,0.010759108,0.008844271,0.011888027,0.4326784,0.0063605905,0.076096535,0.012749046,0.01851201,0.0059186816,0.03204243,0.016830027,0.01721993,0.0136117935,0.012306601,0.0089662075,0.018009856,0.014341831,0.007956207,0.011798322,0.010800645,7.56979e-06,0.01407814,0.013621215,0.5559082,0.47053853,0.51219404,0.031145185,0.03800136,0.010736883,0.030160466,0.01365608,0.0091829,0.014360249,0.009224422,0.026857808,0.2426577,0.028907359,0.5915742,0.015812352,0.037995815,0.044578433,0.6009145,0.005636327,0.20387518,0.008123159,0.02723191,0.0055448413,0.019017443,0.03057471,0.25132585,0.031676024,0.4766295,0.007740736,0.1874225,0.0010752827,0.0970596,0.0067353845,0.27711773,0.26003656,0.6205434,0.31454688,0.7785195,0.05899492,0.8312712,0.012828879,0.52053154,0.021844417,0.013171062,0.004945636,0.06533919,0.009417534,0.04241705,0.010469213,0.043347597,0.0081138015,0.024969094,0.010157049,0.011484166,0.0087810755,0.01469253,0.004176706,0.0031371713,0.008449599,0.006657034,0.021042645,0.0018357635,0.039745122,0.013141811,0.0048865676,0.009213358,0.008085042,0.00619787,0.007559404,0.0063150227,0.0080833435,0.0009251237,0.004632622,0.008108765,0.0012511313,0.010932013,0.031197935,0.020396978,0.010102414,0.009323776,0.0034319758,0.005787041,0.01620628,0.016341893,0.019980416,0.025229752,0.013386428,0.0118652135,0.014216334,0.025802568,0.027097523,0.022215903,0.008965433,0.012396008,0.018443286,0.013704449,0.015835501,0.010453522,0.012298793,0.017230332,0.0052290857,0.020975411,0.0011763461,0.015639454,0.0063076615,0.005981028,0.018192708,0.010462254,0.021578118,0.021775097,0.015830353,0.010523796,0.011026442,0.015376568,0.01142703,0.011995256,0.42784655,0.020587385,0.009426445,0.0066633224,0.012198448,0.012376219,0.011425436,0.012829006,0.009100735,0.012012169,0.011500776,0.011573464,0.00029107928,0.0010797381,0.0022672415,-0.0009768903
0.2759425,0.046990473,0.005251512,0.021255754,0.0032020807,0.029933363,0.022469848,0.027306022,-0.0039384216,0.045542464,0.015671015,0.0077240765,1.0058107,0.016607888,0.00016202033,0.016398363,0.50962913,0.94999385,0.02502078,0.06435238,0.86057365,0.971501,0.7254486,0.9790065,0.034830827,0.9838663,0.039668426,0.01695899,0.0043351203,0.010921236,0.0106910765,0.0029047094,0.90303886,0.017361226,0.067945324,0.06544225,0.063406125,0.08259247,0.019637115,0.038439382,0.004737735,0.022900168,0.0067976676,0.0069769803,0.026130155,0.019248754,0.018400699,0.04013606,0.029196654,0.035118677,0.010262981,0.05297358,0.012736529,0.051700547,0.0126244575,0.019541807,0.0030395947,0.017478421,0.95898026,0.052332774,0.023432143,0.09252359,0.9381809,0.04121589,0.990873,0.019283732,0.5436733,0.036646627,0.04214271,0.05761026,0.062485814,0.066533834,0.4030425,0.7286866,0.76988935,0.008493859,0.04199712,0.046737388,0.9895712,0.01695805,0.97271305,0.0022439137,0.003213346,0.00382898,0.1958894,0.019991718,0.0041938573,0.007186666,0.005537525,0.012015032,0.009902969,0.010839472,0.006265562,0.007916397,0.99139917,0.16795991,0.22613342,0.012600997,0.0060231388,0.016494162,0.00903558,0.007355377,0.017781816,0.0012460873,0.03220102,0.12966454,0.012542607,0.010338679,0.99253774,0.71655035,0.036589384,0.021681163,0.0058080927,0.0052547157,0.020441331,0.9802469,0.21609223,0.94367707,0.07789658,0.8685406,0.015412953,0.8518518,0.011541407,0.70426595,0.018342894,0.10531092,0.3280425,0.88172376,0.38811314,0.9424441,0.82448256,0.9508743,0.21977818,0.93075705,0.009318873,0.02170986,0.8885753,0.035939574,0.03853701,0.031215802,0.8515229,0.5910289,0.62343454,0.7425109,0.018457167,0.042432472,0.44435042,0.9369886,0.81468767,0.8643,0.13041435,0.59247,0.15562347,0.9105778,1.0006673,0.9913176,0.97158504,0.8776547,0.68810123,0.7240669,0.98565364,0.9796946,0.99922454,0.9934465,1.0011866,1.003775
0.2759425,0.046990544,0.0052515194,0.021255873,0.0032021701,0.029933453,0.022469819,0.027306,-0.003938392,0.04554234,0.015671,0.00772427,1.0058109,0.016607767,0.00016203523,0.01639834,0.509629,0.94999397,0.025020806,0.06435242,0.86057353,0.97150105,0.7254485,0.9790065,0.034830865,0.9838663,0.03966832,0.0169589,0.0043350607,0.010921299,0.010691062,0.002904676,0.903039,0.017361144,0.06794539,0.06544229,0.063406125,0.0825925,0.019637182,0.038439352,0.0047377124,0.02290016,0.0067976713,0.0069769607,0.026130188,0.019248754,0.018400788,0.040136024,0.02919665,0.035118632,0.010263041,0.05297366,0.012736425,0.051700607,0.012624599,0.019541774,0.0030397177,0.017478392,0.95898044,0.05233272,0.023432052,0.092523605,0.9381808,0.04121591,0.9908729,0.019283714,0.5436733,0.036646616,0.042142533,0.057610378,0.062485725,0.06653379,0.4030425,0.72868663,0.76988924,0.008493669,0.041997224,0.046737455,0.9895712,0.016958006,0.9727131,0.0022438671,0.003213212,0.003828954,0.19588946,0.01999183,0.0041938983,0.0071867555,0.0055374056,0.012015065,0.009902909,0.010839559,0.0062656216,0.007916339,0.99139905,0.16795984,0.22613348,0.012600973,0.006023079,0.01649411,0.009035654,0.0073554665,0.017781839,0.0012459792,0.03220116,0.12966453,0.012542778,0.010338664,0.9925376,0.71655047,0.036589406,0.021681108,0.005808089,0.005254658,0.020441353,0.980247,0.21609232,0.94367695,0.07789658,0.8685405,0.015413003,0.8518518,0.011541553,0.70426613,0.01834286,0.10531104,0.32804248,0.881724,0.3881132,0.94244397,0.8244826,0.9508743,0.21977825,0.930757,0.009318743,0.021709844,0.8885753,0.035939485,0.038537018,0.031215757,0.8515229,0.59102905,0.62343454,0.74251086,0.018457105,0.042432517,0.4443504,0.9369887,0.8146875,0.8643,0.1304143,0.5924702,0.1556235,0.91057765,1.0006673,0.99131763,0.971585,0.8776543,0.6881011,0.72406685,0.98565364,0.9796946,0.9992245,0.9934465,1.0011867,1.003775
0.7472198,0.023521751,0.653711,0.019023359,0.108552545,0.020008475,0.010615006,0.13333109,0.008231655,0.013306007,0.008331716,0.011823222,0.98574185,0.5814836,0.07530294,0.38117588,0.992884,0.9910946,0.12804723,0.07161316,0.9591242,0.95990753,0.9863228,0.9909122,0.9902731,0.76217127,0.97862244,0.0074262023,0.9879116,0.0123176575,0.008429199,0.011034787,0.9795717,0.8845464,0.46627387,0.34824774,0.047133893,0.07343957,0.011139438,0.029081382,0.012194831,0.015822977,0.014826003,0.008914828,0.027886152,0.34706998,0.03030163,0.6185271,0.037621126,0.037497178,0.024911016,0.53020895,0.0129070245,0.026055723,0.010774404,0.016177386,0.010916263,0.021801725,0.96333134,0.05267039,0.070827454,0.08117622,0.9156275,0.040061355,0.98332304,0.022556603,0.159722,0.05395162,0.22985692,0.5549836,0.41867536,0.6265609,0.7416543,0.9717149,0.9843403,0.9064857,0.9157157,0.27965966,0.9756402,0.13797581,0.962338,0.042525202,0.011213005,0.038409792,0.17272437,0.013489008,0.009841189,0.014669314,0.010870993,0.011236094,0.010969013,0.014906049,0.010954894,0.009423904,0.99043876,0.16890052,0.2184622,0.008819684,0.011261836,0.014444977,0.010967702,0.0074965805,0.010855943,0.00776577,0.9921111,0.9758066,0.8777701,0.009941757,0.9923514,0.7115953,0.012267888,0.008346111,0.008476675,0.004622154,0.9563645,0.99199486,0.9320487,0.98008835,0.27256343,0.930176,0.9086055,0.9823957,0.43182272,0.89191854,0.012287453,0.11166662,0.95004785,0.97974586,0.9928861,0.992538,0.9813563,0.98969185,0.90545577,0.9870445,0.010961704,0.014398903,0.038280297,0.021542445,0.013881862,0.023136519,0.76318854,0.59149957,0.6281712,0.74207896,0.011440903,0.036876336,0.98486054,0.99081874,0.50000596,0.551284,0.7615657,0.25115392,0.9912358,0.99261284,0.99290806,0.9928458,0.99289596,0.9919959,0.9928264,0.9872563,0.99290633,0.9928325,0.9927676,0.9928534,0.99277437,0.9927567
0.30093098,0.07135024,0.03593097,0.029728469,0.026947629,0.010411352,0.024762541,0.026119076,-0.0020934567,0.014098061,-0.0047519505,0.0043759206,1.0310585,0.45966047,-0.0025769472,0.052860714,0.021412656,-0.003975846,0.002837563,0.062049326,0.9046525,0.6271139,0.5788553,0.5680771,0.043629043,0.073353335,0.011882544,0.022816584,-0.0049530864,-0.0056988224,0.026523527,-0.014440909,0.9448754,0.54673946,0.49875692,0.37366682,0.059522934,0.01688341,0.034351766,0.05489094,-0.006067408,-0.0011707693,-0.005318243,-0.005828306,-0.005580231,0.26301104,-0.00090542994,0.6223575,0.04505721,0.01094088,-0.0052479845,0.6274548,-0.0076554567,0.22845061,0.028168619,-0.0015041679,0.027741278,0.044701625,0.9991002,0.2699894,0.0005554557,0.49715,0.90045667,0.16604961,1.0058169,0.11631433,0.17835338,0.3013479,0.20465568,0.5523193,0.33493,0.7518381,0.43474334,0.8691424,0.811758,0.5475263,0.058626212,-0.01016213,1.0258226,0.04816395,1.0120666,0.057022374,0.027594201,0.06298221,0.2002352,0.00911087,0.02854899,-0.0057411715,-0.0008947626,0.00468985,-0.00013337284,0.010884967,0.00168401,-0.009697974,0.04748577,0.041531604,0.026962973,-0.0024143755,-0.004092023,-0.0009375587,-0.00801664,-0.0059834505,-0.014781959,-0.0058780983,0.022777677,-0.014331177,0.037046608,0.006216934,-0.0036574453,0.023380935,0.053393155,0.04556579,-0.005166754,0.024920449,-0.004268065,-0.006781131,0.022862293,-0.0033539534,0.037849538,0.038481332,0.018186435,-0.014779173,-0.011436932,0.03323128,-0.0047077946,0.03584132,0.023024831,-0.0092410445,0.02967035,0.028142072,-0.0031462982,0.029344726,-0.013151996,-0.0050102994,0.028279327,0.04194835,0.020362705,0.03651186,-0.0077661276,0.02549757,0.037888084,-0.00094208866,0.001983109,0.03665072,0.023874678,-0.0003171265,0.3613984,-0.010690089,0.53680444,-0.0053643864,0.46013716,-0.001963839,0.060048893,-0.0055643246,-0.002958931,0.039183423,-0.009575076,-0.012740716,-0.012953781,-0.009297453,0.023291305,-0.010544896,0.01572892,0.029093236,0.028833024,0.022190228
0.27497965,0.03725992,0.0046262145,0.0018326938,0.0010900497,0.004904628,-0.0010815263,0.025077365,-0.0042445064,0.013400346,-0.0042878613,-0.0061860085,0.998492,0.42937046,0.004535258,0.08507559,0.5165328,0.94365126,0.0121122,0.08014642,0.8700698,0.9657481,0.72416186,0.98213744,0.032528013,0.79269254,0.034459084,-0.0017580017,0.01171574,-0.005713314,-0.0025558472,-0.007964045,0.9146644,0.5427567,0.46900338,0.53383183,0.0727343,0.08391136,0.011928707,0.032269225,0.016154021,0.00022146851,0.0034944117,0.004230052,0.03595066,0.24277866,0.037444234,0.6020529,0.042531,0.05160868,0.035805583,0.59297144,0.024027914,0.20235637,0.018590212,0.021627724,0.027748019,0.010519922,0.9618212,0.2429673,0.066352785,0.4663224,0.8907167,0.13339242,0.96966463,0.09792656,0.16935766,0.32638097,0.2730238,0.6314454,0.31604046,0.7823852,0.40581322,0.8223585,0.77196944,0.5097575,0.035291642,0.037409782,0.988978,0.052729428,0.9801003,0.026195526,0.0024670064,0.023714736,0.18500207,-0.0026697516,0.011749595,-0.005989477,0.02726233,-0.0009495765,0.029011399,0.024398744,0.03717062,0.011869773,1.0005503,0.96216327,0.6049172,0.010135382,0.03373471,0.02434443,0.034806073,-0.00040794536,0.027816933,0.012242749,0.03651759,0.9717928,0.4100599,-0.0048007667,0.9982079,0.9948906,0.19523951,0.016631544,0.014091898,0.02238983,0.13687399,0.9997426,0.2170109,0.9452326,0.07624775,0.8680701,0.0014516711,0.8408756,0.014758386,0.7183374,0.0072153155,0.099522054,0.32935995,0.88461995,0.3764827,0.94427824,0.8218217,0.9639394,0.2216933,0.93011713,0.0056930184,-0.0017843843,0.03428135,0.023099301,0.018326953,0.020008119,0.7690333,0.8687306,0.47450086,0.7450926,0.013710082,0.0961469,0.45089078,0.9447714,0.517767,0.5562358,0.4242964,0.25817513,0.14708029,0.9154242,0.9966296,1.00584,0.9785309,0.8606262,0.7013057,0.7137304,0.9903885,0.97911143,0.99498266,0.9985909,0.9987509,0.99988973
0.7472198,0.023521751,0.653711,0.019023359,0.108552545,0.020008475,0.010615006,0.13333109,0.008231655,0.013306007,0.008331716,0.011823222,0.98574185,0.5814836,0.07530294,0.38117588,0.992884,0.9910946,0.12804723,0.07161316,0.9591242,0.95990753,0.9863228,0.9909122,0.9902731,0.76217127,0.97862244,0.0074262023,0.9879116,0.0123176575,0.008429199,0.011034787,0.9795717,0.8845464,0.46627387,0.34824774,0.047133893,0.07343957,0.011139438,0.029081382,0.012194831,0.015822977,0.014826003,0.008914828,0.027886152,0.34706998,0.03030163,0.6185271,0.037621126,0.037497178,0.024911016,0.53020895,0.0129070245,0.026055723,0.010774404,0.016177386,0.010916263,0.021801725,0.96333134,0.05267039,0.070827454,0.08117622,0.9156275,0.040061355,0.98332304,0.022556603,0.159722,0.05395162,0.22985692,0.5549836,0.41867536,0.6265609,0.7416543,0.9717149,0.9843403,0.9064857,0.9157157,0.27965966,0.9756402,0.13797581,0.962338,0.042525202,0.011213005,0.038409792,0.17272437,0.013489008,0.009841189,0.014669314,0.010870993,0.011236094,0.010969013,0.014906049,0.010954894,0.009423904,0.99043876,0.16890052,0.2184622,0.008819684,0.011261836,0.014444977,0.010967702,0.0074965805,0.010855943,0.00776577,0.9921111,0.9758066,0.8777701,0.009941757,0.9923514,0.7115953,0.012267888,0.008346111,0.008476675,0.004622154,0.9563645,0.99199486,0.9320487,0.98008835,0.27256343,0.930176,0.9086055,0.9823957,0.43182272,0.89191854,0.012287453,0.11166662,0.95004785,0.97974586,0.9928861,0.992538,0.9813563,0.98969185,0.90545577,0.9870445,0.010961704,0.014398903,0.038280297,0.021542445,0.013881862,0.023136519,0.76318854,0.59149957,0.6281712,0.74207896,0.011440903,0.036876336,0.98486054,0.99081874,0.50000596,0.551284,0.7615657,0.25115392,0.9912358,0.99261284,0.99290806,0.9928458,0.99289596,0.9919959,0.9928264,0.9872563,0.99290633,0.9928325,0.9927676,0.9928534,0.99277437,0.9927567
0.2759425,0.046990473,0.005251512,0.021255754,0.0032020807,0.029933363,0.022469848,0.027306022,-0.0039384216,0.045542464,0.015671015,0.0077240765,1.0058107,0.016607888,0.00016202033,0.016398363,0.50962913,0.94999385,0.02502078,0.06435238,0.86057365,0.971501,0.7254486,0.9790065,0.034830827,0.9838663,0.039668426,0.01695899,0.0043351203,0.010921236,0.0106910765,0.0029047094,0.90303886,0.017361226,0.067945324,0.06544225,0.063406125,0.08259247,0.019637115,0.038439382,0.004737735,0.022900168,0.0067976676,0.0069769803,0.026130155,0.019248754,0.018400699,0.04013606,0.029196654,0.035118677,0.010262981,0.05297358,0.012736529,0.051700547,0.0126244575,0.019541807,0.0030395947,0.017478421,0.95898026,0.052332774,0.023432143,0.09252359,0.9381809,0.04121589,0.990873,0.019283732,0.5436733,0.036646627,0.04214271,0.05761026,0.062485814,0.066533834,0.4030425,0.7286866,0.76988935,0.008493859,0.04199712,0.046737388,0.9895712,0.01695805,0.97271305,0.0022439137,0.003213346,0.00382898,0.1958894,0.019991718,0.0041938573,0.007186666,0.005537525,0.012015032,0.009902969,0.010839472,0.006265562,0.007916397,0.99139917,0.16795991,0.22613342,0.012600997,0.0060231388,0.016494162,0.00903558,0.007355377,0.017781816,0.0012460873,0.03220102,0.12966454,0.012542607,0.010338679,0.99253774,0.71655035,0.036589384,0.021681163,0.0058080927,0.0052547157,0.020441331,0.9802469,0.21609223,0.94367707,0.07789658,0.8685406,0.015412953,0.8518518,0.011541407,0.70426595,0.018342894,0.10531092,0.3280425,0.88172376,0.38811314,0.9424441,0.82448256,0.9508743,0.21977818,0.93075705,0.009318873,0.02170986,0.8885753,0.035939574,0.03853701,0.031215802,0.8515229,0.5910289,0.62343454,0.7425109,0.018457167,0.042432472,0.44435042,0.9369886,0.81468767,0.8643,0.13041435,0.59247,0.15562347,0.9105778,1.0006673,0.9913176,0.97158504,0.8776547,0.68810123,0.7240669,0.98565364,0.9796946,0.99922454,0.9934465,1.0011866,1.003775
0.300931,0.07135028,0.035931,0.029728495,0.026947632,0.010411322,0.024762575,0.026119083,-0.0020934716,0.014098059,-0.0047518983,0.004375905,1.0310585,0.45966053,-0.0025769696,0.052860655,0.02141273,-0.0039758533,0.002837507,0.06204935,0.9046524,0.62711394,0.5788553,0.5680771,0.043629035,0.07335335,0.011882521,0.022816598,-0.004953094,-0.005698867,0.026523542,-0.014440946,0.9448755,0.54673946,0.498757,0.3736668,0.059522983,0.016883425,0.034351774,0.05489097,-0.0060674064,-0.001170814,-0.0053182915,-0.0058283135,-0.0055802492,0.26301104,-0.00090548024,0.6223574,0.0450572,0.01094085,-0.0052480046,0.6274549,-0.0076555014,0.22845064,0.028168648,-0.0015041828,0.0277413,0.04470159,0.9991002,0.26998943,0.0005554259,0.49715,0.90045667,0.16604967,1.005817,0.116314374,0.17835343,0.30134797,0.2046557,0.55231917,0.33493,0.7518381,0.43474334,0.8691424,0.8117579,0.54752624,0.058626257,-0.010162167,1.0258225,0.048163906,1.0120667,0.057022363,0.027594201,0.06298223,0.20023522,0.009110851,0.028549016,-0.005741205,-0.0008948222,0.00468985,-0.00013337284,0.010884931,0.0016840398,-0.009697989,0.047485784,0.041531615,0.026962958,-0.0024144053,-0.004092023,-0.0009375438,-0.008016643,-0.00598343,-0.014781952,-0.005878195,0.022777706,-0.014331207,0.03704662,0.0062169265,-0.003657475,0.02338092,0.05339316,0.04556579,-0.0051667243,0.024920426,-0.00426805,-0.006781161,0.022862338,-0.0033539794,0.037849545,0.038481377,0.01818645,-0.014779195,-0.011436939,0.033231303,-0.0047078207,0.035841305,0.023024831,-0.009241097,0.029670388,0.02814211,-0.0031462833,0.02934473,-0.013152033,-0.005010329,0.02827932,0.041948367,0.02036272,0.03651187,-0.007766135,0.0254976,0.037888095,-0.0009421557,0.0019831052,0.036650747,0.023874722,-0.00031708926,0.3613984,-0.010690078,0.5368045,-0.0053643826,0.4601372,-0.001963891,0.060048945,-0.0055643097,-0.0029589608,0.039183453,-0.009575114,-0.0127407685,-0.012953799,-0.009297438,0.023291364,-0.010544956,0.015728906,0.029093206,0.02883311,0.022190213
0.27497965,0.03725992,0.0046262145,0.0018326938,0.0010900497,0.004904628,-0.0010815263,0.025077365,-0.0042445064,0.013400346,-0.0042878613,-0.0061860085,0.998492,0.42937046,0.004535258,0.08507559,0.5165328,0.94365126,0.0121122,0.08014642,0.8700698,0.9657481,0.72416186,0.98213744,0.032528013,0.79269254,0.034459084,-0.0017580017,0.01171574,-0.005713314,-0.0025558472,-0.007964045,0.9146644,0.5427567,0.46900338,0.53383183,0.0727343,0.08391136,0.011928707,0.032269225,0.016154021,0.00022146851,0.0034944117,0.004230052,0.03595066,0.24277866,0.037444234,0.6020529,0.042531,0.05160868,0.035805583,0.59297144,0.024027914,0.20235637,0.018590212,0.021627724,0.027748019,0.010519922,0.9618212,0.2429673,0.066352785,0.4663224,0.8907167,0.13339242,0.96966463,0.09792656,0.16935766,0.32638097,0.2730238,0.6314454,0.31604046,0.7823852,0.40581322,0.8223585,0.77196944,0.5097575,0.035291642,0.037409782,0.988978,0.052729428,0.9801003,0.026195526,0.0024670064,0.023714736,0.18500207,-0.0026697516,0.011749595,-0.005989477,0.02726233,-0.0009495765,0.029011399,0.024398744,0.03717062,0.011869773,1.0005503,0.96216327,0.6049172,0.010135382,0.03373471,0.02434443,0.034806073,-0.00040794536,0.027816933,0.012242749,0.03651759,0.9717928,0.4100599,-0.0048007667,0.9982079,0.9948906,0.19523951,0.016631544,0.014091898,0.02238983,0.13687399,0.9997426,0.2170109,0.9452326,0.07624775,0.8680701,0.0014516711,0.8408756,0.014758386,0.7183374,0.0072153155,0.099522054,0.32935995,0.88461995,0.3764827,0.94427824,0.8218217,0.9639394,0.2216933,0.93011713,0.0056930184,-0.0017843843,0.03428135,0.023099301,0.018326953,0.020008119,0.7690333,0.8687306,0.47450086,0.7450926,0.013710082,0.0961469,0.45089078,0.9447714,0.517767,0.5562358,0.4242964,0.25817513,0.14708029,0.9154242,0.9966296,1.00584,0.9785309,0.8606262,0.7013057,0.7137304,0.9903885,0.97911143,0.99498266,0.9985909,0.9987509,0.99988973
0.2759425,0.046990514,0.0052515343,0.021255698,0.0032021254,0.029933363,0.022469789,0.027305951,-0.0039385706,0.045542352,0.01567103,0.007724181,1.0058107,0.016607808,0.00016197562,0.016398333,0.509629,0.94999385,0.02502078,0.06435246,0.86057365,0.97150105,0.7254486,0.97900665,0.034830898,0.98386633,0.039668337,0.016958907,0.0043350756,0.010921281,0.010691166,0.0029046535,0.903039,0.017361203,0.06794537,0.065442294,0.063406155,0.08259247,0.019637048,0.038439367,0.004737735,0.022900146,0.006797649,0.0069769975,0.026130263,0.019248724,0.01840067,0.04013606,0.029196609,0.035118677,0.010262981,0.052973647,0.012736484,0.051700667,0.012624539,0.019541774,0.003039673,0.017478451,0.9589803,0.05233269,0.023432108,0.092523575,0.93818086,0.041215964,0.99087286,0.01928371,0.54367304,0.036646694,0.04214263,0.057610363,0.062485754,0.06653379,0.4030425,0.7286866,0.76988935,0.008493789,0.04199712,0.046737373,0.989571,0.01695799,0.97271305,0.002243923,0.003213346,0.0038289167,0.19588947,0.019991867,0.004193887,0.007186733,0.005537495,0.012015041,0.009902954,0.010839453,0.0062655695,0.007916407,0.99139917,0.16795987,0.22613347,0.012601137,0.006023109,0.016494185,0.009035658,0.0073554367,0.017781865,0.0012460351,0.0322011,0.12966448,0.012542671,0.010338664,0.99253756,0.71655047,0.036589377,0.02168107,0.005808126,0.005254673,0.020441353,0.980247,0.2160922,0.94367707,0.077896655,0.8685406,0.01541304,0.8518517,0.011541444,0.70426595,0.018342914,0.105311036,0.32804245,0.881724,0.3881131,0.9424439,0.8244825,0.9508743,0.2197783,0.9307571,0.009318814,0.02170983,0.8885752,0.035939515,0.03853709,0.031215832,0.85152286,0.5910289,0.62343454,0.7425109,0.018457146,0.042432472,0.44435042,0.93698865,0.8146876,0.8643,0.1304144,0.59247,0.1556235,0.91057765,1.0006673,0.9913175,0.97158504,0.8776544,0.6881012,0.72406673,0.98565376,0.9796946,0.99922454,0.99344635,1.0011866,1.0037751
0.7472198,0.023521751,0.653711,0.019023359,0.108552545,0.020008475,0.010615006,0.13333109,0.008231655,0.013306007,0.008331716,0.011823222,0.98574185,0.5814836,0.07530294,0.38117588,0.992884,0.9910946,0.12804723,0.07161316,0.9591242,0.95990753,0.9863228,0.9909122,0.9902731,0.76217127,0.97862244,0.0074262023,0.9879116,0.0123176575,0.008429199,0.011034787,0.9795717,0.8845464,0.46627387,0.34824774,0.047133893,0.07343957,0.011139438,0.029081382,0.012194831,0.015822977,0.014826003,0.008914828,0.027886152,0.34706998,0.03030163,0.6185271,0.037621126,0.037497178,0.024911016,0.53020895,0.0129070245,0.026055723,0.010774404,0.016177386,0.010916263,0.021801725,0.96333134,0.05267039,0.070827454,0.08117622,0.9156275,0.040061355,0.98332304,0.022556603,0.159722,0.05395162,0.22985692,0.5549836,0.41867536,0.6265609,0.7416543,0.9717149,0.9843403,0.9064857,0.9157157,0.27965966,0.9756402,0.13797581,0.962338,0.042525202,0.011213005,0.038409792,0.17272437,0.013489008,0.009841189,0.014669314,0.010870993,0.011236094,0.010969013,0.014906049,0.010954894,0.009423904,0.99043876,0.16890052,0.2184622,0.008819684,0.011261836,0.014444977,0.010967702,0.0074965805,0.010855943,0.00776577,0.9921111,0.9758066,0.8777701,0.009941757,0.9923514,0.7115953,0.012267888,0.008346111,0.008476675,0.004622154,0.9563645,0.99199486,0.9320487,0.98008835,0.27256343,0.930176,0.9086055,0.9823957,0.43182272,0.89191854,0.012287453,0.11166662,0.95004785,0.97974586,0.9928861,0.992538,0.9813563,0.98969185,0.90545577,0.9870445,0.010961704,0.014398903,0.038280297,0.021542445,0.013881862,0.023136519,0.76318854,0.59149957,0.6281712,0.74207896,0.011440903,0.036876336,0.98486054,0.99081874,0.50000596,0.551284,0.7615657,0.25115392,0.9912358,0.99261284,0.99290806,0.9928458,0.99289596,0.9919959,0.9928264,0.9872563,0.99290633,0.9928325,0.9927676,0.9928534,0.99277437,0.9927567
0.0069414526,0.067150414,0.004829228,0.044751108,0.0053305775,0.040626645,0.019774212,0.060852885,0.012866139,0.05454451,0.010759108,0.008844271,0.011888027,0.4326784,0.0063605905,0.076096535,0.012749046,0.01851201,0.0059186816,0.03204243,0.016830027,0.01721993,0.0136117935,0.012306601,0.0089662075,0.018009856,0.014341831,0.007956207,0.011798322,0.010800645,7.56979e-06,0.01407814,0.013621215,0.5559082,0.47053853,0.51219404,0.031145185,0.03800136,0.010736883,0.030160466,0.01365608,0.0091829,0.014360249,0.009224422,0.026857808,0.2426577,0.028907359,0.5915742,0.015812352,0.037995815,0.044578433,0.6009145,0.005636327,0.20387518,0.008123159,0.02723191,0.0055448413,0.019017443,0.03057471,0.25132585,0.031676024,0.4766295,0.007740736,0.1874225,0.0010752827,0.0970596,0.0067353845,0.27711773,0.26003656,0.6205434,0.31454688,0.7785195,0.05899492,0.8312712,0.012828879,0.52053154,0.021844417,0.013171062,0.004945636,0.06533919,0.009417534,0.04241705,0.010469213,0.043347597,0.0081138015,0.024969094,0.010157049,0.011484166,0.0087810755,0.01469253,0.004176706,0.0031371713,0.008449599,0.006657034,0.021042645,0.0018357635,0.039745122,0.013141811,0.0048865676,0.009213358,0.008085042,0.00619787,0.007559404,0.0063150227,0.0080833435,0.0009251237,0.004632622,0.008108765,0.0012511313,0.010932013,0.031197935,0.020396978,0.010102414,0.009323776,0.0034319758,0.005787041,0.01620628,0.016341893,0.019980416,0.025229752,0.013386428,0.0118652135,0.014216334,0.025802568,0.027097523,0.022215903,0.008965433,0.012396008,0.018443286,0.013704449,0.015835501,0.010453522,0.012298793,0.017230332,0.0052290857,0.020975411,0.0011763461,0.015639454,0.0063076615,0.005981028,0.018192708,0.010462254,0.021578118,0.021775097,0.015830353,0.010523796,0.011026442,0.015376568,0.01142703,0.011995256,0.42784655,0.020587385,0.009426445,0.0066633224,0.012198448,0.012376219,0.011425436,0.012829006,0.009100735,0.012012169,0.011500776,0.011573464,0.00029107928,0.0010797381,0.0022672415,-0.0009768903
0.30093092,0.07135026,0.035930984,0.029728405,0.026947599,0.010411337,0.024762556,0.02611915,-0.0020934418,0.014098059,-0.0047518983,0.0043758946,1.0310587,0.45966047,-0.0025769025,0.052860707,0.02141267,-0.0039757863,0.0028375667,0.062049367,0.9046524,0.627114,0.5788553,0.5680771,0.04362897,0.073353305,0.011882581,0.022816598,-0.004953064,-0.0056988,0.026523482,-0.014440939,0.9448754,0.5467395,0.49875695,0.37366688,0.059522923,0.016883455,0.034351762,0.054890938,-0.0060673296,-0.0011707395,-0.005318243,-0.005828269,-0.005580153,0.26301104,-0.0009054169,0.62235737,0.045057133,0.010940962,-0.0052479706,0.6274549,-0.0076554194,0.22845063,0.028168619,-0.0015041605,0.027741289,0.04470156,0.99910027,0.2699895,0.0005555153,0.49714997,0.90045655,0.1660496,1.005817,0.11631436,0.1783534,0.30134797,0.20465568,0.5523193,0.33493003,0.7518381,0.43474334,0.8691424,0.8117579,0.5475263,0.058626153,-0.01016213,1.0258225,0.048163995,1.0120668,0.057022337,0.02759415,0.06298227,0.20023517,0.0091109,0.028548988,-0.005741192,-0.0008947551,0.004689917,-0.00013336539,0.010885004,0.0016840696,-0.009697914,0.04748573,0.041531585,0.026963063,-0.0024142861,-0.004091963,-0.0009376183,-0.008016623,-0.005983404,-0.014781967,-0.0058781505,0.022777632,-0.014331058,0.037046615,0.0062169638,-0.0036574155,0.023380876,0.05339313,0.045565754,-0.00516665,0.024920404,-0.0042679757,-0.006781131,0.02286224,-0.0033539087,0.03784951,0.038481332,0.018186405,-0.014779117,-0.011436917,0.03323134,-0.0047077835,0.03584131,0.023024801,-0.009241059,0.029670335,0.028142031,-0.0031462833,0.029344693,-0.013151988,-0.005010277,0.028279327,0.04194832,0.020362705,0.036511846,-0.007766135,0.025497481,0.03788809,-0.0009420216,0.0019831425,0.03665069,0.02387464,-0.0003170222,0.36139855,-0.0106900595,0.5368043,-0.0053643156,0.46013713,-0.0019638464,0.060048886,-0.0055642426,-0.0029588938,0.03918343,-0.0095750615,-0.012740709,-0.012953766,-0.009297445,0.02329132,-0.010544926,0.015728883,0.029093131,0.028833117,0.022190168
0.0069414526,0.067150414,0.004829228,0.044751108,0.0053305775,0.040626645,0.019774212,0.060852885,0.012866139,0.05454451,0.010759108,0.008844271,0.011888027,0.4326784,0.0063605905,0.076096535,0.012749046,0.01851201,0.0059186816,0.03204243,0.016830027,0.01721993,0.0136117935,0.012306601,0.0089662075,0.018009856,0.014341831,0.007956207,0.011798322,0.010800645,7.56979e-06,0.01407814,0.013621215,0.5559082,0.47053853,0.51219404,0.031145185,0.03800136,0.010736883,0.030160466,0.01365608,0.0091829,0.014360249,0.009224422,0.026857808,0.2426577,0.028907359,0.5915742,0.015812352,0.037995815,0.044578433,0.6009145,0.005636327,0.20387518,0.008123159,0.02723191,0.0055448413,0.019017443,0.03057471,0.25132585,0.031676024,0.4766295,0.007740736,0.1874225,0.0010752827,0.0970596,0.0067353845,0.27711773,0.26003656,0.6205434,0.31454688,0.7785195,0.05899492,0.8312712,0.012828879,0.52053154,0.021844417,0.013171062,0.004945636,0.06533919,0.009417534,0.04241705,0.010469213,0.043347597,0.0081138015,0.024969094,0.010157049,0.011484166,0.0087810755,0.01469253,0.004176706,0.0031371713,0.008449599,0.006657034,0.021042645,0.0018357635,0.039745122,0.013141811,0.0048865676,0.009213358,0.008085042,0.00619787,0.007559404,0.0063150227,0.0080833435,0.0009251237,0.004632622,0.008108765,0.0012511313,0.010932013,0.031197935,0.020396978,0.010102414,0.009323776,0.0034319758,0.005787041,0.01620628,0.016341893,0.019980416,0.025229752,0.013386428,0.0118652135,0.014216334,0.025802568,0.027097523,0.022215903,0.008965433,0.012396008,0.018443286,0.013704449,0.015835501,0.010453522,0.012298793,0.017230332,0.0052290857,0.020975411,0.0011763461,0.015639454,0.0063076615,0.005981028,0.018192708,0.010462254,0.021578118,0.021775097,0.015830353,0.010523796,0.011026442,0.015376568,0.01142703,0.011995256,0.42784655,0.020587385,0.009426445,0.0066633224,0.012198448,0.012376219,0.011425436,0.012829006,0.009100735,0.012012169,0.011500776,0.011573464,0.00029107928,0.0010797381,0.0022672415,-0.0009768903
0.7472198,0.023521751,0.653711,0.019023359,0.108552545,0.020008475,0.010615006,0.13333109,0.008231655,0.013306007,0.008331716,0.011823222,0.98574185,0.5814836,0.07530294,0.38117588,0.992884,0.9910946,0.12804723,0.07161316,0.9591242,0.95990753,0.9863228,0.9909122,0.9902731,0.76217127,0.97862244,0.0074262023,0.9879116,0.0123176575,0.008429199,0.011034787,0.9795717,0.8845464,0.46627387,0.34824774,0.047133893,0.07343957,0.011139438,0.029081382,0.012194831,0.015822977,0.014826003,0.008914828,0.027886152,0.34706998,0.03030163,0.6185271,0.037621126,0.037497178,0.024911016,0.53020895,0.0129070245,0.026055723,0.010774404,0.016177386,0.010916263,0.021801725,0.96333134,0.05267039,0.070827454,0.08117622,0.9156275,0.040061355,0.98332304,0.022556603,0.159722,0.05395162,0.22985692,0.5549836,0.41867536,0.6265609,0.7416543,0.9717149,0.9843403,0.9064857,0.9157157,0.27965966,0.9756402,0.13797581,0.962338,0.042525202,0.011213005,0.038409792,0.17272437,0.013489008,0.009841189,0.014669314,0.010870993,0.011236094,0.010969013,0.014906049,0.010954894,0.009423904,0.99043876,0.16890052,0.2184622,0.008819684,0.011261836,0.014444977,0.010967702,0.0074965805,0.010855943,0.00776577,0.9921111,0.9758066,0.8777701,0.009941757,0.9923514,0.7115953,0.012267888,0.008346111,0.008476675,0.004622154,0.9563645,0.99199486,0.9320487,0.98008835,0.27256343,0.930176,0.9086055,0.9823957,0.43182272,0.89191854,0.012287453,0.11166662,0.95004785,0.97974586,0.9928861,0.992538,0.9813563,0.98969185,0.90545577,0.9870445,0.010961704,0.014398903,0.038280297,0.021542445,0.013881862,0.023136519,0.76318854,0.59149957,0.6281712,0.74207896,0.011440903,0.036876336,0.98486054,0.99081874,0.50000596,0.551284,0.7615657,0.25115392,0.9912358,0.99261284,0.99290806,0.9928458,0.99289596,0.9919959,0.9928264,0.9872563,0.99290633,0.9928325,0.9927676,0.9928534,0.99277437,0.9927567
0.27497965,0.03725992,0.0046262145,0.0018326938,0.0010900497,0.004904628,-0.0010815263,0.025077365,-0.0042445064,0.013400346,-0.0042878613,-0.0061860085,0.998492,0.42937046,0.004535258,0.08507559,0.5165328,0.94365126,0.0121122,0.08014642,0.8700698,0.9657481,0.72416186,0.98213744,0.032528013,0.79269254,0.034459084,-0.0017580017,0.01171574,-0.005713314,-0.0025558472,-0.007964045,0.9146644,0.5427567,0.46900338,0.53383183,0.0727343,0.08391136,0.011928707,0.032269225,0.016154021,0.00022146851,0.0034944117,0.004230052,0.03595066,0.24277866,0.037444234,0.6020529,0.042531,0.05160868,0.035805583,0.59297144,0.024027914,0.20235637,0.018590212,0.021627724,0.027748019,0.010519922,0.9618212,0.2429673,0.066352785,0.4663224,0.8907167,0.13339242,0.96966463,0.09792656,0.16935766,0.32638097,0.2730238,0.6314454,0.31604046,0.7823852,0.40581322,0.8223585,0.77196944,0.5097575,0.035291642,0.037409782,0.988978,0.052729428,0.9801003,0.026195526,0.0024670064,0.023714736,0.18500207,-0.0026697516,0.011749595,-0.005989477,0.02726233,-0.0009495765,0.029011399,0.024398744,0.03717062,0.011869773,1.0005503,0.96216327,0.6049172,0.010135382,0.03373471,0.02434443,0.034806073,-0.00040794536,0.027816933,0.012242749,0.03651759,0.9717928,0.4100599,-0.0048007667,0.9982079,0.9948906,0.19523951,0.016631544,0.014091898,0.02238983,0.13687399,0.9997426,0.2170109,0.9452326,0.07624775,0.8680701,0.0014516711,0.8408756,0.014758386,0.7183374,0.0072153155,0.099522054,0.32935995,0.88461995,0.3764827,0.94427824,0.8218217,0.9639394,0.2216933,0.93011713,0.0056930184,-0.0017843843,0.03428135,0.023099301,0.018326953,0.020008119,0.7690333,0.8687306,0.47450086,0.7450926,0.013710082,0.0961469,0.45089078,0.9447714,0.517767,0.5562358,0.4242964,0.25817513,0.14708029,0.9154242,0.9966296,1.00584,0.9785309,0.8606262,0.7013057,0.7137304,0.9903885,0.97911143,0.99498266,0.9985909,0.9987509,0.99988973
0.300931,0.07135028,0.035931,0.029728495,0.026947632,0.010411322,0.024762575,0.026119083,-0.0020934716,0.014098059,-0.0047518983,0.004375905,1.0310585,0.45966053,-0.0025769696,0.052860655,0.02141273,-0.0039758533,0.002837507,0.06204935,0.9046524,0.62711394,0.5788553,0.5680771,0.043629035,0.07335335,0.011882521,0.022816598,-0.004953094,-0.005698867,0.026523542,-0.014440946,0.9448755,0.54673946,0.498757,0.3736668,0.059522983,0.016883425,0.034351774,0.05489097,-0.0060674064,-0.001170814,-0.0053182915,-0.0058283135,-0.0055802492,0.26301104,-0.00090548024,0.6223574,0.0450572,0.01094085,-0.0052480046,0.6274549,-0.0076555014,0.22845064,0.028168648,-0.0015041828,0.0277413,0.04470159,0.9991002,0.26998943,0.0005554259,0.49715,0.90045667,0.16604967,1.005817,0.116314374,0.17835343,0.30134797,0.2046557,0.55231917,0.33493,0.7518381,0.43474334,0.8691424,0.8117579,0.54752624,0.058626257,-0.010162167,1.0258225,0.048163906,1.0120667,0.057022363,0.027594201,0.06298223,0.20023522,0.009110851,0.028549016,-0.005741205,-0.0008948222,0.00468985,-0.00013337284,0.010884931,0.0016840398,-0.009697989,0.047485784,0.041531615,0.026962958,-0.0024144053,-0.004092023,-0.0009375438,-0.008016643,-0.00598343,-0.014781952,-0.005878195,0.022777706,-0.014331207,0.03704662,0.0062169265,-0.003657475,0.02338092,0.05339316,0.04556579,-0.0051667243,0.024920426,-0.00426805,-0.006781161,0.022862338,-0.0033539794,0.037849545,0.038481377,0.01818645,-0.014779195,-0.011436939,0.033231303,-0.0047078207,0.035841305,0.023024831,-0.009241097,0.029670388,0.02814211,-0.0031462833,0.02934473,-0.013152033,-0.005010329,0.02827932,0.041948367,0.02036272,0.03651187,-0.007766135,0.0254976,0.037888095,-0.0009421557,0.0019831052,0.036650747,0.023874722,-0.00031708926,0.3613984,-0.010690078,0.5368045,-0.0053643826,0.4601372,-0.001963891,0.060048945,-0.0055643097,-0.0029589608,0.039183453,-0.009575114,-0.0127407685,-0.012953799,-0.009297438,0.023291364,-0.010544956,0.015728906,0.029093206,0.02883311,0.022190213
0.2759425,0.046990473,0.005251512,0.021255754,0.0032020807,0.029933363,0.022469848,0.027306022,-0.0039384216,0.045542464,0.015671015,0.0077240765,1.0058107,0.016607888,0.00016202033,0.016398363,0.50962913,0.94999385,0.02502078,0.06435238,0.86057365,0.971501,0.7254486,0.9790065,0.034830827,0.9838663,0.039668426,0.01695899,0.0043351203,0.010921236,0.0106910765,0.0029047094,0.90303886,0.017361226,0.067945324,0.06544225,0.063406125,0.08259247,0.019637115,0.038439382,0.004737735,0.022900168,0.0067976676,0.0069769803,0.026130155,0.019248754,0.018400699,0.04013606,0.029196654,0.035118677,0.010262981,0.05297358,0.012736529,0.051700547,0.0126244575,0.019541807,0.0030395947,0.017478421,0.95898026,0.052332774,0.023432143,0.09252359,0.9381809,0.04121589,0.990873,0.019283732,0.5436733,0.036646627,0.04214271,0.05761026,0.062485814,0.066533834,0.4030425,0.7286866,0.76988935,0.008493859,0.04199712,0.046737388,0.9895712,0.01695805,0.97271305,0.0022439137,0.003213346,0.00382898,0.1958894,0.019991718,0.0041938573,0.007186666,0.005537525,0.012015032,0.009902969,0.010839472,0.006265562,0.007916397,0.99139917,0.16795991,0.22613342,0.012600997,0.0060231388,0.016494162,0.00903558,0.007355377,0.017781816,0.0012460873,0.03220102,0.12966454,0.012542607,0.010338679,0.99253774,0.71655035,0.036589384,0.021681163,0.0058080927,0.0052547157,0.020441331,0.9802469,0.21609223,0.94367707,0.07789658,0.8685406,0.015412953,0.8518518,0.011541407,0.70426595,0.018342894,0.10531092,0.3280425,0.88172376,0.38811314,0.9424441,0.82448256,0.9508743,0.21977818,0.93075705,0.009318873,0.02170986,0.8885753,0.035939574,0.03853701,0.031215802,0.8515229,0.5910289,0.62343454,0.7425109,0.018457167,0.042432472,0.44435042,0.9369886,0.81468767,0.8643,0.13041435,0.59247,0.15562347,0.9105778,1.0006673,0.9913176,0.97158504,0.8776547,0.68810123,0.7240669,0.98565364,0.9796946,0.99922454,0.9934465,1.0011866,1.003775
0.0069414526,0.067150414,0.004829228,0.044751108,0.0053305775,0.040626645,0.019774212,0.060852885,0.012866139,0.05454451,0.010759108,0.008844271,0.011888027,0.4326784,0.0063605905,0.076096535,0.012749046,0.01851201,0.0059186816,0.03204243,0.016830027,0.01721993,0.0136117935,0.012306601,0.0089662075,0.018009856,0.014341831,0.007956207,0.011798322,0.010800645,7.56979e-06,0.01407814,0.013621215,0.5559082,0.47053853,0.51219404,0.031145185,0.03800136,0.010736883,0.030160466,0.01365608,0.0091829,0.014360249,0.009224422,0.026857808,0.2426577,0.028907359,0.5915742,0.015812352,0.037995815,0.044578433,0.6009145,0.005636327,0.20387518,0.008123159,0.02723191,0.0055448413,0.019017443,0.03057471,0.25132585,0.031676024,0.4766295,0.007740736,0.1874225,0.0010752827,0.0970596,0.0067353845,0.27711773,0.26003656,0.6205434,0.31454688,0.7785195,0.05899492,0.8312712,0.012828879,0.52053154,0.021844417,0.013171062,0.004945636,0.06533919,0.009417534,0.04241705,0.010469213,0.043347597,0.0081138015,0.024969094,0.010157049,0.011484166,0.0087810755,0.01469253,0.004176706,0.0031371713,0.008449599,0.006657034,0.021042645,0.0018357635,0.039745122,0.013141811,0.0048865676,0.009213358,0.008085042,0.00619787,0.007559404,0.0063150227,0.0080833435,0.0009251237,0.004632622,0.008108765,0.0012511313,0.010932013,0.031197935,0.020396978,0.010102414,0.009323776,0.0034319758,0.005787041,0.01620628,0.016341893,0.019980416,0.025229752,0.013386428,0.0118652135,0.014216334,0.025802568,0.027097523,0.022215903,0.008965433,0.012396008,0.018443286,0.013704449,0.015835501,0.010453522,0.012298793,0.017230332,0.0052290857,0.020975411,0.0011763461,0.015639454,0.0063076615,0.005981028,0.018192708,0.010462254,0.021578118,0.021775097,0.015830353,0.010523796,0.011026442,0.015376568,0.01142703,0.011995256,0.42784655,0.020587385,0.009426445,0.0066633224,0.012198448,0.012376219,0.011425436,0.012829006,0.009100735,0.012012169,0.011500776,0.011573464,0.00029107928,0.0010797381,0.0022672415,-0.0009768903
0.30093092,0.07135026,0.035930984,0.029728405,0.026947599,0.010411337,0.024762556,0.02611915,-0.0020934418,0.014098059,-0.0047518983,0.0043758946,1.0310587,0.45966047,-0.0025769025,0.052860707,0.02141267,-0.0039757863,0.0028375667,0.062049367,0.9046524,0.627114,0.5788553,0.5680771,0.04362897,0.073353305,0.011882581,0.022816598,-0.004953064,-0.0056988,0.026523482,-0.014440939,0.9448754,0.5467395,0.49875695,0.37366688,0.059522923,0.016883455,0.034351762,0.054890938,-0.0060673296,-0.0011707395,-0.005318243,-0.005828269,-0.005580153,0.26301104,-0.0009054169,0.62235737,0.045057133,0.010940962,-0.0052479706,0.6274549,-0.0076554194,0.22845063,0.028168619,-0.0015041605,0.027741289,0.04470156,0.99910027,0.2699895,0.0005555153,0.49714997,0.90045655,0.1660496,1.005817,0.11631436,0.1783534,0.30134797,0.20465568,0.5523193,0.33493003,0.7518381,0.43474334,0.8691424,0.8117579,0.5475263,0.058626153,-0.01016213,1.0258225,0.048163995,1.0120668,0.057022337,0.02759415,0.06298227,0.20023517,0.0091109,0.028548988,-0.005741192,-0.0008947551,0.004689917,-0.00013336539,0.010885004,0.0016840696,-0.009697914,0.04748573,0.041531585,0.026963063,-0.0024142861,-0.004091963,-0.0009376183,-0.008016623,-0.005983404,-0.014781967,-0.0058781505,0.022777632,-0.014331058,0.037046615,0.0062169638,-0.0036574155,0.023380876,0.05339313,0.045565754,-0.00516665,0.024920404,-0.0042679757,-0.006781131,0.02286224,-0.0033539087,0.03784951,0.038481332,0.018186405,-0.014779117,-0.011436917,0.03323134,-0.0047077835,0.03584131,0.023024801,-0.009241059,0.029670335,0.028142031,-0.0031462833,0.029344693,-0.013151988,-0.005010277,0.028279327,0.04194832,0.020362705,0.036511846,-0.007766135,0.025497481,0.03788809,-0.0009420216,0.0019831425,0.03665069,0.02387464,-0.0003170222,0.36139855,-0.0106900595,0.5368043,-0.0053643156,0.46013713,-0.0019638464,0.060048886,-0.0055642426,-0.0029588938,0.03918343,-0.0095750615,-0.012740709,-0.012953766,-0.009297445,0.02329132,-0.010544926,0.015728883,0.029093131,0.028833117,0.022190168
0.0069414526,0.067150414,0.004829228,0.044751108,0.0053305775,0.040626645,0.019774212,0.060852885,0.012866139,0.05454451,0.010759108,0.008844271,0.011888027,0.4326784,0.0063605905,0.076096535,0.012749046,0.01851201,0.0059186816,0.03204243,0.016830027,0.01721993,0.0136117935,0.012306601,0.0089662075,0.018009856,0.014341831,0.007956207,0.011798322,0.010800645,7.56979e-06,0.01407814,0.013621215,0.5559082,0.47053853,0.51219404,0.031145185,0.03800136,0.010736883,0.030160466,0.01365608,0.0091829,0.014360249,0.009224422,0.026857808,0.2426577,0.028907359,0.5915742,0.015812352,0.037995815,0.044578433,0.6009145,0.005636327,0.20387518,0.008123159,0.02723191,0.0055448413,0.019017443,0.03057471,0.25132585,0.031676024,0.4766295,0.007740736,0.1874225,0.0010752827,0.0970596,0.0067353845,0.27711773,0.26003656,0.6205434,0.31454688,0.7785195,0.05899492,0.8312712,0.012828879,0.52053154,0.021844417,0.013171062,0.004945636,0.06533919,0.009417534,0.04241705,0.010469213,0.043347597,0.0081138015,0.024969094,0.010157049,0.011484166,0.0087810755,0.01469253,0.004176706,0.0031371713,0.008449599,0.006657034,0.021042645,0.0018357635,0.039745122,0.013141811,0.0048865676,0.009213358,0.008085042,0.00619787,0.007559404,0.0063150227,0.0080833435,0.0009251237,0.004632622,0.008108765,0.0012511313,0.010932013,0.031197935,0.020396978,0.010102414,0.009323776,0.0034319758,0.005787041,0.01620628,0.016341893,0.019980416,0.025229752,0.013386428,0.0118652135,0.014216334,0.025802568,0.027097523,0.022215903,0.008965433,0.012396008,0.018443286,0.013704449,0.015835501,0.010453522,0.012298793,0.017230332,0.0052290857,0.020975411,0.0011763461,0.015639454,0.0063076615,0.005981028,0.018192708,0.010462254,0.021578118,0.021775097,0.015830353,0.010523796,0.011026442,0.015376568,0.01142703,0.011995256,0.42784655,0.020587385,0.009426445,0.0066633224,0.012198448,0.012376219,0.011425436,0.012829006,0.009100735,0.012012169,0.011500776,0.011573464,0.00029107928,0.0010797381,0.0022672415,-0.0009768903
0.2759425,0.046990514,0.0052515343,0.021255698,0.0032021254,0.029933363,0.022469789,0.027305951,-0.0039385706,0.045542352,0.01567103,0.007724181,1.0058107,0.016607808,0.00016197562,0.016398333,0.509629,0.94999385,0.02502078,0.06435246,0.86057365,0.97150105,0.7254486,0.97900665,0.034830898,0.98386633,0.039668337,0.016958907,0.0043350756,0.010921281,0.010691166,0.0029046535,0.903039,0.017361203,0.06794537,0.065442294,0.063406155,0.08259247,0.019637048,0.038439367,0.004737735,0.022900146,0.006797649,0.0069769975,0.026130263,0.019248724,0.01840067,0.04013606,0.029196609,0.035118677,0.010262981,0.052973647,0.012736484,0.051700667,0.012624539,0.019541774,0.003039673,0.017478451,0.9589803,0.05233269,0.023432108,0.092523575,0.93818086,0.041215964,0.99087286,0.01928371,0.54367304,0.036646694,0.04214263,0.057610363,0.062485754,0.06653379,0.4030425,0.7286866,0.76988935,0.008493789,0.04199712,0.046737373,0.989571,0.01695799,0.97271305,0.002243923,0.003213346,0.0038289167,0.19588947,0.019991867,0.004193887,0.007186733,0.005537495,0.012015041,0.009902954,0.010839453,0.0062655695,0.007916407,0.99139917,0.16795987,0.22613347,0.012601137,0.006023109,0.016494185,0.009035658,0.0073554367,0.017781865,0.0012460351,0.0322011,0.12966448,0.012542671,0.010338664,0.99253756,0.71655047,0.036589377,0.02168107,0.005808126,0.005254673,0.020441353,0.980247,0.2160922,0.94367707,0.077896655,0.8685406,0.01541304,0.8518517,0.011541444,0.70426595,0.018342914,0.105311036,0.32804245,0.881724,0.3881131,0.9424439,0.8244825,0.9508743,0.2197783,0.9307571,0.009318814,0.02170983,0.8885752,0.035939515,0.03853709,0.031215832,0.85152286,0.5910289,0.62343454,0.7425109,0.018457146,0.042432472,0.44435042,0.93698865,0.8146876,0.8643,0.1304144,0.59247,0.1556235,0.91057765,1.0006673,0.9913175,0.97158504,0.8776544,0.6881012,0.72406673,0.98565376,0.9796946,0.99922454,0.99344635,1.0011866,1.0037751
0.27497965,0.03725992,0.0046262145,0.0018326938,0.0010900497,0.004904628,-0.0010815263,0.025077365,-0.0042445064,0.013400346,-0.0042878613,-0.0061860085,0.998492,0.42937046,0.004535258,0.08507559,0.5165328,0.94365126,0.0121122,0.08014642,0.8700698,0.9657481,0.72416186,0.98213744,0.032528013,0.79269254,0.034459084,-0.0017580017,0.01171574,-0.005713314,-0.0025558472,-0.007964045,0.9146644,0.5427567,0.46900338,0.53383183,0.0727343,0.08391136,0.011928707,0.032269225,0.016154021,0.00022146851,0.0034944117,0.004230052,0.03595066,0.24277866,0.037444234,0.6020529,0.042531,0.05160868,0.035805583,0.59297144,0.024027914,0.20235637,0.018590212,0.021627724,0.027748019,0.010519922,0.9618212,0.2429673,0.066352785,0.4663224,0.8907167,0.13339242,0.96966463,0.09792656,0.16935766,0.32638097,0.2730238,0.6314454,0.31604046,0.7823852,0.40581322,0.8223585,0.77196944,0.5097575,0.035291642,0.037409782,0.988978,0.052729428,0.9801003,0.026195526,0.0024670064,0.023714736,0.18500207,-0.0026697516,0.011749595,-0.005989477,0.02726233,-0.0009495765,0.029011399,0.024398744,0.03717062,0.011869773,1.0005503,0.96216327,0.6049172,0.010135382,0.03373471,0.02434443,0.034806073,-0.00040794536,0.027816933,0.012242749,0.03651759,0.9717928,0.4100599,-0.0048007667,0.9982079,0.9948906,0.19523951,0.016631544,0.014091898,0.02238983,0.13687399,0.9997426,0.2170109,0.9452326,0.07624775,0.8680701,0.0014516711,0.8408756,0.014758386,0.7183374,0.0072153155,0.099522054,0.32935995,0.88461995,0.3764827,0.94427824,0.8218217,0.9639394,0.2216933,0.93011713,0.0056930184,-0.0017843843,0.03428135,0.023099301,0.018326953,0.020008119,0.7690333,0.8687306,0.47450086,0.7450926,0.013710082,0.0961469,0.45089078,0.9447714,0.517767,0.5562358,0.4242964,0.25817513,0.14708029,0.9154242,0.9966296,1.00584,0.9785309,0.8606262,0.7013057,0.7137304,0.9903885,0.97911143,0.99498266,0.9985909,0.9987509,0.99988973
0.7472198,0.023521751,0.653711,0.019023359,0.108552545,0.020008475,0.010615006,0.13333109,0.008231655,0.013306007,0.008331716,0.011823222,0.98574185,0.5814836,0.07530294,0.38117588,0.992884,0.9910946,0.12804723,0.07161316,0.9591242,0.95990753,0.9863228,0.9909122,0.9902731,0.76217127,0.97862244,0.0074262023,0.9879116,0.0123176575,0.008429199,0.011034787,0.9795717,0.8845464,0.46627387,0.34824774,0.047133893,0.07343957,0.011139438,0.029081382,0.012194831,0.015822977,0.014826003,0.008914828,0.027886152,0.34706998,0.03030163,0.6185271,0.037621126,0.037497178,0.024911016,0.53020895,0.0129070245,0.026055723,0.010774404,0.016177386,0.010916263,0.021801725,0.96333134,0.05267039,0.070827454,0.08117622,0.9156275,0.040061355,0.98332304,0.022556603,0.159722,0.05395162,0.22985692,0.5549836,0.41867536,0.6265609,0.7416543,0.9717149,0.9843403,0.9064857,0.9157157,0.27965966,0.9756402,0.13797581,0.962338,0.042525202,0.011213005,0.038409792,0.17272437,0.013489008,0.009841189,0.014669314,0.010870993,0.011236094,0.010969013,0.014906049,0.010954894,0.009423904,0.99043876,0.16890052,0.2184622,0.008819684,0.011261836,0.014444977,0.010967702,0.0074965805,0.010855943,0.00776577,0.9921111,0.9758066,0.8777701,0.009941757,0.9923514,0.7115953,0.012267888,0.008346111,0.008476675,0.004622154,0.9563645,0.99199486,0.9320487,0.98008835,0.27256343,0.930176,0.9086055,0.9823957,0.43182272,0.89191854,0.012287453,0.11166662,0.95004785,0.97974586,0.9928861,0.992538,0.9813563,0.98969185,0.90545577,0.9870445,0.010961704,0.014398903,0.038280297,0.021542445,0.013881862,0.023136519,0.76318854,0.59149957,0.6281712,0.74207896,0.011440903,0.036876336,0.98486054,0.99081874,0.50000596,0.551284,0.7615657,0.25115392,0.9912358,0.99261284,0.99290806,0.9928458,0.99289596,0.9919959,0.9928264,0.9872563,0.99290633,0.9928325,0.9927676,0.9928534,0.99277437,0.9927567
0.300931,0.07135028,0.035931,0.029728495,0.026947632,0.010411322,0.024762575,0.026119083,-0.0020934716,0.014098059,-0.0047518983,0.004375905,1.0310585,0.45966053,-0.0025769696,0.052860655,0.02141273,-0.0039758533,0.002837507,0.06204935,0.9046524,0.62711394,0.5788553,0.5680771,0.043629035,0.07335335,0.011882521,0.022816598,-0.004953094,-0.005698867,0.026523542,-0.014440946,0.9448755,0.54673946,0.498757,0.3736668,0.059522983,0.016883425,0.034351774,0.05489097,-0.0060674064,-0.001170814,-0.0053182915,-0.0058283135,-0.0055802492,0.26301104,-0.00090548024,0.6223574,0.0450572,0.01094085,-0.0052480046,0.6274549,-0.0076555014,0.22845064,0.028168648,-0.0015041828,0.0277413,0.04470159,0.9991002,0.26998943,0.0005554259,0.49715,0.90045667,0.16604967,1.005817,0.116314374,0.17835343,0.30134797,0.2046557,0.55231917,0.33493,0.7518381,0.43474334,0.8691424,0.8117579,0.54752624,0.058626257,-0.010162167,1.0258225,0.048163906,1.0120667,0.057022363,0.027594201,0.06298223,0.20023522,0.009110851,0.028549016,-0.005741205,-0.0008948222,0.00468985,-0.00013337284,0.010884931,0.0016840398,-0.009697989,0.047485784,0.041531615,0.026962958,-0.0024144053,-0.004092023,-0.0009375438,-0.008016643,-0.00598343,-0.014781952,-0.005878195,0.022777706,-0.014331207,0.03704662,0.0062169265,-0.003657475,0.02338092,0.05339316,0.04556579,-0.0051667243,0.024920426,-0.00426805,-0.006781161,0.022862338,-0.0033539794,0.037849545,0.038481377,0.01818645,-0.014779195,-0.011436939,0.033231303,-0.0047078207,0.035841305,0.023024831,-0.009241097,0.029670388,0.02814211,-0.0031462833,0.02934473,-0.013152033,-0.005010329,0.02827932,0.041948367,0.02036272,0.03651187,-0.007766135,0.0254976,0.037888095,-0.0009421557,0.0019831052,0.036650747,0.023874722,-0.00031708926,0.3613984,-0.010690078,0.5368045,-0.0053643826,0.4601372,-0.001963891,0.060048945,-0.0055643097,-0.0029589608,0.039183453,-0.009575114,-0.0127407685,-0.012953799,-0.009297438,0.023291364,-0.010544956,0.015728906,0.029093206,0.02883311,0.022190213
0.27497965,0.03725992,0.0046262145,0.0018326938,0.0010900497,0.004904628,-0.0010815263,0.025077365,-0.0042445064,0.013400346,-0.0042878613,-0.0061860085,0.998492,0.42937046,0.004535258,0.08507559,0.5165328,0.94365126,0.0121122,0.08014642,0.8700698,0.9657481,0.72416186,0.98213744,0.032528013,0.79269254,0.034459084,-0.0017580017,0.01171574,-0.005713314,-0.0025558472,-0.007964045,0.9146644,0.5427567,0.46900338,0.53383183,0.0727343,0.08391136,0.011928707,0.032269225,0.016154021,0.00022146851,0.0034944117,0.004230052,0.03595066,0.24277866,0.037444234,0.6020529,0.042531,0.05160868,0.035805583,0.59297144,0.024027914,0.20235637,0.018590212,0.021627724,0.027748019,0.010519922,0.9618212,0.2429673,0.066352785,0.4663224,0.8907167,0.13339242,0.96966463,0.09792656,0.16935766,0.32638097,0.2730238,0.6314454,0.31604046,0.7823852,0.40581322,0.8223585,0.77196944,0.5097575,0.035291642,0.037409782,0.988978,0.052729428,0.9801003,0.026195526,0.0024670064,0.023714736,0.18500207,-0.0026697516,0.011749595,-0.005989477,0.02726233,-0.0009495765,0.029011399,0.024398744,0.03717062,0.011869773,1.0005503,0.96216327,0.6049172,0.010135382,0.03373471,0.02434443,0.034806073,-0.00040794536,0.027816933,0.012242749,0.03651759,0.9717928,0.4100599,-0.0048007667,0.9982079,0.9948906,0.19523951,0.016631544,0.014091898,0.02238983,0.13687399,0.9997426,0.2170109,0.9452326,0.07624775,0.8680701,0.0014516711,0.8408756,0.014758386,0.7183374,0.0072153155,0.099522054,0.32935995,0.88461995,0.3764827,0.94427824,0.8218217,0.9639394,0.2216933,0.93011713,0.0056930184,-0.0017843843,0.03428135,0.023099301,0.018326953,0.020008119,0.7690333,0.8687306,0.47450086,0.7450926,0.013710082,0.0961469,0.45089078,0.9447714,0.517767,0.5562358,0.4242964,0.25817513,0.14708029,0.9154242,0.9966296,1.00584,0.9785309,0.8606262,0.7013057,0.7137304,0.9903885,0.97911143,0.99498266,0.9985909,0.9987509,0.99988973
0.30093092,0.07135026,0.035930984,0.029728405,0.026947599,0.010411337,0.024762556,0.02611915,-0.0020934418,0.014098059,-0.0047518983,0.0043758946,1.0310587,0.45966047,-0.0025769025,0.052860707,0.02141267,-0.0039757863,0.0028375667,0.062049367,0.9046524,0.627114,0.5788553,0.5680771,0.04362897,0.073353305,0.011882581,0.022816598,-0.004953064,-0.0056988,0.026523482,-0.014440939,0.9448754,0.5467395,0.49875695,0.37366688,0.059522923,0.016883455,0.034351762,0.054890938,-0.0060673296,-0.0011707395,-0.005318243,-0.005828269,-0.005580153,0.26301104,-0.0009054169,0.62235737,0.045057133,0.010940962,-0.0052479706,0.6274549,-0.0076554194,0.22845063,0.028168619,-0.0015041605,0.027741289,0.04470156,0.99910027,0.2699895,0.0005555153,0.49714997,0.90045655,0.1660496,1.005817,0.11631436,0.1783534,0.30134797,0.20465568,0.5523193,0.33493003,0.7518381,0.43474334,0.8691424,0.8117579,0.5475263,0.058626153,-0.01016213,1.0258225,0.048163995,1.0120668,0.057022337,0.02759415,0.06298227,0.20023517,0.0091109,0.028548988,-0.005741192,-0.0008947551,0.004689917,-0.00013336539,0.010885004,0.0016840696,-0.009697914,0.04748573,0.041531585,0.026963063,-0.0024142861,-0.004091963,-0.0009376183,-0.008016623,-0.005983404,-0.014781967,-0.0058781505,0.022777632,-0.014331058,0.037046615,0.0062169638,-0.0036574155,0.023380876,0.05339313,0.045565754,-0.00516665,0.024920404,-0.0042679757,-0.006781131,0.02286224,-0.0033539087,0.03784951,0.038481332,0.018186405,-0.014779117,-0.011436917,0.03323134,-0.0047077835,0.03584131,0.023024801,-0.009241059,0.029670335,0.028142031,-0.0031462833,0.029344693,-0.013151988,-0.005010277,0.028279327,0.04194832,0.020362705,0.036511846,-0.007766135,0.025497481,0.03788809,-0.0009420216,0.0019831425,0.03665069,0.02387464,-0.0003170222,0.36139855,-0.0106900595,0.5368043,-0.0053643156,0.46013713,-0.0019638464,0.060048886,-0.0055642426,-0.0029588938,0.03918343,-0.0095750615,-0.012740709,-0.012953766,-0.009297445,0.02329132,-0.010544926,0.015728883,0.029093131,0.028833117,0.022190168
0.2759425,0.046990473,0.005251512,0.021255754,0.0032020807,0.029933363,0.022469848,0.027306022,-0.0039384216,0.045542464,0.015671015,0.0077240765,1.0058107,0.016607888,0.00016202033,0.016398363,0.50962913,0.94999385,0.02502078,0.06435238,0.86057365,0.971501,0.7254486,0.9790065,0.034830827,0.9838663,0.039668426,0.01695899,0.0043351203,0.010921236,0.0106910765,0.0029047094,0.90303886,0.017361226,0.067945324,0.06544225,0.063406125,0.08259247,0.019637115,0.038439382,0.004737735,0.022900168,0.0067976676,0.0069769803,0.026130155,0.019248754,0.018400699,0.04013606,0.029196654,0.035118677,0.010262981,0.05297358,0.012736529,0.051700547,0.0126244575,0.019541807,0.0030395947,0.017478421,0.95898026,0.052332774,0.023432143,0.09252359,0.9381809,0.04121589,0.990873,0.019283732,0.5436733,0.036646627,0.04214271,0.05761026,0.062485814,0.066533834,0.4030425,0.7286866,0.76988935,0.008493859,0.04199712,0.046737388,0.9895712,0.01695805,0.97271305,0.0022439137,0.003213346,0.00382898,0.1958894,0.019991718,0.0041938573,0.007186666,0.005537525,0.012015032,0.009902969,0.010839472,0.006265562,0.007916397,0.99139917,0.16795991,0.22613342,0.012600997,0.0060231388,0.016494162,0.00903558,0.007355377,0.017781816,0.0012460873,0.03220102,0.12966454,0.012542607,0.010338679,0.99253774,0.71655035,0.036589384,0.021681163,0.0058080927,0.0052547157,0.020441331,0.9802469,0.21609223,0.94367707,0.07789658,0.8685406,0.015412953,0.8518518,0.011541407,0.70426595,0.018342894,0.10531092,0.3280425,0.88172376,0.38811314,0.9424441,0.82448256,0.9508743,0.21977818,0.93075705,0.009318873,0.02170986,0.8885753,0.035939574,0.03853701,0.031215802,0.8515229,0.5910289,0.62343454,0.7425109,0.018457167,0.042432472,0.44435042,0.9369886,0.81468767,0.8643,0.13041435,0.59247,0.15562347,0.9105778,1.0006673,0.9913176,0.97158504,0.8776547,0.68810123,0.7240669,0.98565364,0.9796946,0.99922454,0.9934465,1.0011866,1.003775
0.7472198,0.023521751,0.653711,0.019023359,0.108552545,0.020008475,0.010615006,0.13333109,0.008231655,0.013306007,0.008331716,0.011823222,0.98574185,0.5814836,0.07530294,0.38117588,0.992884,0.9910946,0.12804723,0.07161316,0.9591242,0.95990753,0.9863228,0.9909122,0.9902731,0.76217127,0.97862244,0.0074262023,0.9879116,0.0123176575,0.008429199,0.011034787,0.9795717,0.8845464,0.46627387,0.34824774,0.047133893,0.07343957,0.011139438,0.029081382,0.012194831,0.015822977,0.014826003,0.008914828,0.027886152,0.34706998,0.03030163,0.6185271,0.037621126,0.037497178,0.024911016,0.53020895,0.0129070245,0.026055723,0.010774404,0.016177386,0.010916263,0.021801725,0.96333134,0.05267039,0.070827454,0.08117622,0.9156275,0.040061355,0.98332304,0.022556603,0.159722,0.05395162,0.22985692,0.5549836,0.41867536,0.6265609,0.7416543,0.9717149,0.9843403,0.9064857,0.9157157,0.27965966,0.9756402,0.13797581,0.962338,0.042525202,0.011213005,0.038409792,0.17272437,0.013489008,0.009841189,0.014669314,0.010870993,0.011236094,0.010969013,0.014906049,0.010954894,0.009423904,0.99043876,0.16890052,0.2184622,0.008819684,0.011261836,0.014444977,0.010967702,0.0074965805,0.010855943,0.00776577,0.9921111,0.9758066,0.8777701,0.009941757,0.9923514,0.7115953,0.012267888,0.008346111,0.008476675,0.004622154,0.9563645,0.99199486,0.9320487,0.98008835,0.27256343,0.930176,0.9086055,0.9823957,0.43182272,0.89191854,0.012287453,0.11166662,0.95004785,0.97974586,0.9928861,0.992538,0.9813563,0.98969185,0.90545577,0.9870445,0.010961704,0.014398903,0.038280297,0.021542445,0.013881862,0.023136519,0.76318854,0.59149957,0.6281712,0.74207896,0.011440903,0.036876336,0.98486054,0.99081874,0.50000596,0.551284,0.7615657,0.25115392,0.9912358,0.99261284,0.99290806,0.9928458,0.99289596,0.9919959,0.9928264,0.9872563,0.99290633,0.9928325,0.9927676,0.9928534,0.99277437,0.9927567
0.0069414526,0.067150414,0.004829228,0.044751108,0.0053305775,0.040626645,0.019774212,0.060852885,0.012866139,0.05454451,0.010759108,0.008844271,0.011888027,0.4326784,0.0063605905,0.076096535,0.012749046,0.01851201,0.0059186816,0.03204243,0.016830027,0.01721993,0.0136117935,0.012306601,0.0089662075,0.018009856,0.014341831,0.007956207,0.011798322,0.010800645,7.56979e-06,0.01407814,0.013621215,0.5559082,0.47053853,0.51219404,0.031145185,0.03800136,0.010736883,0.030160466,0.01365608,0.0091829,0.014360249,0.009224422,0.026857808,0.2426577,0.028907359,0.5915742,0.015812352,0.037995815,0.044578433,0.6009145,0.005636327,0.20387518,0.008123159,0.02723191,0.0055448413,0.019017443,0.03057471,0.25132585,0.031676024,0.4766295,0.007740736,0.1874225,0.0010752827,0.0970596,0.0067353845,0.27711773,0.26003656,0.6205434,0.31454688,0.7785195,0.05899492,0.8312712,0.012828879,0.52053154,0.021844417,0.013171062,0.004945636,0.06533919,0.009417534,0.04241705,0.010469213,0.043347597,0.0081138015,0.024969094,0.010157049,0.011484166,0.0087810755,0.01469253,0.004176706,0.0031371713,0.008449599,0.006657034,0.021042645,0.0018357635,0.039745122,0.013141811,0.0048865676,0.009213358,0.008085042,0.00619787,0.007559404,0.0063150227,0.0080833435,0.0009251237,0.004632622,0.008108765,0.0012511313,0.010932013,0.031197935,0.020396978,0.010102414,0.009323776,0.0034319758,0.005787041,0.01620628,0.016341893,0.019980416,0.025229752,0.013386428,0.0118652135,0.014216334,0.025802568,0.027097523,0.022215903,0.008965433,0.012396008,0.018443286,0.013704449,0.015835501,0.010453522,0.012298793,0.017230332,0.0052290857,0.020975411,0.0011763461,0.015639454,0.0063076615,0.005981028,0.018192708,0.010462254,0.021578118,0.021775097,0.015830353,0.010523796,0.011026442,0.015376568,0.01142703,0.011995256,0.42784655,0.020587385,0.009426445,0.0066633224,0.012198448,0.012376219,0.011425436,0.012829006,0.009100735,0.012012169,0.011500776,0.011573464,0.00029107928,0.0010797381,0.0022672415,-0.0009768903
0.0069414526,0.067150414,0.004829228,0.044751108,0.0053305775,0.040626645,0.019774212,0.060852885,0.012866139,0.05454451,0.010759108,0.008844271,0.011888027,0.4326784,0.0063605905,0.076096535,0.012749046,0.01851201,0.0059186816,0.03204243,0.016830027,0.01721993,0.0136117935,0.012306601,0.0089662075,0.018009856,0.014341831,0.007956207,0.011798322,0.010800645,7.56979e-06,0.01407814,0.013621215,0.5559082,0.47053853,0.51219404,0.031145185,0.03800136,0.010736883,0.030160466,0.01365608,0.0091829,0.014360249,0.009224422,0.026857808,0.2426577,0.028907359,0.5915742,0.015812352,0.037995815,0.044578433,0.6009145,0.005636327,0.20387518,0.008123159,0.02723191,0.0055448413,0.019017443,0.03057471,0.25132585,0.031676024,0.4766295,0.007740736,0.1874225,0.0010752827,0.0970596,0.0067353845,0.27711773,0.26003656,0.6205434,0.31454688,0.7785195,0.05899492,0.8312712,0.012828879,0.52053154,0.021844417,0.013171062,0.004945636,0.06533919,0.009417534,0.04241705,0.010469213,0.043347597,0.0081138015,0.024969094,0.010157049,0.011484166,0.0087810755,0.01469253,0.004176706,0.0031371713,0.008449599,0.006657034,0.021042645,0.0018357635,0.039745122,0.013141811,0.0048865676,0.009213358,0.008085042,0.00619787,0.007559404,0.0063150227,0.0080833435,0.0009251237,0.004632622,0.008108765,0.0012511313,0.010932013,0.031197935,0.020396978,0.010102414,0.009323776,0.0034319758,0.005787041,0.01620628,0.016341893,0.019980416,0.025229752,0.013386428,0.0118652135,0.014216334,0.025802568,0.027097523,0.022215903,0.008965433,0.012396008,0.018443286,0.013704449,0.015835501,0.010453522,0.012298793,0.017230332,0.0052290857,0.020975411,0.0011763461,0.015639454,0.0063076615,0.005981028,0.018192708,0.010462254,0.021578118,0.021775097,0.015830353,0.010523796,0.011026442,0.015376568,0.01142703,0.011995256,0.42784655,0.020587385,0.009426445,0.0066633224,0.012198448,0.012376219,0.011425436,0.012829006,0.009100735,0.012012169,0.011500776,0.011573464,0.00029107928,0.0010797381,0.0022672415,-0.0009768903
0.2759425,0.046990514,0.0052515343,0.021255698,0.0032021254,0.029933363,0.022469789,0.027305951,-0.0039385706,0.045542352,0.01567103,0.007724181,1.0058107,0.016607808,0.00016197562,0.016398333,0.509629,0.94999385,0.02502078,0.06435246,0.86057365,0.97150105,0.7254486,0.97900665,0.034830898,0.98386633,0.039668337,0.016958907,0.0043350756,0.010921281,0.010691166,0.0029046535,0.903039,0.017361203,0.06794537,0.065442294,0.063406155,0.08259247,0.019637048,0.038439367,0.004737735,0.022900146,0.006797649,0.0069769975,0.026130263,0.019248724,0.01840067,0.04013606,0.029196609,0.035118677,0.010262981,0.052973647,0.012736484,0.051700667,0.012624539,0.019541774,0.003039673,0.017478451,0.9589803,0.05233269,0.023432108,0.092523575,0.93818086,0.041215964,0.99087286,0.01928371,0.54367304,0.036646694,0.04214263,0.057610363,0.062485754,0.06653379,0.4030425,0.7286866,0.76988935,0.008493789,0.04199712,0.046737373,0.989571,0.01695799,0.97271305,0.002243923,0.003213346,0.0038289167,0.19588947,0.019991867,0.004193887,0.007186733,0.005537495,0.012015041,0.009902954,0.010839453,0.0062655695,0.007916407,0.99139917,0.16795987,0.22613347,0.012601137,0.006023109,0.016494185,0.009035658,0.0073554367,0.017781865,0.0012460351,0.0322011,0.12966448,0.012542671,0.010338664,0.99253756,0.71655047,0.036589377,0.02168107,0.005808126,0.005254673,0.020441353,0.980247,0.2160922,0.94367707,0.077896655,0.8685406,0.01541304,0.8518517,0.011541444,0.70426595,0.018342914,0.105311036,0.32804245,0.881724,0.3881131,0.9424439,0.8244825,0.9508743,0.2197783,0.9307571,0.009318814,0.02170983,0.8885752,0.035939515,0.03853709,0.031215832,0.85152286,0.5910289,0.62343454,0.7425109,0.018457146,0.042432472,0.44435042,0.93698865,0.8146876,0.8643,0.1304144,0.59247,0.1556235,0.91057765,1.0006673,0.9913175,0.97158504,0.8776544,0.6881012,0.72406673,0.98565376,0.9796946,0.99922454,0.99344635,1.0011866,1.0037751
0.7472198,0.023521751,0.653711,0.019023359,0.108552545,0.020008475,0.010615006,0.13333109,0.008231655,0.013306007,0.008331716,0.011823222,0.98574185,0.5814836,0.07530294,0.38117588,0.992884,0.9910946,0.12804723,0.07161316,0.9591242,0.95990753,0.9863228,0.9909122,0.9902731,0.76217127,0.97862244,0.0074262023,0.9879116,0.0123176575,0.008429199,0.011034787,0.9795717,0.8845464,0.46627387,0.34824774,0.047133893,0.07343957,0.011139438,0.029081382,0.012194831,0.015822977,0.014826003,0.008914828,0.027886152,0.34706998,0.03030163,0.6185271,0.037621126,0.037497178,0.024911016,0.53020895,0.0129070245,0.026055723,0.010774404,0.016177386,0.010916263,0.021801725,0.96333134,0.05267039,0.070827454,0.08117622,0.9156275,0.040061355,0.98332304,0.022556603,0.159722,0.05395162,0.22985692,0.5549836,0.41867536,0.6265609,0.7416543,0.9717149,0.9843403,0.9064857,0.9157157,0.27965966,0.9756402,0.13797581,0.962338,0.042525202,0.011213005,0.038409792,0.17272437,0.013489008,0.009841189,0.014669314,0.010870993,0.011236094,0.010969013,0.014906049,0.010954894,0.009423904,0.99043876,0.16890052,0.2184622,0.008819684,0.011261836,0.014444977,0.010967702,0.0074965805,0.010855943,0.00776577,0.9921111,0.9758066,0.8777701,0.009941757,0.9923514,0.7115953,0.012267888,0.008346111,0.008476675,0.004622154,0.9563645,0.99199486,0.9320487,0.98008835,0.27256343,0.930176,0.9086055,0.9823957,0.43182272,0.89191854,0.012287453,0.11166662,0.95004785,0.97974586,0.9928861,0.992538,0.9813563,0.98969185,0.90545577,0.9870445,0.010961704,0.014398903,0.038280297,0.021542445,0.013881862,0.023136519,0.76318854,0.59149957,0.6281712,0.74207896,0.011440903,0.036876336,0.98486054,0.99081874,0.50000596,0.551284,0.7615657,0.25115392,0.9912358,0.99261284,0.99290806,0.9928458,0.99289596,0.9919959,0.9928264,0.9872563,0.99290633,0.9928325,0.9927676,0.9928534,0.99277437,0.9927567
0.27497965,0.03725992,0.0046262145,0.0018326938,0.0010900497,0.004904628,-0.0010815263,0.025077365,-0.0042445064,0.013400346,-0.0042878613,-0.0061860085,0.998492,0.42937046,0.004535258,0.08507559,0.5165328,0.94365126,0.0121122,0.08014642,0.8700698,0.9657481,0.72416186,0.98213744,0.032528013,0.79269254,0.034459084,-0.0017580017,0.01171574,-0.005713314,-0.0025558472,-0.007964045,0.9146644,0.5427567,0.46900338,0.53383183,0.0727343,0.08391136,0.011928707,0.032269225,0.016154021,0.00022146851,0.0034944117,0.004230052,0.03595066,0.24277866,0.037444234,0.6020529,0.042531,0.05160868,0.035805583,0.59297144,0.024027914,0.20235637,0.018590212,0.021627724,0.027748019,0.010519922,0.9618212,0.2429673,0.066352785,0.4663224,0.8907167,0.13339242,0.96966463,0.09792656,0.16935766,0.32638097,0.2730238,0.6314454,0.31604046,0.7823852,0.40581322,0.8223585,0.77196944,0.5097575,0.035291642,0.037409782,0.988978,0.052729428,0.9801003,0.026195526,0.0024670064,0.023714736,0.18500207,-0.0026697516,0.011749595,-0.005989477,0.02726233,-0.0009495765,0.029011399,0.024398744,0.03717062,0.011869773,1.0005503,0.96216327,0.6049172,0.010135382,0.03373471,0.02434443,0.034806073,-0.00040794536,0.027816933,0.012242749,0.03651759,0.9717928,0.4100599,-0.0048007667,0.9982079,0.9948906,0.19523951,0.016631544,0.014091898,0.02238983,0.13687399,0.9997426,0.2170109,0.9452326,0.07624775,0.8680701,0.0014516711,0.8408756,0.014758386,0.7183374,0.0072153155,0.099522054,0.32935995,0.88461995,0.3764827,0.94427824,0.8218217,0.9639394,0.2216933,0.93011713,0.0056930184,-0.0017843843,0.03428135,0.023099301,0.018326953,0.020008119,0.7690333,0.8687306,0.47450086,0.7450926,0.013710082,0.0961469,0.45089078,0.9447714,0.517767,0.5562358,0.4242964,0.25817513,0.14708029,0.9154242,0.9966296,1.00584,0.9785309,0.8606262,0.7013057,0.7137304,0.9903885,0.97911143,0.99498266,0.9985909,0.9987509,0.99988973
0.27497965,0.03725992,0.0046262145,0.0018326938,0.0010900497,0.004904628,-0.0010815263,0.025077365,-0.0042445064,0.013400346,-0.0042878613,-0.0061860085,0.998492,0.42937046,0.004535258,0.08507559,0.5165328,0.94365126,0.0121122,0.08014642,0.8700698,0.9657481,0.72416186,0.98213744,0.032528013,0.79269254,0.034459084,-0.0017580017,0.01171574,-0.005713314,-0.0025558472,-0.007964045,0.9146644,0.5427567,0.46900338,0.53383183,0.0727343,0.08391136,0.011928707,0.032269225,0.016154021,0.00022146851,0.0034944117,0.004230052,0.03595066,0.24277866,0.037444234,0.6020529,0.042531,0.05160868,0.035805583,0.59297144,0.024027914,0.20235637,0.018590212,0.021627724,0.027748019,0.010519922,0.9618212,0.2429673,0.066352785,0.4663224,0.8907167,0.13339242,0.96966463,0.09792656,0.16935766,0.32638097,0.2730238,0.6314454,0.31604046,0.7823852,0.40581322,0.8223585,0.77196944,0.5097575,0.035291642,0.037409782,0.988978,0.052729428,0.9801003,0.026195526,0.0024670064,0.023714736,0.18500207,-0.0026697516,0.011749595,-0.005989477,0.02726233,-0.0009495765,0.029011399,0.024398744,0.03717062,0.011869773,1.0005503,0.96216327,0.6049172,0.010135382,0.03373471,0.02434443,0.034806073,-0.00040794536,0.027816933,0.012242749,0.03651759,0.9717928,0.4100599,-0.0048007667,0.9982079,0.9948906,0.19523951,0.016631544,0.014091898,0.02238983,0.13687399,0.9997426,0.2170109,0.9452326,0.07624775,0.8680701,0.0014516711,0.8408756,0.014758386,0.7183374,0.0072153155,0.099522054,0.32935995,0.88461995,0.3764827,0.94427824,0.8218217,0.9639394,0.2216933,0.93011713,0.0056930184,-0.0017843843,0.03428135,0.023099301,0.018326953,0.020008119,0.7690333,0.8687306,0.47450086,0.7450926,0.013710082,0.0961469,0.45089078,0.9447714,0.517767,0.5562358,0.4242964,0.25817513,0.14708029,0.9154242,0.9966296,1.00584,0.9785309,0.8606262,0.7013057,0.7137304,0.9903885,0.97911143,0.99498266,0.9985909,0.9987509,0.99988973
0.30093092,0.07135022,0.035930954,0.02972842,0.026947618,0.010411352,0.024762541,0.026119195,-0.002093438,0.014098113,-0.0047518387,0.0043758824,1.0310587,0.45966044,-0.0025767833,0.05286076,0.0214127,-0.0039757267,0.0028375778,0.062049333,0.9046526,0.6271139,0.5788554,0.56807727,0.043628946,0.073353335,0.011882506,0.022816598,-0.004953049,-0.0056988373,0.026523396,-0.014440969,0.9448756,0.5467396,0.49875695,0.37366682,0.05952292,0.016883478,0.034351774,0.054890998,-0.0060673393,-0.0011707321,-0.005318187,-0.005828269,-0.005580196,0.263011,-0.0009054765,0.6223575,0.04505714,0.010940969,-0.005247969,0.62745494,-0.007655427,0.22845069,0.028168589,-0.0015040636,0.027741292,0.044701554,0.9991001,0.26998943,0.0005554855,0.49714994,0.9004566,0.16604958,1.0058172,0.11631428,0.17835346,0.30134785,0.20465565,0.55231935,0.33493,0.751838,0.4347434,0.8691426,0.8117581,0.54752636,0.05862628,-0.010162115,1.0258229,0.048163936,1.0120668,0.057022385,0.027594171,0.062982135,0.20023513,0.009110877,0.02854897,-0.00574125,-0.0008947477,0.004689969,-0.0001333952,0.010884993,0.0016840696,-0.009697951,0.047485724,0.0415316,0.026963122,-0.002414301,-0.0040918887,-0.00093756616,-0.008016602,-0.0059834523,-0.014781952,-0.0058782175,0.022777595,-0.014331162,0.037046738,0.0062170196,-0.0036573857,0.023380868,0.053393137,0.04556576,-0.0051665604,0.02492036,-0.0042680204,-0.0067810714,0.022862267,-0.0033539608,0.03784949,0.038481362,0.018186435,-0.014779143,-0.011436917,0.03323129,-0.0047078244,0.035841316,0.023024797,-0.009241112,0.029670361,0.028141972,-0.0031462759,0.029344719,-0.0131519735,-0.00501021,0.028279297,0.04194835,0.020362705,0.036511943,-0.007766098,0.025497496,0.03788808,-0.0009420812,0.001983093,0.03665066,0.023874633,-0.000317052,0.36139852,-0.010689996,0.5368044,-0.005364405,0.4601372,-0.0019638538,0.060048923,-0.005564198,-0.0029588863,0.039183453,-0.0095750615,-0.012740791,-0.012953736,-0.009297371,0.023291305,-0.010544956,0.015728861,0.029093131,0.028833076,0.022190139
0.0069413558,0.06715053,0.004829496,0.04475066,0.00533098,0.040626705,0.019774474,0.060852885,0.012866139,0.05454412,0.010759193,0.008843929,0.011887908,0.4326786,0.0063607097,0.076096535,0.0127489865,0.018511936,0.005918801,0.03204222,0.016830593,0.017219856,0.013611704,0.012306541,0.008966297,0.018009484,0.014341801,0.007956505,0.011798441,0.010800809,7.249415e-06,0.014078379,0.013621155,0.5559081,0.4705384,0.51219416,0.031145196,0.03800112,0.010736942,0.030160181,0.013656169,0.009182334,0.014359891,0.009224497,0.026857823,0.24265762,0.02890712,0.5915742,0.015812352,0.037995934,0.044578373,0.6009146,0.0056366175,0.20387512,0.008122981,0.027231846,0.005544871,0.019017369,0.03057447,0.25132585,0.031675935,0.4766296,0.007740557,0.18742257,0.0010752901,0.0970598,0.0067349747,0.2771179,0.26003647,0.6205437,0.31454703,0.7785199,0.05899477,0.83127105,0.012828834,0.5205316,0.021844298,0.013171054,0.0049453974,0.06533913,0.0094177425,0.04241684,0.010469247,0.043347597,0.008113861,0.024969004,0.010156959,0.011484046,0.008781195,0.014692798,0.0041766316,0.003137648,0.008449674,0.0066574216,0.021042258,0.0018353462,0.03974521,0.013141751,0.004886806,0.009213507,0.008084968,0.0061982274,0.0075591654,0.006315112,0.008083314,0.00092470646,0.0046325773,0.008108437,0.0012515336,0.010932028,0.031198144,0.020397127,0.010102332,0.009323925,0.003432095,0.005787,0.016206354,0.01634217,0.019980356,0.025229394,0.013386488,0.011865348,0.014215589,0.025802568,0.027097464,0.022215664,0.008965254,0.012396172,0.018443406,0.01370433,0.015835427,0.010453671,0.012298822,0.017230809,0.0052289665,0.020975173,0.0011763312,0.015639402,0.006308019,0.005981058,0.018193305,0.010461986,0.021577954,0.021774888,0.015830293,0.0105237365,0.011026442,0.0153764635,0.011426881,0.011995226,0.4278466,0.02058725,0.009426445,0.006663412,0.012198567,0.012375891,0.011425555,0.012829125,0.009100959,0.012011915,0.011500776,0.011573464,0.00029107928,0.0010797381,0.0022672415,-0.0009768903
0.0069414526,0.067150414,0.004829228,0.044751108,0.0053305775,0.040626645,0.019774212,0.060852885,0.012866139,0.05454451,0.010759108,0.008844271,0.011888027,0.4326784,0.0063605905,0.076096535,0.012749046,0.01851201,0.0059186816,0.03204243,0.016830027,0.01721993,0.0136117935,0.012306601,0.0089662075,0.018009856,0.014341831,0.007956207,0.011798322,0.010800645,7.56979e-06,0.01407814,0.013621215,0.5559082,0.47053853,0.51219404,0.031145185,0.03800136,0.010736883,0.030160466,0.01365608,0.0091829,0.014360249,0.009224422,0.026857808,0.2426577,0.028907359,0.5915742,0.015812352,0.037995815,0.044578433,0.6009145,0.005636327,0.20387518,0.008123159,0.02723191,0.0055448413,0.019017443,0.03057471,0.25132585,0.031676024,0.4766295,0.007740736,0.1874225,0.0010752827,0.0970596,0.0067353845,0.27711773,0.26003656,0.6205434,0.31454688,0.7785195,0.05899492,0.8312712,0.012828879,0.52053154,0.021844417,0.013171062,0.004945636,0.06533919,0.009417534,0.04241705,0.010469213,0.043347597,0.0081138015,0.024969094,0.010157049,0.011484166,0.0087810755,0.01469253,0.004176706,0.0031371713,0.008449599,0.006657034,0.021042645,0.0018357635,0.039745122,0.013141811,0.0048865676,0.009213358,0.008085042,0.00619787,0.007559404,0.0063150227,0.0080833435,0.0009251237,0.004632622,0.008108765,0.0012511313,0.010932013,0.031197935,0.020396978,0.010102414,0.009323776,0.0034319758,0.005787041,0.01620628,0.016341893,0.019980416,0.025229752,0.013386428,0.0118652135,0.014216334,0.025802568,0.027097523,0.022215903,0.008965433,0.012396008,0.018443286,0.013704449,0.015835501,0.010453522,0.012298793,0.017230332,0.0052290857,0.020975411,0.0011763461,0.015639454,0.0063076615,0.005981028,0.018192708,0.010462254,0.021578118,0.021775097,0.015830353,0.010523796,0.011026442,0.015376568,0.01142703,0.011995256,0.42784655,0.020587385,0.009426445,0.0066633224,0.012198448,0.012376219,0.011425436,0.012829006,0.009100735,0.012012169,0.011500776,0.011573464,0.00029107928,0.0010797381,0.0022672415,-0.0009768903
0.2749797,0.037260294,0.0046263933,0.0018322468,0.0010899901,0.00490427,-0.0010814667,0.025077172,-0.004244536,0.013400495,-0.0042880625,-0.0061860085,0.99849224,0.42937005,0.004535675,0.08507568,0.5165328,0.9436512,0.012112588,0.08014618,0.87007,0.96574795,0.724162,0.98213714,0.03252791,0.7926924,0.034459025,-0.0017579272,0.011715636,-0.0057132766,-0.0025555491,-0.007963777,0.91466427,0.5427568,0.46900356,0.5338319,0.072734,0.08391139,0.011928603,0.032268822,0.016153991,0.00022170693,0.0034940839,0.0042301565,0.035950243,0.2427789,0.037444204,0.60205275,0.042530954,0.05160883,0.035805225,0.59297144,0.024027854,0.20235631,0.01859054,0.021627724,0.02774775,0.010520041,0.96182084,0.24296719,0.06635247,0.4663226,0.8907167,0.13339269,0.9696646,0.09792647,0.1693577,0.3263809,0.27302438,0.63144547,0.31604084,0.78238535,0.40581304,0.8223583,0.77196944,0.50975764,0.035291687,0.03740987,0.98897815,0.05272968,0.98010004,0.026195765,0.0024668276,0.023714721,0.18500192,-0.0026697516,0.011749476,-0.0059893876,0.027262375,-0.0009496063,0.02901116,0.024398923,0.03717023,0.011869624,1.00055,0.9621634,0.6049168,0.010135531,0.03373483,0.024344504,0.03480631,-0.0004079137,0.027816594,0.012242824,0.03651753,0.97179306,0.4100596,-0.004800707,0.9982081,0.9948907,0.19523951,0.016631652,0.014091697,0.022389853,0.13687399,0.9997427,0.21701086,0.94523275,0.07624799,0.86807007,0.0014513135,0.8408756,0.014758378,0.71833754,0.0072153285,0.09952198,0.3293602,0.8846202,0.37648305,0.9442786,0.8218223,0.9639393,0.2216931,0.93011713,0.005693078,-0.0017845035,0.03428127,0.023099113,0.018326983,0.020008195,0.7690333,0.86873037,0.47450078,0.74509275,0.013710141,0.096146986,0.45089057,0.9447721,0.51776683,0.556236,0.42429644,0.258175,0.14708011,0.91542447,0.99662966,1.0058401,0.9785307,0.8606266,0.70130587,0.71373034,0.9903885,0.97911143,0.99498266,0.9985909,0.9987509,0.99988973
0.300931,0.07135028,0.035931,0.029728495,0.026947632,0.010411322,0.024762575,0.026119083,-0.0020934716,0.014098059,-0.0047518983,0.004375905,1.0310585,0.45966053,-0.0025769696,0.052860655,0.02141273,-0.0039758533,0.002837507,0.06204935,0.9046524,0.62711394,0.5788553,0.5680771,0.043629035,0.07335335,0.011882521,0.022816598,-0.004953094,-0.005698867,0.026523542,-0.014440946,0.9448755,0.54673946,0.498757,0.3736668,0.059522983,0.016883425,0.034351774,0.05489097,-0.0060674064,-0.001170814,-0.0053182915,-0.0058283135,-0.0055802492,0.26301104,-0.00090548024,0.6223574,0.0450572,0.01094085,-0.0052480046,0.6274549,-0.0076555014,0.22845064,0.028168648,-0.0015041828,0.0277413,0.04470159,0.9991002,0.26998943,0.0005554259,0.49715,0.90045667,0.16604967,1.005817,0.116314374,0.17835343,0.30134797,0.2046557,0.55231917,0.33493,0.7518381,0.43474334,0.8691424,0.8117579,0.54752624,0.058626257,-0.010162167,1.0258225,0.048163906,1.0120667,0.057022363,0.027594201,0.06298223,0.20023522,0.009110851,0.028549016,-0.005741205,-0.0008948222,0.00468985,-0.00013337284,0.010884931,0.0016840398,-0.009697989,0.047485784,0.041531615,0.026962958,-0.0024144053,-0.004092023,-0.0009375438,-0.008016643,-0.00598343,-0.014781952,-0.005878195,0.022777706,-0.014331207,0.03704662,0.0062169265,-0.003657475,0.02338092,0.05339316,0.04556579,-0.0051667243,0.024920426,-0.00426805,-0.006781161,0.022862338,-0.0033539794,0.037849545,0.038481377,0.01818645,-0.014779195,-0.011436939,0.033231303,-0.0047078207,0.035841305,0.023024831,-0.009241097,0.029670388,0.02814211,-0.0031462833,0.02934473,-0.013152033,-0.005010329,0.02827932,0.041948367,0.02036272,0.03651187,-0.007766135,0.0254976,0.037888095,-0.0009421557,0.0019831052,0.036650747,0.023874722,-0.00031708926,0.3613984,-0.010690078,0.5368045,-0.0053643826,0.4601372,-0.001963891,0.060048945,-0.0055643097,-0.0029589608,0.039183453,-0.009575114,-0.0127407685,-0.012953799,-0.009297438,0.023291364,-0.010544956,0.015728906,0.029093206,0.02883311,0.022190213
0.7472198,0.023521751,0.653711,0.019023359,0.108552545,0.020008475,0.010615006,0.13333109,0.008231655,0.013306007,0.008331716,0.011823222,0.98574185,0.5814836,0.07530294,0.38117588,0.992884,0.9910946,0.12804723,0.07161316,0.9591242,0.95990753,0.9863228,0.9909122,0.9902731,0.76217127,0.97862244,0.0074262023,0.9879116,0.0123176575,0.008429199,0.011034787,0.9795717,0.8845464,0.46627387,0.34824774,0.047133893,0.07343957,0.011139438,0.029081382,0.012194831,0.015822977,0.014826003,0.008914828,0.027886152,0.34706998,0.03030163,0.6185271,0.037621126,0.037497178,0.024911016,0.53020895,0.0129070245,0.026055723,0.010774404,0.016177386,0.010916263,0.021801725,0.96333134,0.05267039,0.070827454,0.08117622,0.9156275,0.040061355,0.98332304,0.022556603,0.159722,0.05395162,0.22985692,0.5549836,0.41867536,0.6265609,0.7416543,0.9717149,0.9843403,0.9064857,0.9157157,0.27965966,0.9756402,0.13797581,0.962338,0.042525202,0.011213005,0.038409792,0.17272437,0.013489008,0.009841189,0.014669314,0.010870993,0.011236094,0.010969013,0.014906049,0.010954894,0.009423904,0.99043876,0.16890052,0.2184622,0.008819684,0.011261836,0.014444977,0.010967702,0.0074965805,0.010855943,0.00776577,0.9921111,0.9758066,0.8777701,0.009941757,0.9923514,0.7115953,0.012267888,0.008346111,0.008476675,0.004622154,0.9563645,0.99199486,0.9320487,0.98008835,0.27256343,0.930176,0.9086055,0.9823957,0.43182272,0.89191854,0.012287453,0.11166662,0.95004785,0.97974586,0.9928861,0.992538,0.9813563,0.98969185,0.90545577,0.9870445,0.010961704,0.014398903,0.038280297,0.021542445,0.013881862,0.023136519,0.76318854,0.59149957,0.6281712,0.74207896,0.011440903,0.036876336,0.98486054,0.99081874,0.50000596,0.551284,0.7615657,0.25115392,0.9912358,0.99261284,0.99290806,0.9928458,0.99289596,0.9919959,0.9928264,0.9872563,0.99290633,0.9928325,0.9927676,0.9928534,0.99277437,0.9927567
0.2759425,0.046990514,0.0052515343,0.021255698,0.0032021254,0.029933363,0.022469789,0.027305951,-0.0039385706,0.045542352,0.01567103,0.007724181,1.0058107,0.016607808,0.00016197562,0.016398333,0.509629,0.94999385,0.02502078,0.06435246,0.86057365,0.97150105,0.7254486,0.97900665,0.034830898,0.98386633,0.039668337,0.016958907,0.0043350756,0.010921281,0.010691166,0.0029046535,0.903039,0.017361203,0.06794537,0.065442294,0.063406155,0.08259247,0.019637048,0.038439367,0.004737735,0.022900146,0.006797649,0.0069769975,0.026130263,0.019248724,0.01840067,0.04013606,0.029196609,0.035118677,0.010262981,0.052973647,0.012736484,0.051700667,0.012624539,0.019541774,0.003039673,0.017478451,0.9589803,0.05233269,0.023432108,0.092523575,0.93818086,0.041215964,0.99087286,0.01928371,0.54367304,0.036646694,0.04214263,0.057610363,0.062485754,0.06653379,0.4030425,0.7286866,0.76988935,0.008493789,0.04199712,0.046737373,0.989571,0.01695799,0.97271305,0.002243923,0.003213346,0.0038289167,0.19588947,0.019991867,0.004193887,0.007186733,0.005537495,0.012015041,0.009902954,0.010839453,0.0062655695,0.007916407,0.99139917,0.16795987,0.22613347,0.012601137,0.006023109,0.016494185,0.009035658,0.0073554367,0.017781865,0.0012460351,0.0322011,0.12966448,0.012542671,0.010338664,0.99253756,0.71655047,0.036589377,0.02168107,0.005808126,0.005254673,0.020441353,0.980247,0.2160922,0.94367707,0.077896655,0.8685406,0.01541304,0.8518517,0.011541444,0.70426595,0.018342914,0.105311036,0.32804245,0.881724,0.3881131,0.9424439,0.8244825,0.9508743,0.2197783,0.9307571,0.009318814,0.02170983,0.8885752,0.035939515,0.03853709,0.031215832,0.85152286,0.5910289,0.62343454,0.7425109,0.018457146,0.042432472,0.44435042,0.93698865,0.8146876,0.8643,0.1304144,0.59247,0.1556235,0.91057765,1.0006673,0.9913175,0.97158504,0.8776544,0.6881012,0.72406673,0.98565376,0.9796946,0.99922454,0.99344635,1.0011866,1.0037751
0.27594253,0.046990417,0.00525143,0.021255888,0.0032020956,0.029933378,0.02246967,0.027306002,-0.0039381534,0.045542534,0.015670985,0.0077242553,1.0058106,0.016607892,0.00016187131,0.016398363,0.5096291,0.9499939,0.025020733,0.06435233,0.86057365,0.9715009,0.72544885,0.97900647,0.034830775,0.9838662,0.039668277,0.016959056,0.0043350607,0.010921113,0.010691062,0.0029047392,0.9030387,0.017361242,0.06794535,0.065442294,0.063406095,0.08259249,0.019637018,0.038439415,0.004737705,0.022900201,0.0067979395,0.0069771204,0.026130065,0.019248739,0.018400595,0.040135868,0.029196553,0.03511869,0.010262951,0.05297364,0.012736559,0.051700443,0.012624517,0.019541673,0.0030396096,0.017478392,0.9589806,0.052332707,0.023432188,0.09252362,0.93818074,0.04121592,0.99087286,0.01928375,0.5436731,0.03664666,0.04214274,0.057610407,0.062485844,0.06653378,0.40304255,0.7286864,0.76988935,0.008493796,0.041997194,0.046737347,0.98957115,0.016957939,0.9727129,0.0022439137,0.0032133162,0.00382898,0.19588946,0.019991845,0.004193805,0.0071866065,0.005537465,0.012015041,0.0099028945,0.010839466,0.0062655285,0.0079163965,0.99139917,0.1679599,0.22613338,0.012601092,0.0060232133,0.016493998,0.009035543,0.0073554963,0.017781764,0.0012460556,0.03220123,0.12966457,0.0125424415,0.010338739,0.9925375,0.71655035,0.036589406,0.021681128,0.005808115,0.00525482,0.020441167,0.98024714,0.21609215,0.943677,0.07789655,0.8685409,0.015412917,0.85185134,0.011541477,0.70426613,0.01834291,0.10531097,0.32804233,0.881724,0.38811332,0.94244367,0.82448244,0.9508742,0.21977815,0.9307571,0.009318806,0.021709874,0.88857543,0.035939366,0.038536992,0.031215876,0.8515229,0.5910288,0.62343466,0.74251103,0.018457305,0.042432558,0.4443503,0.9369887,0.8146876,0.8643,0.13041425,0.59247035,0.15562353,0.91057765,1.000667,0.9913174,0.9715851,0.8776547,0.6881013,0.724067,0.98565376,0.9796945,0.9992245,0.9934465,1.0011866,1.0037751
0.7472198,0.023521751,0.653711,0.019023359,0.108552545,0.020008475,0.010615006,0.13333109,0.008231655,0.013306007,0.008331716,0.011823222,0.98574185,0.5814836,0.07530294,0.38117588,0.992884,0.9910946,0.12804723,0.07161316,0.9591242,0.95990753,0.9863228,0.9909122,0.9902731,0.76217127,0.97862244,0.0074262023,0.9879116,0.0123176575,0.008429199,0.011034787,0.9795717,0.8845464,0.46627387,0.34824774,0.047133893,0.07343957,0.011139438,0.029081382,0.012194831,0.015822977,0.014826003,0.008914828,0.027886152,0.34706998,0.03030163,0.6185271,0.037621126,0.037497178,0.024911016,0.53020895,0.0129070245,0.026055723,0.010774404,0.016177386,0.010916263,0.021801725,0.96333134,0.05267039,0.070827454,0.08117622,0.9156275,0.040061355,0.98332304,0.022556603,0.159722,0.05395162,0.22985692,0.5549836,0.41867536,0.6265609,0.7416543,0.9717149,0.9843403,0.9064857,0.9157157,0.27965966,0.9756402,0.13797581,0.962338,0.042525202,0.011213005,0.038409792,0.17272437,0.013489008,0.009841189,0.014669314,0.010870993,0.011236094,0.010969013,0.014906049,0.010954894,0.009423904,0.99043876,0.16890052,0.2184622,0.008819684,0.011261836,0.014444977,0.010967702,0.0074965805,0.010855943,0.00776577,0.9921111,0.9758066,0.8777701,0.009941757,0.9923514,0.7115953,0.012267888,0.008346111,0.008476675,0.004622154,0.9563645,0.99199486,0.9320487,0.98008835,0.27256343,0.930176,0.9086055,0.9823957,0.43182272,0.89191854,0.012287453,0.11166662,0.95004785,0.97974586,0.9928861,0.992538,0.9813563,0.98969185,0.90545577,0.9870445,0.010961704,0.014398903,0.038280297,0.021542445,0.013881862,0.023136519,0.76318854,0.59149957,0.6281712,0.74207896,0.011440903,0.036876336,0.98486054,0.99081874,0.50000596,0.551284,0.7615657,0.25115392,0.9912358,0.99261284,0.99290806,0.9928458,0.99289596,0.9919959,0.9928264,0.9872563,0.99290633,0.9928325,0.9927676,0.9928534,0.99277437,0.9927567
0.7472198,0.023521751,0.653711,0.019023359,0.108552545,0.020008475,0.010615006,0.13333109,0.008231655,0.013306007,0.008331716,0.011823222,0.98574185,0.5814836,0.07530294,0.38117588,0.992884,0.9910946,0.12804723,0.07161316,0.9591242,0.95990753,0.9863228,0.9909122,0.9902731,0.76217127,0.97862244,0.0074262023,0.9879116,0.0123176575,0.008429199,0.011034787,0.9795717,0.8845464,0.46627387,0.34824774,0.047133893,0.07343957,0.011139438,0.029081382,0.012194831,0.015822977,0.014826003,0.008914828,0.027886152,0.34706998,0.03030163,0.6185271,0.037621126,0.037497178,0.024911016,0.53020895,0.0129070245,0.026055723,0.010774404,0.016177386,0.010916263,0.021801725,0.96333134,0.05267039,0.070827454,0.08117622,0.9156275,0.040061355,0.98332304,0.022556603,0.159722,0.05395162,0.22985692,0.5549836,0.41867536,0.6265609,0.7416543,0.9717149,0.9843403,0.9064857,0.9157157,0.27965966,0.9756402,0.13797581,0.962338,0.042525202,0.011213005,0.038409792,0.17272437,0.013489008,0.009841189,0.014669314,0.010870993,0.011236094,0.010969013,0.014906049,0.010954894,0.009423904,0.99043876,0.16890052,0.2184622,0.008819684,0.011261836,0.014444977,0.010967702,0.0074965805,0.010855943,0.00776577,0.9921111,0.9758066,0.8777701,0.009941757,0.9923514,0.7115953,0.012267888,0.008346111,0.008476675,0.004622154,0.9563645,0.99199486,0.9320487,0.98008835,0.27256343,0.930176,0.9086055,0.9823957,0.43182272,0.89191854,0.012287453,0.11166662,0.95004785,0.97974586,0.9928861,0.992538,0.9813563,0.98969185,0.90545577,0.9870445,0.010961704,0.014398903,0.038280297,0.021542445,0.013881862,0.023136519,0.76318854,0.59149957,0.6281712,0.74207896,0.011440903,0.036876336,0.98486054,0.99081874,0.50000596,0.551284,0.7615657,0.25115392,0.9912358,0.99261284,0.99290806,0.9928458,0.99289596,0.9919959,0.9928264,0.9872563,0.99290633,0.9928325,0.9927676,0.9928534,0.99277437,0.9927567
0.27594247,0.046990555,0.00525143,0.021255821,0.0032022297,0.029933602,0.022469863,0.027306015,-0.0039383024,0.045542385,0.01567097,0.0077242404,1.0058107,0.016607832,0.00016202033,0.016398244,0.509629,0.9499939,0.025020791,0.06435249,0.86057365,0.97150105,0.72544855,0.97900665,0.03483088,0.98386645,0.03966838,0.016958848,0.004335135,0.010921344,0.010691062,0.0029046386,0.903039,0.017361151,0.06794536,0.065442294,0.06340614,0.08259249,0.019637167,0.03843933,0.0047376826,0.022900138,0.0067976713,0.0069769337,0.026130192,0.019248739,0.018400773,0.04013603,0.029196678,0.035118647,0.010263011,0.05297367,0.01273644,0.051700667,0.0126246065,0.019541811,0.0030397102,0.017478392,0.9589803,0.052332744,0.023432104,0.092523515,0.9381808,0.041215926,0.9908729,0.019283695,0.54367316,0.036646746,0.04214257,0.057610422,0.062485725,0.06653379,0.4030425,0.72868675,0.76988935,0.008493699,0.04199715,0.046737395,0.9895712,0.016957976,0.97271323,0.0022438858,0.003213212,0.0038289353,0.19588955,0.019991793,0.004193846,0.007186711,0.0055374056,0.01201505,0.009902902,0.0108395405,0.0062655397,0.007916311,0.99139905,0.16795985,0.2261334,0.01260096,0.0060230643,0.01649405,0.0090357065,0.0073554665,0.017781835,0.0012459885,0.032201122,0.12966451,0.012542821,0.010338739,0.99253756,0.71655035,0.036589444,0.021681095,0.005808089,0.0052546803,0.020441405,0.980247,0.21609218,0.94367695,0.077896565,0.8685405,0.015412945,0.8518518,0.011541498,0.7042661,0.018342894,0.10531102,0.3280425,0.88172394,0.38811326,0.9424439,0.82448256,0.95087427,0.21977827,0.93075705,0.009318773,0.02170983,0.8885754,0.03593959,0.038537066,0.031215817,0.8515229,0.5910289,0.6234346,0.74251086,0.018457077,0.042432535,0.4443504,0.9369887,0.8146876,0.8643,0.13041438,0.59247005,0.15562353,0.91057765,1.0006671,0.9913176,0.97158504,0.8776545,0.6881012,0.72406685,0.98565376,0.9796946,0.9992245,0.99344647,1.0011867,1.0037751
0.7472194,0.0235219,0.6537111,0.01902327,0.10855265,0.020008504,0.010615006,0.13333103,0.008231573,0.01330553,0.008331895,0.011823356,0.98574185,0.5814841,0.07530287,0.38117576,0.99288404,0.99109495,0.12804705,0.071612865,0.9591252,0.9599074,0.9863229,0.99091196,0.9902736,0.76217103,0.9786223,0.0074264407,0.98791164,0.012317717,0.008429021,0.011035085,0.97957176,0.8845463,0.4662739,0.34824777,0.047133714,0.07343978,0.011139244,0.02908139,0.012194794,0.015823007,0.014826179,0.008914888,0.027886093,0.34706998,0.03030175,0.6185274,0.037621126,0.03749731,0.024910957,0.53020906,0.012906961,0.026055515,0.0107752085,0.016177446,0.0109163225,0.02180183,0.9633312,0.05267039,0.07082753,0.08117628,0.9156269,0.040061593,0.9833231,0.022556782,0.15972221,0.05395174,0.22985692,0.5549835,0.4186753,0.626561,0.74165434,0.97171485,0.98434055,0.9064858,0.9157158,0.27965957,0.97564006,0.13797599,0.96233773,0.042524904,0.011213124,0.038409777,0.17272478,0.013489008,0.009841114,0.014669523,0.010871291,0.011235863,0.010969266,0.014906228,0.010955162,0.009424098,0.9904389,0.16890064,0.21846244,0.008819804,0.01126197,0.014445037,0.0109678805,0.0074964464,0.010855675,0.0077659264,0.99211115,0.97580636,0.8777703,0.009941757,0.9923516,0.7115952,0.01226753,0.008345842,0.008476675,0.0046222284,0.9563643,0.9919949,0.9320482,0.98008823,0.27256373,0.93017626,0.90860534,0.98239577,0.43182284,0.8919191,0.012287512,0.111667,0.9500481,0.97974664,0.9928862,0.9925381,0.98135626,0.989692,0.905456,0.9870442,0.010961622,0.014398754,0.038280174,0.021542728,0.013881922,0.02313643,0.7631885,0.59149957,0.62817144,0.74207973,0.011440843,0.03687617,0.9848608,0.9908184,0.5000061,0.5512839,0.76156574,0.25115436,0.991236,0.99261296,0.9929082,0.992846,0.99289596,0.99199575,0.9928262,0.98725635,0.99290633,0.9928325,0.9927676,0.9928534,0.99277437,0.9927567
0.3009309,0.07135028,0.03593097,0.029728439,0.026947644,0.010411397,0.024762567,0.026119106,-0.0020934194,0.0140981,-0.0047519356,0.004375913,1.0310585,0.45966047,-0.0025769025,0.05286076,0.0214127,-0.0039757565,0.002837548,0.06204934,0.9046524,0.62711394,0.5788553,0.5680771,0.043629013,0.07335328,0.011882566,0.022816464,-0.0049530715,-0.005698815,0.026523512,-0.014440909,0.9448754,0.5467396,0.4987569,0.37366685,0.059522923,0.01688344,0.034351755,0.054890946,-0.006067353,-0.0011707172,-0.005318254,-0.0058282465,-0.005580204,0.26301107,-0.000905402,0.6223574,0.04505717,0.010940954,-0.005247935,0.62745494,-0.007655464,0.2284506,0.028168567,-0.0015041679,0.027741244,0.044701584,0.9991003,0.26998952,0.0005554557,0.49714994,0.9004566,0.1660496,1.0058169,0.11631432,0.17835338,0.30134788,0.20465569,0.55231917,0.3349299,0.75183815,0.43474334,0.8691424,0.81175804,0.54752624,0.058626175,-0.010162108,1.0258226,0.04816398,1.0120667,0.0570223,0.02759415,0.06298218,0.20023517,0.009110894,0.02854896,-0.00574119,-0.0008948073,0.004689917,-0.00013335049,0.010884995,0.0016840845,-0.009697914,0.04748574,0.041531578,0.026963085,-0.0024142861,-0.004091993,-0.0009376034,-0.008016607,-0.005983404,-0.014781974,-0.005878113,0.02277764,-0.014331162,0.037046637,0.0062169414,-0.0036574006,0.023380846,0.05339312,0.045565747,-0.00516659,0.024920374,-0.004267916,-0.0067810714,0.022862263,-0.003353946,0.0378495,0.038481347,0.018186435,-0.014779139,-0.011436932,0.03323131,-0.004707791,0.035841316,0.023024824,-0.009241067,0.029670358,0.028142046,-0.003146261,0.029344715,-0.013152033,-0.00501021,0.02827932,0.041948263,0.020362541,0.03651184,-0.007766098,0.025497511,0.037888072,-0.00094207376,0.0019831378,0.03665069,0.023874626,-0.0003170371,0.36139852,-0.010690078,0.53680426,-0.00536431,0.4601371,-0.001963839,0.06004893,-0.00556425,-0.0029588938,0.039183438,-0.009575069,-0.012740672,-0.012953758,-0.009297498,0.023291364,-0.0105449185,0.015728898,0.029093161,0.028833095,0.022190213
0.0069414526,0.067150414,0.004829228,0.044751108,0.0053305775,0.040626645,0.019774212,0.060852885,0.012866139,0.05454451,0.010759108,0.008844271,0.011888027,0.4326784,0.0063605905,0.076096535,0.012749046,0.01851201,0.0059186816,0.03204243,0.016830027,0.01721993,0.0136117935,0.012306601,0.0089662075,0.018009856,0.014341831,0.007956207,0.011798322,0.010800645,7.56979e-06,0.01407814,0.013621215,0.5559082,0.47053853,0.51219404,0.031145185,0.03800136,0.010736883,0.030160466,0.01365608,0.0091829,0.014360249,0.009224422,0.026857808,0.2426577,0.028907359,0.5915742,0.015812352,0.037995815,0.044578433,0.6009145,0.005636327,0.20387518,0.008123159,0.02723191,0.0055448413,0.019017443,0.03057471,0.25132585,0.031676024,0.4766295,0.007740736,0.1874225,0.0010752827,0.0970596,0.0067353845,0.27711773,0.26003656,0.6205434,0.31454688,0.7785195,0.05899492,0.8312712,0.012828879,0.52053154,0.021844417,0.013171062,0.004945636,0.06533919,0.009417534,0.04241705,0.010469213,0.043347597,0.0081138015,0.024969094,0.010157049,0.011484166,0.0087810755,0.01469253,0.004176706,0.0031371713,0.008449599,0.006657034,0.021042645,0.0018357635,0.039745122,0.013141811,0.0048865676,0.009213358,0.008085042,0.00619787,0.007559404,0.0063150227,0.0080833435,0.0009251237,0.004632622,0.008108765,0.0012511313,0.010932013,0.031197935,0.020396978,0.010102414,0.009323776,0.0034319758,0.005787041,0.01620628,0.016341893,0.019980416,0.025229752,0.013386428,0.0118652135,0.014216334,0.025802568,0.027097523,0.022215903,0.008965433,0.012396008,0.018443286,0.013704449,0.015835501,0.010453522,0.012298793,0.017230332,0.0052290857,0.020975411,0.0011763461,0.015639454,0.0063076615,0.005981028,0.018192708,0.010462254,0.021578118,0.021775097,0.015830353,0.010523796,0.011026442,0.015376568,0.01142703,0.011995256,0.42784655,0.020587385,0.009426445,0.0066633224,0.012198448,0.012376219,0.011425436,0.012829006,0.009100735,0.012012169,0.011500776,0.011573464,0.00029107928,0.0010797381,0.0022672415,-0.0009768903
0.27497965,0.03725992,0.0046262145,0.0018326938,0.0010900497,0.004904628,-0.0010815263,0.025077365,-0.0042445064,0.013400346,-0.0042878613,-0.0061860085,0.998492,0.42937046,0.004535258,0.08507559,0.5165328,0.94365126,0.0121122,0.08014642,0.8700698,0.9657481,0.72416186,0.98213744,0.032528013,0.79269254,0.034459084,-0.0017580017,0.01171574,-0.005713314,-0.0025558472,-0.007964045,0.9146644,0.5427567,0.46900338,0.53383183,0.0727343,0.08391136,0.011928707,0.032269225,0.016154021,0.00022146851,0.0034944117,0.004230052,0.03595066,0.24277866,0.037444234,0.6020529,0.042531,0.05160868,0.035805583,0.59297144,0.024027914,0.20235637,0.018590212,0.021627724,0.027748019,0.010519922,0.9618212,0.2429673,0.066352785,0.4663224,0.8907167,0.13339242,0.96966463,0.09792656,0.16935766,0.32638097,0.2730238,0.6314454,0.31604046,0.7823852,0.40581322,0.8223585,0.77196944,0.5097575,0.035291642,0.037409782,0.988978,0.052729428,0.9801003,0.026195526,0.0024670064,0.023714736,0.18500207,-0.0026697516,0.011749595,-0.005989477,0.02726233,-0.0009495765,0.029011399,0.024398744,0.03717062,0.011869773,1.0005503,0.96216327,0.6049172,0.010135382,0.03373471,0.02434443,0.034806073,-0.00040794536,0.027816933,0.012242749,0.03651759,0.9717928,0.4100599,-0.0048007667,0.9982079,0.9948906,0.19523951,0.016631544,0.014091898,0.02238983,0.13687399,0.9997426,0.2170109,0.9452326,0.07624775,0.8680701,0.0014516711,0.8408756,0.014758386,0.7183374,0.0072153155,0.099522054,0.32935995,0.88461995,0.3764827,0.94427824,0.8218217,0.9639394,0.2216933,0.93011713,0.0056930184,-0.0017843843,0.03428135,0.023099301,0.018326953,0.020008119,0.7690333,0.8687306,0.47450086,0.7450926,0.013710082,0.0961469,0.45089078,0.9447714,0.517767,0.5562358,0.4242964,0.25817513,0.14708029,0.9154242,0.9966296,1.00584,0.9785309,0.8606262,0.7013057,0.7137304,0.9903885,0.97911143,0.99498266,0.9985909,0.9987509,0.99988973
0.27594253,0.046990532,0.0052515045,0.021255821,0.0032021105,0.029933363,0.022469744,0.027306106,-0.0039384514,0.045542423,0.015671,0.0077243,1.0058107,0.0166078,0.00016202033,0.016398333,0.50962895,0.94999397,0.025020706,0.06435241,0.86057365,0.971501,0.72544855,0.97900665,0.034830876,0.98386633,0.039668366,0.016958877,0.0043350756,0.010921229,0.0106910765,0.0029046386,0.9030389,0.017361233,0.06794534,0.06544219,0.0634062,0.08259244,0.019637063,0.038439374,0.0047377422,0.02290016,0.0067976676,0.0069770184,0.026130203,0.019248858,0.018400744,0.040136054,0.029196719,0.03511864,0.010262951,0.05297368,0.012736455,0.051700607,0.012624554,0.019541819,0.0030396879,0.017478347,0.9589803,0.052332778,0.023432111,0.092523634,0.9381808,0.04121589,0.99087286,0.019283744,0.5436732,0.036646586,0.042142622,0.057610363,0.06248574,0.06653377,0.40304255,0.7286866,0.76988924,0.0084937215,0.041997164,0.046737395,0.9895713,0.01695799,0.9727131,0.0022438597,0.0032132268,0.0038288906,0.19588952,0.019991778,0.0041939206,0.007186666,0.0055374205,0.012015015,0.009902827,0.010839533,0.006265592,0.007916382,0.99139893,0.16795982,0.22613339,0.0126010515,0.0060231537,0.016494125,0.0090355985,0.0073554516,0.017781835,0.0012459438,0.03220116,0.12966453,0.012542723,0.010338664,0.9925378,0.71655047,0.036589492,0.021681067,0.0058080107,0.005254682,0.020441368,0.98024714,0.2160922,0.9436771,0.07789667,0.86854064,0.015413016,0.8518518,0.01154152,0.70426595,0.018342841,0.10531097,0.32804248,0.881724,0.3881133,0.9424441,0.82448256,0.9508743,0.2197782,0.93075716,0.009318743,0.02170986,0.8885753,0.035939515,0.03853703,0.031215802,0.85152304,0.59102905,0.62343466,0.742511,0.01845714,0.042432472,0.44435045,0.93698865,0.8146875,0.8643,0.13041432,0.59247017,0.1556235,0.9105778,1.0006675,0.99131775,0.971585,0.87765455,0.6881013,0.7240669,0.98565376,0.9796946,0.9992245,0.9934465,1.0011867,1.0037751
0.30093083,0.07135017,0.035930917,0.029728375,0.026947562,0.010411426,0.0247625,0.02611915,-0.002093412,0.014098112,-0.004751846,0.0043759355,1.0310585,0.45966047,-0.0025768355,0.05286076,0.021412626,-0.0039757267,0.0028375797,0.062049296,0.9046525,0.6271138,0.57885516,0.5680772,0.043628976,0.073353305,0.0118826255,0.022816435,-0.0049530193,-0.00569883,0.026523437,-0.0144408345,0.94487536,0.5467396,0.49875683,0.37366682,0.0595229,0.016883515,0.034351733,0.054890893,-0.0060673063,-0.0011706874,-0.005318217,-0.005828239,-0.005580136,0.263011,-0.00090537965,0.62235737,0.04505711,0.010940991,-0.005247913,0.6274549,-0.0076554045,0.22845057,0.028168537,-0.0015041009,0.027741214,0.04470155,0.9991002,0.26998943,0.0005555153,0.4971499,0.90045655,0.16604954,1.0058169,0.11631431,0.17835334,0.30134785,0.20465563,0.5523193,0.3349299,0.75183797,0.43474326,0.86914235,0.8117579,0.5475261,0.058626123,-0.010162085,1.0258225,0.048164025,1.0120667,0.057022274,0.027594123,0.06298216,0.20023513,0.009110957,0.028548924,-0.0057411455,-0.0008947402,0.0046900064,-0.00013330579,0.01088506,0.0016841143,-0.009697884,0.04748571,0.041531533,0.026963077,-0.0024142563,-0.0040919334,-0.0009374544,-0.008016538,-0.0059833517,-0.01478187,-0.0058780536,0.022777602,-0.014331102,0.037046555,0.006216971,-0.003657356,0.02338086,0.05339309,0.045565717,-0.0051665753,0.024920382,-0.004267931,-0.0067810416,0.022862215,-0.003353905,0.03784948,0.038481265,0.01818639,-0.014779061,-0.011436902,0.03323128,-0.004707724,0.035841286,0.023024764,-0.0092410445,0.029670313,0.028142001,-0.0031462684,0.029344648,-0.0131518915,-0.00501024,0.028279282,0.0419483,0.020362556,0.036511797,-0.007766083,0.025497481,0.037888043,-0.00094199926,0.0019831695,0.036650635,0.023874596,-0.0003170073,0.36139846,-0.010690045,0.53680426,-0.005364284,0.46013704,-0.0019637868,0.060048863,-0.0055642575,-0.002958864,0.03918337,-0.0095750615,-0.012740657,-0.012953721,-0.0092974305,0.023291245,-0.010544933,0.015728854,0.029093117,0.028833013,0.022190124
0.7472194,0.0235219,0.6537111,0.01902327,0.10855265,0.020008504,0.010615006,0.13333103,0.008231573,0.01330553,0.008331895,0.011823356,0.98574185,0.5814841,0.07530287,0.38117576,0.99288404,0.99109495,0.12804705,0.071612865,0.9591252,0.9599074,0.9863229,0.99091196,0.9902736,0.76217103,0.9786223,0.0074264407,0.98791164,0.012317717,0.008429021,0.011035085,0.97957176,0.8845463,0.4662739,0.34824777,0.047133714,0.07343978,0.011139244,0.02908139,0.012194794,0.015823007,0.014826179,0.008914888,0.027886093,0.34706998,0.03030175,0.6185274,0.037621126,0.03749731,0.024910957,0.53020906,0.012906961,0.026055515,0.0107752085,0.016177446,0.0109163225,0.02180183,0.9633312,0.05267039,0.07082753,0.08117628,0.9156269,0.040061593,0.9833231,0.022556782,0.15972221,0.05395174,0.22985692,0.5549835,0.4186753,0.626561,0.74165434,0.97171485,0.98434055,0.9064858,0.9157158,0.27965957,0.97564006,0.13797599,0.96233773,0.042524904,0.011213124,0.038409777,0.17272478,0.013489008,0.009841114,0.014669523,0.010871291,0.011235863,0.010969266,0.014906228,0.010955162,0.009424098,0.9904389,0.16890064,0.21846244,0.008819804,0.01126197,0.014445037,0.0109678805,0.0074964464,0.010855675,0.0077659264,0.99211115,0.97580636,0.8777703,0.009941757,0.9923516,0.7115952,0.01226753,0.008345842,0.008476675,0.0046222284,0.9563643,0.9919949,0.9320482,0.98008823,0.27256373,0.93017626,0.90860534,0.98239577,0.43182284,0.8919191,0.012287512,0.111667,0.9500481,0.97974664,0.9928862,0.9925381,0.98135626,0.989692,0.905456,0.9870442,0.010961622,0.014398754,0.038280174,0.021542728,0.013881922,0.02313643,0.7631885,0.59149957,0.62817144,0.74207973,0.011440843,0.03687617,0.9848608,0.9908184,0.5000061,0.5512839,0.76156574,0.25115436,0.991236,0.99261296,0.9929082,0.992846,0.99289596,0.99199575,0.9928262,0.98725635,0.99290633,0.9928325,0.9927676,0.9928534,0.99277437,0.9927567
0.7472198,0.023521751,0.653711,0.019023359,0.108552545,0.020008475,0.010615006,0.13333109,0.008231655,0.013306007,0.008331716,0.011823222,0.98574185,0.5814836,0.07530294,0.38117588,0.992884,0.9910946,0.12804723,0.07161316,0.9591242,0.95990753,0.9863228,0.9909122,0.9902731,0.76217127,0.97862244,0.0074262023,0.9879116,0.0123176575,0.008429199,0.011034787,0.9795717,0.8845464,0.46627387,0.34824774,0.047133893,0.07343957,0.011139438,0.029081382,0.012194831,0.015822977,0.014826003,0.008914828,0.027886152,0.34706998,0.03030163,0.6185271,0.037621126,0.037497178,0.024911016,0.53020895,0.0129070245,0.026055723,0.010774404,0.016177386,0.010916263,0.021801725,0.96333134,0.05267039,0.070827454,0.08117622,0.9156275,0.040061355,0.98332304,0.022556603,0.159722,0.05395162,0.22985692,0.5549836,0.41867536,0.6265609,0.7416543,0.9717149,0.9843403,0.9064857,0.9157157,0.27965966,0.9756402,0.13797581,0.962338,0.042525202,0.011213005,0.038409792,0.17272437,0.013489008,0.009841189,0.014669314,0.010870993,0.011236094,0.010969013,0.014906049,0.010954894,0.009423904,0.99043876,0.16890052,0.2184622,0.008819684,0.011261836,0.014444977,0.010967702,0.0074965805,0.010855943,0.00776577,0.9921111,0.9758066,0.8777701,0.009941757,0.9923514,0.7115953,0.012267888,0.008346111,0.008476675,0.004622154,0.9563645,0.99199486,0.9320487,0.98008835,0.27256343,0.930176,0.9086055,0.9823957,0.43182272,0.89191854,0.012287453,0.11166662,0.95004785,0.97974586,0.9928861,0.992538,0.9813563,0.98969185,0.90545577,0.9870445,0.010961704,0.014398903,0.038280297,0.021542445,0.013881862,0.023136519,0.76318854,0.59149957,0.6281712,0.74207896,0.011440903,0.036876336,0.98486054,0.99081874,0.50000596,0.551284,0.7615657,0.25115392,0.9912358,0.99261284,0.99290806,0.9928458,0.99289596,0.9919959,0.9928264,0.9872563,0.99290633,0.9928325,0.9927676,0.9928534,0.99277437,0.9927567
0.27497965,0.03725992,0.0046262145,0.0018326938,0.0010900497,0.004904628,-0.0010815263,0.025077365,-0.0042445064,0.013400346,-0.0042878613,-0.0061860085,0.998492,0.42937046,0.004535258,0.08507559,0.5165328,0.94365126,0.0121122,0.08014642,0.8700698,0.9657481,0.72416186,0.98213744,0.032528013,0.79269254,0.034459084,-0.0017580017,0.01171574,-0.005713314,-0.0025558472,-0.007964045,0.9146644,0.5427567,0.46900338,0.53383183,0.0727343,0.08391136,0.011928707,0.032269225,0.016154021,0.00022146851,0.0034944117,0.004230052,0.03595066,0.24277866,0.037444234,0.6020529,0.042531,0.05160868,0.035805583,0.59297144,0.024027914,0.20235637,0.018590212,0.021627724,0.027748019,0.010519922,0.9618212,0.2429673,0.066352785,0.4663224,0.8907167,0.13339242,0.96966463,0.09792656,0.16935766,0.32638097,0.2730238,0.6314454,0.31604046,0.7823852,0.40581322,0.8223585,0.77196944,0.5097575,0.035291642,0.037409782,0.988978,0.052729428,0.9801003,0.026195526,0.0024670064,0.023714736,0.18500207,-0.0026697516,0.011749595,-0.005989477,0.02726233,-0.0009495765,0.029011399,0.024398744,0.03717062,0.011869773,1.0005503,0.96216327,0.6049172,0.010135382,0.03373471,0.02434443,0.034806073,-0.00040794536,0.027816933,0.012242749,0.03651759,0.9717928,0.4100599,-0.0048007667,0.9982079,0.9948906,0.19523951,0.016631544,0.014091898,0.02238983,0.13687399,0.9997426,0.2170109,0.9452326,0.07624775,0.8680701,0.0014516711,0.8408756,0.014758386,0.7183374,0.0072153155,0.099522054,0.32935995,0.88461995,0.3764827,0.94427824,0.8218217,0.9639394,0.2216933,0.93011713,0.0056930184,-0.0017843843,0.03428135,0.023099301,0.018326953,0.020008119,0.7690333,0.8687306,0.47450086,0.7450926,0.013710082,0.0961469,0.45089078,0.9447714,0.517767,0.5562358,0.4242964,0.25817513,0.14708029,0.9154242,0.9966296,1.00584,0.9785309,0.8606262,0.7013057,0.7137304,0.9903885,0.97911143,0.99498266,0.9985909,0.9987509,0.99988973
0.0069414526,0.067150414,0.004829228,0.044751108,0.0053305775,0.040626645,0.019774212,0.060852885,0.012866139,0.05454451,0.010759108,0.008844271,0.011888027,0.4326784,0.0063605905,0.076096535,0.012749046,0.01851201,0.0059186816,0.03204243,0.016830027,0.01721993,0.0136117935,0.012306601,0.0089662075,0.018009856,0.014341831,0.007956207,0.011798322,0.010800645,7.56979e-06,0.01407814,0.013621215,0.5559082,0.47053853,0.51219404,0.031145185,0.03800136,0.010736883,0.030160466,0.01365608,0.0091829,0.014360249,0.009224422,0.026857808,0.2426577,0.028907359,0.5915742,0.015812352,0.037995815,0.044578433,0.6009145,0.005636327,0.20387518,0.008123159,0.02723191,0.0055448413,0.019017443,0.03057471,0.25132585,0.031676024,0.4766295,0.007740736,0.1874225,0.0010752827,0.0970596,0.0067353845,0.27711773,0.26003656,0.6205434,0.31454688,0.7785195,0.05899492,0.8312712,0.012828879,0.52053154,0.021844417,0.013171062,0.004945636,0.06533919,0.009417534,0.04241705,0.010469213,0.043347597,0.0081138015,0.024969094,0.010157049,0.011484166,0.0087810755,0.01469253,0.004176706,0.0031371713,0.008449599,0.006657034,0.021042645,0.0018357635,0.039745122,0.013141811,0.0048865676,0.009213358,0.008085042,0.00619787,0.007559404,0.0063150227,0.0080833435,0.0009251237,0.004632622,0.008108765,0.0012511313,0.010932013,0.031197935,0.020396978,0.010102414,0.009323776,0.0034319758,0.005787041,0.01620628,0.016341893,0.019980416,0.025229752,0.013386428,0.0118652135,0.014216334,0.025802568,0.027097523,0.022215903,0.008965433,0.012396008,0.018443286,0.013704449,0.015835501,0.010453522,0.012298793,0.017230332,0.0052290857,0.020975411,0.0011763461,0.015639454,0.0063076615,0.005981028,0.018192708,0.010462254,0.021578118,0.021775097,0.015830353,0.010523796,0.011026442,0.015376568,0.01142703,0.011995256,0.42784655,0.020587385,0.009426445,0.0066633224,0.012198448,0.012376219,0.011425436,0.012829006,0.009100735,0.012012169,0.011500776,0.011573464,0.00029107928,0.0010797381,0.0022672415,-0.0009768903
0.2759425,0.046990514,0.0052515343,0.021255698,0.0032021254,0.029933363,0.022469789,0.027305951,-0.0039385706,0.045542352,0.01567103,0.007724181,1.0058107,0.016607808,0.00016197562,0.016398333,0.509629,0.94999385,0.02502078,0.06435246,0.86057365,0.97150105,0.7254486,0.97900665,0.034830898,0.98386633,0.039668337,0.016958907,0.0043350756,0.010921281,0.010691166,0.0029046535,0.903039,0.017361203,0.06794537,0.065442294,0.063406155,0.08259247,0.019637048,0.038439367,0.004737735,0.022900146,0.006797649,0.0069769975,0.026130263,0.019248724,0.01840067,0.04013606,0.029196609,0.035118677,0.010262981,0.052973647,0.012736484,0.051700667,0.012624539,0.019541774,0.003039673,0.017478451,0.9589803,0.05233269,0.023432108,0.092523575,0.93818086,0.041215964,0.99087286,0.01928371,0.54367304,0.036646694,0.04214263,0.057610363,0.062485754,0.06653379,0.4030425,0.7286866,0.76988935,0.008493789,0.04199712,0.046737373,0.989571,0.01695799,0.97271305,0.002243923,0.003213346,0.0038289167,0.19588947,0.019991867,0.004193887,0.007186733,0.005537495,0.012015041,0.009902954,0.010839453,0.0062655695,0.007916407,0.99139917,0.16795987,0.22613347,0.012601137,0.006023109,0.016494185,0.009035658,0.0073554367,0.017781865,0.0012460351,0.0322011,0.12966448,0.012542671,0.010338664,0.99253756,0.71655047,0.036589377,0.02168107,0.005808126,0.005254673,0.020441353,0.980247,0.2160922,0.94367707,0.077896655,0.8685406,0.01541304,0.8518517,0.011541444,0.70426595,0.018342914,0.105311036,0.32804245,0.881724,0.3881131,0.9424439,0.8244825,0.9508743,0.2197783,0.9307571,0.009318814,0.02170983,0.8885752,0.035939515,0.03853709,0.031215832,0.85152286,0.5910289,0.62343454,0.7425109,0.018457146,0.042432472,0.44435042,0.93698865,0.8146876,0.8643,0.1304144,0.59247,0.1556235,0.91057765,1.0006673,0.9913175,0.97158504,0.8776544,0.6881012,0.72406673,0.98565376,0.9796946,0.99922454,0.99344635,1.0011866,1.0037751
0.27497965,0.03725992,0.0046262145,0.0018326938,0.0010900497,0.004904628,-0.0010815263,0.025077365,-0.0042445064,0.013400346,-0.0042878613,-0.0061860085,0.998492,0.42937046,0.004535258,0.08507559,0.5165328,0.94365126,0.0121122,0.08014642,0.8700698,0.9657481,0.72416186,0.98213744,0.032528013,0.79269254,0.034459084,-0.0017580017,0.01171574,-0.005713314,-0.0025558472,-0.007964045,0.9146644,0.5427567,0.46900338,0.53383183,0.0727343,0.08391136,0.011928707,0.032269225,0.016154021,0.00022146851,0.0034944117,0.004230052,0.03595066,0.24277866,0.037444234,0.6020529,0.042531,0.05160868,0.035805583,0.59297144,0.024027914,0.20235637,0.018590212,0.021627724,0.027748019,0.010519922,0.9618212,0.2429673,0.066352785,0.4663224,0.8907167,0.13339242,0.96966463,0.09792656,0.16935766,0.32638097,0.2730238,0.6314454,0.31604046,0.7823852,0.40581322,0.8223585,0.77196944,0.5097575,0.035291642,0.037409782,0.988978,0.052729428,0.9801003,0.026195526,0.0024670064,0.023714736,0.18500207,-0.0026697516,0.011749595,-0.005989477,0.02726233,-0.0009495765,0.029011399,0.024398744,0.03717062,0.011869773,1.0005503,0.96216327,0.6049172,0.010135382,0.03373471,0.02434443,0.034806073,-0.00040794536,0.027816933,0.012242749,0.03651759,0.9717928,0.4100599,-0.0048007667,0.9982079,0.9948906,0.19523951,0.016631544,0.014091898,0.02238983,0.13687399,0.9997426,0.2170109,0.9452326,0.07624775,0.8680701,0.0014516711,0.8408756,0.014758386,0.7183374,0.0072153155,0.099522054,0.32935995,0.88461995,0.3764827,0.94427824,0.8218217,0.9639394,0.2216933,0.93011713,0.0056930184,-0.0017843843,0.03428135,0.023099301,0.018326953,0.020008119,0.7690333,0.8687306,0.47450086,0.7450926,0.013710082,0.0961469,0.45089078,0.9447714,0.517767,0.5562358,0.4242964,0.25817513,0.14708029,0.9154242,0.9966296,1.00584,0.9785309,0.8606262,0.7013057,0.7137304,0.9903885,0.97911143,0.99498266,0.9985909,0.9987509,0.99988973
0.0069414526,0.067150414,0.004829228,0.044751108,0.0053305775,0.040626645,0.019774212,0.060852885,0.012866139,0.05454451,0.010759108,0.008844271,0.011888027,0.4326784,0.0063605905,0.076096535,0.012749046,0.01851201,0.0059186816,0.03204243,0.016830027,0.01721993,0.0136117935,0.012306601,0.0089662075,0.018009856,0.014341831,0.007956207,0.011798322,0.010800645,7.56979e-06,0.01407814,0.013621215,0.5559082,0.47053853,0.51219404,0.031145185,0.03800136,0.010736883,0.030160466,0.01365608,0.0091829,0.014360249,0.009224422,0.026857808,0.2426577,0.028907359,0.5915742,0.015812352,0.037995815,0.044578433,0.6009145,0.005636327,0.20387518,0.008123159,0.02723191,0.0055448413,0.019017443,0.03057471,0.25132585,0.031676024,0.4766295,0.007740736,0.1874225,0.0010752827,0.0970596,0.0067353845,0.27711773,0.26003656,0.6205434,0.31454688,0.7785195,0.05899492,0.8312712,0.012828879,0.52053154,0.021844417,0.013171062,0.004945636,0.06533919,0.009417534,0.04241705,0.010469213,0.043347597,0.0081138015,0.024969094,0.010157049,0.011484166,0.0087810755,0.01469253,0.004176706,0.0031371713,0.008449599,0.006657034,0.021042645,0.0018357635,0.039745122,0.013141811,0.0048865676,0.009213358,0.008085042,0.00619787,0.007559404,0.0063150227,0.0080833435,0.0009251237,0.004632622,0.008108765,0.0012511313,0.010932013,0.031197935,0.020396978,0.010102414,0.009323776,0.0034319758,0.005787041,0.01620628,0.016341893,0.019980416,0.025229752,0.013386428,0.0118652135,0.014216334,0.025802568,0.027097523,0.022215903,0.008965433,0.012396008,0.018443286,0.013704449,0.015835501,0.010453522,0.012298793,0.017230332,0.0052290857,0.020975411,0.0011763461,0.015639454,0.0063076615,0.005981028,0.018192708,0.010462254,0.021578118,0.021775097,0.015830353,0.010523796,0.011026442,0.015376568,0.01142703,0.011995256,0.42784655,0.020587385,0.009426445,0.0066633224,0.012198448,0.012376219,0.011425436,0.012829006,0.009100735,0.012012169,0.011500776,0.011573464,0.00029107928,0.0010797381,0.0022672415,-0.0009768903
0.7472198,0.023521751,0.653711,0.019023359,0.108552545,0.020008475,0.010615006,0.13333109,0.008231655,0.013306007,0.008331716,0.011823222,0.98574185,0.5814836,0.07530294,0.38117588,0.992884,0.9910946,0.12804723,0.07161316,0.9591242,0.95990753,0.9863228,0.9909122,0.9902731,0.76217127,0.97862244,0.0074262023,0.9879116,0.0123176575,0.008429199,0.011034787,0.9795717,0.8845464,0.46627387,0.34824774,0.047133893,0.07343957,0.011139438,0.029081382,0.012194831,0.015822977,0.014826003,0.008914828,0.027886152,0.34706998,0.03030163,0.6185271,0.037621126,0.037497178,0.024911016,0.53020895,0.0129070245,0.026055723,0.010774404,0.016177386,0.010916263,0.021801725,0.96333134,0.05267039,0.070827454,0.08117622,0.9156275,0.040061355,0.98332304,0.022556603,0.159722,0.05395162,0.22985692,0.5549836,0.41867536,0.6265609,0.7416543,0.9717149,0.9843403,0.9064857,0.9157157,0.27965966,0.9756402,0.13797581,0.962338,0.042525202,0.011213005,0.038409792,0.17272437,0.013489008,0.009841189,0.014669314,0.010870993,0.011236094,0.010969013,0.014906049,0.010954894,0.009423904,0.99043876,0.16890052,0.2184622,0.008819684,0.011261836,0.014444977,0.010967702,0.0074965805,0.010855943,0.00776577,0.9921111,0.9758066,0.8777701,0.009941757,0.9923514,0.7115953,0.012267888,0.008346111,0.008476675,0.004622154,0.9563645,0.99199486,0.9320487,0.98008835,0.27256343,0.930176,0.9086055,0.9823957,0.43182272,0.89191854,0.012287453,0.11166662,0.95004785,0.97974586,0.9928861,0.992538,0.9813563,0.98969185,0.90545577,0.9870445,0.010961704,0.014398903,0.038280297,0.021542445,0.013881862,0.023136519,0.76318854,0.59149957,0.6281712,0.74207896,0.011440903,0.036876336,0.98486054,0.99081874,0.50000596,0.551284,0.7615657,0.25115392,0.9912358,0.99261284,0.99290806,0.9928458,0.99289596,0.9919959,0.9928264,0.9872563,0.99290633,0.9928325,0.9927676,0.9928534,0.99277437,0.9927567
0.300931,0.07135028,0.035931,0.029728495,0.026947632,0.010411322,0.024762575,0.026119083,-0.0020934716,0.014098059,-0.0047518983,0.004375905,1.0310585,0.45966053,-0.0025769696,0.052860655,0.02141273,-0.0039758533,0.002837507,0.06204935,0.9046524,0.62711394,0.5788553,0.5680771,0.043629035,0.07335335,0.011882521,0.022816598,-0.004953094,-0.005698867,0.026523542,-0.014440946,0.9448755,0.54673946,0.498757,0.3736668,0.059522983,0.016883425,0.034351774,0.05489097,-0.0060674064,-0.001170814,-0.0053182915,-0.0058283135,-0.0055802492,0.26301104,-0.00090548024,0.6223574,0.0450572,0.01094085,-0.0052480046,0.6274549,-0.0076555014,0.22845064,0.028168648,-0.0015041828,0.0277413,0.04470159,0.9991002,0.26998943,0.0005554259,0.49715,0.90045667,0.16604967,1.005817,0.116314374,0.17835343,0.30134797,0.2046557,0.55231917,0.33493,0.7518381,0.43474334,0.8691424,0.8117579,0.54752624,0.058626257,-0.010162167,1.0258225,0.048163906,1.0120667,0.057022363,0.027594201,0.06298223,0.20023522,0.009110851,0.028549016,-0.005741205,-0.0008948222,0.00468985,-0.00013337284,0.010884931,0.0016840398,-0.009697989,0.047485784,0.041531615,0.026962958,-0.0024144053,-0.004092023,-0.0009375438,-0.008016643,-0.00598343,-0.014781952,-0.005878195,0.022777706,-0.014331207,0.03704662,0.0062169265,-0.003657475,0.02338092,0.05339316,0.04556579,-0.0051667243,0.024920426,-0.00426805,-0.006781161,0.022862338,-0.0033539794,0.037849545,0.038481377,0.01818645,-0.014779195,-0.011436939,0.033231303,-0.0047078207,0.035841305,0.023024831,-0.009241097,0.029670388,0.02814211,-0.0031462833,0.02934473,-0.013152033,-0.005010329,0.02827932,0.041948367,0.02036272,0.03651187,-0.007766135,0.0254976,0.037888095,-0.0009421557,0.0019831052,0.036650747,0.023874722,-0.00031708926,0.3613984,-0.010690078,0.5368045,-0.0053643826,0.4601372,-0.001963891,0.060048945,-0.0055643097,-0.0029589608,0.039183453,-0.009575114,-0.0127407685,-0.012953799,-0.009297438,0.023291364,-0.010544956,0.015728906,0.029093206,0.02883311,0.022190213
0.300931,0.07135028,0.035931,0.029728495,0.026947632,0.010411322,0.024762575,0.026119083,-0.0020934716,0.014098059,-0.0047518983,0.004375905,1.0310585,0.45966053,-0.0025769696,0.052860655,0.02141273,-0.0039758533,0.002837507,0.06204935,0.9046524,0.62711394,0.5788553,0.5680771,0.043629035,0.07335335,0.011882521,0.022816598,-0.004953094,-0.005698867,0.026523542,-0.014440946,0.9448755,0.54673946,0.498757,0.3736668,0.059522983,0.016883425,0.034351774,0.05489097,-0.0060674064,-0.001170814,-0.0053182915,-0.0058283135,-0.0055802492,0.26301104,-0.00090548024,0.6223574,0.0450572,0.01094085,-0.0052480046,0.6274549,-0.0076555014,0.22845064,0.028168648,-0.0015041828,0.0277413,0.04470159,0.9991002,0.26998943,0.0005554259,0.49715,0.90045667,0.16604967,1.005817,0.116314374,0.17835343,0.30134797,0.2046557,0.55231917,0.33493,0.7518381,0.43474334,0.8691424,0.8117579,0.54752624,0.058626257,-0.010162167,1.0258225,0.048163906,1.0120667,0.057022363,0.027594201,0.06298223,0.20023522,0.009110851,0.028549016,-0.005741205,-0.0008948222,0.00468985,-0.00013337284,0.010884931,0.0016840398,-0.009697989,0.047485784,0.041531615,0.026962958,-0.0024144053,-0.004092023,-0.0009375438,-0.008016643,-0.00598343,-0.014781952,-0.005878195,0.022777706,-0.014331207,0.03704662,0.0062169265,-0.003657475,0.02338092,0.05339316,0.04556579,-0.0051667243,0.024920426,-0.00426805,-0.006781161,0.022862338,-0.0033539794,0.037849545,0.038481377,0.01818645,-0.014779195,-0.011436939,0.033231303,-0.0047078207,0.035841305,0.023024831,-0.009241097,0.029670388,0.02814211,-0.0031462833,0.02934473,-0.013152033,-0.005010329,0.02827932,0.041948367,0.02036272,0.03651187,-0.007766135,0.0254976,0.037888095,-0.0009421557,0.0019831052,0.036650747,0.023874722,-0.00031708926,0.3613984,-0.010690078,0.5368045,-0.0053643826,0.4601372,-0.001963891,0.060048945,-0.0055643097,-0.0029589608,0.039183453,-0.009575114,-0.0127407685,-0.012953799,-0.009297438,0.023291364,-0.010544956,0.015728906,0.029093206,0.02883311,0.022190213
0.2759425,0.046990514,0.0052515343,0.021255698,0.0032021254,0.029933363,0.022469789,0.027305951,-0.0039385706,0.045542352,0.01567103,0.007724181,1.0058107,0.016607808,0.00016197562,0.016398333,0.509629,0.94999385,0.02502078,0.06435246,0.86057365,0.97150105,0.7254486,0.97900665,0.034830898,0.98386633,0.039668337,0.016958907,0.0043350756,0.010921281,0.010691166,0.0029046535,0.903039,0.017361203,0.06794537,0.065442294,0.063406155,0.08259247,0.019637048,0.038439367,0.004737735,0.022900146,0.006797649,0.0069769975,0.026130263,0.019248724,0.01840067,0.04013606,0.029196609,0.035118677,0.010262981,0.052973647,0.012736484,0.051700667,0.012624539,0.019541774,0.003039673,0.017478451,0.9589803,0.05233269,0.023432108,0.092523575,0.93818086,0.041215964,0.99087286,0.01928371,0.54367304,0.036646694,0.04214263,0.057610363,0.062485754,0.06653379,0.4030425,0.7286866,0.76988935,0.008493789,0.04199712,0.046737373,0.989571,0.01695799,0.97271305,0.002243923,0.003213346,0.0038289167,0.19588947,0.019991867,0.004193887,0.007186733,0.005537495,0.012015041,0.009902954,0.010839453,0.0062655695,0.007916407,0.99139917,0.16795987,0.22613347,0.012601137,0.006023109,0.016494185,0.009035658,0.0073554367,0.017781865,0.0012460351,0.0322011,0.12966448,0.012542671,0.010338664,0.99253756,0.71655047,0.036589377,0.02168107,0.005808126,0.005254673,0.020441353,0.980247,0.2160922,0.94367707,0.077896655,0.8685406,0.01541304,0.8518517,0.011541444,0.70426595,0.018342914,0.105311036,0.32804245,0.881724,0.3881131,0.9424439,0.8244825,0.9508743,0.2197783,0.9307571,0.009318814,0.02170983,0.8885752,0.035939515,0.03853709,0.031215832,0.85152286,0.5910289,0.62343454,0.7425109,0.018457146,0.042432472,0.44435042,0.93698865,0.8146876,0.8643,0.1304144,0.59247,0.1556235,0.91057765,1.0006673,0.9913175,0.97158504,0.8776544,0.6881012,0.72406673,0.98565376,0.9796946,0.99922454,0.99344635,1.0011866,1.0037751
0.27497965,0.03725992,0.0046262145,0.0018326938,0.0010900497,0.004904628,-0.0010815263,0.025077365,-0.0042445064,0.013400346,-0.0042878613,-0.0061860085,0.998492,0.42937046,0.004535258,0.08507559,0.5165328,0.94365126,0.0121122,0.08014642,0.8700698,0.9657481,0.72416186,0.98213744,0.032528013,0.79269254,0.034459084,-0.0017580017,0.01171574,-0.005713314,-0.0025558472,-0.007964045,0.9146644,0.5427567,0.46900338,0.53383183,0.0727343,0.08391136,0.011928707,0.032269225,0.016154021,0.00022146851,0.0034944117,0.004230052,0.03595066,0.24277866,0.037444234,0.6020529,0.042531,0.05160868,0.035805583,0.59297144,0.024027914,0.20235637,0.018590212,0.021627724,0.027748019,0.010519922,0.9618212,0.2429673,0.066352785,0.4663224,0.8907167,0.13339242,0.96966463,0.09792656,0.16935766,0.32638097,0.2730238,0.6314454,0.31604046,0.7823852,0.40581322,0.8223585,0.77196944,0.5097575,0.035291642,0.037409782,0.988978,0.052729428,0.9801003,0.026195526,0.0024670064,0.023714736,0.18500207,-0.0026697516,0.011749595,-0.005989477,0.02726233,-0.0009495765,0.029011399,0.024398744,0.03717062,0.011869773,1.0005503,0.96216327,0.6049172,0.010135382,0.03373471,0.02434443,0.034806073,-0.00040794536,0.027816933,0.012242749,0.03651759,0.9717928,0.4100599,-0.0048007667,0.9982079,0.9948906,0.19523951,0.016631544,0.014091898,0.02238983,0.13687399,0.9997426,0.2170109,0.9452326,0.07624775,0.8680701,0.0014516711,0.8408756,0.014758386,0.7183374,0.0072153155,0.099522054,0.32935995,0.88461995,0.3764827,0.94427824,0.8218217,0.9639394,0.2216933,0.93011713,0.0056930184,-0.0017843843,0.03428135,0.023099301,0.018326953,0.020008119,0.7690333,0.8687306,0.47450086,0.7450926,0.013710082,0.0961469,0.45089078,0.9447714,0.517767,0.5562358,0.4242964,0.25817513,0.14708029,0.9154242,0.9966296,1.00584,0.9785309,0.8606262,0.7013057,0.7137304,0.9903885,0.97911143,0.99498266,0.9985909,0.9987509,0.99988973
0.0069414526,0.067150414,0.004829228,0.044751108,0.0053305775,0.040626645,0.019774212,0.060852885,0.012866139,0.05454451,0.010759108,0.008844271,0.011888027,0.4326784,0.0063605905,0.076096535,0.012749046,0.01851201,0.0059186816,0.03204243,0.016830027,0.01721993,0.0136117935,0.012306601,0.0089662075,0.018009856,0.014341831,0.007956207,0.011798322,0.010800645,7.56979e-06,0.01407814,0.013621215,0.5559082,0.47053853,0.51219404,0.031145185,0.03800136,0.010736883,0.030160466,0.01365608,0.0091829,0.014360249,0.009224422,0.026857808,0.2426577,0.028907359,0.5915742,0.015812352,0.037995815,0.044578433,0.6009145,0.005636327,0.20387518,0.008123159,0.02723191,0.0055448413,0.019017443,0.03057471,0.25132585,0.031676024,0.4766295,0.007740736,0.1874225,0.0010752827,0.0970596,0.0067353845,0.27711773,0.26003656,0.6205434,0.31454688,0.7785195,0.05899492,0.8312712,0.012828879,0.52053154,0.021844417,0.013171062,0.004945636,0.06533919,0.009417534,0.04241705,0.010469213,0.043347597,0.0081138015,0.024969094,0.010157049,0.011484166,0.0087810755,0.01469253,0.004176706,0.0031371713,0.008449599,0.006657034,0.021042645,0.0018357635,0.039745122,0.013141811,0.0048865676,0.009213358,0.008085042,0.00619787,0.007559404,0.0063150227,0.0080833435,0.0009251237,0.004632622,0.008108765,0.0012511313,0.010932013,0.031197935,0.020396978,0.010102414,0.009323776,0.0034319758,0.005787041,0.01620628,0.016341893,0.019980416,0.025229752,0.013386428,0.0118652135,0.014216334,0.025802568,0.027097523,0.022215903,0.008965433,0.012396008,0.018443286,0.013704449,0.015835501,0.010453522,0.012298793,0.017230332,0.0052290857,0.020975411,0.0011763461,0.015639454,0.0063076615,0.005981028,0.018192708,0.010462254,0.021578118,0.021775097,0.015830353,0.010523796,0.011026442,0.015376568,0.01142703,0.011995256,0.42784655,0.020587385,0.009426445,0.0066633224,0.012198448,0.012376219,0.011425436,0.012829006,0.009100735,0.012012169,0.011500776,0.011573464,0.00029107928,0.0010797381,0.0022672415,-0.0009768903
0.7472198,0.023521751,0.653711,0.019023359,0.108552545,0.020008475,0.010615006,0.13333109,0.008231655,0.013306007,0.008331716,0.011823222,0.98574185,0.5814836,0.07530294,0.38117588,0.992884,0.9910946,0.12804723,0.07161316,0.9591242,0.95990753,0.9863228,0.9909122,0.9902731,0.76217127,0.97862244,0.0074262023,0.9879116,0.0123176575,0.008429199,0.011034787,0.9795717,0.8845464,0.46627387,0.34824774,0.047133893,0.07343957,0.011139438,0.029081382,0.012194831,0.015822977,0.014826003,0.008914828,0.027886152,0.34706998,0.03030163,0.6185271,0.037621126,0.037497178,0.024911016,0.53020895,0.0129070245,0.026055723,0.010774404,0.016177386,0.010916263,0.021801725,0.96333134,0.05267039,0.070827454,0.08117622,0.9156275,0.040061355,0.98332304,0.022556603,0.159722,0.05395162,0.22985692,0.5549836,0.41867536,0.6265609,0.7416543,0.9717149,0.9843403,0.9064857,0.9157157,0.27965966,0.9756402,0.13797581,0.962338,0.042525202,0.011213005,0.038409792,0.17272437,0.013489008,0.009841189,0.014669314,0.010870993,0.011236094,0.010969013,0.014906049,0.010954894,0.009423904,0.99043876,0.16890052,0.2184622,0.008819684,0.011261836,0.014444977,0.010967702,0.0074965805,0.010855943,0.00776577,0.9921111,0.9758066,0.8777701,0.009941757,0.9923514,0.7115953,0.012267888,0.008346111,0.008476675,0.004622154,0.9563645,0.99199486,0.9320487,0.98008835,0.27256343,0.930176,0.9086055,0.9823957,0.43182272,0.89191854,0.012287453,0.11166662,0.95004785,0.97974586,0.9928861,0.992538,0.9813563,0.98969185,0.90545577,0.9870445,0.010961704,0.014398903,0.038280297,0.021542445,0.013881862,0.023136519,0.76318854,0.59149957,0.6281712,0.74207896,0.011440903,0.036876336,0.98486054,0.99081874,0.50000596,0.551284,0.7615657,0.25115392,0.9912358,0.99261284,0.99290806,0.9928458,0.99289596,0.9919959,0.9928264,0.9872563,0.99290633,0.9928325,0.9927676,0.9928534,0.99277437,0.9927567
0.2759425,0.046990573,0.0052514896,0.021255828,0.0032021552,0.029933393,0.022469774,0.027306052,-0.003938496,0.04554236,0.01567106,0.0077242106,1.0058109,0.016607855,0.00016210973,0.016398266,0.509629,0.9499939,0.025020806,0.06435247,0.8605736,0.9715011,0.7254486,0.97900665,0.034830872,0.9838664,0.039668314,0.016958803,0.004335031,0.010921292,0.010691047,0.0029046237,0.9030389,0.017361147,0.06794542,0.06544232,0.06340617,0.08259247,0.019637115,0.03843932,0.0047377497,0.022900112,0.006797705,0.006976883,0.026130166,0.019248798,0.018400684,0.040136017,0.029196665,0.035118632,0.010263041,0.052973714,0.01273641,0.051700577,0.012624562,0.019541815,0.003039699,0.017478392,0.95898026,0.05233281,0.023432082,0.092523605,0.9381808,0.04121592,0.990873,0.019283662,0.54367304,0.0366467,0.042142555,0.057610378,0.062485665,0.06653376,0.40304253,0.72868663,0.76988935,0.008493759,0.04199724,0.04673747,0.9895711,0.016958036,0.97271305,0.002243923,0.0032132566,0.003828898,0.1958894,0.019991823,0.004193876,0.0071867406,0.005537465,0.012015041,0.009902909,0.010839561,0.0062656365,0.007916358,0.99139917,0.16795984,0.22613335,0.012600992,0.0060230345,0.01649411,0.009035658,0.007355511,0.017781854,0.001246063,0.032201093,0.12966451,0.01254269,0.010338694,0.99253774,0.71655047,0.03658936,0.02168113,0.005808059,0.0052546635,0.020441398,0.98024696,0.21609218,0.94367707,0.07789664,0.8685405,0.01541302,0.8518518,0.011541555,0.70426595,0.018342849,0.10531111,0.32804245,0.881724,0.3881133,0.94244397,0.82448256,0.9508743,0.21977828,0.93075705,0.009318717,0.021709874,0.8885754,0.03593959,0.03853707,0.031215787,0.8515229,0.5910289,0.6234346,0.74251086,0.018457139,0.042432524,0.44435033,0.9369887,0.8146876,0.8642999,0.13041438,0.5924701,0.1556234,0.91057765,1.0006673,0.9913175,0.971585,0.87765455,0.6881012,0.72406685,0.9856537,0.97969466,0.9992246,0.9934465,1.0011867,1.003775
0.3009309,0.07135021,0.03593094,0.029728401,0.026947614,0.010411367,0.024762563,0.026119165,-0.0020934716,0.014098065,-0.0047518685,0.0043758946,1.0310585,0.45966053,-0.0025769025,0.0528607,0.02141273,-0.0039758086,0.0028375462,0.062049318,0.9046525,0.6271139,0.5788553,0.56807715,0.043628983,0.07335332,0.011882558,0.02281648,-0.004953064,-0.0056988075,0.026523475,-0.014440909,0.9448754,0.5467396,0.49875686,0.3736668,0.05952293,0.01688347,0.034351785,0.05489094,-0.0060673775,-0.001170747,-0.005318258,-0.005828254,-0.005580178,0.263011,-0.00090540946,0.6223574,0.04505716,0.010940939,-0.005248022,0.6274549,-0.0076554716,0.22845063,0.028168596,-0.0015041456,0.02774128,0.044701606,0.99910015,0.26998943,0.0005555004,0.49715,0.90045655,0.16604963,1.0058169,0.116314344,0.1783534,0.3013479,0.2046557,0.5523193,0.33492994,0.7518381,0.4347433,0.8691424,0.8117579,0.5475262,0.058626205,-0.010162137,1.0258225,0.04816398,1.0120666,0.057022337,0.02759415,0.06298223,0.20023514,0.009110905,0.028548973,-0.0057411958,-0.0008947849,0.0046899617,-0.00013336912,0.010885011,0.0016841143,-0.009697899,0.047485724,0.041531574,0.026963092,-0.002414301,-0.004091963,-0.000937514,-0.008016595,-0.005983417,-0.014781959,-0.005878113,0.02277764,-0.014331117,0.037046682,0.0062169377,-0.0036574006,0.023380883,0.053393126,0.045565814,-0.0051666796,0.024920389,-0.0042680353,-0.0067810267,0.0228622,-0.0033539347,0.037849486,0.03848134,0.018186375,-0.014779124,-0.011436924,0.03323129,-0.0047077984,0.035841256,0.023024786,-0.009241082,0.029670354,0.02814209,-0.0031462535,0.029344711,-0.013152041,-0.0050102547,0.028279334,0.04194836,0.020362541,0.03651183,-0.00776612,0.025497511,0.037888058,-0.00094202906,0.0019831294,0.036650687,0.023874618,-0.00031705946,0.36139846,-0.010690071,0.53680444,-0.0053643566,0.4601372,-0.001963839,0.060048908,-0.0055642426,-0.0029588789,0.039183438,-0.0095750615,-0.012740709,-0.012953758,-0.00929746,0.02329132,-0.0105449185,0.015728876,0.029093206,0.028833069,0.022190183
0.7472198,0.023521751,0.653711,0.019023359,0.108552545,0.020008475,0.010615006,0.13333109,0.008231655,0.013306007,0.008331716,0.011823222,0.98574185,0.5814836,0.07530294,0.38117588,0.992884,0.9910946,0.12804723,0.07161316,0.9591242,0.95990753,0.9863228,0.9909122,0.9902731,0.76217127,0.97862244,0.0074262023,0.9879116,0.0123176575,0.008429199,0.011034787,0.9795717,0.8845464,0.46627387,0.34824774,0.047133893,0.07343957,0.011139438,0.029081382,0.012194831,0.015822977,0.014826003,0.008914828,0.027886152,0.34706998,0.03030163,0.6185271,0.037621126,0.037497178,0.024911016,0.53020895,0.0129070245,0.026055723,0.010774404,0.016177386,0.010916263,0.021801725,0.96333134,0.05267039,0.070827454,0.08117622,0.9156275,0.040061355,0.98332304,0.022556603,0.159722,0.05395162,0.22985692,0.5549836,0.41867536,0.6265609,0.7416543,0.9717149,0.9843403,0.9064857,0.9157157,0.27965966,0.9756402,0.13797581,0.962338,0.042525202,0.011213005,0.038409792,0.17272437,0.013489008,0.009841189,0.014669314,0.010870993,0.011236094,0.010969013,0.014906049,0.010954894,0.009423904,0.99043876,0.16890052,0.2184622,0.008819684,0.011261836,0.014444977,0.010967702,0.0074965805,0.010855943,0.00776577,0.9921111,0.9758066,0.8777701,0.009941757,0.9923514,0.7115953,0.012267888,0.008346111,0.008476675,0.004622154,0.9563645,0.99199486,0.9320487,0.98008835,0.27256343,0.930176,0.9086055,0.9823957,0.43182272,0.89191854,0.012287453,0.11166662,0.95004785,0.97974586,0.9928861,0.992538,0.9813563,0.98969185,0.90545577,0.9870445,0.010961704,0.014398903,0.038280297,0.021542445,0.013881862,0.023136519,0.76318854,0.59149957,0.6281712,0.74207896,0.011440903,0.036876336,0.98486054,0.99081874,0.50000596,0.551284,0.7615657,0.25115392,0.9912358,0.99261284,0.99290806,0.9928458,0.99289596,0.9919959,0.9928264,0.9872563,0.99290633,0.9928325,0.9927676,0.9928534,0.99277437,0.9927567
0.0069414526,0.067150414,0.004829228,0.044751108,0.0053305775,0.040626645,0.019774212,0.060852885,0.012866139,0.05454451,0.010759108,0.008844271,0.011888027,0.4326784,0.0063605905,0.076096535,0.012749046,0.01851201,0.0059186816,0.03204243,0.016830027,0.01721993,0.0136117935,0.012306601,0.0089662075,0.018009856,0.014341831,0.007956207,0.011798322,0.010800645,7.56979e-06,0.01407814,0.013621215,0.5559082,0.47053853,0.51219404,0.031145185,0.03800136,0.010736883,0.030160466,0.01365608,0.0091829,0.014360249,0.009224422,0.026857808,0.2426577,0.028907359,0.5915742,0.015812352,0.037995815,0.044578433,0.6009145,0.005636327,0.20387518,0.008123159,0.02723191,0.0055448413,0.019017443,0.03057471,0.25132585,0.031676024,0.4766295,0.007740736,0.1874225,0.0010752827,0.0970596,0.0067353845,0.27711773,0.26003656,0.6205434,0.31454688,0.7785195,0.05899492,0.8312712,0.012828879,0.52053154,0.021844417,0.013171062,0.004945636,0.06533919,0.009417534,0.04241705,0.010469213,0.043347597,0.0081138015,0.024969094,0.010157049,0.011484166,0.0087810755,0.01469253,0.004176706,0.0031371713,0.008449599,0.006657034,0.021042645,0.0018357635,0.039745122,0.013141811,0.0048865676,0.009213358,0.008085042,0.00619787,0.007559404,0.0063150227,0.0080833435,0.0009251237,0.004632622,0.008108765,0.0012511313,0.010932013,0.031197935,0.020396978,0.010102414,0.009323776,0.0034319758,0.005787041,0.01620628,0.016341893,0.019980416,0.025229752,0.013386428,0.0118652135,0.014216334,0.025802568,0.027097523,0.022215903,0.008965433,0.012396008,0.018443286,0.013704449,0.015835501,0.010453522,0.012298793,0.017230332,0.0052290857,0.020975411,0.0011763461,0.015639454,0.0063076615,0.005981028,0.018192708,0.010462254,0.021578118,0.021775097,0.015830353,0.010523796,0.011026442,0.015376568,0.01142703,0.011995256,0.42784655,0.020587385,0.009426445,0.0066633224,0.012198448,0.012376219,0.011425436,0.012829006,0.009100735,0.012012169,0.011500776,0.011573464,0.00029107928,0.0010797381,0.0022672415,-0.0009768903
0.27497965,0.03725992,0.0046262145,0.0018326938,0.0010900497,0.004904628,-0.0010815263,0.025077365,-0.0042445064,0.013400346,-0.0042878613,-0.0061860085,0.998492,0.42937046,0.004535258,0.08507559,0.5165328,0.94365126,0.0121122,0.08014642,0.8700698,0.9657481,0.72416186,0.98213744,0.032528013,0.79269254,0.034459084,-0.0017580017,0.01171574,-0.005713314,-0.0025558472,-0.007964045,0.9146644,0.5427567,0.46900338,0.53383183,0.0727343,0.08391136,0.011928707,0.032269225,0.016154021,0.00022146851,0.0034944117,0.004230052,0.03595066,0.24277866,0.037444234,0.6020529,0.042531,0.05160868,0.035805583,0.59297144,0.024027914,0.20235637,0.018590212,0.021627724,0.027748019,0.010519922,0.9618212,0.2429673,0.066352785,0.4663224,0.8907167,0.13339242,0.96966463,0.09792656,0.16935766,0.32638097,0.2730238,0.6314454,0.31604046,0.7823852,0.40581322,0.8223585,0.77196944,0.5097575,0.035291642,0.037409782,0.988978,0.052729428,0.9801003,0.026195526,0.0024670064,0.023714736,0.18500207,-0.0026697516,0.011749595,-0.005989477,0.02726233,-0.0009495765,0.029011399,0.024398744,0.03717062,0.011869773,1.0005503,0.96216327,0.6049172,0.010135382,0.03373471,0.02434443,0.034806073,-0.00040794536,0.027816933,0.012242749,0.03651759,0.9717928,0.4100599,-0.0048007667,0.9982079,0.9948906,0.19523951,0.016631544,0.014091898,0.02238983,0.13687399,0.9997426,0.2170109,0.9452326,0.07624775,0.8680701,0.0014516711,0.8408756,0.014758386,0.7183374,0.0072153155,0.099522054,0.32935995,0.88461995,0.3764827,0.94427824,0.8218217,0.9639394,0.2216933,0.93011713,0.0056930184,-0.0017843843,0.03428135,0.023099301,0.018326953,0.020008119,0.7690333,0.8687306,0.47450086,0.7450926,0.013710082,0.0961469,0.45089078,0.9447714,0.517767,0.5562358,0.4242964,0.25817513,0.14708029,0.9154242,0.9966296,1.00584,0.9785309,0.8606262,0.7013057,0.7137304,0.9903885,0.97911143,0.99498266,0.9985909,0.9987509,0.99988973
0.2759425,0.046990514,0.0052515343,0.021255698,0.0032021254,0.029933363,0.022469789,0.027305951,-0.0039385706,0.045542352,0.01567103,0.007724181,1.0058107,0.016607808,0.00016197562,0.016398333,0.509629,0.94999385,0.02502078,0.06435246,0.86057365,0.97150105,0.7254486,0.97900665,0.034830898,0.98386633,0.039668337,0.016958907,0.0043350756,0.010921281,0.010691166,0.0029046535,0.903039,0.017361203,0.06794537,0.065442294,0.063406155,0.08259247,0.019637048,0.038439367,0.004737735,0.022900146,0.006797649,0.0069769975,0.026130263,0.019248724,0.01840067,0.04013606,0.029196609,0.035118677,0.010262981,0.052973647,0.012736484,0.051700667,0.012624539,0.019541774,0.003039673,0.017478451,0.9589803,0.05233269,0.023432108,0.092523575,0.93818086,0.041215964,0.99087286,0.01928371,0.54367304,0.036646694,0.04214263,0.057610363,0.062485754,0.06653379,0.4030425,0.7286866,0.76988935,0.008493789,0.04199712,0.046737373,0.989571,0.01695799,0.97271305,0.002243923,0.003213346,0.0038289167,0.19588947,0.019991867,0.004193887,0.007186733,0.005537495,0.012015041,0.009902954,0.010839453,0.0062655695,0.007916407,0.99139917,0.16795987,0.22613347,0.012601137,0.006023109,0.016494185,0.009035658,0.0073554367,0.017781865,0.0012460351,0.0322011,0.12966448,0.012542671,0.010338664,0.99253756,0.71655047,0.036589377,0.02168107,0.005808126,0.005254673,0.020441353,0.980247,0.2160922,0.94367707,0.077896655,0.8685406,0.01541304,0.8518517,0.011541444,0.70426595,0.018342914,0.105311036,0.32804245,0.881724,0.3881131,0.9424439,0.8244825,0.9508743,0.2197783,0.9307571,0.009318814,0.02170983,0.8885752,0.035939515,0.03853709,0.031215832,0.85152286,0.5910289,0.62343454,0.7425109,0.018457146,0.042432472,0.44435042,0.93698865,0.8146876,0.8643,0.1304144,0.59247,0.1556235,0.91057765,1.0006673,0.9913175,0.97158504,0.8776544,0.6881012,0.72406673,0.98565376,0.9796946,0.99922454,0.99344635,1.0011866,1.0037751
0.7472198,0.023521751,0.653711,0.019023359,0.108552545,0.020008475,0.010615006,0.13333109,0.008231655,0.013306007,0.008331716,0.011823222,0.98574185,0.5814836,0.07530294,0.38117588,0.992884,0.9910946,0.12804723,0.07161316,0.9591242,0.95990753,0.9863228,0.9909122,0.9902731,0.76217127,0.97862244,0.0074262023,0.9879116,0.0123176575,0.008429199,0.011034787,0.9795717,0.8845464,0.46627387,0.34824774,0.047133893,0.07343957,0.011139438,0.029081382,0.012194831,0.015822977,0.014826003,0.008914828,0.027886152,0.34706998,0.03030163,0.6185271,0.037621126,0.037497178,0.024911016,0.53020895,0.0129070245,0.026055723,0.010774404,0.016177386,0.010916263,0.021801725,0.96333134,0.05267039,0.070827454,0.08117622,0.9156275,0.040061355,0.98332304,0.022556603,0.159722,0.05395162,0.22985692,0.5549836,0.41867536,0.6265609,0.7416543,0.9717149,0.9843403,0.9064857,0.9157157,0.27965966,0.9756402,0.13797581,0.962338,0.042525202,0.011213005,0.038409792,0.17272437,0.013489008,0.009841189,0.014669314,0.010870993,0.011236094,0.010969013,0.014906049,0.010954894,0.009423904,0.99043876,0.16890052,0.2184622,0.008819684,0.011261836,0.014444977,0.010967702,0.0074965805,0.010855943,0.00776577,0.9921111,0.9758066,0.8777701,0.009941757,0.9923514,0.7115953,0.012267888,0.008346111,0.008476675,0.004622154,0.9563645,0.99199486,0.9320487,0.98008835,0.27256343,0.930176,0.9086055,0.9823957,0.43182272,0.89191854,0.012287453,0.11166662,0.95004785,0.97974586,0.9928861,0.992538,0.9813563,0.98969185,0.90545577,0.9870445,0.010961704,0.014398903,0.038280297,0.021542445,0.013881862,0.023136519,0.76318854,0.59149957,0.6281712,0.74207896,0.011440903,0.036876336,0.98486054,0.99081874,0.50000596,0.551284,0.7615657,0.25115392,0.9912358,0.99261284,0.99290806,0.9928458,0.99289596,0.9919959,0.9928264,0.9872563,0.99290633,0.9928325,0.9927676,0.9928534,0.99277437,0.9927567
0.27497965,0.03725992,0.0046262145,0.0018326938,0.0010900497,0.004904628,-0.0010815263,0.025077365,-0.0042445064,0.013400346,-0.0042878613,-0.0061860085,0.998492,0.42937046,0.004535258,0.08507559,0.5165328,0.94365126,0.0121122,0.08014642,0.8700698,0.9657481,0.72416186,0.98213744,0.032528013,0.79269254,0.034459084,-0.0017580017,0.01171574,-0.005713314,-0.0025558472,-0.007964045,0.9146644,0.5427567,0.46900338,0.53383183,0.0727343,0.08391136,0.011928707,0.032269225,0.016154021,0.00022146851,0.0034944117,0.004230052,0.03595066,0.24277866,0.037444234,0.6020529,0.042531,0.05160868,0.035805583,0.59297144,0.024027914,0.20235637,0.018590212,0.021627724,0.027748019,0.010519922,0.9618212,0.2429673,0.066352785,0.4663224,0.8907167,0.13339242,0.96966463,0.09792656,0.16935766,0.32638097,0.2730238,0.6314454,0.31604046,0.7823852,0.40581322,0.8223585,0.77196944,0.5097575,0.035291642,0.037409782,0.988978,0.052729428,0.9801003,0.026195526,0.0024670064,0.023714736,0.18500207,-0.0026697516,0.011749595,-0.005989477,0.02726233,-0.0009495765,0.029011399,0.024398744,0.03717062,0.011869773,1.0005503,0.96216327,0.6049172,0.010135382,0.03373471,0.02434443,0.034806073,-0.00040794536,0.027816933,0.012242749,0.03651759,0.9717928,0.4100599,-0.0048007667,0.9982079,0.9948906,0.19523951,0.016631544,0.014091898,0.02238983,0.13687399,0.9997426,0.2170109,0.9452326,0.07624775,0.8680701,0.0014516711,0.8408756,0.014758386,0.7183374,0.0072153155,0.099522054,0.32935995,0.88461995,0.3764827,0.94427824,0.8218217,0.9639394,0.2216933,0.93011713,0.0056930184,-0.0017843843,0.03428135,0.023099301,0.018326953,0.020008119,0.7690333,0.8687306,0.47450086,0.7450926,0.013710082,0.0961469,0.45089078,0.9447714,0.517767,0.5562358,0.4242964,0.25817513,0.14708029,0.9154242,0.9966296,1.00584,0.9785309,0.8606262,0.7013057,0.7137304,0.9903885,0.97911143,0.99498266,0.9985909,0.9987509,0.99988973
0.300931,0.07135028,0.035931,0.029728495,0.026947632,0.010411322,0.024762575,0.026119083,-0.0020934716,0.014098059,-0.0047518983,0.004375905,1.0310585,0.45966053,-0.0025769696,0.052860655,0.02141273,-0.0039758533,0.002837507,0.06204935,0.9046524,0.62711394,0.5788553,0.5680771,0.043629035,0.07335335,0.011882521,0.022816598,-0.004953094,-0.005698867,0.026523542,-0.014440946,0.9448755,0.54673946,0.498757,0.3736668,0.059522983,0.016883425,0.034351774,0.05489097,-0.0060674064,-0.001170814,-0.0053182915,-0.0058283135,-0.0055802492,0.26301104,-0.00090548024,0.6223574,0.0450572,0.01094085,-0.0052480046,0.6274549,-0.0076555014,0.22845064,0.028168648,-0.0015041828,0.0277413,0.04470159,0.9991002,0.26998943,0.0005554259,0.49715,0.90045667,0.16604967,1.005817,0.116314374,0.17835343,0.30134797,0.2046557,0.55231917,0.33493,0.7518381,0.43474334,0.8691424,0.8117579,0.54752624,0.058626257,-0.010162167,1.0258225,0.048163906,1.0120667,0.057022363,0.027594201,0.06298223,0.20023522,0.009110851,0.028549016,-0.005741205,-0.0008948222,0.00468985,-0.00013337284,0.010884931,0.0016840398,-0.009697989,0.047485784,0.041531615,0.026962958,-0.0024144053,-0.004092023,-0.0009375438,-0.008016643,-0.00598343,-0.014781952,-0.005878195,0.022777706,-0.014331207,0.03704662,0.0062169265,-0.003657475,0.02338092,0.05339316,0.04556579,-0.0051667243,0.024920426,-0.00426805,-0.006781161,0.022862338,-0.0033539794,0.037849545,0.038481377,0.01818645,-0.014779195,-0.011436939,0.033231303,-0.0047078207,0.035841305,0.023024831,-0.009241097,0.029670388,0.02814211,-0.0031462833,0.02934473,-0.013152033,-0.005010329,0.02827932,0.041948367,0.02036272,0.03651187,-0.007766135,0.0254976,0.037888095,-0.0009421557,0.0019831052,0.036650747,0.023874722,-0.00031708926,0.3613984,-0.010690078,0.5368045,-0.0053643826,0.4601372,-0.001963891,0.060048945,-0.0055643097,-0.0029589608,0.039183453,-0.009575114,-0.0127407685,-0.012953799,-0.009297438,0.023291364,-0.010544956,0.015728906,0.029093206,0.02883311,0.022190213
0.0069414526,0.067150414,0.004829228,0.044751108,0.0053305775,0.040626645,0.019774212,0.060852885,0.012866139,0.05454451,0.010759108,0.008844271,0.011888027,0.4326784,0.0063605905,0.076096535,0.012749046,0.01851201,0.0059186816,0.03204243,0.016830027,0.01721993,0.0136117935,0.012306601,0.0089662075,0.018009856,0.014341831,0.007956207,0.011798322,0.010800645,7.56979e-06,0.01407814,0.013621215,0.5559082,0.47053853,0.51219404,0.031145185,0.03800136,0.010736883,0.030160466,0.01365608,0.0091829,0.014360249,0.009224422,0.026857808,0.2426577,0.028907359,0.5915742,0.015812352,0.037995815,0.044578433,0.6009145,0.005636327,0.20387518,0.008123159,0.02723191,0.0055448413,0.019017443,0.03057471,0.25132585,0.031676024,0.4766295,0.007740736,0.1874225,0.0010752827,0.0970596,0.0067353845,0.27711773,0.26003656,0.6205434,0.31454688,0.7785195,0.05899492,0.8312712,0.012828879,0.52053154,0.021844417,0.013171062,0.004945636,0.06533919,0.009417534,0.04241705,0.010469213,0.043347597,0.0081138015,0.024969094,0.010157049,0.011484166,0.0087810755,0.01469253,0.004176706,0.0031371713,0.008449599,0.006657034,0.021042645,0.0018357635,0.039745122,0.013141811,0.0048865676,0.009213358,0.008085042,0.00619787,0.007559404,0.0063150227,0.0080833435,0.0009251237,0.004632622,0.008108765,0.0012511313,0.010932013,0.031197935,0.020396978,0.010102414,0.009323776,0.0034319758,0.005787041,0.01620628,0.016341893,0.019980416,0.025229752,0.013386428,0.0118652135,0.014216334,0.025802568,0.027097523,0.022215903,0.008965433,0.012396008,0.018443286,0.013704449,0.015835501,0.010453522,0.012298793,0.017230332,0.0052290857,0.020975411,0.0011763461,0.015639454,0.0063076615,0.005981028,0.018192708,0.010462254,0.021578118,0.021775097,0.015830353,0.010523796,0.011026442,0.015376568,0.01142703,0.011995256,0.42784655,0.020587385,0.009426445,0.0066633224,0.012198448,0.012376219,0.011425436,0.012829006,0.009100735,0.012012169,0.011500776,0.011573464,0.00029107928,0.0010797381,0.0022672415,-0.0009768903
0.7472198,0.023521751,0.653711,0.019023359,0.108552545,0.020008475,0.010615006,0.13333109,0.008231655,0.013306007,0.008331716,0.011823222,0.98574185,0.5814836,0.07530294,0.38117588,0.992884,0.9910946,0.12804723,0.07161316,0.9591242,0.95990753,0.9863228,0.9909122,0.9902731,0.76217127,0.97862244,0.0074262023,0.9879116,0.0123176575,0.008429199,0.011034787,0.9795717,0.8845464,0.46627387,0.34824774,0.047133893,0.07343957,0.011139438,0.029081382,0.012194831,0.015822977,0.014826003,0.008914828,0.027886152,0.34706998,0.03030163,0.6185271,0.037621126,0.037497178,0.024911016,0.53020895,0.0129070245,0.026055723,0.010774404,0.016177386,0.010916263,0.021801725,0.96333134,0.05267039,0.070827454,0.08117622,0.9156275,0.040061355,0.98332304,0.022556603,0.159722,0.05395162,0.22985692,0.5549836,0.41867536,0.6265609,0.7416543,0.9717149,0.9843403,0.9064857,0.9157157,0.27965966,0.9756402,0.13797581,0.962338,0.042525202,0.011213005,0.038409792,0.17272437,0.013489008,0.009841189,0.014669314,0.010870993,0.011236094,0.010969013,0.014906049,0.010954894,0.009423904,0.99043876,0.16890052,0.2184622,0.008819684,0.011261836,0.014444977,0.010967702,0.0074965805,0.010855943,0.00776577,0.9921111,0.9758066,0.8777701,0.009941757,0.9923514,0.7115953,0.012267888,0.008346111,0.008476675,0.004622154,0.9563645,0.99199486,0.9320487,0.98008835,0.27256343,0.930176,0.9086055,0.9823957,0.43182272,0.89191854,0.012287453,0.11166662,0.95004785,0.97974586,0.9928861,0.992538,0.9813563,0.98969185,0.90545577,0.9870445,0.010961704,0.014398903,0.038280297,0.021542445,0.013881862,0.023136519,0.76318854,0.59149957,0.6281712,0.74207896,0.011440903,0.036876336,0.98486054,0.99081874,0.50000596,0.551284,0.7615657,0.25115392,0.9912358,0.99261284,0.99290806,0.9928458,0.99289596,0.9919959,0.9928264,0.9872563,0.99290633,0.9928325,0.9927676,0.9928534,0.99277437,0.9927567
0.27497965,0.03725992,0.0046262145,0.0018326938,0.0010900497,0.004904628,-0.0010815263,0.025077365,-0.0042445064,0.013400346,-0.0042878613,-0.0061860085,0.998492,0.42937046,0.004535258,0.08507559,0.5165328,0.94365126,0.0121122,0.08014642,0.8700698,0.9657481,0.72416186,0.98213744,0.032528013,0.79269254,0.034459084,-0.0017580017,0.01171574,-0.005713314,-0.0025558472,-0.007964045,0.9146644,0.5427567,0.46900338,0.53383183,0.0727343,0.08391136,0.011928707,0.032269225,0.016154021,0.00022146851,0.0034944117,0.004230052,0.03595066,0.24277866,0.037444234,0.6020529,0.042531,0.05160868,0.035805583,0.59297144,0.024027914,0.20235637,0.018590212,0.021627724,0.027748019,0.010519922,0.9618212,0.2429673,0.066352785,0.4663224,0.8907167,0.13339242,0.96966463,0.09792656,0.16935766,0.32638097,0.2730238,0.6314454,0.31604046,0.7823852,0.40581322,0.8223585,0.77196944,0.5097575,0.035291642,0.037409782,0.988978,0.052729428,0.9801003,0.026195526,0.0024670064,0.023714736,0.18500207,-0.0026697516,0.011749595,-0.005989477,0.02726233,-0.0009495765,0.029011399,0.024398744,0.03717062,0.011869773,1.0005503,0.96216327,0.6049172,0.010135382,0.03373471,0.02434443,0.034806073,-0.00040794536,0.027816933,0.012242749,0.03651759,0.9717928,0.4100599,-0.0048007667,0.9982079,0.9948906,0.19523951,0.016631544,0.014091898,0.02238983,0.13687399,0.9997426,0.2170109,0.9452326,0.07624775,0.8680701,0.0014516711,0.8408756,0.014758386,0.7183374,0.0072153155,0.099522054,0.32935995,0.88461995,0.3764827,0.94427824,0.8218217,0.9639394,0.2216933,0.93011713,0.0056930184,-0.0017843843,0.03428135,0.023099301,0.018326953,0.020008119,0.7690333,0.8687306,0.47450086,0.7450926,0.013710082,0.0961469,0.45089078,0.9447714,0.517767,0.5562358,0.4242964,0.25817513,0.14708029,0.9154242,0.9966296,1.00584,0.9785309,0.8606262,0.7013057,0.7137304,0.9903885,0.97911143,0.99498266,0.9985909,0.9987509,0.99988973
0.300931,0.07135028,0.035931,0.029728495,0.026947632,0.010411322,0.024762575,0.026119083,-0.0020934716,0.014098059,-0.0047518983,0.004375905,1.0310585,0.45966053,-0.0025769696,0.052860655,0.02141273,-0.0039758533,0.002837507,0.06204935,0.9046524,0.62711394,0.5788553,0.5680771,0.043629035,0.07335335,0.011882521,0.022816598,-0.004953094,-0.005698867,0.026523542,-0.014440946,0.9448755,0.54673946,0.498757,0.3736668,0.059522983,0.016883425,0.034351774,0.05489097,-0.0060674064,-0.001170814,-0.0053182915,-0.0058283135,-0.0055802492,0.26301104,-0.00090548024,0.6223574,0.0450572,0.01094085,-0.0052480046,0.6274549,-0.0076555014,0.22845064,0.028168648,-0.0015041828,0.0277413,0.04470159,0.9991002,0.26998943,0.0005554259,0.49715,0.90045667,0.16604967,1.005817,0.116314374,0.17835343,0.30134797,0.2046557,0.55231917,0.33493,0.7518381,0.43474334,0.8691424,0.8117579,0.54752624,0.058626257,-0.010162167,1.0258225,0.048163906,1.0120667,0.057022363,0.027594201,0.06298223,0.20023522,0.009110851,0.028549016,-0.005741205,-0.0008948222,0.00468985,-0.00013337284,0.010884931,0.0016840398,-0.009697989,0.047485784,0.041531615,0.026962958,-0.0024144053,-0.004092023,-0.0009375438,-0.008016643,-0.00598343,-0.014781952,-0.005878195,0.022777706,-0.014331207,0.03704662,0.0062169265,-0.003657475,0.02338092,0.05339316,0.04556579,-0.0051667243,0.024920426,-0.00426805,-0.006781161,0.022862338,-0.0033539794,0.037849545,0.038481377,0.01818645,-0.014779195,-0.011436939,0.033231303,-0.0047078207,0.035841305,0.023024831,-0.009241097,0.029670388,0.02814211,-0.0031462833,0.02934473,-0.013152033,-0.005010329,0.02827932,0.041948367,0.02036272,0.03651187,-0.007766135,0.0254976,0.037888095,-0.0009421557,0.0019831052,0.036650747,0.023874722,-0.00031708926,0.3613984,-0.010690078,0.5368045,-0.0053643826,0.4601372,-0.001963891,0.060048945,-0.0055643097,-0.0029589608,0.039183453,-0.009575114,-0.0127407685,-0.012953799,-0.009297438,0.023291364,-0.010544956,0.015728906,0.029093206,0.02883311,0.022190213
0.0069414526,0.067150414,0.004829228,0.044751108,0.0053305775,0.040626645,0.019774212,0.060852885,0.012866139,0.05454451,0.010759108,0.008844271,0.011888027,0.4326784,0.0063605905,0.076096535,0.012749046,0.01851201,0.0059186816,0.03204243,0.016830027,0.01721993,0.0136117935,0.012306601,0.0089662075,0.018009856,0.014341831,0.007956207,0.011798322,0.010800645,7.56979e-06,0.01407814,0.013621215,0.5559082,0.47053853,0.51219404,0.031145185,0.03800136,0.010736883,0.030160466,0.01365608,0.0091829,0.014360249,0.009224422,0.026857808,0.2426577,0.028907359,0.5915742,0.015812352,0.037995815,0.044578433,0.6009145,0.005636327,0.20387518,0.008123159,0.02723191,0.0055448413,0.019017443,0.03057471,0.25132585,0.031676024,0.4766295,0.007740736,0.1874225,0.0010752827,0.0970596,0.0067353845,0.27711773,0.26003656,0.6205434,0.31454688,0.7785195,0.05899492,0.8312712,0.012828879,0.52053154,0.021844417,0.013171062,0.004945636,0.06533919,0.009417534,0.04241705,0.010469213,0.043347597,0.0081138015,0.024969094,0.010157049,0.011484166,0.0087810755,0.01469253,0.004176706,0.0031371713,0.008449599,0.006657034,0.021042645,0.0018357635,0.039745122,0.013141811,0.0048865676,0.009213358,0.008085042,0.00619787,0.007559404,0.0063150227,0.0080833435,0.0009251237,0.004632622,0.008108765,0.0012511313,0.010932013,0.031197935,0.020396978,0.010102414,0.009323776,0.0034319758,0.005787041,0.01620628,0.016341893,0.019980416,0.025229752,0.013386428,0.0118652135,0.014216334,0.025802568,0.027097523,0.022215903,0.008965433,0.012396008,0.018443286,0.013704449,0.015835501,0.010453522,0.012298793,0.017230332,0.0052290857,0.020975411,0.0011763461,0.015639454,0.0063076615,0.005981028,0.018192708,0.010462254,0.021578118,0.021775097,0.015830353,0.010523796,0.011026442,0.015376568,0.01142703,0.011995256,0.42784655,0.020587385,0.009426445,0.0066633224,0.012198448,0.012376219,0.011425436,0.012829006,0.009100735,0.012012169,0.011500776,0.011573464,0.00029107928,0.0010797381,0.0022672415,-0.0009768903
0.2759425,0.046990514,0.0052515343,0.021255698,0.0032021254,0.029933363,0.022469789,0.027305951,-0.0039385706,0.045542352,0.01567103,0.007724181,1.0058107,0.016607808,0.00016197562,0.016398333,0.509629,0.94999385,0.02502078,0.06435246,0.86057365,0.97150105,0.7254486,0.97900665,0.034830898,0.98386633,0.039668337,0.016958907,0.0043350756,0.010921281,0.010691166,0.0029046535,0.903039,0.017361203,0.06794537,0.065442294,0.063406155,0.08259247,0.019637048,0.038439367,0.004737735,0.022900146,0.006797649,0.0069769975,0.026130263,0.019248724,0.01840067,0.04013606,0.029196609,0.035118677,0.010262981,0.052973647,0.012736484,0.051700667,0.012624539,0.019541774,0.003039673,0.017478451,0.9589803,0.05233269,0.023432108,0.092523575,0.93818086,0.041215964,0.99087286,0.01928371,0.54367304,0.036646694,0.04214263,0.057610363,0.062485754,0.06653379,0.4030425,0.7286866,0.76988935,0.008493789,0.04199712,0.046737373,0.989571,0.01695799,0.97271305,0.002243923,0.003213346,0.0038289167,0.19588947,0.019991867,0.004193887,0.007186733,0.005537495,0.012015041,0.009902954,0.010839453,0.0062655695,0.007916407,0.99139917,0.16795987,0.22613347,0.012601137,0.006023109,0.016494185,0.009035658,0.0073554367,0.017781865,0.0012460351,0.0322011,0.12966448,0.012542671,0.010338664,0.99253756,0.71655047,0.036589377,0.02168107,0.005808126,0.005254673,0.020441353,0.980247,0.2160922,0.94367707,0.077896655,0.8685406,0.01541304,0.8518517,0.011541444,0.70426595,0.018342914,0.105311036,0.32804245,0.881724,0.3881131,0.9424439,0.8244825,0.9508743,0.2197783,0.9307571,0.009318814,0.02170983,0.8885752,0.035939515,0.03853709,0.031215832,0.85152286,0.5910289,0.62343454,0.7425109,0.018457146,0.042432472,0.44435042,0.93698865,0.8146876,0.8643,0.1304144,0.59247,0.1556235,0.91057765,1.0006673,0.9913175,0.97158504,0.8776544,0.6881012,0.72406673,0.98565376,0.9796946,0.99922454,0.99344635,1.0011866,1.0037751
0.0069414526,0.067150414,0.004829228,0.044751108,0.0053305775,0.040626645,0.019774212,0.060852885,0.012866139,0.05454451,0.010759108,0.008844271,0.011888027,0.4326784,0.0063605905,0.076096535,0.012749046,0.01851201,0.0059186816,0.03204243,0.016830027,0.01721993,0.0136117935,0.012306601,0.0089662075,0.018009856,0.014341831,0.007956207,0.011798322,0.010800645,7.56979e-06,0.01407814,0.013621215,0.5559082,0.47053853,0.51219404,0.031145185,0.03800136,0.010736883,0.030160466,0.01365608,0.0091829,0.014360249,0.009224422,0.026857808,0.2426577,0.028907359,0.5915742,0.015812352,0.037995815,0.044578433,0.6009145,0.005636327,0.20387518,0.008123159,0.02723191,0.0055448413,0.019017443,0.03057471,0.25132585,0.031676024,0.4766295,0.007740736,0.1874225,0.0010752827,0.0970596,0.0067353845,0.27711773,0.26003656,0.6205434,0.31454688,0.7785195,0.05899492,0.8312712,0.012828879,0.52053154,0.021844417,0.013171062,0.004945636,0.06533919,0.009417534,0.04241705,0.010469213,0.043347597,0.0081138015,0.024969094,0.010157049,0.011484166,0.0087810755,0.01469253,0.004176706,0.0031371713,0.008449599,0.006657034,0.021042645,0.0018357635,0.039745122,0.013141811,0.0048865676,0.009213358,0.008085042,0.00619787,0.007559404,0.0063150227,0.0080833435,0.0009251237,0.004632622,0.008108765,0.0012511313,0.010932013,0.031197935,0.020396978,0.010102414,0.009323776,0.0034319758,0.005787041,0.01620628,0.016341893,0.019980416,0.025229752,0.013386428,0.0118652135,0.014216334,0.025802568,0.027097523,0.022215903,0.008965433,0.012396008,0.018443286,0.013704449,0.015835501,0.010453522,0.012298793,0.017230332,0.0052290857,0.020975411,0.0011763461,0.015639454,0.0063076615,0.005981028,0.018192708,0.010462254,0.021578118,0.021775097,0.015830353,0.010523796,0.011026442,0.015376568,0.01142703,0.011995256,0.42784655,0.020587385,0.009426445,0.0066633224,0.012198448,0.012376219,0.011425436,0.012829006,0.009100735,0.012012169,0.011500776,0.011573464,0.00029107928,0.0010797381,0.0022672415,-0.0009768903
0.300931,0.07135028,0.035931,0.029728495,0.026947632,0.010411322,0.024762575,0.026119083,-0.0020934716,0.014098059,-0.0047518983,0.004375905,1.0310585,0.45966053,-0.0025769696,0.052860655,0.02141273,-0.0039758533,0.002837507,0.06204935,0.9046524,0.62711394,0.5788553,0.5680771,0.043629035,0.07335335,0.011882521,0.022816598,-0.004953094,-0.005698867,0.026523542,-0.014440946,0.9448755,0.54673946,0.498757,0.3736668,0.059522983,0.016883425,0.034351774,0.05489097,-0.0060674064,-0.001170814,-0.0053182915,-0.0058283135,-0.0055802492,0.26301104,-0.00090548024,0.6223574,0.0450572,0.01094085,-0.0052480046,0.6274549,-0.0076555014,0.22845064,0.028168648,-0.0015041828,0.0277413,0.04470159,0.9991002,0.26998943,0.0005554259,0.49715,0.90045667,0.16604967,1.005817,0.116314374,0.17835343,0.30134797,0.2046557,0.55231917,0.33493,0.7518381,0.43474334,0.8691424,0.8117579,0.54752624,0.058626257,-0.010162167,1.0258225,0.048163906,1.0120667,0.057022363,0.027594201,0.06298223,0.20023522,0.009110851,0.028549016,-0.005741205,-0.0008948222,0.00468985,-0.00013337284,0.010884931,0.0016840398,-0.009697989,0.047485784,0.041531615,0.026962958,-0.0024144053,-0.004092023,-0.0009375438,-0.008016643,-0.00598343,-0.014781952,-0.005878195,0.022777706,-0.014331207,0.03704662,0.0062169265,-0.003657475,0.02338092,0.05339316,0.04556579,-0.0051667243,0.024920426,-0.00426805,-0.006781161,0.022862338,-0.0033539794,0.037849545,0.038481377,0.01818645,-0.014779195,-0.011436939,0.033231303,-0.0047078207,0.035841305,0.023024831,-0.009241097,0.029670388,0.02814211,-0.0031462833,0.02934473,-0.013152033,-0.005010329,0.02827932,0.041948367,0.02036272,0.03651187,-0.007766135,0.0254976,0.037888095,-0.0009421557,0.0019831052,0.036650747,0.023874722,-0.00031708926,0.3613984,-0.010690078,0.5368045,-0.0053643826,0.4601372,-0.001963891,0.060048945,-0.0055643097,-0.0029589608,0.039183453,-0.009575114,-0.0127407685,-0.012953799,-0.009297438,0.023291364,-0.010544956,0.015728906,0.029093206,0.02883311,0.022190213
0.27497965,0.03725992,0.0046262145,0.0018326938,0.0010900497,0.004904628,-0.0010815263,0.025077365,-0.0042445064,0.013400346,-0.0042878613,-0.0061860085,0.998492,0.42937046,0.004535258,0.08507559,0.5165328,0.94365126,0.0121122,0.08014642,0.8700698,0.9657481,0.72416186,0.98213744,0.032528013,0.79269254,0.034459084,-0.0017580017,0.01171574,-0.005713314,-0.0025558472,-0.007964045,0.9146644,0.5427567,0.46900338,0.53383183,0.0727343,0.08391136,0.011928707,0.032269225,0.016154021,0.00022146851,0.0034944117,0.004230052,0.03595066,0.24277866,0.037444234,0.6020529,0.042531,0.05160868,0.035805583,0.59297144,0.024027914,0.20235637,0.018590212,0.021627724,0.027748019,0.010519922,0.9618212,0.2429673,0.066352785,0.4663224,0.8907167,0.13339242,0.96966463,0.09792656,0.16935766,0.32638097,0.2730238,0.6314454,0.31604046,0.7823852,0.40581322,0.8223585,0.77196944,0.5097575,0.035291642,0.037409782,0.988978,0.052729428,0.9801003,0.026195526,0.0024670064,0.023714736,0.18500207,-0.0026697516,0.011749595,-0.005989477,0.02726233,-0.0009495765,0.029011399,0.024398744,0.03717062,0.011869773,1.0005503,0.96216327,0.6049172,0.010135382,0.03373471,0.02434443,0.034806073,-0.00040794536,0.027816933,0.012242749,0.03651759,0.9717928,0.4100599,-0.0048007667,0.9982079,0.9948906,0.19523951,0.016631544,0.014091898,0.02238983,0.13687399,0.9997426,0.2170109,0.9452326,0.07624775,0.8680701,0.0014516711,0.8408756,0.014758386,0.7183374,0.0072153155,0.099522054,0.32935995,0.88461995,0.3764827,0.94427824,0.8218217,0.9639394,0.2216933,0.93011713,0.0056930184,-0.0017843843,0.03428135,0.023099301,0.018326953,0.020008119,0.7690333,0.8687306,0.47450086,0.7450926,0.013710082,0.0961469,0.45089078,0.9447714,0.517767,0.5562358,0.4242964,0.25817513,0.14708029,0.9154242,0.9966296,1.00584,0.9785309,0.8606262,0.7013057,0.7137304,0.9903885,0.97911143,0.99498266,0.9985909,0.9987509,0.99988973
0.2759425,0.046990514,0.0052515343,0.021255698,0.0032021254,0.029933363,0.022469789,0.027305951,-0.0039385706,0.045542352,0.01567103,0.007724181,1.0058107,0.016607808,0.00016197562,0.016398333,0.509629,0.94999385,0.02502078,0.06435246,0.86057365,0.97150105,0.7254486,0.97900665,0.034830898,0.98386633,0.039668337,0.016958907,0.0043350756,0.010921281,0.010691166,0.0029046535,0.903039,0.017361203,0.06794537,0.065442294,0.063406155,0.08259247,0.019637048,0.038439367,0.004737735,0.022900146,0.006797649,0.0069769975,0.026130263,0.019248724,0.01840067,0.04013606,0.029196609,0.035118677,0.010262981,0.052973647,0.012736484,0.051700667,0.012624539,0.019541774,0.003039673,0.017478451,0.9589803,0.05233269,0.023432108,0.092523575,0.93818086,0.041215964,0.99087286,0.01928371,0.54367304,0.036646694,0.04214263,0.057610363,0.062485754,0.06653379,0.4030425,0.7286866,0.76988935,0.008493789,0.04199712,0.046737373,0.989571,0.01695799,0.97271305,0.002243923,0.003213346,0.0038289167,0.19588947,0.019991867,0.004193887,0.007186733,0.005537495,0.012015041,0.009902954,0.010839453,0.0062655695,0.007916407,0.99139917,0.16795987,0.22613347,0.012601137,0.006023109,0.016494185,0.009035658,0.0073554367,0.017781865,0.0012460351,0.0322011,0.12966448,0.012542671,0.010338664,0.99253756,0.71655047,0.036589377,0.02168107,0.005808126,0.005254673,0.020441353,0.980247,0.2160922,0.94367707,0.077896655,0.8685406,0.01541304,0.8518517,0.011541444,0.70426595,0.018342914,0.105311036,0.32804245,0.881724,0.3881131,0.9424439,0.8244825,0.9508743,0.2197783,0.9307571,0.009318814,0.02170983,0.8885752,0.035939515,0.03853709,0.031215832,0.85152286,0.5910289,0.62343454,0.7425109,0.018457146,0.042432472,0.44435042,0.93698865,0.8146876,0.8643,0.1304144,0.59247,0.1556235,0.91057765,1.0006673,0.9913175,0.97158504,0.8776544,0.6881012,0.72406673,0.98565376,0.9796946,0.99922454,0.99344635,1.0011866,1.0037751
0.7472198,0.023521751,0.653711,0.019023359,0.108552545,0.020008475,0.010615006,0.13333109,0.008231655,0.013306007,0.008331716,0.011823222,0.98574185,0.5814836,0.07530294,0.38117588,0.992884,0.9910946,0.12804723,0.07161316,0.9591242,0.95990753,0.9863228,0.9909122,0.9902731,0.76217127,0.97862244,0.0074262023,0.9879116,0.0123176575,0.008429199,0.011034787,0.9795717,0.8845464,0.46627387,0.34824774,0.047133893,0.07343957,0.011139438,0.029081382,0.012194831,0.015822977,0.014826003,0.008914828,0.027886152,0.34706998,0.03030163,0.6185271,0.037621126,0.037497178,0.024911016,0.53020895,0.0129070245,0.026055723,0.010774404,0.016177386,0.010916263,0.021801725,0.96333134,0.05267039,0.070827454,0.08117622,0.9156275,0.040061355,0.98332304,0.022556603,0.159722,0.05395162,0.22985692,0.5549836,0.41867536,0.6265609,0.7416543,0.9717149,0.9843403,0.9064857,0.9157157,0.27965966,0.9756402,0.13797581,0.962338,0.042525202,0.011213005,0.038409792,0.17272437,0.013489008,0.009841189,0.014669314,0.010870993,0.011236094,0.010969013,0.014906049,0.010954894,0.009423904,0.99043876,0.16890052,0.2184622,0.008819684,0.011261836,0.014444977,0.010967702,0.0074965805,0.010855943,0.00776577,0.9921111,0.9758066,0.8777701,0.009941757,0.9923514,0.7115953,0.012267888,0.008346111,0.008476675,0.004622154,0.9563645,0.99199486,0.9320487,0.98008835,0.27256343,0.930176,0.9086055,0.9823957,0.43182272,0.89191854,0.012287453,0.11166662,0.95004785,0.97974586,0.9928861,0.992538,0.9813563,0.98969185,0.90545577,0.9870445,0.010961704,0.014398903,0.038280297,0.021542445,0.013881862,0.023136519,0.76318854,0.59149957,0.6281712,0.74207896,0.011440903,0.036876336,0.98486054,0.99081874,0.50000596,0.551284,0.7615657,0.25115392,0.9912358,0.99261284,0.99290806,0.9928458,0.99289596,0.9919959,0.9928264,0.9872563,0.99290633,0.9928325,0.9927676,0.9928534,0.99277437,0.9927567
0.27497965,0.03725992,0.0046262145,0.0018326938,0.0010900497,0.004904628,-0.0010815263,0.025077365,-0.0042445064,0.013400346,-0.0042878613,-0.0061860085,0.998492,0.42937046,0.004535258,0.08507559,0.5165328,0.94365126,0.0121122,0.08014642,0.8700698,0.9657481,0.72416186,0.98213744,0.032528013,0.79269254,0.034459084,-0.0017580017,0.01171574,-0.005713314,-0.0025558472,-0.007964045,0.9146644,0.5427567,0.46900338,0.53383183,0.0727343,0.08391136,0.011928707,0.032269225,0.016154021,0.00022146851,0.0034944117,0.004230052,0.03595066,0.24277866,0.037444234,0.6020529,0.042531,0.05160868,0.035805583,0.59297144,0.024027914,0.20235637,0.018590212,0.021627724,0.027748019,0.010519922,0.9618212,0.2429673,0.066352785,0.4663224,0.8907167,0.13339242,0.96966463,0.09792656,0.16935766,0.32638097,0.2730238,0.6314454,0.31604046,0.7823852,0.40581322,0.8223585,0.77196944,0.5097575,0.035291642,0.037409782,0.988978,0.052729428,0.9801003,0.026195526,0.0024670064,0.023714736,0.18500207,-0.0026697516,0.011749595,-0.005989477,0.02726233,-0.0009495765,0.029011399,0.024398744,0.03717062,0.011869773,1.0005503,0.96216327,0.6049172,0.010135382,0.03373471,0.02434443,0.034806073,-0.00040794536,0.027816933,0.012242749,0.03651759,0.9717928,0.4100599,-0.0048007667,0.9982079,0.9948906,0.19523951,0.016631544,0.014091898,0.02238983,0.13687399,0.9997426,0.2170109,0.9452326,0.07624775,0.8680701,0.0014516711,0.8408756,0.014758386,0.7183374,0.0072153155,0.099522054,0.32935995,0.88461995,0.3764827,0.94427824,0.8218217,0.9639394,0.2216933,0.93011713,0.0056930184,-0.0017843843,0.03428135,0.023099301,0.018326953,0.020008119,0.7690333,0.8687306,0.47450086,0.7450926,0.013710082,0.0961469,0.45089078,0.9447714,0.517767,0.5562358,0.4242964,0.25817513,0.14708029,0.9154242,0.9966296,1.00584,0.9785309,0.8606262,0.7013057,0.7137304,0.9903885,0.97911143,0.99498266,0.9985909,0.9987509,0.99988973
0.0069414526,0.067150414,0.004829228,0.044751108,0.0053305775,0.040626645,0.019774212,0.060852885,0.012866139,0.05454451,0.010759108,0.008844271,0.011888027,0.4326784,0.0063605905,0.076096535,0.012749046,0.01851201,0.0059186816,0.03204243,0.016830027,0.01721993,0.0136117935,0.012306601,0.0089662075,0.018009856,0.014341831,0.007956207,0.011798322,0.010800645,7.56979e-06,0.01407814,0.013621215,0.5559082,0.47053853,0.51219404,0.031145185,0.03800136,0.010736883,0.030160466,0.01365608,0.0091829,0.014360249,0.009224422,0.026857808,0.2426577,0.028907359,0.5915742,0.015812352,0.037995815,0.044578433,0.6009145,0.005636327,0.20387518,0.008123159,0.02723191,0.0055448413,0.019017443,0.03057471,0.25132585,0.031676024,0.4766295,0.007740736,0.1874225,0.0010752827,0.0970596,0.0067353845,0.27711773,0.26003656,0.6205434,0.31454688,0.7785195,0.05899492,0.8312712,0.012828879,0.52053154,0.021844417,0.013171062,0.004945636,0.06533919,0.009417534,0.04241705,0.010469213,0.043347597,0.0081138015,0.024969094,0.010157049,0.011484166,0.0087810755,0.01469253,0.004176706,0.0031371713,0.008449599,0.006657034,0.021042645,0.0018357635,0.039745122,0.013141811,0.0048865676,0.009213358,0.008085042,0.00619787,0.007559404,0.0063150227,0.0080833435,0.0009251237,0.004632622,0.008108765,0.0012511313,0.010932013,0.031197935,0.020396978,0.010102414,0.009323776,0.0034319758,0.005787041,0.01620628,0.016341893,0.019980416,0.025229752,0.013386428,0.0118652135,0.014216334,0.025802568,0.027097523,0.022215903,0.008965433,0.012396008,0.018443286,0.013704449,0.015835501,0.010453522,0.012298793,0.017230332,0.0052290857,0.020975411,0.0011763461,0.015639454,0.0063076615,0.005981028,0.018192708,0.010462254,0.021578118,0.021775097,0.015830353,0.010523796,0.011026442,0.015376568,0.01142703,0.011995256,0.42784655,0.020587385,0.009426445,0.0066633224,0.012198448,0.012376219,0.011425436,0.012829006,0.009100735,0.012012169,0.011500776,0.011573464,0.00029107928,0.0010797381,0.0022672415,-0.0009768903
0.30093092,0.07135026,0.03593099,0.029728401,0.026947644,0.010411382,0.024762578,0.02611912,-0.0020934828,0.01409805,-0.004751891,0.0043758946,1.0310585,0.4596605,-0.0025769398,0.052860714,0.021412715,-0.0039758086,0.0028375182,0.06204932,0.9046524,0.627114,0.5788552,0.5680771,0.043629006,0.07335333,0.011882521,0.022816509,-0.004953064,-0.0056988597,0.026523516,-0.014440924,0.9448755,0.5467395,0.498757,0.37366685,0.059522968,0.016883425,0.034351774,0.05489093,-0.006067368,-0.0011707991,-0.005318254,-0.005828321,-0.0055802143,0.263011,-0.00090542994,0.6223574,0.045057215,0.010940909,-0.0052479445,0.6274549,-0.007655464,0.22845066,0.028168619,-0.0015041754,0.027741289,0.04470158,0.9991003,0.26998955,0.0005554408,0.49715,0.9004566,0.16604961,1.0058169,0.11631434,0.1783534,0.30134794,0.20465572,0.5523193,0.33493,0.7518382,0.43474334,0.8691424,0.81175804,0.54752624,0.058626182,-0.010162137,1.0258226,0.048163965,1.0120666,0.05702234,0.027594168,0.06298228,0.20023519,0.009110875,0.02854899,-0.0057412107,-0.0008947402,0.0046899244,-0.00013339892,0.010884959,0.0016840845,-0.009697944,0.04748576,0.041531622,0.026963055,-0.0024143308,-0.004092008,-0.0009375438,-0.008016647,-0.005983432,-0.014781989,-0.005878143,0.022777632,-0.014331132,0.037046622,0.0062169153,-0.003657408,0.023380876,0.053393185,0.045565777,-0.0051667243,0.024920419,-0.0042679757,-0.006781116,0.022862274,-0.003353957,0.037849527,0.038481355,0.01818642,-0.014779154,-0.011436962,0.033231296,-0.0047078356,0.035841294,0.023024801,-0.009241067,0.029670395,0.028142076,-0.0031462982,0.029344741,-0.013152003,-0.005010262,0.028279357,0.041948337,0.02036263,0.036511853,-0.0077661425,0.025497526,0.037888095,-0.00094205886,0.001983134,0.036650687,0.023874663,-0.00031702965,0.3613984,-0.010690123,0.5368044,-0.005364349,0.46013713,-0.001963891,0.060048893,-0.0055642873,-0.0029589161,0.039183505,-0.009575084,-0.0127407685,-0.012953788,-0.009297468,0.02329132,-0.010544956,0.015728906,0.02909322,0.028833088,0.022190183
0.27594247,0.046990555,0.00525143,0.021255821,0.0032022297,0.029933602,0.022469863,0.027306015,-0.0039383024,0.045542385,0.01567097,0.0077242404,1.0058107,0.016607832,0.00016202033,0.016398244,0.509629,0.9499939,0.025020791,0.06435249,0.86057365,0.97150105,0.72544855,0.97900665,0.03483088,0.98386645,0.03966838,0.016958848,0.004335135,0.010921344,0.010691062,0.0029046386,0.903039,0.017361151,0.06794536,0.065442294,0.06340614,0.08259249,0.019637167,0.03843933,0.0047376826,0.022900138,0.0067976713,0.0069769337,0.026130192,0.019248739,0.018400773,0.04013603,0.029196678,0.035118647,0.010263011,0.05297367,0.01273644,0.051700667,0.0126246065,0.019541811,0.0030397102,0.017478392,0.9589803,0.052332744,0.023432104,0.092523515,0.9381808,0.041215926,0.9908729,0.019283695,0.54367316,0.036646746,0.04214257,0.057610422,0.062485725,0.06653379,0.4030425,0.72868675,0.76988935,0.008493699,0.04199715,0.046737395,0.9895712,0.016957976,0.97271323,0.0022438858,0.003213212,0.0038289353,0.19588955,0.019991793,0.004193846,0.007186711,0.0055374056,0.01201505,0.009902902,0.0108395405,0.0062655397,0.007916311,0.99139905,0.16795985,0.2261334,0.01260096,0.0060230643,0.01649405,0.0090357065,0.0073554665,0.017781835,0.0012459885,0.032201122,0.12966451,0.012542821,0.010338739,0.99253756,0.71655035,0.036589444,0.021681095,0.005808089,0.0052546803,0.020441405,0.980247,0.21609218,0.94367695,0.077896565,0.8685405,0.015412945,0.8518518,0.011541498,0.7042661,0.018342894,0.10531102,0.3280425,0.88172394,0.38811326,0.9424439,0.82448256,0.95087427,0.21977827,0.93075705,0.009318773,0.02170983,0.8885754,0.03593959,0.038537066,0.031215817,0.8515229,0.5910289,0.6234346,0.74251086,0.018457077,0.042432535,0.4443504,0.9369887,0.8146876,0.8643,0.13041438,0.59247005,0.15562353,0.91057765,1.0006671,0.9913176,0.97158504,0.8776545,0.6881012,0.72406685,0.98565376,0.9796946,0.9992245,0.99344647,1.0011867,1.0037751
0.7472198,0.023521751,0.653711,0.019023359,0.108552545,0.020008475,0.010615006,0.13333109,0.008231655,0.013306007,0.008331716,0.011823222,0.98574185,0.5814836,0.07530294,0.38117588,0.992884,0.9910946,0.12804723,0.07161316,0.9591242,0.95990753,0.9863228,0.9909122,0.9902731,0.76217127,0.97862244,0.0074262023,0.9879116,0.0123176575,0.008429199,0.011034787,0.9795717,0.8845464,0.46627387,0.34824774,0.047133893,0.07343957,0.011139438,0.029081382,0.012194831,0.015822977,0.014826003,0.008914828,0.027886152,0.34706998,0.03030163,0.6185271,0.037621126,0.037497178,0.024911016,0.53020895,0.0129070245,0.026055723,0.010774404,0.016177386,0.010916263,0.021801725,0.96333134,0.05267039,0.070827454,0.08117622,0.9156275,0.040061355,0.98332304,0.022556603,0.159722,0.05395162,0.22985692,0.5549836,0.41867536,0.6265609,0.7416543,0.9717149,0.9843403,0.9064857,0.9157157,0.27965966,0.9756402,0.13797581,0.962338,0.042525202,0.011213005,0.038409792,0.17272437,0.013489008,0.009841189,0.014669314,0.010870993,0.011236094,0.010969013,0.014906049,0.010954894,0.009423904,0.99043876,0.16890052,0.2184622,0.008819684,0.011261836,0.014444977,0.010967702,0.0074965805,0.010855943,0.00776577,0.9921111,0.9758066,0.8777701,0.009941757,0.9923514,0.7115953,0.012267888,0.008346111,0.008476675,0.004622154,0.9563645,0.99199486,0.9320487,0.98008835,0.27256343,0.930176,0.9086055,0.9823957,0.43182272,0.89191854,0.012287453,0.11166662,0.95004785,0.97974586,0.9928861,0.992538,0.9813563,0.98969185,0.90545577,0.9870445,0.010961704,0.014398903,0.038280297,0.021542445,0.013881862,0.023136519,0.76318854,0.59149957,0.6281712,0.74207896,0.011440903,0.036876336,0.98486054,0.99081874,0.50000596,0.551284,0.7615657,0.25115392,0.9912358,0.99261284,0.99290806,0.9928458,0.99289596,0.9919959,0.9928264,0.9872563,0.99290633,0.9928325,0.9927676,0.9928534,0.99277437,0.9927567
0.0069414526,0.067150414,0.004829228,0.044751108,0.0053305775,0.040626645,0.019774212,0.060852885,0.012866139,0.05454451,0.010759108,0.008844271,0.011888027,0.4326784,0.0063605905,0.076096535,0.012749046,0.01851201,0.0059186816,0.03204243,0.016830027,0.01721993,0.0136117935,0.012306601,0.0089662075,0.018009856,0.014341831,0.007956207,0.011798322,0.010800645,7.56979e-06,0.01407814,0.013621215,0.5559082,0.47053853,0.51219404,0.031145185,0.03800136,0.010736883,0.030160466,0.01365608,0.0091829,0.014360249,0.009224422,0.026857808,0.2426577,0.028907359,0.5915742,0.015812352,0.037995815,0.044578433,0.6009145,0.005636327,0.20387518,0.008123159,0.02723191,0.0055448413,0.019017443,0.03057471,0.25132585,0.031676024,0.4766295,0.007740736,0.1874225,0.0010752827,0.0970596,0.0067353845,0.27711773,0.26003656,0.6205434,0.31454688,0.7785195,0.05899492,0.8312712,0.012828879,0.52053154,0.021844417,0.013171062,0.004945636,0.06533919,0.009417534,0.04241705,0.010469213,0.043347597,0.0081138015,0.024969094,0.010157049,0.011484166,0.0087810755,0.01469253,0.004176706,0.0031371713,0.008449599,0.006657034,0.021042645,0.0018357635,0.039745122,0.013141811,0.0048865676,0.009213358,0.008085042,0.00619787,0.007559404,0.0063150227,0.0080833435,0.0009251237,0.004632622,0.008108765,0.0012511313,0.010932013,0.031197935,0.020396978,0.010102414,0.009323776,0.0034319758,0.005787041,0.01620628,0.016341893,0.019980416,0.025229752,0.013386428,0.0118652135,0.014216334,0.025802568,0.027097523,0.022215903,0.008965433,0.012396008,0.018443286,0.013704449,0.015835501,0.010453522,0.012298793,0.017230332,0.0052290857,0.020975411,0.0011763461,0.015639454,0.0063076615,0.005981028,0.018192708,0.010462254,0.021578118,0.021775097,0.015830353,0.010523796,0.011026442,0.015376568,0.01142703,0.011995256,0.42784655,0.020587385,0.009426445,0.0066633224,0.012198448,0.012376219,0.011425436,0.012829006,0.009100735,0.012012169,0.011500776,0.011573464,0.00029107928,0.0010797381,0.0022672415,-0.0009768903
0.2759425,0.046990495,0.0052514747,0.021255907,0.003202185,0.029933423,0.022469759,0.027306056,-0.003938481,0.04554241,0.01567094,0.007724181,1.0058109,0.01660781,0.00016200542,0.01639828,0.5096291,0.9499939,0.025020747,0.06435236,0.86057353,0.971501,0.7254486,0.97900677,0.03483093,0.9838664,0.0396685,0.016958885,0.004335016,0.010921184,0.010691121,0.0029047132,0.90303886,0.017361263,0.06794531,0.06544217,0.063406155,0.08259249,0.019637033,0.038439356,0.0047377646,0.0229001,0.0067977086,0.0069769775,0.026130155,0.01924871,0.01840067,0.040135995,0.029196614,0.03511866,0.010262981,0.05297367,0.012736514,0.051700637,0.012624495,0.019541696,0.0030397028,0.017478392,0.95898044,0.0523327,0.023432123,0.092523575,0.9381809,0.04121583,0.990873,0.019283755,0.54367316,0.03664657,0.04214257,0.057610303,0.062485784,0.06653377,0.40304255,0.72868663,0.76988935,0.008493789,0.04199718,0.04673735,0.9895713,0.016957961,0.972713,0.0022438914,0.0032132715,0.0038289428,0.19588949,0.019991845,0.004193928,0.007186666,0.005537465,0.012015011,0.009902865,0.010839533,0.006265562,0.007916376,0.9913992,0.16795985,0.22613336,0.012601055,0.006023124,0.01649408,0.009035606,0.007355407,0.01778182,0.001246037,0.032201122,0.1296645,0.012542713,0.010338694,0.99253774,0.7165505,0.03658939,0.021681035,0.0058080703,0.0052546356,0.020441309,0.980247,0.21609215,0.94367707,0.07789663,0.8685406,0.01541293,0.8518518,0.011541422,0.704266,0.018342905,0.10531101,0.3280425,0.881724,0.38811323,0.94244397,0.8244824,0.9508743,0.21977817,0.93075716,0.009318754,0.021709785,0.8885753,0.035939574,0.03853693,0.031215906,0.8515229,0.59102905,0.62343454,0.74251103,0.018457133,0.042432442,0.44435042,0.9369888,0.81468755,0.8642999,0.13041422,0.59247017,0.15562344,0.9105777,1.0006673,0.9913176,0.97158515,0.8776543,0.6881013,0.72406685,0.98565376,0.97969466,0.99922454,0.99344647,1.0011866,1.0037751
0.3009309,0.0713502,0.035930954,0.029728364,0.026947588,0.010411426,0.024762534,0.026119165,-0.0020934232,0.014098104,-0.0047518834,0.0043758936,1.0310587,0.45966047,-0.0025768876,0.052860737,0.02141267,-0.003975749,0.0028375573,0.062049303,0.9046524,0.62711394,0.5788552,0.5680771,0.043628946,0.07335329,0.0118826255,0.022816435,-0.0049530193,-0.0056988373,0.026523475,-0.014440864,0.94487536,0.54673946,0.49875683,0.3736668,0.05952291,0.0168835,0.034351725,0.05489087,-0.006067368,-0.0011707023,-0.0053181984,-0.005828254,-0.0055801654,0.263011,-0.0009053964,0.6223575,0.045057118,0.010940947,-0.00524792,0.6274549,-0.007655449,0.22845057,0.02816856,-0.0015041232,0.027741244,0.044701565,0.9991003,0.2699895,0.0005554855,0.49714988,0.9004566,0.16604954,1.0058169,0.11631434,0.17835335,0.3013479,0.20465565,0.5523192,0.33492997,0.751838,0.4347433,0.8691424,0.8117579,0.5475262,0.058626115,-0.010162078,1.0258225,0.04816392,1.0120667,0.05702228,0.02759412,0.06298219,0.20023514,0.009110916,0.028548948,-0.0057411715,-0.0008948073,0.0046899617,-0.00013335794,0.010885034,0.0016840696,-0.009697922,0.04748573,0.04153156,0.0269631,-0.0024142861,-0.0040919483,-0.000937514,-0.008016564,-0.005983347,-0.014781922,-0.005878091,0.022777654,-0.0143310875,0.037046593,0.0062169377,-0.0036573485,0.023380838,0.053393144,0.045565773,-0.00516665,0.024920426,-0.004267931,-0.0067810565,0.02286224,-0.0033538938,0.03784947,0.038481288,0.01818639,-0.014779083,-0.011436939,0.033231303,-0.0047077984,0.035841335,0.023024756,-0.0092410445,0.029670343,0.028142003,-0.003146261,0.029344706,-0.013151936,-0.0050103143,0.028279282,0.041948285,0.020362586,0.03651184,-0.0077660754,0.025497489,0.037888013,-0.00094204396,0.0019831602,0.036650673,0.02387461,-0.00031699985,0.3613985,-0.010690041,0.5368043,-0.005364323,0.46013707,-0.0019638017,0.06004884,-0.0055642426,-0.0029588938,0.039183415,-0.009575076,-0.012740687,-0.012953762,-0.009297453,0.02329129,-0.010544941,0.015728846,0.029093176,0.028833054,0.022190154
0.7472198,0.023521751,0.653711,0.019023359,0.108552545,0.020008475,0.010615006,0.13333109,0.008231655,0.013306007,0.008331716,0.011823222,0.98574185,0.5814836,0.07530294,0.38117588,0.992884,0.9910946,0.12804723,0.07161316,0.9591242,0.95990753,0.9863228,0.9909122,0.9902731,0.76217127,0.97862244,0.0074262023,0.9879116,0.0123176575,0.008429199,0.011034787,0.9795717,0.8845464,0.46627387,0.34824774,0.047133893,0.07343957,0.011139438,0.029081382,0.012194831,0.015822977,0.014826003,0.008914828,0.027886152,0.34706998,0.03030163,0.6185271,0.037621126,0.037497178,0.024911016,0.53020895,0.0129070245,0.026055723,0.010774404,0.016177386,0.010916263,0.021801725,0.96333134,0.05267039,0.070827454,0.08117622,0.9156275,0.040061355,0.98332304,0.022556603,0.159722,0.05395162,0.22985692,0.5549836,0.41867536,0.6265609,0.7416543,0.9717149,0.9843403,0.9064857,0.9157157,0.27965966,0.9756402,0.13797581,0.962338,0.042525202,0.011213005,0.038409792,0.17272437,0.013489008,0.009841189,0.014669314,0.010870993,0.011236094,0.010969013,0.014906049,0.010954894,0.009423904,0.99043876,0.16890052,0.2184622,0.008819684,0.011261836,0.014444977,0.010967702,0.0074965805,0.010855943,0.00776577,0.9921111,0.9758066,0.8777701,0.009941757,0.9923514,0.7115953,0.012267888,0.008346111,0.008476675,0.004622154,0.9563645,0.99199486,0.9320487,0.98008835,0.27256343,0.930176,0.9086055,0.9823957,0.43182272,0.89191854,0.012287453,0.11166662,0.95004785,0.97974586,0.9928861,0.992538,0.9813563,0.98969185,0.90545577,0.9870445,0.010961704,0.014398903,0.038280297,0.021542445,0.013881862,0.023136519,0.76318854,0.59149957,0.6281712,0.74207896,0.011440903,0.036876336,0.98486054,0.99081874,0.50000596,0.551284,0.7615657,0.25115392,0.9912358,0.99261284,0.99290806,0.9928458,0.99289596,0.9919959,0.9928264,0.9872563,0.99290633,0.9928325,0.9927676,0.9928534,0.99277437,0.9927567
0.27497965,0.03725992,0.0046262145,0.0018326938,0.0010900497,0.004904628,-0.0010815263,0.025077365,-0.0042445064,0.013400346,-0.0042878613,-0.0061860085,0.998492,0.42937046,0.004535258,0.08507559,0.5165328,0.94365126,0.0121122,0.08014642,0.8700698,0.9657481,0.72416186,0.98213744,0.032528013,0.79269254,0.034459084,-0.0017580017,0.01171574,-0.005713314,-0.0025558472,-0.007964045,0.9146644,0.5427567,0.46900338,0.53383183,0.0727343,0.08391136,0.011928707,0.032269225,0.016154021,0.00022146851,0.0034944117,0.004230052,0.03595066,0.24277866,0.037444234,0.6020529,0.042531,0.05160868,0.035805583,0.59297144,0.024027914,0.20235637,0.018590212,0.021627724,0.027748019,0.010519922,0.9618212,0.2429673,0.066352785,0.4663224,0.8907167,0.13339242,0.96966463,0.09792656,0.16935766,0.32638097,0.2730238,0.6314454,0.31604046,0.7823852,0.40581322,0.8223585,0.77196944,0.5097575,0.035291642,0.037409782,0.988978,0.052729428,0.9801003,0.026195526,0.0024670064,0.023714736,0.18500207,-0.0026697516,0.011749595,-0.005989477,0.02726233,-0.0009495765,0.029011399,0.024398744,0.03717062,0.011869773,1.0005503,0.96216327,0.6049172,0.010135382,0.03373471,0.02434443,0.034806073,-0.00040794536,0.027816933,0.012242749,0.03651759,0.9717928,0.4100599,-0.0048007667,0.9982079,0.9948906,0.19523951,0.016631544,0.014091898,0.02238983,0.13687399,0.9997426,0.2170109,0.9452326,0.07624775,0.8680701,0.0014516711,0.8408756,0.014758386,0.7183374,0.0072153155,0.099522054,0.32935995,0.88461995,0.3764827,0.94427824,0.8218217,0.9639394,0.2216933,0.93011713,0.0056930184,-0.0017843843,0.03428135,0.023099301,0.018326953,0.020008119,0.7690333,0.8687306,0.47450086,0.7450926,0.013710082,0.0961469,0.45089078,0.9447714,0.517767,0.5562358,0.4242964,0.25817513,0.14708029,0.9154242,0.9966296,1.00584,0.9785309,0.8606262,0.7013057,0.7137304,0.9903885,0.97911143,0.99498266,0.9985909,0.9987509,0.99988973
0.27497965,0.03725992,0.0046262145,0.0018326938,0.0010900497,0.004904628,-0.0010815263,0.025077365,-0.0042445064,0.013400346,-0.0042878613,-0.0061860085,0.998492,0.42937046,0.004535258,0.08507559,0.5165328,0.94365126,0.0121122,0.08014642,0.8700698,0.9657481,0.72416186,0.98213744,0.032528013,0.79269254,0.034459084,-0.0017580017,0.01171574,-0.005713314,-0.0025558472,-0.007964045,0.9146644,0.5427567,0.46900338,0.53383183,0.0727343,0.08391136,0.011928707,0.032269225,0.016154021,0.00022146851,0.0034944117,0.004230052,0.03595066,0.24277866,0.037444234,0.6020529,0.042531,0.05160868,0.035805583,0.59297144,0.024027914,0.20235637,0.018590212,0.021627724,0.027748019,0.010519922,0.9618212,0.2429673,0.066352785,0.4663224,0.8907167,0.13339242,0.96966463,0.09792656,0.16935766,0.32638097,0.2730238,0.6314454,0.31604046,0.7823852,0.40581322,0.8223585,0.77196944,0.5097575,0.035291642,0.037409782,0.988978,0.052729428,0.9801003,0.026195526,0.0024670064,0.023714736,0.18500207,-0.0026697516,0.011749595,-0.005989477,0.02726233,-0.0009495765,0.029011399,0.024398744,0.03717062,0.011869773,1.0005503,0.96216327,0.6049172,0.010135382,0.03373471,0.02434443,0.034806073,-0.00040794536,0.027816933,0.012242749,0.03651759,0.9717928,0.4100599,-0.0048007667,0.9982079,0.9948906,0.19523951,0.016631544,0.014091898,0.02238983,0.13687399,0.9997426,0.2170109,0.9452326,0.07624775,0.8680701,0.0014516711,0.8408756,0.014758386,0.7183374,0.0072153155,0.099522054,0.32935995,0.88461995,0.3764827,0.94427824,0.8218217,0.9639394,0.2216933,0.93011713,0.0056930184,-0.0017843843,0.03428135,0.023099301,0.018326953,0.020008119,0.7690333,0.8687306,0.47450086,0.7450926,0.013710082,0.0961469,0.45089078,0.9447714,0.517767,0.5562358,0.4242964,0.25817513,0.14708029,0.9154242,0.9966296,1.00584,0.9785309,0.8606262,0.7013057,0.7137304,0.9903885,0.97911143,0.99498266,0.9985909,0.9987509,0.99988973
0.2759425,0.046990514,0.0052515343,0.021255698,0.0032021254,0.029933363,0.022469789,0.027305951,-0.0039385706,0.045542352,0.01567103,0.007724181,1.0058107,0.016607808,0.00016197562,0.016398333,0.509629,0.94999385,0.02502078,0.06435246,0.86057365,0.97150105,0.7254486,0.97900665,0.034830898,0.98386633,0.039668337,0.016958907,0.0043350756,0.010921281,0.010691166,0.0029046535,0.903039,0.017361203,0.06794537,0.065442294,0.063406155,0.08259247,0.019637048,0.038439367,0.004737735,0.022900146,0.006797649,0.0069769975,0.026130263,0.019248724,0.01840067,0.04013606,0.029196609,0.035118677,0.010262981,0.052973647,0.012736484,0.051700667,0.012624539,0.019541774,0.003039673,0.017478451,0.9589803,0.05233269,0.023432108,0.092523575,0.93818086,0.041215964,0.99087286,0.01928371,0.54367304,0.036646694,0.04214263,0.057610363,0.062485754,0.06653379,0.4030425,0.7286866,0.76988935,0.008493789,0.04199712,0.046737373,0.989571,0.01695799,0.97271305,0.002243923,0.003213346,0.0038289167,0.19588947,0.019991867,0.004193887,0.007186733,0.005537495,0.012015041,0.009902954,0.010839453,0.0062655695,0.007916407,0.99139917,0.16795987,0.22613347,0.012601137,0.006023109,0.016494185,0.009035658,0.0073554367,0.017781865,0.0012460351,0.0322011,0.12966448,0.012542671,0.010338664,0.99253756,0.71655047,0.036589377,0.02168107,0.005808126,0.005254673,0.020441353,0.980247,0.2160922,0.94367707,0.077896655,0.8685406,0.01541304,0.8518517,0.011541444,0.70426595,0.018342914,0.105311036,0.32804245,0.881724,0.3881131,0.9424439,0.8244825,0.9508743,0.2197783,0.9307571,0.009318814,0.02170983,0.8885752,0.035939515,0.03853709,0.031215832,0.85152286,0.5910289,0.62343454,0.7425109,0.018457146,0.042432472,0.44435042,0.93698865,0.8146876,0.8643,0.1304144,0.59247,0.1556235,0.91057765,1.0006673,0.9913175,0.97158504,0.8776544,0.6881012,0.72406673,0.98565376,0.9796946,0.99922454,0.99344635,1.0011866,1.0037751
0.0069414526,0.067150414,0.004829228,0.044751108,0.0053305775,0.040626645,0.019774212,0.060852885,0.012866139,0.05454451,0.010759108,0.008844271,0.011888027,0.4326784,0.0063605905,0.076096535,0.012749046,0.01851201,0.0059186816,0.03204243,0.016830027,0.01721993,0.0136117935,0.012306601,0.0089662075,0.018009856,0.014341831,0.007956207,0.011798322,0.010800645,7.56979e-06,0.01407814,0.013621215,0.5559082,0.47053853,0.51219404,0.031145185,0.03800136,0.010736883,0.030160466,0.01365608,0.0091829,0.014360249,0.009224422,0.026857808,0.2426577,0.028907359,0.5915742,0.015812352,0.037995815,0.044578433,0.6009145,0.005636327,0.20387518,0.008123159,0.02723191,0.0055448413,0.019017443,0.03057471,0.25132585,0.031676024,0.4766295,0.007740736,0.1874225,0.0010752827,0.0970596,0.0067353845,0.27711773,0.26003656,0.6205434,0.31454688,0.7785195,0.05899492,0.8312712,0.012828879,0.52053154,0.021844417,0.013171062,0.004945636,0.06533919,0.009417534,0.04241705,0.010469213,0.043347597,0.0081138015,0.024969094,0.010157049,0.011484166,0.0087810755,0.01469253,0.004176706,0.0031371713,0.008449599,0.006657034,0.021042645,0.0018357635,0.039745122,0.013141811,0.0048865676,0.009213358,0.008085042,0.00619787,0.007559404,0.0063150227,0.0080833435,0.0009251237,0.004632622,0.008108765,0.0012511313,0.010932013,0.031197935,0.020396978,0.010102414,0.009323776,0.0034319758,0.005787041,0.01620628,0.016341893,0.019980416,0.025229752,0.013386428,0.0118652135,0.014216334,0.025802568,0.027097523,0.022215903,0.008965433,0.012396008,0.018443286,0.013704449,0.015835501,0.010453522,0.012298793,0.017230332,0.0052290857,0.020975411,0.0011763461,0.015639454,0.0063076615,0.005981028,0.018192708,0.010462254,0.021578118,0.021775097,0.015830353,0.010523796,0.011026442,0.015376568,0.01142703,0.011995256,0.42784655,0.020587385,0.009426445,0.0066633224,0.012198448,0.012376219,0.011425436,0.012829006,0.009100735,0.012012169,0.011500776,0.011573464,0.00029107928,0.0010797381,0.0022672415,-0.0009768903
0.300931,0.07135028,0.035931,0.029728495,0.026947632,0.010411322,0.024762575,0.026119083,-0.0020934716,0.014098059,-0.0047518983,0.004375905,1.0310585,0.45966053,-0.0025769696,0.052860655,0.02141273,-0.0039758533,0.002837507,0.06204935,0.9046524,0.62711394,0.5788553,0.5680771,0.043629035,0.07335335,0.011882521,0.022816598,-0.004953094,-0.005698867,0.026523542,-0.014440946,0.9448755,0.54673946,0.498757,0.3736668,0.059522983,0.016883425,0.034351774,0.05489097,-0.0060674064,-0.001170814,-0.0053182915,-0.0058283135,-0.0055802492,0.26301104,-0.00090548024,0.6223574,0.0450572,0.01094085,-0.0052480046,0.6274549,-0.0076555014,0.22845064,0.028168648,-0.0015041828,0.0277413,0.04470159,0.9991002,0.26998943,0.0005554259,0.49715,0.90045667,0.16604967,1.005817,0.116314374,0.17835343,0.30134797,0.2046557,0.55231917,0.33493,0.7518381,0.43474334,0.8691424,0.8117579,0.54752624,0.058626257,-0.010162167,1.0258225,0.048163906,1.0120667,0.057022363,0.027594201,0.06298223,0.20023522,0.009110851,0.028549016,-0.005741205,-0.0008948222,0.00468985,-0.00013337284,0.010884931,0.0016840398,-0.009697989,0.047485784,0.041531615,0.026962958,-0.0024144053,-0.004092023,-0.0009375438,-0.008016643,-0.00598343,-0.014781952,-0.005878195,0.022777706,-0.014331207,0.03704662,0.0062169265,-0.003657475,0.02338092,0.05339316,0.04556579,-0.0051667243,0.024920426,-0.00426805,-0.006781161,0.022862338,-0.0033539794,0.037849545,0.038481377,0.01818645,-0.014779195,-0.011436939,0.033231303,-0.0047078207,0.035841305,0.023024831,-0.009241097,0.029670388,0.02814211,-0.0031462833,0.02934473,-0.013152033,-0.005010329,0.02827932,0.041948367,0.02036272,0.03651187,-0.007766135,0.0254976,0.037888095,-0.0009421557,0.0019831052,0.036650747,0.023874722,-0.00031708926,0.3613984,-0.010690078,0.5368045,-0.0053643826,0.4601372,-0.001963891,0.060048945,-0.0055643097,-0.0029589608,0.039183453,-0.009575114,-0.0127407685,-0.012953799,-0.009297438,0.023291364,-0.010544956,0.015728906,0.029093206,0.02883311,0.022190213
0.7472198,0.023521751,0.653711,0.019023359,0.108552545,0.020008475,0.010615006,0.13333109,0.008231655,0.013306007,0.008331716,0.011823222,0.98574185,0.5814836,0.07530294,0.38117588,0.992884,0.9910946,0.12804723,0.07161316,0.9591242,0.95990753,0.9863228,0.9909122,0.9902731,0.76217127,0.97862244,0.0074262023,0.9879116,0.0123176575,0.008429199,0.011034787,0.9795717,0.8845464,0.46627387,0.34824774,0.047133893,0.07343957,0.011139438,0.029081382,0.012194831,0.015822977,0.014826003,0.008914828,0.027886152,0.34706998,0.03030163,0.6185271,0.037621126,0.037497178,0.024911016,0.53020895,0.0129070245,0.026055723,0.010774404,0.016177386,0.010916263,0.021801725,0.96333134,0.05267039,0.070827454,0.08117622,0.9156275,0.040061355,0.98332304,0.022556603,0.159722,0.05395162,0.22985692,0.5549836,0.41867536,0.6265609,0.7416543,0.9717149,0.9843403,0.9064857,0.9157157,0.27965966,0.9756402,0.13797581,0.962338,0.042525202,0.011213005,0.038409792,0.17272437,0.013489008,0.009841189,0.014669314,0.010870993,0.011236094,0.010969013,0.014906049,0.010954894,0.009423904,0.99043876,0.16890052,0.2184622,0.008819684,0.011261836,0.014444977,0.010967702,0.0074965805,0.010855943,0.00776577,0.9921111,0.9758066,0.8777701,0.009941757,0.9923514,0.7115953,0.012267888,0.008346111,0.008476675,0.004622154,0.9563645,0.99199486,0.9320487,0.98008835,0.27256343,0.930176,0.9086055,0.9823957,0.43182272,0.89191854,0.012287453,0.11166662,0.95004785,0.97974586,0.9928861,0.992538,0.9813563,0.98969185,0.90545577,0.9870445,0.010961704,0.014398903,0.038280297,0.021542445,0.013881862,0.023136519,0.76318854,0.59149957,0.6281712,0.74207896,0.011440903,0.036876336,0.98486054,0.99081874,0.50000596,0.551284,0.7615657,0.25115392,0.9912358,0.99261284,0.99290806,0.9928458,0.99289596,0.9919959,0.9928264,0.9872563,0.99290633,0.9928325,0.9927676,0.9928534,0.99277437,0.9927567
0.27497965,0.03725992,0.0046262145,0.0018326938,0.0010900497,0.004904628,-0.0010815263,0.025077365,-0.0042445064,0.013400346,-0.0042878613,-0.0061860085,0.998492,0.42937046,0.004535258,0.08507559,0.5165328,0.94365126,0.0121122,0.08014642,0.8700698,0.9657481,0.72416186,0.98213744,0.032528013,0.79269254,0.034459084,-0.0017580017,0.01171574,-0.005713314,-0.0025558472,-0.007964045,0.9146644,0.5427567,0.46900338,0.53383183,0.0727343,0.08391136,0.011928707,0.032269225,0.016154021,0.00022146851,0.0034944117,0.004230052,0.03595066,0.24277866,0.037444234,0.6020529,0.042531,0.05160868,0.035805583,0.59297144,0.024027914,0.20235637,0.018590212,0.021627724,0.027748019,0.010519922,0.9618212,0.2429673,0.066352785,0.4663224,0.8907167,0.13339242,0.96966463,0.09792656,0.16935766,0.32638097,0.2730238,0.6314454,0.31604046,0.7823852,0.40581322,0.8223585,0.77196944,0.5097575,0.035291642,0.037409782,0.988978,0.052729428,0.9801003,0.026195526,0.0024670064,0.023714736,0.18500207,-0.0026697516,0.011749595,-0.005989477,0.02726233,-0.0009495765,0.029011399,0.024398744,0.03717062,0.011869773,1.0005503,0.96216327,0.6049172,0.010135382,0.03373471,0.02434443,0.034806073,-0.00040794536,0.027816933,0.012242749,0.03651759,0.9717928,0.4100599,-0.0048007667,0.9982079,0.9948906,0.19523951,0.016631544,0.014091898,0.02238983,0.13687399,0.9997426,0.2170109,0.9452326,0.07624775,0.8680701,0.0014516711,0.8408756,0.014758386,0.7183374,0.0072153155,0.099522054,0.32935995,0.88461995,0.3764827,0.94427824,0.8218217,0.9639394,0.2216933,0.93011713,0.0056930184,-0.0017843843,0.03428135,0.023099301,0.018326953,0.020008119,0.7690333,0.8687306,0.47450086,0.7450926,0.013710082,0.0961469,0.45089078,0.9447714,0.517767,0.5562358,0.4242964,0.25817513,0.14708029,0.9154242,0.9966296,1.00584,0.9785309,0.8606262,0.7013057,0.7137304,0.9903885,0.97911143,0.99498266,0.9985909,0.9987509,0.99988973
0.7472198,0.023521751,0.653711,0.019023359,0.108552545,0.020008475,0.010615006,0.13333109,0.008231655,0.013306007,0.008331716,0.011823222,0.98574185,0.5814836,0.07530294,0.38117588,0.992884,0.9910946,0.12804723,0.07161316,0.9591242,0.95990753,0.9863228,0.9909122,0.9902731,0.76217127,0.97862244,0.0074262023,0.9879116,0.0123176575,0.008429199,0.011034787,0.9795717,0.8845464,0.46627387,0.34824774,0.047133893,0.07343957,0.011139438,0.029081382,0.012194831,0.015822977,0.014826003,0.008914828,0.027886152,0.34706998,0.03030163,0.6185271,0.037621126,0.037497178,0.024911016,0.53020895,0.0129070245,0.026055723,0.010774404,0.016177386,0.010916263,0.021801725,0.96333134,0.05267039,0.070827454,0.08117622,0.9156275,0.040061355,0.98332304,0.022556603,0.159722,0.05395162,0.22985692,0.5549836,0.41867536,0.6265609,0.7416543,0.9717149,0.9843403,0.9064857,0.9157157,0.27965966,0.9756402,0.13797581,0.962338,0.042525202,0.011213005,0.038409792,0.17272437,0.013489008,0.009841189,0.014669314,0.010870993,0.011236094,0.010969013,0.014906049,0.010954894,0.009423904,0.99043876,0.16890052,0.2184622,0.008819684,0.011261836,0.014444977,0.010967702,0.0074965805,0.010855943,0.00776577,0.9921111,0.9758066,0.8777701,0.009941757,0.9923514,0.7115953,0.012267888,0.008346111,0.008476675,0.004622154,0.9563645,0.99199486,0.9320487,0.98008835,0.27256343,0.930176,0.9086055,0.9823957,0.43182272,0.89191854,0.012287453,0.11166662,0.95004785,0.97974586,0.9928861,0.992538,0.9813563,0.98969185,0.90545577,0.9870445,0.010961704,0.014398903,0.038280297,0.021542445,0.013881862,0.023136519,0.76318854,0.59149957,0.6281712,0.74207896,0.011440903,0.036876336,0.98486054,0.99081874,0.50000596,0.551284,0.7615657,0.25115392,0.9912358,0.99261284,0.99290806,0.9928458,0.99289596,0.9919959,0.9928264,0.9872563,0.99290633,0.9928325,0.9927676,0.9928534,0.99277437,0.9927567
0.300931,0.07135028,0.035931,0.029728495,0.026947632,0.010411322,0.024762575,0.026119083,-0.0020934716,0.014098059,-0.0047518983,0.004375905,1.0310585,0.45966053,-0.0025769696,0.052860655,0.02141273,-0.0039758533,0.002837507,0.06204935,0.9046524,0.62711394,0.5788553,0.5680771,0.043629035,0.07335335,0.011882521,0.022816598,-0.004953094,-0.005698867,0.026523542,-0.014440946,0.9448755,0.54673946,0.498757,0.3736668,0.059522983,0.016883425,0.034351774,0.05489097,-0.0060674064,-0.001170814,-0.0053182915,-0.0058283135,-0.0055802492,0.26301104,-0.00090548024,0.6223574,0.0450572,0.01094085,-0.0052480046,0.6274549,-0.0076555014,0.22845064,0.028168648,-0.0015041828,0.0277413,0.04470159,0.9991002,0.26998943,0.0005554259,0.49715,0.90045667,0.16604967,1.005817,0.116314374,0.17835343,0.30134797,0.2046557,0.55231917,0.33493,0.7518381,0.43474334,0.8691424,0.8117579,0.54752624,0.058626257,-0.010162167,1.0258225,0.048163906,1.0120667,0.057022363,0.027594201,0.06298223,0.20023522,0.009110851,0.028549016,-0.005741205,-0.0008948222,0.00468985,-0.00013337284,0.010884931,0.0016840398,-0.009697989,0.047485784,0.041531615,0.026962958,-0.0024144053,-0.004092023,-0.0009375438,-0.008016643,-0.00598343,-0.014781952,-0.005878195,0.022777706,-0.014331207,0.03704662,0.0062169265,-0.003657475,0.02338092,0.05339316,0.04556579,-0.0051667243,0.024920426,-0.00426805,-0.006781161,0.022862338,-0.0033539794,0.037849545,0.038481377,0.01818645,-0.014779195,-0.011436939,0.033231303,-0.0047078207,0.035841305,0.023024831,-0.009241097,0.029670388,0.02814211,-0.0031462833,0.02934473,-0.013152033,-0.005010329,0.02827932,0.041948367,0.02036272,0.03651187,-0.007766135,0.0254976,0.037888095,-0.0009421557,0.0019831052,0.036650747,0.023874722,-0.00031708926,0.3613984,-0.010690078,0.5368045,-0.0053643826,0.4601372,-0.001963891,0.060048945,-0.0055643097,-0.0029589608,0.039183453,-0.009575114,-0.0127407685,-0.012953799,-0.009297438,0.023291364,-0.010544956,0.015728906,0.029093206,0.02883311,0.022190213
0.0069414526,0.067150414,0.004829228,0.044751108,0.0053305775,0.040626645,0.019774212,0.060852885,0.012866139,0.05454451,0.010759108,0.008844271,0.011888027,0.4326784,0.0063605905,0.076096535,0.012749046,0.01851201,0.0059186816,0.03204243,0.016830027,0.01721993,0.0136117935,0.012306601,0.0089662075,0.018009856,0.014341831,0.007956207,0.011798322,0.010800645,7.56979e-06,0.01407814,0.013621215,0.5559082,0.47053853,0.51219404,0.031145185,0.03800136,0.010736883,0.030160466,0.01365608,0.0091829,0.014360249,0.009224422,0.026857808,0.2426577,0.028907359,0.5915742,0.015812352,0.037995815,0.044578433,0.6009145,0.005636327,0.20387518,0.008123159,0.02723191,0.0055448413,0.019017443,0.03057471,0.25132585,0.031676024,0.4766295,0.007740736,0.1874225,0.0010752827,0.0970596,0.0067353845,0.27711773,0.26003656,0.6205434,0.31454688,0.7785195,0.05899492,0.8312712,0.012828879,0.52053154,0.021844417,0.013171062,0.004945636,0.06533919,0.009417534,0.04241705,0.010469213,0.043347597,0.0081138015,0.024969094,0.010157049,0.011484166,0.0087810755,0.01469253,0.004176706,0.0031371713,0.008449599,0.006657034,0.021042645,0.0018357635,0.039745122,0.013141811,0.0048865676,0.009213358,0.008085042,0.00619787,0.007559404,0.0063150227,0.0080833435,0.0009251237,0.004632622,0.008108765,0.0012511313,0.010932013,0.031197935,0.020396978,0.010102414,0.009323776,0.0034319758,0.005787041,0.01620628,0.016341893,0.019980416,0.025229752,0.013386428,0.0118652135,0.014216334,0.025802568,0.027097523,0.022215903,0.008965433,0.012396008,0.018443286,0.013704449,0.015835501,0.010453522,0.012298793,0.017230332,0.0052290857,0.020975411,0.0011763461,0.015639454,0.0063076615,0.005981028,0.018192708,0.010462254,0.021578118,0.021775097,0.015830353,0.010523796,0.011026442,0.015376568,0.01142703,0.011995256,0.42784655,0.020587385,0.009426445,0.0066633224,0.012198448,0.012376219,0.011425436,0.012829006,0.009100735,0.012012169,0.011500776,0.011573464,0.00029107928,0.0010797381,0.0022672415,-0.0009768903
0.2759425,0.046990514,0.0052515343,0.021255698,0.0032021254,0.029933363,0.022469789,0.027305951,-0.0039385706,0.045542352,0.01567103,0.007724181,1.0058107,0.016607808,0.00016197562,0.016398333,0.509629,0.94999385,0.02502078,0.06435246,0.86057365,0.97150105,0.7254486,0.97900665,0.034830898,0.98386633,0.039668337,0.016958907,0.0043350756,0.010921281,0.010691166,0.0029046535,0.903039,0.017361203,0.06794537,0.065442294,0.063406155,0.08259247,0.019637048,0.038439367,0.004737735,0.022900146,0.006797649,0.0069769975,0.026130263,0.019248724,0.01840067,0.04013606,0.029196609,0.035118677,0.010262981,0.052973647,0.012736484,0.051700667,0.012624539,0.019541774,0.003039673,0.017478451,0.9589803,0.05233269,0.023432108,0.092523575,0.93818086,0.041215964,0.99087286,0.01928371,0.54367304,0.036646694,0.04214263,0.057610363,0.062485754,0.06653379,0.4030425,0.7286866,0.76988935,0.008493789,0.04199712,0.046737373,0.989571,0.01695799,0.97271305,0.002243923,0.003213346,0.0038289167,0.19588947,0.019991867,0.004193887,0.007186733,0.005537495,0.012015041,0.009902954,0.010839453,0.0062655695,0.007916407,0.99139917,0.16795987,0.22613347,0.012601137,0.006023109,0.016494185,0.009035658,0.0073554367,0.017781865,0.0012460351,0.0322011,0.12966448,0.012542671,0.010338664,0.99253756,0.71655047,0.036589377,0.02168107,0.005808126,0.005254673,0.020441353,0.980247,0.2160922,0.94367707,0.077896655,0.8685406,0.01541304,0.8518517,0.011541444,0.70426595,0.018342914,0.105311036,0.32804245,0.881724,0.3881131,0.9424439,0.8244825,0.9508743,0.2197783,0.9307571,0.009318814,0.02170983,0.8885752,0.035939515,0.03853709,0.031215832,0.85152286,0.5910289,0.62343454,0.7425109,0.018457146,0.042432472,0.44435042,0.93698865,0.8146876,0.8643,0.1304144,0.59247,0.1556235,0.91057765,1.0006673,0.9913175,0.97158504,0.8776544,0.6881012,0.72406673,0.98565376,0.9796946,0.99922454,0.99344635,1.0011866,1.0037751
0.0069414526,0.067150414,0.004829228,0.044751108,0.0053305775,0.040626645,0.019774212,0.060852885,0.012866139,0.05454451,0.010759108,0.008844271,0.011888027,0.4326784,0.0063605905,0.076096535,0.012749046,0.01851201,0.0059186816,0.03204243,0.016830027,0.01721993,0.0136117935,0.012306601,0.0089662075,0.018009856,0.014341831,0.007956207,0.011798322,0.010800645,7.56979e-06,0.01407814,0.013621215,0.5559082,0.47053853,0.51219404,0.031145185,0.03800136,0.010736883,0.030160466,0.01365608,0.0091829,0.014360249,0.009224422,0.026857808,0.2426577,0.028907359,0.5915742,0.015812352,0.037995815,0.044578433,0.6009145,0.005636327,0.20387518,0.008123159,0.02723191,0.0055448413,0.019017443,0.03057471,0.25132585,0.031676024,0.4766295,0.007740736,0.1874225,0.0010752827,0.0970596,0.0067353845,0.27711773,0.26003656,0.6205434,0.31454688,0.7785195,0.05899492,0.8312712,0.012828879,0.52053154,0.021844417,0.013171062,0.004945636,0.06533919,0.009417534,0.04241705,0.010469213,0.043347597,0.0081138015,0.024969094,0.010157049,0.011484166,0.0087810755,0.01469253,0.004176706,0.0031371713,0.008449599,0.006657034,0.021042645,0.0018357635,0.039745122,0.013141811,0.0048865676,0.009213358,0.008085042,0.00619787,0.007559404,0.0063150227,0.0080833435,0.0009251237,0.004632622,0.008108765,0.0012511313,0.010932013,0.031197935,0.020396978,0.010102414,0.009323776,0.0034319758,0.005787041,0.01620628,0.016341893,0.019980416,0.025229752,0.013386428,0.0118652135,0.014216334,0.025802568,0.027097523,0.022215903,0.008965433,0.012396008,0.018443286,0.013704449,0.015835501,0.010453522,0.012298793,0.017230332,0.0052290857,0.020975411,0.0011763461,0.015639454,0.0063076615,0.005981028,0.018192708,0.010462254,0.021578118,0.021775097,0.015830353,0.010523796,0.011026442,0.015376568,0.01142703,0.011995256,0.42784655,0.020587385,0.009426445,0.0066633224,0.012198448,0.012376219,0.011425436,0.012829006,0.009100735,0.012012169,0.011500776,0.011573464,0.00029107928,0.0010797381,0.0022672415,-0.0009768903
0.2759425,0.046990514,0.0052515343,0.021255698,0.0032021254,0.029933363,0.022469789,0.027305951,-0.0039385706,0.045542352,0.01567103,0.007724181,1.0058107,0.016607808,0.00016197562,0.016398333,0.509629,0.94999385,0.02502078,0.06435246,0.86057365,0.97150105,0.7254486,0.97900665,0.034830898,0.98386633,0.039668337,0.016958907,0.0043350756,0.010921281,0.010691166,0.0029046535,0.903039,0.017361203,0.06794537,0.065442294,0.063406155,0.08259247,0.019637048,0.038439367,0.004737735,0.022900146,0.006797649,0.0069769975,0.026130263,0.019248724,0.01840067,0.04013606,0.029196609,0.035118677,0.010262981,0.052973647,0.012736484,0.051700667,0.012624539,0.019541774,0.003039673,0.017478451,0.9589803,0.05233269,0.023432108,0.092523575,0.93818086,0.041215964,0.99087286,0.01928371,0.54367304,0.036646694,0.04214263,0.057610363,0.062485754,0.06653379,0.4030425,0.7286866,0.76988935,0.008493789,0.04199712,0.046737373,0.989571,0.01695799,0.97271305,0.002243923,0.003213346,0.0038289167,0.19588947,0.019991867,0.004193887,0.007186733,0.005537495,0.012015041,0.009902954,0.010839453,0.0062655695,0.007916407,0.99139917,0.16795987,0.22613347,0.012601137,0.006023109,0.016494185,0.009035658,0.0073554367,0.017781865,0.0012460351,0.0322011,0.12966448,0.012542671,0.010338664,0.99253756,0.71655047,0.036589377,0.02168107,0.005808126,0.005254673,0.020441353,0.980247,0.2160922,0.94367707,0.077896655,0.8685406,0.01541304,0.8518517,0.011541444,0.70426595,0.018342914,0.105311036,0.32804245,0.881724,0.3881131,0.9424439,0.8244825,0.9508743,0.2197783,0.9307571,0.009318814,0.02170983,0.8885752,0.035939515,0.03853709,0.031215832,0.85152286,0.5910289,0.62343454,0.7425109,0.018457146,0.042432472,0.44435042,0.93698865,0.8146876,0.8643,0.1304144,0.59247,0.1556235,0.91057765,1.0006673,0.9913175,0.97158504,0.8776544,0.6881012,0.72406673,0.98565376,0.9796946,0.99922454,0.99344635,1.0011866,1.0037751
0.300931,0.07135028,0.035931,0.029728495,0.026947632,0.010411322,0.024762575,0.026119083,-0.0020934716,0.014098059,-0.0047518983,0.004375905,1.0310585,0.45966053,-0.0025769696,0.052860655,0.02141273,-0.0039758533,0.002837507,0.06204935,0.9046524,0.62711394,0.5788553,0.5680771,0.043629035,0.07335335,0.011882521,0.022816598,-0.004953094,-0.005698867,0.026523542,-0.014440946,0.9448755,0.54673946,0.498757,0.3736668,0.059522983,0.016883425,0.034351774,0.05489097,-0.0060674064,-0.001170814,-0.0053182915,-0.0058283135,-0.0055802492,0.26301104,-0.00090548024,0.6223574,0.0450572,0.01094085,-0.0052480046,0.6274549,-0.0076555014,0.22845064,0.028168648,-0.0015041828,0.0277413,0.04470159,0.9991002,0.26998943,0.0005554259,0.49715,0.90045667,0.16604967,1.005817,0.116314374,0.17835343,0.30134797,0.2046557,0.55231917,0.33493,0.7518381,0.43474334,0.8691424,0.8117579,0.54752624,0.058626257,-0.010162167,1.0258225,0.048163906,1.0120667,0.057022363,0.027594201,0.06298223,0.20023522,0.009110851,0.028549016,-0.005741205,-0.0008948222,0.00468985,-0.00013337284,0.010884931,0.0016840398,-0.009697989,0.047485784,0.041531615,0.026962958,-0.0024144053,-0.004092023,-0.0009375438,-0.008016643,-0.00598343,-0.014781952,-0.005878195,0.022777706,-0.014331207,0.03704662,0.0062169265,-0.003657475,0.02338092,0.05339316,0.04556579,-0.0051667243,0.024920426,-0.00426805,-0.006781161,0.022862338,-0.0033539794,0.037849545,0.038481377,0.01818645,-0.014779195,-0.011436939,0.033231303,-0.0047078207,0.035841305,0.023024831,-0.009241097,0.029670388,0.02814211,-0.0031462833,0.02934473,-0.013152033,-0.005010329,0.02827932,0.041948367,0.02036272,0.03651187,-0.007766135,0.0254976,0.037888095,-0.0009421557,0.0019831052,0.036650747,0.023874722,-0.00031708926,0.3613984,-0.010690078,0.5368045,-0.0053643826,0.4601372,-0.001963891,0.060048945,-0.0055643097,-0.0029589608,0.039183453,-0.009575114,-0.0127407685,-0.012953799,-0.009297438,0.023291364,-0.010544956,0.015728906,0.029093206,0.02883311,0.022190213
0.27497965,0.03725992,0.0046262145,0.0018326938,0.0010900497,0.004904628,-0.0010815263,0.025077365,-0.0042445064,0.013400346,-0.0042878613,-0.0061860085,0.998492,0.42937046,0.004535258,0.08507559,0.5165328,0.94365126,0.0121122,0.08014642,0.8700698,0.9657481,0.72416186,0.98213744,0.032528013,0.79269254,0.034459084,-0.0017580017,0.01171574,-0.005713314,-0.0025558472,-0.007964045,0.9146644,0.5427567,0.46900338,0.53383183,0.0727343,0.08391136,0.011928707,0.032269225,0.016154021,0.00022146851,0.0034944117,0.004230052,0.03595066,0.24277866,0.037444234,0.6020529,0.042531,0.05160868,0.035805583,0.59297144,0.024027914,0.20235637,0.018590212,0.021627724,0.027748019,0.010519922,0.9618212,0.2429673,0.066352785,0.4663224,0.8907167,0.13339242,0.96966463,0.09792656,0.16935766,0.32638097,0.2730238,0.6314454,0.31604046,0.7823852,0.40581322,0.8223585,0.77196944,0.5097575,0.035291642,0.037409782,0.988978,0.052729428,0.9801003,0.026195526,0.0024670064,0.023714736,0.18500207,-0.0026697516,0.011749595,-0.005989477,0.02726233,-0.0009495765,0.029011399,0.024398744,0.03717062,0.011869773,1.0005503,0.96216327,0.6049172,0.010135382,0.03373471,0.02434443,0.034806073,-0.00040794536,0.027816933,0.012242749,0.03651759,0.9717928,0.4100599,-0.0048007667,0.9982079,0.9948906,0.19523951,0.016631544,0.014091898,0.02238983,0.13687399,0.9997426,0.2170109,0.9452326,0.07624775,0.8680701,0.0014516711,0.8408756,0.014758386,0.7183374,0.0072153155,0.099522054,0.32935995,0.88461995,0.3764827,0.94427824,0.8218217,0.9639394,0.2216933,0.93011713,0.0056930184,-0.0017843843,0.03428135,0.023099301,0.018326953,0.020008119,0.7690333,0.8687306,0.47450086,0.7450926,0.013710082,0.0961469,0.45089078,0.9447714,0.517767,0.5562358,0.4242964,0.25817513,0.14708029,0.9154242,0.9966296,1.00584,0.9785309,0.8606262,0.7013057,0.7137304,0.9903885,0.97911143,0.99498266,0.9985909,0.9987509,0.99988973
0.7472198,0.023521751,0.653711,0.019023359,0.108552545,0.020008475,0.010615006,0.13333109,0.008231655,0.013306007,0.008331716,0.011823222,0.98574185,0.5814836,0.07530294,0.38117588,0.992884,0.9910946,0.12804723,0.07161316,0.9591242,0.95990753,0.9863228,0.9909122,0.9902731,0.76217127,0.97862244,0.0074262023,0.9879116,0.0123176575,0.008429199,0.011034787,0.9795717,0.8845464,0.46627387,0.34824774,0.047133893,0.07343957,0.011139438,0.029081382,0.012194831,0.015822977,0.014826003,0.008914828,0.027886152,0.34706998,0.03030163,0.6185271,0.037621126,0.037497178,0.024911016,0.53020895,0.0129070245,0.026055723,0.010774404,0.016177386,0.010916263,0.021801725,0.96333134,0.05267039,0.070827454,0.08117622,0.9156275,0.040061355,0.98332304,0.022556603,0.159722,0.05395162,0.22985692,0.5549836,0.41867536,0.6265609,0.7416543,0.9717149,0.9843403,0.9064857,0.9157157,0.27965966,0.9756402,0.13797581,0.962338,0.042525202,0.011213005,0.038409792,0.17272437,0.013489008,0.009841189,0.014669314,0.010870993,0.011236094,0.010969013,0.014906049,0.010954894,0.009423904,0.99043876,0.16890052,0.2184622,0.008819684,0.011261836,0.014444977,0.010967702,0.0074965805,0.010855943,0.00776577,0.9921111,0.9758066,0.8777701,0.009941757,0.9923514,0.7115953,0.012267888,0.008346111,0.008476675,0.004622154,0.9563645,0.99199486,0.9320487,0.98008835,0.27256343,0.930176,0.9086055,0.9823957,0.43182272,0.89191854,0.012287453,0.11166662,0.95004785,0.97974586,0.9928861,0.992538,0.9813563,0.98969185,0.90545577,0.9870445,0.010961704,0.014398903,0.038280297,0.021542445,0.013881862,0.023136519,0.76318854,0.59149957,0.6281712,0.74207896,0.011440903,0.036876336,0.98486054,0.99081874,0.50000596,0.551284,0.7615657,0.25115392,0.9912358,0.99261284,0.99290806,0.9928458,0.99289596,0.9919959,0.9928264,0.9872563,0.99290633,0.9928325,0.9927676,0.9928534,0.99277437,0.9927567
0.7472198,0.023521751,0.653711,0.019023359,0.108552545,0.020008475,0.010615006,0.13333109,0.008231655,0.013306007,0.008331716,0.011823222,0.98574185,0.5814836,0.07530294,0.38117588,0.992884,0.9910946,0.12804723,0.07161316,0.9591242,0.95990753,0.9863228,0.9909122,0.9902731,0.76217127,0.97862244,0.0074262023,0.9879116,0.0123176575,0.008429199,0.011034787,0.9795717,0.8845464,0.46627387,0.34824774,0.047133893,0.07343957,0.011139438,0.029081382,0.012194831,0.015822977,0.014826003,0.008914828,0.027886152,0.34706998,0.03030163,0.6185271,0.037621126,0.037497178,0.024911016,0.53020895,0.0129070245,0.026055723,0.010774404,0.016177386,0.010916263,0.021801725,0.96333134,0.05267039,0.070827454,0.08117622,0.9156275,0.040061355,0.98332304,0.022556603,0.159722,0.05395162,0.22985692,0.5549836,0.41867536,0.6265609,0.7416543,0.9717149,0.9843403,0.9064857,0.9157157,0.27965966,0.9756402,0.13797581,0.962338,0.042525202,0.011213005,0.038409792,0.17272437,0.013489008,0.009841189,0.014669314,0.010870993,0.011236094,0.010969013,0.014906049,0.010954894,0.009423904,0.99043876,0.16890052,0.2184622,0.008819684,0.011261836,0.014444977,0.010967702,0.0074965805,0.010855943,0.00776577,0.9921111,0.9758066,0.8777701,0.009941757,0.9923514,0.7115953,0.012267888,0.008346111,0.008476675,0.004622154,0.9563645,0.99199486,0.9320487,0.98008835,0.27256343,0.930176,0.9086055,0.9823957,0.43182272,0.89191854,0.012287453,0.11166662,0.95004785,0.97974586,0.9928861,0.992538,0.9813563,0.98969185,0.90545577,0.9870445,0.010961704,0.014398903,0.038280297,0.021542445,0.013881862,0.023136519,0.76318854,0.59149957,0.6281712,0.74207896,0.011440903,0.036876336,0.98486054,0.99081874,0.50000596,0.551284,0.7615657,0.25115392,0.9912358,0.99261284,0.99290806,0.9928458,0.99289596,0.9919959,0.9928264,0.9872563,0.99290633,0.9928325,0.9927676,0.9928534,0.99277437,0.9927567
0.300931,0.07135028,0.035931,0.029728495,0.026947632,0.010411322,0.024762575,0.026119083,-0.0020934716,0.014098059,-0.0047518983,0.004375905,1.0310585,0.45966053,-0.0025769696,0.052860655,0.02141273,-0.0039758533,0.002837507,0.06204935,0.9046524,0.62711394,0.5788553,0.5680771,0.043629035,0.07335335,0.011882521,0.022816598,-0.004953094,-0.005698867,0.026523542,-0.014440946,0.9448755,0.54673946,0.498757,0.3736668,0.059522983,0.016883425,0.034351774,0.05489097,-0.0060674064,-0.001170814,-0.0053182915,-0.0058283135,-0.0055802492,0.26301104,-0.00090548024,0.6223574,0.0450572,0.01094085,-0.0052480046,0.6274549,-0.0076555014,0.22845064,0.028168648,-0.0015041828,0.0277413,0.04470159,0.9991002,0.26998943,0.0005554259,0.49715,0.90045667,0.16604967,1.005817,0.116314374,0.17835343,0.30134797,0.2046557,0.55231917,0.33493,0.7518381,0.43474334,0.8691424,0.8117579,0.54752624,0.058626257,-0.010162167,1.0258225,0.048163906,1.0120667,0.057022363,0.027594201,0.06298223,0.20023522,0.009110851,0.028549016,-0.005741205,-0.0008948222,0.00468985,-0.00013337284,0.010884931,0.0016840398,-0.009697989,0.047485784,0.041531615,0.026962958,-0.0024144053,-0.004092023,-0.0009375438,-0.008016643,-0.00598343,-0.014781952,-0.005878195,0.022777706,-0.014331207,0.03704662,0.0062169265,-0.003657475,0.02338092,0.05339316,0.04556579,-0.0051667243,0.024920426,-0.00426805,-0.006781161,0.022862338,-0.0033539794,0.037849545,0.038481377,0.01818645,-0.014779195,-0.011436939,0.033231303,-0.0047078207,0.035841305,0.023024831,-0.009241097,0.029670388,0.02814211,-0.0031462833,0.02934473,-0.013152033,-0.005010329,0.02827932,0.041948367,0.02036272,0.03651187,-0.007766135,0.0254976,0.037888095,-0.0009421557,0.0019831052,0.036650747,0.023874722,-0.00031708926,0.3613984,-0.010690078,0.5368045,-0.0053643826,0.4601372,-0.001963891,0.060048945,-0.0055643097,-0.0029589608,0.039183453,-0.009575114,-0.0127407685,-0.012953799,-0.009297438,0.023291364,-0.010544956,0.015728906,0.029093206,0.02883311,0.022190213
0.27497965,0.03725992,0.0046262145,0.0018326938,0.0010900497,0.004904628,-0.0010815263,0.025077365,-0.0042445064,0.013400346,-0.0042878613,-0.0061860085,0.998492,0.42937046,0.004535258,0.08507559,0.5165328,0.94365126,0.0121122,0.08014642,0.8700698,0.9657481,0.72416186,0.98213744,0.032528013,0.79269254,0.034459084,-0.0017580017,0.01171574,-0.005713314,-0.0025558472,-0.007964045,0.9146644,0.5427567,0.46900338,0.53383183,0.0727343,0.08391136,0.011928707,0.032269225,0.016154021,0.00022146851,0.0034944117,0.004230052,0.03595066,0.24277866,0.037444234,0.6020529,0.042531,0.05160868,0.035805583,0.59297144,0.024027914,0.20235637,0.018590212,0.021627724,0.027748019,0.010519922,0.9618212,0.2429673,0.066352785,0.4663224,0.8907167,0.13339242,0.96966463,0.09792656,0.16935766,0.32638097,0.2730238,0.6314454,0.31604046,0.7823852,0.40581322,0.8223585,0.77196944,0.5097575,0.035291642,0.037409782,0.988978,0.052729428,0.9801003,0.026195526,0.0024670064,0.023714736,0.18500207,-0.0026697516,0.011749595,-0.005989477,0.02726233,-0.0009495765,0.029011399,0.024398744,0.03717062,0.011869773,1.0005503,0.96216327,0.6049172,0.010135382,0.03373471,0.02434443,0.034806073,-0.00040794536,0.027816933,0.012242749,0.03651759,0.9717928,0.4100599,-0.0048007667,0.9982079,0.9948906,0.19523951,0.016631544,0.014091898,0.02238983,0.13687399,0.9997426,0.2170109,0.9452326,0.07624775,0.8680701,0.0014516711,0.8408756,0.014758386,0.7183374,0.0072153155,0.099522054,0.32935995,0.88461995,0.3764827,0.94427824,0.8218217,0.9639394,0.2216933,0.93011713,0.0056930184,-0.0017843843,0.03428135,0.023099301,0.018326953,0.020008119,0.7690333,0.8687306,0.47450086,0.7450926,0.013710082,0.0961469,0.45089078,0.9447714,0.517767,0.5562358,0.4242964,0.25817513,0.14708029,0.9154242,0.9966296,1.00584,0.9785309,0.8606262,0.7013057,0.7137304,0.9903885,0.97911143,0.99498266,0.9985909,0.9987509,0.99988973
0.0069414526,0.067150414,0.004829228,0.044751108,0.0053305775,0.040626645,0.019774212,0.060852885,0.012866139,0.05454451,0.010759108,0.008844271,0.011888027,0.4326784,0.0063605905,0.076096535,0.012749046,0.01851201,0.0059186816,0.03204243,0.016830027,0.01721993,0.0136117935,0.012306601,0.0089662075,0.018009856,0.014341831,0.007956207,0.011798322,0.010800645,7.56979e-06,0.01407814,0.013621215,0.5559082,0.47053853,0.51219404,0.031145185,0.03800136,0.010736883,0.030160466,0.01365608,0.0091829,0.014360249,0.009224422,0.026857808,0.2426577,0.028907359,0.5915742,0.015812352,0.037995815,0.044578433,0.6009145,0.005636327,0.20387518,0.008123159,0.02723191,0.0055448413,0.019017443,0.03057471,0.25132585,0.031676024,0.4766295,0.007740736,0.1874225,0.0010752827,0.0970596,0.0067353845,0.27711773,0.26003656,0.6205434,0.31454688,0.7785195,0.05899492,0.8312712,0.012828879,0.52053154,0.021844417,0.013171062,0.004945636,0.06533919,0.009417534,0.04241705,0.010469213,0.043347597,0.0081138015,0.024969094,0.010157049,0.011484166,0.0087810755,0.01469253,0.004176706,0.0031371713,0.008449599,0.006657034,0.021042645,0.0018357635,0.039745122,0.013141811,0.0048865676,0.009213358,0.008085042,0.00619787,0.007559404,0.0063150227,0.0080833435,0.0009251237,0.004632622,0.008108765,0.0012511313,0.010932013,0.031197935,0.020396978,0.010102414,0.009323776,0.0034319758,0.005787041,0.01620628,0.016341893,0.019980416,0.025229752,0.013386428,0.0118652135,0.014216334,0.025802568,0.027097523,0.022215903,0.008965433,0.012396008,0.018443286,0.013704449,0.015835501,0.010453522,0.012298793,0.017230332,0.0052290857,0.020975411,0.0011763461,0.015639454,0.0063076615,0.005981028,0.018192708,0.010462254,0.021578118,0.021775097,0.015830353,0.010523796,0.011026442,0.015376568,0.01142703,0.011995256,0.42784655,0.020587385,0.009426445,0.0066633224,0.012198448,0.012376219,0.011425436,0.012829006,0.009100735,0.012012169,0.011500776,0.011573464,0.00029107928,0.0010797381,0.0022672415,-0.0009768903
0.2759425,0.046990514,0.0052515343,0.021255698,0.0032021254,0.029933363,0.022469789,0.027305951,-0.0039385706,0.045542352,0.01567103,0.007724181,1.0058107,0.016607808,0.00016197562,0.016398333,0.509629,0.94999385,0.02502078,0.06435246,0.86057365,0.97150105,0.7254486,0.97900665,0.034830898,0.98386633,0.039668337,0.016958907,0.0043350756,0.010921281,0.010691166,0.0029046535,0.903039,0.017361203,0.06794537,0.065442294,0.063406155,0.08259247,0.019637048,0.038439367,0.004737735,0.022900146,0.006797649,0.0069769975,0.026130263,0.019248724,0.01840067,0.04013606,0.029196609,0.035118677,0.010262981,0.052973647,0.012736484,0.051700667,0.012624539,0.019541774,0.003039673,0.017478451,0.9589803,0.05233269,0.023432108,0.092523575,0.93818086,0.041215964,0.99087286,0.01928371,0.54367304,0.036646694,0.04214263,0.057610363,0.062485754,0.06653379,0.4030425,0.7286866,0.76988935,0.008493789,0.04199712,0.046737373,0.989571,0.01695799,0.97271305,0.002243923,0.003213346,0.0038289167,0.19588947,0.019991867,0.004193887,0.007186733,0.005537495,0.012015041,0.009902954,0.010839453,0.0062655695,0.007916407,0.99139917,0.16795987,0.22613347,0.012601137,0.006023109,0.016494185,0.009035658,0.0073554367,0.017781865,0.0012460351,0.0322011,0.12966448,0.012542671,0.010338664,0.99253756,0.71655047,0.036589377,0.02168107,0.005808126,0.005254673,0.020441353,0.980247,0.2160922,0.94367707,0.077896655,0.8685406,0.01541304,0.8518517,0.011541444,0.70426595,0.018342914,0.105311036,0.32804245,0.881724,0.3881131,0.9424439,0.8244825,0.9508743,0.2197783,0.9307571,0.009318814,0.02170983,0.8885752,0.035939515,0.03853709,0.031215832,0.85152286,0.5910289,0.62343454,0.7425109,0.018457146,0.042432472,0.44435042,0.93698865,0.8146876,0.8643,0.1304144,0.59247,0.1556235,0.91057765,1.0006673,0.9913175,0.97158504,0.8776544,0.6881012,0.72406673,0.98565376,0.9796946,0.99922454,0.99344635,1.0011866,1.0037751
0.30093098,0.07135024,0.03593097,0.029728469,0.026947629,0.010411352,0.024762541,0.026119076,-0.0020934567,0.014098061,-0.0047519505,0.0043759206,1.0310585,0.45966047,-0.0025769472,0.052860714,0.021412656,-0.003975846,0.002837563,0.062049326,0.9046525,0.6271139,0.5788553,0.5680771,0.043629043,0.073353335,0.011882544,0.022816584,-0.0049530864,-0.0056988224,0.026523527,-0.014440909,0.9448754,0.54673946,0.49875692,0.37366682,0.059522934,0.01688341,0.034351766,0.05489094,-0.006067408,-0.0011707693,-0.005318243,-0.005828306,-0.005580231,0.26301104,-0.00090542994,0.6223575,0.04505721,0.01094088,-0.0052479845,0.6274548,-0.0076554567,0.22845061,0.028168619,-0.0015041679,0.027741278,0.044701625,0.9991002,0.2699894,0.0005554557,0.49715,0.90045667,0.16604961,1.0058169,0.11631433,0.17835338,0.3013479,0.20465568,0.5523193,0.33493,0.7518381,0.43474334,0.8691424,0.811758,0.5475263,0.058626212,-0.01016213,1.0258226,0.04816395,1.0120666,0.057022374,0.027594201,0.06298221,0.2002352,0.00911087,0.02854899,-0.0057411715,-0.0008947626,0.00468985,-0.00013337284,0.010884967,0.00168401,-0.009697974,0.04748577,0.041531604,0.026962973,-0.0024143755,-0.004092023,-0.0009375587,-0.00801664,-0.0059834505,-0.014781959,-0.0058780983,0.022777677,-0.014331177,0.037046608,0.006216934,-0.0036574453,0.023380935,0.053393155,0.04556579,-0.005166754,0.024920449,-0.004268065,-0.006781131,0.022862293,-0.0033539534,0.037849538,0.038481332,0.018186435,-0.014779173,-0.011436932,0.03323128,-0.0047077946,0.03584132,0.023024831,-0.0092410445,0.02967035,0.028142072,-0.0031462982,0.029344726,-0.013151996,-0.0050102994,0.028279327,0.04194835,0.020362705,0.03651186,-0.0077661276,0.02549757,0.037888084,-0.00094208866,0.001983109,0.03665072,0.023874678,-0.0003171265,0.3613984,-0.010690089,0.53680444,-0.0053643864,0.46013716,-0.001963839,0.060048893,-0.0055643246,-0.002958931,0.039183423,-0.009575076,-0.012740716,-0.012953781,-0.009297453,0.023291305,-0.010544896,0.01572892,0.029093236,0.028833024,0.022190228
0.2759425,0.046990544,0.0052515194,0.021255873,0.0032021701,0.029933453,0.022469819,0.027306,-0.003938392,0.04554234,0.015671,0.00772427,1.0058109,0.016607767,0.00016203523,0.01639834,0.509629,0.94999397,0.025020806,0.06435242,0.86057353,0.97150105,0.7254485,0.9790065,0.034830865,0.9838663,0.03966832,0.0169589,0.0043350607,0.010921299,0.010691062,0.002904676,0.903039,0.017361144,0.06794539,0.06544229,0.063406125,0.0825925,0.019637182,0.038439352,0.0047377124,0.02290016,0.0067976713,0.0069769607,0.026130188,0.019248754,0.018400788,0.040136024,0.02919665,0.035118632,0.010263041,0.05297366,0.012736425,0.051700607,0.012624599,0.019541774,0.0030397177,0.017478392,0.95898044,0.05233272,0.023432052,0.092523605,0.9381808,0.04121591,0.9908729,0.019283714,0.5436733,0.036646616,0.042142533,0.057610378,0.062485725,0.06653379,0.4030425,0.72868663,0.76988924,0.008493669,0.041997224,0.046737455,0.9895712,0.016958006,0.9727131,0.0022438671,0.003213212,0.003828954,0.19588946,0.01999183,0.0041938983,0.0071867555,0.0055374056,0.012015065,0.009902909,0.010839559,0.0062656216,0.007916339,0.99139905,0.16795984,0.22613348,0.012600973,0.006023079,0.01649411,0.009035654,0.0073554665,0.017781839,0.0012459792,0.03220116,0.12966453,0.012542778,0.010338664,0.9925376,0.71655047,0.036589406,0.021681108,0.005808089,0.005254658,0.020441353,0.980247,0.21609232,0.94367695,0.07789658,0.8685405,0.015413003,0.8518518,0.011541553,0.70426613,0.01834286,0.10531104,0.32804248,0.881724,0.3881132,0.94244397,0.8244826,0.9508743,0.21977825,0.930757,0.009318743,0.021709844,0.8885753,0.035939485,0.038537018,0.031215757,0.8515229,0.59102905,0.62343454,0.74251086,0.018457105,0.042432517,0.4443504,0.9369887,0.8146875,0.8643,0.1304143,0.5924702,0.1556235,0.91057765,1.0006673,0.99131763,0.971585,0.8776543,0.6881011,0.72406685,0.98565364,0.9796946,0.9992245,0.9934465,1.0011867,1.003775
0.7472198,0.023521751,0.653711,0.019023359,0.108552545,0.020008475,0.010615006,0.13333109,0.008231655,0.013306007,0.008331716,0.011823222,0.98574185,0.5814836,0.07530294,0.38117588,0.992884,0.9910946,0.12804723,0.07161316,0.9591242,0.95990753,0.9863228,0.9909122,0.9902731,0.76217127,0.97862244,0.0074262023,0.9879116,0.0123176575,0.008429199,0.011034787,0.9795717,0.8845464,0.46627387,0.34824774,0.047133893,0.07343957,0.011139438,0.029081382,0.012194831,0.015822977,0.014826003,0.008914828,0.027886152,0.34706998,0.03030163,0.6185271,0.037621126,0.037497178,0.024911016,0.53020895,0.0129070245,0.026055723,0.010774404,0.016177386,0.010916263,0.021801725,0.96333134,0.05267039,0.070827454,0.08117622,0.9156275,0.040061355,0.98332304,0.022556603,0.159722,0.05395162,0.22985692,0.5549836,0.41867536,0.6265609,0.7416543,0.9717149,0.9843403,0.9064857,0.9157157,0.27965966,0.9756402,0.13797581,0.962338,0.042525202,0.011213005,0.038409792,0.17272437,0.013489008,0.009841189,0.014669314,0.010870993,0.011236094,0.010969013,0.014906049,0.010954894,0.009423904,0.99043876,0.16890052,0.2184622,0.008819684,0.011261836,0.014444977,0.010967702,0.0074965805,0.010855943,0.00776577,0.9921111,0.9758066,0.8777701,0.009941757,0.9923514,0.7115953,0.012267888,0.008346111,0.008476675,0.004622154,0.9563645,0.99199486,0.9320487,0.98008835,0.27256343,0.930176,0.9086055,0.9823957,0.43182272,0.89191854,0.012287453,0.11166662,0.95004785,0.97974586,0.9928861,0.992538,0.9813563,0.98969185,0.90545577,0.9870445,0.010961704,0.014398903,0.038280297,0.021542445,0.013881862,0.023136519,0.76318854,0.59149957,0.6281712,0.74207896,0.011440903,0.036876336,0.98486054,0.99081874,0.50000596,0.551284,0.7615657,0.25115392,0.9912358,0.99261284,0.99290806,0.9928458,0.99289596,0.9919959,0.9928264,0.9872563,0.99290633,0.9928325,0.9927676,0.9928534,0.99277437,0.9927567
0.27497965,0.03725992,0.0046262145,0.0018326938,0.0010900497,0.004904628,-0.0010815263,0.025077365,-0.0042445064,0.013400346,-0.0042878613,-0.0061860085,0.998492,0.42937046,0.004535258,0.08507559,0.5165328,0.94365126,0.0121122,0.08014642,0.8700698,0.9657481,0.72416186,0.98213744,0.032528013,0.79269254,0.034459084,-0.0017580017,0.01171574,-0.005713314,-0.0025558472,-0.007964045,0.9146644,0.5427567,0.46900338,0.53383183,0.0727343,0.08391136,0.011928707,0.032269225,0.016154021,0.00022146851,0.0034944117,0.004230052,0.03595066,0.24277866,0.037444234,0.6020529,0.042531,0.05160868,0.035805583,0.59297144,0.024027914,0.20235637,0.018590212,0.021627724,0.027748019,0.010519922,0.9618212,0.2429673,0.066352785,0.4663224,0.8907167,0.13339242,0.96966463,0.09792656,0.16935766,0.32638097,0.2730238,0.6314454,0.31604046,0.7823852,0.40581322,0.8223585,0.77196944,0.5097575,0.035291642,0.037409782,0.988978,0.052729428,0.9801003,0.026195526,0.0024670064,0.023714736,0.18500207,-0.0026697516,0.011749595,-0.005989477,0.02726233,-0.0009495765,0.029011399,0.024398744,0.03717062,0.011869773,1.0005503,0.96216327,0.6049172,0.010135382,0.03373471,0.02434443,0.034806073,-0.00040794536,0.027816933,0.012242749,0.03651759,0.9717928,0.4100599,-0.0048007667,0.9982079,0.9948906,0.19523951,0.016631544,0.014091898,0.02238983,0.13687399,0.9997426,0.2170109,0.9452326,0.07624775,0.8680701,0.0014516711,0.8408756,0.014758386,0.7183374,0.0072153155,0.099522054,0.32935995,0.88461995,0.3764827,0.94427824,0.8218217,0.9639394,0.2216933,0.93011713,0.0056930184,-0.0017843843,0.03428135,0.023099301,0.018326953,0.020008119,0.7690333,0.8687306,0.47450086,0.7450926,0.013710082,0.0961469,0.45089078,0.9447714,0.517767,0.5562358,0.4242964,0.25817513,0.14708029,0.9154242,0.9966296,1.00584,0.9785309,0.8606262,0.7013057,0.7137304,0.9903885,0.97911143,0.99498266,0.9985909,0.9987509,0.99988973
0.0069414526,0.067150414,0.004829228,0.044751108,0.0053305775,0.040626645,0.019774212,0.060852885,0.012866139,0.05454451,0.010759108,0.008844271,0.011888027,0.4326784,0.0063605905,0.076096535,0.012749046,0.01851201,0.0059186816,0.03204243,0.016830027,0.01721993,0.0136117935,0.012306601,0.0089662075,0.018009856,0.014341831,0.007956207,0.011798322,0.010800645,7.56979e-06,0.01407814,0.013621215,0.5559082,0.47053853,0.51219404,0.031145185,0.03800136,0.010736883,0.030160466,0.01365608,0.0091829,0.014360249,0.009224422,0.026857808,0.2426577,0.028907359,0.5915742,0.015812352,0.037995815,0.044578433,0.6009145,0.005636327,0.20387518,0.008123159,0.02723191,0.0055448413,0.019017443,0.03057471,0.25132585,0.031676024,0.4766295,0.007740736,0.1874225,0.0010752827,0.0970596,0.0067353845,0.27711773,0.26003656,0.6205434,0.31454688,0.7785195,0.05899492,0.8312712,0.012828879,0.52053154,0.021844417,0.013171062,0.004945636,0.06533919,0.009417534,0.04241705,0.010469213,0.043347597,0.0081138015,0.024969094,0.010157049,0.011484166,0.0087810755,0.01469253,0.004176706,0.0031371713,0.008449599,0.006657034,0.021042645,0.0018357635,0.039745122,0.013141811,0.0048865676,0.009213358,0.008085042,0.00619787,0.007559404,0.0063150227,0.0080833435,0.0009251237,0.004632622,0.008108765,0.0012511313,0.010932013,0.031197935,0.020396978,0.010102414,0.009323776,0.0034319758,0.005787041,0.01620628,0.016341893,0.019980416,0.025229752,0.013386428,0.0118652135,0.014216334,0.025802568,0.027097523,0.022215903,0.008965433,0.012396008,0.018443286,0.013704449,0.015835501,0.010453522,0.012298793,0.017230332,0.0052290857,0.020975411,0.0011763461,0.015639454,0.0063076615,0.005981028,0.018192708,0.010462254,0.021578118,0.021775097,0.015830353,0.010523796,0.011026442,0.015376568,0.01142703,0.011995256,0.42784655,0.020587385,0.009426445,0.0066633224,0.012198448,0.012376219,0.011425436,0.012829006,0.009100735,0.012012169,0.011500776,0.011573464,0.00029107928,0.0010797381,0.0022672415,-0.0009768903
0.27497965,0.03725992,0.0046262145,0.0018326938,0.0010900497,0.004904628,-0.0010815263,0.025077365,-0.0042445064,0.013400346,-0.0042878613,-0.0061860085,0.998492,0.42937046,0.004535258,0.08507559,0.5165328,0.94365126,0.0121122,0.08014642,0.8700698,0.9657481,0.72416186,0.98213744,0.032528013,0.79269254,0.034459084,-0.0017580017,0.01171574,-0.005713314,-0.0025558472,-0.007964045,0.9146644,0.5427567,0.46900338,0.53383183,0.0727343,0.08391136,0.011928707,0.032269225,0.016154021,0.00022146851,0.0034944117,0.004230052,0.03595066,0.24277866,0.037444234,0.6020529,0.042531,0.05160868,0.035805583,0.59297144,0.024027914,0.20235637,0.018590212,0.021627724,0.027748019,0.010519922,0.9618212,0.2429673,0.066352785,0.4663224,0.8907167,0.13339242,0.96966463,0.09792656,0.16935766,0.32638097,0.2730238,0.6314454,0.31604046,0.7823852,0.40581322,0.8223585,0.77196944,0.5097575,0.035291642,0.037409782,0.988978,0.052729428,0.9801003,0.026195526,0.0024670064,0.023714736,0.18500207,-0.0026697516,0.011749595,-0.005989477,0.02726233,-0.0009495765,0.029011399,0.024398744,0.03717062,0.011869773,1.0005503,0.96216327,0.6049172,0.010135382,0.03373471,0.02434443,0.034806073,-0.00040794536,0.027816933,0.012242749,0.03651759,0.9717928,0.4100599,-0.0048007667,0.9982079,0.9948906,0.19523951,0.016631544,0.014091898,0.02238983,0.13687399,0.9997426,0.2170109,0.9452326,0.07624775,0.8680701,0.0014516711,0.8408756,0.014758386,0.7183374,0.0072153155,0.099522054,0.32935995,0.88461995,0.3764827,0.94427824,0.8218217,0.9639394,0.2216933,0.93011713,0.0056930184,-0.0017843843,0.03428135,0.023099301,0.018326953,0.020008119,0.7690333,0.8687306,0.47450086,0.7450926,0.013710082,0.0961469,0.45089078,0.9447714,0.517767,0.5562358,0.4242964,0.25817513,0.14708029,0.9154242,0.9966296,1.00584,0.9785309,0.8606262,0.7013057,0.7137304,0.9903885,0.97911143,0.99498266,0.9985909,0.9987509,0.99988973
0.0069414526,0.067150414,0.004829228,0.044751108,0.0053305775,0.040626645,0.019774212,0.060852885,0.012866139,0.05454451,0.010759108,0.008844271,0.011888027,0.4326784,0.0063605905,0.076096535,0.012749046,0.01851201,0.0059186816,0.03204243,0.016830027,0.01721993,0.0136117935,0.012306601,0.0089662075,0.018009856,0.014341831,0.007956207,0.011798322,0.010800645,7.56979e-06,0.01407814,0.013621215,0.5559082,0.47053853,0.51219404,0.031145185,0.03800136,0.010736883,0.030160466,0.01365608,0.0091829,0.014360249,0.009224422,0.026857808,0.2426577,0.028907359,0.5915742,0.015812352,0.037995815,0.044578433,0.6009145,0.005636327,0.20387518,0.008123159,0.02723191,0.0055448413,0.019017443,0.03057471,0.25132585,0.031676024,0.4766295,0.007740736,0.1874225,0.0010752827,0.0970596,0.0067353845,0.27711773,0.26003656,0.6205434,0.31454688,0.7785195,0.05899492,0.8312712,0.012828879,0.52053154,0.021844417,0.013171062,0.004945636,0.06533919,0.009417534,0.04241705,0.010469213,0.043347597,0.0081138015,0.024969094,0.010157049,0.011484166,0.0087810755,0.01469253,0.004176706,0.0031371713,0.008449599,0.006657034,0.021042645,0.0018357635,0.039745122,0.013141811,0.0048865676,0.009213358,0.008085042,0.00619787,0.007559404,0.0063150227,0.0080833435,0.0009251237,0.004632622,0.008108765,0.0012511313,0.010932013,0.031197935,0.020396978,0.010102414,0.009323776,0.0034319758,0.005787041,0.01620628,0.016341893,0.019980416,0.025229752,0.013386428,0.0118652135,0.014216334,0.025802568,0.027097523,0.022215903,0.008965433,0.012396008,0.018443286,0.013704449,0.015835501,0.010453522,0.012298793,0.017230332,0.0052290857,0.020975411,0.0011763461,0.015639454,0.0063076615,0.005981028,0.018192708,0.010462254,0.021578118,0.021775097,0.015830353,0.010523796,0.011026442,0.015376568,0.01142703,0.011995256,0.42784655,0.020587385,0.009426445,0.0066633224,0.012198448,0.012376219,0.011425436,0.012829006,0.009100735,0.012012169,0.011500776,0.011573464,0.00029107928,0.0010797381,0.0022672415,-0.0009768903
0.2759425,0.046990514,0.0052515343,0.021255698,0.0032021254,0.029933363,0.022469789,0.027305951,-0.0039385706,0.045542352,0.01567103,0.007724181,1.0058107,0.016607808,0.00016197562,0.016398333,0.509629,0.94999385,0.02502078,0.06435246,0.86057365,0.97150105,0.7254486,0.97900665,0.034830898,0.98386633,0.039668337,0.016958907,0.0043350756,0.010921281,0.010691166,0.0029046535,0.903039,0.017361203,0.06794537,0.065442294,0.063406155,0.08259247,0.019637048,0.038439367,0.004737735,0.022900146,0.006797649,0.0069769975,0.026130263,0.019248724,0.01840067,0.04013606,0.029196609,0.035118677,0.010262981,0.052973647,0.012736484,0.051700667,0.012624539,0.019541774,0.003039673,0.017478451,0.9589803,0.05233269,0.023432108,0.092523575,0.93818086,0.041215964,0.99087286,0.01928371,0.54367304,0.036646694,0.04214263,0.057610363,0.062485754,0.06653379,0.4030425,0.7286866,0.76988935,0.008493789,0.04199712,0.046737373,0.989571,0.01695799,0.97271305,0.002243923,0.003213346,0.0038289167,0.19588947,0.019991867,0.004193887,0.007186733,0.005537495,0.012015041,0.009902954,0.010839453,0.0062655695,0.007916407,0.99139917,0.16795987,0.22613347,0.012601137,0.006023109,0.016494185,0.009035658,0.0073554367,0.017781865,0.0012460351,0.0322011,0.12966448,0.012542671,0.010338664,0.99253756,0.71655047,0.036589377,0.02168107,0.005808126,0.005254673,0.020441353,0.980247,0.2160922,0.94367707,0.077896655,0.8685406,0.01541304,0.8518517,0.011541444,0.70426595,0.018342914,0.105311036,0.32804245,0.881724,0.3881131,0.9424439,0.8244825,0.9508743,0.2197783,0.9307571,0.009318814,0.02170983,0.8885752,0.035939515,0.03853709,0.031215832,0.85152286,0.5910289,0.62343454,0.7425109,0.018457146,0.042432472,0.44435042,0.93698865,0.8146876,0.8643,0.1304144,0.59247,0.1556235,0.91057765,1.0006673,0.9913175,0.97158504,0.8776544,0.6881012,0.72406673,0.98565376,0.9796946,0.99922454,0.99344635,1.0011866,1.0037751
0.7472198,0.023521751,0.653711,0.019023359,0.108552545,0.020008475,0.010615006,0.13333109,0.008231655,0.013306007,0.008331716,0.011823222,0.98574185,0.5814836,0.07530294,0.38117588,0.992884,0.9910946,0.12804723,0.07161316,0.9591242,0.95990753,0.9863228,0.9909122,0.9902731,0.76217127,0.97862244,0.0074262023,0.9879116,0.0123176575,0.008429199,0.011034787,0.9795717,0.8845464,0.46627387,0.34824774,0.047133893,0.07343957,0.011139438,0.029081382,0.012194831,0.015822977,0.014826003,0.008914828,0.027886152,0.34706998,0.03030163,0.6185271,0.037621126,0.037497178,0.024911016,0.53020895,0.0129070245,0.026055723,0.010774404,0.016177386,0.010916263,0.021801725,0.96333134,0.05267039,0.070827454,0.08117622,0.9156275,0.040061355,0.98332304,0.022556603,0.159722,0.05395162,0.22985692,0.5549836,0.41867536,0.6265609,0.7416543,0.9717149,0.9843403,0.9064857,0.9157157,0.27965966,0.9756402,0.13797581,0.962338,0.042525202,0.011213005,0.038409792,0.17272437,0.013489008,0.009841189,0.014669314,0.010870993,0.011236094,0.010969013,0.014906049,0.010954894,0.009423904,0.99043876,0.16890052,0.2184622,0.008819684,0.011261836,0.014444977,0.010967702,0.0074965805,0.010855943,0.00776577,0.9921111,0.9758066,0.8777701,0.009941757,0.9923514,0.7115953,0.012267888,0.008346111,0.008476675,0.004622154,0.9563645,0.99199486,0.9320487,0.98008835,0.27256343,0.930176,0.9086055,0.9823957,0.43182272,0.89191854,0.012287453,0.11166662,0.95004785,0.97974586,0.9928861,0.992538,0.9813563,0.98969185,0.90545577,0.9870445,0.010961704,0.014398903,0.038280297,0.021542445,0.013881862,0.023136519,0.76318854,0.59149957,0.6281712,0.74207896,0.011440903,0.036876336,0.98486054,0.99081874,0.50000596,0.551284,0.7615657,0.25115392,0.9912358,0.99261284,0.99290806,0.9928458,0.99289596,0.9919959,0.9928264,0.9872563,0.99290633,0.9928325,0.9927676,0.9928534,0.99277437,0.9927567
0.300931,0.07135028,0.035931,0.029728495,0.026947632,0.010411322,0.024762575,0.026119083,-0.0020934716,0.014098059,-0.0047518983,0.004375905,1.0310585,0.45966053,-0.0025769696,0.052860655,0.02141273,-0.0039758533,0.002837507,0.06204935,0.9046524,0.62711394,0.5788553,0.5680771,0.043629035,0.07335335,0.011882521,0.022816598,-0.004953094,-0.005698867,0.026523542,-0.014440946,0.9448755,0.54673946,0.498757,0.3736668,0.059522983,0.016883425,0.034351774,0.05489097,-0.0060674064,-0.001170814,-0.0053182915,-0.0058283135,-0.0055802492,0.26301104,-0.00090548024,0.6223574,0.0450572,0.01094085,-0.0052480046,0.6274549,-0.0076555014,0.22845064,0.028168648,-0.0015041828,0.0277413,0.04470159,0.9991002,0.26998943,0.0005554259,0.49715,0.90045667,0.16604967,1.005817,0.116314374,0.17835343,0.30134797,0.2046557,0.55231917,0.33493,0.7518381,0.43474334,0.8691424,0.8117579,0.54752624,0.058626257,-0.010162167,1.0258225,0.048163906,1.0120667,0.057022363,0.027594201,0.06298223,0.20023522,0.009110851,0.028549016,-0.005741205,-0.0008948222,0.00468985,-0.00013337284,0.010884931,0.0016840398,-0.009697989,0.047485784,0.041531615,0.026962958,-0.0024144053,-0.004092023,-0.0009375438,-0.008016643,-0.00598343,-0.014781952,-0.005878195,0.022777706,-0.014331207,0.03704662,0.0062169265,-0.003657475,0.02338092,0.05339316,0.04556579,-0.0051667243,0.024920426,-0.00426805,-0.006781161,0.022862338,-0.0033539794,0.037849545,0.038481377,0.01818645,-0.014779195,-0.011436939,0.033231303,-0.0047078207,0.035841305,0.023024831,-0.009241097,0.029670388,0.02814211,-0.0031462833,0.02934473,-0.013152033,-0.005010329,0.02827932,0.041948367,0.02036272,0.03651187,-0.007766135,0.0254976,0.037888095,-0.0009421557,0.0019831052,0.036650747,0.023874722,-0.00031708926,0.3613984,-0.010690078,0.5368045,-0.0053643826,0.4601372,-0.001963891,0.060048945,-0.0055643097,-0.0029589608,0.039183453,-0.009575114,-0.0127407685,-0.012953799,-0.009297438,0.023291364,-0.010544956,0.015728906,0.029093206,0.02883311,0.022190213
0.300931,0.07135022,0.03593096,0.02972836,0.026947588,0.010411352,0.024762496,0.026119187,-0.0020934567,0.014098091,-0.0047518536,0.0043758675,1.0310588,0.45966047,-0.0025768057,0.052860714,0.02141264,-0.0039756894,0.0028375275,0.06204931,0.9046526,0.62711394,0.5788554,0.5680772,0.043628894,0.073353305,0.011882521,0.022816569,-0.004953079,-0.0056988746,0.026523478,-0.014440954,0.94487566,0.5467397,0.49875697,0.37366682,0.05952296,0.016883463,0.03435181,0.054890923,-0.0060672946,-0.0011707619,-0.0053181984,-0.0058282763,-0.0055802166,0.26301104,-0.00090545043,0.62235755,0.045057148,0.010940947,-0.0052480176,0.627455,-0.0076554418,0.22845075,0.028168544,-0.0015040934,0.027741294,0.044701617,0.99910015,0.2699895,0.0005555302,0.49714983,0.90045667,0.16604958,1.0058172,0.11631437,0.17835343,0.30134794,0.20465577,0.5523194,0.33493006,0.7518381,0.43474346,0.86914265,0.81175816,0.54752636,0.05862625,-0.010162137,1.0258229,0.04816401,1.0120667,0.057022415,0.027594239,0.06298214,0.20023517,0.009110859,0.028548986,-0.0057412647,-0.0008947328,0.004689954,-0.00013335794,0.010885045,0.0016840994,-0.009697951,0.0474858,0.041531645,0.0269631,-0.002414301,-0.0040919334,-0.0009376183,-0.008016673,-0.005983404,-0.014781944,-0.005878195,0.022777557,-0.014331177,0.03704669,0.0062169675,-0.0036573485,0.023380853,0.05339314,0.045565795,-0.0051665604,0.024920367,-0.0042680055,-0.006780982,0.02286221,-0.0033539385,0.0378495,0.038481385,0.018186465,-0.014779098,-0.011436924,0.03323126,-0.004707869,0.03584136,0.023024812,-0.0092411265,0.02967038,0.028141987,-0.0031463206,0.029344823,-0.013152041,-0.0050101727,0.028279282,0.041948378,0.02036272,0.036511935,-0.007766083,0.025497489,0.037888125,-0.0009420663,0.0019831676,0.036650706,0.023874685,-0.000317052,0.36139858,-0.010690078,0.53680444,-0.005364394,0.4601372,-0.001963824,0.060048938,-0.005564183,-0.0029588714,0.039183535,-0.009575084,-0.0127407685,-0.012953758,-0.009297371,0.023291335,-0.010544971,0.015728831,0.029093176,0.028833143,0.022190154
0.2749797,0.037260294,0.0046263933,0.0018322468,0.0010899901,0.00490427,-0.0010814667,0.025077172,-0.004244536,0.013400495,-0.0042880625,-0.0061860085,0.99849224,0.42937005,0.004535675,0.08507568,0.5165328,0.9436512,0.012112588,0.08014618,0.87007,0.96574795,0.724162,0.98213714,0.03252791,0.7926924,0.034459025,-0.0017579272,0.011715636,-0.0057132766,-0.0025555491,-0.007963777,0.91466427,0.5427568,0.46900356,0.5338319,0.072734,0.08391139,0.011928603,0.032268822,0.016153991,0.00022170693,0.0034940839,0.0042301565,0.035950243,0.2427789,0.037444204,0.60205275,0.042530954,0.05160883,0.035805225,0.59297144,0.024027854,0.20235631,0.01859054,0.021627724,0.02774775,0.010520041,0.96182084,0.24296719,0.06635247,0.4663226,0.8907167,0.13339269,0.9696646,0.09792647,0.1693577,0.3263809,0.27302438,0.63144547,0.31604084,0.78238535,0.40581304,0.8223583,0.77196944,0.50975764,0.035291687,0.03740987,0.98897815,0.05272968,0.98010004,0.026195765,0.0024668276,0.023714721,0.18500192,-0.0026697516,0.011749476,-0.0059893876,0.027262375,-0.0009496063,0.02901116,0.024398923,0.03717023,0.011869624,1.00055,0.9621634,0.6049168,0.010135531,0.03373483,0.024344504,0.03480631,-0.0004079137,0.027816594,0.012242824,0.03651753,0.97179306,0.4100596,-0.004800707,0.9982081,0.9948907,0.19523951,0.016631652,0.014091697,0.022389853,0.13687399,0.9997427,0.21701086,0.94523275,0.07624799,0.86807007,0.0014513135,0.8408756,0.014758378,0.71833754,0.0072153285,0.09952198,0.3293602,0.8846202,0.37648305,0.9442786,0.8218223,0.9639393,0.2216931,0.93011713,0.005693078,-0.0017845035,0.03428127,0.023099113,0.018326983,0.020008195,0.7690333,0.86873037,0.47450078,0.74509275,0.013710141,0.096146986,0.45089057,0.9447721,0.51776683,0.556236,0.42429644,0.258175,0.14708011,0.91542447,0.99662966,1.0058401,0.9785307,0.8606266,0.70130587,0.71373034,0.9903885,0.97911143,0.99498266,0.9985909,0.9987509,0.99988973
0.7472194,0.0235219,0.6537111,0.01902327,0.10855265,0.020008504,0.010615006,0.13333103,0.008231573,0.01330553,0.008331895,0.011823356,0.98574185,0.5814841,0.07530287,0.38117576,0.99288404,0.99109495,0.12804705,0.071612865,0.9591252,0.9599074,0.9863229,0.99091196,0.9902736,0.76217103,0.9786223,0.0074264407,0.98791164,0.012317717,0.008429021,0.011035085,0.97957176,0.8845463,0.4662739,0.34824777,0.047133714,0.07343978,0.011139244,0.02908139,0.012194794,0.015823007,0.014826179,0.008914888,0.027886093,0.34706998,0.03030175,0.6185274,0.037621126,0.03749731,0.024910957,0.53020906,0.012906961,0.026055515,0.0107752085,0.016177446,0.0109163225,0.02180183,0.9633312,0.05267039,0.07082753,0.08117628,0.9156269,0.040061593,0.9833231,0.022556782,0.15972221,0.05395174,0.22985692,0.5549835,0.4186753,0.626561,0.74165434,0.97171485,0.98434055,0.9064858,0.9157158,0.27965957,0.97564006,0.13797599,0.96233773,0.042524904,0.011213124,0.038409777,0.17272478,0.013489008,0.009841114,0.014669523,0.010871291,0.011235863,0.010969266,0.014906228,0.010955162,0.009424098,0.9904389,0.16890064,0.21846244,0.008819804,0.01126197,0.014445037,0.0109678805,0.0074964464,0.010855675,0.0077659264,0.99211115,0.97580636,0.8777703,0.009941757,0.9923516,0.7115952,0.01226753,0.008345842,0.008476675,0.0046222284,0.9563643,0.9919949,0.9320482,0.98008823,0.27256373,0.93017626,0.90860534,0.98239577,0.43182284,0.8919191,0.012287512,0.111667,0.9500481,0.97974664,0.9928862,0.9925381,0.98135626,0.989692,0.905456,0.9870442,0.010961622,0.014398754,0.038280174,0.021542728,0.013881922,0.02313643,0.7631885,0.59149957,0.62817144,0.74207973,0.011440843,0.03687617,0.9848608,0.9908184,0.5000061,0.5512839,0.76156574,0.25115436,0.991236,0.99261296,0.9929082,0.992846,0.99289596,0.99199575,0.9928262,0.98725635,0.99290633,0.9928325,0.9927676,0.9928534,0.99277437,0.9927567
0.0069413558,0.06715053,0.004829496,0.04475066,0.00533098,0.040626705,0.019774474,0.060852885,0.012866139,0.05454412,0.010759193,0.008843929,0.011887908,0.4326786,0.0063607097,0.076096535,0.0127489865,0.018511936,0.005918801,0.03204222,0.016830593,0.017219856,0.013611704,0.012306541,0.008966297,0.018009484,0.014341801,0.007956505,0.011798441,0.010800809,7.249415e-06,0.014078379,0.013621155,0.5559081,0.4705384,0.51219416,0.031145196,0.03800112,0.010736942,0.030160181,0.013656169,0.009182334,0.014359891,0.009224497,0.026857823,0.24265762,0.02890712,0.5915742,0.015812352,0.037995934,0.044578373,0.6009146,0.0056366175,0.20387512,0.008122981,0.027231846,0.005544871,0.019017369,0.03057447,0.25132585,0.031675935,0.4766296,0.007740557,0.18742257,0.0010752901,0.0970598,0.0067349747,0.2771179,0.26003647,0.6205437,0.31454703,0.7785199,0.05899477,0.83127105,0.012828834,0.5205316,0.021844298,0.013171054,0.0049453974,0.06533913,0.0094177425,0.04241684,0.010469247,0.043347597,0.008113861,0.024969004,0.010156959,0.011484046,0.008781195,0.014692798,0.0041766316,0.003137648,0.008449674,0.0066574216,0.021042258,0.0018353462,0.03974521,0.013141751,0.004886806,0.009213507,0.008084968,0.0061982274,0.0075591654,0.006315112,0.008083314,0.00092470646,0.0046325773,0.008108437,0.0012515336,0.010932028,0.031198144,0.020397127,0.010102332,0.009323925,0.003432095,0.005787,0.016206354,0.01634217,0.019980356,0.025229394,0.013386488,0.011865348,0.014215589,0.025802568,0.027097464,0.022215664,0.008965254,0.012396172,0.018443406,0.01370433,0.015835427,0.010453671,0.012298822,0.017230809,0.0052289665,0.020975173,0.0011763312,0.015639402,0.006308019,0.005981058,0.018193305,0.010461986,0.021577954,0.021774888,0.015830293,0.0105237365,0.011026442,0.0153764635,0.011426881,0.011995226,0.4278466,0.02058725,0.009426445,0.006663412,0.012198567,0.012375891,0.011425555,0.012829125,0.009100959,0.012011915,0.011500776,0.011573464,0.00029107928,0.0010797381,0.0022672415,-0.0009768903
0.2759425,0.04699044,0.0052513853,0.02125588,0.0032020658,0.029933468,0.02246967,0.027306043,-0.0039381534,0.04554254,0.015670955,0.00772427,1.0058107,0.016607944,0.00016197562,0.016398266,0.5096291,0.94999397,0.025020767,0.06435239,0.8605736,0.97150075,0.7254487,0.9790064,0.034830775,0.98386616,0.039668396,0.016958982,0.004335031,0.010921288,0.010691047,0.0029047467,0.9030387,0.01736116,0.06794536,0.065442234,0.06340605,0.08259247,0.019637093,0.038439408,0.0047377273,0.022900227,0.006797768,0.006977098,0.026130117,0.019248754,0.018400654,0.040135905,0.029196646,0.035118647,0.010263026,0.052973617,0.012736589,0.051700488,0.012624539,0.019541733,0.0030396394,0.017478332,0.95898056,0.05233272,0.02343209,0.09252362,0.9381808,0.04121589,0.99087274,0.019283772,0.5436733,0.036646683,0.042142637,0.057610378,0.06248568,0.06653383,0.4030425,0.7286866,0.7698892,0.008493856,0.04199718,0.04673748,0.9895712,0.016957887,0.972713,0.0022438522,0.0032132715,0.003828913,0.1958895,0.019991837,0.004193805,0.0071867555,0.0055373907,0.01201503,0.009902835,0.010839533,0.0062655583,0.007916363,0.99139917,0.16795988,0.2261334,0.012601119,0.006023124,0.016493946,0.009035625,0.0073554665,0.017781824,0.0012459978,0.03220116,0.12966453,0.012542553,0.010338753,0.9925373,0.71655047,0.03658943,0.02168118,0.0058080517,0.0052547827,0.020441286,0.98024714,0.21609214,0.94367695,0.07789663,0.86854064,0.0154129565,0.85185134,0.011541545,0.7042661,0.018342858,0.105310984,0.32804242,0.88172394,0.3881133,0.94244367,0.82448244,0.9508742,0.21977827,0.93075705,0.009318691,0.021709874,0.88857555,0.03593941,0.03853697,0.031215861,0.8515229,0.5910289,0.62343466,0.7425109,0.018457139,0.042432543,0.44435027,0.9369886,0.81468767,0.8642999,0.13041437,0.5924704,0.15562339,0.9105778,1.0006671,0.9913174,0.9715851,0.8776547,0.68810123,0.724067,0.98565376,0.9796947,0.99922436,0.99344647,1.0011866,1.0037751
0.30093086,0.071350165,0.035930872,0.029728375,0.026947565,0.0104114115,0.024762511,0.026119195,-0.002093386,0.014098117,-0.0047518313,0.004375968,1.0310585,0.45966035,-0.002576843,0.052860864,0.0214127,-0.0039756894,0.0028376505,0.062049277,0.9046524,0.6271139,0.5788553,0.5680772,0.04362891,0.07335327,0.011882588,0.022816613,-0.0049531013,-0.0056988,0.026523441,-0.014440909,0.9448755,0.5467396,0.4987568,0.37366676,0.05952287,0.016883485,0.034351774,0.05489091,-0.0060672946,-0.0011707172,-0.005318176,-0.005828239,-0.005580157,0.26301098,-0.00090537965,0.6223574,0.045057148,0.010940969,-0.005247988,0.6274548,-0.0076553673,0.22845066,0.028168589,-0.0015040413,0.02774122,0.04470156,0.99910015,0.26998943,0.0005555153,0.4971498,0.90045655,0.16604951,1.0058172,0.11631431,0.17835334,0.30134782,0.20465568,0.5523193,0.33493,0.75183797,0.43474334,0.86914253,0.811758,0.54752624,0.058626197,-0.010162137,1.0258226,0.04816401,1.0120666,0.05702231,0.027594164,0.062982075,0.2002351,0.009110892,0.028548967,-0.0057412647,-0.000894703,0.0046899766,-0.00013332069,0.010885052,0.0016840845,-0.009697892,0.04748571,0.041531596,0.0269631,-0.0024142265,-0.004091829,-0.00093753636,-0.008016554,-0.005983378,-0.014781877,-0.005878128,0.022777572,-0.014331192,0.037046615,0.0062169824,-0.0036573187,0.023380853,0.05339307,0.045565736,-0.005166605,0.024920352,-0.0042679906,-0.006780997,0.02286221,-0.0033538789,0.03784942,0.038481325,0.01818642,-0.014779132,-0.011436909,0.033231243,-0.0047077537,0.035841297,0.023024779,-0.00924103,0.029670343,0.028142001,-0.0031462163,0.029344685,-0.013151944,-0.0050101355,0.028279275,0.04194825,0.020362705,0.036511816,-0.0077660754,0.02549743,0.03788806,-0.00094208866,0.0019831453,0.03665064,0.023874685,-0.000317052,0.36139858,-0.010689996,0.53680426,-0.005364321,0.4601372,-0.001963839,0.060048886,-0.005564183,-0.0029588528,0.039183445,-0.009575084,-0.012740731,-0.012953691,-0.009297393,0.02329126,-0.010544956,0.015728861,0.029093131,0.02883311,0.022190139
0.27594253,0.04699054,0.005251363,0.021255828,0.0032020956,0.029933453,0.0224697,0.027306043,-0.003938243,0.045542523,0.015671074,0.007724315,1.0058107,0.016607996,0.00016194582,0.016398191,0.50962913,0.94999385,0.025020726,0.064352445,0.8605736,0.97150075,0.7254488,0.97900635,0.034830812,0.9838663,0.039668426,0.016958974,0.0043349713,0.010921195,0.010691032,0.0029046722,0.90303874,0.017361138,0.06794535,0.06544222,0.06340611,0.08259241,0.019637018,0.038439393,0.0047377795,0.02290025,0.006797768,0.0069770534,0.026130162,0.019248784,0.018400714,0.040135942,0.029196717,0.035118684,0.010262966,0.05297369,0.012736514,0.05170037,0.012624539,0.01954168,0.0030396916,0.017478332,0.95898056,0.052332737,0.023432158,0.09252359,0.9381808,0.04121595,0.99087286,0.019283764,0.54367316,0.036646727,0.042142555,0.057610318,0.062485725,0.06653384,0.40304255,0.7286866,0.76988924,0.008493759,0.04199727,0.0467374,0.9895711,0.016957887,0.97271305,0.0022439547,0.0032132566,0.0038289502,0.1958895,0.019991875,0.0041938685,0.0071867406,0.0055375397,0.012015037,0.009902887,0.010839555,0.006265536,0.007916411,0.9913992,0.16795987,0.2261334,0.012601126,0.0060230643,0.016493998,0.009035546,0.0073554367,0.017781802,0.0012460351,0.03220111,0.12966451,0.012542456,0.010338798,0.9925373,0.7165504,0.03658942,0.021681154,0.0058080815,0.0052547604,0.02044136,0.98024726,0.21609215,0.94367707,0.07789663,0.86854064,0.015412936,0.8518514,0.01154153,0.70426613,0.01834288,0.10531103,0.32804245,0.88172394,0.38811326,0.9424437,0.8244824,0.9508742,0.21977818,0.9307571,0.009318728,0.02170986,0.88857555,0.03593938,0.038537063,0.031215787,0.8515229,0.59102887,0.62343466,0.742511,0.018457223,0.042432483,0.44435027,0.9369886,0.8146877,0.8643,0.13041435,0.59247035,0.15562345,0.9105778,1.0006671,0.9913174,0.9715851,0.8776547,0.6881013,0.72406685,0.9856538,0.9796946,0.9992245,0.9934466,1.0011866,1.0037751
0.2749797,0.037260294,0.0046263933,0.0018322468,0.0010899901,0.00490427,-0.0010814667,0.025077172,-0.004244536,0.013400495,-0.0042880625,-0.0061860085,0.99849224,0.42937005,0.004535675,0.08507568,0.5165328,0.9436512,0.012112588,0.08014618,0.87007,0.96574795,0.724162,0.98213714,0.03252791,0.7926924,0.034459025,-0.0017579272,0.011715636,-0.0057132766,-0.0025555491,-0.007963777,0.91466427,0.5427568,0.46900356,0.5338319,0.072734,0.08391139,0.011928603,0.032268822,0.016153991,0.00022170693,0.0034940839,0.0042301565,0.035950243,0.2427789,0.037444204,0.60205275,0.042530954,0.05160883,0.035805225,0.59297144,0.024027854,0.20235631,0.01859054,0.021627724,0.02774775,0.010520041,0.96182084,0.24296719,0.06635247,0.4663226,0.8907167,0.13339269,0.9696646,0.09792647,0.1693577,0.3263809,0.27302438,0.63144547,0.31604084,0.78238535,0.40581304,0.8223583,0.77196944,0.50975764,0.035291687,0.03740987,0.98897815,0.05272968,0.98010004,0.026195765,0.0024668276,0.023714721,0.18500192,-0.0026697516,0.011749476,-0.0059893876,0.027262375,-0.0009496063,0.02901116,0.024398923,0.03717023,0.011869624,1.00055,0.9621634,0.6049168,0.010135531,0.03373483,0.024344504,0.03480631,-0.0004079137,0.027816594,0.012242824,0.03651753,0.97179306,0.4100596,-0.004800707,0.9982081,0.9948907,0.19523951,0.016631652,0.014091697,0.022389853,0.13687399,0.9997427,0.21701086,0.94523275,0.07624799,0.86807007,0.0014513135,0.8408756,0.014758378,0.71833754,0.0072153285,0.09952198,0.3293602,0.8846202,0.37648305,0.9442786,0.8218223,0.9639393,0.2216931,0.93011713,0.005693078,-0.0017845035,0.03428127,0.023099113,0.018326983,0.020008195,0.7690333,0.86873037,0.47450078,0.74509275,0.013710141,0.096146986,0.45089057,0.9447721,0.51776683,0.556236,0.42429644,0.258175,0.14708011,0.91542447,0.99662966,1.0058401,0.9785307,0.8606266,0.70130587,0.71373034,0.9903885,0.97911143,0.99498266,0.9985909,0.9987509,0.99988973
0.7472194,0.0235219,0.6537111,0.01902327,0.10855265,0.020008504,0.010615006,0.13333103,0.008231573,0.01330553,0.008331895,0.011823356,0.98574185,0.5814841,0.07530287,0.38117576,0.99288404,0.99109495,0.12804705,0.071612865,0.9591252,0.9599074,0.9863229,0.99091196,0.9902736,0.76217103,0.9786223,0.0074264407,0.98791164,0.012317717,0.008429021,0.011035085,0.97957176,0.8845463,0.4662739,0.34824777,0.047133714,0.07343978,0.011139244,0.02908139,0.012194794,0.015823007,0.014826179,0.008914888,0.027886093,0.34706998,0.03030175,0.6185274,0.037621126,0.03749731,0.024910957,0.53020906,0.012906961,0.026055515,0.0107752085,0.016177446,0.0109163225,0.02180183,0.9633312,0.05267039,0.07082753,0.08117628,0.9156269,0.040061593,0.9833231,0.022556782,0.15972221,0.05395174,0.22985692,0.5549835,0.4186753,0.626561,0.74165434,0.97171485,0.98434055,0.9064858,0.9157158,0.27965957,0.97564006,0.13797599,0.96233773,0.042524904,0.011213124,0.038409777,0.17272478,0.013489008,0.009841114,0.014669523,0.010871291,0.011235863,0.010969266,0.014906228,0.010955162,0.009424098,0.9904389,0.16890064,0.21846244,0.008819804,0.01126197,0.014445037,0.0109678805,0.0074964464,0.010855675,0.0077659264,0.99211115,0.97580636,0.8777703,0.009941757,0.9923516,0.7115952,0.01226753,0.008345842,0.008476675,0.0046222284,0.9563643,0.9919949,0.9320482,0.98008823,0.27256373,0.93017626,0.90860534,0.98239577,0.43182284,0.8919191,0.012287512,0.111667,0.9500481,0.97974664,0.9928862,0.9925381,0.98135626,0.989692,0.905456,0.9870442,0.010961622,0.014398754,0.038280174,0.021542728,0.013881922,0.02313643,0.7631885,0.59149957,0.62817144,0.74207973,0.011440843,0.03687617,0.9848608,0.9908184,0.5000061,0.5512839,0.76156574,0.25115436,0.991236,0.99261296,0.9929082,0.992846,0.99289596,0.99199575,0.9928262,0.98725635,0.99290633,0.9928325,0.9927676,0.9928534,0.99277437,0.9927567
0.0069413558,0.06715053,0.004829496,0.04475066,0.00533098,0.040626705,0.019774474,0.060852885,0.012866139,0.05454412,0.010759193,0.008843929,0.011887908,0.4326786,0.0063607097,0.076096535,0.0127489865,0.018511936,0.005918801,0.03204222,0.016830593,0.017219856,0.013611704,0.012306541,0.008966297,0.018009484,0.014341801,0.007956505,0.011798441,0.010800809,7.249415e-06,0.014078379,0.013621155,0.5559081,0.4705384,0.51219416,0.031145196,0.03800112,0.010736942,0.030160181,0.013656169,0.009182334,0.014359891,0.009224497,0.026857823,0.24265762,0.02890712,0.5915742,0.015812352,0.037995934,0.044578373,0.6009146,0.0056366175,0.20387512,0.008122981,0.027231846,0.005544871,0.019017369,0.03057447,0.25132585,0.031675935,0.4766296,0.007740557,0.18742257,0.0010752901,0.0970598,0.0067349747,0.2771179,0.26003647,0.6205437,0.31454703,0.7785199,0.05899477,0.83127105,0.012828834,0.5205316,0.021844298,0.013171054,0.0049453974,0.06533913,0.0094177425,0.04241684,0.010469247,0.043347597,0.008113861,0.024969004,0.010156959,0.011484046,0.008781195,0.014692798,0.0041766316,0.003137648,0.008449674,0.0066574216,0.021042258,0.0018353462,0.03974521,0.013141751,0.004886806,0.009213507,0.008084968,0.0061982274,0.0075591654,0.006315112,0.008083314,0.00092470646,0.0046325773,0.008108437,0.0012515336,0.010932028,0.031198144,0.020397127,0.010102332,0.009323925,0.003432095,0.005787,0.016206354,0.01634217,0.019980356,0.025229394,0.013386488,0.011865348,0.014215589,0.025802568,0.027097464,0.022215664,0.008965254,0.012396172,0.018443406,0.01370433,0.015835427,0.010453671,0.012298822,0.017230809,0.0052289665,0.020975173,0.0011763312,0.015639402,0.006308019,0.005981058,0.018193305,0.010461986,0.021577954,0.021774888,0.015830293,0.0105237365,0.011026442,0.0153764635,0.011426881,0.011995226,0.4278466,0.02058725,0.009426445,0.006663412,0.012198567,0.012375891,0.011425555,0.012829125,0.009100959,0.012011915,0.011500776,0.011573464,0.00029107928,0.0010797381,0.0022672415,-0.0009768903
