0.92211175,0.1410001,0.9198187,0.054688573,0.37241122,0.0023764335,0.010587402,0.050157398,0.029598657,0.028518364,-0.017187297,0.020699464,-0.010024741,0.538353,0.6482441,0.7180916,0.5492603,0.94996554,0.026997007,0.003182307,0.06939121,0.49501306,0.45788068,0.8932551,0.025042638,0.034721673,0.036952674,0.024411336,-0.01535292,0.026357561,0.0146796405,0.02109268,0.021613933,0.28806448,0.5599846,0.71364045,0.8146341,0.86878884,0.018448237,0.040462554,0.0011767372,0.035457745,0.021597125,0.03694216,0.8909536,0.8902128,0.93135965,0.60282665,0.6454575,0.9467293,0.6406321,0.25573322,0.057900324,0.036956284,0.0248342,0.37756145,0.015621439,0.64891815,0.79518104,0.41824794,0.836817,0.47243166,0.052119605,0.5519011,-0.010750182,0.14935918,-0.019577637,0.10262924,0.74292576,0.83490145,0.7834989,0.7721112,0.07143241,0.5078627,-0.00881999,0.35518688,0.014197495,-0.00051258504,0.007002473,0.1585797,0.012134284,0.029993266,0.021390542,0.024102714,0.00837679,0.10444975,0.025924936,0.033982337,0.013378978,0.01981543,0.015555775,0.03612806,-0.003558036,0.012717888,1.0030668,0.91404355,0.52565485,0.6391926,0.012610137,0.71076626,0.01625757,0.010719776,0.018666148,0.021558635,0.9805151,0.9729668,0.024976306,0.0029891431,0.9933289,1.0078607,1.0054078,0.9559761,1.0061419,0.98548603,1.0050936,1.0034629,0.032655217,0.9756156,0.09577462,0.97013354,-0.008581974,0.8999024,0.019825127,0.7979895,0.014482141,0.23981158,0.008264542,0.93039286,0.028744847,0.9493199,0.1463167,0.9555355,0.00049091876,0.9801055,-0.0034442805,0.01343821,0.023212416,0.1140517,-0.0043688715,0.1509856,0.018964723,0.89022404,0.02243441,0.90714306,-2.6121736e-05,0.24939558,0.30077344,0.77761704,0.04303588,0.1656678,0.029340744,0.051000774,0.09816033,0.85559267,0.38870388,0.97634816,0.028958738,0.950782,0.029368743,0.93473303,0.2524826,0.98991966,0.99050367,0.9849223,0.9442653,0.9692924
0.027020965,0.027009591,0.7651058,0.50664955,0.41970938,0.109752715,-0.0035269856,0.005043924,0.0017918348,0.008648396,0.0013514161,0.004370928,0.0059788823,0.5789703,0.8776558,0.7056199,0.5672116,0.9490961,0.4071877,0.44858292,0.06385397,0.4954241,0.46526906,0.8447983,0.003105849,0.009401217,0.006020069,0.012150705,-0.0002374649,0.007083535,0.0036642253,0.004110694,0.0050447583,0.3984228,0.61849874,0.7833153,0.39269984,0.8523631,0.007536888,0.017376304,0.008460999,0.46767518,0.007348329,0.008829296,0.019228756,0.12770736,0.17543727,0.751205,0.020486832,0.41768104,0.120009094,0.41100886,0.05076611,0.1398212,0.01231277,0.029351354,0.016826868,0.031016827,0.8027295,0.38104063,0.4099666,0.51287127,0.0372217,0.4063781,0.007190585,0.1969843,0.0072347224,0.09004259,0.79798454,0.8636986,0.4393493,0.8649534,0.034412205,0.4987849,0.004305452,0.33931607,0.012984961,0.008752629,0.02064788,0.32070255,0.0019943044,0.061605334,0.001328826,0.007345438,0.015111446,-0.0075423717,0.002451457,0.0037471652,0.0077049583,-0.009427397,0.008749962,0.023712397,0.0038574934,0.019214153,0.9997707,0.996047,0.1499462,0.6283512,0.0022304952,0.024285018,5.0842762e-05,0.02082026,0.051942527,0.007791713,0.99786294,1.0083555,0.00058323145,-0.0061474442,0.9980177,0.9971509,0.7795176,0.01050964,0.010542609,0.9795147,0.9980325,0.9978147,0.10449737,0.9617386,0.035960123,0.92766017,0.018478453,0.89716285,0.019752681,0.80300957,0.009050071,0.2520417,0.029995084,0.9512634,0.08456421,0.98263085,0.43492997,0.9772047,0.020238161,0.97143203,0.022202551,0.0068042874,0.0104084015,0.10169917,0.00665468,0.13376707,0.027238175,0.9106932,0.019745022,0.9137223,0.01766865,0.30262828,0.29848287,0.76297534,0.0361892,0.1467259,0.019765973,0.037350446,0.288441,0.8551642,0.98375964,0.99552554,0.7841638,0.98502254,0.3520643,0.9696656,0.9131361,0.9872712,1.0087693,1.0051806,1.0000796,0.99780303
0.8819082,0.019865438,0.76898247,0.10584289,0.42568612,0.05437765,0.0045368373,0.025007695,0.0037789792,0.02153033,0.009032652,0.004776716,0.0039883032,0.5584353,0.8773242,0.17353323,0.022297025,0.023656234,0.41086882,0.45588368,0.011823051,0.010164499,0.018534929,0.014710829,0.016101718,0.014434546,0.018089116,0.011841953,0.01270175,0.006486986,0.011939675,0.004398696,0.0076365247,0.28024957,0.58750504,0.49031767,0.38455462,0.07283255,0.010784715,0.030353885,0.0114963055,0.35401654,0.01038,0.018641777,0.017974615,0.02932132,0.14197999,0.21652159,0.0142477155,0.015535444,0.098276794,0.08012307,0.013290793,0.14790443,0.0112251155,0.028662741,0.011798218,0.020143405,0.792959,0.26751477,0.3772809,0.5228254,0.06426349,0.37103793,0.0080926865,0.12281692,0.0010838211,0.07891762,0.79731613,0.6779448,0.86591804,0.1361785,0.012711614,0.48740637,0.012505382,0.3535232,0.01146923,0.01701048,0.0035496354,0.15291728,0.008242905,0.014445066,0.010529578,0.00747771,0.021227006,0.0067655444,0.010253668,0.0033530295,0.010191299,0.00373739,0.01154691,0.0063898116,0.005356729,0.0072729588,0.98093593,0.41259003,0.012296684,0.012401938,0.0116852205,0.01010254,0.010482252,0.01167807,0.004766166,0.011125753,0.0006849766,0.003361851,0.010163784,0.012396507,0.93939173,0.78438276,0.015868574,0.009617351,0.005612448,0.019356683,2.783537e-05,0.031499505,0.0048686955,0.12678099,0.07932186,0.13176778,0.0038605705,0.20837778,0.007223308,0.19479561,0.017330736,0.035533324,0.005329013,0.016146079,0.005035013,0.011316024,0.0050240457,0.0111094415,0.005829502,0.021443397,0.010325164,0.016368419,0.010540068,0.014721081,0.010629043,0.017748833,0.12863974,0.028110802,0.024118878,0.040022135,0.5556283,0.032040775,0.010729525,0.017335504,0.009794384,0.012506619,0.012688145,0.014352966,0.0075712204,0.017921418,0.019965649,0.05550438,0.005580008,0.08207624,0.009128496,0.02700165,0.026312348,0.11005403,0.5531196,0.047427237,0.47142872,0.21390083
0.8680736,0.029582813,0.7647604,0.101799175,0.41782993,0.04549724,0.0011316091,0.02676928,0.021720529,0.035110682,0.0026248656,-0.006775245,0.0021879002,0.01605928,0.8655066,0.17414072,0.9354125,0.99575204,0.4791178,0.47191715,0.09256083,0.92997146,0.65295404,0.9670207,-0.00041902065,0.018580899,-0.00042816997,0.02418971,-0.00040614605,0.013327591,0.0010443628,0.015471518,0.0007597208,0.035393715,0.5546303,0.7306448,0.7382014,0.8862736,0.00776577,0.036997017,0.02074939,0.52137685,0.021117479,0.017794918,0.1650758,0.21155266,0.08755827,0.635964,0.012052447,0.13903618,0.013657719,0.41693503,0.004316926,0.14578238,0.0010294616,0.024585575,0.0010826215,0.02148518,0.9011342,0.25086528,0.37313312,0.45268452,0.055376828,0.38946337,0.010509133,0.14445204,0.0023030937,0.09636295,0.40693513,0.82324654,0.7764783,0.7787746,0.025337696,0.8047482,-0.000337027,0.022477716,0.031083435,0.016068876,0.0039506257,0.015986115,-1.2673438e-05,0.04245162,-0.00030383468,-0.0070765615,0.0008620769,0.024687588,0.0002938211,0.012243241,0.021343756,0.012698799,0.87398183,0.01074709,0.8170784,0.02676335,0.9803103,0.921173,0.14812428,0.4613882,0.02720557,0.0015265048,0.692589,0.017262578,0.46004274,0.0174396,1.0077661,1.0064539,0.00059485435,0.020857006,0.98581606,0.98830307,0.791829,0.0026865453,0.71244884,0.5026904,1.0076342,0.9889958,0.91022944,0.9897867,0.62332094,0.9484966,0.8066851,0.96970123,0.45229164,0.93087965,0.7084898,0.29407543,0.9743369,0.9577278,1.014437,1.0066059,0.98473716,1.001352,0.9726946,0.98364234,8.6426735e-07,0.025376797,-4.6133995e-05,0.110372424,0.009939693,0.15098159,0.20106927,0.92122006,0.13097292,0.92825115,0.6483099,0.34461707,0.5524899,0.998803,0.067977965,0.57884246,0.014884561,0.3877708,0.5985728,0.9651756,0.9857366,0.9883388,1.0093493,1.0096333,0.98633736,0.997581,1.0095046,0.9863337,0.9879789,1.0113673,0.9847933,0.98784506
0.8729517,0.047907315,0.7382033,0.03711143,0.078742385,0.017655566,0.029949307,0.0286979,0.026473254,0.03397152,0.026521374,0.0096538365,0.010438651,0.5654802,0.6097324,0.190565,0.02250886,0.027432442,0.027692206,0.009397283,-0.012531713,-0.022469044,-0.007935628,0.0069935024,0.0073590875,-0.0030486584,0.059360623,-0.02456674,0.014359504,0.015188709,0.013970166,0.0121659115,0.025386795,0.27503324,0.30943078,0.7308959,0.7471506,0.48406103,0.009322971,0.020048007,0.0021749139,0.016135216,0.015729547,0.009821147,0.15276581,0.19458874,0.014102638,0.62906843,0.0057312623,0.013703376,0.06880914,0.40421718,0.004303992,0.044488966,0.0100239515,0.029790163,-0.00047385693,0.028100818,0.79528403,0.26631162,0.19966835,0.44955513,-0.007215366,0.09017587,0.028899461,0.061978742,-0.0027953386,0.04949051,0.5337481,0.81580657,0.7750736,0.7768824,0.025879204,0.47902656,0.05273122,0.3392143,0.03153821,-0.0131979585,0.027874649,0.15395465,0.027133472,0.022106305,0.010878421,0.017728679,0.0037680268,0.024236366,0.01792667,0.016548365,0.011498511,0.012638211,0.9937533,-0.0017381907,0.9957962,0.18452218,-0.013078183,0.014241219,-0.00877136,0.0142863095,0.17385378,0.00018393993,0.00017753243,-0.002778858,0.003251806,-0.00025691092,0.0008420944,0.012886897,0.0056479946,0.0065802634,0.017180532,0.006694734,-0.015229672,0.009882815,0.997017,0.9273021,-0.00038294494,-0.00069506466,0.016692445,0.11565551,0.021745324,0.16069159,0.015903741,0.19579399,0.013529122,0.16685236,0.008199453,-0.00096830726,0.013707742,0.007380843,0.011519462,0.003713727,0.012762979,0.005012423,0.013535202,-0.0069389343,0.0074840784,0.0119383335,-0.0002591014,0.016289871,-0.0023177639,0.016103938,0.03669727,0.019585297,0.044896875,0.0078815445,0.021261849,0.019522019,0.020010725,-0.007869422,0.0005095005,-0.014050871,0.005584087,-0.019454716,0.013411898,-0.011621952,0.0119060725,0.013449803,0.018708348,0.008066952,0.009694301,0.008652806,0.01635167,0.00933373,0.016421415,0.009037107,0.01854363,0.017593369
0.92211175,0.1410001,0.9198187,0.054688573,0.37241122,0.0023764335,0.010587402,0.050157398,0.029598657,0.028518364,-0.017187297,0.020699464,-0.010024741,0.538353,0.6482441,0.7180916,0.5492603,0.94996554,0.026997007,0.003182307,0.06939121,0.49501306,0.45788068,0.8932551,0.025042638,0.034721673,0.036952674,0.024411336,-0.01535292,0.026357561,0.0146796405,0.02109268,0.021613933,0.28806448,0.5599846,0.71364045,0.8146341,0.86878884,0.018448237,0.040462554,0.0011767372,0.035457745,0.021597125,0.03694216,0.8909536,0.8902128,0.93135965,0.60282665,0.6454575,0.9467293,0.6406321,0.25573322,0.057900324,0.036956284,0.0248342,0.37756145,0.015621439,0.64891815,0.79518104,0.41824794,0.836817,0.47243166,0.052119605,0.5519011,-0.010750182,0.14935918,-0.019577637,0.10262924,0.74292576,0.83490145,0.7834989,0.7721112,0.07143241,0.5078627,-0.00881999,0.35518688,0.014197495,-0.00051258504,0.007002473,0.1585797,0.012134284,0.029993266,0.021390542,0.024102714,0.00837679,0.10444975,0.025924936,0.033982337,0.013378978,0.01981543,0.015555775,0.03612806,-0.003558036,0.012717888,1.0030668,0.91404355,0.52565485,0.6391926,0.012610137,0.71076626,0.01625757,0.010719776,0.018666148,0.021558635,0.9805151,0.9729668,0.024976306,0.0029891431,0.9933289,1.0078607,1.0054078,0.9559761,1.0061419,0.98548603,1.0050936,1.0034629,0.032655217,0.9756156,0.09577462,0.97013354,-0.008581974,0.8999024,0.019825127,0.7979895,0.014482141,0.23981158,0.008264542,0.93039286,0.028744847,0.9493199,0.1463167,0.9555355,0.00049091876,0.9801055,-0.0034442805,0.01343821,0.023212416,0.1140517,-0.0043688715,0.1509856,0.018964723,0.89022404,0.02243441,0.90714306,-2.6121736e-05,0.24939558,0.30077344,0.77761704,0.04303588,0.1656678,0.029340744,0.051000774,0.09816033,0.85559267,0.38870388,0.97634816,0.028958738,0.950782,0.029368743,0.93473303,0.2524826,0.98991966,0.99050367,0.9849223,0.9442653,0.9692924
0.027020965,0.027009591,0.7651058,0.50664955,0.41970938,0.109752715,-0.0035269856,0.005043924,0.0017918348,0.008648396,0.0013514161,0.004370928,0.0059788823,0.5789703,0.8776558,0.7056199,0.5672116,0.9490961,0.4071877,0.44858292,0.06385397,0.4954241,0.46526906,0.8447983,0.003105849,0.009401217,0.006020069,0.012150705,-0.0002374649,0.007083535,0.0036642253,0.004110694,0.0050447583,0.3984228,0.61849874,0.7833153,0.39269984,0.8523631,0.007536888,0.017376304,0.008460999,0.46767518,0.007348329,0.008829296,0.019228756,0.12770736,0.17543727,0.751205,0.020486832,0.41768104,0.120009094,0.41100886,0.05076611,0.1398212,0.01231277,0.029351354,0.016826868,0.031016827,0.8027295,0.38104063,0.4099666,0.51287127,0.0372217,0.4063781,0.007190585,0.1969843,0.0072347224,0.09004259,0.79798454,0.8636986,0.4393493,0.8649534,0.034412205,0.4987849,0.004305452,0.33931607,0.012984961,0.008752629,0.02064788,0.32070255,0.0019943044,0.061605334,0.001328826,0.007345438,0.015111446,-0.0075423717,0.002451457,0.0037471652,0.0077049583,-0.009427397,0.008749962,0.023712397,0.0038574934,0.019214153,0.9997707,0.996047,0.1499462,0.6283512,0.0022304952,0.024285018,5.0842762e-05,0.02082026,0.051942527,0.007791713,0.99786294,1.0083555,0.00058323145,-0.0061474442,0.9980177,0.9971509,0.7795176,0.01050964,0.010542609,0.9795147,0.9980325,0.9978147,0.10449737,0.9617386,0.035960123,0.92766017,0.018478453,0.89716285,0.019752681,0.80300957,0.009050071,0.2520417,0.029995084,0.9512634,0.08456421,0.98263085,0.43492997,0.9772047,0.020238161,0.97143203,0.022202551,0.0068042874,0.0104084015,0.10169917,0.00665468,0.13376707,0.027238175,0.9106932,0.019745022,0.9137223,0.01766865,0.30262828,0.29848287,0.76297534,0.0361892,0.1467259,0.019765973,0.037350446,0.288441,0.8551642,0.98375964,0.99552554,0.7841638,0.98502254,0.3520643,0.9696656,0.9131361,0.9872712,1.0087693,1.0051806,1.0000796,0.99780303
0.8819082,0.019865438,0.76898247,0.10584289,0.42568612,0.05437765,0.0045368373,0.025007695,0.0037789792,0.02153033,0.009032652,0.004776716,0.0039883032,0.5584353,0.8773242,0.17353323,0.022297025,0.023656234,0.41086882,0.45588368,0.011823051,0.010164499,0.018534929,0.014710829,0.016101718,0.014434546,0.018089116,0.011841953,0.01270175,0.006486986,0.011939675,0.004398696,0.0076365247,0.28024957,0.58750504,0.49031767,0.38455462,0.07283255,0.010784715,0.030353885,0.0114963055,0.35401654,0.01038,0.018641777,0.017974615,0.02932132,0.14197999,0.21652159,0.0142477155,0.015535444,0.098276794,0.08012307,0.013290793,0.14790443,0.0112251155,0.028662741,0.011798218,0.020143405,0.792959,0.26751477,0.3772809,0.5228254,0.06426349,0.37103793,0.0080926865,0.12281692,0.0010838211,0.07891762,0.79731613,0.6779448,0.86591804,0.1361785,0.012711614,0.48740637,0.012505382,0.3535232,0.01146923,0.01701048,0.0035496354,0.15291728,0.008242905,0.014445066,0.010529578,0.00747771,0.021227006,0.0067655444,0.010253668,0.0033530295,0.010191299,0.00373739,0.01154691,0.0063898116,0.005356729,0.0072729588,0.98093593,0.41259003,0.012296684,0.012401938,0.0116852205,0.01010254,0.010482252,0.01167807,0.004766166,0.011125753,0.0006849766,0.003361851,0.010163784,0.012396507,0.93939173,0.78438276,0.015868574,0.009617351,0.005612448,0.019356683,2.783537e-05,0.031499505,0.0048686955,0.12678099,0.07932186,0.13176778,0.0038605705,0.20837778,0.007223308,0.19479561,0.017330736,0.035533324,0.005329013,0.016146079,0.005035013,0.011316024,0.0050240457,0.0111094415,0.005829502,0.021443397,0.010325164,0.016368419,0.010540068,0.014721081,0.010629043,0.017748833,0.12863974,0.028110802,0.024118878,0.040022135,0.5556283,0.032040775,0.010729525,0.017335504,0.009794384,0.012506619,0.012688145,0.014352966,0.0075712204,0.017921418,0.019965649,0.05550438,0.005580008,0.08207624,0.009128496,0.02700165,0.026312348,0.11005403,0.5531196,0.047427237,0.47142872,0.21390083
0.8680736,0.029582813,0.7647604,0.101799175,0.41782993,0.04549724,0.0011316091,0.02676928,0.021720529,0.035110682,0.0026248656,-0.006775245,0.0021879002,0.01605928,0.8655066,0.17414072,0.9354125,0.99575204,0.4791178,0.47191715,0.09256083,0.92997146,0.65295404,0.9670207,-0.00041902065,0.018580899,-0.00042816997,0.02418971,-0.00040614605,0.013327591,0.0010443628,0.015471518,0.0007597208,0.035393715,0.5546303,0.7306448,0.7382014,0.8862736,0.00776577,0.036997017,0.02074939,0.52137685,0.021117479,0.017794918,0.1650758,0.21155266,0.08755827,0.635964,0.012052447,0.13903618,0.013657719,0.41693503,0.004316926,0.14578238,0.0010294616,0.024585575,0.0010826215,0.02148518,0.9011342,0.25086528,0.37313312,0.45268452,0.055376828,0.38946337,0.010509133,0.14445204,0.0023030937,0.09636295,0.40693513,0.82324654,0.7764783,0.7787746,0.025337696,0.8047482,-0.000337027,0.022477716,0.031083435,0.016068876,0.0039506257,0.015986115,-1.2673438e-05,0.04245162,-0.00030383468,-0.0070765615,0.0008620769,0.024687588,0.0002938211,0.012243241,0.021343756,0.012698799,0.87398183,0.01074709,0.8170784,0.02676335,0.9803103,0.921173,0.14812428,0.4613882,0.02720557,0.0015265048,0.692589,0.017262578,0.46004274,0.0174396,1.0077661,1.0064539,0.00059485435,0.020857006,0.98581606,0.98830307,0.791829,0.0026865453,0.71244884,0.5026904,1.0076342,0.9889958,0.91022944,0.9897867,0.62332094,0.9484966,0.8066851,0.96970123,0.45229164,0.93087965,0.7084898,0.29407543,0.9743369,0.9577278,1.014437,1.0066059,0.98473716,1.001352,0.9726946,0.98364234,8.6426735e-07,0.025376797,-4.6133995e-05,0.110372424,0.009939693,0.15098159,0.20106927,0.92122006,0.13097292,0.92825115,0.6483099,0.34461707,0.5524899,0.998803,0.067977965,0.57884246,0.014884561,0.3877708,0.5985728,0.9651756,0.9857366,0.9883388,1.0093493,1.0096333,0.98633736,0.997581,1.0095046,0.9863337,0.9879789,1.0113673,0.9847933,0.98784506
0.8729517,0.047907315,0.7382033,0.03711143,0.078742385,0.017655566,0.029949307,0.0286979,0.026473254,0.03397152,0.026521374,0.0096538365,0.010438651,0.5654802,0.6097324,0.190565,0.02250886,0.027432442,0.027692206,0.009397283,-0.012531713,-0.022469044,-0.007935628,0.0069935024,0.0073590875,-0.0030486584,0.059360623,-0.02456674,0.014359504,0.015188709,0.013970166,0.0121659115,0.025386795,0.27503324,0.30943078,0.7308959,0.7471506,0.48406103,0.009322971,0.020048007,0.0021749139,0.016135216,0.015729547,0.009821147,0.15276581,0.19458874,0.014102638,0.62906843,0.0057312623,0.013703376,0.06880914,0.40421718,0.004303992,0.044488966,0.0100239515,0.029790163,-0.00047385693,0.028100818,0.79528403,0.26631162,0.19966835,0.44955513,-0.007215366,0.09017587,0.028899461,0.061978742,-0.0027953386,0.04949051,0.5337481,0.81580657,0.7750736,0.7768824,0.025879204,0.47902656,0.05273122,0.3392143,0.03153821,-0.0131979585,0.027874649,0.15395465,0.027133472,0.022106305,0.010878421,0.017728679,0.0037680268,0.024236366,0.01792667,0.016548365,0.011498511,0.012638211,0.9937533,-0.0017381907,0.9957962,0.18452218,-0.013078183,0.014241219,-0.00877136,0.0142863095,0.17385378,0.00018393993,0.00017753243,-0.002778858,0.003251806,-0.00025691092,0.0008420944,0.012886897,0.0056479946,0.0065802634,0.017180532,0.006694734,-0.015229672,0.009882815,0.997017,0.9273021,-0.00038294494,-0.00069506466,0.016692445,0.11565551,0.021745324,0.16069159,0.015903741,0.19579399,0.013529122,0.16685236,0.008199453,-0.00096830726,0.013707742,0.007380843,0.011519462,0.003713727,0.012762979,0.005012423,0.013535202,-0.0069389343,0.0074840784,0.0119383335,-0.0002591014,0.016289871,-0.0023177639,0.016103938,0.03669727,0.019585297,0.044896875,0.0078815445,0.021261849,0.019522019,0.020010725,-0.007869422,0.0005095005,-0.014050871,0.005584087,-0.019454716,0.013411898,-0.011621952,0.0119060725,0.013449803,0.018708348,0.008066952,0.009694301,0.008652806,0.01635167,0.00933373,0.016421415,0.009037107,0.01854363,0.017593369
0.027020965,0.027009591,0.7651058,0.50664955,0.41970938,0.109752715,-0.0035269856,0.005043924,0.0017918348,0.008648396,0.0013514161,0.004370928,0.0059788823,0.5789703,0.8776558,0.7056199,0.5672116,0.9490961,0.4071877,0.44858292,0.06385397,0.4954241,0.46526906,0.8447983,0.003105849,0.009401217,0.006020069,0.012150705,-0.0002374649,0.007083535,0.0036642253,0.004110694,0.0050447583,0.3984228,0.61849874,0.7833153,0.39269984,0.8523631,0.007536888,0.017376304,0.008460999,0.46767518,0.007348329,0.008829296,0.019228756,0.12770736,0.17543727,0.751205,0.020486832,0.41768104,0.120009094,0.41100886,0.05076611,0.1398212,0.01231277,0.029351354,0.016826868,0.031016827,0.8027295,0.38104063,0.4099666,0.51287127,0.0372217,0.4063781,0.007190585,0.1969843,0.0072347224,0.09004259,0.79798454,0.8636986,0.4393493,0.8649534,0.034412205,0.4987849,0.004305452,0.33931607,0.012984961,0.008752629,0.02064788,0.32070255,0.0019943044,0.061605334,0.001328826,0.007345438,0.015111446,-0.0075423717,0.002451457,0.0037471652,0.0077049583,-0.009427397,0.008749962,0.023712397,0.0038574934,0.019214153,0.9997707,0.996047,0.1499462,0.6283512,0.0022304952,0.024285018,5.0842762e-05,0.02082026,0.051942527,0.007791713,0.99786294,1.0083555,0.00058323145,-0.0061474442,0.9980177,0.9971509,0.7795176,0.01050964,0.010542609,0.9795147,0.9980325,0.9978147,0.10449737,0.9617386,0.035960123,0.92766017,0.018478453,0.89716285,0.019752681,0.80300957,0.009050071,0.2520417,0.029995084,0.9512634,0.08456421,0.98263085,0.43492997,0.9772047,0.020238161,0.97143203,0.022202551,0.0068042874,0.0104084015,0.10169917,0.00665468,0.13376707,0.027238175,0.9106932,0.019745022,0.9137223,0.01766865,0.30262828,0.29848287,0.76297534,0.0361892,0.1467259,0.019765973,0.037350446,0.288441,0.8551642,0.98375964,0.99552554,0.7841638,0.98502254,0.3520643,0.9696656,0.9131361,0.9872712,1.0087693,1.0051806,1.0000796,0.99780303
0.8819082,0.019865438,0.76898247,0.10584289,0.42568612,0.05437765,0.0045368373,0.025007695,0.0037789792,0.02153033,0.009032652,0.004776716,0.0039883032,0.5584353,0.8773242,0.17353323,0.022297025,0.023656234,0.41086882,0.45588368,0.011823051,0.010164499,0.018534929,0.014710829,0.016101718,0.014434546,0.018089116,0.011841953,0.01270175,0.006486986,0.011939675,0.004398696,0.0076365247,0.28024957,0.58750504,0.49031767,0.38455462,0.07283255,0.010784715,0.030353885,0.0114963055,0.35401654,0.01038,0.018641777,0.017974615,0.02932132,0.14197999,0.21652159,0.0142477155,0.015535444,0.098276794,0.08012307,0.013290793,0.14790443,0.0112251155,0.028662741,0.011798218,0.020143405,0.792959,0.26751477,0.3772809,0.5228254,0.06426349,0.37103793,0.0080926865,0.12281692,0.0010838211,0.07891762,0.79731613,0.6779448,0.86591804,0.1361785,0.012711614,0.48740637,0.012505382,0.3535232,0.01146923,0.01701048,0.0035496354,0.15291728,0.008242905,0.014445066,0.010529578,0.00747771,0.021227006,0.0067655444,0.010253668,0.0033530295,0.010191299,0.00373739,0.01154691,0.0063898116,0.005356729,0.0072729588,0.98093593,0.41259003,0.012296684,0.012401938,0.0116852205,0.01010254,0.010482252,0.01167807,0.004766166,0.011125753,0.0006849766,0.003361851,0.010163784,0.012396507,0.93939173,0.78438276,0.015868574,0.009617351,0.005612448,0.019356683,2.783537e-05,0.031499505,0.0048686955,0.12678099,0.07932186,0.13176778,0.0038605705,0.20837778,0.007223308,0.19479561,0.017330736,0.035533324,0.005329013,0.016146079,0.005035013,0.011316024,0.0050240457,0.0111094415,0.005829502,0.021443397,0.010325164,0.016368419,0.010540068,0.014721081,0.010629043,0.017748833,0.12863974,0.028110802,0.024118878,0.040022135,0.5556283,0.032040775,0.010729525,0.017335504,0.009794384,0.012506619,0.012688145,0.014352966,0.0075712204,0.017921418,0.019965649,0.05550438,0.005580008,0.08207624,0.009128496,0.02700165,0.026312348,0.11005403,0.5531196,0.047427237,0.47142872,0.21390083
0.8729517,0.047907315,0.7382033,0.03711143,0.078742385,0.017655566,0.029949307,0.0286979,0.026473254,0.03397152,0.026521374,0.0096538365,0.010438651,0.5654802,0.6097324,0.190565,0.02250886,0.027432442,0.027692206,0.009397283,-0.012531713,-0.022469044,-0.007935628,0.0069935024,0.0073590875,-0.0030486584,0.059360623,-0.02456674,0.014359504,0.015188709,0.013970166,0.0121659115,0.025386795,0.27503324,0.30943078,0.7308959,0.7471506,0.48406103,0.009322971,0.020048007,0.0021749139,0.016135216,0.015729547,0.009821147,0.15276581,0.19458874,0.014102638,0.62906843,0.0057312623,0.013703376,0.06880914,0.40421718,0.004303992,0.044488966,0.0100239515,0.029790163,-0.00047385693,0.028100818,0.79528403,0.26631162,0.19966835,0.44955513,-0.007215366,0.09017587,0.028899461,0.061978742,-0.0027953386,0.04949051,0.5337481,0.81580657,0.7750736,0.7768824,0.025879204,0.47902656,0.05273122,0.3392143,0.03153821,-0.0131979585,0.027874649,0.15395465,0.027133472,0.022106305,0.010878421,0.017728679,0.0037680268,0.024236366,0.01792667,0.016548365,0.011498511,0.012638211,0.9937533,-0.0017381907,0.9957962,0.18452218,-0.013078183,0.014241219,-0.00877136,0.0142863095,0.17385378,0.00018393993,0.00017753243,-0.002778858,0.003251806,-0.00025691092,0.0008420944,0.012886897,0.0056479946,0.0065802634,0.017180532,0.006694734,-0.015229672,0.009882815,0.997017,0.9273021,-0.00038294494,-0.00069506466,0.016692445,0.11565551,0.021745324,0.16069159,0.015903741,0.19579399,0.013529122,0.16685236,0.008199453,-0.00096830726,0.013707742,0.007380843,0.011519462,0.003713727,0.012762979,0.005012423,0.013535202,-0.0069389343,0.0074840784,0.0119383335,-0.0002591014,0.016289871,-0.0023177639,0.016103938,0.03669727,0.019585297,0.044896875,0.0078815445,0.021261849,0.019522019,0.020010725,-0.007869422,0.0005095005,-0.014050871,0.005584087,-0.019454716,0.013411898,-0.011621952,0.0119060725,0.013449803,0.018708348,0.008066952,0.009694301,0.008652806,0.01635167,0.00933373,0.016421415,0.009037107,0.01854363,0.017593369
0.8680736,0.029582813,0.7647604,0.101799175,0.41782993,0.04549724,0.0011316091,0.02676928,0.021720529,0.035110682,0.0026248656,-0.006775245,0.0021879002,0.01605928,0.8655066,0.17414072,0.9354125,0.99575204,0.4791178,0.47191715,0.09256083,0.92997146,0.65295404,0.9670207,-0.00041902065,0.018580899,-0.00042816997,0.02418971,-0.00040614605,0.013327591,0.0010443628,0.015471518,0.0007597208,0.035393715,0.5546303,0.7306448,0.7382014,0.8862736,0.00776577,0.036997017,0.02074939,0.52137685,0.021117479,0.017794918,0.1650758,0.21155266,0.08755827,0.635964,0.012052447,0.13903618,0.013657719,0.41693503,0.004316926,0.14578238,0.0010294616,0.024585575,0.0010826215,0.02148518,0.9011342,0.25086528,0.37313312,0.45268452,0.055376828,0.38946337,0.010509133,0.14445204,0.0023030937,0.09636295,0.40693513,0.82324654,0.7764783,0.7787746,0.025337696,0.8047482,-0.000337027,0.022477716,0.031083435,0.016068876,0.0039506257,0.015986115,-1.2673438e-05,0.04245162,-0.00030383468,-0.0070765615,0.0008620769,0.024687588,0.0002938211,0.012243241,0.021343756,0.012698799,0.87398183,0.01074709,0.8170784,0.02676335,0.9803103,0.921173,0.14812428,0.4613882,0.02720557,0.0015265048,0.692589,0.017262578,0.46004274,0.0174396,1.0077661,1.0064539,0.00059485435,0.020857006,0.98581606,0.98830307,0.791829,0.0026865453,0.71244884,0.5026904,1.0076342,0.9889958,0.91022944,0.9897867,0.62332094,0.9484966,0.8066851,0.96970123,0.45229164,0.93087965,0.7084898,0.29407543,0.9743369,0.9577278,1.014437,1.0066059,0.98473716,1.001352,0.9726946,0.98364234,8.6426735e-07,0.025376797,-4.6133995e-05,0.110372424,0.009939693,0.15098159,0.20106927,0.92122006,0.13097292,0.92825115,0.6483099,0.34461707,0.5524899,0.998803,0.067977965,0.57884246,0.014884561,0.3877708,0.5985728,0.9651756,0.9857366,0.9883388,1.0093493,1.0096333,0.98633736,0.997581,1.0095046,0.9863337,0.9879789,1.0113673,0.9847933,0.98784506
0.92211175,0.1410001,0.9198187,0.054688573,0.37241122,0.0023764335,0.010587402,0.050157398,0.029598657,0.028518364,-0.017187297,0.020699464,-0.010024741,0.538353,0.6482441,0.7180916,0.5492603,0.94996554,0.026997007,0.003182307,0.06939121,0.49501306,0.45788068,0.8932551,0.025042638,0.034721673,0.036952674,0.024411336,-0.01535292,0.026357561,0.0146796405,0.02109268,0.021613933,0.28806448,0.5599846,0.71364045,0.8146341,0.86878884,0.018448237,0.040462554,0.0011767372,0.035457745,0.021597125,0.03694216,0.8909536,0.8902128,0.93135965,0.60282665,0.6454575,0.9467293,0.6406321,0.25573322,0.057900324,0.036956284,0.0248342,0.37756145,0.015621439,0.64891815,0.79518104,0.41824794,0.836817,0.47243166,0.052119605,0.5519011,-0.010750182,0.14935918,-0.019577637,0.10262924,0.74292576,0.83490145,0.7834989,0.7721112,0.07143241,0.5078627,-0.00881999,0.35518688,0.014197495,-0.00051258504,0.007002473,0.1585797,0.012134284,0.029993266,0.021390542,0.024102714,0.00837679,0.10444975,0.025924936,0.033982337,0.013378978,0.01981543,0.015555775,0.03612806,-0.003558036,0.012717888,1.0030668,0.91404355,0.52565485,0.6391926,0.012610137,0.71076626,0.01625757,0.010719776,0.018666148,0.021558635,0.9805151,0.9729668,0.024976306,0.0029891431,0.9933289,1.0078607,1.0054078,0.9559761,1.0061419,0.98548603,1.0050936,1.0034629,0.032655217,0.9756156,0.09577462,0.97013354,-0.008581974,0.8999024,0.019825127,0.7979895,0.014482141,0.23981158,0.008264542,0.93039286,0.028744847,0.9493199,0.1463167,0.9555355,0.00049091876,0.9801055,-0.0034442805,0.01343821,0.023212416,0.1140517,-0.0043688715,0.1509856,0.018964723,0.89022404,0.02243441,0.90714306,-2.6121736e-05,0.24939558,0.30077344,0.77761704,0.04303588,0.1656678,0.029340744,0.051000774,0.09816033,0.85559267,0.38870388,0.97634816,0.028958738,0.950782,0.029368743,0.93473303,0.2524826,0.98991966,0.99050367,0.9849223,0.9442653,0.9692924
0.8729517,0.047907315,0.7382033,0.03711143,0.078742385,0.017655566,0.029949307,0.0286979,0.026473254,0.03397152,0.026521374,0.0096538365,0.010438651,0.5654802,0.6097324,0.190565,0.02250886,0.027432442,0.027692206,0.009397283,-0.012531713,-0.022469044,-0.007935628,0.0069935024,0.0073590875,-0.0030486584,0.059360623,-0.02456674,0.014359504,0.015188709,0.013970166,0.0121659115,0.025386795,0.27503324,0.30943078,0.7308959,0.7471506,0.48406103,0.009322971,0.020048007,0.0021749139,0.016135216,0.015729547,0.009821147,0.15276581,0.19458874,0.014102638,0.62906843,0.0057312623,0.013703376,0.06880914,0.40421718,0.004303992,0.044488966,0.0100239515,0.029790163,-0.00047385693,0.028100818,0.79528403,0.26631162,0.19966835,0.44955513,-0.007215366,0.09017587,0.028899461,0.061978742,-0.0027953386,0.04949051,0.5337481,0.81580657,0.7750736,0.7768824,0.025879204,0.47902656,0.05273122,0.3392143,0.03153821,-0.0131979585,0.027874649,0.15395465,0.027133472,0.022106305,0.010878421,0.017728679,0.0037680268,0.024236366,0.01792667,0.016548365,0.011498511,0.012638211,0.9937533,-0.0017381907,0.9957962,0.18452218,-0.013078183,0.014241219,-0.00877136,0.0142863095,0.17385378,0.00018393993,0.00017753243,-0.002778858,0.003251806,-0.00025691092,0.0008420944,0.012886897,0.0056479946,0.0065802634,0.017180532,0.006694734,-0.015229672,0.009882815,0.997017,0.9273021,-0.00038294494,-0.00069506466,0.016692445,0.11565551,0.021745324,0.16069159,0.015903741,0.19579399,0.013529122,0.16685236,0.008199453,-0.00096830726,0.013707742,0.007380843,0.011519462,0.003713727,0.012762979,0.005012423,0.013535202,-0.0069389343,0.0074840784,0.0119383335,-0.0002591014,0.016289871,-0.0023177639,0.016103938,0.03669727,0.019585297,0.044896875,0.0078815445,0.021261849,0.019522019,0.020010725,-0.007869422,0.0005095005,-0.014050871,0.005584087,-0.019454716,0.013411898,-0.011621952,0.0119060725,0.013449803,0.018708348,0.008066952,0.009694301,0.008652806,0.01635167,0.00933373,0.016421415,0.009037107,0.01854363,0.017593369
0.8680736,0.029582813,0.7647604,0.101799175,0.41782993,0.04549724,0.0011316091,0.02676928,0.021720529,0.035110682,0.0026248656,-0.006775245,0.0021879002,0.01605928,0.8655066,0.17414072,0.9354125,0.99575204,0.4791178,0.47191715,0.09256083,0.92997146,0.65295404,0.9670207,-0.00041902065,0.018580899,-0.00042816997,0.02418971,-0.00040614605,0.013327591,0.0010443628,0.015471518,0.0007597208,0.035393715,0.5546303,0.7306448,0.7382014,0.8862736,0.00776577,0.036997017,0.02074939,0.52137685,0.021117479,0.017794918,0.1650758,0.21155266,0.08755827,0.635964,0.012052447,0.13903618,0.013657719,0.41693503,0.004316926,0.14578238,0.0010294616,0.024585575,0.0010826215,0.02148518,0.9011342,0.25086528,0.37313312,0.45268452,0.055376828,0.38946337,0.010509133,0.14445204,0.0023030937,0.09636295,0.40693513,0.82324654,0.7764783,0.7787746,0.025337696,0.8047482,-0.000337027,0.022477716,0.031083435,0.016068876,0.0039506257,0.015986115,-1.2673438e-05,0.04245162,-0.00030383468,-0.0070765615,0.0008620769,0.024687588,0.0002938211,0.012243241,0.021343756,0.012698799,0.87398183,0.01074709,0.8170784,0.02676335,0.9803103,0.921173,0.14812428,0.4613882,0.02720557,0.0015265048,0.692589,0.017262578,0.46004274,0.0174396,1.0077661,1.0064539,0.00059485435,0.020857006,0.98581606,0.98830307,0.791829,0.0026865453,0.71244884,0.5026904,1.0076342,0.9889958,0.91022944,0.9897867,0.62332094,0.9484966,0.8066851,0.96970123,0.45229164,0.93087965,0.7084898,0.29407543,0.9743369,0.9577278,1.014437,1.0066059,0.98473716,1.001352,0.9726946,0.98364234,8.6426735e-07,0.025376797,-4.6133995e-05,0.110372424,0.009939693,0.15098159,0.20106927,0.92122006,0.13097292,0.92825115,0.6483099,0.34461707,0.5524899,0.998803,0.067977965,0.57884246,0.014884561,0.3877708,0.5985728,0.9651756,0.9857366,0.9883388,1.0093493,1.0096333,0.98633736,0.997581,1.0095046,0.9863337,0.9879789,1.0113673,0.9847933,0.98784506
0.8819082,0.019865438,0.76898247,0.10584289,0.42568612,0.05437765,0.0045368373,0.025007695,0.0037789792,0.02153033,0.009032652,0.004776716,0.0039883032,0.5584353,0.8773242,0.17353323,0.022297025,0.023656234,0.41086882,0.45588368,0.011823051,0.010164499,0.018534929,0.014710829,0.016101718,0.014434546,0.018089116,0.011841953,0.01270175,0.006486986,0.011939675,0.004398696,0.0076365247,0.28024957,0.58750504,0.49031767,0.38455462,0.07283255,0.010784715,0.030353885,0.0114963055,0.35401654,0.01038,0.018641777,0.017974615,0.02932132,0.14197999,0.21652159,0.0142477155,0.015535444,0.098276794,0.08012307,0.013290793,0.14790443,0.0112251155,0.028662741,0.011798218,0.020143405,0.792959,0.26751477,0.3772809,0.5228254,0.06426349,0.37103793,0.0080926865,0.12281692,0.0010838211,0.07891762,0.79731613,0.6779448,0.86591804,0.1361785,0.012711614,0.48740637,0.012505382,0.3535232,0.01146923,0.01701048,0.0035496354,0.15291728,0.008242905,0.014445066,0.010529578,0.00747771,0.021227006,0.0067655444,0.010253668,0.0033530295,0.010191299,0.00373739,0.01154691,0.0063898116,0.005356729,0.0072729588,0.98093593,0.41259003,0.012296684,0.012401938,0.0116852205,0.01010254,0.010482252,0.01167807,0.004766166,0.011125753,0.0006849766,0.003361851,0.010163784,0.012396507,0.93939173,0.78438276,0.015868574,0.009617351,0.005612448,0.019356683,2.783537e-05,0.031499505,0.0048686955,0.12678099,0.07932186,0.13176778,0.0038605705,0.20837778,0.007223308,0.19479561,0.017330736,0.035533324,0.005329013,0.016146079,0.005035013,0.011316024,0.0050240457,0.0111094415,0.005829502,0.021443397,0.010325164,0.016368419,0.010540068,0.014721081,0.010629043,0.017748833,0.12863974,0.028110802,0.024118878,0.040022135,0.5556283,0.032040775,0.010729525,0.017335504,0.009794384,0.012506619,0.012688145,0.014352966,0.0075712204,0.017921418,0.019965649,0.05550438,0.005580008,0.08207624,0.009128496,0.02700165,0.026312348,0.11005403,0.5531196,0.047427237,0.47142872,0.21390083
0.92211175,0.1410001,0.9198187,0.054688573,0.37241122,0.0023764335,0.010587402,0.050157398,0.029598657,0.028518364,-0.017187297,0.020699464,-0.010024741,0.538353,0.6482441,0.7180916,0.5492603,0.94996554,0.026997007,0.003182307,0.06939121,0.49501306,0.45788068,0.8932551,0.025042638,0.034721673,0.036952674,0.024411336,-0.01535292,0.026357561,0.0146796405,0.02109268,0.021613933,0.28806448,0.5599846,0.71364045,0.8146341,0.86878884,0.018448237,0.040462554,0.0011767372,0.035457745,0.021597125,0.03694216,0.8909536,0.8902128,0.93135965,0.60282665,0.6454575,0.9467293,0.6406321,0.25573322,0.057900324,0.036956284,0.0248342,0.37756145,0.015621439,0.64891815,0.79518104,0.41824794,0.836817,0.47243166,0.052119605,0.5519011,-0.010750182,0.14935918,-0.019577637,0.10262924,0.74292576,0.83490145,0.7834989,0.7721112,0.07143241,0.5078627,-0.00881999,0.35518688,0.014197495,-0.00051258504,0.007002473,0.1585797,0.012134284,0.029993266,0.021390542,0.024102714,0.00837679,0.10444975,0.025924936,0.033982337,0.013378978,0.01981543,0.015555775,0.03612806,-0.003558036,0.012717888,1.0030668,0.91404355,0.52565485,0.6391926,0.012610137,0.71076626,0.01625757,0.010719776,0.018666148,0.021558635,0.9805151,0.9729668,0.024976306,0.0029891431,0.9933289,1.0078607,1.0054078,0.9559761,1.0061419,0.98548603,1.0050936,1.0034629,0.032655217,0.9756156,0.09577462,0.97013354,-0.008581974,0.8999024,0.019825127,0.7979895,0.014482141,0.23981158,0.008264542,0.93039286,0.028744847,0.9493199,0.1463167,0.9555355,0.00049091876,0.9801055,-0.0034442805,0.01343821,0.023212416,0.1140517,-0.0043688715,0.1509856,0.018964723,0.89022404,0.02243441,0.90714306,-2.6121736e-05,0.24939558,0.30077344,0.77761704,0.04303588,0.1656678,0.029340744,0.051000774,0.09816033,0.85559267,0.38870388,0.97634816,0.028958738,0.950782,0.029368743,0.93473303,0.2524826,0.98991966,0.99050367,0.9849223,0.9442653,0.9692924
0.027020965,0.027009591,0.7651058,0.50664955,0.41970938,0.109752715,-0.0035269856,0.005043924,0.0017918348,0.008648396,0.0013514161,0.004370928,0.0059788823,0.5789703,0.8776558,0.7056199,0.5672116,0.9490961,0.4071877,0.44858292,0.06385397,0.4954241,0.46526906,0.8447983,0.003105849,0.009401217,0.006020069,0.012150705,-0.0002374649,0.007083535,0.0036642253,0.004110694,0.0050447583,0.3984228,0.61849874,0.7833153,0.39269984,0.8523631,0.007536888,0.017376304,0.008460999,0.46767518,0.007348329,0.008829296,0.019228756,0.12770736,0.17543727,0.751205,0.020486832,0.41768104,0.120009094,0.41100886,0.05076611,0.1398212,0.01231277,0.029351354,0.016826868,0.031016827,0.8027295,0.38104063,0.4099666,0.51287127,0.0372217,0.4063781,0.007190585,0.1969843,0.0072347224,0.09004259,0.79798454,0.8636986,0.4393493,0.8649534,0.034412205,0.4987849,0.004305452,0.33931607,0.012984961,0.008752629,0.02064788,0.32070255,0.0019943044,0.061605334,0.001328826,0.007345438,0.015111446,-0.0075423717,0.002451457,0.0037471652,0.0077049583,-0.009427397,0.008749962,0.023712397,0.0038574934,0.019214153,0.9997707,0.996047,0.1499462,0.6283512,0.0022304952,0.024285018,5.0842762e-05,0.02082026,0.051942527,0.007791713,0.99786294,1.0083555,0.00058323145,-0.0061474442,0.9980177,0.9971509,0.7795176,0.01050964,0.010542609,0.9795147,0.9980325,0.9978147,0.10449737,0.9617386,0.035960123,0.92766017,0.018478453,0.89716285,0.019752681,0.80300957,0.009050071,0.2520417,0.029995084,0.9512634,0.08456421,0.98263085,0.43492997,0.9772047,0.020238161,0.97143203,0.022202551,0.0068042874,0.0104084015,0.10169917,0.00665468,0.13376707,0.027238175,0.9106932,0.019745022,0.9137223,0.01766865,0.30262828,0.29848287,0.76297534,0.0361892,0.1467259,0.019765973,0.037350446,0.288441,0.8551642,0.98375964,0.99552554,0.7841638,0.98502254,0.3520643,0.9696656,0.9131361,0.9872712,1.0087693,1.0051806,1.0000796,0.99780303
0.8819082,0.019865438,0.76898247,0.10584289,0.42568612,0.05437765,0.0045368373,0.025007695,0.0037789792,0.02153033,0.009032652,0.004776716,0.0039883032,0.5584353,0.8773242,0.17353323,0.022297025,0.023656234,0.41086882,0.45588368,0.011823051,0.010164499,0.018534929,0.014710829,0.016101718,0.014434546,0.018089116,0.011841953,0.01270175,0.006486986,0.011939675,0.004398696,0.0076365247,0.28024957,0.58750504,0.49031767,0.38455462,0.07283255,0.010784715,0.030353885,0.0114963055,0.35401654,0.01038,0.018641777,0.017974615,0.02932132,0.14197999,0.21652159,0.0142477155,0.015535444,0.098276794,0.08012307,0.013290793,0.14790443,0.0112251155,0.028662741,0.011798218,0.020143405,0.792959,0.26751477,0.3772809,0.5228254,0.06426349,0.37103793,0.0080926865,0.12281692,0.0010838211,0.07891762,0.79731613,0.6779448,0.86591804,0.1361785,0.012711614,0.48740637,0.012505382,0.3535232,0.01146923,0.01701048,0.0035496354,0.15291728,0.008242905,0.014445066,0.010529578,0.00747771,0.021227006,0.0067655444,0.010253668,0.0033530295,0.010191299,0.00373739,0.01154691,0.0063898116,0.005356729,0.0072729588,0.98093593,0.41259003,0.012296684,0.012401938,0.0116852205,0.01010254,0.010482252,0.01167807,0.004766166,0.011125753,0.0006849766,0.003361851,0.010163784,0.012396507,0.93939173,0.78438276,0.015868574,0.009617351,0.005612448,0.019356683,2.783537e-05,0.031499505,0.0048686955,0.12678099,0.07932186,0.13176778,0.0038605705,0.20837778,0.007223308,0.19479561,0.017330736,0.035533324,0.005329013,0.016146079,0.005035013,0.011316024,0.0050240457,0.0111094415,0.005829502,0.021443397,0.010325164,0.016368419,0.010540068,0.014721081,0.010629043,0.017748833,0.12863974,0.028110802,0.024118878,0.040022135,0.5556283,0.032040775,0.010729525,0.017335504,0.009794384,0.012506619,0.012688145,0.014352966,0.0075712204,0.017921418,0.019965649,0.05550438,0.005580008,0.08207624,0.009128496,0.02700165,0.026312348,0.11005403,0.5531196,0.047427237,0.47142872,0.21390083
0.8680736,0.029582813,0.7647604,0.101799175,0.41782993,0.04549724,0.0011316091,0.02676928,0.021720529,0.035110682,0.0026248656,-0.006775245,0.0021879002,0.01605928,0.8655066,0.17414072,0.9354125,0.99575204,0.4791178,0.47191715,0.09256083,0.92997146,0.65295404,0.9670207,-0.00041902065,0.018580899,-0.00042816997,0.02418971,-0.00040614605,0.013327591,0.0010443628,0.015471518,0.0007597208,0.035393715,0.5546303,0.7306448,0.7382014,0.8862736,0.00776577,0.036997017,0.02074939,0.52137685,0.021117479,0.017794918,0.1650758,0.21155266,0.08755827,0.635964,0.012052447,0.13903618,0.013657719,0.41693503,0.004316926,0.14578238,0.0010294616,0.024585575,0.0010826215,0.02148518,0.9011342,0.25086528,0.37313312,0.45268452,0.055376828,0.38946337,0.010509133,0.14445204,0.0023030937,0.09636295,0.40693513,0.82324654,0.7764783,0.7787746,0.025337696,0.8047482,-0.000337027,0.022477716,0.031083435,0.016068876,0.0039506257,0.015986115,-1.2673438e-05,0.04245162,-0.00030383468,-0.0070765615,0.0008620769,0.024687588,0.0002938211,0.012243241,0.021343756,0.012698799,0.87398183,0.01074709,0.8170784,0.02676335,0.9803103,0.921173,0.14812428,0.4613882,0.02720557,0.0015265048,0.692589,0.017262578,0.46004274,0.0174396,1.0077661,1.0064539,0.00059485435,0.020857006,0.98581606,0.98830307,0.791829,0.0026865453,0.71244884,0.5026904,1.0076342,0.9889958,0.91022944,0.9897867,0.62332094,0.9484966,0.8066851,0.96970123,0.45229164,0.93087965,0.7084898,0.29407543,0.9743369,0.9577278,1.014437,1.0066059,0.98473716,1.001352,0.9726946,0.98364234,8.6426735e-07,0.025376797,-4.6133995e-05,0.110372424,0.009939693,0.15098159,0.20106927,0.92122006,0.13097292,0.92825115,0.6483099,0.34461707,0.5524899,0.998803,0.067977965,0.57884246,0.014884561,0.3877708,0.5985728,0.9651756,0.9857366,0.9883388,1.0093493,1.0096333,0.98633736,0.997581,1.0095046,0.9863337,0.9879789,1.0113673,0.9847933,0.98784506
0.8729517,0.047907315,0.7382033,0.03711143,0.078742385,0.017655566,0.029949307,0.0286979,0.026473254,0.03397152,0.026521374,0.0096538365,0.010438651,0.5654802,0.6097324,0.190565,0.02250886,0.027432442,0.027692206,0.009397283,-0.012531713,-0.022469044,-0.007935628,0.0069935024,0.0073590875,-0.0030486584,0.059360623,-0.02456674,0.014359504,0.015188709,0.013970166,0.0121659115,0.025386795,0.27503324,0.30943078,0.7308959,0.7471506,0.48406103,0.009322971,0.020048007,0.0021749139,0.016135216,0.015729547,0.009821147,0.15276581,0.19458874,0.014102638,0.62906843,0.0057312623,0.013703376,0.06880914,0.40421718,0.004303992,0.044488966,0.0100239515,0.029790163,-0.00047385693,0.028100818,0.79528403,0.26631162,0.19966835,0.44955513,-0.007215366,0.09017587,0.028899461,0.061978742,-0.0027953386,0.04949051,0.5337481,0.81580657,0.7750736,0.7768824,0.025879204,0.47902656,0.05273122,0.3392143,0.03153821,-0.0131979585,0.027874649,0.15395465,0.027133472,0.022106305,0.010878421,0.017728679,0.0037680268,0.024236366,0.01792667,0.016548365,0.011498511,0.012638211,0.9937533,-0.0017381907,0.9957962,0.18452218,-0.013078183,0.014241219,-0.00877136,0.0142863095,0.17385378,0.00018393993,0.00017753243,-0.002778858,0.003251806,-0.00025691092,0.0008420944,0.012886897,0.0056479946,0.0065802634,0.017180532,0.006694734,-0.015229672,0.009882815,0.997017,0.9273021,-0.00038294494,-0.00069506466,0.016692445,0.11565551,0.021745324,0.16069159,0.015903741,0.19579399,0.013529122,0.16685236,0.008199453,-0.00096830726,0.013707742,0.007380843,0.011519462,0.003713727,0.012762979,0.005012423,0.013535202,-0.0069389343,0.0074840784,0.0119383335,-0.0002591014,0.016289871,-0.0023177639,0.016103938,0.03669727,0.019585297,0.044896875,0.0078815445,0.021261849,0.019522019,0.020010725,-0.007869422,0.0005095005,-0.014050871,0.005584087,-0.019454716,0.013411898,-0.011621952,0.0119060725,0.013449803,0.018708348,0.008066952,0.009694301,0.008652806,0.01635167,0.00933373,0.016421415,0.009037107,0.01854363,0.017593369
0.027020965,0.027009591,0.7651058,0.50664955,0.41970938,0.109752715,-0.0035269856,0.005043924,0.0017918348,0.008648396,0.0013514161,0.004370928,0.0059788823,0.5789703,0.8776558,0.7056199,0.5672116,0.9490961,0.4071877,0.44858292,0.06385397,0.4954241,0.46526906,0.8447983,0.003105849,0.009401217,0.006020069,0.012150705,-0.0002374649,0.007083535,0.0036642253,0.004110694,0.0050447583,0.3984228,0.61849874,0.7833153,0.39269984,0.8523631,0.007536888,0.017376304,0.008460999,0.46767518,0.007348329,0.008829296,0.019228756,0.12770736,0.17543727,0.751205,0.020486832,0.41768104,0.120009094,0.41100886,0.05076611,0.1398212,0.01231277,0.029351354,0.016826868,0.031016827,0.8027295,0.38104063,0.4099666,0.51287127,0.0372217,0.4063781,0.007190585,0.1969843,0.0072347224,0.09004259,0.79798454,0.8636986,0.4393493,0.8649534,0.034412205,0.4987849,0.004305452,0.33931607,0.012984961,0.008752629,0.02064788,0.32070255,0.0019943044,0.061605334,0.001328826,0.007345438,0.015111446,-0.0075423717,0.002451457,0.0037471652,0.0077049583,-0.009427397,0.008749962,0.023712397,0.0038574934,0.019214153,0.9997707,0.996047,0.1499462,0.6283512,0.0022304952,0.024285018,5.0842762e-05,0.02082026,0.051942527,0.007791713,0.99786294,1.0083555,0.00058323145,-0.0061474442,0.9980177,0.9971509,0.7795176,0.01050964,0.010542609,0.9795147,0.9980325,0.9978147,0.10449737,0.9617386,0.035960123,0.92766017,0.018478453,0.89716285,0.019752681,0.80300957,0.009050071,0.2520417,0.029995084,0.9512634,0.08456421,0.98263085,0.43492997,0.9772047,0.020238161,0.97143203,0.022202551,0.0068042874,0.0104084015,0.10169917,0.00665468,0.13376707,0.027238175,0.9106932,0.019745022,0.9137223,0.01766865,0.30262828,0.29848287,0.76297534,0.0361892,0.1467259,0.019765973,0.037350446,0.288441,0.8551642,0.98375964,0.99552554,0.7841638,0.98502254,0.3520643,0.9696656,0.9131361,0.9872712,1.0087693,1.0051806,1.0000796,0.99780303
0.9221117,0.1410001,0.9198187,0.054688454,0.37241125,0.0023764223,0.010587446,0.050157458,0.029598638,0.028518438,-0.017187215,0.020699449,-0.010024771,0.538353,0.6482439,0.7180916,0.5492603,0.94996536,0.026996978,0.0031823032,0.06939123,0.49501306,0.45788068,0.8932552,0.025042638,0.034721665,0.036952645,0.024411373,-0.015352935,0.026357666,0.01467967,0.021092705,0.021613903,0.28806448,0.55998456,0.7136405,0.8146341,0.86878896,0.018448234,0.040462576,0.001176659,0.03545782,0.021597117,0.036942154,0.89095354,0.89021283,0.9313596,0.60282665,0.64545757,0.94672924,0.64063203,0.25573316,0.05790034,0.036956206,0.024834052,0.37756154,0.0156213865,0.6489182,0.7951811,0.418248,0.836817,0.4724317,0.052119575,0.55190116,-0.010750204,0.14935918,-0.019577518,0.102629215,0.74292576,0.83490145,0.7834988,0.77211124,0.07143243,0.5078627,-0.008820012,0.35518688,0.014197502,-0.00051265955,0.007002391,0.15857977,0.012134299,0.029993147,0.021390595,0.024102699,0.0083767865,0.10444977,0.025924876,0.033982303,0.013379037,0.019815408,0.015555818,0.036128066,-0.0035580918,0.012717843,1.0030668,0.91404355,0.52565485,0.6391925,0.012610167,0.7107663,0.016257495,0.010719851,0.018666178,0.021558724,0.98051524,0.97296697,0.024976328,0.0029891878,0.9933291,1.0078607,1.0054078,0.95597607,1.006142,0.9854859,1.0050937,1.0034628,0.03265524,0.9756156,0.095774665,0.97013366,-0.008581944,0.89990234,0.019825045,0.7979895,0.01448223,0.2398117,0.008264482,0.93039274,0.028744802,0.94931996,0.14631665,0.9555354,0.00049094856,0.9801054,-0.003444288,0.013438225,0.023212457,0.11405167,-0.0043687746,0.15098558,0.018964678,0.8902241,0.02243445,0.907143,-2.6114285e-05,0.24939553,0.30077344,0.777617,0.04303594,0.16566777,0.0293407,0.051000796,0.098160446,0.8555925,0.38870382,0.97634816,0.028958723,0.95078206,0.029368728,0.93473303,0.2524826,0.9899198,0.99050367,0.9849223,0.94426537,0.96929246
0.8729517,0.047907315,0.7382033,0.03711143,0.078742385,0.017655566,0.029949307,0.0286979,0.026473254,0.03397152,0.026521374,0.0096538365,0.010438651,0.5654802,0.6097324,0.190565,0.02250886,0.027432442,0.027692206,0.009397283,-0.012531713,-0.022469044,-0.007935628,0.0069935024,0.0073590875,-0.0030486584,0.059360623,-0.02456674,0.014359504,0.015188709,0.013970166,0.0121659115,0.025386795,0.27503324,0.30943078,0.7308959,0.7471506,0.48406103,0.009322971,0.020048007,0.0021749139,0.016135216,0.015729547,0.009821147,0.15276581,0.19458874,0.014102638,0.62906843,0.0057312623,0.013703376,0.06880914,0.40421718,0.004303992,0.044488966,0.0100239515,0.029790163,-0.00047385693,0.028100818,0.79528403,0.26631162,0.19966835,0.44955513,-0.007215366,0.09017587,0.028899461,0.061978742,-0.0027953386,0.04949051,0.5337481,0.81580657,0.7750736,0.7768824,0.025879204,0.47902656,0.05273122,0.3392143,0.03153821,-0.0131979585,0.027874649,0.15395465,0.027133472,0.022106305,0.010878421,0.017728679,0.0037680268,0.024236366,0.01792667,0.016548365,0.011498511,0.012638211,0.9937533,-0.0017381907,0.9957962,0.18452218,-0.013078183,0.014241219,-0.00877136,0.0142863095,0.17385378,0.00018393993,0.00017753243,-0.002778858,0.003251806,-0.00025691092,0.0008420944,0.012886897,0.0056479946,0.0065802634,0.017180532,0.006694734,-0.015229672,0.009882815,0.997017,0.9273021,-0.00038294494,-0.00069506466,0.016692445,0.11565551,0.021745324,0.16069159,0.015903741,0.19579399,0.013529122,0.16685236,0.008199453,-0.00096830726,0.013707742,0.007380843,0.011519462,0.003713727,0.012762979,0.005012423,0.013535202,-0.0069389343,0.0074840784,0.0119383335,-0.0002591014,0.016289871,-0.0023177639,0.016103938,0.03669727,0.019585297,0.044896875,0.0078815445,0.021261849,0.019522019,0.020010725,-0.007869422,0.0005095005,-0.014050871,0.005584087,-0.019454716,0.013411898,-0.011621952,0.0119060725,0.013449803,0.018708348,0.008066952,0.009694301,0.008652806,0.01635167,0.00933373,0.016421415,0.009037107,0.01854363,0.017593369
0.8819082,0.019865438,0.76898247,0.10584289,0.42568612,0.05437765,0.0045368373,0.025007695,0.0037789792,0.02153033,0.009032652,0.004776716,0.0039883032,0.5584353,0.8773242,0.17353323,0.022297025,0.023656234,0.41086882,0.45588368,0.011823051,0.010164499,0.018534929,0.014710829,0.016101718,0.014434546,0.018089116,0.011841953,0.01270175,0.006486986,0.011939675,0.004398696,0.0076365247,0.28024957,0.58750504,0.49031767,0.38455462,0.07283255,0.010784715,0.030353885,0.0114963055,0.35401654,0.01038,0.018641777,0.017974615,0.02932132,0.14197999,0.21652159,0.0142477155,0.015535444,0.098276794,0.08012307,0.013290793,0.14790443,0.0112251155,0.028662741,0.011798218,0.020143405,0.792959,0.26751477,0.3772809,0.5228254,0.06426349,0.37103793,0.0080926865,0.12281692,0.0010838211,0.07891762,0.79731613,0.6779448,0.86591804,0.1361785,0.012711614,0.48740637,0.012505382,0.3535232,0.01146923,0.01701048,0.0035496354,0.15291728,0.008242905,0.014445066,0.010529578,0.00747771,0.021227006,0.0067655444,0.010253668,0.0033530295,0.010191299,0.00373739,0.01154691,0.0063898116,0.005356729,0.0072729588,0.98093593,0.41259003,0.012296684,0.012401938,0.0116852205,0.01010254,0.010482252,0.01167807,0.004766166,0.011125753,0.0006849766,0.003361851,0.010163784,0.012396507,0.93939173,0.78438276,0.015868574,0.009617351,0.005612448,0.019356683,2.783537e-05,0.031499505,0.0048686955,0.12678099,0.07932186,0.13176778,0.0038605705,0.20837778,0.007223308,0.19479561,0.017330736,0.035533324,0.005329013,0.016146079,0.005035013,0.011316024,0.0050240457,0.0111094415,0.005829502,0.021443397,0.010325164,0.016368419,0.010540068,0.014721081,0.010629043,0.017748833,0.12863974,0.028110802,0.024118878,0.040022135,0.5556283,0.032040775,0.010729525,0.017335504,0.009794384,0.012506619,0.012688145,0.014352966,0.0075712204,0.017921418,0.019965649,0.05550438,0.005580008,0.08207624,0.009128496,0.02700165,0.026312348,0.11005403,0.5531196,0.047427237,0.47142872,0.21390083
0.8680736,0.029582813,0.7647604,0.101799175,0.41782993,0.04549724,0.0011316091,0.02676928,0.021720529,0.035110682,0.0026248656,-0.006775245,0.0021879002,0.01605928,0.8655066,0.17414072,0.9354125,0.99575204,0.4791178,0.47191715,0.09256083,0.92997146,0.65295404,0.9670207,-0.00041902065,0.018580899,-0.00042816997,0.02418971,-0.00040614605,0.013327591,0.0010443628,0.015471518,0.0007597208,0.035393715,0.5546303,0.7306448,0.7382014,0.8862736,0.00776577,0.036997017,0.02074939,0.52137685,0.021117479,0.017794918,0.1650758,0.21155266,0.08755827,0.635964,0.012052447,0.13903618,0.013657719,0.41693503,0.004316926,0.14578238,0.0010294616,0.024585575,0.0010826215,0.02148518,0.9011342,0.25086528,0.37313312,0.45268452,0.055376828,0.38946337,0.010509133,0.14445204,0.0023030937,0.09636295,0.40693513,0.82324654,0.7764783,0.7787746,0.025337696,0.8047482,-0.000337027,0.022477716,0.031083435,0.016068876,0.0039506257,0.015986115,-1.2673438e-05,0.04245162,-0.00030383468,-0.0070765615,0.0008620769,0.024687588,0.0002938211,0.012243241,0.021343756,0.012698799,0.87398183,0.01074709,0.8170784,0.02676335,0.9803103,0.921173,0.14812428,0.4613882,0.02720557,0.0015265048,0.692589,0.017262578,0.46004274,0.0174396,1.0077661,1.0064539,0.00059485435,0.020857006,0.98581606,0.98830307,0.791829,0.0026865453,0.71244884,0.5026904,1.0076342,0.9889958,0.91022944,0.9897867,0.62332094,0.9484966,0.8066851,0.96970123,0.45229164,0.93087965,0.7084898,0.29407543,0.9743369,0.9577278,1.014437,1.0066059,0.98473716,1.001352,0.9726946,0.98364234,8.6426735e-07,0.025376797,-4.6133995e-05,0.110372424,0.009939693,0.15098159,0.20106927,0.92122006,0.13097292,0.92825115,0.6483099,0.34461707,0.5524899,0.998803,0.067977965,0.57884246,0.014884561,0.3877708,0.5985728,0.9651756,0.9857366,0.9883388,1.0093493,1.0096333,0.98633736,0.997581,1.0095046,0.9863337,0.9879789,1.0113673,0.9847933,0.98784506
0.92211175,0.1410001,0.9198187,0.054688573,0.37241122,0.0023764335,0.010587402,0.050157398,0.029598657,0.028518364,-0.017187297,0.020699464,-0.010024741,0.538353,0.6482441,0.7180916,0.5492603,0.94996554,0.026997007,0.003182307,0.06939121,0.49501306,0.45788068,0.8932551,0.025042638,0.034721673,0.036952674,0.024411336,-0.01535292,0.026357561,0.0146796405,0.02109268,0.021613933,0.28806448,0.5599846,0.71364045,0.8146341,0.86878884,0.018448237,0.040462554,0.0011767372,0.035457745,0.021597125,0.03694216,0.8909536,0.8902128,0.93135965,0.60282665,0.6454575,0.9467293,0.6406321,0.25573322,0.057900324,0.036956284,0.0248342,0.37756145,0.015621439,0.64891815,0.79518104,0.41824794,0.836817,0.47243166,0.052119605,0.5519011,-0.010750182,0.14935918,-0.019577637,0.10262924,0.74292576,0.83490145,0.7834989,0.7721112,0.07143241,0.5078627,-0.00881999,0.35518688,0.014197495,-0.00051258504,0.007002473,0.1585797,0.012134284,0.029993266,0.021390542,0.024102714,0.00837679,0.10444975,0.025924936,0.033982337,0.013378978,0.01981543,0.015555775,0.03612806,-0.003558036,0.012717888,1.0030668,0.91404355,0.52565485,0.6391926,0.012610137,0.71076626,0.01625757,0.010719776,0.018666148,0.021558635,0.9805151,0.9729668,0.024976306,0.0029891431,0.9933289,1.0078607,1.0054078,0.9559761,1.0061419,0.98548603,1.0050936,1.0034629,0.032655217,0.9756156,0.09577462,0.97013354,-0.008581974,0.8999024,0.019825127,0.7979895,0.014482141,0.23981158,0.008264542,0.93039286,0.028744847,0.9493199,0.1463167,0.9555355,0.00049091876,0.9801055,-0.0034442805,0.01343821,0.023212416,0.1140517,-0.0043688715,0.1509856,0.018964723,0.89022404,0.02243441,0.90714306,-2.6121736e-05,0.24939558,0.30077344,0.77761704,0.04303588,0.1656678,0.029340744,0.051000774,0.09816033,0.85559267,0.38870388,0.97634816,0.028958738,0.950782,0.029368743,0.93473303,0.2524826,0.98991966,0.99050367,0.9849223,0.9442653,0.9692924
0.027020965,0.027009591,0.7651058,0.50664955,0.41970938,0.109752715,-0.0035269856,0.005043924,0.0017918348,0.008648396,0.0013514161,0.004370928,0.0059788823,0.5789703,0.8776558,0.7056199,0.5672116,0.9490961,0.4071877,0.44858292,0.06385397,0.4954241,0.46526906,0.8447983,0.003105849,0.009401217,0.006020069,0.012150705,-0.0002374649,0.007083535,0.0036642253,0.004110694,0.0050447583,0.3984228,0.61849874,0.7833153,0.39269984,0.8523631,0.007536888,0.017376304,0.008460999,0.46767518,0.007348329,0.008829296,0.019228756,0.12770736,0.17543727,0.751205,0.020486832,0.41768104,0.120009094,0.41100886,0.05076611,0.1398212,0.01231277,0.029351354,0.016826868,0.031016827,0.8027295,0.38104063,0.4099666,0.51287127,0.0372217,0.4063781,0.007190585,0.1969843,0.0072347224,0.09004259,0.79798454,0.8636986,0.4393493,0.8649534,0.034412205,0.4987849,0.004305452,0.33931607,0.012984961,0.008752629,0.02064788,0.32070255,0.0019943044,0.061605334,0.001328826,0.007345438,0.015111446,-0.0075423717,0.002451457,0.0037471652,0.0077049583,-0.009427397,0.008749962,0.023712397,0.0038574934,0.019214153,0.9997707,0.996047,0.1499462,0.6283512,0.0022304952,0.024285018,5.0842762e-05,0.02082026,0.051942527,0.007791713,0.99786294,1.0083555,0.00058323145,-0.0061474442,0.9980177,0.9971509,0.7795176,0.01050964,0.010542609,0.9795147,0.9980325,0.9978147,0.10449737,0.9617386,0.035960123,0.92766017,0.018478453,0.89716285,0.019752681,0.80300957,0.009050071,0.2520417,0.029995084,0.9512634,0.08456421,0.98263085,0.43492997,0.9772047,0.020238161,0.97143203,0.022202551,0.0068042874,0.0104084015,0.10169917,0.00665468,0.13376707,0.027238175,0.9106932,0.019745022,0.9137223,0.01766865,0.30262828,0.29848287,0.76297534,0.0361892,0.1467259,0.019765973,0.037350446,0.288441,0.8551642,0.98375964,0.99552554,0.7841638,0.98502254,0.3520643,0.9696656,0.9131361,0.9872712,1.0087693,1.0051806,1.0000796,0.99780303
0.8819082,0.019865438,0.76898247,0.10584289,0.42568612,0.05437765,0.0045368373,0.025007695,0.0037789792,0.02153033,0.009032652,0.004776716,0.0039883032,0.5584353,0.8773242,0.17353323,0.022297025,0.023656234,0.41086882,0.45588368,0.011823051,0.010164499,0.018534929,0.014710829,0.016101718,0.014434546,0.018089116,0.011841953,0.01270175,0.006486986,0.011939675,0.004398696,0.0076365247,0.28024957,0.58750504,0.49031767,0.38455462,0.07283255,0.010784715,0.030353885,0.0114963055,0.35401654,0.01038,0.018641777,0.017974615,0.02932132,0.14197999,0.21652159,0.0142477155,0.015535444,0.098276794,0.08012307,0.013290793,0.14790443,0.0112251155,0.028662741,0.011798218,0.020143405,0.792959,0.26751477,0.3772809,0.5228254,0.06426349,0.37103793,0.0080926865,0.12281692,0.0010838211,0.07891762,0.79731613,0.6779448,0.86591804,0.1361785,0.012711614,0.48740637,0.012505382,0.3535232,0.01146923,0.01701048,0.0035496354,0.15291728,0.008242905,0.014445066,0.010529578,0.00747771,0.021227006,0.0067655444,0.010253668,0.0033530295,0.010191299,0.00373739,0.01154691,0.0063898116,0.005356729,0.0072729588,0.98093593,0.41259003,0.012296684,0.012401938,0.0116852205,0.01010254,0.010482252,0.01167807,0.004766166,0.011125753,0.0006849766,0.003361851,0.010163784,0.012396507,0.93939173,0.78438276,0.015868574,0.009617351,0.005612448,0.019356683,2.783537e-05,0.031499505,0.0048686955,0.12678099,0.07932186,0.13176778,0.0038605705,0.20837778,0.007223308,0.19479561,0.017330736,0.035533324,0.005329013,0.016146079,0.005035013,0.011316024,0.0050240457,0.0111094415,0.005829502,0.021443397,0.010325164,0.016368419,0.010540068,0.014721081,0.010629043,0.017748833,0.12863974,0.028110802,0.024118878,0.040022135,0.5556283,0.032040775,0.010729525,0.017335504,0.009794384,0.012506619,0.012688145,0.014352966,0.0075712204,0.017921418,0.019965649,0.05550438,0.005580008,0.08207624,0.009128496,0.02700165,0.026312348,0.11005403,0.5531196,0.047427237,0.47142872,0.21390083
0.92211163,0.14100017,0.91981876,0.054688424,0.37241125,0.0023764595,0.010587499,0.050157458,0.02959869,0.028518409,-0.01718722,0.020699516,-0.010024786,0.538353,0.6482441,0.7180916,0.5492603,0.94996536,0.026996955,0.0031823441,0.06939122,0.49501306,0.45788074,0.893255,0.025042787,0.034721687,0.036952592,0.024411388,-0.0153529495,0.026357621,0.014679685,0.021092635,0.021613967,0.28806442,0.55998456,0.71364045,0.8146341,0.86878884,0.018448172,0.04046259,0.0011767149,0.035457835,0.021597184,0.036942147,0.89095354,0.89021283,0.93135965,0.6028267,0.64545757,0.9467292,0.64063203,0.25573322,0.057900384,0.03695619,0.024834052,0.3775615,0.015621357,0.6489182,0.79518104,0.41824797,0.836817,0.47243163,0.052119598,0.5519012,-0.0107502565,0.14935926,-0.019577637,0.10262926,0.74292576,0.83490145,0.7834989,0.7721112,0.07143254,0.5078627,-0.00881996,0.35518685,0.014197521,-0.0005126521,0.007002428,0.15857977,0.012134343,0.029993132,0.021390691,0.024102677,0.008376773,0.10444975,0.025924891,0.033982262,0.013378963,0.019815385,0.015555846,0.03612812,-0.0035581253,0.012717828,1.0030668,0.91404355,0.52565485,0.63919246,0.012610272,0.71076643,0.01625757,0.010719806,0.018666208,0.021558769,0.9805151,0.9729669,0.02497627,0.002989173,0.99332905,1.0078607,1.0054078,0.9559761,1.0061418,0.98548603,1.0050937,1.0034629,0.03265527,0.9756155,0.095774636,0.97013354,-0.008581921,0.89990234,0.019825071,0.79798955,0.01448223,0.23981166,0.008264586,0.93039274,0.028744742,0.94931984,0.14631665,0.9555355,0.00049100816,0.9801053,-0.003444206,0.01343821,0.023212437,0.11405164,-0.0043689758,0.15098561,0.018964663,0.8902241,0.022434391,0.90714294,-2.6196241e-05,0.24939547,0.3007734,0.77761686,0.04303594,0.16566776,0.029340625,0.05100082,0.09816051,0.8555925,0.38870388,0.97634816,0.028958738,0.950782,0.029368773,0.93473303,0.2524826,0.9899198,0.9905038,0.9849223,0.94426525,0.96929234
0.8680736,0.029582813,0.7647604,0.101799175,0.41782993,0.04549724,0.0011316091,0.02676928,0.021720529,0.035110682,0.0026248656,-0.006775245,0.0021879002,0.01605928,0.8655066,0.17414072,0.9354125,0.99575204,0.4791178,0.47191715,0.09256083,0.92997146,0.65295404,0.9670207,-0.00041902065,0.018580899,-0.00042816997,0.02418971,-0.00040614605,0.013327591,0.0010443628,0.015471518,0.0007597208,0.035393715,0.5546303,0.7306448,0.7382014,0.8862736,0.00776577,0.036997017,0.02074939,0.52137685,0.021117479,0.017794918,0.1650758,0.21155266,0.08755827,0.635964,0.012052447,0.13903618,0.013657719,0.41693503,0.004316926,0.14578238,0.0010294616,0.024585575,0.0010826215,0.02148518,0.9011342,0.25086528,0.37313312,0.45268452,0.055376828,0.38946337,0.010509133,0.14445204,0.0023030937,0.09636295,0.40693513,0.82324654,0.7764783,0.7787746,0.025337696,0.8047482,-0.000337027,0.022477716,0.031083435,0.016068876,0.0039506257,0.015986115,-1.2673438e-05,0.04245162,-0.00030383468,-0.0070765615,0.0008620769,0.024687588,0.0002938211,0.012243241,0.021343756,0.012698799,0.87398183,0.01074709,0.8170784,0.02676335,0.9803103,0.921173,0.14812428,0.4613882,0.02720557,0.0015265048,0.692589,0.017262578,0.46004274,0.0174396,1.0077661,1.0064539,0.00059485435,0.020857006,0.98581606,0.98830307,0.791829,0.0026865453,0.71244884,0.5026904,1.0076342,0.9889958,0.91022944,0.9897867,0.62332094,0.9484966,0.8066851,0.96970123,0.45229164,0.93087965,0.7084898,0.29407543,0.9743369,0.9577278,1.014437,1.0066059,0.98473716,1.001352,0.9726946,0.98364234,8.6426735e-07,0.025376797,-4.6133995e-05,0.110372424,0.009939693,0.15098159,0.20106927,0.92122006,0.13097292,0.92825115,0.6483099,0.34461707,0.5524899,0.998803,0.067977965,0.57884246,0.014884561,0.3877708,0.5985728,0.9651756,0.9857366,0.9883388,1.0093493,1.0096333,0.98633736,0.997581,1.0095046,0.9863337,0.9879789,1.0113673,0.9847933,0.98784506
0.8729517,0.047907315,0.7382033,0.03711143,0.078742385,0.017655566,0.029949307,0.0286979,0.026473254,0.03397152,0.026521374,0.0096538365,0.010438651,0.5654802,0.6097324,0.190565,0.02250886,0.027432442,0.027692206,0.009397283,-0.012531713,-0.022469044,-0.007935628,0.0069935024,0.0073590875,-0.0030486584,0.059360623,-0.02456674,0.014359504,0.015188709,0.013970166,0.0121659115,0.025386795,0.27503324,0.30943078,0.7308959,0.7471506,0.48406103,0.009322971,0.020048007,0.0021749139,0.016135216,0.015729547,0.009821147,0.15276581,0.19458874,0.014102638,0.62906843,0.0057312623,0.013703376,0.06880914,0.40421718,0.004303992,0.044488966,0.0100239515,0.029790163,-0.00047385693,0.028100818,0.79528403,0.26631162,0.19966835,0.44955513,-0.007215366,0.09017587,0.028899461,0.061978742,-0.0027953386,0.04949051,0.5337481,0.81580657,0.7750736,0.7768824,0.025879204,0.47902656,0.05273122,0.3392143,0.03153821,-0.0131979585,0.027874649,0.15395465,0.027133472,0.022106305,0.010878421,0.017728679,0.0037680268,0.024236366,0.01792667,0.016548365,0.011498511,0.012638211,0.9937533,-0.0017381907,0.9957962,0.18452218,-0.013078183,0.014241219,-0.00877136,0.0142863095,0.17385378,0.00018393993,0.00017753243,-0.002778858,0.003251806,-0.00025691092,0.0008420944,0.012886897,0.0056479946,0.0065802634,0.017180532,0.006694734,-0.015229672,0.009882815,0.997017,0.9273021,-0.00038294494,-0.00069506466,0.016692445,0.11565551,0.021745324,0.16069159,0.015903741,0.19579399,0.013529122,0.16685236,0.008199453,-0.00096830726,0.013707742,0.007380843,0.011519462,0.003713727,0.012762979,0.005012423,0.013535202,-0.0069389343,0.0074840784,0.0119383335,-0.0002591014,0.016289871,-0.0023177639,0.016103938,0.03669727,0.019585297,0.044896875,0.0078815445,0.021261849,0.019522019,0.020010725,-0.007869422,0.0005095005,-0.014050871,0.005584087,-0.019454716,0.013411898,-0.011621952,0.0119060725,0.013449803,0.018708348,0.008066952,0.009694301,0.008652806,0.01635167,0.00933373,0.016421415,0.009037107,0.01854363,0.017593369
0.027020965,0.027009591,0.7651058,0.50664955,0.41970938,0.109752715,-0.0035269856,0.005043924,0.0017918348,0.008648396,0.0013514161,0.004370928,0.0059788823,0.5789703,0.8776558,0.7056199,0.5672116,0.9490961,0.4071877,0.44858292,0.06385397,0.4954241,0.46526906,0.8447983,0.003105849,0.009401217,0.006020069,0.012150705,-0.0002374649,0.007083535,0.0036642253,0.004110694,0.0050447583,0.3984228,0.61849874,0.7833153,0.39269984,0.8523631,0.007536888,0.017376304,0.008460999,0.46767518,0.007348329,0.008829296,0.019228756,0.12770736,0.17543727,0.751205,0.020486832,0.41768104,0.120009094,0.41100886,0.05076611,0.1398212,0.01231277,0.029351354,0.016826868,0.031016827,0.8027295,0.38104063,0.4099666,0.51287127,0.0372217,0.4063781,0.007190585,0.1969843,0.0072347224,0.09004259,0.79798454,0.8636986,0.4393493,0.8649534,0.034412205,0.4987849,0.004305452,0.33931607,0.012984961,0.008752629,0.02064788,0.32070255,0.0019943044,0.061605334,0.001328826,0.007345438,0.015111446,-0.0075423717,0.002451457,0.0037471652,0.0077049583,-0.009427397,0.008749962,0.023712397,0.0038574934,0.019214153,0.9997707,0.996047,0.1499462,0.6283512,0.0022304952,0.024285018,5.0842762e-05,0.02082026,0.051942527,0.007791713,0.99786294,1.0083555,0.00058323145,-0.0061474442,0.9980177,0.9971509,0.7795176,0.01050964,0.010542609,0.9795147,0.9980325,0.9978147,0.10449737,0.9617386,0.035960123,0.92766017,0.018478453,0.89716285,0.019752681,0.80300957,0.009050071,0.2520417,0.029995084,0.9512634,0.08456421,0.98263085,0.43492997,0.9772047,0.020238161,0.97143203,0.022202551,0.0068042874,0.0104084015,0.10169917,0.00665468,0.13376707,0.027238175,0.9106932,0.019745022,0.9137223,0.01766865,0.30262828,0.29848287,0.76297534,0.0361892,0.1467259,0.019765973,0.037350446,0.288441,0.8551642,0.98375964,0.99552554,0.7841638,0.98502254,0.3520643,0.9696656,0.9131361,0.9872712,1.0087693,1.0051806,1.0000796,0.99780303
0.8819082,0.019865438,0.76898247,0.10584289,0.42568612,0.05437765,0.0045368373,0.025007695,0.0037789792,0.02153033,0.009032652,0.004776716,0.0039883032,0.5584353,0.8773242,0.17353323,0.022297025,0.023656234,0.41086882,0.45588368,0.011823051,0.010164499,0.018534929,0.014710829,0.016101718,0.014434546,0.018089116,0.011841953,0.01270175,0.006486986,0.011939675,0.004398696,0.0076365247,0.28024957,0.58750504,0.49031767,0.38455462,0.07283255,0.010784715,0.030353885,0.0114963055,0.35401654,0.01038,0.018641777,0.017974615,0.02932132,0.14197999,0.21652159,0.0142477155,0.015535444,0.098276794,0.08012307,0.013290793,0.14790443,0.0112251155,0.028662741,0.011798218,0.020143405,0.792959,0.26751477,0.3772809,0.5228254,0.06426349,0.37103793,0.0080926865,0.12281692,0.0010838211,0.07891762,0.79731613,0.6779448,0.86591804,0.1361785,0.012711614,0.48740637,0.012505382,0.3535232,0.01146923,0.01701048,0.0035496354,0.15291728,0.008242905,0.014445066,0.010529578,0.00747771,0.021227006,0.0067655444,0.010253668,0.0033530295,0.010191299,0.00373739,0.01154691,0.0063898116,0.005356729,0.0072729588,0.98093593,0.41259003,0.012296684,0.012401938,0.0116852205,0.01010254,0.010482252,0.01167807,0.004766166,0.011125753,0.0006849766,0.003361851,0.010163784,0.012396507,0.93939173,0.78438276,0.015868574,0.009617351,0.005612448,0.019356683,2.783537e-05,0.031499505,0.0048686955,0.12678099,0.07932186,0.13176778,0.0038605705,0.20837778,0.007223308,0.19479561,0.017330736,0.035533324,0.005329013,0.016146079,0.005035013,0.011316024,0.0050240457,0.0111094415,0.005829502,0.021443397,0.010325164,0.016368419,0.010540068,0.014721081,0.010629043,0.017748833,0.12863974,0.028110802,0.024118878,0.040022135,0.5556283,0.032040775,0.010729525,0.017335504,0.009794384,0.012506619,0.012688145,0.014352966,0.0075712204,0.017921418,0.019965649,0.05550438,0.005580008,0.08207624,0.009128496,0.02700165,0.026312348,0.11005403,0.5531196,0.047427237,0.47142872,0.21390083
0.027020965,0.027009591,0.7651058,0.50664955,0.41970938,0.109752715,-0.0035269856,0.005043924,0.0017918348,0.008648396,0.0013514161,0.004370928,0.0059788823,0.5789703,0.8776558,0.7056199,0.5672116,0.9490961,0.4071877,0.44858292,0.06385397,0.4954241,0.46526906,0.8447983,0.003105849,0.009401217,0.006020069,0.012150705,-0.0002374649,0.007083535,0.0036642253,0.004110694,0.0050447583,0.3984228,0.61849874,0.7833153,0.39269984,0.8523631,0.007536888,0.017376304,0.008460999,0.46767518,0.007348329,0.008829296,0.019228756,0.12770736,0.17543727,0.751205,0.020486832,0.41768104,0.120009094,0.41100886,0.05076611,0.1398212,0.01231277,0.029351354,0.016826868,0.031016827,0.8027295,0.38104063,0.4099666,0.51287127,0.0372217,0.4063781,0.007190585,0.1969843,0.0072347224,0.09004259,0.79798454,0.8636986,0.4393493,0.8649534,0.034412205,0.4987849,0.004305452,0.33931607,0.012984961,0.008752629,0.02064788,0.32070255,0.0019943044,0.061605334,0.001328826,0.007345438,0.015111446,-0.0075423717,0.002451457,0.0037471652,0.0077049583,-0.009427397,0.008749962,0.023712397,0.0038574934,0.019214153,0.9997707,0.996047,0.1499462,0.6283512,0.0022304952,0.024285018,5.0842762e-05,0.02082026,0.051942527,0.007791713,0.99786294,1.0083555,0.00058323145,-0.0061474442,0.9980177,0.9971509,0.7795176,0.01050964,0.010542609,0.9795147,0.9980325,0.9978147,0.10449737,0.9617386,0.035960123,0.92766017,0.018478453,0.89716285,0.019752681,0.80300957,0.009050071,0.2520417,0.029995084,0.9512634,0.08456421,0.98263085,0.43492997,0.9772047,0.020238161,0.97143203,0.022202551,0.0068042874,0.0104084015,0.10169917,0.00665468,0.13376707,0.027238175,0.9106932,0.019745022,0.9137223,0.01766865,0.30262828,0.29848287,0.76297534,0.0361892,0.1467259,0.019765973,0.037350446,0.288441,0.8551642,0.98375964,0.99552554,0.7841638,0.98502254,0.3520643,0.9696656,0.9131361,0.9872712,1.0087693,1.0051806,1.0000796,0.99780303
0.8680736,0.029582813,0.7647604,0.101799175,0.41782993,0.04549724,0.0011316091,0.02676928,0.021720529,0.035110682,0.0026248656,-0.006775245,0.0021879002,0.01605928,0.8655066,0.17414072,0.9354125,0.99575204,0.4791178,0.47191715,0.09256083,0.92997146,0.65295404,0.9670207,-0.00041902065,0.018580899,-0.00042816997,0.02418971,-0.00040614605,0.013327591,0.0010443628,0.015471518,0.0007597208,0.035393715,0.5546303,0.7306448,0.7382014,0.8862736,0.00776577,0.036997017,0.02074939,0.52137685,0.021117479,0.017794918,0.1650758,0.21155266,0.08755827,0.635964,0.012052447,0.13903618,0.013657719,0.41693503,0.004316926,0.14578238,0.0010294616,0.024585575,0.0010826215,0.02148518,0.9011342,0.25086528,0.37313312,0.45268452,0.055376828,0.38946337,0.010509133,0.14445204,0.0023030937,0.09636295,0.40693513,0.82324654,0.7764783,0.7787746,0.025337696,0.8047482,-0.000337027,0.022477716,0.031083435,0.016068876,0.0039506257,0.015986115,-1.2673438e-05,0.04245162,-0.00030383468,-0.0070765615,0.0008620769,0.024687588,0.0002938211,0.012243241,0.021343756,0.012698799,0.87398183,0.01074709,0.8170784,0.02676335,0.9803103,0.921173,0.14812428,0.4613882,0.02720557,0.0015265048,0.692589,0.017262578,0.46004274,0.0174396,1.0077661,1.0064539,0.00059485435,0.020857006,0.98581606,0.98830307,0.791829,0.0026865453,0.71244884,0.5026904,1.0076342,0.9889958,0.91022944,0.9897867,0.62332094,0.9484966,0.8066851,0.96970123,0.45229164,0.93087965,0.7084898,0.29407543,0.9743369,0.9577278,1.014437,1.0066059,0.98473716,1.001352,0.9726946,0.98364234,8.6426735e-07,0.025376797,-4.6133995e-05,0.110372424,0.009939693,0.15098159,0.20106927,0.92122006,0.13097292,0.92825115,0.6483099,0.34461707,0.5524899,0.998803,0.067977965,0.57884246,0.014884561,0.3877708,0.5985728,0.9651756,0.9857366,0.9883388,1.0093493,1.0096333,0.98633736,0.997581,1.0095046,0.9863337,0.9879789,1.0113673,0.9847933,0.98784506
0.8680736,0.029582813,0.7647604,0.101799175,0.41782993,0.04549724,0.0011316091,0.02676928,0.021720529,0.035110682,0.0026248656,-0.006775245,0.0021879002,0.01605928,0.8655066,0.17414072,0.9354125,0.99575204,0.4791178,0.47191715,0.09256083,0.92997146,0.65295404,0.9670207,-0.00041902065,0.018580899,-0.00042816997,0.02418971,-0.00040614605,0.013327591,0.0010443628,0.015471518,0.0007597208,0.035393715,0.5546303,0.7306448,0.7382014,0.8862736,0.00776577,0.036997017,0.02074939,0.52137685,0.021117479,0.017794918,0.1650758,0.21155266,0.08755827,0.635964,0.012052447,0.13903618,0.013657719,0.41693503,0.004316926,0.14578238,0.0010294616,0.024585575,0.0010826215,0.02148518,0.9011342,0.25086528,0.37313312,0.45268452,0.055376828,0.38946337,0.010509133,0.14445204,0.0023030937,0.09636295,0.40693513,0.82324654,0.7764783,0.7787746,0.025337696,0.8047482,-0.000337027,0.022477716,0.031083435,0.016068876,0.0039506257,0.015986115,-1.2673438e-05,0.04245162,-0.00030383468,-0.0070765615,0.0008620769,0.024687588,0.0002938211,0.012243241,0.021343756,0.012698799,0.87398183,0.01074709,0.8170784,0.02676335,0.9803103,0.921173,0.14812428,0.4613882,0.02720557,0.0015265048,0.692589,0.017262578,0.46004274,0.0174396,1.0077661,1.0064539,0.00059485435,0.020857006,0.98581606,0.98830307,0.791829,0.0026865453,0.71244884,0.5026904,1.0076342,0.9889958,0.91022944,0.9897867,0.62332094,0.9484966,0.8066851,0.96970123,0.45229164,0.93087965,0.7084898,0.29407543,0.9743369,0.9577278,1.014437,1.0066059,0.98473716,1.001352,0.9726946,0.98364234,8.6426735e-07,0.025376797,-4.6133995e-05,0.110372424,0.009939693,0.15098159,0.20106927,0.92122006,0.13097292,0.92825115,0.6483099,0.34461707,0.5524899,0.998803,0.067977965,0.57884246,0.014884561,0.3877708,0.5985728,0.9651756,0.9857366,0.9883388,1.0093493,1.0096333,0.98633736,0.997581,1.0095046,0.9863337,0.9879789,1.0113673,0.9847933,0.98784506
0.027020965,0.027009591,0.7651058,0.50664955,0.41970938,0.109752715,-0.0035269856,0.005043924,0.0017918348,0.008648396,0.0013514161,0.004370928,0.0059788823,0.5789703,0.8776558,0.7056199,0.5672116,0.9490961,0.4071877,0.44858292,0.06385397,0.4954241,0.46526906,0.8447983,0.003105849,0.009401217,0.006020069,0.012150705,-0.0002374649,0.007083535,0.0036642253,0.004110694,0.0050447583,0.3984228,0.61849874,0.7833153,0.39269984,0.8523631,0.007536888,0.017376304,0.008460999,0.46767518,0.007348329,0.008829296,0.019228756,0.12770736,0.17543727,0.751205,0.020486832,0.41768104,0.120009094,0.41100886,0.05076611,0.1398212,0.01231277,0.029351354,0.016826868,0.031016827,0.8027295,0.38104063,0.4099666,0.51287127,0.0372217,0.4063781,0.007190585,0.1969843,0.0072347224,0.09004259,0.79798454,0.8636986,0.4393493,0.8649534,0.034412205,0.4987849,0.004305452,0.33931607,0.012984961,0.008752629,0.02064788,0.32070255,0.0019943044,0.061605334,0.001328826,0.007345438,0.015111446,-0.0075423717,0.002451457,0.0037471652,0.0077049583,-0.009427397,0.008749962,0.023712397,0.0038574934,0.019214153,0.9997707,0.996047,0.1499462,0.6283512,0.0022304952,0.024285018,5.0842762e-05,0.02082026,0.051942527,0.007791713,0.99786294,1.0083555,0.00058323145,-0.0061474442,0.9980177,0.9971509,0.7795176,0.01050964,0.010542609,0.9795147,0.9980325,0.9978147,0.10449737,0.9617386,0.035960123,0.92766017,0.018478453,0.89716285,0.019752681,0.80300957,0.009050071,0.2520417,0.029995084,0.9512634,0.08456421,0.98263085,0.43492997,0.9772047,0.020238161,0.97143203,0.022202551,0.0068042874,0.0104084015,0.10169917,0.00665468,0.13376707,0.027238175,0.9106932,0.019745022,0.9137223,0.01766865,0.30262828,0.29848287,0.76297534,0.0361892,0.1467259,0.019765973,0.037350446,0.288441,0.8551642,0.98375964,0.99552554,0.7841638,0.98502254,0.3520643,0.9696656,0.9131361,0.9872712,1.0087693,1.0051806,1.0000796,0.99780303
0.8729517,0.047907315,0.7382033,0.03711143,0.078742385,0.017655566,0.029949307,0.0286979,0.026473254,0.03397152,0.026521374,0.0096538365,0.010438651,0.5654802,0.6097324,0.190565,0.02250886,0.027432442,0.027692206,0.009397283,-0.012531713,-0.022469044,-0.007935628,0.0069935024,0.0073590875,-0.0030486584,0.059360623,-0.02456674,0.014359504,0.015188709,0.013970166,0.0121659115,0.025386795,0.27503324,0.30943078,0.7308959,0.7471506,0.48406103,0.009322971,0.020048007,0.0021749139,0.016135216,0.015729547,0.009821147,0.15276581,0.19458874,0.014102638,0.62906843,0.0057312623,0.013703376,0.06880914,0.40421718,0.004303992,0.044488966,0.0100239515,0.029790163,-0.00047385693,0.028100818,0.79528403,0.26631162,0.19966835,0.44955513,-0.007215366,0.09017587,0.028899461,0.061978742,-0.0027953386,0.04949051,0.5337481,0.81580657,0.7750736,0.7768824,0.025879204,0.47902656,0.05273122,0.3392143,0.03153821,-0.0131979585,0.027874649,0.15395465,0.027133472,0.022106305,0.010878421,0.017728679,0.0037680268,0.024236366,0.01792667,0.016548365,0.011498511,0.012638211,0.9937533,-0.0017381907,0.9957962,0.18452218,-0.013078183,0.014241219,-0.00877136,0.0142863095,0.17385378,0.00018393993,0.00017753243,-0.002778858,0.003251806,-0.00025691092,0.0008420944,0.012886897,0.0056479946,0.0065802634,0.017180532,0.006694734,-0.015229672,0.009882815,0.997017,0.9273021,-0.00038294494,-0.00069506466,0.016692445,0.11565551,0.021745324,0.16069159,0.015903741,0.19579399,0.013529122,0.16685236,0.008199453,-0.00096830726,0.013707742,0.007380843,0.011519462,0.003713727,0.012762979,0.005012423,0.013535202,-0.0069389343,0.0074840784,0.0119383335,-0.0002591014,0.016289871,-0.0023177639,0.016103938,0.03669727,0.019585297,0.044896875,0.0078815445,0.021261849,0.019522019,0.020010725,-0.007869422,0.0005095005,-0.014050871,0.005584087,-0.019454716,0.013411898,-0.011621952,0.0119060725,0.013449803,0.018708348,0.008066952,0.009694301,0.008652806,0.01635167,0.00933373,0.016421415,0.009037107,0.01854363,0.017593369
0.9221118,0.14100015,0.9198187,0.054688513,0.3724113,0.002376452,0.010587476,0.050157383,0.029598657,0.028518483,-0.017187279,0.020699546,-0.010024771,0.5383531,0.648244,0.7180917,0.5492603,0.9499655,0.026996963,0.0031823702,0.069391236,0.495013,0.45788077,0.8932553,0.025042668,0.034721624,0.03695265,0.024411388,-0.015352979,0.026357591,0.0146797,0.02109271,0.021613926,0.28806457,0.5599845,0.7136404,0.8146341,0.86878896,0.01844821,0.0404626,0.0011766888,0.035457864,0.021597188,0.036942177,0.89095354,0.8902127,0.93135977,0.60282683,0.64545757,0.9467293,0.64063203,0.25573322,0.057900354,0.03695624,0.024834096,0.37756148,0.015621364,0.64891815,0.7951811,0.41824794,0.836817,0.47243172,0.052119598,0.5519012,-0.010750271,0.1493592,-0.019577593,0.10262934,0.74292576,0.8349015,0.7834988,0.7721112,0.07143243,0.5078627,-0.008820064,0.35518694,0.014197525,-0.00051267445,0.0070024207,0.1585797,0.012134299,0.029993266,0.021390557,0.024102706,0.008376764,0.104449674,0.025924876,0.03398229,0.0133790225,0.0198154,0.0155557245,0.03612809,-0.0035580415,0.012717813,1.0030669,0.91404355,0.5256548,0.6391925,0.01261019,0.7107663,0.016257554,0.010719895,0.018666148,0.021558732,0.98051536,0.9729669,0.024976285,0.0029892325,0.99332887,1.0078607,1.0054078,0.955976,1.0061419,0.9854859,1.0050938,1.0034629,0.032655254,0.9756156,0.095774576,0.97013354,-0.008581966,0.8999023,0.019825045,0.79798937,0.01448223,0.23981166,0.008264467,0.93039274,0.028744847,0.9493199,0.14631659,0.9555355,0.00049082935,0.9801053,-0.0034442618,0.01343824,0.02321246,0.1140517,-0.004368782,0.15098561,0.018964782,0.89022404,0.02243438,0.90714306,-2.6203692e-05,0.24939558,0.30077344,0.777617,0.043035924,0.16566776,0.029340744,0.051000804,0.09816037,0.85559255,0.38870394,0.97634816,0.028958745,0.95078206,0.029368758,0.93473315,0.25248265,0.98991984,0.99050367,0.9849224,0.94426537,0.9692924
0.8819082,0.019865438,0.76898247,0.10584289,0.42568612,0.05437765,0.0045368373,0.025007695,0.0037789792,0.02153033,0.009032652,0.004776716,0.0039883032,0.5584353,0.8773242,0.17353323,0.022297025,0.023656234,0.41086882,0.45588368,0.011823051,0.010164499,0.018534929,0.014710829,0.016101718,0.014434546,0.018089116,0.011841953,0.01270175,0.006486986,0.011939675,0.004398696,0.0076365247,0.28024957,0.58750504,0.49031767,0.38455462,0.07283255,0.010784715,0.030353885,0.0114963055,0.35401654,0.01038,0.018641777,0.017974615,0.02932132,0.14197999,0.21652159,0.0142477155,0.015535444,0.098276794,0.08012307,0.013290793,0.14790443,0.0112251155,0.028662741,0.011798218,0.020143405,0.792959,0.26751477,0.3772809,0.5228254,0.06426349,0.37103793,0.0080926865,0.12281692,0.0010838211,0.07891762,0.79731613,0.6779448,0.86591804,0.1361785,0.012711614,0.48740637,0.012505382,0.3535232,0.01146923,0.01701048,0.0035496354,0.15291728,0.008242905,0.014445066,0.010529578,0.00747771,0.021227006,0.0067655444,0.010253668,0.0033530295,0.010191299,0.00373739,0.01154691,0.0063898116,0.005356729,0.0072729588,0.98093593,0.41259003,0.012296684,0.012401938,0.0116852205,0.01010254,0.010482252,0.01167807,0.004766166,0.011125753,0.0006849766,0.003361851,0.010163784,0.012396507,0.93939173,0.78438276,0.015868574,0.009617351,0.005612448,0.019356683,2.783537e-05,0.031499505,0.0048686955,0.12678099,0.07932186,0.13176778,0.0038605705,0.20837778,0.007223308,0.19479561,0.017330736,0.035533324,0.005329013,0.016146079,0.005035013,0.011316024,0.0050240457,0.0111094415,0.005829502,0.021443397,0.010325164,0.016368419,0.010540068,0.014721081,0.010629043,0.017748833,0.12863974,0.028110802,0.024118878,0.040022135,0.5556283,0.032040775,0.010729525,0.017335504,0.009794384,0.012506619,0.012688145,0.014352966,0.0075712204,0.017921418,0.019965649,0.05550438,0.005580008,0.08207624,0.009128496,0.02700165,0.026312348,0.11005403,0.5531196,0.047427237,0.47142872,0.21390083
0.8729517,0.047907315,0.7382033,0.03711143,0.078742385,0.017655566,0.029949307,0.0286979,0.026473254,0.03397152,0.026521374,0.0096538365,0.010438651,0.5654802,0.6097324,0.190565,0.02250886,0.027432442,0.027692206,0.009397283,-0.012531713,-0.022469044,-0.007935628,0.0069935024,0.0073590875,-0.0030486584,0.059360623,-0.02456674,0.014359504,0.015188709,0.013970166,0.0121659115,0.025386795,0.27503324,0.30943078,0.7308959,0.7471506,0.48406103,0.009322971,0.020048007,0.0021749139,0.016135216,0.015729547,0.009821147,0.15276581,0.19458874,0.014102638,0.62906843,0.0057312623,0.013703376,0.06880914,0.40421718,0.004303992,0.044488966,0.0100239515,0.029790163,-0.00047385693,0.028100818,0.79528403,0.26631162,0.19966835,0.44955513,-0.007215366,0.09017587,0.028899461,0.061978742,-0.0027953386,0.04949051,0.5337481,0.81580657,0.7750736,0.7768824,0.025879204,0.47902656,0.05273122,0.3392143,0.03153821,-0.0131979585,0.027874649,0.15395465,0.027133472,0.022106305,0.010878421,0.017728679,0.0037680268,0.024236366,0.01792667,0.016548365,0.011498511,0.012638211,0.9937533,-0.0017381907,0.9957962,0.18452218,-0.013078183,0.014241219,-0.00877136,0.0142863095,0.17385378,0.00018393993,0.00017753243,-0.002778858,0.003251806,-0.00025691092,0.0008420944,0.012886897,0.0056479946,0.0065802634,0.017180532,0.006694734,-0.015229672,0.009882815,0.997017,0.9273021,-0.00038294494,-0.00069506466,0.016692445,0.11565551,0.021745324,0.16069159,0.015903741,0.19579399,0.013529122,0.16685236,0.008199453,-0.00096830726,0.013707742,0.007380843,0.011519462,0.003713727,0.012762979,0.005012423,0.013535202,-0.0069389343,0.0074840784,0.0119383335,-0.0002591014,0.016289871,-0.0023177639,0.016103938,0.03669727,0.019585297,0.044896875,0.0078815445,0.021261849,0.019522019,0.020010725,-0.007869422,0.0005095005,-0.014050871,0.005584087,-0.019454716,0.013411898,-0.011621952,0.0119060725,0.013449803,0.018708348,0.008066952,0.009694301,0.008652806,0.01635167,0.00933373,0.016421415,0.009037107,0.01854363,0.017593369
0.8819082,0.019865438,0.76898247,0.10584289,0.42568612,0.05437765,0.0045368373,0.025007695,0.0037789792,0.02153033,0.009032652,0.004776716,0.0039883032,0.5584353,0.8773242,0.17353323,0.022297025,0.023656234,0.41086882,0.45588368,0.011823051,0.010164499,0.018534929,0.014710829,0.016101718,0.014434546,0.018089116,0.011841953,0.01270175,0.006486986,0.011939675,0.004398696,0.0076365247,0.28024957,0.58750504,0.49031767,0.38455462,0.07283255,0.010784715,0.030353885,0.0114963055,0.35401654,0.01038,0.018641777,0.017974615,0.02932132,0.14197999,0.21652159,0.0142477155,0.015535444,0.098276794,0.08012307,0.013290793,0.14790443,0.0112251155,0.028662741,0.011798218,0.020143405,0.792959,0.26751477,0.3772809,0.5228254,0.06426349,0.37103793,0.0080926865,0.12281692,0.0010838211,0.07891762,0.79731613,0.6779448,0.86591804,0.1361785,0.012711614,0.48740637,0.012505382,0.3535232,0.01146923,0.01701048,0.0035496354,0.15291728,0.008242905,0.014445066,0.010529578,0.00747771,0.021227006,0.0067655444,0.010253668,0.0033530295,0.010191299,0.00373739,0.01154691,0.0063898116,0.005356729,0.0072729588,0.98093593,0.41259003,0.012296684,0.012401938,0.0116852205,0.01010254,0.010482252,0.01167807,0.004766166,0.011125753,0.0006849766,0.003361851,0.010163784,0.012396507,0.93939173,0.78438276,0.015868574,0.009617351,0.005612448,0.019356683,2.783537e-05,0.031499505,0.0048686955,0.12678099,0.07932186,0.13176778,0.0038605705,0.20837778,0.007223308,0.19479561,0.017330736,0.035533324,0.005329013,0.016146079,0.005035013,0.011316024,0.0050240457,0.0111094415,0.005829502,0.021443397,0.010325164,0.016368419,0.010540068,0.014721081,0.010629043,0.017748833,0.12863974,0.028110802,0.024118878,0.040022135,0.5556283,0.032040775,0.010729525,0.017335504,0.009794384,0.012506619,0.012688145,0.014352966,0.0075712204,0.017921418,0.019965649,0.05550438,0.005580008,0.08207624,0.009128496,0.02700165,0.026312348,0.11005403,0.5531196,0.047427237,0.47142872,0.21390083
0.8819082,0.019865438,0.76898247,0.10584289,0.42568612,0.05437765,0.0045368373,0.025007695,0.0037789792,0.02153033,0.009032652,0.004776716,0.0039883032,0.5584353,0.8773242,0.17353323,0.022297025,0.023656234,0.41086882,0.45588368,0.011823051,0.010164499,0.018534929,0.014710829,0.016101718,0.014434546,0.018089116,0.011841953,0.01270175,0.006486986,0.011939675,0.004398696,0.0076365247,0.28024957,0.58750504,0.49031767,0.38455462,0.07283255,0.010784715,0.030353885,0.0114963055,0.35401654,0.01038,0.018641777,0.017974615,0.02932132,0.14197999,0.21652159,0.0142477155,0.015535444,0.098276794,0.08012307,0.013290793,0.14790443,0.0112251155,0.028662741,0.011798218,0.020143405,0.792959,0.26751477,0.3772809,0.5228254,0.06426349,0.37103793,0.0080926865,0.12281692,0.0010838211,0.07891762,0.79731613,0.6779448,0.86591804,0.1361785,0.012711614,0.48740637,0.012505382,0.3535232,0.01146923,0.01701048,0.0035496354,0.15291728,0.008242905,0.014445066,0.010529578,0.00747771,0.021227006,0.0067655444,0.010253668,0.0033530295,0.010191299,0.00373739,0.01154691,0.0063898116,0.005356729,0.0072729588,0.98093593,0.41259003,0.012296684,0.012401938,0.0116852205,0.01010254,0.010482252,0.01167807,0.004766166,0.011125753,0.0006849766,0.003361851,0.010163784,0.012396507,0.93939173,0.78438276,0.015868574,0.009617351,0.005612448,0.019356683,2.783537e-05,0.031499505,0.0048686955,0.12678099,0.07932186,0.13176778,0.0038605705,0.20837778,0.007223308,0.19479561,0.017330736,0.035533324,0.005329013,0.016146079,0.005035013,0.011316024,0.0050240457,0.0111094415,0.005829502,0.021443397,0.010325164,0.016368419,0.010540068,0.014721081,0.010629043,0.017748833,0.12863974,0.028110802,0.024118878,0.040022135,0.5556283,0.032040775,0.010729525,0.017335504,0.009794384,0.012506619,0.012688145,0.014352966,0.0075712204,0.017921418,0.019965649,0.05550438,0.005580008,0.08207624,0.009128496,0.02700165,0.026312348,0.11005403,0.5531196,0.047427237,0.47142872,0.21390083
0.8680736,0.029582813,0.7647604,0.101799175,0.41782993,0.04549724,0.0011316091,0.02676928,0.021720529,0.035110682,0.0026248656,-0.006775245,0.0021879002,0.01605928,0.8655066,0.17414072,0.9354125,0.99575204,0.4791178,0.47191715,0.09256083,0.92997146,0.65295404,0.9670207,-0.00041902065,0.018580899,-0.00042816997,0.02418971,-0.00040614605,0.013327591,0.0010443628,0.015471518,0.0007597208,0.035393715,0.5546303,0.7306448,0.7382014,0.8862736,0.00776577,0.036997017,0.02074939,0.52137685,0.021117479,0.017794918,0.1650758,0.21155266,0.08755827,0.635964,0.012052447,0.13903618,0.013657719,0.41693503,0.004316926,0.14578238,0.0010294616,0.024585575,0.0010826215,0.02148518,0.9011342,0.25086528,0.37313312,0.45268452,0.055376828,0.38946337,0.010509133,0.14445204,0.0023030937,0.09636295,0.40693513,0.82324654,0.7764783,0.7787746,0.025337696,0.8047482,-0.000337027,0.022477716,0.031083435,0.016068876,0.0039506257,0.015986115,-1.2673438e-05,0.04245162,-0.00030383468,-0.0070765615,0.0008620769,0.024687588,0.0002938211,0.012243241,0.021343756,0.012698799,0.87398183,0.01074709,0.8170784,0.02676335,0.9803103,0.921173,0.14812428,0.4613882,0.02720557,0.0015265048,0.692589,0.017262578,0.46004274,0.0174396,1.0077661,1.0064539,0.00059485435,0.020857006,0.98581606,0.98830307,0.791829,0.0026865453,0.71244884,0.5026904,1.0076342,0.9889958,0.91022944,0.9897867,0.62332094,0.9484966,0.8066851,0.96970123,0.45229164,0.93087965,0.7084898,0.29407543,0.9743369,0.9577278,1.014437,1.0066059,0.98473716,1.001352,0.9726946,0.98364234,8.6426735e-07,0.025376797,-4.6133995e-05,0.110372424,0.009939693,0.15098159,0.20106927,0.92122006,0.13097292,0.92825115,0.6483099,0.34461707,0.5524899,0.998803,0.067977965,0.57884246,0.014884561,0.3877708,0.5985728,0.9651756,0.9857366,0.9883388,1.0093493,1.0096333,0.98633736,0.997581,1.0095046,0.9863337,0.9879789,1.0113673,0.9847933,0.98784506
0.8729517,0.047907315,0.7382033,0.03711143,0.078742385,0.017655566,0.029949307,0.0286979,0.026473254,0.03397152,0.026521374,0.0096538365,0.010438651,0.5654802,0.6097324,0.190565,0.02250886,0.027432442,0.027692206,0.009397283,-0.012531713,-0.022469044,-0.007935628,0.0069935024,0.0073590875,-0.0030486584,0.059360623,-0.02456674,0.014359504,0.015188709,0.013970166,0.0121659115,0.025386795,0.27503324,0.30943078,0.7308959,0.7471506,0.48406103,0.009322971,0.020048007,0.0021749139,0.016135216,0.015729547,0.009821147,0.15276581,0.19458874,0.014102638,0.62906843,0.0057312623,0.013703376,0.06880914,0.40421718,0.004303992,0.044488966,0.0100239515,0.029790163,-0.00047385693,0.028100818,0.79528403,0.26631162,0.19966835,0.44955513,-0.007215366,0.09017587,0.028899461,0.061978742,-0.0027953386,0.04949051,0.5337481,0.81580657,0.7750736,0.7768824,0.025879204,0.47902656,0.05273122,0.3392143,0.03153821,-0.0131979585,0.027874649,0.15395465,0.027133472,0.022106305,0.010878421,0.017728679,0.0037680268,0.024236366,0.01792667,0.016548365,0.011498511,0.012638211,0.9937533,-0.0017381907,0.9957962,0.18452218,-0.013078183,0.014241219,-0.00877136,0.0142863095,0.17385378,0.00018393993,0.00017753243,-0.002778858,0.003251806,-0.00025691092,0.0008420944,0.012886897,0.0056479946,0.0065802634,0.017180532,0.006694734,-0.015229672,0.009882815,0.997017,0.9273021,-0.00038294494,-0.00069506466,0.016692445,0.11565551,0.021745324,0.16069159,0.015903741,0.19579399,0.013529122,0.16685236,0.008199453,-0.00096830726,0.013707742,0.007380843,0.011519462,0.003713727,0.012762979,0.005012423,0.013535202,-0.0069389343,0.0074840784,0.0119383335,-0.0002591014,0.016289871,-0.0023177639,0.016103938,0.03669727,0.019585297,0.044896875,0.0078815445,0.021261849,0.019522019,0.020010725,-0.007869422,0.0005095005,-0.014050871,0.005584087,-0.019454716,0.013411898,-0.011621952,0.0119060725,0.013449803,0.018708348,0.008066952,0.009694301,0.008652806,0.01635167,0.00933373,0.016421415,0.009037107,0.01854363,0.017593369
0.8729517,0.047907315,0.7382033,0.03711143,0.078742385,0.017655566,0.029949307,0.0286979,0.026473254,0.03397152,0.026521374,0.0096538365,0.010438651,0.5654802,0.6097324,0.190565,0.02250886,0.027432442,0.027692206,0.009397283,-0.012531713,-0.022469044,-0.007935628,0.0069935024,0.0073590875,-0.0030486584,0.059360623,-0.02456674,0.014359504,0.015188709,0.013970166,0.0121659115,0.025386795,0.27503324,0.30943078,0.7308959,0.7471506,0.48406103,0.009322971,0.020048007,0.0021749139,0.016135216,0.015729547,0.009821147,0.15276581,0.19458874,0.014102638,0.62906843,0.0057312623,0.013703376,0.06880914,0.40421718,0.004303992,0.044488966,0.0100239515,0.029790163,-0.00047385693,0.028100818,0.79528403,0.26631162,0.19966835,0.44955513,-0.007215366,0.09017587,0.028899461,0.061978742,-0.0027953386,0.04949051,0.5337481,0.81580657,0.7750736,0.7768824,0.025879204,0.47902656,0.05273122,0.3392143,0.03153821,-0.0131979585,0.027874649,0.15395465,0.027133472,0.022106305,0.010878421,0.017728679,0.0037680268,0.024236366,0.01792667,0.016548365,0.011498511,0.012638211,0.9937533,-0.0017381907,0.9957962,0.18452218,-0.013078183,0.014241219,-0.00877136,0.0142863095,0.17385378,0.00018393993,0.00017753243,-0.002778858,0.003251806,-0.00025691092,0.0008420944,0.012886897,0.0056479946,0.0065802634,0.017180532,0.006694734,-0.015229672,0.009882815,0.997017,0.9273021,-0.00038294494,-0.00069506466,0.016692445,0.11565551,0.021745324,0.16069159,0.015903741,0.19579399,0.013529122,0.16685236,0.008199453,-0.00096830726,0.013707742,0.007380843,0.011519462,0.003713727,0.012762979,0.005012423,0.013535202,-0.0069389343,0.0074840784,0.0119383335,-0.0002591014,0.016289871,-0.0023177639,0.016103938,0.03669727,0.019585297,0.044896875,0.0078815445,0.021261849,0.019522019,0.020010725,-0.007869422,0.0005095005,-0.014050871,0.005584087,-0.019454716,0.013411898,-0.011621952,0.0119060725,0.013449803,0.018708348,0.008066952,0.009694301,0.008652806,0.01635167,0.00933373,0.016421415,0.009037107,0.01854363,0.017593369
0.8680736,0.029582813,0.7647604,0.101799175,0.41782993,0.04549724,0.0011316091,0.02676928,0.021720529,0.035110682,0.0026248656,-0.006775245,0.0021879002,0.01605928,0.8655066,0.17414072,0.9354125,0.99575204,0.4791178,0.47191715,0.09256083,0.92997146,0.65295404,0.9670207,-0.00041902065,0.018580899,-0.00042816997,0.02418971,-0.00040614605,0.013327591,0.0010443628,0.015471518,0.0007597208,0.035393715,0.5546303,0.7306448,0.7382014,0.8862736,0.00776577,0.036997017,0.02074939,0.52137685,0.021117479,0.017794918,0.1650758,0.21155266,0.08755827,0.635964,0.012052447,0.13903618,0.013657719,0.41693503,0.004316926,0.14578238,0.0010294616,0.024585575,0.0010826215,0.02148518,0.9011342,0.25086528,0.37313312,0.45268452,0.055376828,0.38946337,0.010509133,0.14445204,0.0023030937,0.09636295,0.40693513,0.82324654,0.7764783,0.7787746,0.025337696,0.8047482,-0.000337027,0.022477716,0.031083435,0.016068876,0.0039506257,0.015986115,-1.2673438e-05,0.04245162,-0.00030383468,-0.0070765615,0.0008620769,0.024687588,0.0002938211,0.012243241,0.021343756,0.012698799,0.87398183,0.01074709,0.8170784,0.02676335,0.9803103,0.921173,0.14812428,0.4613882,0.02720557,0.0015265048,0.692589,0.017262578,0.46004274,0.0174396,1.0077661,1.0064539,0.00059485435,0.020857006,0.98581606,0.98830307,0.791829,0.0026865453,0.71244884,0.5026904,1.0076342,0.9889958,0.91022944,0.9897867,0.62332094,0.9484966,0.8066851,0.96970123,0.45229164,0.93087965,0.7084898,0.29407543,0.9743369,0.9577278,1.014437,1.0066059,0.98473716,1.001352,0.9726946,0.98364234,8.6426735e-07,0.025376797,-4.6133995e-05,0.110372424,0.009939693,0.15098159,0.20106927,0.92122006,0.13097292,0.92825115,0.6483099,0.34461707,0.5524899,0.998803,0.067977965,0.57884246,0.014884561,0.3877708,0.5985728,0.9651756,0.9857366,0.9883388,1.0093493,1.0096333,0.98633736,0.997581,1.0095046,0.9863337,0.9879789,1.0113673,0.9847933,0.98784506
0.9221117,0.1410001,0.91981876,0.054688454,0.37241122,0.0023764372,0.010587461,0.05015725,0.029598624,0.028518364,-0.017187174,0.020699464,-0.010024831,0.53835297,0.6482441,0.71809167,0.5492602,0.94996536,0.026996944,0.0031823553,0.06939126,0.49501303,0.45788068,0.893255,0.025042683,0.03472171,0.036952615,0.024411373,-0.01535289,0.026357561,0.014679655,0.021092653,0.02161394,0.28806454,0.55998456,0.71364045,0.8146341,0.86878884,0.018448172,0.0404626,0.0011767,0.035457835,0.02159714,0.03694213,0.89095354,0.8902127,0.9313596,0.6028268,0.64545757,0.9467293,0.64063203,0.25573316,0.05790031,0.036956184,0.024834186,0.37756154,0.015621409,0.64891815,0.7951809,0.41824794,0.8368169,0.4724317,0.052119635,0.5519012,-0.0107503235,0.1493592,-0.019577637,0.10262922,0.74292576,0.83490145,0.7834989,0.7721112,0.07143249,0.5078627,-0.008820064,0.35518688,0.014197521,-0.000512518,0.0070023984,0.15857974,0.012134343,0.029993162,0.021390498,0.024102662,0.008376764,0.10444969,0.025924817,0.033982273,0.013378918,0.019815408,0.015555788,0.03612812,-0.003558047,0.012717798,1.0030669,0.91404355,0.52565485,0.6391925,0.01261019,0.71076643,0.016257644,0.010719851,0.018666118,0.021558687,0.98051524,0.9729668,0.024976294,0.0029891282,0.99332905,1.0078604,1.0054078,0.9559759,1.0061419,0.98548603,1.0050936,1.0034628,0.03265527,0.9756156,0.095774665,0.97013366,-0.008581957,0.89990234,0.019824974,0.79798937,0.014482118,0.23981154,0.008264512,0.9303927,0.028744787,0.94931984,0.14631674,0.9555354,0.00049096346,0.98010516,-0.0034442581,0.01343821,0.023212457,0.11405155,-0.004368797,0.15098554,0.018964753,0.8902241,0.02243438,0.907143,-2.6121736e-05,0.24939552,0.30077338,0.777617,0.04303591,0.16566773,0.029340655,0.051000886,0.098160416,0.8555925,0.38870388,0.97634816,0.028958656,0.95078194,0.029368684,0.93473315,0.2524826,0.9899198,0.9905038,0.9849222,0.94426525,0.9692923
0.027020965,0.027009591,0.7651058,0.50664955,0.41970938,0.109752715,-0.0035269856,0.005043924,0.0017918348,0.008648396,0.0013514161,0.004370928,0.0059788823,0.5789703,0.8776558,0.7056199,0.5672116,0.9490961,0.4071877,0.44858292,0.06385397,0.4954241,0.46526906,0.8447983,0.003105849,0.009401217,0.006020069,0.012150705,-0.0002374649,0.007083535,0.0036642253,0.004110694,0.0050447583,0.3984228,0.61849874,0.7833153,0.39269984,0.8523631,0.007536888,0.017376304,0.008460999,0.46767518,0.007348329,0.008829296,0.019228756,0.12770736,0.17543727,0.751205,0.020486832,0.41768104,0.120009094,0.41100886,0.05076611,0.1398212,0.01231277,0.029351354,0.016826868,0.031016827,0.8027295,0.38104063,0.4099666,0.51287127,0.0372217,0.4063781,0.007190585,0.1969843,0.0072347224,0.09004259,0.79798454,0.8636986,0.4393493,0.8649534,0.034412205,0.4987849,0.004305452,0.33931607,0.012984961,0.008752629,0.02064788,0.32070255,0.0019943044,0.061605334,0.001328826,0.007345438,0.015111446,-0.0075423717,0.002451457,0.0037471652,0.0077049583,-0.009427397,0.008749962,0.023712397,0.0038574934,0.019214153,0.9997707,0.996047,0.1499462,0.6283512,0.0022304952,0.024285018,5.0842762e-05,0.02082026,0.051942527,0.007791713,0.99786294,1.0083555,0.00058323145,-0.0061474442,0.9980177,0.9971509,0.7795176,0.01050964,0.010542609,0.9795147,0.9980325,0.9978147,0.10449737,0.9617386,0.035960123,0.92766017,0.018478453,0.89716285,0.019752681,0.80300957,0.009050071,0.2520417,0.029995084,0.9512634,0.08456421,0.98263085,0.43492997,0.9772047,0.020238161,0.97143203,0.022202551,0.0068042874,0.0104084015,0.10169917,0.00665468,0.13376707,0.027238175,0.9106932,0.019745022,0.9137223,0.01766865,0.30262828,0.29848287,0.76297534,0.0361892,0.1467259,0.019765973,0.037350446,0.288441,0.8551642,0.98375964,0.99552554,0.7841638,0.98502254,0.3520643,0.9696656,0.9131361,0.9872712,1.0087693,1.0051806,1.0000796,0.99780303
0.027020965,0.027009591,0.7651058,0.50664955,0.41970938,0.109752715,-0.0035269856,0.005043924,0.0017918348,0.008648396,0.0013514161,0.004370928,0.0059788823,0.5789703,0.8776558,0.7056199,0.5672116,0.9490961,0.4071877,0.44858292,0.06385397,0.4954241,0.46526906,0.8447983,0.003105849,0.009401217,0.006020069,0.012150705,-0.0002374649,0.007083535,0.0036642253,0.004110694,0.0050447583,0.3984228,0.61849874,0.7833153,0.39269984,0.8523631,0.007536888,0.017376304,0.008460999,0.46767518,0.007348329,0.008829296,0.019228756,0.12770736,0.17543727,0.751205,0.020486832,0.41768104,0.120009094,0.41100886,0.05076611,0.1398212,0.01231277,0.029351354,0.016826868,0.031016827,0.8027295,0.38104063,0.4099666,0.51287127,0.0372217,0.4063781,0.007190585,0.1969843,0.0072347224,0.09004259,0.79798454,0.8636986,0.4393493,0.8649534,0.034412205,0.4987849,0.004305452,0.33931607,0.012984961,0.008752629,0.02064788,0.32070255,0.0019943044,0.061605334,0.001328826,0.007345438,0.015111446,-0.0075423717,0.002451457,0.0037471652,0.0077049583,-0.009427397,0.008749962,0.023712397,0.0038574934,0.019214153,0.9997707,0.996047,0.1499462,0.6283512,0.0022304952,0.024285018,5.0842762e-05,0.02082026,0.051942527,0.007791713,0.99786294,1.0083555,0.00058323145,-0.0061474442,0.9980177,0.9971509,0.7795176,0.01050964,0.010542609,0.9795147,0.9980325,0.9978147,0.10449737,0.9617386,0.035960123,0.92766017,0.018478453,0.89716285,0.019752681,0.80300957,0.009050071,0.2520417,0.029995084,0.9512634,0.08456421,0.98263085,0.43492997,0.9772047,0.020238161,0.97143203,0.022202551,0.0068042874,0.0104084015,0.10169917,0.00665468,0.13376707,0.027238175,0.9106932,0.019745022,0.9137223,0.01766865,0.30262828,0.29848287,0.76297534,0.0361892,0.1467259,0.019765973,0.037350446,0.288441,0.8551642,0.98375964,0.99552554,0.7841638,0.98502254,0.3520643,0.9696656,0.9131361,0.9872712,1.0087693,1.0051806,1.0000796,0.99780303
0.92211175,0.1410001,0.9198187,0.054688573,0.37241122,0.0023764335,0.010587402,0.050157398,0.029598657,0.028518364,-0.017187297,0.020699464,-0.010024741,0.538353,0.6482441,0.7180916,0.5492603,0.94996554,0.026997007,0.003182307,0.06939121,0.49501306,0.45788068,0.8932551,0.025042638,0.034721673,0.036952674,0.024411336,-0.01535292,0.026357561,0.0146796405,0.02109268,0.021613933,0.28806448,0.5599846,0.71364045,0.8146341,0.86878884,0.018448237,0.040462554,0.0011767372,0.035457745,0.021597125,0.03694216,0.8909536,0.8902128,0.93135965,0.60282665,0.6454575,0.9467293,0.6406321,0.25573322,0.057900324,0.036956284,0.0248342,0.37756145,0.015621439,0.64891815,0.79518104,0.41824794,0.836817,0.47243166,0.052119605,0.5519011,-0.010750182,0.14935918,-0.019577637,0.10262924,0.74292576,0.83490145,0.7834989,0.7721112,0.07143241,0.5078627,-0.00881999,0.35518688,0.014197495,-0.00051258504,0.007002473,0.1585797,0.012134284,0.029993266,0.021390542,0.024102714,0.00837679,0.10444975,0.025924936,0.033982337,0.013378978,0.01981543,0.015555775,0.03612806,-0.003558036,0.012717888,1.0030668,0.91404355,0.52565485,0.6391926,0.012610137,0.71076626,0.01625757,0.010719776,0.018666148,0.021558635,0.9805151,0.9729668,0.024976306,0.0029891431,0.9933289,1.0078607,1.0054078,0.9559761,1.0061419,0.98548603,1.0050936,1.0034629,0.032655217,0.9756156,0.09577462,0.97013354,-0.008581974,0.8999024,0.019825127,0.7979895,0.014482141,0.23981158,0.008264542,0.93039286,0.028744847,0.9493199,0.1463167,0.9555355,0.00049091876,0.9801055,-0.0034442805,0.01343821,0.023212416,0.1140517,-0.0043688715,0.1509856,0.018964723,0.89022404,0.02243441,0.90714306,-2.6121736e-05,0.24939558,0.30077344,0.77761704,0.04303588,0.1656678,0.029340744,0.051000774,0.09816033,0.85559267,0.38870388,0.97634816,0.028958738,0.950782,0.029368743,0.93473303,0.2524826,0.98991966,0.99050367,0.9849223,0.9442653,0.9692924
0.027020965,0.027009591,0.7651058,0.50664955,0.41970938,0.109752715,-0.0035269856,0.005043924,0.0017918348,0.008648396,0.0013514161,0.004370928,0.0059788823,0.5789703,0.8776558,0.7056199,0.5672116,0.9490961,0.4071877,0.44858292,0.06385397,0.4954241,0.46526906,0.8447983,0.003105849,0.009401217,0.006020069,0.012150705,-0.0002374649,0.007083535,0.0036642253,0.004110694,0.0050447583,0.3984228,0.61849874,0.7833153,0.39269984,0.8523631,0.007536888,0.017376304,0.008460999,0.46767518,0.007348329,0.008829296,0.019228756,0.12770736,0.17543727,0.751205,0.020486832,0.41768104,0.120009094,0.41100886,0.05076611,0.1398212,0.01231277,0.029351354,0.016826868,0.031016827,0.8027295,0.38104063,0.4099666,0.51287127,0.0372217,0.4063781,0.007190585,0.1969843,0.0072347224,0.09004259,0.79798454,0.8636986,0.4393493,0.8649534,0.034412205,0.4987849,0.004305452,0.33931607,0.012984961,0.008752629,0.02064788,0.32070255,0.0019943044,0.061605334,0.001328826,0.007345438,0.015111446,-0.0075423717,0.002451457,0.0037471652,0.0077049583,-0.009427397,0.008749962,0.023712397,0.0038574934,0.019214153,0.9997707,0.996047,0.1499462,0.6283512,0.0022304952,0.024285018,5.0842762e-05,0.02082026,0.051942527,0.007791713,0.99786294,1.0083555,0.00058323145,-0.0061474442,0.9980177,0.9971509,0.7795176,0.01050964,0.010542609,0.9795147,0.9980325,0.9978147,0.10449737,0.9617386,0.035960123,0.92766017,0.018478453,0.89716285,0.019752681,0.80300957,0.009050071,0.2520417,0.029995084,0.9512634,0.08456421,0.98263085,0.43492997,0.9772047,0.020238161,0.97143203,0.022202551,0.0068042874,0.0104084015,0.10169917,0.00665468,0.13376707,0.027238175,0.9106932,0.019745022,0.9137223,0.01766865,0.30262828,0.29848287,0.76297534,0.0361892,0.1467259,0.019765973,0.037350446,0.288441,0.8551642,0.98375964,0.99552554,0.7841638,0.98502254,0.3520643,0.9696656,0.9131361,0.9872712,1.0087693,1.0051806,1.0000796,0.99780303
0.8819082,0.019865438,0.76898247,0.10584289,0.42568612,0.05437765,0.0045368373,0.025007695,0.0037789792,0.02153033,0.009032652,0.004776716,0.0039883032,0.5584353,0.8773242,0.17353323,0.022297025,0.023656234,0.41086882,0.45588368,0.011823051,0.010164499,0.018534929,0.014710829,0.016101718,0.014434546,0.018089116,0.011841953,0.01270175,0.006486986,0.011939675,0.004398696,0.0076365247,0.28024957,0.58750504,0.49031767,0.38455462,0.07283255,0.010784715,0.030353885,0.0114963055,0.35401654,0.01038,0.018641777,0.017974615,0.02932132,0.14197999,0.21652159,0.0142477155,0.015535444,0.098276794,0.08012307,0.013290793,0.14790443,0.0112251155,0.028662741,0.011798218,0.020143405,0.792959,0.26751477,0.3772809,0.5228254,0.06426349,0.37103793,0.0080926865,0.12281692,0.0010838211,0.07891762,0.79731613,0.6779448,0.86591804,0.1361785,0.012711614,0.48740637,0.012505382,0.3535232,0.01146923,0.01701048,0.0035496354,0.15291728,0.008242905,0.014445066,0.010529578,0.00747771,0.021227006,0.0067655444,0.010253668,0.0033530295,0.010191299,0.00373739,0.01154691,0.0063898116,0.005356729,0.0072729588,0.98093593,0.41259003,0.012296684,0.012401938,0.0116852205,0.01010254,0.010482252,0.01167807,0.004766166,0.011125753,0.0006849766,0.003361851,0.010163784,0.012396507,0.93939173,0.78438276,0.015868574,0.009617351,0.005612448,0.019356683,2.783537e-05,0.031499505,0.0048686955,0.12678099,0.07932186,0.13176778,0.0038605705,0.20837778,0.007223308,0.19479561,0.017330736,0.035533324,0.005329013,0.016146079,0.005035013,0.011316024,0.0050240457,0.0111094415,0.005829502,0.021443397,0.010325164,0.016368419,0.010540068,0.014721081,0.010629043,0.017748833,0.12863974,0.028110802,0.024118878,0.040022135,0.5556283,0.032040775,0.010729525,0.017335504,0.009794384,0.012506619,0.012688145,0.014352966,0.0075712204,0.017921418,0.019965649,0.05550438,0.005580008,0.08207624,0.009128496,0.02700165,0.026312348,0.11005403,0.5531196,0.047427237,0.47142872,0.21390083
0.8729517,0.047907315,0.7382033,0.03711143,0.078742385,0.017655566,0.029949307,0.0286979,0.026473254,0.03397152,0.026521374,0.0096538365,0.010438651,0.5654802,0.6097324,0.190565,0.02250886,0.027432442,0.027692206,0.009397283,-0.012531713,-0.022469044,-0.007935628,0.0069935024,0.0073590875,-0.0030486584,0.059360623,-0.02456674,0.014359504,0.015188709,0.013970166,0.0121659115,0.025386795,0.27503324,0.30943078,0.7308959,0.7471506,0.48406103,0.009322971,0.020048007,0.0021749139,0.016135216,0.015729547,0.009821147,0.15276581,0.19458874,0.014102638,0.62906843,0.0057312623,0.013703376,0.06880914,0.40421718,0.004303992,0.044488966,0.0100239515,0.029790163,-0.00047385693,0.028100818,0.79528403,0.26631162,0.19966835,0.44955513,-0.007215366,0.09017587,0.028899461,0.061978742,-0.0027953386,0.04949051,0.5337481,0.81580657,0.7750736,0.7768824,0.025879204,0.47902656,0.05273122,0.3392143,0.03153821,-0.0131979585,0.027874649,0.15395465,0.027133472,0.022106305,0.010878421,0.017728679,0.0037680268,0.024236366,0.01792667,0.016548365,0.011498511,0.012638211,0.9937533,-0.0017381907,0.9957962,0.18452218,-0.013078183,0.014241219,-0.00877136,0.0142863095,0.17385378,0.00018393993,0.00017753243,-0.002778858,0.003251806,-0.00025691092,0.0008420944,0.012886897,0.0056479946,0.0065802634,0.017180532,0.006694734,-0.015229672,0.009882815,0.997017,0.9273021,-0.00038294494,-0.00069506466,0.016692445,0.11565551,0.021745324,0.16069159,0.015903741,0.19579399,0.013529122,0.16685236,0.008199453,-0.00096830726,0.013707742,0.007380843,0.011519462,0.003713727,0.012762979,0.005012423,0.013535202,-0.0069389343,0.0074840784,0.0119383335,-0.0002591014,0.016289871,-0.0023177639,0.016103938,0.03669727,0.019585297,0.044896875,0.0078815445,0.021261849,0.019522019,0.020010725,-0.007869422,0.0005095005,-0.014050871,0.005584087,-0.019454716,0.013411898,-0.011621952,0.0119060725,0.013449803,0.018708348,0.008066952,0.009694301,0.008652806,0.01635167,0.00933373,0.016421415,0.009037107,0.01854363,0.017593369
0.92211163,0.14100017,0.91981876,0.054688424,0.37241125,0.0023764595,0.010587499,0.050157458,0.02959869,0.028518409,-0.01718722,0.020699516,-0.010024786,0.538353,0.6482441,0.7180916,0.5492603,0.94996536,0.026996955,0.0031823441,0.06939122,0.49501306,0.45788074,0.893255,0.025042787,0.034721687,0.036952592,0.024411388,-0.0153529495,0.026357621,0.014679685,0.021092635,0.021613967,0.28806442,0.55998456,0.71364045,0.8146341,0.86878884,0.018448172,0.04046259,0.0011767149,0.035457835,0.021597184,0.036942147,0.89095354,0.89021283,0.93135965,0.6028267,0.64545757,0.9467292,0.64063203,0.25573322,0.057900384,0.03695619,0.024834052,0.3775615,0.015621357,0.6489182,0.79518104,0.41824797,0.836817,0.47243163,0.052119598,0.5519012,-0.0107502565,0.14935926,-0.019577637,0.10262926,0.74292576,0.83490145,0.7834989,0.7721112,0.07143254,0.5078627,-0.00881996,0.35518685,0.014197521,-0.0005126521,0.007002428,0.15857977,0.012134343,0.029993132,0.021390691,0.024102677,0.008376773,0.10444975,0.025924891,0.033982262,0.013378963,0.019815385,0.015555846,0.03612812,-0.0035581253,0.012717828,1.0030668,0.91404355,0.52565485,0.63919246,0.012610272,0.71076643,0.01625757,0.010719806,0.018666208,0.021558769,0.9805151,0.9729669,0.02497627,0.002989173,0.99332905,1.0078607,1.0054078,0.9559761,1.0061418,0.98548603,1.0050937,1.0034629,0.03265527,0.9756155,0.095774636,0.97013354,-0.008581921,0.89990234,0.019825071,0.79798955,0.01448223,0.23981166,0.008264586,0.93039274,0.028744742,0.94931984,0.14631665,0.9555355,0.00049100816,0.9801053,-0.003444206,0.01343821,0.023212437,0.11405164,-0.0043689758,0.15098561,0.018964663,0.8902241,0.022434391,0.90714294,-2.6196241e-05,0.24939547,0.3007734,0.77761686,0.04303594,0.16566776,0.029340625,0.05100082,0.09816051,0.8555925,0.38870388,0.97634816,0.028958738,0.950782,0.029368773,0.93473303,0.2524826,0.9899198,0.9905038,0.9849223,0.94426525,0.96929234
0.027020965,0.027009591,0.7651058,0.50664955,0.41970938,0.109752715,-0.0035269856,0.005043924,0.0017918348,0.008648396,0.0013514161,0.004370928,0.0059788823,0.5789703,0.8776558,0.7056199,0.5672116,0.9490961,0.4071877,0.44858292,0.06385397,0.4954241,0.46526906,0.8447983,0.003105849,0.009401217,0.006020069,0.012150705,-0.0002374649,0.007083535,0.0036642253,0.004110694,0.0050447583,0.3984228,0.61849874,0.7833153,0.39269984,0.8523631,0.007536888,0.017376304,0.008460999,0.46767518,0.007348329,0.008829296,0.019228756,0.12770736,0.17543727,0.751205,0.020486832,0.41768104,0.120009094,0.41100886,0.05076611,0.1398212,0.01231277,0.029351354,0.016826868,0.031016827,0.8027295,0.38104063,0.4099666,0.51287127,0.0372217,0.4063781,0.007190585,0.1969843,0.0072347224,0.09004259,0.79798454,0.8636986,0.4393493,0.8649534,0.034412205,0.4987849,0.004305452,0.33931607,0.012984961,0.008752629,0.02064788,0.32070255,0.0019943044,0.061605334,0.001328826,0.007345438,0.015111446,-0.0075423717,0.002451457,0.0037471652,0.0077049583,-0.009427397,0.008749962,0.023712397,0.0038574934,0.019214153,0.9997707,0.996047,0.1499462,0.6283512,0.0022304952,0.024285018,5.0842762e-05,0.02082026,0.051942527,0.007791713,0.99786294,1.0083555,0.00058323145,-0.0061474442,0.9980177,0.9971509,0.7795176,0.01050964,0.010542609,0.9795147,0.9980325,0.9978147,0.10449737,0.9617386,0.035960123,0.92766017,0.018478453,0.89716285,0.019752681,0.80300957,0.009050071,0.2520417,0.029995084,0.9512634,0.08456421,0.98263085,0.43492997,0.9772047,0.020238161,0.97143203,0.022202551,0.0068042874,0.0104084015,0.10169917,0.00665468,0.13376707,0.027238175,0.9106932,0.019745022,0.9137223,0.01766865,0.30262828,0.29848287,0.76297534,0.0361892,0.1467259,0.019765973,0.037350446,0.288441,0.8551642,0.98375964,0.99552554,0.7841638,0.98502254,0.3520643,0.9696656,0.9131361,0.9872712,1.0087693,1.0051806,1.0000796,0.99780303
0.8819082,0.019865438,0.76898247,0.10584289,0.42568612,0.05437765,0.0045368373,0.025007695,0.0037789792,0.02153033,0.009032652,0.004776716,0.0039883032,0.5584353,0.8773242,0.17353323,0.022297025,0.023656234,0.41086882,0.45588368,0.011823051,0.010164499,0.018534929,0.014710829,0.016101718,0.014434546,0.018089116,0.011841953,0.01270175,0.006486986,0.011939675,0.004398696,0.0076365247,0.28024957,0.58750504,0.49031767,0.38455462,0.07283255,0.010784715,0.030353885,0.0114963055,0.35401654,0.01038,0.018641777,0.017974615,0.02932132,0.14197999,0.21652159,0.0142477155,0.015535444,0.098276794,0.08012307,0.013290793,0.14790443,0.0112251155,0.028662741,0.011798218,0.020143405,0.792959,0.26751477,0.3772809,0.5228254,0.06426349,0.37103793,0.0080926865,0.12281692,0.0010838211,0.07891762,0.79731613,0.6779448,0.86591804,0.1361785,0.012711614,0.48740637,0.012505382,0.3535232,0.01146923,0.01701048,0.0035496354,0.15291728,0.008242905,0.014445066,0.010529578,0.00747771,0.021227006,0.0067655444,0.010253668,0.0033530295,0.010191299,0.00373739,0.01154691,0.0063898116,0.005356729,0.0072729588,0.98093593,0.41259003,0.012296684,0.012401938,0.0116852205,0.01010254,0.010482252,0.01167807,0.004766166,0.011125753,0.0006849766,0.003361851,0.010163784,0.012396507,0.93939173,0.78438276,0.015868574,0.009617351,0.005612448,0.019356683,2.783537e-05,0.031499505,0.0048686955,0.12678099,0.07932186,0.13176778,0.0038605705,0.20837778,0.007223308,0.19479561,0.017330736,0.035533324,0.005329013,0.016146079,0.005035013,0.011316024,0.0050240457,0.0111094415,0.005829502,0.021443397,0.010325164,0.016368419,0.010540068,0.014721081,0.010629043,0.017748833,0.12863974,0.028110802,0.024118878,0.040022135,0.5556283,0.032040775,0.010729525,0.017335504,0.009794384,0.012506619,0.012688145,0.014352966,0.0075712204,0.017921418,0.019965649,0.05550438,0.005580008,0.08207624,0.009128496,0.02700165,0.026312348,0.11005403,0.5531196,0.047427237,0.47142872,0.21390083
0.8680736,0.029582813,0.7647604,0.101799175,0.41782993,0.04549724,0.0011316091,0.02676928,0.021720529,0.035110682,0.0026248656,-0.006775245,0.0021879002,0.01605928,0.8655066,0.17414072,0.9354125,0.99575204,0.4791178,0.47191715,0.09256083,0.92997146,0.65295404,0.9670207,-0.00041902065,0.018580899,-0.00042816997,0.02418971,-0.00040614605,0.013327591,0.0010443628,0.015471518,0.0007597208,0.035393715,0.5546303,0.7306448,0.7382014,0.8862736,0.00776577,0.036997017,0.02074939,0.52137685,0.021117479,0.017794918,0.1650758,0.21155266,0.08755827,0.635964,0.012052447,0.13903618,0.013657719,0.41693503,0.004316926,0.14578238,0.0010294616,0.024585575,0.0010826215,0.02148518,0.9011342,0.25086528,0.37313312,0.45268452,0.055376828,0.38946337,0.010509133,0.14445204,0.0023030937,0.09636295,0.40693513,0.82324654,0.7764783,0.7787746,0.025337696,0.8047482,-0.000337027,0.022477716,0.031083435,0.016068876,0.0039506257,0.015986115,-1.2673438e-05,0.04245162,-0.00030383468,-0.0070765615,0.0008620769,0.024687588,0.0002938211,0.012243241,0.021343756,0.012698799,0.87398183,0.01074709,0.8170784,0.02676335,0.9803103,0.921173,0.14812428,0.4613882,0.02720557,0.0015265048,0.692589,0.017262578,0.46004274,0.0174396,1.0077661,1.0064539,0.00059485435,0.020857006,0.98581606,0.98830307,0.791829,0.0026865453,0.71244884,0.5026904,1.0076342,0.9889958,0.91022944,0.9897867,0.62332094,0.9484966,0.8066851,0.96970123,0.45229164,0.93087965,0.7084898,0.29407543,0.9743369,0.9577278,1.014437,1.0066059,0.98473716,1.001352,0.9726946,0.98364234,8.6426735e-07,0.025376797,-4.6133995e-05,0.110372424,0.009939693,0.15098159,0.20106927,0.92122006,0.13097292,0.92825115,0.6483099,0.34461707,0.5524899,0.998803,0.067977965,0.57884246,0.014884561,0.3877708,0.5985728,0.9651756,0.9857366,0.9883388,1.0093493,1.0096333,0.98633736,0.997581,1.0095046,0.9863337,0.9879789,1.0113673,0.9847933,0.98784506
0.8680736,0.029582813,0.7647604,0.101799175,0.41782993,0.04549724,0.0011316091,0.02676928,0.021720529,0.035110682,0.0026248656,-0.006775245,0.0021879002,0.01605928,0.8655066,0.17414072,0.9354125,0.99575204,0.4791178,0.47191715,0.09256083,0.92997146,0.65295404,0.9670207,-0.00041902065,0.018580899,-0.00042816997,0.02418971,-0.00040614605,0.013327591,0.0010443628,0.015471518,0.0007597208,0.035393715,0.5546303,0.7306448,0.7382014,0.8862736,0.00776577,0.036997017,0.02074939,0.52137685,0.021117479,0.017794918,0.1650758,0.21155266,0.08755827,0.635964,0.012052447,0.13903618,0.013657719,0.41693503,0.004316926,0.14578238,0.0010294616,0.024585575,0.0010826215,0.02148518,0.9011342,0.25086528,0.37313312,0.45268452,0.055376828,0.38946337,0.010509133,0.14445204,0.0023030937,0.09636295,0.40693513,0.82324654,0.7764783,0.7787746,0.025337696,0.8047482,-0.000337027,0.022477716,0.031083435,0.016068876,0.0039506257,0.015986115,-1.2673438e-05,0.04245162,-0.00030383468,-0.0070765615,0.0008620769,0.024687588,0.0002938211,0.012243241,0.021343756,0.012698799,0.87398183,0.01074709,0.8170784,0.02676335,0.9803103,0.921173,0.14812428,0.4613882,0.02720557,0.0015265048,0.692589,0.017262578,0.46004274,0.0174396,1.0077661,1.0064539,0.00059485435,0.020857006,0.98581606,0.98830307,0.791829,0.0026865453,0.71244884,0.5026904,1.0076342,0.9889958,0.91022944,0.9897867,0.62332094,0.9484966,0.8066851,0.96970123,0.45229164,0.93087965,0.7084898,0.29407543,0.9743369,0.9577278,1.014437,1.0066059,0.98473716,1.001352,0.9726946,0.98364234,8.6426735e-07,0.025376797,-4.6133995e-05,0.110372424,0.009939693,0.15098159,0.20106927,0.92122006,0.13097292,0.92825115,0.6483099,0.34461707,0.5524899,0.998803,0.067977965,0.57884246,0.014884561,0.3877708,0.5985728,0.9651756,0.9857366,0.9883388,1.0093493,1.0096333,0.98633736,0.997581,1.0095046,0.9863337,0.9879789,1.0113673,0.9847933,0.98784506
0.9221117,0.1410001,0.91981876,0.054688454,0.37241122,0.0023764372,0.010587461,0.05015725,0.029598624,0.028518364,-0.017187174,0.020699464,-0.010024831,0.53835297,0.6482441,0.71809167,0.5492602,0.94996536,0.026996944,0.0031823553,0.06939126,0.49501303,0.45788068,0.893255,0.025042683,0.03472171,0.036952615,0.024411373,-0.01535289,0.026357561,0.014679655,0.021092653,0.02161394,0.28806454,0.55998456,0.71364045,0.8146341,0.86878884,0.018448172,0.0404626,0.0011767,0.035457835,0.02159714,0.03694213,0.89095354,0.8902127,0.9313596,0.6028268,0.64545757,0.9467293,0.64063203,0.25573316,0.05790031,0.036956184,0.024834186,0.37756154,0.015621409,0.64891815,0.7951809,0.41824794,0.8368169,0.4724317,0.052119635,0.5519012,-0.0107503235,0.1493592,-0.019577637,0.10262922,0.74292576,0.83490145,0.7834989,0.7721112,0.07143249,0.5078627,-0.008820064,0.35518688,0.014197521,-0.000512518,0.0070023984,0.15857974,0.012134343,0.029993162,0.021390498,0.024102662,0.008376764,0.10444969,0.025924817,0.033982273,0.013378918,0.019815408,0.015555788,0.03612812,-0.003558047,0.012717798,1.0030669,0.91404355,0.52565485,0.6391925,0.01261019,0.71076643,0.016257644,0.010719851,0.018666118,0.021558687,0.98051524,0.9729668,0.024976294,0.0029891282,0.99332905,1.0078604,1.0054078,0.9559759,1.0061419,0.98548603,1.0050936,1.0034628,0.03265527,0.9756156,0.095774665,0.97013366,-0.008581957,0.89990234,0.019824974,0.79798937,0.014482118,0.23981154,0.008264512,0.9303927,0.028744787,0.94931984,0.14631674,0.9555354,0.00049096346,0.98010516,-0.0034442581,0.01343821,0.023212457,0.11405155,-0.004368797,0.15098554,0.018964753,0.8902241,0.02243438,0.907143,-2.6121736e-05,0.24939552,0.30077338,0.777617,0.04303591,0.16566773,0.029340655,0.051000886,0.098160416,0.8555925,0.38870388,0.97634816,0.028958656,0.95078194,0.029368684,0.93473315,0.2524826,0.9899198,0.9905038,0.9849222,0.94426525,0.9692923
0.8729517,0.047907315,0.7382033,0.03711143,0.078742385,0.017655566,0.029949307,0.0286979,0.026473254,0.03397152,0.026521374,0.0096538365,0.010438651,0.5654802,0.6097324,0.190565,0.02250886,0.027432442,0.027692206,0.009397283,-0.012531713,-0.022469044,-0.007935628,0.0069935024,0.0073590875,-0.0030486584,0.059360623,-0.02456674,0.014359504,0.015188709,0.013970166,0.0121659115,0.025386795,0.27503324,0.30943078,0.7308959,0.7471506,0.48406103,0.009322971,0.020048007,0.0021749139,0.016135216,0.015729547,0.009821147,0.15276581,0.19458874,0.014102638,0.62906843,0.0057312623,0.013703376,0.06880914,0.40421718,0.004303992,0.044488966,0.0100239515,0.029790163,-0.00047385693,0.028100818,0.79528403,0.26631162,0.19966835,0.44955513,-0.007215366,0.09017587,0.028899461,0.061978742,-0.0027953386,0.04949051,0.5337481,0.81580657,0.7750736,0.7768824,0.025879204,0.47902656,0.05273122,0.3392143,0.03153821,-0.0131979585,0.027874649,0.15395465,0.027133472,0.022106305,0.010878421,0.017728679,0.0037680268,0.024236366,0.01792667,0.016548365,0.011498511,0.012638211,0.9937533,-0.0017381907,0.9957962,0.18452218,-0.013078183,0.014241219,-0.00877136,0.0142863095,0.17385378,0.00018393993,0.00017753243,-0.002778858,0.003251806,-0.00025691092,0.0008420944,0.012886897,0.0056479946,0.0065802634,0.017180532,0.006694734,-0.015229672,0.009882815,0.997017,0.9273021,-0.00038294494,-0.00069506466,0.016692445,0.11565551,0.021745324,0.16069159,0.015903741,0.19579399,0.013529122,0.16685236,0.008199453,-0.00096830726,0.013707742,0.007380843,0.011519462,0.003713727,0.012762979,0.005012423,0.013535202,-0.0069389343,0.0074840784,0.0119383335,-0.0002591014,0.016289871,-0.0023177639,0.016103938,0.03669727,0.019585297,0.044896875,0.0078815445,0.021261849,0.019522019,0.020010725,-0.007869422,0.0005095005,-0.014050871,0.005584087,-0.019454716,0.013411898,-0.011621952,0.0119060725,0.013449803,0.018708348,0.008066952,0.009694301,0.008652806,0.01635167,0.00933373,0.016421415,0.009037107,0.01854363,0.017593369
0.027020965,0.027009591,0.7651058,0.50664955,0.41970938,0.109752715,-0.0035269856,0.005043924,0.0017918348,0.008648396,0.0013514161,0.004370928,0.0059788823,0.5789703,0.8776558,0.7056199,0.5672116,0.9490961,0.4071877,0.44858292,0.06385397,0.4954241,0.46526906,0.8447983,0.003105849,0.009401217,0.006020069,0.012150705,-0.0002374649,0.007083535,0.0036642253,0.004110694,0.0050447583,0.3984228,0.61849874,0.7833153,0.39269984,0.8523631,0.007536888,0.017376304,0.008460999,0.46767518,0.007348329,0.008829296,0.019228756,0.12770736,0.17543727,0.751205,0.020486832,0.41768104,0.120009094,0.41100886,0.05076611,0.1398212,0.01231277,0.029351354,0.016826868,0.031016827,0.8027295,0.38104063,0.4099666,0.51287127,0.0372217,0.4063781,0.007190585,0.1969843,0.0072347224,0.09004259,0.79798454,0.8636986,0.4393493,0.8649534,0.034412205,0.4987849,0.004305452,0.33931607,0.012984961,0.008752629,0.02064788,0.32070255,0.0019943044,0.061605334,0.001328826,0.007345438,0.015111446,-0.0075423717,0.002451457,0.0037471652,0.0077049583,-0.009427397,0.008749962,0.023712397,0.0038574934,0.019214153,0.9997707,0.996047,0.1499462,0.6283512,0.0022304952,0.024285018,5.0842762e-05,0.02082026,0.051942527,0.007791713,0.99786294,1.0083555,0.00058323145,-0.0061474442,0.9980177,0.9971509,0.7795176,0.01050964,0.010542609,0.9795147,0.9980325,0.9978147,0.10449737,0.9617386,0.035960123,0.92766017,0.018478453,0.89716285,0.019752681,0.80300957,0.009050071,0.2520417,0.029995084,0.9512634,0.08456421,0.98263085,0.43492997,0.9772047,0.020238161,0.97143203,0.022202551,0.0068042874,0.0104084015,0.10169917,0.00665468,0.13376707,0.027238175,0.9106932,0.019745022,0.9137223,0.01766865,0.30262828,0.29848287,0.76297534,0.0361892,0.1467259,0.019765973,0.037350446,0.288441,0.8551642,0.98375964,0.99552554,0.7841638,0.98502254,0.3520643,0.9696656,0.9131361,0.9872712,1.0087693,1.0051806,1.0000796,0.99780303
0.92211175,0.1410001,0.9198187,0.054688573,0.37241122,0.0023764335,0.010587402,0.050157398,0.029598657,0.028518364,-0.017187297,0.020699464,-0.010024741,0.538353,0.6482441,0.7180916,0.5492603,0.94996554,0.026997007,0.003182307,0.06939121,0.49501306,0.45788068,0.8932551,0.025042638,0.034721673,0.036952674,0.024411336,-0.01535292,0.026357561,0.0146796405,0.02109268,0.021613933,0.28806448,0.5599846,0.71364045,0.8146341,0.86878884,0.018448237,0.040462554,0.0011767372,0.035457745,0.021597125,0.03694216,0.8909536,0.8902128,0.93135965,0.60282665,0.6454575,0.9467293,0.6406321,0.25573322,0.057900324,0.036956284,0.0248342,0.37756145,0.015621439,0.64891815,0.79518104,0.41824794,0.836817,0.47243166,0.052119605,0.5519011,-0.010750182,0.14935918,-0.019577637,0.10262924,0.74292576,0.83490145,0.7834989,0.7721112,0.07143241,0.5078627,-0.00881999,0.35518688,0.014197495,-0.00051258504,0.007002473,0.1585797,0.012134284,0.029993266,0.021390542,0.024102714,0.00837679,0.10444975,0.025924936,0.033982337,0.013378978,0.01981543,0.015555775,0.03612806,-0.003558036,0.012717888,1.0030668,0.91404355,0.52565485,0.6391926,0.012610137,0.71076626,0.01625757,0.010719776,0.018666148,0.021558635,0.9805151,0.9729668,0.024976306,0.0029891431,0.9933289,1.0078607,1.0054078,0.9559761,1.0061419,0.98548603,1.0050936,1.0034629,0.032655217,0.9756156,0.09577462,0.97013354,-0.008581974,0.8999024,0.019825127,0.7979895,0.014482141,0.23981158,0.008264542,0.93039286,0.028744847,0.9493199,0.1463167,0.9555355,0.00049091876,0.9801055,-0.0034442805,0.01343821,0.023212416,0.1140517,-0.0043688715,0.1509856,0.018964723,0.89022404,0.02243441,0.90714306,-2.6121736e-05,0.24939558,0.30077344,0.77761704,0.04303588,0.1656678,0.029340744,0.051000774,0.09816033,0.85559267,0.38870388,0.97634816,0.028958738,0.950782,0.029368743,0.93473303,0.2524826,0.98991966,0.99050367,0.9849223,0.9442653,0.9692924
0.8680736,0.029582813,0.7647604,0.101799175,0.41782993,0.04549724,0.0011316091,0.02676928,0.021720529,0.035110682,0.0026248656,-0.006775245,0.0021879002,0.01605928,0.8655066,0.17414072,0.9354125,0.99575204,0.4791178,0.47191715,0.09256083,0.92997146,0.65295404,0.9670207,-0.00041902065,0.018580899,-0.00042816997,0.02418971,-0.00040614605,0.013327591,0.0010443628,0.015471518,0.0007597208,0.035393715,0.5546303,0.7306448,0.7382014,0.8862736,0.00776577,0.036997017,0.02074939,0.52137685,0.021117479,0.017794918,0.1650758,0.21155266,0.08755827,0.635964,0.012052447,0.13903618,0.013657719,0.41693503,0.004316926,0.14578238,0.0010294616,0.024585575,0.0010826215,0.02148518,0.9011342,0.25086528,0.37313312,0.45268452,0.055376828,0.38946337,0.010509133,0.14445204,0.0023030937,0.09636295,0.40693513,0.82324654,0.7764783,0.7787746,0.025337696,0.8047482,-0.000337027,0.022477716,0.031083435,0.016068876,0.0039506257,0.015986115,-1.2673438e-05,0.04245162,-0.00030383468,-0.0070765615,0.0008620769,0.024687588,0.0002938211,0.012243241,0.021343756,0.012698799,0.87398183,0.01074709,0.8170784,0.02676335,0.9803103,0.921173,0.14812428,0.4613882,0.02720557,0.0015265048,0.692589,0.017262578,0.46004274,0.0174396,1.0077661,1.0064539,0.00059485435,0.020857006,0.98581606,0.98830307,0.791829,0.0026865453,0.71244884,0.5026904,1.0076342,0.9889958,0.91022944,0.9897867,0.62332094,0.9484966,0.8066851,0.96970123,0.45229164,0.93087965,0.7084898,0.29407543,0.9743369,0.9577278,1.014437,1.0066059,0.98473716,1.001352,0.9726946,0.98364234,8.6426735e-07,0.025376797,-4.6133995e-05,0.110372424,0.009939693,0.15098159,0.20106927,0.92122006,0.13097292,0.92825115,0.6483099,0.34461707,0.5524899,0.998803,0.067977965,0.57884246,0.014884561,0.3877708,0.5985728,0.9651756,0.9857366,0.9883388,1.0093493,1.0096333,0.98633736,0.997581,1.0095046,0.9863337,0.9879789,1.0113673,0.9847933,0.98784506
0.8729517,0.047907315,0.7382033,0.03711143,0.078742385,0.017655566,0.029949307,0.0286979,0.026473254,0.03397152,0.026521374,0.0096538365,0.010438651,0.5654802,0.6097324,0.190565,0.02250886,0.027432442,0.027692206,0.009397283,-0.012531713,-0.022469044,-0.007935628,0.0069935024,0.0073590875,-0.0030486584,0.059360623,-0.02456674,0.014359504,0.015188709,0.013970166,0.0121659115,0.025386795,0.27503324,0.30943078,0.7308959,0.7471506,0.48406103,0.009322971,0.020048007,0.0021749139,0.016135216,0.015729547,0.009821147,0.15276581,0.19458874,0.014102638,0.62906843,0.0057312623,0.013703376,0.06880914,0.40421718,0.004303992,0.044488966,0.0100239515,0.029790163,-0.00047385693,0.028100818,0.79528403,0.26631162,0.19966835,0.44955513,-0.007215366,0.09017587,0.028899461,0.061978742,-0.0027953386,0.04949051,0.5337481,0.81580657,0.7750736,0.7768824,0.025879204,0.47902656,0.05273122,0.3392143,0.03153821,-0.0131979585,0.027874649,0.15395465,0.027133472,0.022106305,0.010878421,0.017728679,0.0037680268,0.024236366,0.01792667,0.016548365,0.011498511,0.012638211,0.9937533,-0.0017381907,0.9957962,0.18452218,-0.013078183,0.014241219,-0.00877136,0.0142863095,0.17385378,0.00018393993,0.00017753243,-0.002778858,0.003251806,-0.00025691092,0.0008420944,0.012886897,0.0056479946,0.0065802634,0.017180532,0.006694734,-0.015229672,0.009882815,0.997017,0.9273021,-0.00038294494,-0.00069506466,0.016692445,0.11565551,0.021745324,0.16069159,0.015903741,0.19579399,0.013529122,0.16685236,0.008199453,-0.00096830726,0.013707742,0.007380843,0.011519462,0.003713727,0.012762979,0.005012423,0.013535202,-0.0069389343,0.0074840784,0.0119383335,-0.0002591014,0.016289871,-0.0023177639,0.016103938,0.03669727,0.019585297,0.044896875,0.0078815445,0.021261849,0.019522019,0.020010725,-0.007869422,0.0005095005,-0.014050871,0.005584087,-0.019454716,0.013411898,-0.011621952,0.0119060725,0.013449803,0.018708348,0.008066952,0.009694301,0.008652806,0.01635167,0.00933373,0.016421415,0.009037107,0.01854363,0.017593369
0.027020965,0.027009591,0.7651058,0.50664955,0.41970938,0.109752715,-0.0035269856,0.005043924,0.0017918348,0.008648396,0.0013514161,0.004370928,0.0059788823,0.5789703,0.8776558,0.7056199,0.5672116,0.9490961,0.4071877,0.44858292,0.06385397,0.4954241,0.46526906,0.8447983,0.003105849,0.009401217,0.006020069,0.012150705,-0.0002374649,0.007083535,0.0036642253,0.004110694,0.0050447583,0.3984228,0.61849874,0.7833153,0.39269984,0.8523631,0.007536888,0.017376304,0.008460999,0.46767518,0.007348329,0.008829296,0.019228756,0.12770736,0.17543727,0.751205,0.020486832,0.41768104,0.120009094,0.41100886,0.05076611,0.1398212,0.01231277,0.029351354,0.016826868,0.031016827,0.8027295,0.38104063,0.4099666,0.51287127,0.0372217,0.4063781,0.007190585,0.1969843,0.0072347224,0.09004259,0.79798454,0.8636986,0.4393493,0.8649534,0.034412205,0.4987849,0.004305452,0.33931607,0.012984961,0.008752629,0.02064788,0.32070255,0.0019943044,0.061605334,0.001328826,0.007345438,0.015111446,-0.0075423717,0.002451457,0.0037471652,0.0077049583,-0.009427397,0.008749962,0.023712397,0.0038574934,0.019214153,0.9997707,0.996047,0.1499462,0.6283512,0.0022304952,0.024285018,5.0842762e-05,0.02082026,0.051942527,0.007791713,0.99786294,1.0083555,0.00058323145,-0.0061474442,0.9980177,0.9971509,0.7795176,0.01050964,0.010542609,0.9795147,0.9980325,0.9978147,0.10449737,0.9617386,0.035960123,0.92766017,0.018478453,0.89716285,0.019752681,0.80300957,0.009050071,0.2520417,0.029995084,0.9512634,0.08456421,0.98263085,0.43492997,0.9772047,0.020238161,0.97143203,0.022202551,0.0068042874,0.0104084015,0.10169917,0.00665468,0.13376707,0.027238175,0.9106932,0.019745022,0.9137223,0.01766865,0.30262828,0.29848287,0.76297534,0.0361892,0.1467259,0.019765973,0.037350446,0.288441,0.8551642,0.98375964,0.99552554,0.7841638,0.98502254,0.3520643,0.9696656,0.9131361,0.9872712,1.0087693,1.0051806,1.0000796,0.99780303
0.8680736,0.029582813,0.7647604,0.101799175,0.41782993,0.04549724,0.0011316091,0.02676928,0.021720529,0.035110682,0.0026248656,-0.006775245,0.0021879002,0.01605928,0.8655066,0.17414072,0.9354125,0.99575204,0.4791178,0.47191715,0.09256083,0.92997146,0.65295404,0.9670207,-0.00041902065,0.018580899,-0.00042816997,0.02418971,-0.00040614605,0.013327591,0.0010443628,0.015471518,0.0007597208,0.035393715,0.5546303,0.7306448,0.7382014,0.8862736,0.00776577,0.036997017,0.02074939,0.52137685,0.021117479,0.017794918,0.1650758,0.21155266,0.08755827,0.635964,0.012052447,0.13903618,0.013657719,0.41693503,0.004316926,0.14578238,0.0010294616,0.024585575,0.0010826215,0.02148518,0.9011342,0.25086528,0.37313312,0.45268452,0.055376828,0.38946337,0.010509133,0.14445204,0.0023030937,0.09636295,0.40693513,0.82324654,0.7764783,0.7787746,0.025337696,0.8047482,-0.000337027,0.022477716,0.031083435,0.016068876,0.0039506257,0.015986115,-1.2673438e-05,0.04245162,-0.00030383468,-0.0070765615,0.0008620769,0.024687588,0.0002938211,0.012243241,0.021343756,0.012698799,0.87398183,0.01074709,0.8170784,0.02676335,0.9803103,0.921173,0.14812428,0.4613882,0.02720557,0.0015265048,0.692589,0.017262578,0.46004274,0.0174396,1.0077661,1.0064539,0.00059485435,0.020857006,0.98581606,0.98830307,0.791829,0.0026865453,0.71244884,0.5026904,1.0076342,0.9889958,0.91022944,0.9897867,0.62332094,0.9484966,0.8066851,0.96970123,0.45229164,0.93087965,0.7084898,0.29407543,0.9743369,0.9577278,1.014437,1.0066059,0.98473716,1.001352,0.9726946,0.98364234,8.6426735e-07,0.025376797,-4.6133995e-05,0.110372424,0.009939693,0.15098159,0.20106927,0.92122006,0.13097292,0.92825115,0.6483099,0.34461707,0.5524899,0.998803,0.067977965,0.57884246,0.014884561,0.3877708,0.5985728,0.9651756,0.9857366,0.9883388,1.0093493,1.0096333,0.98633736,0.997581,1.0095046,0.9863337,0.9879789,1.0113673,0.9847933,0.98784506
0.9221117,0.1410001,0.91981876,0.054688454,0.37241122,0.0023764372,0.010587461,0.05015725,0.029598624,0.028518364,-0.017187174,0.020699464,-0.010024831,0.53835297,0.6482441,0.71809167,0.5492602,0.94996536,0.026996944,0.0031823553,0.06939126,0.49501303,0.45788068,0.893255,0.025042683,0.03472171,0.036952615,0.024411373,-0.01535289,0.026357561,0.014679655,0.021092653,0.02161394,0.28806454,0.55998456,0.71364045,0.8146341,0.86878884,0.018448172,0.0404626,0.0011767,0.035457835,0.02159714,0.03694213,0.89095354,0.8902127,0.9313596,0.6028268,0.64545757,0.9467293,0.64063203,0.25573316,0.05790031,0.036956184,0.024834186,0.37756154,0.015621409,0.64891815,0.7951809,0.41824794,0.8368169,0.4724317,0.052119635,0.5519012,-0.0107503235,0.1493592,-0.019577637,0.10262922,0.74292576,0.83490145,0.7834989,0.7721112,0.07143249,0.5078627,-0.008820064,0.35518688,0.014197521,-0.000512518,0.0070023984,0.15857974,0.012134343,0.029993162,0.021390498,0.024102662,0.008376764,0.10444969,0.025924817,0.033982273,0.013378918,0.019815408,0.015555788,0.03612812,-0.003558047,0.012717798,1.0030669,0.91404355,0.52565485,0.6391925,0.01261019,0.71076643,0.016257644,0.010719851,0.018666118,0.021558687,0.98051524,0.9729668,0.024976294,0.0029891282,0.99332905,1.0078604,1.0054078,0.9559759,1.0061419,0.98548603,1.0050936,1.0034628,0.03265527,0.9756156,0.095774665,0.97013366,-0.008581957,0.89990234,0.019824974,0.79798937,0.014482118,0.23981154,0.008264512,0.9303927,0.028744787,0.94931984,0.14631674,0.9555354,0.00049096346,0.98010516,-0.0034442581,0.01343821,0.023212457,0.11405155,-0.004368797,0.15098554,0.018964753,0.8902241,0.02243438,0.907143,-2.6121736e-05,0.24939552,0.30077338,0.777617,0.04303591,0.16566773,0.029340655,0.051000886,0.098160416,0.8555925,0.38870388,0.97634816,0.028958656,0.95078194,0.029368684,0.93473315,0.2524826,0.9899198,0.9905038,0.9849222,0.94426525,0.9692923
0.8819082,0.019865438,0.76898247,0.10584289,0.42568612,0.05437765,0.0045368373,0.025007695,0.0037789792,0.02153033,0.009032652,0.004776716,0.0039883032,0.5584353,0.8773242,0.17353323,0.022297025,0.023656234,0.41086882,0.45588368,0.011823051,0.010164499,0.018534929,0.014710829,0.016101718,0.014434546,0.018089116,0.011841953,0.01270175,0.006486986,0.011939675,0.004398696,0.0076365247,0.28024957,0.58750504,0.49031767,0.38455462,0.07283255,0.010784715,0.030353885,0.0114963055,0.35401654,0.01038,0.018641777,0.017974615,0.02932132,0.14197999,0.21652159,0.0142477155,0.015535444,0.098276794,0.08012307,0.013290793,0.14790443,0.0112251155,0.028662741,0.011798218,0.020143405,0.792959,0.26751477,0.3772809,0.5228254,0.06426349,0.37103793,0.0080926865,0.12281692,0.0010838211,0.07891762,0.79731613,0.6779448,0.86591804,0.1361785,0.012711614,0.48740637,0.012505382,0.3535232,0.01146923,0.01701048,0.0035496354,0.15291728,0.008242905,0.014445066,0.010529578,0.00747771,0.021227006,0.0067655444,0.010253668,0.0033530295,0.010191299,0.00373739,0.01154691,0.0063898116,0.005356729,0.0072729588,0.98093593,0.41259003,0.012296684,0.012401938,0.0116852205,0.01010254,0.010482252,0.01167807,0.004766166,0.011125753,0.0006849766,0.003361851,0.010163784,0.012396507,0.93939173,0.78438276,0.015868574,0.009617351,0.005612448,0.019356683,2.783537e-05,0.031499505,0.0048686955,0.12678099,0.07932186,0.13176778,0.0038605705,0.20837778,0.007223308,0.19479561,0.017330736,0.035533324,0.005329013,0.016146079,0.005035013,0.011316024,0.0050240457,0.0111094415,0.005829502,0.021443397,0.010325164,0.016368419,0.010540068,0.014721081,0.010629043,0.017748833,0.12863974,0.028110802,0.024118878,0.040022135,0.5556283,0.032040775,0.010729525,0.017335504,0.009794384,0.012506619,0.012688145,0.014352966,0.0075712204,0.017921418,0.019965649,0.05550438,0.005580008,0.08207624,0.009128496,0.02700165,0.026312348,0.11005403,0.5531196,0.047427237,0.47142872,0.21390083
0.8729517,0.047907315,0.7382033,0.03711143,0.078742385,0.017655566,0.029949307,0.0286979,0.026473254,0.03397152,0.026521374,0.0096538365,0.010438651,0.5654802,0.6097324,0.190565,0.02250886,0.027432442,0.027692206,0.009397283,-0.012531713,-0.022469044,-0.007935628,0.0069935024,0.0073590875,-0.0030486584,0.059360623,-0.02456674,0.014359504,0.015188709,0.013970166,0.0121659115,0.025386795,0.27503324,0.30943078,0.7308959,0.7471506,0.48406103,0.009322971,0.020048007,0.0021749139,0.016135216,0.015729547,0.009821147,0.15276581,0.19458874,0.014102638,0.62906843,0.0057312623,0.013703376,0.06880914,0.40421718,0.004303992,0.044488966,0.0100239515,0.029790163,-0.00047385693,0.028100818,0.79528403,0.26631162,0.19966835,0.44955513,-0.007215366,0.09017587,0.028899461,0.061978742,-0.0027953386,0.04949051,0.5337481,0.81580657,0.7750736,0.7768824,0.025879204,0.47902656,0.05273122,0.3392143,0.03153821,-0.0131979585,0.027874649,0.15395465,0.027133472,0.022106305,0.010878421,0.017728679,0.0037680268,0.024236366,0.01792667,0.016548365,0.011498511,0.012638211,0.9937533,-0.0017381907,0.9957962,0.18452218,-0.013078183,0.014241219,-0.00877136,0.0142863095,0.17385378,0.00018393993,0.00017753243,-0.002778858,0.003251806,-0.00025691092,0.0008420944,0.012886897,0.0056479946,0.0065802634,0.017180532,0.006694734,-0.015229672,0.009882815,0.997017,0.9273021,-0.00038294494,-0.00069506466,0.016692445,0.11565551,0.021745324,0.16069159,0.015903741,0.19579399,0.013529122,0.16685236,0.008199453,-0.00096830726,0.013707742,0.007380843,0.011519462,0.003713727,0.012762979,0.005012423,0.013535202,-0.0069389343,0.0074840784,0.0119383335,-0.0002591014,0.016289871,-0.0023177639,0.016103938,0.03669727,0.019585297,0.044896875,0.0078815445,0.021261849,0.019522019,0.020010725,-0.007869422,0.0005095005,-0.014050871,0.005584087,-0.019454716,0.013411898,-0.011621952,0.0119060725,0.013449803,0.018708348,0.008066952,0.009694301,0.008652806,0.01635167,0.00933373,0.016421415,0.009037107,0.01854363,0.017593369
0.8819082,0.019865438,0.76898247,0.10584289,0.42568612,0.05437765,0.0045368373,0.025007695,0.0037789792,0.02153033,0.009032652,0.004776716,0.0039883032,0.5584353,0.8773242,0.17353323,0.022297025,0.023656234,0.41086882,0.45588368,0.011823051,0.010164499,0.018534929,0.014710829,0.016101718,0.014434546,0.018089116,0.011841953,0.01270175,0.006486986,0.011939675,0.004398696,0.0076365247,0.28024957,0.58750504,0.49031767,0.38455462,0.07283255,0.010784715,0.030353885,0.0114963055,0.35401654,0.01038,0.018641777,0.017974615,0.02932132,0.14197999,0.21652159,0.0142477155,0.015535444,0.098276794,0.08012307,0.013290793,0.14790443,0.0112251155,0.028662741,0.011798218,0.020143405,0.792959,0.26751477,0.3772809,0.5228254,0.06426349,0.37103793,0.0080926865,0.12281692,0.0010838211,0.07891762,0.79731613,0.6779448,0.86591804,0.1361785,0.012711614,0.48740637,0.012505382,0.3535232,0.01146923,0.01701048,0.0035496354,0.15291728,0.008242905,0.014445066,0.010529578,0.00747771,0.021227006,0.0067655444,0.010253668,0.0033530295,0.010191299,0.00373739,0.01154691,0.0063898116,0.005356729,0.0072729588,0.98093593,0.41259003,0.012296684,0.012401938,0.0116852205,0.01010254,0.010482252,0.01167807,0.004766166,0.011125753,0.0006849766,0.003361851,0.010163784,0.012396507,0.93939173,0.78438276,0.015868574,0.009617351,0.005612448,0.019356683,2.783537e-05,0.031499505,0.0048686955,0.12678099,0.07932186,0.13176778,0.0038605705,0.20837778,0.007223308,0.19479561,0.017330736,0.035533324,0.005329013,0.016146079,0.005035013,0.011316024,0.0050240457,0.0111094415,0.005829502,0.021443397,0.010325164,0.016368419,0.010540068,0.014721081,0.010629043,0.017748833,0.12863974,0.028110802,0.024118878,0.040022135,0.5556283,0.032040775,0.010729525,0.017335504,0.009794384,0.012506619,0.012688145,0.014352966,0.0075712204,0.017921418,0.019965649,0.05550438,0.005580008,0.08207624,0.009128496,0.02700165,0.026312348,0.11005403,0.5531196,0.047427237,0.47142872,0.21390083
0.9221117,0.1410001,0.91981876,0.054688454,0.37241122,0.0023764372,0.010587461,0.05015725,0.029598624,0.028518364,-0.017187174,0.020699464,-0.010024831,0.53835297,0.6482441,0.71809167,0.5492602,0.94996536,0.026996944,0.0031823553,0.06939126,0.49501303,0.45788068,0.893255,0.025042683,0.03472171,0.036952615,0.024411373,-0.01535289,0.026357561,0.014679655,0.021092653,0.02161394,0.28806454,0.55998456,0.71364045,0.8146341,0.86878884,0.018448172,0.0404626,0.0011767,0.035457835,0.02159714,0.03694213,0.89095354,0.8902127,0.9313596,0.6028268,0.64545757,0.9467293,0.64063203,0.25573316,0.05790031,0.036956184,0.024834186,0.37756154,0.015621409,0.64891815,0.7951809,0.41824794,0.8368169,0.4724317,0.052119635,0.5519012,-0.0107503235,0.1493592,-0.019577637,0.10262922,0.74292576,0.83490145,0.7834989,0.7721112,0.07143249,0.5078627,-0.008820064,0.35518688,0.014197521,-0.000512518,0.0070023984,0.15857974,0.012134343,0.029993162,0.021390498,0.024102662,0.008376764,0.10444969,0.025924817,0.033982273,0.013378918,0.019815408,0.015555788,0.03612812,-0.003558047,0.012717798,1.0030669,0.91404355,0.52565485,0.6391925,0.01261019,0.71076643,0.016257644,0.010719851,0.018666118,0.021558687,0.98051524,0.9729668,0.024976294,0.0029891282,0.99332905,1.0078604,1.0054078,0.9559759,1.0061419,0.98548603,1.0050936,1.0034628,0.03265527,0.9756156,0.095774665,0.97013366,-0.008581957,0.89990234,0.019824974,0.79798937,0.014482118,0.23981154,0.008264512,0.9303927,0.028744787,0.94931984,0.14631674,0.9555354,0.00049096346,0.98010516,-0.0034442581,0.01343821,0.023212457,0.11405155,-0.004368797,0.15098554,0.018964753,0.8902241,0.02243438,0.907143,-2.6121736e-05,0.24939552,0.30077338,0.777617,0.04303591,0.16566773,0.029340655,0.051000886,0.098160416,0.8555925,0.38870388,0.97634816,0.028958656,0.95078194,0.029368684,0.93473315,0.2524826,0.9899198,0.9905038,0.9849222,0.94426525,0.9692923
0.027020965,0.027009591,0.7651058,0.50664955,0.41970938,0.109752715,-0.0035269856,0.005043924,0.0017918348,0.008648396,0.0013514161,0.004370928,0.0059788823,0.5789703,0.8776558,0.7056199,0.5672116,0.9490961,0.4071877,0.44858292,0.06385397,0.4954241,0.46526906,0.8447983,0.003105849,0.009401217,0.006020069,0.012150705,-0.0002374649,0.007083535,0.0036642253,0.004110694,0.0050447583,0.3984228,0.61849874,0.7833153,0.39269984,0.8523631,0.007536888,0.017376304,0.008460999,0.46767518,0.007348329,0.008829296,0.019228756,0.12770736,0.17543727,0.751205,0.020486832,0.41768104,0.120009094,0.41100886,0.05076611,0.1398212,0.01231277,0.029351354,0.016826868,0.031016827,0.8027295,0.38104063,0.4099666,0.51287127,0.0372217,0.4063781,0.007190585,0.1969843,0.0072347224,0.09004259,0.79798454,0.8636986,0.4393493,0.8649534,0.034412205,0.4987849,0.004305452,0.33931607,0.012984961,0.008752629,0.02064788,0.32070255,0.0019943044,0.061605334,0.001328826,0.007345438,0.015111446,-0.0075423717,0.002451457,0.0037471652,0.0077049583,-0.009427397,0.008749962,0.023712397,0.0038574934,0.019214153,0.9997707,0.996047,0.1499462,0.6283512,0.0022304952,0.024285018,5.0842762e-05,0.02082026,0.051942527,0.007791713,0.99786294,1.0083555,0.00058323145,-0.0061474442,0.9980177,0.9971509,0.7795176,0.01050964,0.010542609,0.9795147,0.9980325,0.9978147,0.10449737,0.9617386,0.035960123,0.92766017,0.018478453,0.89716285,0.019752681,0.80300957,0.009050071,0.2520417,0.029995084,0.9512634,0.08456421,0.98263085,0.43492997,0.9772047,0.020238161,0.97143203,0.022202551,0.0068042874,0.0104084015,0.10169917,0.00665468,0.13376707,0.027238175,0.9106932,0.019745022,0.9137223,0.01766865,0.30262828,0.29848287,0.76297534,0.0361892,0.1467259,0.019765973,0.037350446,0.288441,0.8551642,0.98375964,0.99552554,0.7841638,0.98502254,0.3520643,0.9696656,0.9131361,0.9872712,1.0087693,1.0051806,1.0000796,0.99780303
0.8729517,0.047907315,0.7382033,0.03711143,0.078742385,0.017655566,0.029949307,0.0286979,0.026473254,0.03397152,0.026521374,0.0096538365,0.010438651,0.5654802,0.6097324,0.190565,0.02250886,0.027432442,0.027692206,0.009397283,-0.012531713,-0.022469044,-0.007935628,0.0069935024,0.0073590875,-0.0030486584,0.059360623,-0.02456674,0.014359504,0.015188709,0.013970166,0.0121659115,0.025386795,0.27503324,0.30943078,0.7308959,0.7471506,0.48406103,0.009322971,0.020048007,0.0021749139,0.016135216,0.015729547,0.009821147,0.15276581,0.19458874,0.014102638,0.62906843,0.0057312623,0.013703376,0.06880914,0.40421718,0.004303992,0.044488966,0.0100239515,0.029790163,-0.00047385693,0.028100818,0.79528403,0.26631162,0.19966835,0.44955513,-0.007215366,0.09017587,0.028899461,0.061978742,-0.0027953386,0.04949051,0.5337481,0.81580657,0.7750736,0.7768824,0.025879204,0.47902656,0.05273122,0.3392143,0.03153821,-0.0131979585,0.027874649,0.15395465,0.027133472,0.022106305,0.010878421,0.017728679,0.0037680268,0.024236366,0.01792667,0.016548365,0.011498511,0.012638211,0.9937533,-0.0017381907,0.9957962,0.18452218,-0.013078183,0.014241219,-0.00877136,0.0142863095,0.17385378,0.00018393993,0.00017753243,-0.002778858,0.003251806,-0.00025691092,0.0008420944,0.012886897,0.0056479946,0.0065802634,0.017180532,0.006694734,-0.015229672,0.009882815,0.997017,0.9273021,-0.00038294494,-0.00069506466,0.016692445,0.11565551,0.021745324,0.16069159,0.015903741,0.19579399,0.013529122,0.16685236,0.008199453,-0.00096830726,0.013707742,0.007380843,0.011519462,0.003713727,0.012762979,0.005012423,0.013535202,-0.0069389343,0.0074840784,0.0119383335,-0.0002591014,0.016289871,-0.0023177639,0.016103938,0.03669727,0.019585297,0.044896875,0.0078815445,0.021261849,0.019522019,0.020010725,-0.007869422,0.0005095005,-0.014050871,0.005584087,-0.019454716,0.013411898,-0.011621952,0.0119060725,0.013449803,0.018708348,0.008066952,0.009694301,0.008652806,0.01635167,0.00933373,0.016421415,0.009037107,0.01854363,0.017593369
0.8680736,0.029582813,0.7647604,0.101799175,0.41782993,0.04549724,0.0011316091,0.02676928,0.021720529,0.035110682,0.0026248656,-0.006775245,0.0021879002,0.01605928,0.8655066,0.17414072,0.9354125,0.99575204,0.4791178,0.47191715,0.09256083,0.92997146,0.65295404,0.9670207,-0.00041902065,0.018580899,-0.00042816997,0.02418971,-0.00040614605,0.013327591,0.0010443628,0.015471518,0.0007597208,0.035393715,0.5546303,0.7306448,0.7382014,0.8862736,0.00776577,0.036997017,0.02074939,0.52137685,0.021117479,0.017794918,0.1650758,0.21155266,0.08755827,0.635964,0.012052447,0.13903618,0.013657719,0.41693503,0.004316926,0.14578238,0.0010294616,0.024585575,0.0010826215,0.02148518,0.9011342,0.25086528,0.37313312,0.45268452,0.055376828,0.38946337,0.010509133,0.14445204,0.0023030937,0.09636295,0.40693513,0.82324654,0.7764783,0.7787746,0.025337696,0.8047482,-0.000337027,0.022477716,0.031083435,0.016068876,0.0039506257,0.015986115,-1.2673438e-05,0.04245162,-0.00030383468,-0.0070765615,0.0008620769,0.024687588,0.0002938211,0.012243241,0.021343756,0.012698799,0.87398183,0.01074709,0.8170784,0.02676335,0.9803103,0.921173,0.14812428,0.4613882,0.02720557,0.0015265048,0.692589,0.017262578,0.46004274,0.0174396,1.0077661,1.0064539,0.00059485435,0.020857006,0.98581606,0.98830307,0.791829,0.0026865453,0.71244884,0.5026904,1.0076342,0.9889958,0.91022944,0.9897867,0.62332094,0.9484966,0.8066851,0.96970123,0.45229164,0.93087965,0.7084898,0.29407543,0.9743369,0.9577278,1.014437,1.0066059,0.98473716,1.001352,0.9726946,0.98364234,8.6426735e-07,0.025376797,-4.6133995e-05,0.110372424,0.009939693,0.15098159,0.20106927,0.92122006,0.13097292,0.92825115,0.6483099,0.34461707,0.5524899,0.998803,0.067977965,0.57884246,0.014884561,0.3877708,0.5985728,0.9651756,0.9857366,0.9883388,1.0093493,1.0096333,0.98633736,0.997581,1.0095046,0.9863337,0.9879789,1.0113673,0.9847933,0.98784506
0.8819082,0.019865438,0.76898247,0.10584289,0.42568612,0.05437765,0.0045368373,0.025007695,0.0037789792,0.02153033,0.009032652,0.004776716,0.0039883032,0.5584353,0.8773242,0.17353323,0.022297025,0.023656234,0.41086882,0.45588368,0.011823051,0.010164499,0.018534929,0.014710829,0.016101718,0.014434546,0.018089116,0.011841953,0.01270175,0.006486986,0.011939675,0.004398696,0.0076365247,0.28024957,0.58750504,0.49031767,0.38455462,0.07283255,0.010784715,0.030353885,0.0114963055,0.35401654,0.01038,0.018641777,0.017974615,0.02932132,0.14197999,0.21652159,0.0142477155,0.015535444,0.098276794,0.08012307,0.013290793,0.14790443,0.0112251155,0.028662741,0.011798218,0.020143405,0.792959,0.26751477,0.3772809,0.5228254,0.06426349,0.37103793,0.0080926865,0.12281692,0.0010838211,0.07891762,0.79731613,0.6779448,0.86591804,0.1361785,0.012711614,0.48740637,0.012505382,0.3535232,0.01146923,0.01701048,0.0035496354,0.15291728,0.008242905,0.014445066,0.010529578,0.00747771,0.021227006,0.0067655444,0.010253668,0.0033530295,0.010191299,0.00373739,0.01154691,0.0063898116,0.005356729,0.0072729588,0.98093593,0.41259003,0.012296684,0.012401938,0.0116852205,0.01010254,0.010482252,0.01167807,0.004766166,0.011125753,0.0006849766,0.003361851,0.010163784,0.012396507,0.93939173,0.78438276,0.015868574,0.009617351,0.005612448,0.019356683,2.783537e-05,0.031499505,0.0048686955,0.12678099,0.07932186,0.13176778,0.0038605705,0.20837778,0.007223308,0.19479561,0.017330736,0.035533324,0.005329013,0.016146079,0.005035013,0.011316024,0.0050240457,0.0111094415,0.005829502,0.021443397,0.010325164,0.016368419,0.010540068,0.014721081,0.010629043,0.017748833,0.12863974,0.028110802,0.024118878,0.040022135,0.5556283,0.032040775,0.010729525,0.017335504,0.009794384,0.012506619,0.012688145,0.014352966,0.0075712204,0.017921418,0.019965649,0.05550438,0.005580008,0.08207624,0.009128496,0.02700165,0.026312348,0.11005403,0.5531196,0.047427237,0.47142872,0.21390083
0.8729517,0.047907315,0.7382033,0.03711143,0.078742385,0.017655566,0.029949307,0.0286979,0.026473254,0.03397152,0.026521374,0.0096538365,0.010438651,0.5654802,0.6097324,0.190565,0.02250886,0.027432442,0.027692206,0.009397283,-0.012531713,-0.022469044,-0.007935628,0.0069935024,0.0073590875,-0.0030486584,0.059360623,-0.02456674,0.014359504,0.015188709,0.013970166,0.0121659115,0.025386795,0.27503324,0.30943078,0.7308959,0.7471506,0.48406103,0.009322971,0.020048007,0.0021749139,0.016135216,0.015729547,0.009821147,0.15276581,0.19458874,0.014102638,0.62906843,0.0057312623,0.013703376,0.06880914,0.40421718,0.004303992,0.044488966,0.0100239515,0.029790163,-0.00047385693,0.028100818,0.79528403,0.26631162,0.19966835,0.44955513,-0.007215366,0.09017587,0.028899461,0.061978742,-0.0027953386,0.04949051,0.5337481,0.81580657,0.7750736,0.7768824,0.025879204,0.47902656,0.05273122,0.3392143,0.03153821,-0.0131979585,0.027874649,0.15395465,0.027133472,0.022106305,0.010878421,0.017728679,0.0037680268,0.024236366,0.01792667,0.016548365,0.011498511,0.012638211,0.9937533,-0.0017381907,0.9957962,0.18452218,-0.013078183,0.014241219,-0.00877136,0.0142863095,0.17385378,0.00018393993,0.00017753243,-0.002778858,0.003251806,-0.00025691092,0.0008420944,0.012886897,0.0056479946,0.0065802634,0.017180532,0.006694734,-0.015229672,0.009882815,0.997017,0.9273021,-0.00038294494,-0.00069506466,0.016692445,0.11565551,0.021745324,0.16069159,0.015903741,0.19579399,0.013529122,0.16685236,0.008199453,-0.00096830726,0.013707742,0.007380843,0.011519462,0.003713727,0.012762979,0.005012423,0.013535202,-0.0069389343,0.0074840784,0.0119383335,-0.0002591014,0.016289871,-0.0023177639,0.016103938,0.03669727,0.019585297,0.044896875,0.0078815445,0.021261849,0.019522019,0.020010725,-0.007869422,0.0005095005,-0.014050871,0.005584087,-0.019454716,0.013411898,-0.011621952,0.0119060725,0.013449803,0.018708348,0.008066952,0.009694301,0.008652806,0.01635167,0.00933373,0.016421415,0.009037107,0.01854363,0.017593369
0.8819082,0.019865438,0.76898247,0.10584289,0.42568612,0.05437765,0.0045368373,0.025007695,0.0037789792,0.02153033,0.009032652,0.004776716,0.0039883032,0.5584353,0.8773242,0.17353323,0.022297025,0.023656234,0.41086882,0.45588368,0.011823051,0.010164499,0.018534929,0.014710829,0.016101718,0.014434546,0.018089116,0.011841953,0.01270175,0.006486986,0.011939675,0.004398696,0.0076365247,0.28024957,0.58750504,0.49031767,0.38455462,0.07283255,0.010784715,0.030353885,0.0114963055,0.35401654,0.01038,0.018641777,0.017974615,0.02932132,0.14197999,0.21652159,0.0142477155,0.015535444,0.098276794,0.08012307,0.013290793,0.14790443,0.0112251155,0.028662741,0.011798218,0.020143405,0.792959,0.26751477,0.3772809,0.5228254,0.06426349,0.37103793,0.0080926865,0.12281692,0.0010838211,0.07891762,0.79731613,0.6779448,0.86591804,0.1361785,0.012711614,0.48740637,0.012505382,0.3535232,0.01146923,0.01701048,0.0035496354,0.15291728,0.008242905,0.014445066,0.010529578,0.00747771,0.021227006,0.0067655444,0.010253668,0.0033530295,0.010191299,0.00373739,0.01154691,0.0063898116,0.005356729,0.0072729588,0.98093593,0.41259003,0.012296684,0.012401938,0.0116852205,0.01010254,0.010482252,0.01167807,0.004766166,0.011125753,0.0006849766,0.003361851,0.010163784,0.012396507,0.93939173,0.78438276,0.015868574,0.009617351,0.005612448,0.019356683,2.783537e-05,0.031499505,0.0048686955,0.12678099,0.07932186,0.13176778,0.0038605705,0.20837778,0.007223308,0.19479561,0.017330736,0.035533324,0.005329013,0.016146079,0.005035013,0.011316024,0.0050240457,0.0111094415,0.005829502,0.021443397,0.010325164,0.016368419,0.010540068,0.014721081,0.010629043,0.017748833,0.12863974,0.028110802,0.024118878,0.040022135,0.5556283,0.032040775,0.010729525,0.017335504,0.009794384,0.012506619,0.012688145,0.014352966,0.0075712204,0.017921418,0.019965649,0.05550438,0.005580008,0.08207624,0.009128496,0.02700165,0.026312348,0.11005403,0.5531196,0.047427237,0.47142872,0.21390083
0.8680736,0.029582813,0.7647604,0.101799175,0.41782993,0.04549724,0.0011316091,0.02676928,0.021720529,0.035110682,0.0026248656,-0.006775245,0.0021879002,0.01605928,0.8655066,0.17414072,0.9354125,0.99575204,0.4791178,0.47191715,0.09256083,0.92997146,0.65295404,0.9670207,-0.00041902065,0.018580899,-0.00042816997,0.02418971,-0.00040614605,0.013327591,0.0010443628,0.015471518,0.0007597208,0.035393715,0.5546303,0.7306448,0.7382014,0.8862736,0.00776577,0.036997017,0.02074939,0.52137685,0.021117479,0.017794918,0.1650758,0.21155266,0.08755827,0.635964,0.012052447,0.13903618,0.013657719,0.41693503,0.004316926,0.14578238,0.0010294616,0.024585575,0.0010826215,0.02148518,0.9011342,0.25086528,0.37313312,0.45268452,0.055376828,0.38946337,0.010509133,0.14445204,0.0023030937,0.09636295,0.40693513,0.82324654,0.7764783,0.7787746,0.025337696,0.8047482,-0.000337027,0.022477716,0.031083435,0.016068876,0.0039506257,0.015986115,-1.2673438e-05,0.04245162,-0.00030383468,-0.0070765615,0.0008620769,0.024687588,0.0002938211,0.012243241,0.021343756,0.012698799,0.87398183,0.01074709,0.8170784,0.02676335,0.9803103,0.921173,0.14812428,0.4613882,0.02720557,0.0015265048,0.692589,0.017262578,0.46004274,0.0174396,1.0077661,1.0064539,0.00059485435,0.020857006,0.98581606,0.98830307,0.791829,0.0026865453,0.71244884,0.5026904,1.0076342,0.9889958,0.91022944,0.9897867,0.62332094,0.9484966,0.8066851,0.96970123,0.45229164,0.93087965,0.7084898,0.29407543,0.9743369,0.9577278,1.014437,1.0066059,0.98473716,1.001352,0.9726946,0.98364234,8.6426735e-07,0.025376797,-4.6133995e-05,0.110372424,0.009939693,0.15098159,0.20106927,0.92122006,0.13097292,0.92825115,0.6483099,0.34461707,0.5524899,0.998803,0.067977965,0.57884246,0.014884561,0.3877708,0.5985728,0.9651756,0.9857366,0.9883388,1.0093493,1.0096333,0.98633736,0.997581,1.0095046,0.9863337,0.9879789,1.0113673,0.9847933,0.98784506
0.027020965,0.027009591,0.7651058,0.50664955,0.41970938,0.109752715,-0.0035269856,0.005043924,0.0017918348,0.008648396,0.0013514161,0.004370928,0.0059788823,0.5789703,0.8776558,0.7056199,0.5672116,0.9490961,0.4071877,0.44858292,0.06385397,0.4954241,0.46526906,0.8447983,0.003105849,0.009401217,0.006020069,0.012150705,-0.0002374649,0.007083535,0.0036642253,0.004110694,0.0050447583,0.3984228,0.61849874,0.7833153,0.39269984,0.8523631,0.007536888,0.017376304,0.008460999,0.46767518,0.007348329,0.008829296,0.019228756,0.12770736,0.17543727,0.751205,0.020486832,0.41768104,0.120009094,0.41100886,0.05076611,0.1398212,0.01231277,0.029351354,0.016826868,0.031016827,0.8027295,0.38104063,0.4099666,0.51287127,0.0372217,0.4063781,0.007190585,0.1969843,0.0072347224,0.09004259,0.79798454,0.8636986,0.4393493,0.8649534,0.034412205,0.4987849,0.004305452,0.33931607,0.012984961,0.008752629,0.02064788,0.32070255,0.0019943044,0.061605334,0.001328826,0.007345438,0.015111446,-0.0075423717,0.002451457,0.0037471652,0.0077049583,-0.009427397,0.008749962,0.023712397,0.0038574934,0.019214153,0.9997707,0.996047,0.1499462,0.6283512,0.0022304952,0.024285018,5.0842762e-05,0.02082026,0.051942527,0.007791713,0.99786294,1.0083555,0.00058323145,-0.0061474442,0.9980177,0.9971509,0.7795176,0.01050964,0.010542609,0.9795147,0.9980325,0.9978147,0.10449737,0.9617386,0.035960123,0.92766017,0.018478453,0.89716285,0.019752681,0.80300957,0.009050071,0.2520417,0.029995084,0.9512634,0.08456421,0.98263085,0.43492997,0.9772047,0.020238161,0.97143203,0.022202551,0.0068042874,0.0104084015,0.10169917,0.00665468,0.13376707,0.027238175,0.9106932,0.019745022,0.9137223,0.01766865,0.30262828,0.29848287,0.76297534,0.0361892,0.1467259,0.019765973,0.037350446,0.288441,0.8551642,0.98375964,0.99552554,0.7841638,0.98502254,0.3520643,0.9696656,0.9131361,0.9872712,1.0087693,1.0051806,1.0000796,0.99780303
0.92211175,0.1410001,0.9198187,0.054688573,0.37241122,0.0023764335,0.010587402,0.050157398,0.029598657,0.028518364,-0.017187297,0.020699464,-0.010024741,0.538353,0.6482441,0.7180916,0.5492603,0.94996554,0.026997007,0.003182307,0.06939121,0.49501306,0.45788068,0.8932551,0.025042638,0.034721673,0.036952674,0.024411336,-0.01535292,0.026357561,0.0146796405,0.02109268,0.021613933,0.28806448,0.5599846,0.71364045,0.8146341,0.86878884,0.018448237,0.040462554,0.0011767372,0.035457745,0.021597125,0.03694216,0.8909536,0.8902128,0.93135965,0.60282665,0.6454575,0.9467293,0.6406321,0.25573322,0.057900324,0.036956284,0.0248342,0.37756145,0.015621439,0.64891815,0.79518104,0.41824794,0.836817,0.47243166,0.052119605,0.5519011,-0.010750182,0.14935918,-0.019577637,0.10262924,0.74292576,0.83490145,0.7834989,0.7721112,0.07143241,0.5078627,-0.00881999,0.35518688,0.014197495,-0.00051258504,0.007002473,0.1585797,0.012134284,0.029993266,0.021390542,0.024102714,0.00837679,0.10444975,0.025924936,0.033982337,0.013378978,0.01981543,0.015555775,0.03612806,-0.003558036,0.012717888,1.0030668,0.91404355,0.52565485,0.6391926,0.012610137,0.71076626,0.01625757,0.010719776,0.018666148,0.021558635,0.9805151,0.9729668,0.024976306,0.0029891431,0.9933289,1.0078607,1.0054078,0.9559761,1.0061419,0.98548603,1.0050936,1.0034629,0.032655217,0.9756156,0.09577462,0.97013354,-0.008581974,0.8999024,0.019825127,0.7979895,0.014482141,0.23981158,0.008264542,0.93039286,0.028744847,0.9493199,0.1463167,0.9555355,0.00049091876,0.9801055,-0.0034442805,0.01343821,0.023212416,0.1140517,-0.0043688715,0.1509856,0.018964723,0.89022404,0.02243441,0.90714306,-2.6121736e-05,0.24939558,0.30077344,0.77761704,0.04303588,0.1656678,0.029340744,0.051000774,0.09816033,0.85559267,0.38870388,0.97634816,0.028958738,0.950782,0.029368743,0.93473303,0.2524826,0.98991966,0.99050367,0.9849223,0.9442653,0.9692924
0.8729517,0.047907315,0.7382033,0.03711143,0.078742385,0.017655566,0.029949307,0.0286979,0.026473254,0.03397152,0.026521374,0.0096538365,0.010438651,0.5654802,0.6097324,0.190565,0.02250886,0.027432442,0.027692206,0.009397283,-0.012531713,-0.022469044,-0.007935628,0.0069935024,0.0073590875,-0.0030486584,0.059360623,-0.02456674,0.014359504,0.015188709,0.013970166,0.0121659115,0.025386795,0.27503324,0.30943078,0.7308959,0.7471506,0.48406103,0.009322971,0.020048007,0.0021749139,0.016135216,0.015729547,0.009821147,0.15276581,0.19458874,0.014102638,0.62906843,0.0057312623,0.013703376,0.06880914,0.40421718,0.004303992,0.044488966,0.0100239515,0.029790163,-0.00047385693,0.028100818,0.79528403,0.26631162,0.19966835,0.44955513,-0.007215366,0.09017587,0.028899461,0.061978742,-0.0027953386,0.04949051,0.5337481,0.81580657,0.7750736,0.7768824,0.025879204,0.47902656,0.05273122,0.3392143,0.03153821,-0.0131979585,0.027874649,0.15395465,0.027133472,0.022106305,0.010878421,0.017728679,0.0037680268,0.024236366,0.01792667,0.016548365,0.011498511,0.012638211,0.9937533,-0.0017381907,0.9957962,0.18452218,-0.013078183,0.014241219,-0.00877136,0.0142863095,0.17385378,0.00018393993,0.00017753243,-0.002778858,0.003251806,-0.00025691092,0.0008420944,0.012886897,0.0056479946,0.0065802634,0.017180532,0.006694734,-0.015229672,0.009882815,0.997017,0.9273021,-0.00038294494,-0.00069506466,0.016692445,0.11565551,0.021745324,0.16069159,0.015903741,0.19579399,0.013529122,0.16685236,0.008199453,-0.00096830726,0.013707742,0.007380843,0.011519462,0.003713727,0.012762979,0.005012423,0.013535202,-0.0069389343,0.0074840784,0.0119383335,-0.0002591014,0.016289871,-0.0023177639,0.016103938,0.03669727,0.019585297,0.044896875,0.0078815445,0.021261849,0.019522019,0.020010725,-0.007869422,0.0005095005,-0.014050871,0.005584087,-0.019454716,0.013411898,-0.011621952,0.0119060725,0.013449803,0.018708348,0.008066952,0.009694301,0.008652806,0.01635167,0.00933373,0.016421415,0.009037107,0.01854363,0.017593369
0.027020965,0.027009591,0.7651058,0.50664955,0.41970938,0.109752715,-0.0035269856,0.005043924,0.0017918348,0.008648396,0.0013514161,0.004370928,0.0059788823,0.5789703,0.8776558,0.7056199,0.5672116,0.9490961,0.4071877,0.44858292,0.06385397,0.4954241,0.46526906,0.8447983,0.003105849,0.009401217,0.006020069,0.012150705,-0.0002374649,0.007083535,0.0036642253,0.004110694,0.0050447583,0.3984228,0.61849874,0.7833153,0.39269984,0.8523631,0.007536888,0.017376304,0.008460999,0.46767518,0.007348329,0.008829296,0.019228756,0.12770736,0.17543727,0.751205,0.020486832,0.41768104,0.120009094,0.41100886,0.05076611,0.1398212,0.01231277,0.029351354,0.016826868,0.031016827,0.8027295,0.38104063,0.4099666,0.51287127,0.0372217,0.4063781,0.007190585,0.1969843,0.0072347224,0.09004259,0.79798454,0.8636986,0.4393493,0.8649534,0.034412205,0.4987849,0.004305452,0.33931607,0.012984961,0.008752629,0.02064788,0.32070255,0.0019943044,0.061605334,0.001328826,0.007345438,0.015111446,-0.0075423717,0.002451457,0.0037471652,0.0077049583,-0.009427397,0.008749962,0.023712397,0.0038574934,0.019214153,0.9997707,0.996047,0.1499462,0.6283512,0.0022304952,0.024285018,5.0842762e-05,0.02082026,0.051942527,0.007791713,0.99786294,1.0083555,0.00058323145,-0.0061474442,0.9980177,0.9971509,0.7795176,0.01050964,0.010542609,0.9795147,0.9980325,0.9978147,0.10449737,0.9617386,0.035960123,0.92766017,0.018478453,0.89716285,0.019752681,0.80300957,0.009050071,0.2520417,0.029995084,0.9512634,0.08456421,0.98263085,0.43492997,0.9772047,0.020238161,0.97143203,0.022202551,0.0068042874,0.0104084015,0.10169917,0.00665468,0.13376707,0.027238175,0.9106932,0.019745022,0.9137223,0.01766865,0.30262828,0.29848287,0.76297534,0.0361892,0.1467259,0.019765973,0.037350446,0.288441,0.8551642,0.98375964,0.99552554,0.7841638,0.98502254,0.3520643,0.9696656,0.9131361,0.9872712,1.0087693,1.0051806,1.0000796,0.99780303
0.8729517,0.047907315,0.7382033,0.03711143,0.078742385,0.017655566,0.029949307,0.0286979,0.026473254,0.03397152,0.026521374,0.0096538365,0.010438651,0.5654802,0.6097324,0.190565,0.02250886,0.027432442,0.027692206,0.009397283,-0.012531713,-0.022469044,-0.007935628,0.0069935024,0.0073590875,-0.0030486584,0.059360623,-0.02456674,0.014359504,0.015188709,0.013970166,0.0121659115,0.025386795,0.27503324,0.30943078,0.7308959,0.7471506,0.48406103,0.009322971,0.020048007,0.0021749139,0.016135216,0.015729547,0.009821147,0.15276581,0.19458874,0.014102638,0.62906843,0.0057312623,0.013703376,0.06880914,0.40421718,0.004303992,0.044488966,0.0100239515,0.029790163,-0.00047385693,0.028100818,0.79528403,0.26631162,0.19966835,0.44955513,-0.007215366,0.09017587,0.028899461,0.061978742,-0.0027953386,0.04949051,0.5337481,0.81580657,0.7750736,0.7768824,0.025879204,0.47902656,0.05273122,0.3392143,0.03153821,-0.0131979585,0.027874649,0.15395465,0.027133472,0.022106305,0.010878421,0.017728679,0.0037680268,0.024236366,0.01792667,0.016548365,0.011498511,0.012638211,0.9937533,-0.0017381907,0.9957962,0.18452218,-0.013078183,0.014241219,-0.00877136,0.0142863095,0.17385378,0.00018393993,0.00017753243,-0.002778858,0.003251806,-0.00025691092,0.0008420944,0.012886897,0.0056479946,0.0065802634,0.017180532,0.006694734,-0.015229672,0.009882815,0.997017,0.9273021,-0.00038294494,-0.00069506466,0.016692445,0.11565551,0.021745324,0.16069159,0.015903741,0.19579399,0.013529122,0.16685236,0.008199453,-0.00096830726,0.013707742,0.007380843,0.011519462,0.003713727,0.012762979,0.005012423,0.013535202,-0.0069389343,0.0074840784,0.0119383335,-0.0002591014,0.016289871,-0.0023177639,0.016103938,0.03669727,0.019585297,0.044896875,0.0078815445,0.021261849,0.019522019,0.020010725,-0.007869422,0.0005095005,-0.014050871,0.005584087,-0.019454716,0.013411898,-0.011621952,0.0119060725,0.013449803,0.018708348,0.008066952,0.009694301,0.008652806,0.01635167,0.00933373,0.016421415,0.009037107,0.01854363,0.017593369
0.8680736,0.029582813,0.7647604,0.101799175,0.41782993,0.04549724,0.0011316091,0.02676928,0.021720529,0.035110682,0.0026248656,-0.006775245,0.0021879002,0.01605928,0.8655066,0.17414072,0.9354125,0.99575204,0.4791178,0.47191715,0.09256083,0.92997146,0.65295404,0.9670207,-0.00041902065,0.018580899,-0.00042816997,0.02418971,-0.00040614605,0.013327591,0.0010443628,0.015471518,0.0007597208,0.035393715,0.5546303,0.7306448,0.7382014,0.8862736,0.00776577,0.036997017,0.02074939,0.52137685,0.021117479,0.017794918,0.1650758,0.21155266,0.08755827,0.635964,0.012052447,0.13903618,0.013657719,0.41693503,0.004316926,0.14578238,0.0010294616,0.024585575,0.0010826215,0.02148518,0.9011342,0.25086528,0.37313312,0.45268452,0.055376828,0.38946337,0.010509133,0.14445204,0.0023030937,0.09636295,0.40693513,0.82324654,0.7764783,0.7787746,0.025337696,0.8047482,-0.000337027,0.022477716,0.031083435,0.016068876,0.0039506257,0.015986115,-1.2673438e-05,0.04245162,-0.00030383468,-0.0070765615,0.0008620769,0.024687588,0.0002938211,0.012243241,0.021343756,0.012698799,0.87398183,0.01074709,0.8170784,0.02676335,0.9803103,0.921173,0.14812428,0.4613882,0.02720557,0.0015265048,0.692589,0.017262578,0.46004274,0.0174396,1.0077661,1.0064539,0.00059485435,0.020857006,0.98581606,0.98830307,0.791829,0.0026865453,0.71244884,0.5026904,1.0076342,0.9889958,0.91022944,0.9897867,0.62332094,0.9484966,0.8066851,0.96970123,0.45229164,0.93087965,0.7084898,0.29407543,0.9743369,0.9577278,1.014437,1.0066059,0.98473716,1.001352,0.9726946,0.98364234,8.6426735e-07,0.025376797,-4.6133995e-05,0.110372424,0.009939693,0.15098159,0.20106927,0.92122006,0.13097292,0.92825115,0.6483099,0.34461707,0.5524899,0.998803,0.067977965,0.57884246,0.014884561,0.3877708,0.5985728,0.9651756,0.9857366,0.9883388,1.0093493,1.0096333,0.98633736,0.997581,1.0095046,0.9863337,0.9879789,1.0113673,0.9847933,0.98784506
0.9221117,0.1410001,0.91981876,0.054688454,0.37241122,0.0023764372,0.010587461,0.05015725,0.029598624,0.028518364,-0.017187174,0.020699464,-0.010024831,0.53835297,0.6482441,0.71809167,0.5492602,0.94996536,0.026996944,0.0031823553,0.06939126,0.49501303,0.45788068,0.893255,0.025042683,0.03472171,0.036952615,0.024411373,-0.01535289,0.026357561,0.014679655,0.021092653,0.02161394,0.28806454,0.55998456,0.71364045,0.8146341,0.86878884,0.018448172,0.0404626,0.0011767,0.035457835,0.02159714,0.03694213,0.89095354,0.8902127,0.9313596,0.6028268,0.64545757,0.9467293,0.64063203,0.25573316,0.05790031,0.036956184,0.024834186,0.37756154,0.015621409,0.64891815,0.7951809,0.41824794,0.8368169,0.4724317,0.052119635,0.5519012,-0.0107503235,0.1493592,-0.019577637,0.10262922,0.74292576,0.83490145,0.7834989,0.7721112,0.07143249,0.5078627,-0.008820064,0.35518688,0.014197521,-0.000512518,0.0070023984,0.15857974,0.012134343,0.029993162,0.021390498,0.024102662,0.008376764,0.10444969,0.025924817,0.033982273,0.013378918,0.019815408,0.015555788,0.03612812,-0.003558047,0.012717798,1.0030669,0.91404355,0.52565485,0.6391925,0.01261019,0.71076643,0.016257644,0.010719851,0.018666118,0.021558687,0.98051524,0.9729668,0.024976294,0.0029891282,0.99332905,1.0078604,1.0054078,0.9559759,1.0061419,0.98548603,1.0050936,1.0034628,0.03265527,0.9756156,0.095774665,0.97013366,-0.008581957,0.89990234,0.019824974,0.79798937,0.014482118,0.23981154,0.008264512,0.9303927,0.028744787,0.94931984,0.14631674,0.9555354,0.00049096346,0.98010516,-0.0034442581,0.01343821,0.023212457,0.11405155,-0.004368797,0.15098554,0.018964753,0.8902241,0.02243438,0.907143,-2.6121736e-05,0.24939552,0.30077338,0.777617,0.04303591,0.16566773,0.029340655,0.051000886,0.098160416,0.8555925,0.38870388,0.97634816,0.028958656,0.95078194,0.029368684,0.93473315,0.2524826,0.9899198,0.9905038,0.9849222,0.94426525,0.9692923
0.8819082,0.019865438,0.76898247,0.10584289,0.42568612,0.05437765,0.0045368373,0.025007695,0.0037789792,0.02153033,0.009032652,0.004776716,0.0039883032,0.5584353,0.8773242,0.17353323,0.022297025,0.023656234,0.41086882,0.45588368,0.011823051,0.010164499,0.018534929,0.014710829,0.016101718,0.014434546,0.018089116,0.011841953,0.01270175,0.006486986,0.011939675,0.004398696,0.0076365247,0.28024957,0.58750504,0.49031767,0.38455462,0.07283255,0.010784715,0.030353885,0.0114963055,0.35401654,0.01038,0.018641777,0.017974615,0.02932132,0.14197999,0.21652159,0.0142477155,0.015535444,0.098276794,0.08012307,0.013290793,0.14790443,0.0112251155,0.028662741,0.011798218,0.020143405,0.792959,0.26751477,0.3772809,0.5228254,0.06426349,0.37103793,0.0080926865,0.12281692,0.0010838211,0.07891762,0.79731613,0.6779448,0.86591804,0.1361785,0.012711614,0.48740637,0.012505382,0.3535232,0.01146923,0.01701048,0.0035496354,0.15291728,0.008242905,0.014445066,0.010529578,0.00747771,0.021227006,0.0067655444,0.010253668,0.0033530295,0.010191299,0.00373739,0.01154691,0.0063898116,0.005356729,0.0072729588,0.98093593,0.41259003,0.012296684,0.012401938,0.0116852205,0.01010254,0.010482252,0.01167807,0.004766166,0.011125753,0.0006849766,0.003361851,0.010163784,0.012396507,0.93939173,0.78438276,0.015868574,0.009617351,0.005612448,0.019356683,2.783537e-05,0.031499505,0.0048686955,0.12678099,0.07932186,0.13176778,0.0038605705,0.20837778,0.007223308,0.19479561,0.017330736,0.035533324,0.005329013,0.016146079,0.005035013,0.011316024,0.0050240457,0.0111094415,0.005829502,0.021443397,0.010325164,0.016368419,0.010540068,0.014721081,0.010629043,0.017748833,0.12863974,0.028110802,0.024118878,0.040022135,0.5556283,0.032040775,0.010729525,0.017335504,0.009794384,0.012506619,0.012688145,0.014352966,0.0075712204,0.017921418,0.019965649,0.05550438,0.005580008,0.08207624,0.009128496,0.02700165,0.026312348,0.11005403,0.5531196,0.047427237,0.47142872,0.21390083
0.8819082,0.019865438,0.76898247,0.10584289,0.42568612,0.05437765,0.0045368373,0.025007695,0.0037789792,0.02153033,0.009032652,0.004776716,0.0039883032,0.5584353,0.8773242,0.17353323,0.022297025,0.023656234,0.41086882,0.45588368,0.011823051,0.010164499,0.018534929,0.014710829,0.016101718,0.014434546,0.018089116,0.011841953,0.01270175,0.006486986,0.011939675,0.004398696,0.0076365247,0.28024957,0.58750504,0.49031767,0.38455462,0.07283255,0.010784715,0.030353885,0.0114963055,0.35401654,0.01038,0.018641777,0.017974615,0.02932132,0.14197999,0.21652159,0.0142477155,0.015535444,0.098276794,0.08012307,0.013290793,0.14790443,0.0112251155,0.028662741,0.011798218,0.020143405,0.792959,0.26751477,0.3772809,0.5228254,0.06426349,0.37103793,0.0080926865,0.12281692,0.0010838211,0.07891762,0.79731613,0.6779448,0.86591804,0.1361785,0.012711614,0.48740637,0.012505382,0.3535232,0.01146923,0.01701048,0.0035496354,0.15291728,0.008242905,0.014445066,0.010529578,0.00747771,0.021227006,0.0067655444,0.010253668,0.0033530295,0.010191299,0.00373739,0.01154691,0.0063898116,0.005356729,0.0072729588,0.98093593,0.41259003,0.012296684,0.012401938,0.0116852205,0.01010254,0.010482252,0.01167807,0.004766166,0.011125753,0.0006849766,0.003361851,0.010163784,0.012396507,0.93939173,0.78438276,0.015868574,0.009617351,0.005612448,0.019356683,2.783537e-05,0.031499505,0.0048686955,0.12678099,0.07932186,0.13176778,0.0038605705,0.20837778,0.007223308,0.19479561,0.017330736,0.035533324,0.005329013,0.016146079,0.005035013,0.011316024,0.0050240457,0.0111094415,0.005829502,0.021443397,0.010325164,0.016368419,0.010540068,0.014721081,0.010629043,0.017748833,0.12863974,0.028110802,0.024118878,0.040022135,0.5556283,0.032040775,0.010729525,0.017335504,0.009794384,0.012506619,0.012688145,0.014352966,0.0075712204,0.017921418,0.019965649,0.05550438,0.005580008,0.08207624,0.009128496,0.02700165,0.026312348,0.11005403,0.5531196,0.047427237,0.47142872,0.21390083
0.8680736,0.029582813,0.7647604,0.101799175,0.41782993,0.04549724,0.0011316091,0.02676928,0.021720529,0.035110682,0.0026248656,-0.006775245,0.0021879002,0.01605928,0.8655066,0.17414072,0.9354125,0.99575204,0.4791178,0.47191715,0.09256083,0.92997146,0.65295404,0.9670207,-0.00041902065,0.018580899,-0.00042816997,0.02418971,-0.00040614605,0.013327591,0.0010443628,0.015471518,0.0007597208,0.035393715,0.5546303,0.7306448,0.7382014,0.8862736,0.00776577,0.036997017,0.02074939,0.52137685,0.021117479,0.017794918,0.1650758,0.21155266,0.08755827,0.635964,0.012052447,0.13903618,0.013657719,0.41693503,0.004316926,0.14578238,0.0010294616,0.024585575,0.0010826215,0.02148518,0.9011342,0.25086528,0.37313312,0.45268452,0.055376828,0.38946337,0.010509133,0.14445204,0.0023030937,0.09636295,0.40693513,0.82324654,0.7764783,0.7787746,0.025337696,0.8047482,-0.000337027,0.022477716,0.031083435,0.016068876,0.0039506257,0.015986115,-1.2673438e-05,0.04245162,-0.00030383468,-0.0070765615,0.0008620769,0.024687588,0.0002938211,0.012243241,0.021343756,0.012698799,0.87398183,0.01074709,0.8170784,0.02676335,0.9803103,0.921173,0.14812428,0.4613882,0.02720557,0.0015265048,0.692589,0.017262578,0.46004274,0.0174396,1.0077661,1.0064539,0.00059485435,0.020857006,0.98581606,0.98830307,0.791829,0.0026865453,0.71244884,0.5026904,1.0076342,0.9889958,0.91022944,0.9897867,0.62332094,0.9484966,0.8066851,0.96970123,0.45229164,0.93087965,0.7084898,0.29407543,0.9743369,0.9577278,1.014437,1.0066059,0.98473716,1.001352,0.9726946,0.98364234,8.6426735e-07,0.025376797,-4.6133995e-05,0.110372424,0.009939693,0.15098159,0.20106927,0.92122006,0.13097292,0.92825115,0.6483099,0.34461707,0.5524899,0.998803,0.067977965,0.57884246,0.014884561,0.3877708,0.5985728,0.9651756,0.9857366,0.9883388,1.0093493,1.0096333,0.98633736,0.997581,1.0095046,0.9863337,0.9879789,1.0113673,0.9847933,0.98784506
0.92211175,0.1410001,0.9198187,0.054688573,0.37241122,0.0023764335,0.010587402,0.050157398,0.029598657,0.028518364,-0.017187297,0.020699464,-0.010024741,0.538353,0.6482441,0.7180916,0.5492603,0.94996554,0.026997007,0.003182307,0.06939121,0.49501306,0.45788068,0.8932551,0.025042638,0.034721673,0.036952674,0.024411336,-0.01535292,0.026357561,0.0146796405,0.02109268,0.021613933,0.28806448,0.5599846,0.71364045,0.8146341,0.86878884,0.018448237,0.040462554,0.0011767372,0.035457745,0.021597125,0.03694216,0.8909536,0.8902128,0.93135965,0.60282665,0.6454575,0.9467293,0.6406321,0.25573322,0.057900324,0.036956284,0.0248342,0.37756145,0.015621439,0.64891815,0.79518104,0.41824794,0.836817,0.47243166,0.052119605,0.5519011,-0.010750182,0.14935918,-0.019577637,0.10262924,0.74292576,0.83490145,0.7834989,0.7721112,0.07143241,0.5078627,-0.00881999,0.35518688,0.014197495,-0.00051258504,0.007002473,0.1585797,0.012134284,0.029993266,0.021390542,0.024102714,0.00837679,0.10444975,0.025924936,0.033982337,0.013378978,0.01981543,0.015555775,0.03612806,-0.003558036,0.012717888,1.0030668,0.91404355,0.52565485,0.6391926,0.012610137,0.71076626,0.01625757,0.010719776,0.018666148,0.021558635,0.9805151,0.9729668,0.024976306,0.0029891431,0.9933289,1.0078607,1.0054078,0.9559761,1.0061419,0.98548603,1.0050936,1.0034629,0.032655217,0.9756156,0.09577462,0.97013354,-0.008581974,0.8999024,0.019825127,0.7979895,0.014482141,0.23981158,0.008264542,0.93039286,0.028744847,0.9493199,0.1463167,0.9555355,0.00049091876,0.9801055,-0.0034442805,0.01343821,0.023212416,0.1140517,-0.0043688715,0.1509856,0.018964723,0.89022404,0.02243441,0.90714306,-2.6121736e-05,0.24939558,0.30077344,0.77761704,0.04303588,0.1656678,0.029340744,0.051000774,0.09816033,0.85559267,0.38870388,0.97634816,0.028958738,0.950782,0.029368743,0.93473303,0.2524826,0.98991966,0.99050367,0.9849223,0.9442653,0.9692924
0.027020965,0.027009591,0.7651058,0.50664955,0.41970938,0.109752715,-0.0035269856,0.005043924,0.0017918348,0.008648396,0.0013514161,0.004370928,0.0059788823,0.5789703,0.8776558,0.7056199,0.5672116,0.9490961,0.4071877,0.44858292,0.06385397,0.4954241,0.46526906,0.8447983,0.003105849,0.009401217,0.006020069,0.012150705,-0.0002374649,0.007083535,0.0036642253,0.004110694,0.0050447583,0.3984228,0.61849874,0.7833153,0.39269984,0.8523631,0.007536888,0.017376304,0.008460999,0.46767518,0.007348329,0.008829296,0.019228756,0.12770736,0.17543727,0.751205,0.020486832,0.41768104,0.120009094,0.41100886,0.05076611,0.1398212,0.01231277,0.029351354,0.016826868,0.031016827,0.8027295,0.38104063,0.4099666,0.51287127,0.0372217,0.4063781,0.007190585,0.1969843,0.0072347224,0.09004259,0.79798454,0.8636986,0.4393493,0.8649534,0.034412205,0.4987849,0.004305452,0.33931607,0.012984961,0.008752629,0.02064788,0.32070255,0.0019943044,0.061605334,0.001328826,0.007345438,0.015111446,-0.0075423717,0.002451457,0.0037471652,0.0077049583,-0.009427397,0.008749962,0.023712397,0.0038574934,0.019214153,0.9997707,0.996047,0.1499462,0.6283512,0.0022304952,0.024285018,5.0842762e-05,0.02082026,0.051942527,0.007791713,0.99786294,1.0083555,0.00058323145,-0.0061474442,0.9980177,0.9971509,0.7795176,0.01050964,0.010542609,0.9795147,0.9980325,0.9978147,0.10449737,0.9617386,0.035960123,0.92766017,0.018478453,0.89716285,0.019752681,0.80300957,0.009050071,0.2520417,0.029995084,0.9512634,0.08456421,0.98263085,0.43492997,0.9772047,0.020238161,0.97143203,0.022202551,0.0068042874,0.0104084015,0.10169917,0.00665468,0.13376707,0.027238175,0.9106932,0.019745022,0.9137223,0.01766865,0.30262828,0.29848287,0.76297534,0.0361892,0.1467259,0.019765973,0.037350446,0.288441,0.8551642,0.98375964,0.99552554,0.7841638,0.98502254,0.3520643,0.9696656,0.9131361,0.9872712,1.0087693,1.0051806,1.0000796,0.99780303
0.027020965,0.027009591,0.7651058,0.50664955,0.41970938,0.109752715,-0.0035269856,0.005043924,0.0017918348,0.008648396,0.0013514161,0.004370928,0.0059788823,0.5789703,0.8776558,0.7056199,0.5672116,0.9490961,0.4071877,0.44858292,0.06385397,0.4954241,0.46526906,0.8447983,0.003105849,0.009401217,0.006020069,0.012150705,-0.0002374649,0.007083535,0.0036642253,0.004110694,0.0050447583,0.3984228,0.61849874,0.7833153,0.39269984,0.8523631,0.007536888,0.017376304,0.008460999,0.46767518,0.007348329,0.008829296,0.019228756,0.12770736,0.17543727,0.751205,0.020486832,0.41768104,0.120009094,0.41100886,0.05076611,0.1398212,0.01231277,0.029351354,0.016826868,0.031016827,0.8027295,0.38104063,0.4099666,0.51287127,0.0372217,0.4063781,0.007190585,0.1969843,0.0072347224,0.09004259,0.79798454,0.8636986,0.4393493,0.8649534,0.034412205,0.4987849,0.004305452,0.33931607,0.012984961,0.008752629,0.02064788,0.32070255,0.0019943044,0.061605334,0.001328826,0.007345438,0.015111446,-0.0075423717,0.002451457,0.0037471652,0.0077049583,-0.009427397,0.008749962,0.023712397,0.0038574934,0.019214153,0.9997707,0.996047,0.1499462,0.6283512,0.0022304952,0.024285018,5.0842762e-05,0.02082026,0.051942527,0.007791713,0.99786294,1.0083555,0.00058323145,-0.0061474442,0.9980177,0.9971509,0.7795176,0.01050964,0.010542609,0.9795147,0.9980325,0.9978147,0.10449737,0.9617386,0.035960123,0.92766017,0.018478453,0.89716285,0.019752681,0.80300957,0.009050071,0.2520417,0.029995084,0.9512634,0.08456421,0.98263085,0.43492997,0.9772047,0.020238161,0.97143203,0.022202551,0.0068042874,0.0104084015,0.10169917,0.00665468,0.13376707,0.027238175,0.9106932,0.019745022,0.9137223,0.01766865,0.30262828,0.29848287,0.76297534,0.0361892,0.1467259,0.019765973,0.037350446,0.288441,0.8551642,0.98375964,0.99552554,0.7841638,0.98502254,0.3520643,0.9696656,0.9131361,0.9872712,1.0087693,1.0051806,1.0000796,0.99780303
0.87295175,0.04790701,0.7382034,0.037111387,0.078742534,0.017655805,0.029949367,0.028697796,0.026473343,0.033971876,0.026521262,0.009653896,0.010438547,0.56548,0.60973275,0.1905649,0.022508949,0.02743262,0.027692523,0.009396926,-0.012532026,-0.022469014,-0.007936031,0.006993711,0.007358849,-0.0030494332,0.059360266,-0.024566859,0.01436004,0.01518859,0.013970032,0.012165852,0.025386587,0.27503312,0.3094307,0.73089564,0.74715036,0.4840615,0.009322554,0.020047903,0.0021751523,0.016135305,0.015729986,0.009821296,0.1527654,0.19458878,0.014102995,0.62906826,0.005730659,0.0137039125,0.06880918,0.40421718,0.0043040216,0.044489384,0.010024101,0.029789746,-0.00047395378,0.028101057,0.79528433,0.2663114,0.19966835,0.44955507,-0.0072151646,0.090176046,0.028899103,0.061978564,-0.0027948916,0.049490273,0.5337477,0.8158066,0.7750728,0.77688235,0.025879264,0.4790259,0.05273102,0.33921424,0.031538427,-0.01319772,0.027874857,0.15395477,0.027133256,0.02210629,0.010878775,0.01772879,0.0037676692,0.024236694,0.017926663,0.016548276,0.011498451,0.012638167,0.99375296,-0.0017375946,0.99579585,0.18452223,-0.013077855,0.014241278,-0.008771777,0.0142866075,0.1738542,0.00018441677,0.00017753243,-0.002779141,0.0032520294,-0.00025713444,0.0008419156,0.012887374,0.0056479275,0.0065804124,0.017180488,0.0066949725,-0.015229434,0.009883039,0.9970168,0.927302,-0.00038312376,-0.00069499016,0.016692877,0.115655184,0.021745741,0.16069141,0.015903622,0.19579381,0.013528973,0.16685241,0.008199662,-0.00096824765,0.013707921,0.0073807538,0.011519402,0.0037136823,0.012763053,0.005011946,0.013535157,-0.006938815,0.007483661,0.011938602,-0.00025883317,0.016289748,-0.0023176074,0.016104236,0.036697656,0.019585133,0.0448967,0.007881314,0.02126213,0.019522332,0.020010568,-0.007869065,0.00050902367,-0.014050826,0.0055838376,-0.019454576,0.01341201,-0.011622012,0.011906013,0.013449386,0.01870811,0.008067235,0.009694062,0.008652955,0.01635167,0.00933373,0.016421415,0.009037107,0.01854363,0.017593369
0.8819083,0.019865438,0.76898277,0.10584293,0.4256863,0.05437743,0.004536979,0.025007874,0.0037790537,0.02153045,0.009032652,0.0047769547,0.0039887354,0.5584355,0.877324,0.17353317,0.022297382,0.023656309,0.41086853,0.45588374,0.011823274,0.0101646,0.018535122,0.014710858,0.016101867,0.014434725,0.01808925,0.011842012,0.012701824,0.0064867698,0.011939466,0.004398659,0.0076365173,0.28024966,0.5875052,0.49031758,0.3845552,0.07283278,0.010784537,0.030353747,0.011496425,0.35401657,0.010380149,0.01864164,0.017974436,0.029321074,0.14198002,0.2165218,0.014249027,0.015535325,0.09827715,0.08012283,0.013290912,0.14790478,0.011224754,0.0286628,0.011798233,0.02014342,0.7929591,0.2675147,0.3772807,0.5228254,0.06426337,0.37103814,0.00809285,0.12281725,0.0010840148,0.078917354,0.79731596,0.6779448,0.8659184,0.13617843,0.012711465,0.48740643,0.012504905,0.3535232,0.011469141,0.017010376,0.0035497248,0.15291727,0.008243099,0.014444947,0.01052922,0.0074774846,0.021227237,0.006765589,0.0102534,0.003352955,0.0101915,0.0037373602,0.01154688,0.006389782,0.0053568482,0.007272899,0.98093593,0.41258985,0.012296908,0.012402177,0.0116848815,0.010102391,0.010481834,0.011678487,0.004766315,0.011125792,0.00068481266,0.003361836,0.010163486,0.012396306,0.9393915,0.78438276,0.015868597,0.009617351,0.0056126416,0.01935704,2.771616e-05,0.031499267,0.004868651,0.12678084,0.07932186,0.13176765,0.00386047,0.2083776,0.007223487,0.19479579,0.017330617,0.035533383,0.005329013,0.016145691,0.0050352514,0.011316258,0.005023569,0.011109263,0.0058296137,0.021443248,0.010325342,0.01636833,0.01053977,0.01472117,0.010628864,0.017748296,0.12863989,0.028110564,0.024118453,0.040022194,0.55562806,0.032040775,0.0107297115,0.017335594,0.00979428,0.012506701,0.01268819,0.014352985,0.007570982,0.017921567,0.019965798,0.055504084,0.005579829,0.08207606,0.009128422,0.027001679,0.026312348,0.11005403,0.5531196,0.047427237,0.47142872,0.21390083
0.8819082,0.019865438,0.76898247,0.10584289,0.42568612,0.05437765,0.0045368373,0.025007695,0.0037789792,0.02153033,0.009032652,0.004776716,0.0039883032,0.5584353,0.8773242,0.17353323,0.022297025,0.023656234,0.41086882,0.45588368,0.011823051,0.010164499,0.018534929,0.014710829,0.016101718,0.014434546,0.018089116,0.011841953,0.01270175,0.006486986,0.011939675,0.004398696,0.0076365247,0.28024957,0.58750504,0.49031767,0.38455462,0.07283255,0.010784715,0.030353885,0.0114963055,0.35401654,0.01038,0.018641777,0.017974615,0.02932132,0.14197999,0.21652159,0.0142477155,0.015535444,0.098276794,0.08012307,0.013290793,0.14790443,0.0112251155,0.028662741,0.011798218,0.020143405,0.792959,0.26751477,0.3772809,0.5228254,0.06426349,0.37103793,0.0080926865,0.12281692,0.0010838211,0.07891762,0.79731613,0.6779448,0.86591804,0.1361785,0.012711614,0.48740637,0.012505382,0.3535232,0.01146923,0.01701048,0.0035496354,0.15291728,0.008242905,0.014445066,0.010529578,0.00747771,0.021227006,0.0067655444,0.010253668,0.0033530295,0.010191299,0.00373739,0.01154691,0.0063898116,0.005356729,0.0072729588,0.98093593,0.41259003,0.012296684,0.012401938,0.0116852205,0.01010254,0.010482252,0.01167807,0.004766166,0.011125753,0.0006849766,0.003361851,0.010163784,0.012396507,0.93939173,0.78438276,0.015868574,0.009617351,0.005612448,0.019356683,2.783537e-05,0.031499505,0.0048686955,0.12678099,0.07932186,0.13176778,0.0038605705,0.20837778,0.007223308,0.19479561,0.017330736,0.035533324,0.005329013,0.016146079,0.005035013,0.011316024,0.0050240457,0.0111094415,0.005829502,0.021443397,0.010325164,0.016368419,0.010540068,0.014721081,0.010629043,0.017748833,0.12863974,0.028110802,0.024118878,0.040022135,0.5556283,0.032040775,0.010729525,0.017335504,0.009794384,0.012506619,0.012688145,0.014352966,0.0075712204,0.017921418,0.019965649,0.05550438,0.005580008,0.08207624,0.009128496,0.02700165,0.026312348,0.11005403,0.5531196,0.047427237,0.47142872,0.21390083
0.027020685,0.027009726,0.7651059,0.5066493,0.41970932,0.10975289,-0.0035270452,0.005044043,0.0017917752,0.008648753,0.0013517737,0.0043715835,0.005978942,0.5789702,0.8776554,0.70562035,0.5672113,0.94909537,0.40718767,0.44858292,0.06385386,0.4954246,0.46526888,0.8447987,0.0031062365,0.009400964,0.0060201883,0.012150645,-0.0002374947,0.0070837736,0.0036638677,0.0041104555,0.005044937,0.39842284,0.61849886,0.7833154,0.3926999,0.8523638,0.007537365,0.017376453,0.008460999,0.467675,0.007348597,0.008828998,0.019228727,0.1277076,0.17543715,0.7512051,0.020486832,0.4176814,0.12000921,0.41100907,0.05076599,0.13982087,0.012313068,0.029351294,0.016827047,0.031017363,0.80272895,0.38104045,0.40996724,0.51287115,0.03722173,0.40637892,0.0071913004,0.19698368,0.007234603,0.09004247,0.79798424,0.86369884,0.43934923,0.8649531,0.034412205,0.49878514,0.004305631,0.33931625,0.012985587,0.008752525,0.020647898,0.3207024,0.0019941106,0.061605036,0.0013289452,0.00734514,0.015111506,-0.007542789,0.0024513006,0.0037469864,0.0077048093,-0.009427603,0.0087503195,0.023712635,0.0038579404,0.019214213,0.99977124,0.99604726,0.14994618,0.62835145,0.0022302717,0.02428472,5.0246716e-05,0.020820022,0.051942945,0.0077914298,0.99786353,1.0083556,0.0005839467,-0.006147027,0.9980178,0.9971509,0.7795174,0.010509729,0.010542519,0.97951484,0.99803275,0.99781334,0.10449737,0.96173924,0.03596057,0.92766047,0.018478215,0.8971624,0.019752145,0.8030086,0.00905019,0.25204194,0.029994607,0.9512639,0.08456433,0.9826307,0.4349299,0.9772047,0.020237923,0.9714327,0.02220285,0.006804228,0.0104088485,0.101698935,0.0066556334,0.13376725,0.02723813,0.91069436,0.019745141,0.9137218,0.017668732,0.302628,0.298483,0.7629752,0.036189914,0.14672601,0.01976645,0.037350625,0.28844136,0.855164,0.9837599,0.9955254,0.7841636,0.985022,0.35206407,0.9696655,0.9131361,0.9872712,1.0087693,1.0051806,1.0000796,0.99780303
0.8729517,0.047907315,0.7382033,0.03711143,0.078742385,0.017655566,0.029949307,0.0286979,0.026473254,0.03397152,0.026521374,0.0096538365,0.010438651,0.5654802,0.6097324,0.190565,0.02250886,0.027432442,0.027692206,0.009397283,-0.012531713,-0.022469044,-0.007935628,0.0069935024,0.0073590875,-0.0030486584,0.059360623,-0.02456674,0.014359504,0.015188709,0.013970166,0.0121659115,0.025386795,0.27503324,0.30943078,0.7308959,0.7471506,0.48406103,0.009322971,0.020048007,0.0021749139,0.016135216,0.015729547,0.009821147,0.15276581,0.19458874,0.014102638,0.62906843,0.0057312623,0.013703376,0.06880914,0.40421718,0.004303992,0.044488966,0.0100239515,0.029790163,-0.00047385693,0.028100818,0.79528403,0.26631162,0.19966835,0.44955513,-0.007215366,0.09017587,0.028899461,0.061978742,-0.0027953386,0.04949051,0.5337481,0.81580657,0.7750736,0.7768824,0.025879204,0.47902656,0.05273122,0.3392143,0.03153821,-0.0131979585,0.027874649,0.15395465,0.027133472,0.022106305,0.010878421,0.017728679,0.0037680268,0.024236366,0.01792667,0.016548365,0.011498511,0.012638211,0.9937533,-0.0017381907,0.9957962,0.18452218,-0.013078183,0.014241219,-0.00877136,0.0142863095,0.17385378,0.00018393993,0.00017753243,-0.002778858,0.003251806,-0.00025691092,0.0008420944,0.012886897,0.0056479946,0.0065802634,0.017180532,0.006694734,-0.015229672,0.009882815,0.997017,0.9273021,-0.00038294494,-0.00069506466,0.016692445,0.11565551,0.021745324,0.16069159,0.015903741,0.19579399,0.013529122,0.16685236,0.008199453,-0.00096830726,0.013707742,0.007380843,0.011519462,0.003713727,0.012762979,0.005012423,0.013535202,-0.0069389343,0.0074840784,0.0119383335,-0.0002591014,0.016289871,-0.0023177639,0.016103938,0.03669727,0.019585297,0.044896875,0.0078815445,0.021261849,0.019522019,0.020010725,-0.007869422,0.0005095005,-0.014050871,0.005584087,-0.019454716,0.013411898,-0.011621952,0.0119060725,0.013449803,0.018708348,0.008066952,0.009694301,0.008652806,0.01635167,0.00933373,0.016421415,0.009037107,0.01854363,0.017593369
0.92211175,0.1410001,0.9198187,0.054688573,0.37241122,0.0023764335,0.010587402,0.050157398,0.029598657,0.028518364,-0.017187297,0.020699464,-0.010024741,0.538353,0.6482441,0.7180916,0.5492603,0.94996554,0.026997007,0.003182307,0.06939121,0.49501306,0.45788068,0.8932551,0.025042638,0.034721673,0.036952674,0.024411336,-0.01535292,0.026357561,0.0146796405,0.02109268,0.021613933,0.28806448,0.5599846,0.71364045,0.8146341,0.86878884,0.018448237,0.040462554,0.0011767372,0.035457745,0.021597125,0.03694216,0.8909536,0.8902128,0.93135965,0.60282665,0.6454575,0.9467293,0.6406321,0.25573322,0.057900324,0.036956284,0.0248342,0.37756145,0.015621439,0.64891815,0.79518104,0.41824794,0.836817,0.47243166,0.052119605,0.5519011,-0.010750182,0.14935918,-0.019577637,0.10262924,0.74292576,0.83490145,0.7834989,0.7721112,0.07143241,0.5078627,-0.00881999,0.35518688,0.014197495,-0.00051258504,0.007002473,0.1585797,0.012134284,0.029993266,0.021390542,0.024102714,0.00837679,0.10444975,0.025924936,0.033982337,0.013378978,0.01981543,0.015555775,0.03612806,-0.003558036,0.012717888,1.0030668,0.91404355,0.52565485,0.6391926,0.012610137,0.71076626,0.01625757,0.010719776,0.018666148,0.021558635,0.9805151,0.9729668,0.024976306,0.0029891431,0.9933289,1.0078607,1.0054078,0.9559761,1.0061419,0.98548603,1.0050936,1.0034629,0.032655217,0.9756156,0.09577462,0.97013354,-0.008581974,0.8999024,0.019825127,0.7979895,0.014482141,0.23981158,0.008264542,0.93039286,0.028744847,0.9493199,0.1463167,0.9555355,0.00049091876,0.9801055,-0.0034442805,0.01343821,0.023212416,0.1140517,-0.0043688715,0.1509856,0.018964723,0.89022404,0.02243441,0.90714306,-2.6121736e-05,0.24939558,0.30077344,0.77761704,0.04303588,0.1656678,0.029340744,0.051000774,0.09816033,0.85559267,0.38870388,0.97634816,0.028958738,0.950782,0.029368743,0.93473303,0.2524826,0.98991966,0.99050367,0.9849223,0.9442653,0.9692924
0.8680736,0.029582813,0.7647604,0.101799175,0.41782993,0.04549724,0.0011316091,0.02676928,0.021720529,0.035110682,0.0026248656,-0.006775245,0.0021879002,0.01605928,0.8655066,0.17414072,0.9354125,0.99575204,0.4791178,0.47191715,0.09256083,0.92997146,0.65295404,0.9670207,-0.00041902065,0.018580899,-0.00042816997,0.02418971,-0.00040614605,0.013327591,0.0010443628,0.015471518,0.0007597208,0.035393715,0.5546303,0.7306448,0.7382014,0.8862736,0.00776577,0.036997017,0.02074939,0.52137685,0.021117479,0.017794918,0.1650758,0.21155266,0.08755827,0.635964,0.012052447,0.13903618,0.013657719,0.41693503,0.004316926,0.14578238,0.0010294616,0.024585575,0.0010826215,0.02148518,0.9011342,0.25086528,0.37313312,0.45268452,0.055376828,0.38946337,0.010509133,0.14445204,0.0023030937,0.09636295,0.40693513,0.82324654,0.7764783,0.7787746,0.025337696,0.8047482,-0.000337027,0.022477716,0.031083435,0.016068876,0.0039506257,0.015986115,-1.2673438e-05,0.04245162,-0.00030383468,-0.0070765615,0.0008620769,0.024687588,0.0002938211,0.012243241,0.021343756,0.012698799,0.87398183,0.01074709,0.8170784,0.02676335,0.9803103,0.921173,0.14812428,0.4613882,0.02720557,0.0015265048,0.692589,0.017262578,0.46004274,0.0174396,1.0077661,1.0064539,0.00059485435,0.020857006,0.98581606,0.98830307,0.791829,0.0026865453,0.71244884,0.5026904,1.0076342,0.9889958,0.91022944,0.9897867,0.62332094,0.9484966,0.8066851,0.96970123,0.45229164,0.93087965,0.7084898,0.29407543,0.9743369,0.9577278,1.014437,1.0066059,0.98473716,1.001352,0.9726946,0.98364234,8.6426735e-07,0.025376797,-4.6133995e-05,0.110372424,0.009939693,0.15098159,0.20106927,0.92122006,0.13097292,0.92825115,0.6483099,0.34461707,0.5524899,0.998803,0.067977965,0.57884246,0.014884561,0.3877708,0.5985728,0.9651756,0.9857366,0.9883388,1.0093493,1.0096333,0.98633736,0.997581,1.0095046,0.9863337,0.9879789,1.0113673,0.9847933,0.98784506
0.8680738,0.029582616,0.76476055,0.101799145,0.41783008,0.045497775,0.0011314601,0.026768684,0.02172041,0.035110474,0.0026248284,-0.006775163,0.0021880195,0.01605922,0.8655066,0.17414066,0.93541217,0.99575186,0.47911704,0.47191674,0.09256095,0.92997134,0.652954,0.9670207,-0.00041919947,0.018580616,-0.000428617,0.02418983,-0.00040590763,0.013327461,0.001044184,0.015471935,0.0007596612,0.035393476,0.55463016,0.7306446,0.7382011,0.88627374,0.007766187,0.036997065,0.020749658,0.5213771,0.021117508,0.017794933,0.16507566,0.21155268,0.08755806,0.635964,0.012052566,0.1390366,0.0136577785,0.41693515,0.0043164194,0.14578246,0.0010298155,0.024585515,0.0010828823,0.021485,0.90113413,0.25086546,0.3731331,0.45268446,0.05537644,0.3894636,0.0105089545,0.14445195,0.0023031682,0.09636259,0.4069353,0.8232465,0.77647835,0.77877486,0.025337517,0.8047482,-0.00033725798,0.022477716,0.031083703,0.016068757,0.003950447,0.015986145,-1.3023615e-05,0.04245186,-0.0003040433,-0.0070767105,0.00086180866,0.024688512,0.0002939105,0.012243211,0.02134373,0.012698803,0.8739818,0.010746926,0.81707835,0.026763216,0.9803104,0.92117316,0.1481235,0.46138817,0.027205292,0.0015262216,0.69258857,0.01726225,0.460043,0.017439645,1.0077665,1.0064538,0.00059464574,0.020856798,0.98581636,0.98830247,0.7918289,0.0026864707,0.71244884,0.5026902,1.0076344,0.98899573,0.9102293,0.98978686,0.62332106,0.9484965,0.80668485,0.96970093,0.4522914,0.9308795,0.70848966,0.29407555,0.97433686,0.9577278,1.014437,1.0066057,0.98473704,1.0013518,0.9726949,0.98364204,7.599592e-07,0.025377274,-4.6610832e-05,0.110372484,0.009939782,0.15098155,0.20106927,0.9212199,0.13097298,0.92825156,0.6483099,0.34461695,0.5524896,0.99880326,0.067978084,0.57884234,0.0148848,0.3877708,0.5985726,0.9651756,0.9857365,0.9883386,1.0093493,1.0096332,0.98633754,0.9975807,1.0095046,0.9863337,0.9879789,1.0113673,0.9847933,0.98784506
0.9221117,0.1410001,0.91981876,0.054688454,0.37241122,0.0023764372,0.010587461,0.05015725,0.029598624,0.028518364,-0.017187174,0.020699464,-0.010024831,0.53835297,0.6482441,0.71809167,0.5492602,0.94996536,0.026996944,0.0031823553,0.06939126,0.49501303,0.45788068,0.893255,0.025042683,0.03472171,0.036952615,0.024411373,-0.01535289,0.026357561,0.014679655,0.021092653,0.02161394,0.28806454,0.55998456,0.71364045,0.8146341,0.86878884,0.018448172,0.0404626,0.0011767,0.035457835,0.02159714,0.03694213,0.89095354,0.8902127,0.9313596,0.6028268,0.64545757,0.9467293,0.64063203,0.25573316,0.05790031,0.036956184,0.024834186,0.37756154,0.015621409,0.64891815,0.7951809,0.41824794,0.8368169,0.4724317,0.052119635,0.5519012,-0.0107503235,0.1493592,-0.019577637,0.10262922,0.74292576,0.83490145,0.7834989,0.7721112,0.07143249,0.5078627,-0.008820064,0.35518688,0.014197521,-0.000512518,0.0070023984,0.15857974,0.012134343,0.029993162,0.021390498,0.024102662,0.008376764,0.10444969,0.025924817,0.033982273,0.013378918,0.019815408,0.015555788,0.03612812,-0.003558047,0.012717798,1.0030669,0.91404355,0.52565485,0.6391925,0.01261019,0.71076643,0.016257644,0.010719851,0.018666118,0.021558687,0.98051524,0.9729668,0.024976294,0.0029891282,0.99332905,1.0078604,1.0054078,0.9559759,1.0061419,0.98548603,1.0050936,1.0034628,0.03265527,0.9756156,0.095774665,0.97013366,-0.008581957,0.89990234,0.019824974,0.79798937,0.014482118,0.23981154,0.008264512,0.9303927,0.028744787,0.94931984,0.14631674,0.9555354,0.00049096346,0.98010516,-0.0034442581,0.01343821,0.023212457,0.11405155,-0.004368797,0.15098554,0.018964753,0.8902241,0.02243438,0.907143,-2.6121736e-05,0.24939552,0.30077338,0.777617,0.04303591,0.16566773,0.029340655,0.051000886,0.098160416,0.8555925,0.38870388,0.97634816,0.028958656,0.95078194,0.029368684,0.93473315,0.2524826,0.9899198,0.9905038,0.9849222,0.94426525,0.9692923
0.92211163,0.14100017,0.91981876,0.054688424,0.37241125,0.0023764595,0.010587499,0.050157458,0.02959869,0.028518409,-0.01718722,0.020699516,-0.010024786,0.538353,0.6482441,0.7180916,0.5492603,0.94996536,0.026996955,0.0031823441,0.06939122,0.49501306,0.45788074,0.893255,0.025042787,0.034721687,0.036952592,0.024411388,-0.0153529495,0.026357621,0.014679685,0.021092635,0.021613967,0.28806442,0.55998456,0.71364045,0.8146341,0.86878884,0.018448172,0.04046259,0.0011767149,0.035457835,0.021597184,0.036942147,0.89095354,0.89021283,0.93135965,0.6028267,0.64545757,0.9467292,0.64063203,0.25573322,0.057900384,0.03695619,0.024834052,0.3775615,0.015621357,0.6489182,0.79518104,0.41824797,0.836817,0.47243163,0.052119598,0.5519012,-0.0107502565,0.14935926,-0.019577637,0.10262926,0.74292576,0.83490145,0.7834989,0.7721112,0.07143254,0.5078627,-0.00881996,0.35518685,0.014197521,-0.0005126521,0.007002428,0.15857977,0.012134343,0.029993132,0.021390691,0.024102677,0.008376773,0.10444975,0.025924891,0.033982262,0.013378963,0.019815385,0.015555846,0.03612812,-0.0035581253,0.012717828,1.0030668,0.91404355,0.52565485,0.63919246,0.012610272,0.71076643,0.01625757,0.010719806,0.018666208,0.021558769,0.9805151,0.9729669,0.02497627,0.002989173,0.99332905,1.0078607,1.0054078,0.9559761,1.0061418,0.98548603,1.0050937,1.0034629,0.03265527,0.9756155,0.095774636,0.97013354,-0.008581921,0.89990234,0.019825071,0.79798955,0.01448223,0.23981166,0.008264586,0.93039274,0.028744742,0.94931984,0.14631665,0.9555355,0.00049100816,0.9801053,-0.003444206,0.01343821,0.023212437,0.11405164,-0.0043689758,0.15098561,0.018964663,0.8902241,0.022434391,0.90714294,-2.6196241e-05,0.24939547,0.3007734,0.77761686,0.04303594,0.16566776,0.029340625,0.05100082,0.09816051,0.8555925,0.38870388,0.97634816,0.028958738,0.950782,0.029368773,0.93473303,0.2524826,0.9899198,0.9905038,0.9849223,0.94426525,0.96929234
0.8680736,0.029582813,0.7647604,0.101799175,0.41782993,0.04549724,0.0011316091,0.02676928,0.021720529,0.035110682,0.0026248656,-0.006775245,0.0021879002,0.01605928,0.8655066,0.17414072,0.9354125,0.99575204,0.4791178,0.47191715,0.09256083,0.92997146,0.65295404,0.9670207,-0.00041902065,0.018580899,-0.00042816997,0.02418971,-0.00040614605,0.013327591,0.0010443628,0.015471518,0.0007597208,0.035393715,0.5546303,0.7306448,0.7382014,0.8862736,0.00776577,0.036997017,0.02074939,0.52137685,0.021117479,0.017794918,0.1650758,0.21155266,0.08755827,0.635964,0.012052447,0.13903618,0.013657719,0.41693503,0.004316926,0.14578238,0.0010294616,0.024585575,0.0010826215,0.02148518,0.9011342,0.25086528,0.37313312,0.45268452,0.055376828,0.38946337,0.010509133,0.14445204,0.0023030937,0.09636295,0.40693513,0.82324654,0.7764783,0.7787746,0.025337696,0.8047482,-0.000337027,0.022477716,0.031083435,0.016068876,0.0039506257,0.015986115,-1.2673438e-05,0.04245162,-0.00030383468,-0.0070765615,0.0008620769,0.024687588,0.0002938211,0.012243241,0.021343756,0.012698799,0.87398183,0.01074709,0.8170784,0.02676335,0.9803103,0.921173,0.14812428,0.4613882,0.02720557,0.0015265048,0.692589,0.017262578,0.46004274,0.0174396,1.0077661,1.0064539,0.00059485435,0.020857006,0.98581606,0.98830307,0.791829,0.0026865453,0.71244884,0.5026904,1.0076342,0.9889958,0.91022944,0.9897867,0.62332094,0.9484966,0.8066851,0.96970123,0.45229164,0.93087965,0.7084898,0.29407543,0.9743369,0.9577278,1.014437,1.0066059,0.98473716,1.001352,0.9726946,0.98364234,8.6426735e-07,0.025376797,-4.6133995e-05,0.110372424,0.009939693,0.15098159,0.20106927,0.92122006,0.13097292,0.92825115,0.6483099,0.34461707,0.5524899,0.998803,0.067977965,0.57884246,0.014884561,0.3877708,0.5985728,0.9651756,0.9857366,0.9883388,1.0093493,1.0096333,0.98633736,0.997581,1.0095046,0.9863337,0.9879789,1.0113673,0.9847933,0.98784506
0.92211175,0.1410001,0.91981876,0.054688543,0.37241107,0.0023764186,0.010587588,0.050157532,0.029598627,0.028518364,-0.0171872,0.020699412,-0.0100248605,0.538353,0.6482441,0.71809185,0.54926014,0.9499654,0.026996862,0.003182292,0.069391236,0.495013,0.45788082,0.89325505,0.025042877,0.034721613,0.036952592,0.024411358,-0.015352845,0.026357546,0.01467973,0.02109263,0.021613864,0.28806442,0.5599845,0.7136406,0.8146342,0.8687887,0.018448215,0.040462546,0.0011766665,0.03545773,0.021597162,0.036942095,0.8909535,0.8902127,0.9313593,0.6028267,0.64545757,0.94672894,0.64063185,0.25573316,0.057900324,0.03695617,0.024834171,0.3775614,0.015621401,0.6489182,0.79518104,0.41824788,0.8368168,0.47243157,0.052119523,0.5519012,-0.010750264,0.14935926,-0.019577518,0.10262923,0.7429258,0.83490133,0.78349876,0.77211106,0.071432486,0.50786257,-0.00881993,0.35518682,0.014197435,-0.00051264465,0.007002376,0.15857974,0.012134373,0.029993236,0.021390438,0.024102677,0.0083767325,0.104449674,0.025924638,0.033982318,0.013378859,0.019815415,0.015555726,0.03612806,-0.0035579763,0.012717679,1.0030667,0.9140433,0.5256549,0.63919246,0.012610175,0.71076614,0.01625754,0.010719776,0.018666178,0.021558553,0.9805151,0.97296697,0.024976293,0.0029892921,0.99332875,1.0078605,1.0054076,0.95597595,1.0061418,0.98548603,1.0050936,1.0034627,0.032655083,0.9756153,0.09577456,0.97013354,-0.008581873,0.89990234,0.019825056,0.7979893,0.014482051,0.2398116,0.008264586,0.93039286,0.028744668,0.9493199,0.14631656,0.95553523,0.00049100816,0.9801055,-0.00344418,0.013438135,0.023212526,0.114051715,-0.0043688715,0.15098561,0.018964775,0.8902241,0.02243445,0.90714294,-2.6062131e-05,0.24939543,0.3007734,0.7776169,0.043035984,0.1656677,0.029340506,0.051000744,0.09816034,0.8555925,0.38870385,0.97634816,0.0289587,0.95078176,0.029368713,0.9347329,0.25248256,0.9899199,0.9905038,0.98492205,0.9442651,0.9692923
0.8729517,0.047907315,0.7382033,0.03711143,0.078742385,0.017655566,0.029949307,0.0286979,0.026473254,0.03397152,0.026521374,0.0096538365,0.010438651,0.5654802,0.6097324,0.190565,0.02250886,0.027432442,0.027692206,0.009397283,-0.012531713,-0.022469044,-0.007935628,0.0069935024,0.0073590875,-0.0030486584,0.059360623,-0.02456674,0.014359504,0.015188709,0.013970166,0.0121659115,0.025386795,0.27503324,0.30943078,0.7308959,0.7471506,0.48406103,0.009322971,0.020048007,0.0021749139,0.016135216,0.015729547,0.009821147,0.15276581,0.19458874,0.014102638,0.62906843,0.0057312623,0.013703376,0.06880914,0.40421718,0.004303992,0.044488966,0.0100239515,0.029790163,-0.00047385693,0.028100818,0.79528403,0.26631162,0.19966835,0.44955513,-0.007215366,0.09017587,0.028899461,0.061978742,-0.0027953386,0.04949051,0.5337481,0.81580657,0.7750736,0.7768824,0.025879204,0.47902656,0.05273122,0.3392143,0.03153821,-0.0131979585,0.027874649,0.15395465,0.027133472,0.022106305,0.010878421,0.017728679,0.0037680268,0.024236366,0.01792667,0.016548365,0.011498511,0.012638211,0.9937533,-0.0017381907,0.9957962,0.18452218,-0.013078183,0.014241219,-0.00877136,0.0142863095,0.17385378,0.00018393993,0.00017753243,-0.002778858,0.003251806,-0.00025691092,0.0008420944,0.012886897,0.0056479946,0.0065802634,0.017180532,0.006694734,-0.015229672,0.009882815,0.997017,0.9273021,-0.00038294494,-0.00069506466,0.016692445,0.11565551,0.021745324,0.16069159,0.015903741,0.19579399,0.013529122,0.16685236,0.008199453,-0.00096830726,0.013707742,0.007380843,0.011519462,0.003713727,0.012762979,0.005012423,0.013535202,-0.0069389343,0.0074840784,0.0119383335,-0.0002591014,0.016289871,-0.0023177639,0.016103938,0.03669727,0.019585297,0.044896875,0.0078815445,0.021261849,0.019522019,0.020010725,-0.007869422,0.0005095005,-0.014050871,0.005584087,-0.019454716,0.013411898,-0.011621952,0.0119060725,0.013449803,0.018708348,0.008066952,0.009694301,0.008652806,0.01635167,0.00933373,0.016421415,0.009037107,0.01854363,0.017593369
0.8819082,0.019865438,0.76898247,0.10584289,0.42568612,0.05437765,0.0045368373,0.025007695,0.0037789792,0.02153033,0.009032652,0.004776716,0.0039883032,0.5584353,0.8773242,0.17353323,0.022297025,0.023656234,0.41086882,0.45588368,0.011823051,0.010164499,0.018534929,0.014710829,0.016101718,0.014434546,0.018089116,0.011841953,0.01270175,0.006486986,0.011939675,0.004398696,0.0076365247,0.28024957,0.58750504,0.49031767,0.38455462,0.07283255,0.010784715,0.030353885,0.0114963055,0.35401654,0.01038,0.018641777,0.017974615,0.02932132,0.14197999,0.21652159,0.0142477155,0.015535444,0.098276794,0.08012307,0.013290793,0.14790443,0.0112251155,0.028662741,0.011798218,0.020143405,0.792959,0.26751477,0.3772809,0.5228254,0.06426349,0.37103793,0.0080926865,0.12281692,0.0010838211,0.07891762,0.79731613,0.6779448,0.86591804,0.1361785,0.012711614,0.48740637,0.012505382,0.3535232,0.01146923,0.01701048,0.0035496354,0.15291728,0.008242905,0.014445066,0.010529578,0.00747771,0.021227006,0.0067655444,0.010253668,0.0033530295,0.010191299,0.00373739,0.01154691,0.0063898116,0.005356729,0.0072729588,0.98093593,0.41259003,0.012296684,0.012401938,0.0116852205,0.01010254,0.010482252,0.01167807,0.004766166,0.011125753,0.0006849766,0.003361851,0.010163784,0.012396507,0.93939173,0.78438276,0.015868574,0.009617351,0.005612448,0.019356683,2.783537e-05,0.031499505,0.0048686955,0.12678099,0.07932186,0.13176778,0.0038605705,0.20837778,0.007223308,0.19479561,0.017330736,0.035533324,0.005329013,0.016146079,0.005035013,0.011316024,0.0050240457,0.0111094415,0.005829502,0.021443397,0.010325164,0.016368419,0.010540068,0.014721081,0.010629043,0.017748833,0.12863974,0.028110802,0.024118878,0.040022135,0.5556283,0.032040775,0.010729525,0.017335504,0.009794384,0.012506619,0.012688145,0.014352966,0.0075712204,0.017921418,0.019965649,0.05550438,0.005580008,0.08207624,0.009128496,0.02700165,0.026312348,0.11005403,0.5531196,0.047427237,0.47142872,0.21390083
0.027020965,0.027009591,0.7651058,0.50664955,0.41970938,0.109752715,-0.0035269856,0.005043924,0.0017918348,0.008648396,0.0013514161,0.004370928,0.0059788823,0.5789703,0.8776558,0.7056199,0.5672116,0.9490961,0.4071877,0.44858292,0.06385397,0.4954241,0.46526906,0.8447983,0.003105849,0.009401217,0.006020069,0.012150705,-0.0002374649,0.007083535,0.0036642253,0.004110694,0.0050447583,0.3984228,0.61849874,0.7833153,0.39269984,0.8523631,0.007536888,0.017376304,0.008460999,0.46767518,0.007348329,0.008829296,0.019228756,0.12770736,0.17543727,0.751205,0.020486832,0.41768104,0.120009094,0.41100886,0.05076611,0.1398212,0.01231277,0.029351354,0.016826868,0.031016827,0.8027295,0.38104063,0.4099666,0.51287127,0.0372217,0.4063781,0.007190585,0.1969843,0.0072347224,0.09004259,0.79798454,0.8636986,0.4393493,0.8649534,0.034412205,0.4987849,0.004305452,0.33931607,0.012984961,0.008752629,0.02064788,0.32070255,0.0019943044,0.061605334,0.001328826,0.007345438,0.015111446,-0.0075423717,0.002451457,0.0037471652,0.0077049583,-0.009427397,0.008749962,0.023712397,0.0038574934,0.019214153,0.9997707,0.996047,0.1499462,0.6283512,0.0022304952,0.024285018,5.0842762e-05,0.02082026,0.051942527,0.007791713,0.99786294,1.0083555,0.00058323145,-0.0061474442,0.9980177,0.9971509,0.7795176,0.01050964,0.010542609,0.9795147,0.9980325,0.9978147,0.10449737,0.9617386,0.035960123,0.92766017,0.018478453,0.89716285,0.019752681,0.80300957,0.009050071,0.2520417,0.029995084,0.9512634,0.08456421,0.98263085,0.43492997,0.9772047,0.020238161,0.97143203,0.022202551,0.0068042874,0.0104084015,0.10169917,0.00665468,0.13376707,0.027238175,0.9106932,0.019745022,0.9137223,0.01766865,0.30262828,0.29848287,0.76297534,0.0361892,0.1467259,0.019765973,0.037350446,0.288441,0.8551642,0.98375964,0.99552554,0.7841638,0.98502254,0.3520643,0.9696656,0.9131361,0.9872712,1.0087693,1.0051806,1.0000796,0.99780303
0.8680736,0.029582813,0.7647604,0.101799175,0.41782993,0.04549724,0.0011316091,0.02676928,0.021720529,0.035110682,0.0026248656,-0.006775245,0.0021879002,0.01605928,0.8655066,0.17414072,0.9354125,0.99575204,0.4791178,0.47191715,0.09256083,0.92997146,0.65295404,0.9670207,-0.00041902065,0.018580899,-0.00042816997,0.02418971,-0.00040614605,0.013327591,0.0010443628,0.015471518,0.0007597208,0.035393715,0.5546303,0.7306448,0.7382014,0.8862736,0.00776577,0.036997017,0.02074939,0.52137685,0.021117479,0.017794918,0.1650758,0.21155266,0.08755827,0.635964,0.012052447,0.13903618,0.013657719,0.41693503,0.004316926,0.14578238,0.0010294616,0.024585575,0.0010826215,0.02148518,0.9011342,0.25086528,0.37313312,0.45268452,0.055376828,0.38946337,0.010509133,0.14445204,0.0023030937,0.09636295,0.40693513,0.82324654,0.7764783,0.7787746,0.025337696,0.8047482,-0.000337027,0.022477716,0.031083435,0.016068876,0.0039506257,0.015986115,-1.2673438e-05,0.04245162,-0.00030383468,-0.0070765615,0.0008620769,0.024687588,0.0002938211,0.012243241,0.021343756,0.012698799,0.87398183,0.01074709,0.8170784,0.02676335,0.9803103,0.921173,0.14812428,0.4613882,0.02720557,0.0015265048,0.692589,0.017262578,0.46004274,0.0174396,1.0077661,1.0064539,0.00059485435,0.020857006,0.98581606,0.98830307,0.791829,0.0026865453,0.71244884,0.5026904,1.0076342,0.9889958,0.91022944,0.9897867,0.62332094,0.9484966,0.8066851,0.96970123,0.45229164,0.93087965,0.7084898,0.29407543,0.9743369,0.9577278,1.014437,1.0066059,0.98473716,1.001352,0.9726946,0.98364234,8.6426735e-07,0.025376797,-4.6133995e-05,0.110372424,0.009939693,0.15098159,0.20106927,0.92122006,0.13097292,0.92825115,0.6483099,0.34461707,0.5524899,0.998803,0.067977965,0.57884246,0.014884561,0.3877708,0.5985728,0.9651756,0.9857366,0.9883388,1.0093493,1.0096333,0.98633736,0.997581,1.0095046,0.9863337,0.9879789,1.0113673,0.9847933,0.98784506
0.8729517,0.047907315,0.7382033,0.03711143,0.078742385,0.017655566,0.029949307,0.0286979,0.026473254,0.03397152,0.026521374,0.0096538365,0.010438651,0.5654802,0.6097324,0.190565,0.02250886,0.027432442,0.027692206,0.009397283,-0.012531713,-0.022469044,-0.007935628,0.0069935024,0.0073590875,-0.0030486584,0.059360623,-0.02456674,0.014359504,0.015188709,0.013970166,0.0121659115,0.025386795,0.27503324,0.30943078,0.7308959,0.7471506,0.48406103,0.009322971,0.020048007,0.0021749139,0.016135216,0.015729547,0.009821147,0.15276581,0.19458874,0.014102638,0.62906843,0.0057312623,0.013703376,0.06880914,0.40421718,0.004303992,0.044488966,0.0100239515,0.029790163,-0.00047385693,0.028100818,0.79528403,0.26631162,0.19966835,0.44955513,-0.007215366,0.09017587,0.028899461,0.061978742,-0.0027953386,0.04949051,0.5337481,0.81580657,0.7750736,0.7768824,0.025879204,0.47902656,0.05273122,0.3392143,0.03153821,-0.0131979585,0.027874649,0.15395465,0.027133472,0.022106305,0.010878421,0.017728679,0.0037680268,0.024236366,0.01792667,0.016548365,0.011498511,0.012638211,0.9937533,-0.0017381907,0.9957962,0.18452218,-0.013078183,0.014241219,-0.00877136,0.0142863095,0.17385378,0.00018393993,0.00017753243,-0.002778858,0.003251806,-0.00025691092,0.0008420944,0.012886897,0.0056479946,0.0065802634,0.017180532,0.006694734,-0.015229672,0.009882815,0.997017,0.9273021,-0.00038294494,-0.00069506466,0.016692445,0.11565551,0.021745324,0.16069159,0.015903741,0.19579399,0.013529122,0.16685236,0.008199453,-0.00096830726,0.013707742,0.007380843,0.011519462,0.003713727,0.012762979,0.005012423,0.013535202,-0.0069389343,0.0074840784,0.0119383335,-0.0002591014,0.016289871,-0.0023177639,0.016103938,0.03669727,0.019585297,0.044896875,0.0078815445,0.021261849,0.019522019,0.020010725,-0.007869422,0.0005095005,-0.014050871,0.005584087,-0.019454716,0.013411898,-0.011621952,0.0119060725,0.013449803,0.018708348,0.008066952,0.009694301,0.008652806,0.01635167,0.00933373,0.016421415,0.009037107,0.01854363,0.017593369
0.92211187,0.1410002,0.91981876,0.054688424,0.37241107,0.002376385,0.0105873495,0.050157487,0.02959868,0.028518379,-0.017187264,0.020699464,-0.010024741,0.538353,0.6482441,0.7180918,0.5492602,0.9499655,0.026996922,0.003182277,0.0693912,0.49501303,0.4578808,0.893255,0.025042832,0.03472168,0.036952622,0.024411395,-0.015352964,0.026357591,0.014679804,0.021092676,0.021613859,0.28806448,0.5599846,0.7136406,0.8146343,0.8687887,0.018448204,0.0404626,0.0011766553,0.035457723,0.021597162,0.036942147,0.89095366,0.8902127,0.9313593,0.6028267,0.6454576,0.94672906,0.6406319,0.25573322,0.057900295,0.03695627,0.024834335,0.3775614,0.01562142,0.64891815,0.7951812,0.41824797,0.8368169,0.4724317,0.052119642,0.5519012,-0.010750227,0.14935927,-0.019577622,0.10262926,0.7429259,0.83490145,0.7834988,0.772111,0.07143247,0.5078626,-0.008819997,0.35518685,0.014197448,-0.00051265955,0.0070024654,0.15857968,0.012134343,0.029993176,0.021390505,0.024102744,0.008376747,0.104449704,0.025924727,0.03398235,0.013378933,0.019815437,0.015555756,0.036127955,-0.0035580099,0.012717754,1.0030668,0.91404337,0.5256548,0.63919246,0.012610175,0.7107662,0.01625757,0.01071988,0.018666267,0.021558598,0.98051524,0.97296697,0.024976335,0.0029891878,0.99332875,1.0078605,1.0054077,0.9559761,1.0061419,0.985486,1.0050936,1.0034628,0.032655142,0.9756152,0.095774546,0.9701334,-0.008581944,0.8999024,0.019825157,0.7979894,0.014482103,0.23981166,0.0082645565,0.9303928,0.028744698,0.9493199,0.14631665,0.9555353,0.00049097836,0.9801056,-0.0034442097,0.013438225,0.023212496,0.114051685,-0.0043689013,0.15098555,0.018964738,0.8902241,0.02243445,0.907143,-2.6091933e-05,0.24939552,0.30077338,0.777617,0.04303606,0.16566774,0.029340506,0.051000774,0.09816038,0.8555926,0.38870388,0.9763483,0.028958738,0.95078194,0.029368743,0.93473303,0.2524826,0.9899198,0.9905037,0.9849222,0.94426525,0.9692922
0.9221118,0.14100015,0.9198187,0.054688513,0.3724113,0.002376452,0.010587476,0.050157383,0.029598657,0.028518483,-0.017187279,0.020699546,-0.010024771,0.5383531,0.648244,0.7180917,0.5492603,0.9499655,0.026996963,0.0031823702,0.069391236,0.495013,0.45788077,0.8932553,0.025042668,0.034721624,0.03695265,0.024411388,-0.015352979,0.026357591,0.0146797,0.02109271,0.021613926,0.28806457,0.5599845,0.7136404,0.8146341,0.86878896,0.01844821,0.0404626,0.0011766888,0.035457864,0.021597188,0.036942177,0.89095354,0.8902127,0.93135977,0.60282683,0.64545757,0.9467293,0.64063203,0.25573322,0.057900354,0.03695624,0.024834096,0.37756148,0.015621364,0.64891815,0.7951811,0.41824794,0.836817,0.47243172,0.052119598,0.5519012,-0.010750271,0.1493592,-0.019577593,0.10262934,0.74292576,0.8349015,0.7834988,0.7721112,0.07143243,0.5078627,-0.008820064,0.35518694,0.014197525,-0.00051267445,0.0070024207,0.1585797,0.012134299,0.029993266,0.021390557,0.024102706,0.008376764,0.104449674,0.025924876,0.03398229,0.0133790225,0.0198154,0.0155557245,0.03612809,-0.0035580415,0.012717813,1.0030669,0.91404355,0.5256548,0.6391925,0.01261019,0.7107663,0.016257554,0.010719895,0.018666148,0.021558732,0.98051536,0.9729669,0.024976285,0.0029892325,0.99332887,1.0078607,1.0054078,0.955976,1.0061419,0.9854859,1.0050938,1.0034629,0.032655254,0.9756156,0.095774576,0.97013354,-0.008581966,0.8999023,0.019825045,0.79798937,0.01448223,0.23981166,0.008264467,0.93039274,0.028744847,0.9493199,0.14631659,0.9555355,0.00049082935,0.9801053,-0.0034442618,0.01343824,0.02321246,0.1140517,-0.004368782,0.15098561,0.018964782,0.89022404,0.02243438,0.90714306,-2.6203692e-05,0.24939558,0.30077344,0.777617,0.043035924,0.16566776,0.029340744,0.051000804,0.09816037,0.85559255,0.38870394,0.97634816,0.028958745,0.95078206,0.029368758,0.93473315,0.25248265,0.98991984,0.99050367,0.9849224,0.94426537,0.9692924
0.027020965,0.027009591,0.7651058,0.50664955,0.41970938,0.109752715,-0.0035269856,0.005043924,0.0017918348,0.008648396,0.0013514161,0.004370928,0.0059788823,0.5789703,0.8776558,0.7056199,0.5672116,0.9490961,0.4071877,0.44858292,0.06385397,0.4954241,0.46526906,0.8447983,0.003105849,0.009401217,0.006020069,0.012150705,-0.0002374649,0.007083535,0.0036642253,0.004110694,0.0050447583,0.3984228,0.61849874,0.7833153,0.39269984,0.8523631,0.007536888,0.017376304,0.008460999,0.46767518,0.007348329,0.008829296,0.019228756,0.12770736,0.17543727,0.751205,0.020486832,0.41768104,0.120009094,0.41100886,0.05076611,0.1398212,0.01231277,0.029351354,0.016826868,0.031016827,0.8027295,0.38104063,0.4099666,0.51287127,0.0372217,0.4063781,0.007190585,0.1969843,0.0072347224,0.09004259,0.79798454,0.8636986,0.4393493,0.8649534,0.034412205,0.4987849,0.004305452,0.33931607,0.012984961,0.008752629,0.02064788,0.32070255,0.0019943044,0.061605334,0.001328826,0.007345438,0.015111446,-0.0075423717,0.002451457,0.0037471652,0.0077049583,-0.009427397,0.008749962,0.023712397,0.0038574934,0.019214153,0.9997707,0.996047,0.1499462,0.6283512,0.0022304952,0.024285018,5.0842762e-05,0.02082026,0.051942527,0.007791713,0.99786294,1.0083555,0.00058323145,-0.0061474442,0.9980177,0.9971509,0.7795176,0.01050964,0.010542609,0.9795147,0.9980325,0.9978147,0.10449737,0.9617386,0.035960123,0.92766017,0.018478453,0.89716285,0.019752681,0.80300957,0.009050071,0.2520417,0.029995084,0.9512634,0.08456421,0.98263085,0.43492997,0.9772047,0.020238161,0.97143203,0.022202551,0.0068042874,0.0104084015,0.10169917,0.00665468,0.13376707,0.027238175,0.9106932,0.019745022,0.9137223,0.01766865,0.30262828,0.29848287,0.76297534,0.0361892,0.1467259,0.019765973,0.037350446,0.288441,0.8551642,0.98375964,0.99552554,0.7841638,0.98502254,0.3520643,0.9696656,0.9131361,0.9872712,1.0087693,1.0051806,1.0000796,0.99780303
0.8819082,0.019865438,0.76898247,0.10584289,0.42568612,0.05437765,0.0045368373,0.025007695,0.0037789792,0.02153033,0.009032652,0.004776716,0.0039883032,0.5584353,0.8773242,0.17353323,0.022297025,0.023656234,0.41086882,0.45588368,0.011823051,0.010164499,0.018534929,0.014710829,0.016101718,0.014434546,0.018089116,0.011841953,0.01270175,0.006486986,0.011939675,0.004398696,0.0076365247,0.28024957,0.58750504,0.49031767,0.38455462,0.07283255,0.010784715,0.030353885,0.0114963055,0.35401654,0.01038,0.018641777,0.017974615,0.02932132,0.14197999,0.21652159,0.0142477155,0.015535444,0.098276794,0.08012307,0.013290793,0.14790443,0.0112251155,0.028662741,0.011798218,0.020143405,0.792959,0.26751477,0.3772809,0.5228254,0.06426349,0.37103793,0.0080926865,0.12281692,0.0010838211,0.07891762,0.79731613,0.6779448,0.86591804,0.1361785,0.012711614,0.48740637,0.012505382,0.3535232,0.01146923,0.01701048,0.0035496354,0.15291728,0.008242905,0.014445066,0.010529578,0.00747771,0.021227006,0.0067655444,0.010253668,0.0033530295,0.010191299,0.00373739,0.01154691,0.0063898116,0.005356729,0.0072729588,0.98093593,0.41259003,0.012296684,0.012401938,0.0116852205,0.01010254,0.010482252,0.01167807,0.004766166,0.011125753,0.0006849766,0.003361851,0.010163784,0.012396507,0.93939173,0.78438276,0.015868574,0.009617351,0.005612448,0.019356683,2.783537e-05,0.031499505,0.0048686955,0.12678099,0.07932186,0.13176778,0.0038605705,0.20837778,0.007223308,0.19479561,0.017330736,0.035533324,0.005329013,0.016146079,0.005035013,0.011316024,0.0050240457,0.0111094415,0.005829502,0.021443397,0.010325164,0.016368419,0.010540068,0.014721081,0.010629043,0.017748833,0.12863974,0.028110802,0.024118878,0.040022135,0.5556283,0.032040775,0.010729525,0.017335504,0.009794384,0.012506619,0.012688145,0.014352966,0.0075712204,0.017921418,0.019965649,0.05550438,0.005580008,0.08207624,0.009128496,0.02700165,0.026312348,0.11005403,0.5531196,0.047427237,0.47142872,0.21390083
0.8680736,0.029582813,0.7647604,0.101799175,0.41782993,0.04549724,0.0011316091,0.02676928,0.021720529,0.035110682,0.0026248656,-0.006775245,0.0021879002,0.01605928,0.8655066,0.17414072,0.9354125,0.99575204,0.4791178,0.47191715,0.09256083,0.92997146,0.65295404,0.9670207,-0.00041902065,0.018580899,-0.00042816997,0.02418971,-0.00040614605,0.013327591,0.0010443628,0.015471518,0.0007597208,0.035393715,0.5546303,0.7306448,0.7382014,0.8862736,0.00776577,0.036997017,0.02074939,0.52137685,0.021117479,0.017794918,0.1650758,0.21155266,0.08755827,0.635964,0.012052447,0.13903618,0.013657719,0.41693503,0.004316926,0.14578238,0.0010294616,0.024585575,0.0010826215,0.02148518,0.9011342,0.25086528,0.37313312,0.45268452,0.055376828,0.38946337,0.010509133,0.14445204,0.0023030937,0.09636295,0.40693513,0.82324654,0.7764783,0.7787746,0.025337696,0.8047482,-0.000337027,0.022477716,0.031083435,0.016068876,0.0039506257,0.015986115,-1.2673438e-05,0.04245162,-0.00030383468,-0.0070765615,0.0008620769,0.024687588,0.0002938211,0.012243241,0.021343756,0.012698799,0.87398183,0.01074709,0.8170784,0.02676335,0.9803103,0.921173,0.14812428,0.4613882,0.02720557,0.0015265048,0.692589,0.017262578,0.46004274,0.0174396,1.0077661,1.0064539,0.00059485435,0.020857006,0.98581606,0.98830307,0.791829,0.0026865453,0.71244884,0.5026904,1.0076342,0.9889958,0.91022944,0.9897867,0.62332094,0.9484966,0.8066851,0.96970123,0.45229164,0.93087965,0.7084898,0.29407543,0.9743369,0.9577278,1.014437,1.0066059,0.98473716,1.001352,0.9726946,0.98364234,8.6426735e-07,0.025376797,-4.6133995e-05,0.110372424,0.009939693,0.15098159,0.20106927,0.92122006,0.13097292,0.92825115,0.6483099,0.34461707,0.5524899,0.998803,0.067977965,0.57884246,0.014884561,0.3877708,0.5985728,0.9651756,0.9857366,0.9883388,1.0093493,1.0096333,0.98633736,0.997581,1.0095046,0.9863337,0.9879789,1.0113673,0.9847933,0.98784506
0.027020965,0.027009591,0.7651058,0.50664955,0.41970938,0.109752715,-0.0035269856,0.005043924,0.0017918348,0.008648396,0.0013514161,0.004370928,0.0059788823,0.5789703,0.8776558,0.7056199,0.5672116,0.9490961,0.4071877,0.44858292,0.06385397,0.4954241,0.46526906,0.8447983,0.003105849,0.009401217,0.006020069,0.012150705,-0.0002374649,0.007083535,0.0036642253,0.004110694,0.0050447583,0.3984228,0.61849874,0.7833153,0.39269984,0.8523631,0.007536888,0.017376304,0.008460999,0.46767518,0.007348329,0.008829296,0.019228756,0.12770736,0.17543727,0.751205,0.020486832,0.41768104,0.120009094,0.41100886,0.05076611,0.1398212,0.01231277,0.029351354,0.016826868,0.031016827,0.8027295,0.38104063,0.4099666,0.51287127,0.0372217,0.4063781,0.007190585,0.1969843,0.0072347224,0.09004259,0.79798454,0.8636986,0.4393493,0.8649534,0.034412205,0.4987849,0.004305452,0.33931607,0.012984961,0.008752629,0.02064788,0.32070255,0.0019943044,0.061605334,0.001328826,0.007345438,0.015111446,-0.0075423717,0.002451457,0.0037471652,0.0077049583,-0.009427397,0.008749962,0.023712397,0.0038574934,0.019214153,0.9997707,0.996047,0.1499462,0.6283512,0.0022304952,0.024285018,5.0842762e-05,0.02082026,0.051942527,0.007791713,0.99786294,1.0083555,0.00058323145,-0.0061474442,0.9980177,0.9971509,0.7795176,0.01050964,0.010542609,0.9795147,0.9980325,0.9978147,0.10449737,0.9617386,0.035960123,0.92766017,0.018478453,0.89716285,0.019752681,0.80300957,0.009050071,0.2520417,0.029995084,0.9512634,0.08456421,0.98263085,0.43492997,0.9772047,0.020238161,0.97143203,0.022202551,0.0068042874,0.0104084015,0.10169917,0.00665468,0.13376707,0.027238175,0.9106932,0.019745022,0.9137223,0.01766865,0.30262828,0.29848287,0.76297534,0.0361892,0.1467259,0.019765973,0.037350446,0.288441,0.8551642,0.98375964,0.99552554,0.7841638,0.98502254,0.3520643,0.9696656,0.9131361,0.9872712,1.0087693,1.0051806,1.0000796,0.99780303
0.8819082,0.019865438,0.76898247,0.10584289,0.42568612,0.05437765,0.0045368373,0.025007695,0.0037789792,0.02153033,0.009032652,0.004776716,0.0039883032,0.5584353,0.8773242,0.17353323,0.022297025,0.023656234,0.41086882,0.45588368,0.011823051,0.010164499,0.018534929,0.014710829,0.016101718,0.014434546,0.018089116,0.011841953,0.01270175,0.006486986,0.011939675,0.004398696,0.0076365247,0.28024957,0.58750504,0.49031767,0.38455462,0.07283255,0.010784715,0.030353885,0.0114963055,0.35401654,0.01038,0.018641777,0.017974615,0.02932132,0.14197999,0.21652159,0.0142477155,0.015535444,0.098276794,0.08012307,0.013290793,0.14790443,0.0112251155,0.028662741,0.011798218,0.020143405,0.792959,0.26751477,0.3772809,0.5228254,0.06426349,0.37103793,0.0080926865,0.12281692,0.0010838211,0.07891762,0.79731613,0.6779448,0.86591804,0.1361785,0.012711614,0.48740637,0.012505382,0.3535232,0.01146923,0.01701048,0.0035496354,0.15291728,0.008242905,0.014445066,0.010529578,0.00747771,0.021227006,0.0067655444,0.010253668,0.0033530295,0.010191299,0.00373739,0.01154691,0.0063898116,0.005356729,0.0072729588,0.98093593,0.41259003,0.012296684,0.012401938,0.0116852205,0.01010254,0.010482252,0.01167807,0.004766166,0.011125753,0.0006849766,0.003361851,0.010163784,0.012396507,0.93939173,0.78438276,0.015868574,0.009617351,0.005612448,0.019356683,2.783537e-05,0.031499505,0.0048686955,0.12678099,0.07932186,0.13176778,0.0038605705,0.20837778,0.007223308,0.19479561,0.017330736,0.035533324,0.005329013,0.016146079,0.005035013,0.011316024,0.0050240457,0.0111094415,0.005829502,0.021443397,0.010325164,0.016368419,0.010540068,0.014721081,0.010629043,0.017748833,0.12863974,0.028110802,0.024118878,0.040022135,0.5556283,0.032040775,0.010729525,0.017335504,0.009794384,0.012506619,0.012688145,0.014352966,0.0075712204,0.017921418,0.019965649,0.05550438,0.005580008,0.08207624,0.009128496,0.02700165,0.026312348,0.11005403,0.5531196,0.047427237,0.47142872,0.21390083
0.92211175,0.1410001,0.9198187,0.054688573,0.37241122,0.0023764335,0.010587402,0.050157398,0.029598657,0.028518364,-0.017187297,0.020699464,-0.010024741,0.538353,0.6482441,0.7180916,0.5492603,0.94996554,0.026997007,0.003182307,0.06939121,0.49501306,0.45788068,0.8932551,0.025042638,0.034721673,0.036952674,0.024411336,-0.01535292,0.026357561,0.0146796405,0.02109268,0.021613933,0.28806448,0.5599846,0.71364045,0.8146341,0.86878884,0.018448237,0.040462554,0.0011767372,0.035457745,0.021597125,0.03694216,0.8909536,0.8902128,0.93135965,0.60282665,0.6454575,0.9467293,0.6406321,0.25573322,0.057900324,0.036956284,0.0248342,0.37756145,0.015621439,0.64891815,0.79518104,0.41824794,0.836817,0.47243166,0.052119605,0.5519011,-0.010750182,0.14935918,-0.019577637,0.10262924,0.74292576,0.83490145,0.7834989,0.7721112,0.07143241,0.5078627,-0.00881999,0.35518688,0.014197495,-0.00051258504,0.007002473,0.1585797,0.012134284,0.029993266,0.021390542,0.024102714,0.00837679,0.10444975,0.025924936,0.033982337,0.013378978,0.01981543,0.015555775,0.03612806,-0.003558036,0.012717888,1.0030668,0.91404355,0.52565485,0.6391926,0.012610137,0.71076626,0.01625757,0.010719776,0.018666148,0.021558635,0.9805151,0.9729668,0.024976306,0.0029891431,0.9933289,1.0078607,1.0054078,0.9559761,1.0061419,0.98548603,1.0050936,1.0034629,0.032655217,0.9756156,0.09577462,0.97013354,-0.008581974,0.8999024,0.019825127,0.7979895,0.014482141,0.23981158,0.008264542,0.93039286,0.028744847,0.9493199,0.1463167,0.9555355,0.00049091876,0.9801055,-0.0034442805,0.01343821,0.023212416,0.1140517,-0.0043688715,0.1509856,0.018964723,0.89022404,0.02243441,0.90714306,-2.6121736e-05,0.24939558,0.30077344,0.77761704,0.04303588,0.1656678,0.029340744,0.051000774,0.09816033,0.85559267,0.38870388,0.97634816,0.028958738,0.950782,0.029368743,0.93473303,0.2524826,0.98991966,0.99050367,0.9849223,0.9442653,0.9692924
0.8729517,0.047907315,0.7382033,0.03711143,0.078742385,0.017655566,0.029949307,0.0286979,0.026473254,0.03397152,0.026521374,0.0096538365,0.010438651,0.5654802,0.6097324,0.190565,0.02250886,0.027432442,0.027692206,0.009397283,-0.012531713,-0.022469044,-0.007935628,0.0069935024,0.0073590875,-0.0030486584,0.059360623,-0.02456674,0.014359504,0.015188709,0.013970166,0.0121659115,0.025386795,0.27503324,0.30943078,0.7308959,0.7471506,0.48406103,0.009322971,0.020048007,0.0021749139,0.016135216,0.015729547,0.009821147,0.15276581,0.19458874,0.014102638,0.62906843,0.0057312623,0.013703376,0.06880914,0.40421718,0.004303992,0.044488966,0.0100239515,0.029790163,-0.00047385693,0.028100818,0.79528403,0.26631162,0.19966835,0.44955513,-0.007215366,0.09017587,0.028899461,0.061978742,-0.0027953386,0.04949051,0.5337481,0.81580657,0.7750736,0.7768824,0.025879204,0.47902656,0.05273122,0.3392143,0.03153821,-0.0131979585,0.027874649,0.15395465,0.027133472,0.022106305,0.010878421,0.017728679,0.0037680268,0.024236366,0.01792667,0.016548365,0.011498511,0.012638211,0.9937533,-0.0017381907,0.9957962,0.18452218,-0.013078183,0.014241219,-0.00877136,0.0142863095,0.17385378,0.00018393993,0.00017753243,-0.002778858,0.003251806,-0.00025691092,0.0008420944,0.012886897,0.0056479946,0.0065802634,0.017180532,0.006694734,-0.015229672,0.009882815,0.997017,0.9273021,-0.00038294494,-0.00069506466,0.016692445,0.11565551,0.021745324,0.16069159,0.015903741,0.19579399,0.013529122,0.16685236,0.008199453,-0.00096830726,0.013707742,0.007380843,0.011519462,0.003713727,0.012762979,0.005012423,0.013535202,-0.0069389343,0.0074840784,0.0119383335,-0.0002591014,0.016289871,-0.0023177639,0.016103938,0.03669727,0.019585297,0.044896875,0.0078815445,0.021261849,0.019522019,0.020010725,-0.007869422,0.0005095005,-0.014050871,0.005584087,-0.019454716,0.013411898,-0.011621952,0.0119060725,0.013449803,0.018708348,0.008066952,0.009694301,0.008652806,0.01635167,0.00933373,0.016421415,0.009037107,0.01854363,0.017593369
0.8729517,0.047907315,0.7382033,0.03711143,0.078742385,0.017655566,0.029949307,0.0286979,0.026473254,0.03397152,0.026521374,0.0096538365,0.010438651,0.5654802,0.6097324,0.190565,0.02250886,0.027432442,0.027692206,0.009397283,-0.012531713,-0.022469044,-0.007935628,0.0069935024,0.0073590875,-0.0030486584,0.059360623,-0.02456674,0.014359504,0.015188709,0.013970166,0.0121659115,0.025386795,0.27503324,0.30943078,0.7308959,0.7471506,0.48406103,0.009322971,0.020048007,0.0021749139,0.016135216,0.015729547,0.009821147,0.15276581,0.19458874,0.014102638,0.62906843,0.0057312623,0.013703376,0.06880914,0.40421718,0.004303992,0.044488966,0.0100239515,0.029790163,-0.00047385693,0.028100818,0.79528403,0.26631162,0.19966835,0.44955513,-0.007215366,0.09017587,0.028899461,0.061978742,-0.0027953386,0.04949051,0.5337481,0.81580657,0.7750736,0.7768824,0.025879204,0.47902656,0.05273122,0.3392143,0.03153821,-0.0131979585,0.027874649,0.15395465,0.027133472,0.022106305,0.010878421,0.017728679,0.0037680268,0.024236366,0.01792667,0.016548365,0.011498511,0.012638211,0.9937533,-0.0017381907,0.9957962,0.18452218,-0.013078183,0.014241219,-0.00877136,0.0142863095,0.17385378,0.00018393993,0.00017753243,-0.002778858,0.003251806,-0.00025691092,0.0008420944,0.012886897,0.0056479946,0.0065802634,0.017180532,0.006694734,-0.015229672,0.009882815,0.997017,0.9273021,-0.00038294494,-0.00069506466,0.016692445,0.11565551,0.021745324,0.16069159,0.015903741,0.19579399,0.013529122,0.16685236,0.008199453,-0.00096830726,0.013707742,0.007380843,0.011519462,0.003713727,0.012762979,0.005012423,0.013535202,-0.0069389343,0.0074840784,0.0119383335,-0.0002591014,0.016289871,-0.0023177639,0.016103938,0.03669727,0.019585297,0.044896875,0.0078815445,0.021261849,0.019522019,0.020010725,-0.007869422,0.0005095005,-0.014050871,0.005584087,-0.019454716,0.013411898,-0.011621952,0.0119060725,0.013449803,0.018708348,0.008066952,0.009694301,0.008652806,0.01635167,0.00933373,0.016421415,0.009037107,0.01854363,0.017593369
0.8680736,0.029582813,0.7647604,0.101799175,0.41782993,0.04549724,0.0011316091,0.02676928,0.021720529,0.035110682,0.0026248656,-0.006775245,0.0021879002,0.01605928,0.8655066,0.17414072,0.9354125,0.99575204,0.4791178,0.47191715,0.09256083,0.92997146,0.65295404,0.9670207,-0.00041902065,0.018580899,-0.00042816997,0.02418971,-0.00040614605,0.013327591,0.0010443628,0.015471518,0.0007597208,0.035393715,0.5546303,0.7306448,0.7382014,0.8862736,0.00776577,0.036997017,0.02074939,0.52137685,0.021117479,0.017794918,0.1650758,0.21155266,0.08755827,0.635964,0.012052447,0.13903618,0.013657719,0.41693503,0.004316926,0.14578238,0.0010294616,0.024585575,0.0010826215,0.02148518,0.9011342,0.25086528,0.37313312,0.45268452,0.055376828,0.38946337,0.010509133,0.14445204,0.0023030937,0.09636295,0.40693513,0.82324654,0.7764783,0.7787746,0.025337696,0.8047482,-0.000337027,0.022477716,0.031083435,0.016068876,0.0039506257,0.015986115,-1.2673438e-05,0.04245162,-0.00030383468,-0.0070765615,0.0008620769,0.024687588,0.0002938211,0.012243241,0.021343756,0.012698799,0.87398183,0.01074709,0.8170784,0.02676335,0.9803103,0.921173,0.14812428,0.4613882,0.02720557,0.0015265048,0.692589,0.017262578,0.46004274,0.0174396,1.0077661,1.0064539,0.00059485435,0.020857006,0.98581606,0.98830307,0.791829,0.0026865453,0.71244884,0.5026904,1.0076342,0.9889958,0.91022944,0.9897867,0.62332094,0.9484966,0.8066851,0.96970123,0.45229164,0.93087965,0.7084898,0.29407543,0.9743369,0.9577278,1.014437,1.0066059,0.98473716,1.001352,0.9726946,0.98364234,8.6426735e-07,0.025376797,-4.6133995e-05,0.110372424,0.009939693,0.15098159,0.20106927,0.92122006,0.13097292,0.92825115,0.6483099,0.34461707,0.5524899,0.998803,0.067977965,0.57884246,0.014884561,0.3877708,0.5985728,0.9651756,0.9857366,0.9883388,1.0093493,1.0096333,0.98633736,0.997581,1.0095046,0.9863337,0.9879789,1.0113673,0.9847933,0.98784506
0.027020965,0.027009591,0.7651058,0.50664955,0.41970938,0.109752715,-0.0035269856,0.005043924,0.0017918348,0.008648396,0.0013514161,0.004370928,0.0059788823,0.5789703,0.8776558,0.7056199,0.5672116,0.9490961,0.4071877,0.44858292,0.06385397,0.4954241,0.46526906,0.8447983,0.003105849,0.009401217,0.006020069,0.012150705,-0.0002374649,0.007083535,0.0036642253,0.004110694,0.0050447583,0.3984228,0.61849874,0.7833153,0.39269984,0.8523631,0.007536888,0.017376304,0.008460999,0.46767518,0.007348329,0.008829296,0.019228756,0.12770736,0.17543727,0.751205,0.020486832,0.41768104,0.120009094,0.41100886,0.05076611,0.1398212,0.01231277,0.029351354,0.016826868,0.031016827,0.8027295,0.38104063,0.4099666,0.51287127,0.0372217,0.4063781,0.007190585,0.1969843,0.0072347224,0.09004259,0.79798454,0.8636986,0.4393493,0.8649534,0.034412205,0.4987849,0.004305452,0.33931607,0.012984961,0.008752629,0.02064788,0.32070255,0.0019943044,0.061605334,0.001328826,0.007345438,0.015111446,-0.0075423717,0.002451457,0.0037471652,0.0077049583,-0.009427397,0.008749962,0.023712397,0.0038574934,0.019214153,0.9997707,0.996047,0.1499462,0.6283512,0.0022304952,0.024285018,5.0842762e-05,0.02082026,0.051942527,0.007791713,0.99786294,1.0083555,0.00058323145,-0.0061474442,0.9980177,0.9971509,0.7795176,0.01050964,0.010542609,0.9795147,0.9980325,0.9978147,0.10449737,0.9617386,0.035960123,0.92766017,0.018478453,0.89716285,0.019752681,0.80300957,0.009050071,0.2520417,0.029995084,0.9512634,0.08456421,0.98263085,0.43492997,0.9772047,0.020238161,0.97143203,0.022202551,0.0068042874,0.0104084015,0.10169917,0.00665468,0.13376707,0.027238175,0.9106932,0.019745022,0.9137223,0.01766865,0.30262828,0.29848287,0.76297534,0.0361892,0.1467259,0.019765973,0.037350446,0.288441,0.8551642,0.98375964,0.99552554,0.7841638,0.98502254,0.3520643,0.9696656,0.9131361,0.9872712,1.0087693,1.0051806,1.0000796,0.99780303
0.8819082,0.019865438,0.76898247,0.10584289,0.42568612,0.05437765,0.0045368373,0.025007695,0.0037789792,0.02153033,0.009032652,0.004776716,0.0039883032,0.5584353,0.8773242,0.17353323,0.022297025,0.023656234,0.41086882,0.45588368,0.011823051,0.010164499,0.018534929,0.014710829,0.016101718,0.014434546,0.018089116,0.011841953,0.01270175,0.006486986,0.011939675,0.004398696,0.0076365247,0.28024957,0.58750504,0.49031767,0.38455462,0.07283255,0.010784715,0.030353885,0.0114963055,0.35401654,0.01038,0.018641777,0.017974615,0.02932132,0.14197999,0.21652159,0.0142477155,0.015535444,0.098276794,0.08012307,0.013290793,0.14790443,0.0112251155,0.028662741,0.011798218,0.020143405,0.792959,0.26751477,0.3772809,0.5228254,0.06426349,0.37103793,0.0080926865,0.12281692,0.0010838211,0.07891762,0.79731613,0.6779448,0.86591804,0.1361785,0.012711614,0.48740637,0.012505382,0.3535232,0.01146923,0.01701048,0.0035496354,0.15291728,0.008242905,0.014445066,0.010529578,0.00747771,0.021227006,0.0067655444,0.010253668,0.0033530295,0.010191299,0.00373739,0.01154691,0.0063898116,0.005356729,0.0072729588,0.98093593,0.41259003,0.012296684,0.012401938,0.0116852205,0.01010254,0.010482252,0.01167807,0.004766166,0.011125753,0.0006849766,0.003361851,0.010163784,0.012396507,0.93939173,0.78438276,0.015868574,0.009617351,0.005612448,0.019356683,2.783537e-05,0.031499505,0.0048686955,0.12678099,0.07932186,0.13176778,0.0038605705,0.20837778,0.007223308,0.19479561,0.017330736,0.035533324,0.005329013,0.016146079,0.005035013,0.011316024,0.0050240457,0.0111094415,0.005829502,0.021443397,0.010325164,0.016368419,0.010540068,0.014721081,0.010629043,0.017748833,0.12863974,0.028110802,0.024118878,0.040022135,0.5556283,0.032040775,0.010729525,0.017335504,0.009794384,0.012506619,0.012688145,0.014352966,0.0075712204,0.017921418,0.019965649,0.05550438,0.005580008,0.08207624,0.009128496,0.02700165,0.026312348,0.11005403,0.5531196,0.047427237,0.47142872,0.21390083
0.92211175,0.1410001,0.9198187,0.054688573,0.37241122,0.0023764335,0.010587402,0.050157398,0.029598657,0.028518364,-0.017187297,0.020699464,-0.010024741,0.538353,0.6482441,0.7180916,0.5492603,0.94996554,0.026997007,0.003182307,0.06939121,0.49501306,0.45788068,0.8932551,0.025042638,0.034721673,0.036952674,0.024411336,-0.01535292,0.026357561,0.0146796405,0.02109268,0.021613933,0.28806448,0.5599846,0.71364045,0.8146341,0.86878884,0.018448237,0.040462554,0.0011767372,0.035457745,0.021597125,0.03694216,0.8909536,0.8902128,0.93135965,0.60282665,0.6454575,0.9467293,0.6406321,0.25573322,0.057900324,0.036956284,0.0248342,0.37756145,0.015621439,0.64891815,0.79518104,0.41824794,0.836817,0.47243166,0.052119605,0.5519011,-0.010750182,0.14935918,-0.019577637,0.10262924,0.74292576,0.83490145,0.7834989,0.7721112,0.07143241,0.5078627,-0.00881999,0.35518688,0.014197495,-0.00051258504,0.007002473,0.1585797,0.012134284,0.029993266,0.021390542,0.024102714,0.00837679,0.10444975,0.025924936,0.033982337,0.013378978,0.01981543,0.015555775,0.03612806,-0.003558036,0.012717888,1.0030668,0.91404355,0.52565485,0.6391926,0.012610137,0.71076626,0.01625757,0.010719776,0.018666148,0.021558635,0.9805151,0.9729668,0.024976306,0.0029891431,0.9933289,1.0078607,1.0054078,0.9559761,1.0061419,0.98548603,1.0050936,1.0034629,0.032655217,0.9756156,0.09577462,0.97013354,-0.008581974,0.8999024,0.019825127,0.7979895,0.014482141,0.23981158,0.008264542,0.93039286,0.028744847,0.9493199,0.1463167,0.9555355,0.00049091876,0.9801055,-0.0034442805,0.01343821,0.023212416,0.1140517,-0.0043688715,0.1509856,0.018964723,0.89022404,0.02243441,0.90714306,-2.6121736e-05,0.24939558,0.30077344,0.77761704,0.04303588,0.1656678,0.029340744,0.051000774,0.09816033,0.85559267,0.38870388,0.97634816,0.028958738,0.950782,0.029368743,0.93473303,0.2524826,0.98991966,0.99050367,0.9849223,0.9442653,0.9692924
0.8680736,0.029582813,0.7647604,0.101799175,0.41782993,0.04549724,0.0011316091,0.02676928,0.021720529,0.035110682,0.0026248656,-0.006775245,0.0021879002,0.01605928,0.8655066,0.17414072,0.9354125,0.99575204,0.4791178,0.47191715,0.09256083,0.92997146,0.65295404,0.9670207,-0.00041902065,0.018580899,-0.00042816997,0.02418971,-0.00040614605,0.013327591,0.0010443628,0.015471518,0.0007597208,0.035393715,0.5546303,0.7306448,0.7382014,0.8862736,0.00776577,0.036997017,0.02074939,0.52137685,0.021117479,0.017794918,0.1650758,0.21155266,0.08755827,0.635964,0.012052447,0.13903618,0.013657719,0.41693503,0.004316926,0.14578238,0.0010294616,0.024585575,0.0010826215,0.02148518,0.9011342,0.25086528,0.37313312,0.45268452,0.055376828,0.38946337,0.010509133,0.14445204,0.0023030937,0.09636295,0.40693513,0.82324654,0.7764783,0.7787746,0.025337696,0.8047482,-0.000337027,0.022477716,0.031083435,0.016068876,0.0039506257,0.015986115,-1.2673438e-05,0.04245162,-0.00030383468,-0.0070765615,0.0008620769,0.024687588,0.0002938211,0.012243241,0.021343756,0.012698799,0.87398183,0.01074709,0.8170784,0.02676335,0.9803103,0.921173,0.14812428,0.4613882,0.02720557,0.0015265048,0.692589,0.017262578,0.46004274,0.0174396,1.0077661,1.0064539,0.00059485435,0.020857006,0.98581606,0.98830307,0.791829,0.0026865453,0.71244884,0.5026904,1.0076342,0.9889958,0.91022944,0.9897867,0.62332094,0.9484966,0.8066851,0.96970123,0.45229164,0.93087965,0.7084898,0.29407543,0.9743369,0.9577278,1.014437,1.0066059,0.98473716,1.001352,0.9726946,0.98364234,8.6426735e-07,0.025376797,-4.6133995e-05,0.110372424,0.009939693,0.15098159,0.20106927,0.92122006,0.13097292,0.92825115,0.6483099,0.34461707,0.5524899,0.998803,0.067977965,0.57884246,0.014884561,0.3877708,0.5985728,0.9651756,0.9857366,0.9883388,1.0093493,1.0096333,0.98633736,0.997581,1.0095046,0.9863337,0.9879789,1.0113673,0.9847933,0.98784506
0.8729517,0.047907315,0.7382033,0.03711143,0.078742385,0.017655566,0.029949307,0.0286979,0.026473254,0.03397152,0.026521374,0.0096538365,0.010438651,0.5654802,0.6097324,0.190565,0.02250886,0.027432442,0.027692206,0.009397283,-0.012531713,-0.022469044,-0.007935628,0.0069935024,0.0073590875,-0.0030486584,0.059360623,-0.02456674,0.014359504,0.015188709,0.013970166,0.0121659115,0.025386795,0.27503324,0.30943078,0.7308959,0.7471506,0.48406103,0.009322971,0.020048007,0.0021749139,0.016135216,0.015729547,0.009821147,0.15276581,0.19458874,0.014102638,0.62906843,0.0057312623,0.013703376,0.06880914,0.40421718,0.004303992,0.044488966,0.0100239515,0.029790163,-0.00047385693,0.028100818,0.79528403,0.26631162,0.19966835,0.44955513,-0.007215366,0.09017587,0.028899461,0.061978742,-0.0027953386,0.04949051,0.5337481,0.81580657,0.7750736,0.7768824,0.025879204,0.47902656,0.05273122,0.3392143,0.03153821,-0.0131979585,0.027874649,0.15395465,0.027133472,0.022106305,0.010878421,0.017728679,0.0037680268,0.024236366,0.01792667,0.016548365,0.011498511,0.012638211,0.9937533,-0.0017381907,0.9957962,0.18452218,-0.013078183,0.014241219,-0.00877136,0.0142863095,0.17385378,0.00018393993,0.00017753243,-0.002778858,0.003251806,-0.00025691092,0.0008420944,0.012886897,0.0056479946,0.0065802634,0.017180532,0.006694734,-0.015229672,0.009882815,0.997017,0.9273021,-0.00038294494,-0.00069506466,0.016692445,0.11565551,0.021745324,0.16069159,0.015903741,0.19579399,0.013529122,0.16685236,0.008199453,-0.00096830726,0.013707742,0.007380843,0.011519462,0.003713727,0.012762979,0.005012423,0.013535202,-0.0069389343,0.0074840784,0.0119383335,-0.0002591014,0.016289871,-0.0023177639,0.016103938,0.03669727,0.019585297,0.044896875,0.0078815445,0.021261849,0.019522019,0.020010725,-0.007869422,0.0005095005,-0.014050871,0.005584087,-0.019454716,0.013411898,-0.011621952,0.0119060725,0.013449803,0.018708348,0.008066952,0.009694301,0.008652806,0.01635167,0.00933373,0.016421415,0.009037107,0.01854363,0.017593369
0.92211175,0.1410001,0.9198187,0.054688573,0.37241122,0.0023764335,0.010587402,0.050157398,0.029598657,0.028518364,-0.017187297,0.020699464,-0.010024741,0.538353,0.6482441,0.7180916,0.5492603,0.94996554,0.026997007,0.003182307,0.06939121,0.49501306,0.45788068,0.8932551,0.025042638,0.034721673,0.036952674,0.024411336,-0.01535292,0.026357561,0.0146796405,0.02109268,0.021613933,0.28806448,0.5599846,0.71364045,0.8146341,0.86878884,0.018448237,0.040462554,0.0011767372,0.035457745,0.021597125,0.03694216,0.8909536,0.8902128,0.93135965,0.60282665,0.6454575,0.9467293,0.6406321,0.25573322,0.057900324,0.036956284,0.0248342,0.37756145,0.015621439,0.64891815,0.79518104,0.41824794,0.836817,0.47243166,0.052119605,0.5519011,-0.010750182,0.14935918,-0.019577637,0.10262924,0.74292576,0.83490145,0.7834989,0.7721112,0.07143241,0.5078627,-0.00881999,0.35518688,0.014197495,-0.00051258504,0.007002473,0.1585797,0.012134284,0.029993266,0.021390542,0.024102714,0.00837679,0.10444975,0.025924936,0.033982337,0.013378978,0.01981543,0.015555775,0.03612806,-0.003558036,0.012717888,1.0030668,0.91404355,0.52565485,0.6391926,0.012610137,0.71076626,0.01625757,0.010719776,0.018666148,0.021558635,0.9805151,0.9729668,0.024976306,0.0029891431,0.9933289,1.0078607,1.0054078,0.9559761,1.0061419,0.98548603,1.0050936,1.0034629,0.032655217,0.9756156,0.09577462,0.97013354,-0.008581974,0.8999024,0.019825127,0.7979895,0.014482141,0.23981158,0.008264542,0.93039286,0.028744847,0.9493199,0.1463167,0.9555355,0.00049091876,0.9801055,-0.0034442805,0.01343821,0.023212416,0.1140517,-0.0043688715,0.1509856,0.018964723,0.89022404,0.02243441,0.90714306,-2.6121736e-05,0.24939558,0.30077344,0.77761704,0.04303588,0.1656678,0.029340744,0.051000774,0.09816033,0.85559267,0.38870388,0.97634816,0.028958738,0.950782,0.029368743,0.93473303,0.2524826,0.98991966,0.99050367,0.9849223,0.9442653,0.9692924
0.8819082,0.019865438,0.76898247,0.10584289,0.42568612,0.05437765,0.0045368373,0.025007695,0.0037789792,0.02153033,0.009032652,0.004776716,0.0039883032,0.5584353,0.8773242,0.17353323,0.022297025,0.023656234,0.41086882,0.45588368,0.011823051,0.010164499,0.018534929,0.014710829,0.016101718,0.014434546,0.018089116,0.011841953,0.01270175,0.006486986,0.011939675,0.004398696,0.0076365247,0.28024957,0.58750504,0.49031767,0.38455462,0.07283255,0.010784715,0.030353885,0.0114963055,0.35401654,0.01038,0.018641777,0.017974615,0.02932132,0.14197999,0.21652159,0.0142477155,0.015535444,0.098276794,0.08012307,0.013290793,0.14790443,0.0112251155,0.028662741,0.011798218,0.020143405,0.792959,0.26751477,0.3772809,0.5228254,0.06426349,0.37103793,0.0080926865,0.12281692,0.0010838211,0.07891762,0.79731613,0.6779448,0.86591804,0.1361785,0.012711614,0.48740637,0.012505382,0.3535232,0.01146923,0.01701048,0.0035496354,0.15291728,0.008242905,0.014445066,0.010529578,0.00747771,0.021227006,0.0067655444,0.010253668,0.0033530295,0.010191299,0.00373739,0.01154691,0.0063898116,0.005356729,0.0072729588,0.98093593,0.41259003,0.012296684,0.012401938,0.0116852205,0.01010254,0.010482252,0.01167807,0.004766166,0.011125753,0.0006849766,0.003361851,0.010163784,0.012396507,0.93939173,0.78438276,0.015868574,0.009617351,0.005612448,0.019356683,2.783537e-05,0.031499505,0.0048686955,0.12678099,0.07932186,0.13176778,0.0038605705,0.20837778,0.007223308,0.19479561,0.017330736,0.035533324,0.005329013,0.016146079,0.005035013,0.011316024,0.0050240457,0.0111094415,0.005829502,0.021443397,0.010325164,0.016368419,0.010540068,0.014721081,0.010629043,0.017748833,0.12863974,0.028110802,0.024118878,0.040022135,0.5556283,0.032040775,0.010729525,0.017335504,0.009794384,0.012506619,0.012688145,0.014352966,0.0075712204,0.017921418,0.019965649,0.05550438,0.005580008,0.08207624,0.009128496,0.02700165,0.026312348,0.11005403,0.5531196,0.047427237,0.47142872,0.21390083
0.027020965,0.027009591,0.7651058,0.50664955,0.41970938,0.109752715,-0.0035269856,0.005043924,0.0017918348,0.008648396,0.0013514161,0.004370928,0.0059788823,0.5789703,0.8776558,0.7056199,0.5672116,0.9490961,0.4071877,0.44858292,0.06385397,0.4954241,0.46526906,0.8447983,0.003105849,0.009401217,0.006020069,0.012150705,-0.0002374649,0.007083535,0.0036642253,0.004110694,0.0050447583,0.3984228,0.61849874,0.7833153,0.39269984,0.8523631,0.007536888,0.017376304,0.008460999,0.46767518,0.007348329,0.008829296,0.019228756,0.12770736,0.17543727,0.751205,0.020486832,0.41768104,0.120009094,0.41100886,0.05076611,0.1398212,0.01231277,0.029351354,0.016826868,0.031016827,0.8027295,0.38104063,0.4099666,0.51287127,0.0372217,0.4063781,0.007190585,0.1969843,0.0072347224,0.09004259,0.79798454,0.8636986,0.4393493,0.8649534,0.034412205,0.4987849,0.004305452,0.33931607,0.012984961,0.008752629,0.02064788,0.32070255,0.0019943044,0.061605334,0.001328826,0.007345438,0.015111446,-0.0075423717,0.002451457,0.0037471652,0.0077049583,-0.009427397,0.008749962,0.023712397,0.0038574934,0.019214153,0.9997707,0.996047,0.1499462,0.6283512,0.0022304952,0.024285018,5.0842762e-05,0.02082026,0.051942527,0.007791713,0.99786294,1.0083555,0.00058323145,-0.0061474442,0.9980177,0.9971509,0.7795176,0.01050964,0.010542609,0.9795147,0.9980325,0.9978147,0.10449737,0.9617386,0.035960123,0.92766017,0.018478453,0.89716285,0.019752681,0.80300957,0.009050071,0.2520417,0.029995084,0.9512634,0.08456421,0.98263085,0.43492997,0.9772047,0.020238161,0.97143203,0.022202551,0.0068042874,0.0104084015,0.10169917,0.00665468,0.13376707,0.027238175,0.9106932,0.019745022,0.9137223,0.01766865,0.30262828,0.29848287,0.76297534,0.0361892,0.1467259,0.019765973,0.037350446,0.288441,0.8551642,0.98375964,0.99552554,0.7841638,0.98502254,0.3520643,0.9696656,0.9131361,0.9872712,1.0087693,1.0051806,1.0000796,0.99780303
0.8680736,0.029582813,0.7647604,0.101799175,0.41782993,0.04549724,0.0011316091,0.02676928,0.021720529,0.035110682,0.0026248656,-0.006775245,0.0021879002,0.01605928,0.8655066,0.17414072,0.9354125,0.99575204,0.4791178,0.47191715,0.09256083,0.92997146,0.65295404,0.9670207,-0.00041902065,0.018580899,-0.00042816997,0.02418971,-0.00040614605,0.013327591,0.0010443628,0.015471518,0.0007597208,0.035393715,0.5546303,0.7306448,0.7382014,0.8862736,0.00776577,0.036997017,0.02074939,0.52137685,0.021117479,0.017794918,0.1650758,0.21155266,0.08755827,0.635964,0.012052447,0.13903618,0.013657719,0.41693503,0.004316926,0.14578238,0.0010294616,0.024585575,0.0010826215,0.02148518,0.9011342,0.25086528,0.37313312,0.45268452,0.055376828,0.38946337,0.010509133,0.14445204,0.0023030937,0.09636295,0.40693513,0.82324654,0.7764783,0.7787746,0.025337696,0.8047482,-0.000337027,0.022477716,0.031083435,0.016068876,0.0039506257,0.015986115,-1.2673438e-05,0.04245162,-0.00030383468,-0.0070765615,0.0008620769,0.024687588,0.0002938211,0.012243241,0.021343756,0.012698799,0.87398183,0.01074709,0.8170784,0.02676335,0.9803103,0.921173,0.14812428,0.4613882,0.02720557,0.0015265048,0.692589,0.017262578,0.46004274,0.0174396,1.0077661,1.0064539,0.00059485435,0.020857006,0.98581606,0.98830307,0.791829,0.0026865453,0.71244884,0.5026904,1.0076342,0.9889958,0.91022944,0.9897867,0.62332094,0.9484966,0.8066851,0.96970123,0.45229164,0.93087965,0.7084898,0.29407543,0.9743369,0.9577278,1.014437,1.0066059,0.98473716,1.001352,0.9726946,0.98364234,8.6426735e-07,0.025376797,-4.6133995e-05,0.110372424,0.009939693,0.15098159,0.20106927,0.92122006,0.13097292,0.92825115,0.6483099,0.34461707,0.5524899,0.998803,0.067977965,0.57884246,0.014884561,0.3877708,0.5985728,0.9651756,0.9857366,0.9883388,1.0093493,1.0096333,0.98633736,0.997581,1.0095046,0.9863337,0.9879789,1.0113673,0.9847933,0.98784506
0.92211175,0.1410001,0.9198187,0.054688573,0.37241122,0.0023764335,0.010587402,0.050157398,0.029598657,0.028518364,-0.017187297,0.020699464,-0.010024741,0.538353,0.6482441,0.7180916,0.5492603,0.94996554,0.026997007,0.003182307,0.06939121,0.49501306,0.45788068,0.8932551,0.025042638,0.034721673,0.036952674,0.024411336,-0.01535292,0.026357561,0.0146796405,0.02109268,0.021613933,0.28806448,0.5599846,0.71364045,0.8146341,0.86878884,0.018448237,0.040462554,0.0011767372,0.035457745,0.021597125,0.03694216,0.8909536,0.8902128,0.93135965,0.60282665,0.6454575,0.9467293,0.6406321,0.25573322,0.057900324,0.036956284,0.0248342,0.37756145,0.015621439,0.64891815,0.79518104,0.41824794,0.836817,0.47243166,0.052119605,0.5519011,-0.010750182,0.14935918,-0.019577637,0.10262924,0.74292576,0.83490145,0.7834989,0.7721112,0.07143241,0.5078627,-0.00881999,0.35518688,0.014197495,-0.00051258504,0.007002473,0.1585797,0.012134284,0.029993266,0.021390542,0.024102714,0.00837679,0.10444975,0.025924936,0.033982337,0.013378978,0.01981543,0.015555775,0.03612806,-0.003558036,0.012717888,1.0030668,0.91404355,0.52565485,0.6391926,0.012610137,0.71076626,0.01625757,0.010719776,0.018666148,0.021558635,0.9805151,0.9729668,0.024976306,0.0029891431,0.9933289,1.0078607,1.0054078,0.9559761,1.0061419,0.98548603,1.0050936,1.0034629,0.032655217,0.9756156,0.09577462,0.97013354,-0.008581974,0.8999024,0.019825127,0.7979895,0.014482141,0.23981158,0.008264542,0.93039286,0.028744847,0.9493199,0.1463167,0.9555355,0.00049091876,0.9801055,-0.0034442805,0.01343821,0.023212416,0.1140517,-0.0043688715,0.1509856,0.018964723,0.89022404,0.02243441,0.90714306,-2.6121736e-05,0.24939558,0.30077344,0.77761704,0.04303588,0.1656678,0.029340744,0.051000774,0.09816033,0.85559267,0.38870388,0.97634816,0.028958738,0.950782,0.029368743,0.93473303,0.2524826,0.98991966,0.99050367,0.9849223,0.9442653,0.9692924
0.027020965,0.027009591,0.7651058,0.50664955,0.41970938,0.109752715,-0.0035269856,0.005043924,0.0017918348,0.008648396,0.0013514161,0.004370928,0.0059788823,0.5789703,0.8776558,0.7056199,0.5672116,0.9490961,0.4071877,0.44858292,0.06385397,0.4954241,0.46526906,0.8447983,0.003105849,0.009401217,0.006020069,0.012150705,-0.0002374649,0.007083535,0.0036642253,0.004110694,0.0050447583,0.3984228,0.61849874,0.7833153,0.39269984,0.8523631,0.007536888,0.017376304,0.008460999,0.46767518,0.007348329,0.008829296,0.019228756,0.12770736,0.17543727,0.751205,0.020486832,0.41768104,0.120009094,0.41100886,0.05076611,0.1398212,0.01231277,0.029351354,0.016826868,0.031016827,0.8027295,0.38104063,0.4099666,0.51287127,0.0372217,0.4063781,0.007190585,0.1969843,0.0072347224,0.09004259,0.79798454,0.8636986,0.4393493,0.8649534,0.034412205,0.4987849,0.004305452,0.33931607,0.012984961,0.008752629,0.02064788,0.32070255,0.0019943044,0.061605334,0.001328826,0.007345438,0.015111446,-0.0075423717,0.002451457,0.0037471652,0.0077049583,-0.009427397,0.008749962,0.023712397,0.0038574934,0.019214153,0.9997707,0.996047,0.1499462,0.6283512,0.0022304952,0.024285018,5.0842762e-05,0.02082026,0.051942527,0.007791713,0.99786294,1.0083555,0.00058323145,-0.0061474442,0.9980177,0.9971509,0.7795176,0.01050964,0.010542609,0.9795147,0.9980325,0.9978147,0.10449737,0.9617386,0.035960123,0.92766017,0.018478453,0.89716285,0.019752681,0.80300957,0.009050071,0.2520417,0.029995084,0.9512634,0.08456421,0.98263085,0.43492997,0.9772047,0.020238161,0.97143203,0.022202551,0.0068042874,0.0104084015,0.10169917,0.00665468,0.13376707,0.027238175,0.9106932,0.019745022,0.9137223,0.01766865,0.30262828,0.29848287,0.76297534,0.0361892,0.1467259,0.019765973,0.037350446,0.288441,0.8551642,0.98375964,0.99552554,0.7841638,0.98502254,0.3520643,0.9696656,0.9131361,0.9872712,1.0087693,1.0051806,1.0000796,0.99780303
0.8729517,0.047907315,0.7382033,0.03711143,0.078742385,0.017655566,0.029949307,0.0286979,0.026473254,0.03397152,0.026521374,0.0096538365,0.010438651,0.5654802,0.6097324,0.190565,0.02250886,0.027432442,0.027692206,0.009397283,-0.012531713,-0.022469044,-0.007935628,0.0069935024,0.0073590875,-0.0030486584,0.059360623,-0.02456674,0.014359504,0.015188709,0.013970166,0.0121659115,0.025386795,0.27503324,0.30943078,0.7308959,0.7471506,0.48406103,0.009322971,0.020048007,0.0021749139,0.016135216,0.015729547,0.009821147,0.15276581,0.19458874,0.014102638,0.62906843,0.0057312623,0.013703376,0.06880914,0.40421718,0.004303992,0.044488966,0.0100239515,0.029790163,-0.00047385693,0.028100818,0.79528403,0.26631162,0.19966835,0.44955513,-0.007215366,0.09017587,0.028899461,0.061978742,-0.0027953386,0.04949051,0.5337481,0.81580657,0.7750736,0.7768824,0.025879204,0.47902656,0.05273122,0.3392143,0.03153821,-0.0131979585,0.027874649,0.15395465,0.027133472,0.022106305,0.010878421,0.017728679,0.0037680268,0.024236366,0.01792667,0.016548365,0.011498511,0.012638211,0.9937533,-0.0017381907,0.9957962,0.18452218,-0.013078183,0.014241219,-0.00877136,0.0142863095,0.17385378,0.00018393993,0.00017753243,-0.002778858,0.003251806,-0.00025691092,0.0008420944,0.012886897,0.0056479946,0.0065802634,0.017180532,0.006694734,-0.015229672,0.009882815,0.997017,0.9273021,-0.00038294494,-0.00069506466,0.016692445,0.11565551,0.021745324,0.16069159,0.015903741,0.19579399,0.013529122,0.16685236,0.008199453,-0.00096830726,0.013707742,0.007380843,0.011519462,0.003713727,0.012762979,0.005012423,0.013535202,-0.0069389343,0.0074840784,0.0119383335,-0.0002591014,0.016289871,-0.0023177639,0.016103938,0.03669727,0.019585297,0.044896875,0.0078815445,0.021261849,0.019522019,0.020010725,-0.007869422,0.0005095005,-0.014050871,0.005584087,-0.019454716,0.013411898,-0.011621952,0.0119060725,0.013449803,0.018708348,0.008066952,0.009694301,0.008652806,0.01635167,0.00933373,0.016421415,0.009037107,0.01854363,0.017593369
0.8819082,0.019865438,0.76898247,0.10584289,0.42568612,0.05437765,0.0045368373,0.025007695,0.0037789792,0.02153033,0.009032652,0.004776716,0.0039883032,0.5584353,0.8773242,0.17353323,0.022297025,0.023656234,0.41086882,0.45588368,0.011823051,0.010164499,0.018534929,0.014710829,0.016101718,0.014434546,0.018089116,0.011841953,0.01270175,0.006486986,0.011939675,0.004398696,0.0076365247,0.28024957,0.58750504,0.49031767,0.38455462,0.07283255,0.010784715,0.030353885,0.0114963055,0.35401654,0.01038,0.018641777,0.017974615,0.02932132,0.14197999,0.21652159,0.0142477155,0.015535444,0.098276794,0.08012307,0.013290793,0.14790443,0.0112251155,0.028662741,0.011798218,0.020143405,0.792959,0.26751477,0.3772809,0.5228254,0.06426349,0.37103793,0.0080926865,0.12281692,0.0010838211,0.07891762,0.79731613,0.6779448,0.86591804,0.1361785,0.012711614,0.48740637,0.012505382,0.3535232,0.01146923,0.01701048,0.0035496354,0.15291728,0.008242905,0.014445066,0.010529578,0.00747771,0.021227006,0.0067655444,0.010253668,0.0033530295,0.010191299,0.00373739,0.01154691,0.0063898116,0.005356729,0.0072729588,0.98093593,0.41259003,0.012296684,0.012401938,0.0116852205,0.01010254,0.010482252,0.01167807,0.004766166,0.011125753,0.0006849766,0.003361851,0.010163784,0.012396507,0.93939173,0.78438276,0.015868574,0.009617351,0.005612448,0.019356683,2.783537e-05,0.031499505,0.0048686955,0.12678099,0.07932186,0.13176778,0.0038605705,0.20837778,0.007223308,0.19479561,0.017330736,0.035533324,0.005329013,0.016146079,0.005035013,0.011316024,0.0050240457,0.0111094415,0.005829502,0.021443397,0.010325164,0.016368419,0.010540068,0.014721081,0.010629043,0.017748833,0.12863974,0.028110802,0.024118878,0.040022135,0.5556283,0.032040775,0.010729525,0.017335504,0.009794384,0.012506619,0.012688145,0.014352966,0.0075712204,0.017921418,0.019965649,0.05550438,0.005580008,0.08207624,0.009128496,0.02700165,0.026312348,0.11005403,0.5531196,0.047427237,0.47142872,0.21390083
0.92211175,0.1410001,0.9198187,0.054688573,0.37241122,0.0023764335,0.010587402,0.050157398,0.029598657,0.028518364,-0.017187297,0.020699464,-0.010024741,0.538353,0.6482441,0.7180916,0.5492603,0.94996554,0.026997007,0.003182307,0.06939121,0.49501306,0.45788068,0.8932551,0.025042638,0.034721673,0.036952674,0.024411336,-0.01535292,0.026357561,0.0146796405,0.02109268,0.021613933,0.28806448,0.5599846,0.71364045,0.8146341,0.86878884,0.018448237,0.040462554,0.0011767372,0.035457745,0.021597125,0.03694216,0.8909536,0.8902128,0.93135965,0.60282665,0.6454575,0.9467293,0.6406321,0.25573322,0.057900324,0.036956284,0.0248342,0.37756145,0.015621439,0.64891815,0.79518104,0.41824794,0.836817,0.47243166,0.052119605,0.5519011,-0.010750182,0.14935918,-0.019577637,0.10262924,0.74292576,0.83490145,0.7834989,0.7721112,0.07143241,0.5078627,-0.00881999,0.35518688,0.014197495,-0.00051258504,0.007002473,0.1585797,0.012134284,0.029993266,0.021390542,0.024102714,0.00837679,0.10444975,0.025924936,0.033982337,0.013378978,0.01981543,0.015555775,0.03612806,-0.003558036,0.012717888,1.0030668,0.91404355,0.52565485,0.6391926,0.012610137,0.71076626,0.01625757,0.010719776,0.018666148,0.021558635,0.9805151,0.9729668,0.024976306,0.0029891431,0.9933289,1.0078607,1.0054078,0.9559761,1.0061419,0.98548603,1.0050936,1.0034629,0.032655217,0.9756156,0.09577462,0.97013354,-0.008581974,0.8999024,0.019825127,0.7979895,0.014482141,0.23981158,0.008264542,0.93039286,0.028744847,0.9493199,0.1463167,0.9555355,0.00049091876,0.9801055,-0.0034442805,0.01343821,0.023212416,0.1140517,-0.0043688715,0.1509856,0.018964723,0.89022404,0.02243441,0.90714306,-2.6121736e-05,0.24939558,0.30077344,0.77761704,0.04303588,0.1656678,0.029340744,0.051000774,0.09816033,0.85559267,0.38870388,0.97634816,0.028958738,0.950782,0.029368743,0.93473303,0.2524826,0.98991966,0.99050367,0.9849223,0.9442653,0.9692924
0.027020965,0.027009591,0.7651058,0.50664955,0.41970938,0.109752715,-0.0035269856,0.005043924,0.0017918348,0.008648396,0.0013514161,0.004370928,0.0059788823,0.5789703,0.8776558,0.7056199,0.5672116,0.9490961,0.4071877,0.44858292,0.06385397,0.4954241,0.46526906,0.8447983,0.003105849,0.009401217,0.006020069,0.012150705,-0.0002374649,0.007083535,0.0036642253,0.004110694,0.0050447583,0.3984228,0.61849874,0.7833153,0.39269984,0.8523631,0.007536888,0.017376304,0.008460999,0.46767518,0.007348329,0.008829296,0.019228756,0.12770736,0.17543727,0.751205,0.020486832,0.41768104,0.120009094,0.41100886,0.05076611,0.1398212,0.01231277,0.029351354,0.016826868,0.031016827,0.8027295,0.38104063,0.4099666,0.51287127,0.0372217,0.4063781,0.007190585,0.1969843,0.0072347224,0.09004259,0.79798454,0.8636986,0.4393493,0.8649534,0.034412205,0.4987849,0.004305452,0.33931607,0.012984961,0.008752629,0.02064788,0.32070255,0.0019943044,0.061605334,0.001328826,0.007345438,0.015111446,-0.0075423717,0.002451457,0.0037471652,0.0077049583,-0.009427397,0.008749962,0.023712397,0.0038574934,0.019214153,0.9997707,0.996047,0.1499462,0.6283512,0.0022304952,0.024285018,5.0842762e-05,0.02082026,0.051942527,0.007791713,0.99786294,1.0083555,0.00058323145,-0.0061474442,0.9980177,0.9971509,0.7795176,0.01050964,0.010542609,0.9795147,0.9980325,0.9978147,0.10449737,0.9617386,0.035960123,0.92766017,0.018478453,0.89716285,0.019752681,0.80300957,0.009050071,0.2520417,0.029995084,0.9512634,0.08456421,0.98263085,0.43492997,0.9772047,0.020238161,0.97143203,0.022202551,0.0068042874,0.0104084015,0.10169917,0.00665468,0.13376707,0.027238175,0.9106932,0.019745022,0.9137223,0.01766865,0.30262828,0.29848287,0.76297534,0.0361892,0.1467259,0.019765973,0.037350446,0.288441,0.8551642,0.98375964,0.99552554,0.7841638,0.98502254,0.3520643,0.9696656,0.9131361,0.9872712,1.0087693,1.0051806,1.0000796,0.99780303
0.8729517,0.047907315,0.7382033,0.03711143,0.078742385,0.017655566,0.029949307,0.0286979,0.026473254,0.03397152,0.026521374,0.0096538365,0.010438651,0.5654802,0.6097324,0.190565,0.02250886,0.027432442,0.027692206,0.009397283,-0.012531713,-0.022469044,-0.007935628,0.0069935024,0.0073590875,-0.0030486584,0.059360623,-0.02456674,0.014359504,0.015188709,0.013970166,0.0121659115,0.025386795,0.27503324,0.30943078,0.7308959,0.7471506,0.48406103,0.009322971,0.020048007,0.0021749139,0.016135216,0.015729547,0.009821147,0.15276581,0.19458874,0.014102638,0.62906843,0.0057312623,0.013703376,0.06880914,0.40421718,0.004303992,0.044488966,0.0100239515,0.029790163,-0.00047385693,0.028100818,0.79528403,0.26631162,0.19966835,0.44955513,-0.007215366,0.09017587,0.028899461,0.061978742,-0.0027953386,0.04949051,0.5337481,0.81580657,0.7750736,0.7768824,0.025879204,0.47902656,0.05273122,0.3392143,0.03153821,-0.0131979585,0.027874649,0.15395465,0.027133472,0.022106305,0.010878421,0.017728679,0.0037680268,0.024236366,0.01792667,0.016548365,0.011498511,0.012638211,0.9937533,-0.0017381907,0.9957962,0.18452218,-0.013078183,0.014241219,-0.00877136,0.0142863095,0.17385378,0.00018393993,0.00017753243,-0.002778858,0.003251806,-0.00025691092,0.0008420944,0.012886897,0.0056479946,0.0065802634,0.017180532,0.006694734,-0.015229672,0.009882815,0.997017,0.9273021,-0.00038294494,-0.00069506466,0.016692445,0.11565551,0.021745324,0.16069159,0.015903741,0.19579399,0.013529122,0.16685236,0.008199453,-0.00096830726,0.013707742,0.007380843,0.011519462,0.003713727,0.012762979,0.005012423,0.013535202,-0.0069389343,0.0074840784,0.0119383335,-0.0002591014,0.016289871,-0.0023177639,0.016103938,0.03669727,0.019585297,0.044896875,0.0078815445,0.021261849,0.019522019,0.020010725,-0.007869422,0.0005095005,-0.014050871,0.005584087,-0.019454716,0.013411898,-0.011621952,0.0119060725,0.013449803,0.018708348,0.008066952,0.009694301,0.008652806,0.01635167,0.00933373,0.016421415,0.009037107,0.01854363,0.017593369
0.8819082,0.019865438,0.76898247,0.10584289,0.42568612,0.05437765,0.0045368373,0.025007695,0.0037789792,0.02153033,0.009032652,0.004776716,0.0039883032,0.5584353,0.8773242,0.17353323,0.022297025,0.023656234,0.41086882,0.45588368,0.011823051,0.010164499,0.018534929,0.014710829,0.016101718,0.014434546,0.018089116,0.011841953,0.01270175,0.006486986,0.011939675,0.004398696,0.0076365247,0.28024957,0.58750504,0.49031767,0.38455462,0.07283255,0.010784715,0.030353885,0.0114963055,0.35401654,0.01038,0.018641777,0.017974615,0.02932132,0.14197999,0.21652159,0.0142477155,0.015535444,0.098276794,0.08012307,0.013290793,0.14790443,0.0112251155,0.028662741,0.011798218,0.020143405,0.792959,0.26751477,0.3772809,0.5228254,0.06426349,0.37103793,0.0080926865,0.12281692,0.0010838211,0.07891762,0.79731613,0.6779448,0.86591804,0.1361785,0.012711614,0.48740637,0.012505382,0.3535232,0.01146923,0.01701048,0.0035496354,0.15291728,0.008242905,0.014445066,0.010529578,0.00747771,0.021227006,0.0067655444,0.010253668,0.0033530295,0.010191299,0.00373739,0.01154691,0.0063898116,0.005356729,0.0072729588,0.98093593,0.41259003,0.012296684,0.012401938,0.0116852205,0.01010254,0.010482252,0.01167807,0.004766166,0.011125753,0.0006849766,0.003361851,0.010163784,0.012396507,0.93939173,0.78438276,0.015868574,0.009617351,0.005612448,0.019356683,2.783537e-05,0.031499505,0.0048686955,0.12678099,0.07932186,0.13176778,0.0038605705,0.20837778,0.007223308,0.19479561,0.017330736,0.035533324,0.005329013,0.016146079,0.005035013,0.011316024,0.0050240457,0.0111094415,0.005829502,0.021443397,0.010325164,0.016368419,0.010540068,0.014721081,0.010629043,0.017748833,0.12863974,0.028110802,0.024118878,0.040022135,0.5556283,0.032040775,0.010729525,0.017335504,0.009794384,0.012506619,0.012688145,0.014352966,0.0075712204,0.017921418,0.019965649,0.05550438,0.005580008,0.08207624,0.009128496,0.02700165,0.026312348,0.11005403,0.5531196,0.047427237,0.47142872,0.21390083
0.8680736,0.029582813,0.7647604,0.101799175,0.41782993,0.04549724,0.0011316091,0.02676928,0.021720529,0.035110682,0.0026248656,-0.006775245,0.0021879002,0.01605928,0.8655066,0.17414072,0.9354125,0.99575204,0.4791178,0.47191715,0.09256083,0.92997146,0.65295404,0.9670207,-0.00041902065,0.018580899,-0.00042816997,0.02418971,-0.00040614605,0.013327591,0.0010443628,0.015471518,0.0007597208,0.035393715,0.5546303,0.7306448,0.7382014,0.8862736,0.00776577,0.036997017,0.02074939,0.52137685,0.021117479,0.017794918,0.1650758,0.21155266,0.08755827,0.635964,0.012052447,0.13903618,0.013657719,0.41693503,0.004316926,0.14578238,0.0010294616,0.024585575,0.0010826215,0.02148518,0.9011342,0.25086528,0.37313312,0.45268452,0.055376828,0.38946337,0.010509133,0.14445204,0.0023030937,0.09636295,0.40693513,0.82324654,0.7764783,0.7787746,0.025337696,0.8047482,-0.000337027,0.022477716,0.031083435,0.016068876,0.0039506257,0.015986115,-1.2673438e-05,0.04245162,-0.00030383468,-0.0070765615,0.0008620769,0.024687588,0.0002938211,0.012243241,0.021343756,0.012698799,0.87398183,0.01074709,0.8170784,0.02676335,0.9803103,0.921173,0.14812428,0.4613882,0.02720557,0.0015265048,0.692589,0.017262578,0.46004274,0.0174396,1.0077661,1.0064539,0.00059485435,0.020857006,0.98581606,0.98830307,0.791829,0.0026865453,0.71244884,0.5026904,1.0076342,0.9889958,0.91022944,0.9897867,0.62332094,0.9484966,0.8066851,0.96970123,0.45229164,0.93087965,0.7084898,0.29407543,0.9743369,0.9577278,1.014437,1.0066059,0.98473716,1.001352,0.9726946,0.98364234,8.6426735e-07,0.025376797,-4.6133995e-05,0.110372424,0.009939693,0.15098159,0.20106927,0.92122006,0.13097292,0.92825115,0.6483099,0.34461707,0.5524899,0.998803,0.067977965,0.57884246,0.014884561,0.3877708,0.5985728,0.9651756,0.9857366,0.9883388,1.0093493,1.0096333,0.98633736,0.997581,1.0095046,0.9863337,0.9879789,1.0113673,0.9847933,0.98784506
0.8819082,0.019865438,0.76898247,0.10584289,0.42568612,0.05437765,0.0045368373,0.025007695,0.0037789792,0.02153033,0.009032652,0.004776716,0.0039883032,0.5584353,0.8773242,0.17353323,0.022297025,0.023656234,0.41086882,0.45588368,0.011823051,0.010164499,0.018534929,0.014710829,0.016101718,0.014434546,0.018089116,0.011841953,0.01270175,0.006486986,0.011939675,0.004398696,0.0076365247,0.28024957,0.58750504,0.49031767,0.38455462,0.07283255,0.010784715,0.030353885,0.0114963055,0.35401654,0.01038,0.018641777,0.017974615,0.02932132,0.14197999,0.21652159,0.0142477155,0.015535444,0.098276794,0.08012307,0.013290793,0.14790443,0.0112251155,0.028662741,0.011798218,0.020143405,0.792959,0.26751477,0.3772809,0.5228254,0.06426349,0.37103793,0.0080926865,0.12281692,0.0010838211,0.07891762,0.79731613,0.6779448,0.86591804,0.1361785,0.012711614,0.48740637,0.012505382,0.3535232,0.01146923,0.01701048,0.0035496354,0.15291728,0.008242905,0.014445066,0.010529578,0.00747771,0.021227006,0.0067655444,0.010253668,0.0033530295,0.010191299,0.00373739,0.01154691,0.0063898116,0.005356729,0.0072729588,0.98093593,0.41259003,0.012296684,0.012401938,0.0116852205,0.01010254,0.010482252,0.01167807,0.004766166,0.011125753,0.0006849766,0.003361851,0.010163784,0.012396507,0.93939173,0.78438276,0.015868574,0.009617351,0.005612448,0.019356683,2.783537e-05,0.031499505,0.0048686955,0.12678099,0.07932186,0.13176778,0.0038605705,0.20837778,0.007223308,0.19479561,0.017330736,0.035533324,0.005329013,0.016146079,0.005035013,0.011316024,0.0050240457,0.0111094415,0.005829502,0.021443397,0.010325164,0.016368419,0.010540068,0.014721081,0.010629043,0.017748833,0.12863974,0.028110802,0.024118878,0.040022135,0.5556283,0.032040775,0.010729525,0.017335504,0.009794384,0.012506619,0.012688145,0.014352966,0.0075712204,0.017921418,0.019965649,0.05550438,0.005580008,0.08207624,0.009128496,0.02700165,0.026312348,0.11005403,0.5531196,0.047427237,0.47142872,0.21390083
0.8729517,0.047907315,0.7382033,0.03711143,0.078742385,0.017655566,0.029949307,0.0286979,0.026473254,0.03397152,0.026521374,0.0096538365,0.010438651,0.5654802,0.6097324,0.190565,0.02250886,0.027432442,0.027692206,0.009397283,-0.012531713,-0.022469044,-0.007935628,0.0069935024,0.0073590875,-0.0030486584,0.059360623,-0.02456674,0.014359504,0.015188709,0.013970166,0.0121659115,0.025386795,0.27503324,0.30943078,0.7308959,0.7471506,0.48406103,0.009322971,0.020048007,0.0021749139,0.016135216,0.015729547,0.009821147,0.15276581,0.19458874,0.014102638,0.62906843,0.0057312623,0.013703376,0.06880914,0.40421718,0.004303992,0.044488966,0.0100239515,0.029790163,-0.00047385693,0.028100818,0.79528403,0.26631162,0.19966835,0.44955513,-0.007215366,0.09017587,0.028899461,0.061978742,-0.0027953386,0.04949051,0.5337481,0.81580657,0.7750736,0.7768824,0.025879204,0.47902656,0.05273122,0.3392143,0.03153821,-0.0131979585,0.027874649,0.15395465,0.027133472,0.022106305,0.010878421,0.017728679,0.0037680268,0.024236366,0.01792667,0.016548365,0.011498511,0.012638211,0.9937533,-0.0017381907,0.9957962,0.18452218,-0.013078183,0.014241219,-0.00877136,0.0142863095,0.17385378,0.00018393993,0.00017753243,-0.002778858,0.003251806,-0.00025691092,0.0008420944,0.012886897,0.0056479946,0.0065802634,0.017180532,0.006694734,-0.015229672,0.009882815,0.997017,0.9273021,-0.00038294494,-0.00069506466,0.016692445,0.11565551,0.021745324,0.16069159,0.015903741,0.19579399,0.013529122,0.16685236,0.008199453,-0.00096830726,0.013707742,0.007380843,0.011519462,0.003713727,0.012762979,0.005012423,0.013535202,-0.0069389343,0.0074840784,0.0119383335,-0.0002591014,0.016289871,-0.0023177639,0.016103938,0.03669727,0.019585297,0.044896875,0.0078815445,0.021261849,0.019522019,0.020010725,-0.007869422,0.0005095005,-0.014050871,0.005584087,-0.019454716,0.013411898,-0.011621952,0.0119060725,0.013449803,0.018708348,0.008066952,0.009694301,0.008652806,0.01635167,0.00933373,0.016421415,0.009037107,0.01854363,0.017593369
0.027020965,0.027009591,0.7651058,0.50664955,0.41970938,0.109752715,-0.0035269856,0.005043924,0.0017918348,0.008648396,0.0013514161,0.004370928,0.0059788823,0.5789703,0.8776558,0.7056199,0.5672116,0.9490961,0.4071877,0.44858292,0.06385397,0.4954241,0.46526906,0.8447983,0.003105849,0.009401217,0.006020069,0.012150705,-0.0002374649,0.007083535,0.0036642253,0.004110694,0.0050447583,0.3984228,0.61849874,0.7833153,0.39269984,0.8523631,0.007536888,0.017376304,0.008460999,0.46767518,0.007348329,0.008829296,0.019228756,0.12770736,0.17543727,0.751205,0.020486832,0.41768104,0.120009094,0.41100886,0.05076611,0.1398212,0.01231277,0.029351354,0.016826868,0.031016827,0.8027295,0.38104063,0.4099666,0.51287127,0.0372217,0.4063781,0.007190585,0.1969843,0.0072347224,0.09004259,0.79798454,0.8636986,0.4393493,0.8649534,0.034412205,0.4987849,0.004305452,0.33931607,0.012984961,0.008752629,0.02064788,0.32070255,0.0019943044,0.061605334,0.001328826,0.007345438,0.015111446,-0.0075423717,0.002451457,0.0037471652,0.0077049583,-0.009427397,0.008749962,0.023712397,0.0038574934,0.019214153,0.9997707,0.996047,0.1499462,0.6283512,0.0022304952,0.024285018,5.0842762e-05,0.02082026,0.051942527,0.007791713,0.99786294,1.0083555,0.00058323145,-0.0061474442,0.9980177,0.9971509,0.7795176,0.01050964,0.010542609,0.9795147,0.9980325,0.9978147,0.10449737,0.9617386,0.035960123,0.92766017,0.018478453,0.89716285,0.019752681,0.80300957,0.009050071,0.2520417,0.029995084,0.9512634,0.08456421,0.98263085,0.43492997,0.9772047,0.020238161,0.97143203,0.022202551,0.0068042874,0.0104084015,0.10169917,0.00665468,0.13376707,0.027238175,0.9106932,0.019745022,0.9137223,0.01766865,0.30262828,0.29848287,0.76297534,0.0361892,0.1467259,0.019765973,0.037350446,0.288441,0.8551642,0.98375964,0.99552554,0.7841638,0.98502254,0.3520643,0.9696656,0.9131361,0.9872712,1.0087693,1.0051806,1.0000796,0.99780303
0.8680736,0.029582813,0.7647604,0.101799175,0.41782993,0.04549724,0.0011316091,0.02676928,0.021720529,0.035110682,0.0026248656,-0.006775245,0.0021879002,0.01605928,0.8655066,0.17414072,0.9354125,0.99575204,0.4791178,0.47191715,0.09256083,0.92997146,0.65295404,0.9670207,-0.00041902065,0.018580899,-0.00042816997,0.02418971,-0.00040614605,0.013327591,0.0010443628,0.015471518,0.0007597208,0.035393715,0.5546303,0.7306448,0.7382014,0.8862736,0.00776577,0.036997017,0.02074939,0.52137685,0.021117479,0.017794918,0.1650758,0.21155266,0.08755827,0.635964,0.012052447,0.13903618,0.013657719,0.41693503,0.004316926,0.14578238,0.0010294616,0.024585575,0.0010826215,0.02148518,0.9011342,0.25086528,0.37313312,0.45268452,0.055376828,0.38946337,0.010509133,0.14445204,0.0023030937,0.09636295,0.40693513,0.82324654,0.7764783,0.7787746,0.025337696,0.8047482,-0.000337027,0.022477716,0.031083435,0.016068876,0.0039506257,0.015986115,-1.2673438e-05,0.04245162,-0.00030383468,-0.0070765615,0.0008620769,0.024687588,0.0002938211,0.012243241,0.021343756,0.012698799,0.87398183,0.01074709,0.8170784,0.02676335,0.9803103,0.921173,0.14812428,0.4613882,0.02720557,0.0015265048,0.692589,0.017262578,0.46004274,0.0174396,1.0077661,1.0064539,0.00059485435,0.020857006,0.98581606,0.98830307,0.791829,0.0026865453,0.71244884,0.5026904,1.0076342,0.9889958,0.91022944,0.9897867,0.62332094,0.9484966,0.8066851,0.96970123,0.45229164,0.93087965,0.7084898,0.29407543,0.9743369,0.9577278,1.014437,1.0066059,0.98473716,1.001352,0.9726946,0.98364234,8.6426735e-07,0.025376797,-4.6133995e-05,0.110372424,0.009939693,0.15098159,0.20106927,0.92122006,0.13097292,0.92825115,0.6483099,0.34461707,0.5524899,0.998803,0.067977965,0.57884246,0.014884561,0.3877708,0.5985728,0.9651756,0.9857366,0.9883388,1.0093493,1.0096333,0.98633736,0.997581,1.0095046,0.9863337,0.9879789,1.0113673,0.9847933,0.98784506
0.92211175,0.1410001,0.9198187,0.054688573,0.37241122,0.0023764335,0.010587402,0.050157398,0.029598657,0.028518364,-0.017187297,0.020699464,-0.010024741,0.538353,0.6482441,0.7180916,0.5492603,0.94996554,0.026997007,0.003182307,0.06939121,0.49501306,0.45788068,0.8932551,0.025042638,0.034721673,0.036952674,0.024411336,-0.01535292,0.026357561,0.0146796405,0.02109268,0.021613933,0.28806448,0.5599846,0.71364045,0.8146341,0.86878884,0.018448237,0.040462554,0.0011767372,0.035457745,0.021597125,0.03694216,0.8909536,0.8902128,0.93135965,0.60282665,0.6454575,0.9467293,0.6406321,0.25573322,0.057900324,0.036956284,0.0248342,0.37756145,0.015621439,0.64891815,0.79518104,0.41824794,0.836817,0.47243166,0.052119605,0.5519011,-0.010750182,0.14935918,-0.019577637,0.10262924,0.74292576,0.83490145,0.7834989,0.7721112,0.07143241,0.5078627,-0.00881999,0.35518688,0.014197495,-0.00051258504,0.007002473,0.1585797,0.012134284,0.029993266,0.021390542,0.024102714,0.00837679,0.10444975,0.025924936,0.033982337,0.013378978,0.01981543,0.015555775,0.03612806,-0.003558036,0.012717888,1.0030668,0.91404355,0.52565485,0.6391926,0.012610137,0.71076626,0.01625757,0.010719776,0.018666148,0.021558635,0.9805151,0.9729668,0.024976306,0.0029891431,0.9933289,1.0078607,1.0054078,0.9559761,1.0061419,0.98548603,1.0050936,1.0034629,0.032655217,0.9756156,0.09577462,0.97013354,-0.008581974,0.8999024,0.019825127,0.7979895,0.014482141,0.23981158,0.008264542,0.93039286,0.028744847,0.9493199,0.1463167,0.9555355,0.00049091876,0.9801055,-0.0034442805,0.01343821,0.023212416,0.1140517,-0.0043688715,0.1509856,0.018964723,0.89022404,0.02243441,0.90714306,-2.6121736e-05,0.24939558,0.30077344,0.77761704,0.04303588,0.1656678,0.029340744,0.051000774,0.09816033,0.85559267,0.38870388,0.97634816,0.028958738,0.950782,0.029368743,0.93473303,0.2524826,0.98991966,0.99050367,0.9849223,0.9442653,0.9692924
0.027020965,0.027009591,0.7651058,0.50664955,0.41970938,0.109752715,-0.0035269856,0.005043924,0.0017918348,0.008648396,0.0013514161,0.004370928,0.0059788823,0.5789703,0.8776558,0.7056199,0.5672116,0.9490961,0.4071877,0.44858292,0.06385397,0.4954241,0.46526906,0.8447983,0.003105849,0.009401217,0.006020069,0.012150705,-0.0002374649,0.007083535,0.0036642253,0.004110694,0.0050447583,0.3984228,0.61849874,0.7833153,0.39269984,0.8523631,0.007536888,0.017376304,0.008460999,0.46767518,0.007348329,0.008829296,0.019228756,0.12770736,0.17543727,0.751205,0.020486832,0.41768104,0.120009094,0.41100886,0.05076611,0.1398212,0.01231277,0.029351354,0.016826868,0.031016827,0.8027295,0.38104063,0.4099666,0.51287127,0.0372217,0.4063781,0.007190585,0.1969843,0.0072347224,0.09004259,0.79798454,0.8636986,0.4393493,0.8649534,0.034412205,0.4987849,0.004305452,0.33931607,0.012984961,0.008752629,0.02064788,0.32070255,0.0019943044,0.061605334,0.001328826,0.007345438,0.015111446,-0.0075423717,0.002451457,0.0037471652,0.0077049583,-0.009427397,0.008749962,0.023712397,0.0038574934,0.019214153,0.9997707,0.996047,0.1499462,0.6283512,0.0022304952,0.024285018,5.0842762e-05,0.02082026,0.051942527,0.007791713,0.99786294,1.0083555,0.00058323145,-0.0061474442,0.9980177,0.9971509,0.7795176,0.01050964,0.010542609,0.9795147,0.9980325,0.9978147,0.10449737,0.9617386,0.035960123,0.92766017,0.018478453,0.89716285,0.019752681,0.80300957,0.009050071,0.2520417,0.029995084,0.9512634,0.08456421,0.98263085,0.43492997,0.9772047,0.020238161,0.97143203,0.022202551,0.0068042874,0.0104084015,0.10169917,0.00665468,0.13376707,0.027238175,0.9106932,0.019745022,0.9137223,0.01766865,0.30262828,0.29848287,0.76297534,0.0361892,0.1467259,0.019765973,0.037350446,0.288441,0.8551642,0.98375964,0.99552554,0.7841638,0.98502254,0.3520643,0.9696656,0.9131361,0.9872712,1.0087693,1.0051806,1.0000796,0.99780303
0.8819082,0.019865438,0.76898247,0.10584289,0.42568612,0.05437765,0.0045368373,0.025007695,0.0037789792,0.02153033,0.009032652,0.004776716,0.0039883032,0.5584353,0.8773242,0.17353323,0.022297025,0.023656234,0.41086882,0.45588368,0.011823051,0.010164499,0.018534929,0.014710829,0.016101718,0.014434546,0.018089116,0.011841953,0.01270175,0.006486986,0.011939675,0.004398696,0.0076365247,0.28024957,0.58750504,0.49031767,0.38455462,0.07283255,0.010784715,0.030353885,0.0114963055,0.35401654,0.01038,0.018641777,0.017974615,0.02932132,0.14197999,0.21652159,0.0142477155,0.015535444,0.098276794,0.08012307,0.013290793,0.14790443,0.0112251155,0.028662741,0.011798218,0.020143405,0.792959,0.26751477,0.3772809,0.5228254,0.06426349,0.37103793,0.0080926865,0.12281692,0.0010838211,0.07891762,0.79731613,0.6779448,0.86591804,0.1361785,0.012711614,0.48740637,0.012505382,0.3535232,0.01146923,0.01701048,0.0035496354,0.15291728,0.008242905,0.014445066,0.010529578,0.00747771,0.021227006,0.0067655444,0.010253668,0.0033530295,0.010191299,0.00373739,0.01154691,0.0063898116,0.005356729,0.0072729588,0.98093593,0.41259003,0.012296684,0.012401938,0.0116852205,0.01010254,0.010482252,0.01167807,0.004766166,0.011125753,0.0006849766,0.003361851,0.010163784,0.012396507,0.93939173,0.78438276,0.015868574,0.009617351,0.005612448,0.019356683,2.783537e-05,0.031499505,0.0048686955,0.12678099,0.07932186,0.13176778,0.0038605705,0.20837778,0.007223308,0.19479561,0.017330736,0.035533324,0.005329013,0.016146079,0.005035013,0.011316024,0.0050240457,0.0111094415,0.005829502,0.021443397,0.010325164,0.016368419,0.010540068,0.014721081,0.010629043,0.017748833,0.12863974,0.028110802,0.024118878,0.040022135,0.5556283,0.032040775,0.010729525,0.017335504,0.009794384,0.012506619,0.012688145,0.014352966,0.0075712204,0.017921418,0.019965649,0.05550438,0.005580008,0.08207624,0.009128496,0.02700165,0.026312348,0.11005403,0.5531196,0.047427237,0.47142872,0.21390083
0.8729517,0.047907315,0.7382033,0.03711143,0.078742385,0.017655566,0.029949307,0.0286979,0.026473254,0.03397152,0.026521374,0.0096538365,0.010438651,0.5654802,0.6097324,0.190565,0.02250886,0.027432442,0.027692206,0.009397283,-0.012531713,-0.022469044,-0.007935628,0.0069935024,0.0073590875,-0.0030486584,0.059360623,-0.02456674,0.014359504,0.015188709,0.013970166,0.0121659115,0.025386795,0.27503324,0.30943078,0.7308959,0.7471506,0.48406103,0.009322971,0.020048007,0.0021749139,0.016135216,0.015729547,0.009821147,0.15276581,0.19458874,0.014102638,0.62906843,0.0057312623,0.013703376,0.06880914,0.40421718,0.004303992,0.044488966,0.0100239515,0.029790163,-0.00047385693,0.028100818,0.79528403,0.26631162,0.19966835,0.44955513,-0.007215366,0.09017587,0.028899461,0.061978742,-0.0027953386,0.04949051,0.5337481,0.81580657,0.7750736,0.7768824,0.025879204,0.47902656,0.05273122,0.3392143,0.03153821,-0.0131979585,0.027874649,0.15395465,0.027133472,0.022106305,0.010878421,0.017728679,0.0037680268,0.024236366,0.01792667,0.016548365,0.011498511,0.012638211,0.9937533,-0.0017381907,0.9957962,0.18452218,-0.013078183,0.014241219,-0.00877136,0.0142863095,0.17385378,0.00018393993,0.00017753243,-0.002778858,0.003251806,-0.00025691092,0.0008420944,0.012886897,0.0056479946,0.0065802634,0.017180532,0.006694734,-0.015229672,0.009882815,0.997017,0.9273021,-0.00038294494,-0.00069506466,0.016692445,0.11565551,0.021745324,0.16069159,0.015903741,0.19579399,0.013529122,0.16685236,0.008199453,-0.00096830726,0.013707742,0.007380843,0.011519462,0.003713727,0.012762979,0.005012423,0.013535202,-0.0069389343,0.0074840784,0.0119383335,-0.0002591014,0.016289871,-0.0023177639,0.016103938,0.03669727,0.019585297,0.044896875,0.0078815445,0.021261849,0.019522019,0.020010725,-0.007869422,0.0005095005,-0.014050871,0.005584087,-0.019454716,0.013411898,-0.011621952,0.0119060725,0.013449803,0.018708348,0.008066952,0.009694301,0.008652806,0.01635167,0.00933373,0.016421415,0.009037107,0.01854363,0.017593369
0.8680736,0.029582813,0.7647604,0.101799175,0.41782993,0.04549724,0.0011316091,0.02676928,0.021720529,0.035110682,0.0026248656,-0.006775245,0.0021879002,0.01605928,0.8655066,0.17414072,0.9354125,0.99575204,0.4791178,0.47191715,0.09256083,0.92997146,0.65295404,0.9670207,-0.00041902065,0.018580899,-0.00042816997,0.02418971,-0.00040614605,0.013327591,0.0010443628,0.015471518,0.0007597208,0.035393715,0.5546303,0.7306448,0.7382014,0.8862736,0.00776577,0.036997017,0.02074939,0.52137685,0.021117479,0.017794918,0.1650758,0.21155266,0.08755827,0.635964,0.012052447,0.13903618,0.013657719,0.41693503,0.004316926,0.14578238,0.0010294616,0.024585575,0.0010826215,0.02148518,0.9011342,0.25086528,0.37313312,0.45268452,0.055376828,0.38946337,0.010509133,0.14445204,0.0023030937,0.09636295,0.40693513,0.82324654,0.7764783,0.7787746,0.025337696,0.8047482,-0.000337027,0.022477716,0.031083435,0.016068876,0.0039506257,0.015986115,-1.2673438e-05,0.04245162,-0.00030383468,-0.0070765615,0.0008620769,0.024687588,0.0002938211,0.012243241,0.021343756,0.012698799,0.87398183,0.01074709,0.8170784,0.02676335,0.9803103,0.921173,0.14812428,0.4613882,0.02720557,0.0015265048,0.692589,0.017262578,0.46004274,0.0174396,1.0077661,1.0064539,0.00059485435,0.020857006,0.98581606,0.98830307,0.791829,0.0026865453,0.71244884,0.5026904,1.0076342,0.9889958,0.91022944,0.9897867,0.62332094,0.9484966,0.8066851,0.96970123,0.45229164,0.93087965,0.7084898,0.29407543,0.9743369,0.9577278,1.014437,1.0066059,0.98473716,1.001352,0.9726946,0.98364234,8.6426735e-07,0.025376797,-4.6133995e-05,0.110372424,0.009939693,0.15098159,0.20106927,0.92122006,0.13097292,0.92825115,0.6483099,0.34461707,0.5524899,0.998803,0.067977965,0.57884246,0.014884561,0.3877708,0.5985728,0.9651756,0.9857366,0.9883388,1.0093493,1.0096333,0.98633736,0.997581,1.0095046,0.9863337,0.9879789,1.0113673,0.9847933,0.98784506
0.92211163,0.14100017,0.91981876,0.054688424,0.37241125,0.0023764595,0.010587499,0.050157458,0.02959869,0.028518409,-0.01718722,0.020699516,-0.010024786,0.538353,0.6482441,0.7180916,0.5492603,0.94996536,0.026996955,0.0031823441,0.06939122,0.49501306,0.45788074,0.893255,0.025042787,0.034721687,0.036952592,0.024411388,-0.0153529495,0.026357621,0.014679685,0.021092635,0.021613967,0.28806442,0.55998456,0.71364045,0.8146341,0.86878884,0.018448172,0.04046259,0.0011767149,0.035457835,0.021597184,0.036942147,0.89095354,0.89021283,0.93135965,0.6028267,0.64545757,0.9467292,0.64063203,0.25573322,0.057900384,0.03695619,0.024834052,0.3775615,0.015621357,0.6489182,0.79518104,0.41824797,0.836817,0.47243163,0.052119598,0.5519012,-0.0107502565,0.14935926,-0.019577637,0.10262926,0.74292576,0.83490145,0.7834989,0.7721112,0.07143254,0.5078627,-0.00881996,0.35518685,0.014197521,-0.0005126521,0.007002428,0.15857977,0.012134343,0.029993132,0.021390691,0.024102677,0.008376773,0.10444975,0.025924891,0.033982262,0.013378963,0.019815385,0.015555846,0.03612812,-0.0035581253,0.012717828,1.0030668,0.91404355,0.52565485,0.63919246,0.012610272,0.71076643,0.01625757,0.010719806,0.018666208,0.021558769,0.9805151,0.9729669,0.02497627,0.002989173,0.99332905,1.0078607,1.0054078,0.9559761,1.0061418,0.98548603,1.0050937,1.0034629,0.03265527,0.9756155,0.095774636,0.97013354,-0.008581921,0.89990234,0.019825071,0.79798955,0.01448223,0.23981166,0.008264586,0.93039274,0.028744742,0.94931984,0.14631665,0.9555355,0.00049100816,0.9801053,-0.003444206,0.01343821,0.023212437,0.11405164,-0.0043689758,0.15098561,0.018964663,0.8902241,0.022434391,0.90714294,-2.6196241e-05,0.24939547,0.3007734,0.77761686,0.04303594,0.16566776,0.029340625,0.05100082,0.09816051,0.8555925,0.38870388,0.97634816,0.028958738,0.950782,0.029368773,0.93473303,0.2524826,0.9899198,0.9905038,0.9849223,0.94426525,0.96929234
0.8819082,0.019865438,0.76898247,0.10584289,0.42568612,0.05437765,0.0045368373,0.025007695,0.0037789792,0.02153033,0.009032652,0.004776716,0.0039883032,0.5584353,0.8773242,0.17353323,0.022297025,0.023656234,0.41086882,0.45588368,0.011823051,0.010164499,0.018534929,0.014710829,0.016101718,0.014434546,0.018089116,0.011841953,0.01270175,0.006486986,0.011939675,0.004398696,0.0076365247,0.28024957,0.58750504,0.49031767,0.38455462,0.07283255,0.010784715,0.030353885,0.0114963055,0.35401654,0.01038,0.018641777,0.017974615,0.02932132,0.14197999,0.21652159,0.0142477155,0.015535444,0.098276794,0.08012307,0.013290793,0.14790443,0.0112251155,0.028662741,0.011798218,0.020143405,0.792959,0.26751477,0.3772809,0.5228254,0.06426349,0.37103793,0.0080926865,0.12281692,0.0010838211,0.07891762,0.79731613,0.6779448,0.86591804,0.1361785,0.012711614,0.48740637,0.012505382,0.3535232,0.01146923,0.01701048,0.0035496354,0.15291728,0.008242905,0.014445066,0.010529578,0.00747771,0.021227006,0.0067655444,0.010253668,0.0033530295,0.010191299,0.00373739,0.01154691,0.0063898116,0.005356729,0.0072729588,0.98093593,0.41259003,0.012296684,0.012401938,0.0116852205,0.01010254,0.010482252,0.01167807,0.004766166,0.011125753,0.0006849766,0.003361851,0.010163784,0.012396507,0.93939173,0.78438276,0.015868574,0.009617351,0.005612448,0.019356683,2.783537e-05,0.031499505,0.0048686955,0.12678099,0.07932186,0.13176778,0.0038605705,0.20837778,0.007223308,0.19479561,0.017330736,0.035533324,0.005329013,0.016146079,0.005035013,0.011316024,0.0050240457,0.0111094415,0.005829502,0.021443397,0.010325164,0.016368419,0.010540068,0.014721081,0.010629043,0.017748833,0.12863974,0.028110802,0.024118878,0.040022135,0.5556283,0.032040775,0.010729525,0.017335504,0.009794384,0.012506619,0.012688145,0.014352966,0.0075712204,0.017921418,0.019965649,0.05550438,0.005580008,0.08207624,0.009128496,0.02700165,0.026312348,0.11005403,0.5531196,0.047427237,0.47142872,0.21390083
0.8680736,0.029582813,0.7647604,0.101799175,0.41782993,0.04549724,0.0011316091,0.02676928,0.021720529,0.035110682,0.0026248656,-0.006775245,0.0021879002,0.01605928,0.8655066,0.17414072,0.9354125,0.99575204,0.4791178,0.47191715,0.09256083,0.92997146,0.65295404,0.9670207,-0.00041902065,0.018580899,-0.00042816997,0.02418971,-0.00040614605,0.013327591,0.0010443628,0.015471518,0.0007597208,0.035393715,0.5546303,0.7306448,0.7382014,0.8862736,0.00776577,0.036997017,0.02074939,0.52137685,0.021117479,0.017794918,0.1650758,0.21155266,0.08755827,0.635964,0.012052447,0.13903618,0.013657719,0.41693503,0.004316926,0.14578238,0.0010294616,0.024585575,0.0010826215,0.02148518,0.9011342,0.25086528,0.37313312,0.45268452,0.055376828,0.38946337,0.010509133,0.14445204,0.0023030937,0.09636295,0.40693513,0.82324654,0.7764783,0.7787746,0.025337696,0.8047482,-0.000337027,0.022477716,0.031083435,0.016068876,0.0039506257,0.015986115,-1.2673438e-05,0.04245162,-0.00030383468,-0.0070765615,0.0008620769,0.024687588,0.0002938211,0.012243241,0.021343756,0.012698799,0.87398183,0.01074709,0.8170784,0.02676335,0.9803103,0.921173,0.14812428,0.4613882,0.02720557,0.0015265048,0.692589,0.017262578,0.46004274,0.0174396,1.0077661,1.0064539,0.00059485435,0.020857006,0.98581606,0.98830307,0.791829,0.0026865453,0.71244884,0.5026904,1.0076342,0.9889958,0.91022944,0.9897867,0.62332094,0.9484966,0.8066851,0.96970123,0.45229164,0.93087965,0.7084898,0.29407543,0.9743369,0.9577278,1.014437,1.0066059,0.98473716,1.001352,0.9726946,0.98364234,8.6426735e-07,0.025376797,-4.6133995e-05,0.110372424,0.009939693,0.15098159,0.20106927,0.92122006,0.13097292,0.92825115,0.6483099,0.34461707,0.5524899,0.998803,0.067977965,0.57884246,0.014884561,0.3877708,0.5985728,0.9651756,0.9857366,0.9883388,1.0093493,1.0096333,0.98633736,0.997581,1.0095046,0.9863337,0.9879789,1.0113673,0.9847933,0.98784506
0.8729517,0.047907315,0.7382033,0.03711143,0.078742385,0.017655566,0.029949307,0.0286979,0.026473254,0.03397152,0.026521374,0.0096538365,0.010438651,0.5654802,0.6097324,0.190565,0.02250886,0.027432442,0.027692206,0.009397283,-0.012531713,-0.022469044,-0.007935628,0.0069935024,0.0073590875,-0.0030486584,0.059360623,-0.02456674,0.014359504,0.015188709,0.013970166,0.0121659115,0.025386795,0.27503324,0.30943078,0.7308959,0.7471506,0.48406103,0.009322971,0.020048007,0.0021749139,0.016135216,0.015729547,0.009821147,0.15276581,0.19458874,0.014102638,0.62906843,0.0057312623,0.013703376,0.06880914,0.40421718,0.004303992,0.044488966,0.0100239515,0.029790163,-0.00047385693,0.028100818,0.79528403,0.26631162,0.19966835,0.44955513,-0.007215366,0.09017587,0.028899461,0.061978742,-0.0027953386,0.04949051,0.5337481,0.81580657,0.7750736,0.7768824,0.025879204,0.47902656,0.05273122,0.3392143,0.03153821,-0.0131979585,0.027874649,0.15395465,0.027133472,0.022106305,0.010878421,0.017728679,0.0037680268,0.024236366,0.01792667,0.016548365,0.011498511,0.012638211,0.9937533,-0.0017381907,0.9957962,0.18452218,-0.013078183,0.014241219,-0.00877136,0.0142863095,0.17385378,0.00018393993,0.00017753243,-0.002778858,0.003251806,-0.00025691092,0.0008420944,0.012886897,0.0056479946,0.0065802634,0.017180532,0.006694734,-0.015229672,0.009882815,0.997017,0.9273021,-0.00038294494,-0.00069506466,0.016692445,0.11565551,0.021745324,0.16069159,0.015903741,0.19579399,0.013529122,0.16685236,0.008199453,-0.00096830726,0.013707742,0.007380843,0.011519462,0.003713727,0.012762979,0.005012423,0.013535202,-0.0069389343,0.0074840784,0.0119383335,-0.0002591014,0.016289871,-0.0023177639,0.016103938,0.03669727,0.019585297,0.044896875,0.0078815445,0.021261849,0.019522019,0.020010725,-0.007869422,0.0005095005,-0.014050871,0.005584087,-0.019454716,0.013411898,-0.011621952,0.0119060725,0.013449803,0.018708348,0.008066952,0.009694301,0.008652806,0.01635167,0.00933373,0.016421415,0.009037107,0.01854363,0.017593369
0.92211175,0.1410001,0.91981864,0.054688558,0.37241113,0.0023764633,0.010587476,0.050157323,0.029598597,0.028518364,-0.017187256,0.02069942,-0.010024786,0.5383529,0.648244,0.7180916,0.54926026,0.94996536,0.026996985,0.0031822957,0.06939123,0.495013,0.45788062,0.89325523,0.025042653,0.034721605,0.036952667,0.02441135,-0.015352935,0.026357546,0.014679626,0.021092638,0.021613885,0.28806445,0.55998456,0.71364045,0.8146341,0.8687889,0.018448232,0.04046251,0.0011767037,0.035457805,0.021597099,0.03694214,0.89095366,0.8902128,0.93135965,0.6028268,0.6454575,0.94672924,0.64063203,0.25573316,0.05790034,0.036956258,0.02483426,0.37756145,0.015621383,0.64891815,0.7951811,0.41824794,0.836817,0.47243166,0.05211965,0.55190116,-0.010750212,0.14935923,-0.019577608,0.10262925,0.74292576,0.83490133,0.7834988,0.7721112,0.07143238,0.5078627,-0.008820012,0.3551869,0.014197482,-0.00051264465,0.007002458,0.15857966,0.0121343285,0.029993072,0.021390572,0.024102692,0.008376742,0.10444967,0.025924891,0.033982307,0.013379037,0.019815393,0.015555775,0.03612806,-0.0035579987,0.012717798,1.0030668,0.9140436,0.5256548,0.6391926,0.01261013,0.7107663,0.01625748,0.010719761,0.018666089,0.021558672,0.9805152,0.97296685,0.024976315,0.0029890984,0.993329,1.0078605,1.0054078,0.955976,1.0061419,0.9854859,1.0050937,1.0034629,0.032655276,0.9756155,0.09577459,0.97013366,-0.008581897,0.89990234,0.019825093,0.7979895,0.01448223,0.23981169,0.0082645565,0.9303928,0.028744772,0.9493199,0.14631668,0.9555354,0.00049094856,0.9801054,-0.003444355,0.013438106,0.0232124,0.11405158,-0.004368834,0.1509856,0.018964782,0.890224,0.022434477,0.90714306,-2.6062131e-05,0.24939555,0.30077344,0.777617,0.043035895,0.16566783,0.0293407,0.051000826,0.09816043,0.8555926,0.3887039,0.97634816,0.0289587,0.950782,0.029368728,0.93473303,0.25248253,0.9899198,0.99050367,0.9849224,0.94426537,0.96929246
0.027020965,0.027009591,0.7651058,0.50664955,0.41970938,0.109752715,-0.0035269856,0.005043924,0.0017918348,0.008648396,0.0013514161,0.004370928,0.0059788823,0.5789703,0.8776558,0.7056199,0.5672116,0.9490961,0.4071877,0.44858292,0.06385397,0.4954241,0.46526906,0.8447983,0.003105849,0.009401217,0.006020069,0.012150705,-0.0002374649,0.007083535,0.0036642253,0.004110694,0.0050447583,0.3984228,0.61849874,0.7833153,0.39269984,0.8523631,0.007536888,0.017376304,0.008460999,0.46767518,0.007348329,0.008829296,0.019228756,0.12770736,0.17543727,0.751205,0.020486832,0.41768104,0.120009094,0.41100886,0.05076611,0.1398212,0.01231277,0.029351354,0.016826868,0.031016827,0.8027295,0.38104063,0.4099666,0.51287127,0.0372217,0.4063781,0.007190585,0.1969843,0.0072347224,0.09004259,0.79798454,0.8636986,0.4393493,0.8649534,0.034412205,0.4987849,0.004305452,0.33931607,0.012984961,0.008752629,0.02064788,0.32070255,0.0019943044,0.061605334,0.001328826,0.007345438,0.015111446,-0.0075423717,0.002451457,0.0037471652,0.0077049583,-0.009427397,0.008749962,0.023712397,0.0038574934,0.019214153,0.9997707,0.996047,0.1499462,0.6283512,0.0022304952,0.024285018,5.0842762e-05,0.02082026,0.051942527,0.007791713,0.99786294,1.0083555,0.00058323145,-0.0061474442,0.9980177,0.9971509,0.7795176,0.01050964,0.010542609,0.9795147,0.9980325,0.9978147,0.10449737,0.9617386,0.035960123,0.92766017,0.018478453,0.89716285,0.019752681,0.80300957,0.009050071,0.2520417,0.029995084,0.9512634,0.08456421,0.98263085,0.43492997,0.9772047,0.020238161,0.97143203,0.022202551,0.0068042874,0.0104084015,0.10169917,0.00665468,0.13376707,0.027238175,0.9106932,0.019745022,0.9137223,0.01766865,0.30262828,0.29848287,0.76297534,0.0361892,0.1467259,0.019765973,0.037350446,0.288441,0.8551642,0.98375964,0.99552554,0.7841638,0.98502254,0.3520643,0.9696656,0.9131361,0.9872712,1.0087693,1.0051806,1.0000796,0.99780303
0.027020965,0.027009591,0.7651058,0.50664955,0.41970938,0.109752715,-0.0035269856,0.005043924,0.0017918348,0.008648396,0.0013514161,0.004370928,0.0059788823,0.5789703,0.8776558,0.7056199,0.5672116,0.9490961,0.4071877,0.44858292,0.06385397,0.4954241,0.46526906,0.8447983,0.003105849,0.009401217,0.006020069,0.012150705,-0.0002374649,0.007083535,0.0036642253,0.004110694,0.0050447583,0.3984228,0.61849874,0.7833153,0.39269984,0.8523631,0.007536888,0.017376304,0.008460999,0.46767518,0.007348329,0.008829296,0.019228756,0.12770736,0.17543727,0.751205,0.020486832,0.41768104,0.120009094,0.41100886,0.05076611,0.1398212,0.01231277,0.029351354,0.016826868,0.031016827,0.8027295,0.38104063,0.4099666,0.51287127,0.0372217,0.4063781,0.007190585,0.1969843,0.0072347224,0.09004259,0.79798454,0.8636986,0.4393493,0.8649534,0.034412205,0.4987849,0.004305452,0.33931607,0.012984961,0.008752629,0.02064788,0.32070255,0.0019943044,0.061605334,0.001328826,0.007345438,0.015111446,-0.0075423717,0.002451457,0.0037471652,0.0077049583,-0.009427397,0.008749962,0.023712397,0.0038574934,0.019214153,0.9997707,0.996047,0.1499462,0.6283512,0.0022304952,0.024285018,5.0842762e-05,0.02082026,0.051942527,0.007791713,0.99786294,1.0083555,0.00058323145,-0.0061474442,0.9980177,0.9971509,0.7795176,0.01050964,0.010542609,0.9795147,0.9980325,0.9978147,0.10449737,0.9617386,0.035960123,0.92766017,0.018478453,0.89716285,0.019752681,0.80300957,0.009050071,0.2520417,0.029995084,0.9512634,0.08456421,0.98263085,0.43492997,0.9772047,0.020238161,0.97143203,0.022202551,0.0068042874,0.0104084015,0.10169917,0.00665468,0.13376707,0.027238175,0.9106932,0.019745022,0.9137223,0.01766865,0.30262828,0.29848287,0.76297534,0.0361892,0.1467259,0.019765973,0.037350446,0.288441,0.8551642,0.98375964,0.99552554,0.7841638,0.98502254,0.3520643,0.9696656,0.9131361,0.9872712,1.0087693,1.0051806,1.0000796,0.99780303
0.8680736,0.029582813,0.7647604,0.101799175,0.41782993,0.04549724,0.0011316091,0.02676928,0.021720529,0.035110682,0.0026248656,-0.006775245,0.0021879002,0.01605928,0.8655066,0.17414072,0.9354125,0.99575204,0.4791178,0.47191715,0.09256083,0.92997146,0.65295404,0.9670207,-0.00041902065,0.018580899,-0.00042816997,0.02418971,-0.00040614605,0.013327591,0.0010443628,0.015471518,0.0007597208,0.035393715,0.5546303,0.7306448,0.7382014,0.8862736,0.00776577,0.036997017,0.02074939,0.52137685,0.021117479,0.017794918,0.1650758,0.21155266,0.08755827,0.635964,0.012052447,0.13903618,0.013657719,0.41693503,0.004316926,0.14578238,0.0010294616,0.024585575,0.0010826215,0.02148518,0.9011342,0.25086528,0.37313312,0.45268452,0.055376828,0.38946337,0.010509133,0.14445204,0.0023030937,0.09636295,0.40693513,0.82324654,0.7764783,0.7787746,0.025337696,0.8047482,-0.000337027,0.022477716,0.031083435,0.016068876,0.0039506257,0.015986115,-1.2673438e-05,0.04245162,-0.00030383468,-0.0070765615,0.0008620769,0.024687588,0.0002938211,0.012243241,0.021343756,0.012698799,0.87398183,0.01074709,0.8170784,0.02676335,0.9803103,0.921173,0.14812428,0.4613882,0.02720557,0.0015265048,0.692589,0.017262578,0.46004274,0.0174396,1.0077661,1.0064539,0.00059485435,0.020857006,0.98581606,0.98830307,0.791829,0.0026865453,0.71244884,0.5026904,1.0076342,0.9889958,0.91022944,0.9897867,0.62332094,0.9484966,0.8066851,0.96970123,0.45229164,0.93087965,0.7084898,0.29407543,0.9743369,0.9577278,1.014437,1.0066059,0.98473716,1.001352,0.9726946,0.98364234,8.6426735e-07,0.025376797,-4.6133995e-05,0.110372424,0.009939693,0.15098159,0.20106927,0.92122006,0.13097292,0.92825115,0.6483099,0.34461707,0.5524899,0.998803,0.067977965,0.57884246,0.014884561,0.3877708,0.5985728,0.9651756,0.9857366,0.9883388,1.0093493,1.0096333,0.98633736,0.997581,1.0095046,0.9863337,0.9879789,1.0113673,0.9847933,0.98784506
0.8819082,0.019865438,0.76898247,0.10584289,0.42568612,0.05437765,0.0045368373,0.025007695,0.0037789792,0.02153033,0.009032652,0.004776716,0.0039883032,0.5584353,0.8773242,0.17353323,0.022297025,0.023656234,0.41086882,0.45588368,0.011823051,0.010164499,0.018534929,0.014710829,0.016101718,0.014434546,0.018089116,0.011841953,0.01270175,0.006486986,0.011939675,0.004398696,0.0076365247,0.28024957,0.58750504,0.49031767,0.38455462,0.07283255,0.010784715,0.030353885,0.0114963055,0.35401654,0.01038,0.018641777,0.017974615,0.02932132,0.14197999,0.21652159,0.0142477155,0.015535444,0.098276794,0.08012307,0.013290793,0.14790443,0.0112251155,0.028662741,0.011798218,0.020143405,0.792959,0.26751477,0.3772809,0.5228254,0.06426349,0.37103793,0.0080926865,0.12281692,0.0010838211,0.07891762,0.79731613,0.6779448,0.86591804,0.1361785,0.012711614,0.48740637,0.012505382,0.3535232,0.01146923,0.01701048,0.0035496354,0.15291728,0.008242905,0.014445066,0.010529578,0.00747771,0.021227006,0.0067655444,0.010253668,0.0033530295,0.010191299,0.00373739,0.01154691,0.0063898116,0.005356729,0.0072729588,0.98093593,0.41259003,0.012296684,0.012401938,0.0116852205,0.01010254,0.010482252,0.01167807,0.004766166,0.011125753,0.0006849766,0.003361851,0.010163784,0.012396507,0.93939173,0.78438276,0.015868574,0.009617351,0.005612448,0.019356683,2.783537e-05,0.031499505,0.0048686955,0.12678099,0.07932186,0.13176778,0.0038605705,0.20837778,0.007223308,0.19479561,0.017330736,0.035533324,0.005329013,0.016146079,0.005035013,0.011316024,0.0050240457,0.0111094415,0.005829502,0.021443397,0.010325164,0.016368419,0.010540068,0.014721081,0.010629043,0.017748833,0.12863974,0.028110802,0.024118878,0.040022135,0.5556283,0.032040775,0.010729525,0.017335504,0.009794384,0.012506619,0.012688145,0.014352966,0.0075712204,0.017921418,0.019965649,0.05550438,0.005580008,0.08207624,0.009128496,0.02700165,0.026312348,0.11005403,0.5531196,0.047427237,0.47142872,0.21390083
0.8729517,0.047907315,0.7382033,0.03711143,0.078742385,0.017655566,0.029949307,0.0286979,0.026473254,0.03397152,0.026521374,0.0096538365,0.010438651,0.5654802,0.6097324,0.190565,0.02250886,0.027432442,0.027692206,0.009397283,-0.012531713,-0.022469044,-0.007935628,0.0069935024,0.0073590875,-0.0030486584,0.059360623,-0.02456674,0.014359504,0.015188709,0.013970166,0.0121659115,0.025386795,0.27503324,0.30943078,0.7308959,0.7471506,0.48406103,0.009322971,0.020048007,0.0021749139,0.016135216,0.015729547,0.009821147,0.15276581,0.19458874,0.014102638,0.62906843,0.0057312623,0.013703376,0.06880914,0.40421718,0.004303992,0.044488966,0.0100239515,0.029790163,-0.00047385693,0.028100818,0.79528403,0.26631162,0.19966835,0.44955513,-0.007215366,0.09017587,0.028899461,0.061978742,-0.0027953386,0.04949051,0.5337481,0.81580657,0.7750736,0.7768824,0.025879204,0.47902656,0.05273122,0.3392143,0.03153821,-0.0131979585,0.027874649,0.15395465,0.027133472,0.022106305,0.010878421,0.017728679,0.0037680268,0.024236366,0.01792667,0.016548365,0.011498511,0.012638211,0.9937533,-0.0017381907,0.9957962,0.18452218,-0.013078183,0.014241219,-0.00877136,0.0142863095,0.17385378,0.00018393993,0.00017753243,-0.002778858,0.003251806,-0.00025691092,0.0008420944,0.012886897,0.0056479946,0.0065802634,0.017180532,0.006694734,-0.015229672,0.009882815,0.997017,0.9273021,-0.00038294494,-0.00069506466,0.016692445,0.11565551,0.021745324,0.16069159,0.015903741,0.19579399,0.013529122,0.16685236,0.008199453,-0.00096830726,0.013707742,0.007380843,0.011519462,0.003713727,0.012762979,0.005012423,0.013535202,-0.0069389343,0.0074840784,0.0119383335,-0.0002591014,0.016289871,-0.0023177639,0.016103938,0.03669727,0.019585297,0.044896875,0.0078815445,0.021261849,0.019522019,0.020010725,-0.007869422,0.0005095005,-0.014050871,0.005584087,-0.019454716,0.013411898,-0.011621952,0.0119060725,0.013449803,0.018708348,0.008066952,0.009694301,0.008652806,0.01635167,0.00933373,0.016421415,0.009037107,0.01854363,0.017593369
0.92211175,0.1410001,0.9198187,0.054688573,0.37241122,0.0023764335,0.010587402,0.050157398,0.029598657,0.028518364,-0.017187297,0.020699464,-0.010024741,0.538353,0.6482441,0.7180916,0.5492603,0.94996554,0.026997007,0.003182307,0.06939121,0.49501306,0.45788068,0.8932551,0.025042638,0.034721673,0.036952674,0.024411336,-0.01535292,0.026357561,0.0146796405,0.02109268,0.021613933,0.28806448,0.5599846,0.71364045,0.8146341,0.86878884,0.018448237,0.040462554,0.0011767372,0.035457745,0.021597125,0.03694216,0.8909536,0.8902128,0.93135965,0.60282665,0.6454575,0.9467293,0.6406321,0.25573322,0.057900324,0.036956284,0.0248342,0.37756145,0.015621439,0.64891815,0.79518104,0.41824794,0.836817,0.47243166,0.052119605,0.5519011,-0.010750182,0.14935918,-0.019577637,0.10262924,0.74292576,0.83490145,0.7834989,0.7721112,0.07143241,0.5078627,-0.00881999,0.35518688,0.014197495,-0.00051258504,0.007002473,0.1585797,0.012134284,0.029993266,0.021390542,0.024102714,0.00837679,0.10444975,0.025924936,0.033982337,0.013378978,0.01981543,0.015555775,0.03612806,-0.003558036,0.012717888,1.0030668,0.91404355,0.52565485,0.6391926,0.012610137,0.71076626,0.01625757,0.010719776,0.018666148,0.021558635,0.9805151,0.9729668,0.024976306,0.0029891431,0.9933289,1.0078607,1.0054078,0.9559761,1.0061419,0.98548603,1.0050936,1.0034629,0.032655217,0.9756156,0.09577462,0.97013354,-0.008581974,0.8999024,0.019825127,0.7979895,0.014482141,0.23981158,0.008264542,0.93039286,0.028744847,0.9493199,0.1463167,0.9555355,0.00049091876,0.9801055,-0.0034442805,0.01343821,0.023212416,0.1140517,-0.0043688715,0.1509856,0.018964723,0.89022404,0.02243441,0.90714306,-2.6121736e-05,0.24939558,0.30077344,0.77761704,0.04303588,0.1656678,0.029340744,0.051000774,0.09816033,0.85559267,0.38870388,0.97634816,0.028958738,0.950782,0.029368743,0.93473303,0.2524826,0.98991966,0.99050367,0.9849223,0.9442653,0.9692924
0.027020965,0.027009591,0.7651058,0.50664955,0.41970938,0.109752715,-0.0035269856,0.005043924,0.0017918348,0.008648396,0.0013514161,0.004370928,0.0059788823,0.5789703,0.8776558,0.7056199,0.5672116,0.9490961,0.4071877,0.44858292,0.06385397,0.4954241,0.46526906,0.8447983,0.003105849,0.009401217,0.006020069,0.012150705,-0.0002374649,0.007083535,0.0036642253,0.004110694,0.0050447583,0.3984228,0.61849874,0.7833153,0.39269984,0.8523631,0.007536888,0.017376304,0.008460999,0.46767518,0.007348329,0.008829296,0.019228756,0.12770736,0.17543727,0.751205,0.020486832,0.41768104,0.120009094,0.41100886,0.05076611,0.1398212,0.01231277,0.029351354,0.016826868,0.031016827,0.8027295,0.38104063,0.4099666,0.51287127,0.0372217,0.4063781,0.007190585,0.1969843,0.0072347224,0.09004259,0.79798454,0.8636986,0.4393493,0.8649534,0.034412205,0.4987849,0.004305452,0.33931607,0.012984961,0.008752629,0.02064788,0.32070255,0.0019943044,0.061605334,0.001328826,0.007345438,0.015111446,-0.0075423717,0.002451457,0.0037471652,0.0077049583,-0.009427397,0.008749962,0.023712397,0.0038574934,0.019214153,0.9997707,0.996047,0.1499462,0.6283512,0.0022304952,0.024285018,5.0842762e-05,0.02082026,0.051942527,0.007791713,0.99786294,1.0083555,0.00058323145,-0.0061474442,0.9980177,0.9971509,0.7795176,0.01050964,0.010542609,0.9795147,0.9980325,0.9978147,0.10449737,0.9617386,0.035960123,0.92766017,0.018478453,0.89716285,0.019752681,0.80300957,0.009050071,0.2520417,0.029995084,0.9512634,0.08456421,0.98263085,0.43492997,0.9772047,0.020238161,0.97143203,0.022202551,0.0068042874,0.0104084015,0.10169917,0.00665468,0.13376707,0.027238175,0.9106932,0.019745022,0.9137223,0.01766865,0.30262828,0.29848287,0.76297534,0.0361892,0.1467259,0.019765973,0.037350446,0.288441,0.8551642,0.98375964,0.99552554,0.7841638,0.98502254,0.3520643,0.9696656,0.9131361,0.9872712,1.0087693,1.0051806,1.0000796,0.99780303
0.92211175,0.1410001,0.9198187,0.054688573,0.37241122,0.0023764335,0.010587402,0.050157398,0.029598657,0.028518364,-0.017187297,0.020699464,-0.010024741,0.538353,0.6482441,0.7180916,0.5492603,0.94996554,0.026997007,0.003182307,0.06939121,0.49501306,0.45788068,0.8932551,0.025042638,0.034721673,0.036952674,0.024411336,-0.01535292,0.026357561,0.0146796405,0.02109268,0.021613933,0.28806448,0.5599846,0.71364045,0.8146341,0.86878884,0.018448237,0.040462554,0.0011767372,0.035457745,0.021597125,0.03694216,0.8909536,0.8902128,0.93135965,0.60282665,0.6454575,0.9467293,0.6406321,0.25573322,0.057900324,0.036956284,0.0248342,0.37756145,0.015621439,0.64891815,0.79518104,0.41824794,0.836817,0.47243166,0.052119605,0.5519011,-0.010750182,0.14935918,-0.019577637,0.10262924,0.74292576,0.83490145,0.7834989,0.7721112,0.07143241,0.5078627,-0.00881999,0.35518688,0.014197495,-0.00051258504,0.007002473,0.1585797,0.012134284,0.029993266,0.021390542,0.024102714,0.00837679,0.10444975,0.025924936,0.033982337,0.013378978,0.01981543,0.015555775,0.03612806,-0.003558036,0.012717888,1.0030668,0.91404355,0.52565485,0.6391926,0.012610137,0.71076626,0.01625757,0.010719776,0.018666148,0.021558635,0.9805151,0.9729668,0.024976306,0.0029891431,0.9933289,1.0078607,1.0054078,0.9559761,1.0061419,0.98548603,1.0050936,1.0034629,0.032655217,0.9756156,0.09577462,0.97013354,-0.008581974,0.8999024,0.019825127,0.7979895,0.014482141,0.23981158,0.008264542,0.93039286,0.028744847,0.9493199,0.1463167,0.9555355,0.00049091876,0.9801055,-0.0034442805,0.01343821,0.023212416,0.1140517,-0.0043688715,0.1509856,0.018964723,0.89022404,0.02243441,0.90714306,-2.6121736e-05,0.24939558,0.30077344,0.77761704,0.04303588,0.1656678,0.029340744,0.051000774,0.09816033,0.85559267,0.38870388,0.97634816,0.028958738,0.950782,0.029368743,0.93473303,0.2524826,0.98991966,0.99050367,0.9849223,0.9442653,0.9692924
0.8729517,0.047907315,0.7382033,0.03711143,0.078742385,0.017655566,0.029949307,0.0286979,0.026473254,0.03397152,0.026521374,0.0096538365,0.010438651,0.5654802,0.6097324,0.190565,0.02250886,0.027432442,0.027692206,0.009397283,-0.012531713,-0.022469044,-0.007935628,0.0069935024,0.0073590875,-0.0030486584,0.059360623,-0.02456674,0.014359504,0.015188709,0.013970166,0.0121659115,0.025386795,0.27503324,0.30943078,0.7308959,0.7471506,0.48406103,0.009322971,0.020048007,0.0021749139,0.016135216,0.015729547,0.009821147,0.15276581,0.19458874,0.014102638,0.62906843,0.0057312623,0.013703376,0.06880914,0.40421718,0.004303992,0.044488966,0.0100239515,0.029790163,-0.00047385693,0.028100818,0.79528403,0.26631162,0.19966835,0.44955513,-0.007215366,0.09017587,0.028899461,0.061978742,-0.0027953386,0.04949051,0.5337481,0.81580657,0.7750736,0.7768824,0.025879204,0.47902656,0.05273122,0.3392143,0.03153821,-0.0131979585,0.027874649,0.15395465,0.027133472,0.022106305,0.010878421,0.017728679,0.0037680268,0.024236366,0.01792667,0.016548365,0.011498511,0.012638211,0.9937533,-0.0017381907,0.9957962,0.18452218,-0.013078183,0.014241219,-0.00877136,0.0142863095,0.17385378,0.00018393993,0.00017753243,-0.002778858,0.003251806,-0.00025691092,0.0008420944,0.012886897,0.0056479946,0.0065802634,0.017180532,0.006694734,-0.015229672,0.009882815,0.997017,0.9273021,-0.00038294494,-0.00069506466,0.016692445,0.11565551,0.021745324,0.16069159,0.015903741,0.19579399,0.013529122,0.16685236,0.008199453,-0.00096830726,0.013707742,0.007380843,0.011519462,0.003713727,0.012762979,0.005012423,0.013535202,-0.0069389343,0.0074840784,0.0119383335,-0.0002591014,0.016289871,-0.0023177639,0.016103938,0.03669727,0.019585297,0.044896875,0.0078815445,0.021261849,0.019522019,0.020010725,-0.007869422,0.0005095005,-0.014050871,0.005584087,-0.019454716,0.013411898,-0.011621952,0.0119060725,0.013449803,0.018708348,0.008066952,0.009694301,0.008652806,0.01635167,0.00933373,0.016421415,0.009037107,0.01854363,0.017593369
0.8819082,0.019865438,0.76898247,0.10584289,0.42568612,0.05437765,0.0045368373,0.025007695,0.0037789792,0.02153033,0.009032652,0.004776716,0.0039883032,0.5584353,0.8773242,0.17353323,0.022297025,0.023656234,0.41086882,0.45588368,0.011823051,0.010164499,0.018534929,0.014710829,0.016101718,0.014434546,0.018089116,0.011841953,0.01270175,0.006486986,0.011939675,0.004398696,0.0076365247,0.28024957,0.58750504,0.49031767,0.38455462,0.07283255,0.010784715,0.030353885,0.0114963055,0.35401654,0.01038,0.018641777,0.017974615,0.02932132,0.14197999,0.21652159,0.0142477155,0.015535444,0.098276794,0.08012307,0.013290793,0.14790443,0.0112251155,0.028662741,0.011798218,0.020143405,0.792959,0.26751477,0.3772809,0.5228254,0.06426349,0.37103793,0.0080926865,0.12281692,0.0010838211,0.07891762,0.79731613,0.6779448,0.86591804,0.1361785,0.012711614,0.48740637,0.012505382,0.3535232,0.01146923,0.01701048,0.0035496354,0.15291728,0.008242905,0.014445066,0.010529578,0.00747771,0.021227006,0.0067655444,0.010253668,0.0033530295,0.010191299,0.00373739,0.01154691,0.0063898116,0.005356729,0.0072729588,0.98093593,0.41259003,0.012296684,0.012401938,0.0116852205,0.01010254,0.010482252,0.01167807,0.004766166,0.011125753,0.0006849766,0.003361851,0.010163784,0.012396507,0.93939173,0.78438276,0.015868574,0.009617351,0.005612448,0.019356683,2.783537e-05,0.031499505,0.0048686955,0.12678099,0.07932186,0.13176778,0.0038605705,0.20837778,0.007223308,0.19479561,0.017330736,0.035533324,0.005329013,0.016146079,0.005035013,0.011316024,0.0050240457,0.0111094415,0.005829502,0.021443397,0.010325164,0.016368419,0.010540068,0.014721081,0.010629043,0.017748833,0.12863974,0.028110802,0.024118878,0.040022135,0.5556283,0.032040775,0.010729525,0.017335504,0.009794384,0.012506619,0.012688145,0.014352966,0.0075712204,0.017921418,0.019965649,0.05550438,0.005580008,0.08207624,0.009128496,0.02700165,0.026312348,0.11005403,0.5531196,0.047427237,0.47142872,0.21390083
0.8680736,0.029582813,0.7647604,0.101799175,0.41782993,0.04549724,0.0011316091,0.02676928,0.021720529,0.035110682,0.0026248656,-0.006775245,0.0021879002,0.01605928,0.8655066,0.17414072,0.9354125,0.99575204,0.4791178,0.47191715,0.09256083,0.92997146,0.65295404,0.9670207,-0.00041902065,0.018580899,-0.00042816997,0.02418971,-0.00040614605,0.013327591,0.0010443628,0.015471518,0.0007597208,0.035393715,0.5546303,0.7306448,0.7382014,0.8862736,0.00776577,0.036997017,0.02074939,0.52137685,0.021117479,0.017794918,0.1650758,0.21155266,0.08755827,0.635964,0.012052447,0.13903618,0.013657719,0.41693503,0.004316926,0.14578238,0.0010294616,0.024585575,0.0010826215,0.02148518,0.9011342,0.25086528,0.37313312,0.45268452,0.055376828,0.38946337,0.010509133,0.14445204,0.0023030937,0.09636295,0.40693513,0.82324654,0.7764783,0.7787746,0.025337696,0.8047482,-0.000337027,0.022477716,0.031083435,0.016068876,0.0039506257,0.015986115,-1.2673438e-05,0.04245162,-0.00030383468,-0.0070765615,0.0008620769,0.024687588,0.0002938211,0.012243241,0.021343756,0.012698799,0.87398183,0.01074709,0.8170784,0.02676335,0.9803103,0.921173,0.14812428,0.4613882,0.02720557,0.0015265048,0.692589,0.017262578,0.46004274,0.0174396,1.0077661,1.0064539,0.00059485435,0.020857006,0.98581606,0.98830307,0.791829,0.0026865453,0.71244884,0.5026904,1.0076342,0.9889958,0.91022944,0.9897867,0.62332094,0.9484966,0.8066851,0.96970123,0.45229164,0.93087965,0.7084898,0.29407543,0.9743369,0.9577278,1.014437,1.0066059,0.98473716,1.001352,0.9726946,0.98364234,8.6426735e-07,0.025376797,-4.6133995e-05,0.110372424,0.009939693,0.15098159,0.20106927,0.92122006,0.13097292,0.92825115,0.6483099,0.34461707,0.5524899,0.998803,0.067977965,0.57884246,0.014884561,0.3877708,0.5985728,0.9651756,0.9857366,0.9883388,1.0093493,1.0096333,0.98633736,0.997581,1.0095046,0.9863337,0.9879789,1.0113673,0.9847933,0.98784506
0.8819082,0.019865438,0.76898247,0.10584289,0.42568612,0.05437765,0.0045368373,0.025007695,0.0037789792,0.02153033,0.009032652,0.004776716,0.0039883032,0.5584353,0.8773242,0.17353323,0.022297025,0.023656234,0.41086882,0.45588368,0.011823051,0.010164499,0.018534929,0.014710829,0.016101718,0.014434546,0.018089116,0.011841953,0.01270175,0.006486986,0.011939675,0.004398696,0.0076365247,0.28024957,0.58750504,0.49031767,0.38455462,0.07283255,0.010784715,0.030353885,0.0114963055,0.35401654,0.01038,0.018641777,0.017974615,0.02932132,0.14197999,0.21652159,0.0142477155,0.015535444,0.098276794,0.08012307,0.013290793,0.14790443,0.0112251155,0.028662741,0.011798218,0.020143405,0.792959,0.26751477,0.3772809,0.5228254,0.06426349,0.37103793,0.0080926865,0.12281692,0.0010838211,0.07891762,0.79731613,0.6779448,0.86591804,0.1361785,0.012711614,0.48740637,0.012505382,0.3535232,0.01146923,0.01701048,0.0035496354,0.15291728,0.008242905,0.014445066,0.010529578,0.00747771,0.021227006,0.0067655444,0.010253668,0.0033530295,0.010191299,0.00373739,0.01154691,0.0063898116,0.005356729,0.0072729588,0.98093593,0.41259003,0.012296684,0.012401938,0.0116852205,0.01010254,0.010482252,0.01167807,0.004766166,0.011125753,0.0006849766,0.003361851,0.010163784,0.012396507,0.93939173,0.78438276,0.015868574,0.009617351,0.005612448,0.019356683,2.783537e-05,0.031499505,0.0048686955,0.12678099,0.07932186,0.13176778,0.0038605705,0.20837778,0.007223308,0.19479561,0.017330736,0.035533324,0.005329013,0.016146079,0.005035013,0.011316024,0.0050240457,0.0111094415,0.005829502,0.021443397,0.010325164,0.016368419,0.010540068,0.014721081,0.010629043,0.017748833,0.12863974,0.028110802,0.024118878,0.040022135,0.5556283,0.032040775,0.010729525,0.017335504,0.009794384,0.012506619,0.012688145,0.014352966,0.0075712204,0.017921418,0.019965649,0.05550438,0.005580008,0.08207624,0.009128496,0.02700165,0.026312348,0.11005403,0.5531196,0.047427237,0.47142872,0.21390083
0.8680736,0.029582813,0.7647604,0.101799175,0.41782993,0.04549724,0.0011316091,0.02676928,0.021720529,0.035110682,0.0026248656,-0.006775245,0.0021879002,0.01605928,0.8655066,0.17414072,0.9354125,0.99575204,0.4791178,0.47191715,0.09256083,0.92997146,0.65295404,0.9670207,-0.00041902065,0.018580899,-0.00042816997,0.02418971,-0.00040614605,0.013327591,0.0010443628,0.015471518,0.0007597208,0.035393715,0.5546303,0.7306448,0.7382014,0.8862736,0.00776577,0.036997017,0.02074939,0.52137685,0.021117479,0.017794918,0.1650758,0.21155266,0.08755827,0.635964,0.012052447,0.13903618,0.013657719,0.41693503,0.004316926,0.14578238,0.0010294616,0.024585575,0.0010826215,0.02148518,0.9011342,0.25086528,0.37313312,0.45268452,0.055376828,0.38946337,0.010509133,0.14445204,0.0023030937,0.09636295,0.40693513,0.82324654,0.7764783,0.7787746,0.025337696,0.8047482,-0.000337027,0.022477716,0.031083435,0.016068876,0.0039506257,0.015986115,-1.2673438e-05,0.04245162,-0.00030383468,-0.0070765615,0.0008620769,0.024687588,0.0002938211,0.012243241,0.021343756,0.012698799,0.87398183,0.01074709,0.8170784,0.02676335,0.9803103,0.921173,0.14812428,0.4613882,0.02720557,0.0015265048,0.692589,0.017262578,0.46004274,0.0174396,1.0077661,1.0064539,0.00059485435,0.020857006,0.98581606,0.98830307,0.791829,0.0026865453,0.71244884,0.5026904,1.0076342,0.9889958,0.91022944,0.9897867,0.62332094,0.9484966,0.8066851,0.96970123,0.45229164,0.93087965,0.7084898,0.29407543,0.9743369,0.9577278,1.014437,1.0066059,0.98473716,1.001352,0.9726946,0.98364234,8.6426735e-07,0.025376797,-4.6133995e-05,0.110372424,0.009939693,0.15098159,0.20106927,0.92122006,0.13097292,0.92825115,0.6483099,0.34461707,0.5524899,0.998803,0.067977965,0.57884246,0.014884561,0.3877708,0.5985728,0.9651756,0.9857366,0.9883388,1.0093493,1.0096333,0.98633736,0.997581,1.0095046,0.9863337,0.9879789,1.0113673,0.9847933,0.98784506
0.8729517,0.047907315,0.7382033,0.03711143,0.078742385,0.017655566,0.029949307,0.0286979,0.026473254,0.03397152,0.026521374,0.0096538365,0.010438651,0.5654802,0.6097324,0.190565,0.02250886,0.027432442,0.027692206,0.009397283,-0.012531713,-0.022469044,-0.007935628,0.0069935024,0.0073590875,-0.0030486584,0.059360623,-0.02456674,0.014359504,0.015188709,0.013970166,0.0121659115,0.025386795,0.27503324,0.30943078,0.7308959,0.7471506,0.48406103,0.009322971,0.020048007,0.0021749139,0.016135216,0.015729547,0.009821147,0.15276581,0.19458874,0.014102638,0.62906843,0.0057312623,0.013703376,0.06880914,0.40421718,0.004303992,0.044488966,0.0100239515,0.029790163,-0.00047385693,0.028100818,0.79528403,0.26631162,0.19966835,0.44955513,-0.007215366,0.09017587,0.028899461,0.061978742,-0.0027953386,0.04949051,0.5337481,0.81580657,0.7750736,0.7768824,0.025879204,0.47902656,0.05273122,0.3392143,0.03153821,-0.0131979585,0.027874649,0.15395465,0.027133472,0.022106305,0.010878421,0.017728679,0.0037680268,0.024236366,0.01792667,0.016548365,0.011498511,0.012638211,0.9937533,-0.0017381907,0.9957962,0.18452218,-0.013078183,0.014241219,-0.00877136,0.0142863095,0.17385378,0.00018393993,0.00017753243,-0.002778858,0.003251806,-0.00025691092,0.0008420944,0.012886897,0.0056479946,0.0065802634,0.017180532,0.006694734,-0.015229672,0.009882815,0.997017,0.9273021,-0.00038294494,-0.00069506466,0.016692445,0.11565551,0.021745324,0.16069159,0.015903741,0.19579399,0.013529122,0.16685236,0.008199453,-0.00096830726,0.013707742,0.007380843,0.011519462,0.003713727,0.012762979,0.005012423,0.013535202,-0.0069389343,0.0074840784,0.0119383335,-0.0002591014,0.016289871,-0.0023177639,0.016103938,0.03669727,0.019585297,0.044896875,0.0078815445,0.021261849,0.019522019,0.020010725,-0.007869422,0.0005095005,-0.014050871,0.005584087,-0.019454716,0.013411898,-0.011621952,0.0119060725,0.013449803,0.018708348,0.008066952,0.009694301,0.008652806,0.01635167,0.00933373,0.016421415,0.009037107,0.01854363,0.017593369
0.027020965,0.027009591,0.7651058,0.50664955,0.41970938,0.109752715,-0.0035269856,0.005043924,0.0017918348,0.008648396,0.0013514161,0.004370928,0.0059788823,0.5789703,0.8776558,0.7056199,0.5672116,0.9490961,0.4071877,0.44858292,0.06385397,0.4954241,0.46526906,0.8447983,0.003105849,0.009401217,0.006020069,0.012150705,-0.0002374649,0.007083535,0.0036642253,0.004110694,0.0050447583,0.3984228,0.61849874,0.7833153,0.39269984,0.8523631,0.007536888,0.017376304,0.008460999,0.46767518,0.007348329,0.008829296,0.019228756,0.12770736,0.17543727,0.751205,0.020486832,0.41768104,0.120009094,0.41100886,0.05076611,0.1398212,0.01231277,0.029351354,0.016826868,0.031016827,0.8027295,0.38104063,0.4099666,0.51287127,0.0372217,0.4063781,0.007190585,0.1969843,0.0072347224,0.09004259,0.79798454,0.8636986,0.4393493,0.8649534,0.034412205,0.4987849,0.004305452,0.33931607,0.012984961,0.008752629,0.02064788,0.32070255,0.0019943044,0.061605334,0.001328826,0.007345438,0.015111446,-0.0075423717,0.002451457,0.0037471652,0.0077049583,-0.009427397,0.008749962,0.023712397,0.0038574934,0.019214153,0.9997707,0.996047,0.1499462,0.6283512,0.0022304952,0.024285018,5.0842762e-05,0.02082026,0.051942527,0.007791713,0.99786294,1.0083555,0.00058323145,-0.0061474442,0.9980177,0.9971509,0.7795176,0.01050964,0.010542609,0.9795147,0.9980325,0.9978147,0.10449737,0.9617386,0.035960123,0.92766017,0.018478453,0.89716285,0.019752681,0.80300957,0.009050071,0.2520417,0.029995084,0.9512634,0.08456421,0.98263085,0.43492997,0.9772047,0.020238161,0.97143203,0.022202551,0.0068042874,0.0104084015,0.10169917,0.00665468,0.13376707,0.027238175,0.9106932,0.019745022,0.9137223,0.01766865,0.30262828,0.29848287,0.76297534,0.0361892,0.1467259,0.019765973,0.037350446,0.288441,0.8551642,0.98375964,0.99552554,0.7841638,0.98502254,0.3520643,0.9696656,0.9131361,0.9872712,1.0087693,1.0051806,1.0000796,0.99780303
0.92211175,0.1410001,0.9198187,0.054688573,0.37241122,0.0023764335,0.010587402,0.050157398,0.029598657,0.028518364,-0.017187297,0.020699464,-0.010024741,0.538353,0.6482441,0.7180916,0.5492603,0.94996554,0.026997007,0.003182307,0.06939121,0.49501306,0.45788068,0.8932551,0.025042638,0.034721673,0.036952674,0.024411336,-0.01535292,0.026357561,0.0146796405,0.02109268,0.021613933,0.28806448,0.5599846,0.71364045,0.8146341,0.86878884,0.018448237,0.040462554,0.0011767372,0.035457745,0.021597125,0.03694216,0.8909536,0.8902128,0.93135965,0.60282665,0.6454575,0.9467293,0.6406321,0.25573322,0.057900324,0.036956284,0.0248342,0.37756145,0.015621439,0.64891815,0.79518104,0.41824794,0.836817,0.47243166,0.052119605,0.5519011,-0.010750182,0.14935918,-0.019577637,0.10262924,0.74292576,0.83490145,0.7834989,0.7721112,0.07143241,0.5078627,-0.00881999,0.35518688,0.014197495,-0.00051258504,0.007002473,0.1585797,0.012134284,0.029993266,0.021390542,0.024102714,0.00837679,0.10444975,0.025924936,0.033982337,0.013378978,0.01981543,0.015555775,0.03612806,-0.003558036,0.012717888,1.0030668,0.91404355,0.52565485,0.6391926,0.012610137,0.71076626,0.01625757,0.010719776,0.018666148,0.021558635,0.9805151,0.9729668,0.024976306,0.0029891431,0.9933289,1.0078607,1.0054078,0.9559761,1.0061419,0.98548603,1.0050936,1.0034629,0.032655217,0.9756156,0.09577462,0.97013354,-0.008581974,0.8999024,0.019825127,0.7979895,0.014482141,0.23981158,0.008264542,0.93039286,0.028744847,0.9493199,0.1463167,0.9555355,0.00049091876,0.9801055,-0.0034442805,0.01343821,0.023212416,0.1140517,-0.0043688715,0.1509856,0.018964723,0.89022404,0.02243441,0.90714306,-2.6121736e-05,0.24939558,0.30077344,0.77761704,0.04303588,0.1656678,0.029340744,0.051000774,0.09816033,0.85559267,0.38870388,0.97634816,0.028958738,0.950782,0.029368743,0.93473303,0.2524826,0.98991966,0.99050367,0.9849223,0.9442653,0.9692924
0.92211175,0.1410001,0.9198187,0.054688573,0.37241122,0.0023764335,0.010587402,0.050157398,0.029598657,0.028518364,-0.017187297,0.020699464,-0.010024741,0.538353,0.6482441,0.7180916,0.5492603,0.94996554,0.026997007,0.003182307,0.06939121,0.49501306,0.45788068,0.8932551,0.025042638,0.034721673,0.036952674,0.024411336,-0.01535292,0.026357561,0.0146796405,0.02109268,0.021613933,0.28806448,0.5599846,0.71364045,0.8146341,0.86878884,0.018448237,0.040462554,0.0011767372,0.035457745,0.021597125,0.03694216,0.8909536,0.8902128,0.93135965,0.60282665,0.6454575,0.9467293,0.6406321,0.25573322,0.057900324,0.036956284,0.0248342,0.37756145,0.015621439,0.64891815,0.79518104,0.41824794,0.836817,0.47243166,0.052119605,0.5519011,-0.010750182,0.14935918,-0.019577637,0.10262924,0.74292576,0.83490145,0.7834989,0.7721112,0.07143241,0.5078627,-0.00881999,0.35518688,0.014197495,-0.00051258504,0.007002473,0.1585797,0.012134284,0.029993266,0.021390542,0.024102714,0.00837679,0.10444975,0.025924936,0.033982337,0.013378978,0.01981543,0.015555775,0.03612806,-0.003558036,0.012717888,1.0030668,0.91404355,0.52565485,0.6391926,0.012610137,0.71076626,0.01625757,0.010719776,0.018666148,0.021558635,0.9805151,0.9729668,0.024976306,0.0029891431,0.9933289,1.0078607,1.0054078,0.9559761,1.0061419,0.98548603,1.0050936,1.0034629,0.032655217,0.9756156,0.09577462,0.97013354,-0.008581974,0.8999024,0.019825127,0.7979895,0.014482141,0.23981158,0.008264542,0.93039286,0.028744847,0.9493199,0.1463167,0.9555355,0.00049091876,0.9801055,-0.0034442805,0.01343821,0.023212416,0.1140517,-0.0043688715,0.1509856,0.018964723,0.89022404,0.02243441,0.90714306,-2.6121736e-05,0.24939558,0.30077344,0.77761704,0.04303588,0.1656678,0.029340744,0.051000774,0.09816033,0.85559267,0.38870388,0.97634816,0.028958738,0.950782,0.029368743,0.93473303,0.2524826,0.98991966,0.99050367,0.9849223,0.9442653,0.9692924
0.8729517,0.047907315,0.7382033,0.03711143,0.078742385,0.017655566,0.029949307,0.0286979,0.026473254,0.03397152,0.026521374,0.0096538365,0.010438651,0.5654802,0.6097324,0.190565,0.02250886,0.027432442,0.027692206,0.009397283,-0.012531713,-0.022469044,-0.007935628,0.0069935024,0.0073590875,-0.0030486584,0.059360623,-0.02456674,0.014359504,0.015188709,0.013970166,0.0121659115,0.025386795,0.27503324,0.30943078,0.7308959,0.7471506,0.48406103,0.009322971,0.020048007,0.0021749139,0.016135216,0.015729547,0.009821147,0.15276581,0.19458874,0.014102638,0.62906843,0.0057312623,0.013703376,0.06880914,0.40421718,0.004303992,0.044488966,0.0100239515,0.029790163,-0.00047385693,0.028100818,0.79528403,0.26631162,0.19966835,0.44955513,-0.007215366,0.09017587,0.028899461,0.061978742,-0.0027953386,0.04949051,0.5337481,0.81580657,0.7750736,0.7768824,0.025879204,0.47902656,0.05273122,0.3392143,0.03153821,-0.0131979585,0.027874649,0.15395465,0.027133472,0.022106305,0.010878421,0.017728679,0.0037680268,0.024236366,0.01792667,0.016548365,0.011498511,0.012638211,0.9937533,-0.0017381907,0.9957962,0.18452218,-0.013078183,0.014241219,-0.00877136,0.0142863095,0.17385378,0.00018393993,0.00017753243,-0.002778858,0.003251806,-0.00025691092,0.0008420944,0.012886897,0.0056479946,0.0065802634,0.017180532,0.006694734,-0.015229672,0.009882815,0.997017,0.9273021,-0.00038294494,-0.00069506466,0.016692445,0.11565551,0.021745324,0.16069159,0.015903741,0.19579399,0.013529122,0.16685236,0.008199453,-0.00096830726,0.013707742,0.007380843,0.011519462,0.003713727,0.012762979,0.005012423,0.013535202,-0.0069389343,0.0074840784,0.0119383335,-0.0002591014,0.016289871,-0.0023177639,0.016103938,0.03669727,0.019585297,0.044896875,0.0078815445,0.021261849,0.019522019,0.020010725,-0.007869422,0.0005095005,-0.014050871,0.005584087,-0.019454716,0.013411898,-0.011621952,0.0119060725,0.013449803,0.018708348,0.008066952,0.009694301,0.008652806,0.01635167,0.00933373,0.016421415,0.009037107,0.01854363,0.017593369
0.027020965,0.027009591,0.7651058,0.50664955,0.41970938,0.109752715,-0.0035269856,0.005043924,0.0017918348,0.008648396,0.0013514161,0.004370928,0.0059788823,0.5789703,0.8776558,0.7056199,0.5672116,0.9490961,0.4071877,0.44858292,0.06385397,0.4954241,0.46526906,0.8447983,0.003105849,0.009401217,0.006020069,0.012150705,-0.0002374649,0.007083535,0.0036642253,0.004110694,0.0050447583,0.3984228,0.61849874,0.7833153,0.39269984,0.8523631,0.007536888,0.017376304,0.008460999,0.46767518,0.007348329,0.008829296,0.019228756,0.12770736,0.17543727,0.751205,0.020486832,0.41768104,0.120009094,0.41100886,0.05076611,0.1398212,0.01231277,0.029351354,0.016826868,0.031016827,0.8027295,0.38104063,0.4099666,0.51287127,0.0372217,0.4063781,0.007190585,0.1969843,0.0072347224,0.09004259,0.79798454,0.8636986,0.4393493,0.8649534,0.034412205,0.4987849,0.004305452,0.33931607,0.012984961,0.008752629,0.02064788,0.32070255,0.0019943044,0.061605334,0.001328826,0.007345438,0.015111446,-0.0075423717,0.002451457,0.0037471652,0.0077049583,-0.009427397,0.008749962,0.023712397,0.0038574934,0.019214153,0.9997707,0.996047,0.1499462,0.6283512,0.0022304952,0.024285018,5.0842762e-05,0.02082026,0.051942527,0.007791713,0.99786294,1.0083555,0.00058323145,-0.0061474442,0.9980177,0.9971509,0.7795176,0.01050964,0.010542609,0.9795147,0.9980325,0.9978147,0.10449737,0.9617386,0.035960123,0.92766017,0.018478453,0.89716285,0.019752681,0.80300957,0.009050071,0.2520417,0.029995084,0.9512634,0.08456421,0.98263085,0.43492997,0.9772047,0.020238161,0.97143203,0.022202551,0.0068042874,0.0104084015,0.10169917,0.00665468,0.13376707,0.027238175,0.9106932,0.019745022,0.9137223,0.01766865,0.30262828,0.29848287,0.76297534,0.0361892,0.1467259,0.019765973,0.037350446,0.288441,0.8551642,0.98375964,0.99552554,0.7841638,0.98502254,0.3520643,0.9696656,0.9131361,0.9872712,1.0087693,1.0051806,1.0000796,0.99780303
0.8819082,0.019865438,0.76898247,0.10584289,0.42568612,0.05437765,0.0045368373,0.025007695,0.0037789792,0.02153033,0.009032652,0.004776716,0.0039883032,0.5584353,0.8773242,0.17353323,0.022297025,0.023656234,0.41086882,0.45588368,0.011823051,0.010164499,0.018534929,0.014710829,0.016101718,0.014434546,0.018089116,0.011841953,0.01270175,0.006486986,0.011939675,0.004398696,0.0076365247,0.28024957,0.58750504,0.49031767,0.38455462,0.07283255,0.010784715,0.030353885,0.0114963055,0.35401654,0.01038,0.018641777,0.017974615,0.02932132,0.14197999,0.21652159,0.0142477155,0.015535444,0.098276794,0.08012307,0.013290793,0.14790443,0.0112251155,0.028662741,0.011798218,0.020143405,0.792959,0.26751477,0.3772809,0.5228254,0.06426349,0.37103793,0.0080926865,0.12281692,0.0010838211,0.07891762,0.79731613,0.6779448,0.86591804,0.1361785,0.012711614,0.48740637,0.012505382,0.3535232,0.01146923,0.01701048,0.0035496354,0.15291728,0.008242905,0.014445066,0.010529578,0.00747771,0.021227006,0.0067655444,0.010253668,0.0033530295,0.010191299,0.00373739,0.01154691,0.0063898116,0.005356729,0.0072729588,0.98093593,0.41259003,0.012296684,0.012401938,0.0116852205,0.01010254,0.010482252,0.01167807,0.004766166,0.011125753,0.0006849766,0.003361851,0.010163784,0.012396507,0.93939173,0.78438276,0.015868574,0.009617351,0.005612448,0.019356683,2.783537e-05,0.031499505,0.0048686955,0.12678099,0.07932186,0.13176778,0.0038605705,0.20837778,0.007223308,0.19479561,0.017330736,0.035533324,0.005329013,0.016146079,0.005035013,0.011316024,0.0050240457,0.0111094415,0.005829502,0.021443397,0.010325164,0.016368419,0.010540068,0.014721081,0.010629043,0.017748833,0.12863974,0.028110802,0.024118878,0.040022135,0.5556283,0.032040775,0.010729525,0.017335504,0.009794384,0.012506619,0.012688145,0.014352966,0.0075712204,0.017921418,0.019965649,0.05550438,0.005580008,0.08207624,0.009128496,0.02700165,0.026312348,0.11005403,0.5531196,0.047427237,0.47142872,0.21390083
0.8680736,0.029582813,0.7647604,0.101799175,0.41782993,0.04549724,0.0011316091,0.02676928,0.021720529,0.035110682,0.0026248656,-0.006775245,0.0021879002,0.01605928,0.8655066,0.17414072,0.9354125,0.99575204,0.4791178,0.47191715,0.09256083,0.92997146,0.65295404,0.9670207,-0.00041902065,0.018580899,-0.00042816997,0.02418971,-0.00040614605,0.013327591,0.0010443628,0.015471518,0.0007597208,0.035393715,0.5546303,0.7306448,0.7382014,0.8862736,0.00776577,0.036997017,0.02074939,0.52137685,0.021117479,0.017794918,0.1650758,0.21155266,0.08755827,0.635964,0.012052447,0.13903618,0.013657719,0.41693503,0.004316926,0.14578238,0.0010294616,0.024585575,0.0010826215,0.02148518,0.9011342,0.25086528,0.37313312,0.45268452,0.055376828,0.38946337,0.010509133,0.14445204,0.0023030937,0.09636295,0.40693513,0.82324654,0.7764783,0.7787746,0.025337696,0.8047482,-0.000337027,0.022477716,0.031083435,0.016068876,0.0039506257,0.015986115,-1.2673438e-05,0.04245162,-0.00030383468,-0.0070765615,0.0008620769,0.024687588,0.0002938211,0.012243241,0.021343756,0.012698799,0.87398183,0.01074709,0.8170784,0.02676335,0.9803103,0.921173,0.14812428,0.4613882,0.02720557,0.0015265048,0.692589,0.017262578,0.46004274,0.0174396,1.0077661,1.0064539,0.00059485435,0.020857006,0.98581606,0.98830307,0.791829,0.0026865453,0.71244884,0.5026904,1.0076342,0.9889958,0.91022944,0.9897867,0.62332094,0.9484966,0.8066851,0.96970123,0.45229164,0.93087965,0.7084898,0.29407543,0.9743369,0.9577278,1.014437,1.0066059,0.98473716,1.001352,0.9726946,0.98364234,8.6426735e-07,0.025376797,-4.6133995e-05,0.110372424,0.009939693,0.15098159,0.20106927,0.92122006,0.13097292,0.92825115,0.6483099,0.34461707,0.5524899,0.998803,0.067977965,0.57884246,0.014884561,0.3877708,0.5985728,0.9651756,0.9857366,0.9883388,1.0093493,1.0096333,0.98633736,0.997581,1.0095046,0.9863337,0.9879789,1.0113673,0.9847933,0.98784506
0.8729517,0.047907315,0.7382033,0.03711143,0.078742385,0.017655566,0.029949307,0.0286979,0.026473254,0.03397152,0.026521374,0.0096538365,0.010438651,0.5654802,0.6097324,0.190565,0.02250886,0.027432442,0.027692206,0.009397283,-0.012531713,-0.022469044,-0.007935628,0.0069935024,0.0073590875,-0.0030486584,0.059360623,-0.02456674,0.014359504,0.015188709,0.013970166,0.0121659115,0.025386795,0.27503324,0.30943078,0.7308959,0.7471506,0.48406103,0.009322971,0.020048007,0.0021749139,0.016135216,0.015729547,0.009821147,0.15276581,0.19458874,0.014102638,0.62906843,0.0057312623,0.013703376,0.06880914,0.40421718,0.004303992,0.044488966,0.0100239515,0.029790163,-0.00047385693,0.028100818,0.79528403,0.26631162,0.19966835,0.44955513,-0.007215366,0.09017587,0.028899461,0.061978742,-0.0027953386,0.04949051,0.5337481,0.81580657,0.7750736,0.7768824,0.025879204,0.47902656,0.05273122,0.3392143,0.03153821,-0.0131979585,0.027874649,0.15395465,0.027133472,0.022106305,0.010878421,0.017728679,0.0037680268,0.024236366,0.01792667,0.016548365,0.011498511,0.012638211,0.9937533,-0.0017381907,0.9957962,0.18452218,-0.013078183,0.014241219,-0.00877136,0.0142863095,0.17385378,0.00018393993,0.00017753243,-0.002778858,0.003251806,-0.00025691092,0.0008420944,0.012886897,0.0056479946,0.0065802634,0.017180532,0.006694734,-0.015229672,0.009882815,0.997017,0.9273021,-0.00038294494,-0.00069506466,0.016692445,0.11565551,0.021745324,0.16069159,0.015903741,0.19579399,0.013529122,0.16685236,0.008199453,-0.00096830726,0.013707742,0.007380843,0.011519462,0.003713727,0.012762979,0.005012423,0.013535202,-0.0069389343,0.0074840784,0.0119383335,-0.0002591014,0.016289871,-0.0023177639,0.016103938,0.03669727,0.019585297,0.044896875,0.0078815445,0.021261849,0.019522019,0.020010725,-0.007869422,0.0005095005,-0.014050871,0.005584087,-0.019454716,0.013411898,-0.011621952,0.0119060725,0.013449803,0.018708348,0.008066952,0.009694301,0.008652806,0.01635167,0.00933373,0.016421415,0.009037107,0.01854363,0.017593369
0.8680736,0.029582813,0.7647604,0.101799175,0.41782993,0.04549724,0.0011316091,0.02676928,0.021720529,0.035110682,0.0026248656,-0.006775245,0.0021879002,0.01605928,0.8655066,0.17414072,0.9354125,0.99575204,0.4791178,0.47191715,0.09256083,0.92997146,0.65295404,0.9670207,-0.00041902065,0.018580899,-0.00042816997,0.02418971,-0.00040614605,0.013327591,0.0010443628,0.015471518,0.0007597208,0.035393715,0.5546303,0.7306448,0.7382014,0.8862736,0.00776577,0.036997017,0.02074939,0.52137685,0.021117479,0.017794918,0.1650758,0.21155266,0.08755827,0.635964,0.012052447,0.13903618,0.013657719,0.41693503,0.004316926,0.14578238,0.0010294616,0.024585575,0.0010826215,0.02148518,0.9011342,0.25086528,0.37313312,0.45268452,0.055376828,0.38946337,0.010509133,0.14445204,0.0023030937,0.09636295,0.40693513,0.82324654,0.7764783,0.7787746,0.025337696,0.8047482,-0.000337027,0.022477716,0.031083435,0.016068876,0.0039506257,0.015986115,-1.2673438e-05,0.04245162,-0.00030383468,-0.0070765615,0.0008620769,0.024687588,0.0002938211,0.012243241,0.021343756,0.012698799,0.87398183,0.01074709,0.8170784,0.02676335,0.9803103,0.921173,0.14812428,0.4613882,0.02720557,0.0015265048,0.692589,0.017262578,0.46004274,0.0174396,1.0077661,1.0064539,0.00059485435,0.020857006,0.98581606,0.98830307,0.791829,0.0026865453,0.71244884,0.5026904,1.0076342,0.9889958,0.91022944,0.9897867,0.62332094,0.9484966,0.8066851,0.96970123,0.45229164,0.93087965,0.7084898,0.29407543,0.9743369,0.9577278,1.014437,1.0066059,0.98473716,1.001352,0.9726946,0.98364234,8.6426735e-07,0.025376797,-4.6133995e-05,0.110372424,0.009939693,0.15098159,0.20106927,0.92122006,0.13097292,0.92825115,0.6483099,0.34461707,0.5524899,0.998803,0.067977965,0.57884246,0.014884561,0.3877708,0.5985728,0.9651756,0.9857366,0.9883388,1.0093493,1.0096333,0.98633736,0.997581,1.0095046,0.9863337,0.9879789,1.0113673,0.9847933,0.98784506
0.92211163,0.14100017,0.91981876,0.054688424,0.37241125,0.0023764595,0.010587499,0.050157458,0.02959869,0.028518409,-0.01718722,0.020699516,-0.010024786,0.538353,0.6482441,0.7180916,0.5492603,0.94996536,0.026996955,0.0031823441,0.06939122,0.49501306,0.45788074,0.893255,0.025042787,0.034721687,0.036952592,0.024411388,-0.0153529495,0.026357621,0.014679685,0.021092635,0.021613967,0.28806442,0.55998456,0.71364045,0.8146341,0.86878884,0.018448172,0.04046259,0.0011767149,0.035457835,0.021597184,0.036942147,0.89095354,0.89021283,0.93135965,0.6028267,0.64545757,0.9467292,0.64063203,0.25573322,0.057900384,0.03695619,0.024834052,0.3775615,0.015621357,0.6489182,0.79518104,0.41824797,0.836817,0.47243163,0.052119598,0.5519012,-0.0107502565,0.14935926,-0.019577637,0.10262926,0.74292576,0.83490145,0.7834989,0.7721112,0.07143254,0.5078627,-0.00881996,0.35518685,0.014197521,-0.0005126521,0.007002428,0.15857977,0.012134343,0.029993132,0.021390691,0.024102677,0.008376773,0.10444975,0.025924891,0.033982262,0.013378963,0.019815385,0.015555846,0.03612812,-0.0035581253,0.012717828,1.0030668,0.91404355,0.52565485,0.63919246,0.012610272,0.71076643,0.01625757,0.010719806,0.018666208,0.021558769,0.9805151,0.9729669,0.02497627,0.002989173,0.99332905,1.0078607,1.0054078,0.9559761,1.0061418,0.98548603,1.0050937,1.0034629,0.03265527,0.9756155,0.095774636,0.97013354,-0.008581921,0.89990234,0.019825071,0.79798955,0.01448223,0.23981166,0.008264586,0.93039274,0.028744742,0.94931984,0.14631665,0.9555355,0.00049100816,0.9801053,-0.003444206,0.01343821,0.023212437,0.11405164,-0.0043689758,0.15098561,0.018964663,0.8902241,0.022434391,0.90714294,-2.6196241e-05,0.24939547,0.3007734,0.77761686,0.04303594,0.16566776,0.029340625,0.05100082,0.09816051,0.8555925,0.38870388,0.97634816,0.028958738,0.950782,0.029368773,0.93473303,0.2524826,0.9899198,0.9905038,0.9849223,0.94426525,0.96929234
0.027020965,0.027009591,0.7651058,0.50664955,0.41970938,0.109752715,-0.0035269856,0.005043924,0.0017918348,0.008648396,0.0013514161,0.004370928,0.0059788823,0.5789703,0.8776558,0.7056199,0.5672116,0.9490961,0.4071877,0.44858292,0.06385397,0.4954241,0.46526906,0.8447983,0.003105849,0.009401217,0.006020069,0.012150705,-0.0002374649,0.007083535,0.0036642253,0.004110694,0.0050447583,0.3984228,0.61849874,0.7833153,0.39269984,0.8523631,0.007536888,0.017376304,0.008460999,0.46767518,0.007348329,0.008829296,0.019228756,0.12770736,0.17543727,0.751205,0.020486832,0.41768104,0.120009094,0.41100886,0.05076611,0.1398212,0.01231277,0.029351354,0.016826868,0.031016827,0.8027295,0.38104063,0.4099666,0.51287127,0.0372217,0.4063781,0.007190585,0.1969843,0.0072347224,0.09004259,0.79798454,0.8636986,0.4393493,0.8649534,0.034412205,0.4987849,0.004305452,0.33931607,0.012984961,0.008752629,0.02064788,0.32070255,0.0019943044,0.061605334,0.001328826,0.007345438,0.015111446,-0.0075423717,0.002451457,0.0037471652,0.0077049583,-0.009427397,0.008749962,0.023712397,0.0038574934,0.019214153,0.9997707,0.996047,0.1499462,0.6283512,0.0022304952,0.024285018,5.0842762e-05,0.02082026,0.051942527,0.007791713,0.99786294,1.0083555,0.00058323145,-0.0061474442,0.9980177,0.9971509,0.7795176,0.01050964,0.010542609,0.9795147,0.9980325,0.9978147,0.10449737,0.9617386,0.035960123,0.92766017,0.018478453,0.89716285,0.019752681,0.80300957,0.009050071,0.2520417,0.029995084,0.9512634,0.08456421,0.98263085,0.43492997,0.9772047,0.020238161,0.97143203,0.022202551,0.0068042874,0.0104084015,0.10169917,0.00665468,0.13376707,0.027238175,0.9106932,0.019745022,0.9137223,0.01766865,0.30262828,0.29848287,0.76297534,0.0361892,0.1467259,0.019765973,0.037350446,0.288441,0.8551642,0.98375964,0.99552554,0.7841638,0.98502254,0.3520643,0.9696656,0.9131361,0.9872712,1.0087693,1.0051806,1.0000796,0.99780303
0.8819082,0.019865438,0.76898247,0.10584289,0.42568612,0.05437765,0.0045368373,0.025007695,0.0037789792,0.02153033,0.009032652,0.004776716,0.0039883032,0.5584353,0.8773242,0.17353323,0.022297025,0.023656234,0.41086882,0.45588368,0.011823051,0.010164499,0.018534929,0.014710829,0.016101718,0.014434546,0.018089116,0.011841953,0.01270175,0.006486986,0.011939675,0.004398696,0.0076365247,0.28024957,0.58750504,0.49031767,0.38455462,0.07283255,0.010784715,0.030353885,0.0114963055,0.35401654,0.01038,0.018641777,0.017974615,0.02932132,0.14197999,0.21652159,0.0142477155,0.015535444,0.098276794,0.08012307,0.013290793,0.14790443,0.0112251155,0.028662741,0.011798218,0.020143405,0.792959,0.26751477,0.3772809,0.5228254,0.06426349,0.37103793,0.0080926865,0.12281692,0.0010838211,0.07891762,0.79731613,0.6779448,0.86591804,0.1361785,0.012711614,0.48740637,0.012505382,0.3535232,0.01146923,0.01701048,0.0035496354,0.15291728,0.008242905,0.014445066,0.010529578,0.00747771,0.021227006,0.0067655444,0.010253668,0.0033530295,0.010191299,0.00373739,0.01154691,0.0063898116,0.005356729,0.0072729588,0.98093593,0.41259003,0.012296684,0.012401938,0.0116852205,0.01010254,0.010482252,0.01167807,0.004766166,0.011125753,0.0006849766,0.003361851,0.010163784,0.012396507,0.93939173,0.78438276,0.015868574,0.009617351,0.005612448,0.019356683,2.783537e-05,0.031499505,0.0048686955,0.12678099,0.07932186,0.13176778,0.0038605705,0.20837778,0.007223308,0.19479561,0.017330736,0.035533324,0.005329013,0.016146079,0.005035013,0.011316024,0.0050240457,0.0111094415,0.005829502,0.021443397,0.010325164,0.016368419,0.010540068,0.014721081,0.010629043,0.017748833,0.12863974,0.028110802,0.024118878,0.040022135,0.5556283,0.032040775,0.010729525,0.017335504,0.009794384,0.012506619,0.012688145,0.014352966,0.0075712204,0.017921418,0.019965649,0.05550438,0.005580008,0.08207624,0.009128496,0.02700165,0.026312348,0.11005403,0.5531196,0.047427237,0.47142872,0.21390083
0.027020965,0.027009591,0.7651058,0.50664955,0.41970938,0.109752715,-0.0035269856,0.005043924,0.0017918348,0.008648396,0.0013514161,0.004370928,0.0059788823,0.5789703,0.8776558,0.7056199,0.5672116,0.9490961,0.4071877,0.44858292,0.06385397,0.4954241,0.46526906,0.8447983,0.003105849,0.009401217,0.006020069,0.012150705,-0.0002374649,0.007083535,0.0036642253,0.004110694,0.0050447583,0.3984228,0.61849874,0.7833153,0.39269984,0.8523631,0.007536888,0.017376304,0.008460999,0.46767518,0.007348329,0.008829296,0.019228756,0.12770736,0.17543727,0.751205,0.020486832,0.41768104,0.120009094,0.41100886,0.05076611,0.1398212,0.01231277,0.029351354,0.016826868,0.031016827,0.8027295,0.38104063,0.4099666,0.51287127,0.0372217,0.4063781,0.007190585,0.1969843,0.0072347224,0.09004259,0.79798454,0.8636986,0.4393493,0.8649534,0.034412205,0.4987849,0.004305452,0.33931607,0.012984961,0.008752629,0.02064788,0.32070255,0.0019943044,0.061605334,0.001328826,0.007345438,0.015111446,-0.0075423717,0.002451457,0.0037471652,0.0077049583,-0.009427397,0.008749962,0.023712397,0.0038574934,0.019214153,0.9997707,0.996047,0.1499462,0.6283512,0.0022304952,0.024285018,5.0842762e-05,0.02082026,0.051942527,0.007791713,0.99786294,1.0083555,0.00058323145,-0.0061474442,0.9980177,0.9971509,0.7795176,0.01050964,0.010542609,0.9795147,0.9980325,0.9978147,0.10449737,0.9617386,0.035960123,0.92766017,0.018478453,0.89716285,0.019752681,0.80300957,0.009050071,0.2520417,0.029995084,0.9512634,0.08456421,0.98263085,0.43492997,0.9772047,0.020238161,0.97143203,0.022202551,0.0068042874,0.0104084015,0.10169917,0.00665468,0.13376707,0.027238175,0.9106932,0.019745022,0.9137223,0.01766865,0.30262828,0.29848287,0.76297534,0.0361892,0.1467259,0.019765973,0.037350446,0.288441,0.8551642,0.98375964,0.99552554,0.7841638,0.98502254,0.3520643,0.9696656,0.9131361,0.9872712,1.0087693,1.0051806,1.0000796,0.99780303
0.8819082,0.019865438,0.76898247,0.10584289,0.42568612,0.05437765,0.0045368373,0.025007695,0.0037789792,0.02153033,0.009032652,0.004776716,0.0039883032,0.5584353,0.8773242,0.17353323,0.022297025,0.023656234,0.41086882,0.45588368,0.011823051,0.010164499,0.018534929,0.014710829,0.016101718,0.014434546,0.018089116,0.011841953,0.01270175,0.006486986,0.011939675,0.004398696,0.0076365247,0.28024957,0.58750504,0.49031767,0.38455462,0.07283255,0.010784715,0.030353885,0.0114963055,0.35401654,0.01038,0.018641777,0.017974615,0.02932132,0.14197999,0.21652159,0.0142477155,0.015535444,0.098276794,0.08012307,0.013290793,0.14790443,0.0112251155,0.028662741,0.011798218,0.020143405,0.792959,0.26751477,0.3772809,0.5228254,0.06426349,0.37103793,0.0080926865,0.12281692,0.0010838211,0.07891762,0.79731613,0.6779448,0.86591804,0.1361785,0.012711614,0.48740637,0.012505382,0.3535232,0.01146923,0.01701048,0.0035496354,0.15291728,0.008242905,0.014445066,0.010529578,0.00747771,0.021227006,0.0067655444,0.010253668,0.0033530295,0.010191299,0.00373739,0.01154691,0.0063898116,0.005356729,0.0072729588,0.98093593,0.41259003,0.012296684,0.012401938,0.0116852205,0.01010254,0.010482252,0.01167807,0.004766166,0.011125753,0.0006849766,0.003361851,0.010163784,0.012396507,0.93939173,0.78438276,0.015868574,0.009617351,0.005612448,0.019356683,2.783537e-05,0.031499505,0.0048686955,0.12678099,0.07932186,0.13176778,0.0038605705,0.20837778,0.007223308,0.19479561,0.017330736,0.035533324,0.005329013,0.016146079,0.005035013,0.011316024,0.0050240457,0.0111094415,0.005829502,0.021443397,0.010325164,0.016368419,0.010540068,0.014721081,0.010629043,0.017748833,0.12863974,0.028110802,0.024118878,0.040022135,0.5556283,0.032040775,0.010729525,0.017335504,0.009794384,0.012506619,0.012688145,0.014352966,0.0075712204,0.017921418,0.019965649,0.05550438,0.005580008,0.08207624,0.009128496,0.02700165,0.026312348,0.11005403,0.5531196,0.047427237,0.47142872,0.21390083
0.8680736,0.029582813,0.7647604,0.101799175,0.41782993,0.04549724,0.0011316091,0.02676928,0.021720529,0.035110682,0.0026248656,-0.006775245,0.0021879002,0.01605928,0.8655066,0.17414072,0.9354125,0.99575204,0.4791178,0.47191715,0.09256083,0.92997146,0.65295404,0.9670207,-0.00041902065,0.018580899,-0.00042816997,0.02418971,-0.00040614605,0.013327591,0.0010443628,0.015471518,0.0007597208,0.035393715,0.5546303,0.7306448,0.7382014,0.8862736,0.00776577,0.036997017,0.02074939,0.52137685,0.021117479,0.017794918,0.1650758,0.21155266,0.08755827,0.635964,0.012052447,0.13903618,0.013657719,0.41693503,0.004316926,0.14578238,0.0010294616,0.024585575,0.0010826215,0.02148518,0.9011342,0.25086528,0.37313312,0.45268452,0.055376828,0.38946337,0.010509133,0.14445204,0.0023030937,0.09636295,0.40693513,0.82324654,0.7764783,0.7787746,0.025337696,0.8047482,-0.000337027,0.022477716,0.031083435,0.016068876,0.0039506257,0.015986115,-1.2673438e-05,0.04245162,-0.00030383468,-0.0070765615,0.0008620769,0.024687588,0.0002938211,0.012243241,0.021343756,0.012698799,0.87398183,0.01074709,0.8170784,0.02676335,0.9803103,0.921173,0.14812428,0.4613882,0.02720557,0.0015265048,0.692589,0.017262578,0.46004274,0.0174396,1.0077661,1.0064539,0.00059485435,0.020857006,0.98581606,0.98830307,0.791829,0.0026865453,0.71244884,0.5026904,1.0076342,0.9889958,0.91022944,0.9897867,0.62332094,0.9484966,0.8066851,0.96970123,0.45229164,0.93087965,0.7084898,0.29407543,0.9743369,0.9577278,1.014437,1.0066059,0.98473716,1.001352,0.9726946,0.98364234,8.6426735e-07,0.025376797,-4.6133995e-05,0.110372424,0.009939693,0.15098159,0.20106927,0.92122006,0.13097292,0.92825115,0.6483099,0.34461707,0.5524899,0.998803,0.067977965,0.57884246,0.014884561,0.3877708,0.5985728,0.9651756,0.9857366,0.9883388,1.0093493,1.0096333,0.98633736,0.997581,1.0095046,0.9863337,0.9879789,1.0113673,0.9847933,0.98784506
0.92211175,0.1410001,0.9198187,0.054688573,0.37241122,0.0023764335,0.010587402,0.050157398,0.029598657,0.028518364,-0.017187297,0.020699464,-0.010024741,0.538353,0.6482441,0.7180916,0.5492603,0.94996554,0.026997007,0.003182307,0.06939121,0.49501306,0.45788068,0.8932551,0.025042638,0.034721673,0.036952674,0.024411336,-0.01535292,0.026357561,0.0146796405,0.02109268,0.021613933,0.28806448,0.5599846,0.71364045,0.8146341,0.86878884,0.018448237,0.040462554,0.0011767372,0.035457745,0.021597125,0.03694216,0.8909536,0.8902128,0.93135965,0.60282665,0.6454575,0.9467293,0.6406321,0.25573322,0.057900324,0.036956284,0.0248342,0.37756145,0.015621439,0.64891815,0.79518104,0.41824794,0.836817,0.47243166,0.052119605,0.5519011,-0.010750182,0.14935918,-0.019577637,0.10262924,0.74292576,0.83490145,0.7834989,0.7721112,0.07143241,0.5078627,-0.00881999,0.35518688,0.014197495,-0.00051258504,0.007002473,0.1585797,0.012134284,0.029993266,0.021390542,0.024102714,0.00837679,0.10444975,0.025924936,0.033982337,0.013378978,0.01981543,0.015555775,0.03612806,-0.003558036,0.012717888,1.0030668,0.91404355,0.52565485,0.6391926,0.012610137,0.71076626,0.01625757,0.010719776,0.018666148,0.021558635,0.9805151,0.9729668,0.024976306,0.0029891431,0.9933289,1.0078607,1.0054078,0.9559761,1.0061419,0.98548603,1.0050936,1.0034629,0.032655217,0.9756156,0.09577462,0.97013354,-0.008581974,0.8999024,0.019825127,0.7979895,0.014482141,0.23981158,0.008264542,0.93039286,0.028744847,0.9493199,0.1463167,0.9555355,0.00049091876,0.9801055,-0.0034442805,0.01343821,0.023212416,0.1140517,-0.0043688715,0.1509856,0.018964723,0.89022404,0.02243441,0.90714306,-2.6121736e-05,0.24939558,0.30077344,0.77761704,0.04303588,0.1656678,0.029340744,0.051000774,0.09816033,0.85559267,0.38870388,0.97634816,0.028958738,0.950782,0.029368743,0.93473303,0.2524826,0.98991966,0.99050367,0.9849223,0.9442653,0.9692924
0.8729517,0.047907315,0.7382033,0.03711143,0.078742385,0.017655566,0.029949307,0.0286979,0.026473254,0.03397152,0.026521374,0.0096538365,0.010438651,0.5654802,0.6097324,0.190565,0.02250886,0.027432442,0.027692206,0.009397283,-0.012531713,-0.022469044,-0.007935628,0.0069935024,0.0073590875,-0.0030486584,0.059360623,-0.02456674,0.014359504,0.015188709,0.013970166,0.0121659115,0.025386795,0.27503324,0.30943078,0.7308959,0.7471506,0.48406103,0.009322971,0.020048007,0.0021749139,0.016135216,0.015729547,0.009821147,0.15276581,0.19458874,0.014102638,0.62906843,0.0057312623,0.013703376,0.06880914,0.40421718,0.004303992,0.044488966,0.0100239515,0.029790163,-0.00047385693,0.028100818,0.79528403,0.26631162,0.19966835,0.44955513,-0.007215366,0.09017587,0.028899461,0.061978742,-0.0027953386,0.04949051,0.5337481,0.81580657,0.7750736,0.7768824,0.025879204,0.47902656,0.05273122,0.3392143,0.03153821,-0.0131979585,0.027874649,0.15395465,0.027133472,0.022106305,0.010878421,0.017728679,0.0037680268,0.024236366,0.01792667,0.016548365,0.011498511,0.012638211,0.9937533,-0.0017381907,0.9957962,0.18452218,-0.013078183,0.014241219,-0.00877136,0.0142863095,0.17385378,0.00018393993,0.00017753243,-0.002778858,0.003251806,-0.00025691092,0.0008420944,0.012886897,0.0056479946,0.0065802634,0.017180532,0.006694734,-0.015229672,0.009882815,0.997017,0.9273021,-0.00038294494,-0.00069506466,0.016692445,0.11565551,0.021745324,0.16069159,0.015903741,0.19579399,0.013529122,0.16685236,0.008199453,-0.00096830726,0.013707742,0.007380843,0.011519462,0.003713727,0.012762979,0.005012423,0.013535202,-0.0069389343,0.0074840784,0.0119383335,-0.0002591014,0.016289871,-0.0023177639,0.016103938,0.03669727,0.019585297,0.044896875,0.0078815445,0.021261849,0.019522019,0.020010725,-0.007869422,0.0005095005,-0.014050871,0.005584087,-0.019454716,0.013411898,-0.011621952,0.0119060725,0.013449803,0.018708348,0.008066952,0.009694301,0.008652806,0.01635167,0.00933373,0.016421415,0.009037107,0.01854363,0.017593369
0.87295175,0.04790701,0.7382034,0.037111387,0.078742534,0.017655805,0.029949367,0.028697796,0.026473343,0.033971876,0.026521262,0.009653896,0.010438547,0.56548,0.60973275,0.1905649,0.022508949,0.02743262,0.027692523,0.009396926,-0.012532026,-0.022469014,-0.007936031,0.006993711,0.007358849,-0.0030494332,0.059360266,-0.024566859,0.01436004,0.01518859,0.013970032,0.012165852,0.025386587,0.27503312,0.3094307,0.73089564,0.74715036,0.4840615,0.009322554,0.020047903,0.0021751523,0.016135305,0.015729986,0.009821296,0.1527654,0.19458878,0.014102995,0.62906826,0.005730659,0.0137039125,0.06880918,0.40421718,0.0043040216,0.044489384,0.010024101,0.029789746,-0.00047395378,0.028101057,0.79528433,0.2663114,0.19966835,0.44955507,-0.0072151646,0.090176046,0.028899103,0.061978564,-0.0027948916,0.049490273,0.5337477,0.8158066,0.7750728,0.77688235,0.025879264,0.4790259,0.05273102,0.33921424,0.031538427,-0.01319772,0.027874857,0.15395477,0.027133256,0.02210629,0.010878775,0.01772879,0.0037676692,0.024236694,0.017926663,0.016548276,0.011498451,0.012638167,0.99375296,-0.0017375946,0.99579585,0.18452223,-0.013077855,0.014241278,-0.008771777,0.0142866075,0.1738542,0.00018441677,0.00017753243,-0.002779141,0.0032520294,-0.00025713444,0.0008419156,0.012887374,0.0056479275,0.0065804124,0.017180488,0.0066949725,-0.015229434,0.009883039,0.9970168,0.927302,-0.00038312376,-0.00069499016,0.016692877,0.115655184,0.021745741,0.16069141,0.015903622,0.19579381,0.013528973,0.16685241,0.008199662,-0.00096824765,0.013707921,0.0073807538,0.011519402,0.0037136823,0.012763053,0.005011946,0.013535157,-0.006938815,0.007483661,0.011938602,-0.00025883317,0.016289748,-0.0023176074,0.016104236,0.036697656,0.019585133,0.0448967,0.007881314,0.02126213,0.019522332,0.020010568,-0.007869065,0.00050902367,-0.014050826,0.0055838376,-0.019454576,0.01341201,-0.011622012,0.011906013,0.013449386,0.01870811,0.008067235,0.009694062,0.008652955,0.01635167,0.00933373,0.016421415,0.009037107,0.01854363,0.017593369
0.027020685,0.027009726,0.7651059,0.5066493,0.41970932,0.10975289,-0.0035270452,0.005044043,0.0017917752,0.008648753,0.0013517737,0.0043715835,0.005978942,0.5789702,0.8776554,0.70562035,0.5672113,0.94909537,0.40718767,0.44858292,0.06385386,0.4954246,0.46526888,0.8447987,0.0031062365,0.009400964,0.0060201883,0.012150645,-0.0002374947,0.0070837736,0.0036638677,0.0041104555,0.005044937,0.39842284,0.61849886,0.7833154,0.3926999,0.8523638,0.007537365,0.017376453,0.008460999,0.467675,0.007348597,0.008828998,0.019228727,0.1277076,0.17543715,0.7512051,0.020486832,0.4176814,0.12000921,0.41100907,0.05076599,0.13982087,0.012313068,0.029351294,0.016827047,0.031017363,0.80272895,0.38104045,0.40996724,0.51287115,0.03722173,0.40637892,0.0071913004,0.19698368,0.007234603,0.09004247,0.79798424,0.86369884,0.43934923,0.8649531,0.034412205,0.49878514,0.004305631,0.33931625,0.012985587,0.008752525,0.020647898,0.3207024,0.0019941106,0.061605036,0.0013289452,0.00734514,0.015111506,-0.007542789,0.0024513006,0.0037469864,0.0077048093,-0.009427603,0.0087503195,0.023712635,0.0038579404,0.019214213,0.99977124,0.99604726,0.14994618,0.62835145,0.0022302717,0.02428472,5.0246716e-05,0.020820022,0.051942945,0.0077914298,0.99786353,1.0083556,0.0005839467,-0.006147027,0.9980178,0.9971509,0.7795174,0.010509729,0.010542519,0.97951484,0.99803275,0.99781334,0.10449737,0.96173924,0.03596057,0.92766047,0.018478215,0.8971624,0.019752145,0.8030086,0.00905019,0.25204194,0.029994607,0.9512639,0.08456433,0.9826307,0.4349299,0.9772047,0.020237923,0.9714327,0.02220285,0.006804228,0.0104088485,0.101698935,0.0066556334,0.13376725,0.02723813,0.91069436,0.019745141,0.9137218,0.017668732,0.302628,0.298483,0.7629752,0.036189914,0.14672601,0.01976645,0.037350625,0.28844136,0.855164,0.9837599,0.9955254,0.7841636,0.985022,0.35206407,0.9696655,0.9131361,0.9872712,1.0087693,1.0051806,1.0000796,0.99780303
0.92211163,0.14100024,0.91981864,0.0546885,0.37241107,0.0023764297,0.010587424,0.050157532,0.029598687,0.028518364,-0.01718722,0.020699464,-0.010024771,0.538353,0.6482441,0.71809185,0.54926014,0.9499655,0.026996952,0.0031822883,0.069391236,0.49501306,0.4578808,0.8932551,0.025042817,0.034721635,0.036952652,0.024411395,-0.015352845,0.026357457,0.014679775,0.02109269,0.021613803,0.28806442,0.5599846,0.71364045,0.81463414,0.8687887,0.018448245,0.040462606,0.0011767074,0.035457715,0.02159711,0.03694214,0.89095366,0.89021283,0.9313593,0.6028268,0.6454576,0.94672906,0.6406319,0.2557332,0.057900324,0.036956172,0.02483432,0.3775614,0.015621424,0.6489181,0.79518116,0.4182479,0.8368169,0.47243148,0.05211956,0.55190116,-0.010750219,0.14935926,-0.019577622,0.10262928,0.7429259,0.83490145,0.7834989,0.77211106,0.07143246,0.5078626,-0.00881999,0.35518694,0.0141973905,-0.0005126223,0.007002428,0.15857965,0.012134358,0.029993266,0.02139052,0.024102721,0.0083767995,0.104449704,0.025924757,0.03398235,0.013378888,0.019815408,0.015555682,0.03612806,-0.003558036,0.012717709,1.0030668,0.9140433,0.5256548,0.63919246,0.01261019,0.7107662,0.01625754,0.010719836,0.018666327,0.021558538,0.98051524,0.97296697,0.02497632,0.0029892325,0.9933287,1.0078605,1.0054077,0.9559761,1.0061418,0.985486,1.0050936,1.0034629,0.032655135,0.9756153,0.09577459,0.97013354,-0.008581951,0.8999025,0.019825086,0.79798937,0.014482141,0.23981166,0.008264601,0.9303928,0.028744698,0.94931984,0.14631665,0.9555353,0.00049099326,0.9801055,-0.0034442544,0.01343824,0.023212442,0.11405173,-0.004368916,0.15098552,0.018964797,0.8902242,0.022434447,0.90714294,-2.6091933e-05,0.24939547,0.3007734,0.7776169,0.043036,0.16566774,0.02934052,0.05100078,0.09816037,0.85559267,0.38870388,0.9763483,0.028958723,0.9507819,0.029368669,0.93473303,0.25248253,0.9899199,0.9905038,0.9849222,0.94426525,0.96929234
0.8819083,0.019865438,0.76898277,0.10584293,0.4256863,0.05437743,0.004536979,0.025007874,0.0037790537,0.02153045,0.009032652,0.0047769547,0.0039887354,0.5584355,0.877324,0.17353317,0.022297382,0.023656309,0.41086853,0.45588374,0.011823274,0.0101646,0.018535122,0.014710858,0.016101867,0.014434725,0.01808925,0.011842012,0.012701824,0.0064867698,0.011939466,0.004398659,0.0076365173,0.28024966,0.5875052,0.49031758,0.3845552,0.07283278,0.010784537,0.030353747,0.011496425,0.35401657,0.010380149,0.01864164,0.017974436,0.029321074,0.14198002,0.2165218,0.014249027,0.015535325,0.09827715,0.08012283,0.013290912,0.14790478,0.011224754,0.0286628,0.011798233,0.02014342,0.7929591,0.2675147,0.3772807,0.5228254,0.06426337,0.37103814,0.00809285,0.12281725,0.0010840148,0.078917354,0.79731596,0.6779448,0.8659184,0.13617843,0.012711465,0.48740643,0.012504905,0.3535232,0.011469141,0.017010376,0.0035497248,0.15291727,0.008243099,0.014444947,0.01052922,0.0074774846,0.021227237,0.006765589,0.0102534,0.003352955,0.0101915,0.0037373602,0.01154688,0.006389782,0.0053568482,0.007272899,0.98093593,0.41258985,0.012296908,0.012402177,0.0116848815,0.010102391,0.010481834,0.011678487,0.004766315,0.011125792,0.00068481266,0.003361836,0.010163486,0.012396306,0.9393915,0.78438276,0.015868597,0.009617351,0.0056126416,0.01935704,2.771616e-05,0.031499267,0.004868651,0.12678084,0.07932186,0.13176765,0.00386047,0.2083776,0.007223487,0.19479579,0.017330617,0.035533383,0.005329013,0.016145691,0.0050352514,0.011316258,0.005023569,0.011109263,0.0058296137,0.021443248,0.010325342,0.01636833,0.01053977,0.01472117,0.010628864,0.017748296,0.12863989,0.028110564,0.024118453,0.040022194,0.55562806,0.032040775,0.0107297115,0.017335594,0.00979428,0.012506701,0.01268819,0.014352985,0.007570982,0.017921567,0.019965798,0.055504084,0.005579829,0.08207606,0.009128422,0.027001679,0.026312348,0.11005403,0.5531196,0.047427237,0.47142872,0.21390083
0.8680738,0.029582616,0.76476055,0.101799145,0.41783008,0.045497775,0.0011314601,0.026768684,0.02172041,0.035110474,0.0026248284,-0.006775163,0.0021880195,0.01605922,0.8655066,0.17414066,0.93541217,0.99575186,0.47911704,0.47191674,0.09256095,0.92997134,0.652954,0.9670207,-0.00041919947,0.018580616,-0.000428617,0.02418983,-0.00040590763,0.013327461,0.001044184,0.015471935,0.0007596612,0.035393476,0.55463016,0.7306446,0.7382011,0.88627374,0.007766187,0.036997065,0.020749658,0.5213771,0.021117508,0.017794933,0.16507566,0.21155268,0.08755806,0.635964,0.012052566,0.1390366,0.0136577785,0.41693515,0.0043164194,0.14578246,0.0010298155,0.024585515,0.0010828823,0.021485,0.90113413,0.25086546,0.3731331,0.45268446,0.05537644,0.3894636,0.0105089545,0.14445195,0.0023031682,0.09636259,0.4069353,0.8232465,0.77647835,0.77877486,0.025337517,0.8047482,-0.00033725798,0.022477716,0.031083703,0.016068757,0.003950447,0.015986145,-1.3023615e-05,0.04245186,-0.0003040433,-0.0070767105,0.00086180866,0.024688512,0.0002939105,0.012243211,0.02134373,0.012698803,0.8739818,0.010746926,0.81707835,0.026763216,0.9803104,0.92117316,0.1481235,0.46138817,0.027205292,0.0015262216,0.69258857,0.01726225,0.460043,0.017439645,1.0077665,1.0064538,0.00059464574,0.020856798,0.98581636,0.98830247,0.7918289,0.0026864707,0.71244884,0.5026902,1.0076344,0.98899573,0.9102293,0.98978686,0.62332106,0.9484965,0.80668485,0.96970093,0.4522914,0.9308795,0.70848966,0.29407555,0.97433686,0.9577278,1.014437,1.0066057,0.98473704,1.0013518,0.9726949,0.98364204,7.599592e-07,0.025377274,-4.6610832e-05,0.110372484,0.009939782,0.15098155,0.20106927,0.9212199,0.13097298,0.92825156,0.6483099,0.34461695,0.5524896,0.99880326,0.067978084,0.57884234,0.0148848,0.3877708,0.5985726,0.9651756,0.9857365,0.9883386,1.0093493,1.0096332,0.98633754,0.9975807,1.0095046,0.9863337,0.9879789,1.0113673,0.9847933,0.98784506
0.87295175,0.04790701,0.7382034,0.037111387,0.078742534,0.017655805,0.029949367,0.028697796,0.026473343,0.033971876,0.026521262,0.009653896,0.010438547,0.56548,0.60973275,0.1905649,0.022508949,0.02743262,0.027692523,0.009396926,-0.012532026,-0.022469014,-0.007936031,0.006993711,0.007358849,-0.0030494332,0.059360266,-0.024566859,0.01436004,0.01518859,0.013970032,0.012165852,0.025386587,0.27503312,0.3094307,0.73089564,0.74715036,0.4840615,0.009322554,0.020047903,0.0021751523,0.016135305,0.015729986,0.009821296,0.1527654,0.19458878,0.014102995,0.62906826,0.005730659,0.0137039125,0.06880918,0.40421718,0.0043040216,0.044489384,0.010024101,0.029789746,-0.00047395378,0.028101057,0.79528433,0.2663114,0.19966835,0.44955507,-0.0072151646,0.090176046,0.028899103,0.061978564,-0.0027948916,0.049490273,0.5337477,0.8158066,0.7750728,0.77688235,0.025879264,0.4790259,0.05273102,0.33921424,0.031538427,-0.01319772,0.027874857,0.15395477,0.027133256,0.02210629,0.010878775,0.01772879,0.0037676692,0.024236694,0.017926663,0.016548276,0.011498451,0.012638167,0.99375296,-0.0017375946,0.99579585,0.18452223,-0.013077855,0.014241278,-0.008771777,0.0142866075,0.1738542,0.00018441677,0.00017753243,-0.002779141,0.0032520294,-0.00025713444,0.0008419156,0.012887374,0.0056479275,0.0065804124,0.017180488,0.0066949725,-0.015229434,0.009883039,0.9970168,0.927302,-0.00038312376,-0.00069499016,0.016692877,0.115655184,0.021745741,0.16069141,0.015903622,0.19579381,0.013528973,0.16685241,0.008199662,-0.00096824765,0.013707921,0.0073807538,0.011519402,0.0037136823,0.012763053,0.005011946,0.013535157,-0.006938815,0.007483661,0.011938602,-0.00025883317,0.016289748,-0.0023176074,0.016104236,0.036697656,0.019585133,0.0448967,0.007881314,0.02126213,0.019522332,0.020010568,-0.007869065,0.00050902367,-0.014050826,0.0055838376,-0.019454576,0.01341201,-0.011622012,0.011906013,0.013449386,0.01870811,0.008067235,0.009694062,0.008652955,0.01635167,0.00933373,0.016421415,0.009037107,0.01854363,0.017593369
0.8680738,0.029582616,0.76476055,0.101799145,0.41783008,0.045497775,0.0011314601,0.026768684,0.02172041,0.035110474,0.0026248284,-0.006775163,0.0021880195,0.01605922,0.8655066,0.17414066,0.93541217,0.99575186,0.47911704,0.47191674,0.09256095,0.92997134,0.652954,0.9670207,-0.00041919947,0.018580616,-0.000428617,0.02418983,-0.00040590763,0.013327461,0.001044184,0.015471935,0.0007596612,0.035393476,0.55463016,0.7306446,0.7382011,0.88627374,0.007766187,0.036997065,0.020749658,0.5213771,0.021117508,0.017794933,0.16507566,0.21155268,0.08755806,0.635964,0.012052566,0.1390366,0.0136577785,0.41693515,0.0043164194,0.14578246,0.0010298155,0.024585515,0.0010828823,0.021485,0.90113413,0.25086546,0.3731331,0.45268446,0.05537644,0.3894636,0.0105089545,0.14445195,0.0023031682,0.09636259,0.4069353,0.8232465,0.77647835,0.77877486,0.025337517,0.8047482,-0.00033725798,0.022477716,0.031083703,0.016068757,0.003950447,0.015986145,-1.3023615e-05,0.04245186,-0.0003040433,-0.0070767105,0.00086180866,0.024688512,0.0002939105,0.012243211,0.02134373,0.012698803,0.8739818,0.010746926,0.81707835,0.026763216,0.9803104,0.92117316,0.1481235,0.46138817,0.027205292,0.0015262216,0.69258857,0.01726225,0.460043,0.017439645,1.0077665,1.0064538,0.00059464574,0.020856798,0.98581636,0.98830247,0.7918289,0.0026864707,0.71244884,0.5026902,1.0076344,0.98899573,0.9102293,0.98978686,0.62332106,0.9484965,0.80668485,0.96970093,0.4522914,0.9308795,0.70848966,0.29407555,0.97433686,0.9577278,1.014437,1.0066057,0.98473704,1.0013518,0.9726949,0.98364204,7.599592e-07,0.025377274,-4.6610832e-05,0.110372484,0.009939782,0.15098155,0.20106927,0.9212199,0.13097298,0.92825156,0.6483099,0.34461695,0.5524896,0.99880326,0.067978084,0.57884234,0.0148848,0.3877708,0.5985726,0.9651756,0.9857365,0.9883386,1.0093493,1.0096332,0.98633754,0.9975807,1.0095046,0.9863337,0.9879789,1.0113673,0.9847933,0.98784506
0.027020685,0.027009726,0.7651059,0.5066493,0.41970932,0.10975289,-0.0035270452,0.005044043,0.0017917752,0.008648753,0.0013517737,0.0043715835,0.005978942,0.5789702,0.8776554,0.70562035,0.5672113,0.94909537,0.40718767,0.44858292,0.06385386,0.4954246,0.46526888,0.8447987,0.0031062365,0.009400964,0.0060201883,0.012150645,-0.0002374947,0.0070837736,0.0036638677,0.0041104555,0.005044937,0.39842284,0.61849886,0.7833154,0.3926999,0.8523638,0.007537365,0.017376453,0.008460999,0.467675,0.007348597,0.008828998,0.019228727,0.1277076,0.17543715,0.7512051,0.020486832,0.4176814,0.12000921,0.41100907,0.05076599,0.13982087,0.012313068,0.029351294,0.016827047,0.031017363,0.80272895,0.38104045,0.40996724,0.51287115,0.03722173,0.40637892,0.0071913004,0.19698368,0.007234603,0.09004247,0.79798424,0.86369884,0.43934923,0.8649531,0.034412205,0.49878514,0.004305631,0.33931625,0.012985587,0.008752525,0.020647898,0.3207024,0.0019941106,0.061605036,0.0013289452,0.00734514,0.015111506,-0.007542789,0.0024513006,0.0037469864,0.0077048093,-0.009427603,0.0087503195,0.023712635,0.0038579404,0.019214213,0.99977124,0.99604726,0.14994618,0.62835145,0.0022302717,0.02428472,5.0246716e-05,0.020820022,0.051942945,0.0077914298,0.99786353,1.0083556,0.0005839467,-0.006147027,0.9980178,0.9971509,0.7795174,0.010509729,0.010542519,0.97951484,0.99803275,0.99781334,0.10449737,0.96173924,0.03596057,0.92766047,0.018478215,0.8971624,0.019752145,0.8030086,0.00905019,0.25204194,0.029994607,0.9512639,0.08456433,0.9826307,0.4349299,0.9772047,0.020237923,0.9714327,0.02220285,0.006804228,0.0104088485,0.101698935,0.0066556334,0.13376725,0.02723813,0.91069436,0.019745141,0.9137218,0.017668732,0.302628,0.298483,0.7629752,0.036189914,0.14672601,0.01976645,0.037350625,0.28844136,0.855164,0.9837599,0.9955254,0.7841636,0.985022,0.35206407,0.9696655,0.9131361,0.9872712,1.0087693,1.0051806,1.0000796,0.99780303
0.9221117,0.14100023,0.91981876,0.0546885,0.37241116,0.0023764297,0.0105874315,0.050157577,0.029598635,0.028518409,-0.01718717,0.020699441,-0.010024801,0.538353,0.648244,0.7180917,0.5492602,0.9499655,0.026996907,0.003182236,0.06939117,0.49501306,0.45788082,0.893255,0.025042817,0.03472163,0.036952645,0.02441138,-0.015352875,0.026357546,0.014679804,0.02109272,0.021613855,0.2880645,0.5599846,0.7136406,0.8146341,0.8687887,0.018448241,0.040462658,0.0011766255,0.03545776,0.02159714,0.036942095,0.8909538,0.8902128,0.9313594,0.6028267,0.6454576,0.94672894,0.6406319,0.25573322,0.057900384,0.036956225,0.02483432,0.3775614,0.015621427,0.64891815,0.7951812,0.41824794,0.83681697,0.4724317,0.052119605,0.5519012,-0.010750204,0.1493592,-0.019577622,0.10262928,0.7429258,0.83490145,0.7834989,0.772111,0.071432516,0.50786257,-0.008819945,0.3551869,0.014197484,-0.00051268935,0.0070024803,0.15857974,0.012134403,0.029993266,0.021390498,0.024102714,0.0083767995,0.104449704,0.025924817,0.03398233,0.013378963,0.019815423,0.015555793,0.03612803,-0.0035580322,0.012717739,1.0030668,0.9140434,0.52565485,0.6391926,0.01261019,0.7107662,0.01625754,0.01071988,0.018666238,0.02155856,0.98051524,0.9729669,0.024976335,0.0029892027,0.99332875,1.0078605,1.0054076,0.955976,1.0061419,0.98548603,1.0050936,1.0034628,0.03265509,0.97561526,0.095774606,0.97013354,-0.008581996,0.89990246,0.019825153,0.7979893,0.0144820735,0.23981166,0.008264542,0.9303927,0.028744683,0.94931996,0.14631668,0.95553523,0.00049103796,0.9801056,-0.0034442097,0.013438225,0.023212511,0.1140517,-0.004368879,0.15098561,0.018964835,0.8902242,0.02243444,0.90714294,-2.6062131e-05,0.24939546,0.30077338,0.777617,0.043036014,0.16566773,0.02934049,0.05100075,0.098160386,0.85559267,0.38870388,0.97634816,0.028958723,0.95078194,0.029368713,0.934733,0.2524826,0.9899198,0.9905038,0.9849222,0.94426525,0.9692922
0.8819083,0.019865438,0.76898277,0.10584293,0.4256863,0.05437743,0.004536979,0.025007874,0.0037790537,0.02153045,0.009032652,0.0047769547,0.0039887354,0.5584355,0.877324,0.17353317,0.022297382,0.023656309,0.41086853,0.45588374,0.011823274,0.0101646,0.018535122,0.014710858,0.016101867,0.014434725,0.01808925,0.011842012,0.012701824,0.0064867698,0.011939466,0.004398659,0.0076365173,0.28024966,0.5875052,0.49031758,0.3845552,0.07283278,0.010784537,0.030353747,0.011496425,0.35401657,0.010380149,0.01864164,0.017974436,0.029321074,0.14198002,0.2165218,0.014249027,0.015535325,0.09827715,0.08012283,0.013290912,0.14790478,0.011224754,0.0286628,0.011798233,0.02014342,0.7929591,0.2675147,0.3772807,0.5228254,0.06426337,0.37103814,0.00809285,0.12281725,0.0010840148,0.078917354,0.79731596,0.6779448,0.8659184,0.13617843,0.012711465,0.48740643,0.012504905,0.3535232,0.011469141,0.017010376,0.0035497248,0.15291727,0.008243099,0.014444947,0.01052922,0.0074774846,0.021227237,0.006765589,0.0102534,0.003352955,0.0101915,0.0037373602,0.01154688,0.006389782,0.0053568482,0.007272899,0.98093593,0.41258985,0.012296908,0.012402177,0.0116848815,0.010102391,0.010481834,0.011678487,0.004766315,0.011125792,0.00068481266,0.003361836,0.010163486,0.012396306,0.9393915,0.78438276,0.015868597,0.009617351,0.0056126416,0.01935704,2.771616e-05,0.031499267,0.004868651,0.12678084,0.07932186,0.13176765,0.00386047,0.2083776,0.007223487,0.19479579,0.017330617,0.035533383,0.005329013,0.016145691,0.0050352514,0.011316258,0.005023569,0.011109263,0.0058296137,0.021443248,0.010325342,0.01636833,0.01053977,0.01472117,0.010628864,0.017748296,0.12863989,0.028110564,0.024118453,0.040022194,0.55562806,0.032040775,0.0107297115,0.017335594,0.00979428,0.012506701,0.01268819,0.014352985,0.007570982,0.017921567,0.019965798,0.055504084,0.005579829,0.08207606,0.009128422,0.027001679,0.026312348,0.11005403,0.5531196,0.047427237,0.47142872,0.21390083
