0.541745107833744,0.601373918451128,0.572533451743652,0.556599414768565,0.632243562712505,0.568634645909599,0.587287049730235,0.60826784631306,0.591993692892194,0.56329799777992,0.669595838606779,0.610505039021144,0.630941928239673,0.572537636428494,0.679923462769502,0.584635871195373,0.783610803833997,0.728429268469991,0.594938662372909,0.562690920315944,0.654063416465693,0.636203537716054,0.700986762435114,0.688069523518418,0.743201469977132,0.702937271213253,0.73220913461357,0.599911527852883,0.763796427920773,0.709917556226574,0.704879607725475,0.534342438776103,0.613029279167453,0.694583512883762,0.70026218645628,0.49682454675106,0.593649719603667,0.328729899452457,0.690803604768257,0.569791311730289,0.700166948660858,0.735705977826091,0.876107449316557,0.770044716633903,0.670616714141604,0.399275397383957,0.661169806153028,0.515700418799385,0.616006400789577,0.526741292873023,0.586293563797484,0.657377264359879,0.625722194167591,0.689991442513833,0.625450642310344,0.618910998357549,0.755641863996817,0.685981172496773,0.564523036831299,0.562886817612536,0.634433641469813,0.618501298468431,0.656853769303926,0.659268936138431,0.679238128716971,0.632061940154793,0.651019295308199,0.676679073503651,0.693676122567027,0.543005767331857,0.580066605039587,0.527215295275044,0.374608112552775,0.358608622913378,0.381444067478805,0.526297703976648,0.0862929181729399,0.289299736996847,0.45071680225406,0.693247540801087,0.581333085892734,0.58083229084364,0.674652515674564,0.630587100219093,0.674898469539615,0.663902084544202,0.852458172735283,0.756739311647417,0.707307333496101,0.678763125358578,0.706944894278377,0.691645974201028,0.738677653059966,0.658212965097929,0.641259409319044,0.652979104639063,0.740202658153915,0.835031704321321,0.832991344954089,0.817813691927943,0.699192265247624,0.733628963118756,0.722450347701233,0.754595951446302,0.693965947310887,0.698691235968327,0.404142861591228,0.428468393818651,0.641162402143956,0.754424709218591,0.757866770457091,0.801430997134198,0.82005513238645,0.759810018306454,0.595974229520719,0.350485840055106,0.401349654496805,0.469273646290689,0.536874198892778,0.417769632549607,0.100027972728268,0.166249421596527,0.113248088538809,0.0927245385061235,0.162036197480235,0.0640195371878695,0.241167147782454,0.171379110701427,0.344607863517012,0.348529432376381,0.624427487908397,0.598818933051336,0.478524140647071,0.358131928487935,0.348940060419989,0.161246921169264,0.315224932136891,0.136016519911783,0.568959552939275,0.322091522316138,0.664348931019523,0.589753611983945,0.620713585285694,0.420309170412688,0.300366519504253,0.209196090803016,0.73348521704495,0.582256421837497,0.76862358737637,0.614056106273499,0.612645474571854,0.363551689822189,0.731676460946382,0.693154553426094,0.141066012208835,0.0610558105489382,0.073041172978279,0.0433696467187945,0.110560560171657,0.114527435722143,0.126884726908837,0.0678608932248757,0.128513079495557,0.11653718780199,0.272893497855654,0.073363503584495
0.371236383770964,0.322403183230812,0.331869005413728,0.276596739713398,0.37535067499503,0.269212474566961,0.384015758098868,0.329085570765938,0.387725156478543,0.31881274617671,0.440169005170713,0.350696054301973,0.416533226983116,0.396141064366669,0.37235497238463,0.386045870946071,0.551796284003777,0.620355090666709,0.291910143613273,0.318338727318059,0.370562349766543,0.419378804350838,0.423108857757198,0.512720783052407,0.486801276560767,0.392297393033669,0.314432586204659,0.222713187947114,0.464248566376928,0.394207670721379,0.354006191931882,0.161840330805949,0.503491555557441,0.420341500431848,0.528394279210635,0.440607085948645,0.425981476087803,0.201256962443542,0.532336667853134,0.44361089552956,0.535880580229865,0.664068060473721,0.679160022339519,0.611986120948718,0.370958183767922,0.386306141209271,0.33992086681075,0.37322134009352,0.42286749657892,0.4583152444956,0.298293661599098,0.339380145793921,0.394842680168297,0.395662559147412,0.452986524257436,0.400590836355336,0.58524617291027,0.562613919176259,0.337352910747313,0.274858586415853,0.243653340146484,0.179274776313993,0.362783982607587,0.268100824952082,0.404897691611029,0.324155958141586,0.384274465665606,0.311586496625493,0.354422206501051,0.350764366298301,0.334778141573464,0.340571368297531,0.413982048565754,0.435836060071385,0.50776613383442,0.636626722680451,0.117571779689473,0.36334911112395,0.321202633374681,0.401693070452309,0.404345176607786,0.3554288528517,0.260188845783275,0.189464825531085,0.477465589532168,0.421853719930188,0.31292366478569,0.198908943490976,0.516195649399833,0.396812853181506,0.415497414461587,0.382511055735466,0.450222866553667,0.362476287332539,0.370854981562897,0.379641492566227,0.572014412913316,0.668260839775326,0.661278889490488,0.657681780114795,0.528607371633347,0.415458642473891,0.61231390717601,0.55069178673869,0.585889269514301,0.558369722058959,0.145741430187627,0.164385260677305,0.311195767686727,0.39863263451384,0.466808224569558,0.428778895396128,0.506337203989142,0.686647744956877,0.671284128047042,0.199601727490517,0.375502950650966,0.283979517685525,0.470245601767584,0.394812114852054,0.133364415456719,0.110613339874893,0.234798775495667,0.111585597819597,0.299564773091008,0.139121898441472,0.306582651184207,0.207047604551197,0.350980412913486,0.314705900964327,0.590980427106842,0.580874667670229,0.657617950920532,0.517704130438241,0.213219677287059,0.164926677471621,0.191061141633648,0.131166158427827,0.422533231819304,0.318923509825825,0.558527846,0.574618475953734,0.690549945010615,0.541562934560756,0.424793867892629,0.376098061457742,0.465396491395294,0.425345390573387,0.476505016140117,0.479234021321319,0.459933587400943,0.351402551775224,0.669224645379491,0.719606242119588,0.0837890135163677,0.0649773794083068,0.0349503965673605,0.0382716072016154,0.0551972350982182,0.0704119891828198,0.0812626822905792,0.0604454163076747,0.0703431414149236,0.0629670773457103,0.198675157483415,0.0660030204946032
0.656555125411698,0.667612881720289,0.65296044043528,0.653629937746911,0.741024137063992,0.671314693134256,0.662186937041599,0.694390291804857,0.69047504064016,0.627100975090323,0.724882612604329,0.720555747732508,0.740447670208309,0.709388898922822,0.752598974158976,0.666867250261445,0.854927632045389,0.826087154743176,0.673883172651337,0.66489451163682,0.788396921369324,0.713660249278623,0.802122504400713,0.768902532641476,0.770795054496689,0.769366342743076,0.791127829728112,0.763221722696067,0.833432805106743,0.778001513977082,0.894334182480934,0.69956720866414,0.701286740221773,0.796709086664585,0.799904836629838,0.635008893570084,0.667498874862489,0.411564261974843,0.749191641546184,0.603490998671229,0.810670584050335,0.835611148980691,0.902038823399132,0.77709919206691,0.766923967271077,0.604369919106236,0.752861616502687,0.673621707605532,0.747680562725185,0.71603243791235,0.607016729838005,0.63262218747577,0.687401025548451,0.7641411973616,0.85211763494047,0.824720503183407,0.843759762532521,0.811154831568184,0.661757439937707,0.646498527767712,0.570719304510909,0.544241000400326,0.731304081005895,0.689609341752252,0.775435992530156,0.727878889620106,0.721458762556679,0.741802409792976,0.710932331626313,0.684028055946821,0.671776882414867,0.672686267383068,0.530540545185186,0.498111653943483,0.475285581013641,0.679730758230002,0.125657505925535,0.363483915053491,0.582544696760467,0.854842951570368,0.71973022122094,0.700816098527408,0.796110903875266,0.705886791063986,0.778964464695805,0.797372178135636,0.839256639686021,0.780764289528907,0.823674987436789,0.802015267350214,0.716926778517276,0.706513651758209,0.754871206412195,0.652887958067999,0.63321442614431,0.766190724481957,0.745485882867231,0.901420540203036,0.824410887470471,0.854370578682156,0.809692523165101,0.780323355246448,0.803128002440735,0.821832464410945,0.761711162174915,0.740937172687121,0.410852420811554,0.465939107589693,0.63564211216686,0.729721405384082,0.74290804924221,0.712635473675638,0.76239897373112,0.841592077528502,0.811601355186819,0.438804297659122,0.65607337722579,0.576537467250918,0.621302149821416,0.658190398401833,0.174798804657053,0.156687068089843,0.285346631493496,0.197452603153562,0.395577705097775,0.268000670932884,0.472334294973518,0.330179251123638,0.475000028091017,0.3024509982788,0.797078478510957,0.761923003218991,0.764931152815415,0.617012514207851,0.481170815611393,0.31476635410358,0.577768200258587,0.421947049377323,0.809471901128775,0.680292235541285,0.759779989519144,0.777186055500941,0.834409602641135,0.76709608085977,0.526937909117491,0.474431400606409,0.670284594265967,0.453565089211969,0.886780394564187,0.65456612440391,0.774983841002715,0.467779522201031,0.846363452777307,0.801801405010209,0.259596811817356,0.104012072516175,0.130927279049835,0.0931735712327753,0.168064600481268,0.18551223833386,0.15725153059787,0.0678608932248757,0.183823540282901,0.155604892665134,0.400317988698245,0.148778289341583
0.547058855881914,0.532434164561133,0.549522720423486,0.550457236504119,0.639637399317473,0.567147717717089,0.566879685192675,0.548921180621688,0.586100678952327,0.55297129094046,0.662879429287286,0.605183550843557,0.662443974240165,0.623631097118676,0.6857211105365,0.60130150511486,0.801740653824104,0.683179207820693,0.569486802316805,0.540392740119328,0.641905325806945,0.586098738161373,0.692665510907378,0.651196906520069,0.668665814945284,0.565271101599175,0.545217577500992,0.534151114861967,0.733171707086246,0.709810080074679,0.724507358463228,0.582900535097925,0.66136187663522,0.722787790612441,0.75940317246738,0.537004161598648,0.659844192666692,0.337731948565455,0.709617773178728,0.625652422690452,0.682814607925769,0.807606314649394,0.815828925252638,0.811545351599277,0.629041658278011,0.472106264288692,0.639404261041468,0.586306902926511,0.674907850292884,0.609567384727795,0.501849210053782,0.569644303285619,0.605094471721372,0.617724666898529,0.682006041458353,0.62965813910296,0.828868755444289,0.747711618920268,0.565801425960365,0.539352275540735,0.562227398772035,0.447394839469187,0.659498264119646,0.599132625271002,0.671915629220606,0.587822858928371,0.637451352409956,0.595778249487456,0.645163798102753,0.57015962895032,0.59211837976066,0.572780078905997,0.320291540342205,0.4050473770102,0.496739767069174,0.688966447403919,0.239595476927914,0.418534688617261,0.459355146991503,0.68233329493947,0.611406702483035,0.596143857317753,0.598350153643238,0.568683538423416,0.702801757150064,0.67633565476083,0.68125766916825,0.657238587194237,0.761347777868468,0.72475625403291,0.748259782261007,0.601480435132577,0.671126869513557,0.483332435708186,0.503647665310007,0.697494594626025,0.689035770596367,0.858273034747736,0.807025709230948,0.837900808742069,0.757002726182815,0.680799775886391,0.764192351686901,0.727897679571407,0.755727272292841,0.694008015060716,0.388939973981905,0.39673204960612,0.568448804012931,0.688811530243695,0.78935062901959,0.844854973065177,0.725502872903478,0.777717305736812,0.702448204715386,0.346196624115172,0.548892316647334,0.416332466689214,0.54644968013677,0.442095614380378,0.195264297927894,0.164712166603655,0.176511878343789,0.0929292409888745,0.257035984748279,0.100293304723806,0.2906536119602,0.164191127684732,0.427451005671173,0.35735296230996,0.61403533043107,0.584340778729002,0.60820088387511,0.373803943675011,0.398408662379328,0.312463878017249,0.289965415072134,0.257000359195987,0.616650890358048,0.45691659757137,0.681415215063759,0.656812439479148,0.700722435660856,0.499241477928811,0.467344722525591,0.2838235461968,0.754827545260232,0.499320439511476,0.796252822521922,0.55883037073929,0.754763454131971,0.489430923253389,0.748944062916971,0.707476661992958,0.102181723800448,0.0838612417618816,0.082962273479072,0.0877850451334207,0.147875441271154,0.193205563309655,0.175743756167478,0.128992180629354,0.0925653649513454,0.0836847996216197,0.166004249350973,0.0575565644898094
0.41318346287018,0.32879574063167,0.357610642399282,0.304010904424772,0.372067002778667,0.283020673559954,0.392500212112285,0.345145011932078,0.403349212481267,0.296183735075552,0.429444309252947,0.348777334755649,0.457626346822228,0.436642458904012,0.394535490057542,0.417606561195863,0.539469523252687,0.583166318960476,0.291422896546606,0.317203971567984,0.393941090683895,0.458595065603527,0.493932414371296,0.571797638763549,0.56807757370248,0.468758513402807,0.430382223478303,0.297070944704759,0.51873468503301,0.419533595814948,0.382111598192395,0.117493227640962,0.493567590766998,0.459729726977467,0.581767063731009,0.451449921227139,0.516372367809577,0.262314911620733,0.553748034094555,0.50797426624719,0.487287009049422,0.614837128441489,0.776862791040912,0.656425955961411,0.403432916058892,0.423231262715297,0.414433253422027,0.477132243462763,0.475661032388614,0.510190354127806,0.36602039026204,0.437674352514479,0.466677353965817,0.435782470303404,0.519065584655043,0.431563399102187,0.590840437798383,0.580797313545381,0.384253922125872,0.293569896267734,0.311915225207019,0.1886946159138,0.444204013545107,0.291143686581597,0.480615817732484,0.349671485009628,0.483615444076177,0.375104944289152,0.454527254437968,0.426687861164582,0.389683012623793,0.372092854353442,0.390439036021947,0.389744983166814,0.382962094134044,0.532778282236424,0.0949223772926596,0.305054289749283,0.326115487695723,0.443954274621016,0.468551472677887,0.390791952745037,0.34906006489422,0.262661948767242,0.527958367531947,0.432510621106991,0.42604664251839,0.259600342425199,0.540329535631008,0.411936719196888,0.410467019370757,0.348454459029136,0.340527899716914,0.231836824958475,0.333135111973474,0.384704484245774,0.504801337042979,0.651344234734905,0.694725369233138,0.691737437817271,0.42132145947325,0.303089905564877,0.54251824233575,0.526677274834927,0.613007437141644,0.5848742438523,0.08454861611123,0.129800229651836,0.333643693028004,0.379078539790179,0.506450715488352,0.617709195666044,0.595944547068901,0.651212416467335,0.673368870113085,0.330514725428657,0.354978375971414,0.300000017741695,0.412050281364236,0.411764730233699,0.0868276363458608,0.115344320546836,0.145789033613963,0.126454958719426,0.216888668808641,0.137909993714241,0.333930925443946,0.228667709718598,0.319117665931117,0.280882369552273,0.627133370421361,0.604566192924958,0.620482283647525,0.489796820409935,0.190167672513728,0.140924152790821,0.205853530051707,0.154729971310875,0.364927282808499,0.338531354122667,0.531681617120858,0.594769510531773,0.689871778967265,0.593015635471084,0.299908392301056,0.31468629312003,0.483135531470249,0.413833209262741,0.45559780034322,0.435753324002881,0.449132257966182,0.356170237743087,0.655461359760489,0.680466157954876,0.0925711184267847,0.073725494556129,0.0633700529625454,0.0588090085614197,0.0701730145305833,0.103952418573284,0.0845250219020366,0.0561042557184972,0.0667483699605024,0.0545320047048044,0.292898798455811,0.0787330363303996
0.747004509604776,0.724751102705269,0.73180048213931,0.705414958366975,0.788988200164093,0.668782214972707,0.741503784076191,0.712588515701303,0.74941584068964,0.643803649709154,0.835120731567694,0.743760980854293,0.818372974491257,0.728225540628425,0.830730799742744,0.751374702269987,0.909131431918654,0.893502753965093,0.80964947249126,0.730852074756109,0.878935256102709,0.817272588189732,0.862703724037922,0.832628684587567,0.838550851730079,0.822471710412738,0.844882314383661,0.75861856943425,0.895127486626452,0.878751231584683,0.912570970660066,0.649259529427001,0.774611160438558,0.875173420539405,0.884872414464383,0.69643783100977,0.751864483544666,0.42493564116772,0.853247862460545,0.709771318350395,0.897948046206903,0.910282479524302,0.959995600445175,0.856155173971802,0.849894977231824,0.663493733330703,0.823389588599797,0.770025450363371,0.838800414620542,0.781753030034293,0.722576335328529,0.766250409579869,0.746303830581313,0.825470852010087,0.796732246905393,0.866796082110581,0.896140687682942,0.818561698644852,0.774670813400852,0.706811497745293,0.780191139526215,0.671582124395738,0.82609883328055,0.760769415936531,0.819566911837903,0.756763211013616,0.751379948486125,0.773886472483662,0.876002536132961,0.709827985407023,0.8034630338966,0.736916616429732,0.811010606031722,0.678782537901282,0.629159043599385,0.751073411757356,0.231424426454725,0.568802554646806,0.674333373212721,0.872375829211702,0.771696986608883,0.771777798449738,0.938065211499719,0.829175142093227,0.808132124985593,0.817028052534181,0.919139127204633,0.851668451509906,0.854329554200649,0.774382373931261,0.849034911946763,0.799644803228807,0.845935356568533,0.768757397246944,0.770606302781637,0.83657767569392,0.846251466168453,0.922774530215861,0.884331718849394,0.910127313641577,0.851866147244592,0.784400061076142,0.868027681040102,0.846027507810075,0.892421474740388,0.825945297155022,0.680746227622472,0.620054913966246,0.827742560824705,0.945749539934791,0.942731885326137,0.955890337170938,0.931455987973976,0.859557865728881,0.849042195805359,0.729184216792679,0.716730370881737,0.656105208141856,0.885665386472151,0.85482031199111,0.317156104645478,0.251921583525836,0.407697785137439,0.299288297535464,0.376243526333806,0.339568558203137,0.454042977365177,0.311292076999041,0.620098075887654,0.429901986208279,0.89003142518457,0.791261433238736,0.827477526413654,0.652820002956485,0.504086417989616,0.333543624835034,0.482381804767476,0.337770917808245,0.769845080315962,0.578023871169517,0.885811007202669,0.840394856271372,0.857894787577128,0.766223030858231,0.583507456168289,0.612901997030713,0.814270119549261,0.714160024409383,0.947746092262266,0.762805661185139,0.887813210825547,0.628257587829567,0.896814723392129,0.872018196632147,0.320519212548109,0.172971352612456,0.165549576230555,0.136354401673156,0.23434372781502,0.301308676113866,0.212973305360406,0.110723802239209,0.265849688924694,0.255419918915854,0.397376812053718,0.196440433940062
0.396169515048738,0.356641808241075,0.365953538572505,0.304145359307143,0.410385285540905,0.309843982658562,0.467084163782162,0.373766998515922,0.460802173337167,0.355270027664759,0.546549991372368,0.442810857613775,0.52175471451088,0.481304075251593,0.360968130062594,0.401876662233013,0.636514341200083,0.692841417559611,0.335432742391413,0.383321870621191,0.520229652517194,0.5293321964132,0.582720047349253,0.629091365010112,0.617995580219643,0.541294907449727,0.537955371963736,0.410590680297407,0.548978142228431,0.484778610333707,0.505013964373824,0.257970916382545,0.564813030721954,0.524663263552699,0.553089960076311,0.492856917703658,0.55979230854704,0.311504261910484,0.598210714499005,0.530236216740873,0.581300407287413,0.687442446945783,0.825523667358952,0.734796058635355,0.511885656976576,0.458010953111735,0.440756236505343,0.455051731581928,0.526751633940641,0.526676288606604,0.392474831581933,0.412152932246582,0.494759360250766,0.472464466528704,0.608106764307712,0.524101420792401,0.667484690329076,0.671833038220829,0.410055971089459,0.326654863834969,0.283540585538182,0.18425858381298,0.419713639732051,0.288317678687959,0.529595229271514,0.391780919925389,0.472737938125569,0.394542115283754,0.409417680163813,0.406505744245722,0.314361419192767,0.341552933230333,0.438199467103503,0.438809418406434,0.486507853942565,0.617210365744078,0.119648002792919,0.36830359320967,0.415638368807009,0.509951601147859,0.505940027871177,0.44389278551999,0.443028942046774,0.356617301784025,0.578472471343766,0.49318998376052,0.553040546925186,0.305768391143934,0.638703315958537,0.487279461253665,0.48173264470124,0.409494611326862,0.420992270792244,0.266985298329274,0.419932262435288,0.516638280056161,0.567288486707904,0.744771855208538,0.710426692012752,0.745806205010691,0.552602680577124,0.355300380856414,0.650405028229141,0.591225780028546,0.66628199522354,0.635206295594004,0.226419539534011,0.212452226154046,0.400018832139331,0.434346000918978,0.468685712517831,0.53217195684603,0.545282526688528,0.718060641190461,0.679842839393853,0.259523824871784,0.560529699561174,0.419407333181218,0.538092550383067,0.519648723541953,0.139430106751084,0.107212555360049,0.255957299652691,0.145369089046946,0.338474771461803,0.173817509944404,0.391830088531909,0.243193425398169,0.420098064059857,0.332843156938907,0.686752981790341,0.682488074945561,0.737215199930958,0.571251370681619,0.272202346305214,0.171129695238451,0.325432545197306,0.204712774404406,0.593627486086916,0.438692836401363,0.623441533033379,0.669557538272096,0.785345763678809,0.629884107667191,0.476598892030176,0.416568652086426,0.586906725903786,0.513068212160513,0.572968886497611,0.533454400950031,0.539086079523198,0.470695867147808,0.717976670274217,0.739878090531764,0.107649826857878,0.063469083693165,0.0456683098642801,0.0359622388733206,0.0677278010065065,0.0848204500481403,0.097481412120597,0.0485758117971168,0.0976307247280298,0.0759896456334248,0.308744056414611,0.0935143343387888
0.165498602871845,0.237666384951532,0.156782631971969,0.272195302717658,0.132391886258283,0.144780126370589,0.13484359858995,0.180226432892776,0.133595205568522,0.117622909208585,0.12975201904306,0.085650272037047,0.225261980456796,0.160512155748473,0.310890271086721,0.230826131529437,0.197980780169298,0.135226275464271,0.281118128976932,0.170638321648426,0.0851693578961924,0.0780580035167655,0.0680630390983629,0.0599124920284907,0.075439398400803,0.0616565664324515,0.0665637626228318,0.174944031164215,0.0974988818596318,0.104489538177587,0.0787100673601183,0.0731017982322188,0.140745908405884,0.286045214656535,0.158374508057907,0.111168822716392,0.0451509788273844,0.0523280686492086,0.143460729682472,0.146394528410556,0.106209156607899,0.0936564698912736,0.091270058873554,0.0775873701798358,0.104735890804683,0.171562052480402,0.129681202961269,0.179828648550723,0.146288791467599,0.113810109032404,0.131107362847863,0.235806877384314,0.112845395977828,0.161046477682408,0.0497635002653773,0.0775149235952362,0.132074626311255,0.116223978590728,0.19097118393556,0.260194760301051,0.307556396672168,0.339044071514691,0.186606860559366,0.31104528408482,0.144571945604914,0.135396932734574,0.0938773604153254,0.162942361234419,0.203594505393268,0.18982134864289,0.268861118532478,0.213483336576777,0.528729972173034,0.302075162107343,0.004118951702673,0.0125629550928377,0.0100214153018847,0.0010189076232823,0.23569282439615,0.320765433569315,0.157370884486094,0.166029468402629,0.193888773196757,0.113614854750955,0.0870133799008837,0.105203155750868,0.0702746438131581,0.0762397421898282,0.0992503122421113,0.147691249976379,0.182327340485183,0.224150870728952,0.130350495316721,0.23504127650812,0.118919413030466,0.146225262033992,0.134972557001747,0.0913677720222395,0.159884087053363,0.170063366876425,0.123507632576447,0.140488919228545,0.0525429439720763,0.0467616927100475,0.0720537509612463,0.0563507389296071,0.208445682261906,0.393316091826104,0.109051588712801,0.274509820155799,0.213912735634511,0.313378011239372,0.196401871327964,0.0221516191588098,0.0365844060400576,0.196844374386274,0.145887454515081,0.325289680556373,0.361165069902623,0.392299859801521,0.0702712822391131,0.105424319960177,0.0662377209720166,0.0741079849359359,0.0300770065969834,0.026426669420574,0.0330345491058237,0.030511490409407,0.182843148068059,0.133823537325952,0.226015699640848,0.191963883515587,0.0510466378890104,0.0415115889077159,0.0899573795740371,0.0471219078490346,0.0735294161131606,0.0346405249244223,0.108428216406009,0.0443675535657973,0.223095175171456,0.136560686401444,0.0714875466130758,0.053127239437869,0.17469306512318,0.194745109556243,0.063066302475534,0.0545157489162221,0.140322740262143,0.0884902315706706,0.151955121610033,0.0610685023055657,0.138288970640663,0.0969676108822408,0.0449047251079809,0.0211764718405902,0.0201546766079101,0.0182716060188357,0.0312341425622649,0.0439303837392186,0.0425456414613391,0.0181231350990572,0.0183006546770533,0.0182019988566918,0.021436143292089,0.0011463047435077
0.300323524928867,0.23911566039956,0.304193459226555,0.260361838628582,0.332752665889123,0.239105759319201,0.323784446213906,0.234951449794381,0.335843645567961,0.262244662321582,0.417105097654596,0.327023059677227,0.37699603325015,0.349360666496929,0.30967288606354,0.347016461008137,0.43070963883933,0.503249108631032,0.251316106138661,0.298191299770826,0.345316227572104,0.404883086982672,0.418034292419811,0.468038585384286,0.448628368777413,0.37779358743342,0.364296485050518,0.251748986081594,0.409424411251708,0.334180929203544,0.411398949381969,0.237729467542599,0.455607205229884,0.345772702402783,0.459405175111496,0.369371333691725,0.427695574355437,0.213672825044938,0.49979437862743,0.394370022908099,0.442250617597372,0.532538311823572,0.679015191671417,0.605087796695091,0.398019483758338,0.33767795,0.361961321376373,0.341509713961683,0.404045603940706,0.418109359764924,0.26935845476632,0.327320558330247,0.329320200840703,0.357643154667166,0.407593635406791,0.387671269382599,0.547539286280829,0.496359768643095,0.29023803683268,0.228572559459807,0.249612130794661,0.175379901302058,0.366401657925902,0.265130491661761,0.430257924783094,0.292418864264766,0.393182411297139,0.334338366983461,0.361401387474906,0.340747850677259,0.271794300874289,0.288934251067951,0.219374193919589,0.257600640478475,0.491823900595155,0.574142782005316,0.0976276575168913,0.352610314970661,0.317461892412717,0.381419819391175,0.384313534718072,0.337483243110777,0.283130405086151,0.208324186533861,0.454173537623439,0.395759921830073,0.371665390113921,0.188093656332382,0.490563294942785,0.383707790308552,0.46258147561012,0.374758626510927,0.304901978815906,0.106304247397435,0.328489062102402,0.434953137402139,0.524855804459916,0.638830854659402,0.641629954374723,0.668886379608599,0.196591263511576,0.0674083905620675,0.293150520781244,0.121848352263248,0.418236559854461,0.329305746710076,0.147998374765545,0.150955737130599,0.317797545478757,0.353308844423736,0.412958892179597,0.458452275936458,0.468220666461065,0.566323764630356,0.633147434333484,0.157694337056975,0.207588502218003,0.132731736904878,0.169369893892243,0.159906055208315,0.0673627335446844,0.0801568674854934,0.133541534347907,0.0775367515220151,0.223555627003113,0.0949007753355622,0.331456602235059,0.187346166725491,0.239215700421482,0.225490209413692,0.434941202192567,0.41887064388537,0.507763676027566,0.343900198591026,0.199545337177435,0.112116917738087,0.2418108562843,0.123907816065312,0.506673021741482,0.349450232123262,0.445705482454049,0.461664044260475,0.602034533613438,0.423572373697126,0.28275610981335,0.167156872630585,0.348975828384852,0.278464811477038,0.401940480973965,0.400596882804907,0.359469313107619,0.28308043464934,0.578278716527566,0.61914767890822,0.0814692122192765,0.0754751175856934,0.0443246647570861,0.0340159787727451,0.0500853547497707,0.0501255812855919,0.0634212343118571,0.0493020282525554,0.0707516381711078,0.0494265660010981,0.198807642917854,0.0585822055761058
0.13369619199572,0.193528437308173,0.161133197917545,0.231021220428328,0.150762330707305,0.165682955816234,0.0749121658265795,0.243089966582851,0.0799287140516764,0.134733510853117,0.0810798814630934,0.0868477190500264,0.159331100158568,0.170022549498987,0.27188006758697,0.166282541403979,0.0667147094274693,0.0442194249438129,0.323201923538704,0.166247689784675,0.131628904127359,0.0676905849084114,0.0741375584670855,0.0467120701397907,0.0345873460739809,0.03129519303513,0.0652060411243992,0.0579611508496951,0.0510244868851572,0.131065856550514,0.0588484159416666,0.048933565680698,0.0628656720518838,0.242238022523339,0.163900010703072,0.112547068149604,0.009175031246028,0.0230538497684148,0.0520796546830682,0.0403707066945752,0.0692895706400779,0.0944692773944797,0.0484959921728163,0.0492686619902323,0.0737213263695645,0.0996222836043649,0.0814005926624997,0.120101832945397,0.0589386529310302,0.0788584871870547,0.0775672540346114,0.0991628911175735,0.0397868083464053,0.061368674071719,0.0202527569227592,0.0647970854553806,0.0336921189432389,0.0498228470960464,0.15446467269815,0.128603455262332,0.184736278313426,0.260026973955941,0.139927250115904,0.246017581427281,0.107112142590279,0.143605110107774,0.0167527549482488,0.120074543765067,0.131409793908118,0.0954880998127596,0.150206407231867,0.112700541424353,0.234033097439618,0.100888450441534,0.0007486765702396,0.0049846697714741,0.0039868168054075,0.0001995798437357,0.152516348888942,0.230502415395596,0.107158662482639,0.13426316879192,0.166781882145297,0.213913447979912,0.044130544344943,0.0849217782222816,0.0697136776716855,0.097833975093828,0.0515879319724263,0.0923937664545531,0.0806290677650139,0.109475526289448,0.0225391859613893,0.0816798236639939,0.0955305708168239,0.116084121670439,0.0726143833793079,0.0666945679487123,0.0387003171253758,0.0513782869425504,0.0550217897463073,0.0515807477078463,0.0227913913537825,0.0147581311612914,0.0261924923542952,0.0221072991090949,0.11084559479059,0.254948220774751,0.0619363369491639,0.155239517264642,0.108974648933224,0.0801820775710179,0.0695017223233194,0.0018619383010273,0.0188584640406704,0.135259111640542,0.0498599469262574,0.112633696500614,0.174643071436151,0.0940155284357995,0.020297692384624,0.0348486295118928,0.0164023880117937,0.0110577248552712,0.0111242127777634,0.0041002280329161,0.0142016815121419,0.0071224675464904,0.097549025376793,0.0436274535604753,0.0886392209283076,0.0532113664323376,0.0175278229761642,0.0068734406916932,0.0676328542412839,0.0413920016067936,0.0329008093274965,0.0135534923736071,0.0579063917863213,0.0316801249031343,0.0639599355813318,0.0335559108344888,0.0220256536687843,0.0120366401851422,0.0445299641507739,0.0409607867361046,0.0432394576839387,0.0177176183977722,0.245341979046285,0.115960125473111,0.226694228282498,0.0781830602098784,0.0520174793034516,0.0416646146626123,0.0280033156577445,0.0143589752081495,0.0089524261211879,0.0064778507825125,0.0149204161072917,0.017616216067141,0.0306626116848904,0.0096102644269711,0.0037581701568948,0.0045874956468085,0.0122416541420829,0
0.0655743646489685,0.0304752353739639,0.0653925633551103,0.0756935085655481,0.0376736427958121,0.0420834366854955,0.0371165347425424,0.0414368130575471,0.0388813318181612,0.0275090945248279,0.0377631664670276,0.0323366780015581,0.088582108120294,0.0394760707484164,0.0771628492074777,0.0596573417902455,0.113089783227458,0.0506299790319266,0.0781934878999463,0.0673622253483804,0.0443692245825533,0.0353914717649965,0.0472112934115619,0.0238551139255717,0.0227932277294299,0.0309747105558821,0.0208560185839105,0.0347199548492359,0.033938515684165,0.0500375759206196,0.0333109405586085,0.0538198821982889,0.0585053539316749,0.0975936138362816,0.0529164298752895,0.0300287949545146,0.0121860846574871,0.0211267205938669,0.0933208209695419,0.147530892114123,0.0636302615921318,0.0820450578555946,0.0623707701769573,0.0712088909917398,0.0359417083031554,0.0309919311139472,0.0136545882177619,0.0131471697574617,0.0307347109757457,0.0252717406249797,0.0191578399639687,0.0195665609728633,0.0240580442417335,0.0246602754821971,0.0199474913340782,0.0433925162956445,0.0291128508457628,0.0263485274658081,0.0691433448786201,0.0533393116740737,0.0975136552944658,0.054490525804184,0.0717421134280724,0.0480694685472767,0.0658131205400539,0.0491730763927586,0.0456509229143822,0.0331755324481342,0.0420776668875233,0.0424637445164873,0.0434995447170266,0.0385947344336869,0.406111712071826,0.175010929137178,0.0012950480317558,0.0029945854685612,0.009291976725654,0.0002258403494904,0.163511992240739,0.110091352285948,0.0869105315454844,0.0534081222163765,0.119739459282383,0.0862840403910059,0.0258383538661563,0.0150953495334273,0.034188419110558,0.0235079386847827,0.0270870114058198,0.0297805504721011,0.0270121971787413,0.0463081672430903,0.050665934627696,0.10755601884605,0.0321691195495077,0.0381263639105277,0.0243145983878316,0.0192383468825382,0.0130243427384386,0.0373324616539777,0.0578062712248717,0.104991010101255,0.0182429845467685,0.0240684589623789,0.0070844337319922,0.0046426237021758,0.0713575750261144,0.181141335166824,0.057431705093918,0.0297127640550842,0.0349513510276241,0.0251796960084187,0.0092935117685293,0.0003106592614931,0.0042568179213404,0.0583858577946168,0.0717850819127271,0.116287885665026,0.331715229973287,0.171568637597375,0.033348872423727,0.0634352978691459,0.0362489365000764,0.0197689527323413,0.0272675678818456,0.0090014446939036,0.0256862760288641,0.0224156501627392,0.161764715448953,0.126960791822057,0.16414510774659,0.154241942115381,0.043932170059683,0.0353226402351125,0.0209832351141866,0.0213951545008446,0.0113610156661119,0.0093911254263826,0.0238456687093863,0.0142406775050011,0.106955995242575,0.0660969832411816,0.0557717856954559,0.0297552615278366,0.135110874766937,0.102254908008035,0.0461536242674456,0.0168746296372829,0.10300607295223,0.0251694519847436,0.0723262074858543,0.0178319180615143,0.138857401593293,0.0546488535515527,0.0117647065781057,0.0071794876040747,0.0080306230825316,0.006957153643102,0.0165259525344214,0.0228155994986634,0.021162949189351,0.0094892283510646,0.0118464059293425,0.0054014061647906,0.0103073667992863,0.0016289593723531
0.102774632661462,0.170757733477645,0.133234899371907,0.166078364690769,0.102749541657321,0.105508156001607,0.078125358808172,0.192771809183058,0.0567041955087404,0.100934136013535,0.0640145530944223,0.064399653828721,0.131035671002471,0.147698923011218,0.150175584467777,0.100054173514128,0.109056123792281,0.0593646166359078,0.149845839573694,0.101345403571427,0.0740543827372415,0.035635424500699,0.0264458498563492,0.0187353610237685,0.0296328003264286,0.0254673059802351,0.024494313846214,0.0342153857078009,0.0383718942359379,0.0859660670880698,0.0185851508950659,0.0454735112416142,0.0972704209153093,0.292279844470243,0.0726098880208782,0.0460530676172147,0.0204018984665314,0.0195317541547954,0.0987829310291641,0.120135355112807,0.072180624983232,0.0795014077363443,0.091096262071832,0.0754862473484302,0.0175875763713953,0.0467077078754575,0.0441679261917344,0.0461255948185895,0.0229762754006298,0.0342512807979643,0.0467717422085158,0.06674438039558,0.0222424419363604,0.0430912285525957,0.0141042078729282,0.0283525661605738,0.0326350871464223,0.0429094856318935,0.159082995120277,0.14576942284724,0.14721028264595,0.168962347402472,0.13823269806332,0.216703489745429,0.0448689454535536,0.148861184479443,0.0321515155332886,0.112099903665914,0.076464062367367,0.0631558755783515,0.118378181102133,0.0694125897133958,0.380047249437009,0.204581305342874,0.0013299961162311,0.0134350300597993,0.0096382927469378,0.0044117649667896,0.126052295036303,0.215211840430377,0.0648508527113491,0.10264606608624,0.158123149657948,0.180792237896652,0.0219980214721819,0.0526598922003018,0.0607271818798776,0.0882860947201337,0.0441063138829122,0.0433151723180192,0.0526052173058017,0.0953281482239491,0.0434361890813917,0.099337766486773,0.0536476386974648,0.0959055659635069,0.0480392185272649,0.0362984239543993,0.0236816228094012,0.0635051105337147,0.0789927983702296,0.0673202654191603,0.0356087076972672,0.0264066604123783,0.0282937357376594,0.0174895184729317,0.102968415675504,0.181776432010401,0.0172379753458575,0.0987680656965638,0.0614108837733073,0.0879697213908017,0.0246108767334084,0.0039699832897311,0.0192894985489199,0.0938069033067482,0.0704354510715159,0.183444752381712,0.248848291891582,0.265543316357556,0.0435474373971403,0.0591811799705029,0.0407197044765922,0.0403529246089689,0.0180095211314432,0.0103741426773273,0.0188888900059586,0.0124760173974661,0.128921576251741,0.055882356246002,0.092133338782005,0.0557356833949626,0.0180842618008044,0.0101390380327674,0.0512531999620083,0.0347263859048106,0.025028836543617,0.0241830079661061,0.0511385229483788,0.0258054609647861,0.0750666071674103,0.0550635962611744,0.0248562597627646,0.0308859328413042,0.0660619427010452,0.0851372599368915,0.0516928767813862,0.0281677081423395,0.0985567810107097,0.0504705307020355,0.0617784836405526,0.0317818140415571,0.0946225886306393,0.0621205434235935,0.034078985721555,0.0131523386360361,0.0145926108153396,0.0095860572117898,0.0211949262822814,0.0304384243601326,0.0340094678665929,0.0087549428238989,8.16993512368451e-05,0.0036256013982841,0.0145469007013064,0
0.203025158537236,0.223960611977049,0.209025860894008,0.278243286060955,0.175194479095732,0.205014132999014,0.132938067478732,0.238531738447439,0.128874087898116,0.113009231758683,0.107176501014804,0.0779725895261923,0.122728633121347,0.105096793239669,0.253088227429822,0.21317803792945,0.0940519995733003,0.0431149270127687,0.170730618516673,0.193276698862423,0.0569691053353333,0.0507736652713486,0.0276886005512195,0.0226332425544563,0.0219162223299711,0.0461771048116348,0.0686440531012779,0.0945269058565041,0.0829053892789128,0.114435014282162,0.0639942309170309,0.0623852769476411,0.0776211553112194,0.233546873233459,0.0803456927434,0.0352816590071198,0.0138948892306569,0.0347117374932616,0.0596561299270602,0.0380886520887799,0.0821995718045406,0.0471922012250426,0.0460606087845835,0.0207661302603458,0.0350366473767434,0.063176031804567,0.0808797794412029,0.124793808327524,0.0892477473342704,0.0548574201240073,0.134850580707679,0.199327336490012,0.0562926796645569,0.0629331893888264,0.0276504986034038,0.0545872274000048,0.0311850917312271,0.0423336317455744,0.203094469218143,0.219241779774473,0.24368609901468,0.266071034601762,0.268945383181613,0.232707937080136,0.0668676666246492,0.0869564189136962,0.0888282987189389,0.0832177840421956,0.151824766659612,0.12205477705875,0.240118329873546,0.219406734994442,0.336307910005861,0.133545970245197,0.0005444025553485,0.0050234286588946,0.0041758685464948,0.0001365546299244,0.127915040244504,0.207782121115489,0.0828205111492016,0.0759725934648565,0.184108502533675,0.138706447430368,0.0490447057674364,0.0399810571587767,0.0436073263030845,0.0320494096955577,0.0469211118434941,0.054989750064454,0.131721701461593,0.145291682663843,0.105409762533389,0.19274547992156,0.112435127756565,0.143537471783156,0.129143798487106,0.0670777293660112,0.0813062876520869,0.0826574411218231,0.143592265907687,0.0958480265246371,0.0622029505701473,0.0255050648855141,0.0494505771702655,0.0551497887628474,0.138259131270186,0.224716377822732,0.101039174640422,0.202513341869793,0.252005027434649,0.200286730305722,0.21871084778374,0.0115226344262928,0.024180190747098,0.135237227885747,0.0416093734818716,0.0605615009077486,0.184960985619539,0.103533502854892,0.0236288507184141,0.0373898061327636,0.0246834492095633,0.0145471440288321,0.0128244326841266,0.0054848366279095,0.0077030816880453,0.0053909872625209,0.0465686302050017,0.0357843158417381,0.0502980421902612,0.0341670546684355,0.008770535759804,0.0040641713633456,0.0682011975542359,0.0252536418236013,0.0624855861636153,0.024114208512433,0.100395325355367,0.0326951191961473,0.107989669643006,0.0675357750591797,0.0276278948964537,0.0171031926530855,0.0438152857137861,0.0411372573347762,0.0700509582548413,0.0430666989224405,0.081853368195636,0.0153398096701921,0.108684985,0.023871538769646,0.0724719228914457,0.0383215840423459,0.0142502079678463,0.006214178346384,0.0076244047943101,0.0064488021242949,0.0170334496809279,0.0241815392137243,0.0116886416648852,0.0042281935849982,0.012663399441711,0.01339252761407,0.0112877590141284,0.0029562596016778
0.336417584652436,0.307792990463932,0.355691529671543,0.335464740257058,0.393759621645522,0.329431250822501,0.367126188170345,0.328204339021718,0.386497824824849,0.320736384178914,0.467472446588851,0.380900323149739,0.46801026821111,0.425508267529441,0.424336764914199,0.426555793041425,0.57000619869089,0.690501874508161,0.342768481265002,0.37030985154857,0.436756550414136,0.459937378308895,0.523338427341121,0.549957263738545,0.555738892045867,0.466933499875661,0.404812355193233,0.310507462081323,0.534425283187481,0.462367648189081,0.45083360882567,0.26046883058951,0.523562949133476,0.458880607618511,0.556284947688358,0.442680684462062,0.470319343445426,0.271270136030933,0.504085698413319,0.332493905166812,0.466713809228149,0.554434748371052,0.639489788264407,0.528884044560395,0.479479526089479,0.419189844727032,0.388424498612699,0.39717657669417,0.491259563892779,0.487273899234614,0.331747931082502,0.366965385342107,0.402677710508841,0.422012352290601,0.477130636039319,0.476783866099721,0.631031211156635,0.56949087608438,0.318863877350322,0.27656574596966,0.271995695713331,0.210069990009319,0.39298342829044,0.327049366961455,0.464519354310217,0.382718003442897,0.453668766277546,0.377700297652416,0.387158636341545,0.392087973222214,0.318673255375612,0.327078075445888,0.315767271350761,0.337540534409082,0.482133928891185,0.629862373994918,0.10014723204855,0.357092107952797,0.349427035915303,0.441068220430336,0.453081259287761,0.417872751644793,0.324629606441722,0.274630354176234,0.497789187594925,0.450283759991118,0.472143256074259,0.281861109884698,0.557255547661407,0.450039716373278,0.534913931885106,0.451731633254845,0.55226828948813,0.402996541287212,0.365062737852414,0.518696156468474,0.579131188933324,0.731037254865418,0.690504300390782,0.703960935181152,0.604905348325857,0.459647893820399,0.627324766673211,0.588057770869841,0.596516766250565,0.61005057050662,0.126671439953093,0.151461348209952,0.361386206541523,0.374438876633097,0.414826797346823,0.500293354463959,0.601248266808473,0.701180143137376,0.657026182646708,0.15821079367015,0.362948837354416,0.227205895789666,0.288692192972448,0.310334985673156,0.0852428501982555,0.0849129461981356,0.126172215475336,0.0873264582202454,0.184168169617517,0.121011813549536,0.278646141595562,0.189133803126778,0.281372565659694,0.260784329148009,0.487145126848482,0.515354361186193,0.553219428583287,0.39679146731611,0.143142946800082,0.10324344825469,0.194521349450738,0.135190926467706,0.415543984094139,0.35512497294329,0.48276590664065,0.560389540295079,0.593984997533682,0.494174925460868,0.276965381964937,0.284176487394143,0.565330797160767,0.528371986089923,0.509737497700161,0.501263343611765,0.441067114076481,0.374310252795194,0.711654387710655,0.741524952223754,0.110687661889783,0.0714328850691135,0.0494961360417514,0.0307915777105976,0.0497808564618668,0.0618197877493718,0.0954614660917412,0.0465101294349802,0.0863562142573452,0.0706622313339052,0.211579238797689,0.0670286615808996
0.242867703128755,0.287221572274773,0.296270601730184,0.317812516404374,0.368004476707135,0.32033841562003,0.328277910531932,0.345690219325321,0.367266204586727,0.298386085229954,0.481179269194515,0.389096805888699,0.486816830409284,0.437565397630681,0.481957525054893,0.341649526907528,0.601551689311372,0.474281374402214,0.423208482876498,0.370152501813995,0.484010364329789,0.4571439476874,0.505250075907775,0.457062798447519,0.528424273674715,0.520750086052226,0.553549804789662,0.474795779712925,0.553394229912217,0.511657259995703,0.6043794524837,0.429033713315879,0.419689391417018,0.593817748643864,0.515912840766037,0.369531098015432,0.408908252700606,0.254287401634727,0.597278710741119,0.531973148402687,0.551103224379645,0.620212830276759,0.665387739885112,0.538170098240493,0.508063082548113,0.282485187023341,0.447184218992202,0.278568740312121,0.480069287598071,0.334560335216077,0.278227200446264,0.325051016267438,0.331208319139915,0.418073259738165,0.36303163156288,0.43082686582046,0.612609475847303,0.509977019366641,0.322787965203048,0.290967612720753,0.318251217605651,0.297444026697329,0.347435856344337,0.381642635005265,0.46703160936075,0.394091844431803,0.37569582483599,0.40837868383415,0.468854097133093,0.331743706373931,0.33580540947241,0.318198841409192,0.441348961639834,0.438099697195807,0.183004413788851,0.279756573832688,0.158691369888091,0.127748606994698,0.436348609683207,0.548594409953354,0.407273970249599,0.441960560748904,0.561631222655054,0.430248567312629,0.434474934638152,0.469346929592961,0.714987056957024,0.522749341253994,0.521112775916117,0.468469133086608,0.627171739424707,0.562086661699262,0.621383870112399,0.533438952698869,0.364777991584132,0.46679693960741,0.512711141432325,0.685323194181019,0.661101793848373,0.710017792822652,0.579593632399586,0.632928545912793,0.548414623494331,0.541204962852131,0.498649028790121,0.440545725173617,0.229551347998091,0.231039599309025,0.323515324535103,0.476631865132827,0.483609788293541,0.565665167430981,0.534513373029618,0.46787302048806,0.478659595582626,0.217568290177691,0.562210371929475,0.48119432435752,0.681648622074806,0.604023728531805,0.265069466594182,0.261640799786896,0.252062652318672,0.157973454883003,0.219005209685227,0.0751559590056663,0.20326798587727,0.0819130564610827,0.359313746739645,0.141176478937268,0.647160822586156,0.458453014606654,0.500331243155587,0.212791456434537,0.156112541201646,0.0808495027574913,0.120472902165014,0.0389404907789931,0.402482629748016,0.142129958424644,0.662436100556869,0.496452069635239,0.56233233459735,0.29763848904901,0.546362502533055,0.337176490528509,0.603226642772744,0.397166541610425,0.705905849045548,0.482287156336059,0.543704456072455,0.366120391000476,0.636370545745028,0.558131617577458,0.158354055208587,0.0428959301386315,0.0730880443192276,0.0218736396378113,0.0721937758957638,0.06770654729557,0.174974655378249,0.0430484976640561,0.0229575176975535,0.0341842417552505,0.101536836953381,0.0087481151478221
0.339193184563003,0.295006425806825,0.343063494137924,0.300375171727144,0.367775965053776,0.304033141517691,0.339826326342024,0.31537094185917,0.351979800469779,0.317909837307532,0.425516718328377,0.412122562174814,0.417069068881916,0.434617591737519,0.390648853664143,0.384987121782805,0.467521785228886,0.602224490881061,0.294681095072101,0.329968595510478,0.462000627284066,0.47849095737938,0.490494137448822,0.514074908675323,0.50379682123788,0.391520657172635,0.394965278082758,0.270772831312188,0.4497968589137,0.38959318650874,0.333064616094036,0.183841792265624,0.490859375996989,0.424602606256018,0.566040380577313,0.447072200747156,0.541408366410411,0.274280086457695,0.48291101484179,0.402081025312468,0.509656592151879,0.610111845822957,0.727709490451327,0.681795581117659,0.520374429426699,0.426894168179992,0.459090086579545,0.466270131121777,0.487179120018165,0.493936729978178,0.396292691308765,0.399587537334487,0.453901477163061,0.469643619243244,0.518908784412393,0.470888625956479,0.590785028017509,0.584654055040265,0.321927980870707,0.268206767565557,0.294913609996556,0.225335782197133,0.38119207844209,0.290905331002226,0.397850341999801,0.343152423098778,0.411011675344038,0.371966514074003,0.428681497940822,0.40586571177836,0.391121623735194,0.372447015177464,0.174031981214112,0.247322613067894,0.422408636975884,0.619510521146355,0.0779662764438113,0.244453795969353,0.338130738950955,0.464278710817864,0.405593938381438,0.395537225856226,0.358585128400988,0.298240733954075,0.479003726124191,0.482006085634482,0.446729022653354,0.284872904502576,0.53920637379988,0.451435335147485,0.41460835728789,0.422414092571921,0.411744542643214,0.329372883409422,0.436278139987895,0.479054210390075,0.577668443748779,0.72410675868001,0.671259328537095,0.71084061224976,0.513297332182594,0.42314756119254,0.639214425200267,0.604965288775977,0.630274298877155,0.573582161456874,0.222756685286893,0.213768664756995,0.407325928071536,0.410612339384674,0.414587964957643,0.496687572315301,0.464518927814818,0.698503228591912,0.689091769397666,0.166872383818242,0.272905541986058,0.278654205427632,0.193698850213957,0.201021253718257,0.107305559311977,0.116348242174834,0.137104149535938,0.0936532812519382,0.22185540709675,0.140458864590186,0.34854343797945,0.235649786971794,0.318627469823696,0.288235311163589,0.507121598618105,0.494758405050769,0.550662459698632,0.419165800190107,0.22492754953387,0.169878578095649,0.2623414226657,0.18754731071296,0.501612932890684,0.459915444346181,0.47582856607693,0.492996849505092,0.629279117267999,0.529655105031578,0.262855064106461,0.209529424156062,0.423678357148236,0.387923374100038,0.518570409377423,0.461133076169512,0.461584049336177,0.349536495673991,0.57698765260856,0.65168716770863,0.111737095809896,0.0442232303679563,0.0454027055989046,0.0262018897122255,0.054597465743256,0.0560211533460808,0.0861223850796674,0.0515775064795964,0.0799019655096345,0.0762856130945092,0.259168006847864,0.051945704429482
0.632219099148494,0.654483716234482,0.621467806612456,0.626403015325496,0.690772999691237,0.63096156801724,0.665895048636465,0.693261684469615,0.682795301623896,0.672333245474815,0.794854794802826,0.768877081410841,0.727335420484701,0.751880172925526,0.728813846219201,0.648970027049714,0.870682763122288,0.855455119170957,0.695992622684882,0.650869941279516,0.797055461792478,0.73024674467038,0.857241374455931,0.816158753359572,0.852120371249145,0.785209701957324,0.8150069087307,0.677155238545423,0.83599704082916,0.781141914708047,0.828610579509803,0.67973251829631,0.726546086573011,0.808530567368127,0.816499022941181,0.545308123710698,0.728302249482775,0.377456855802074,0.729630081860342,0.704344961440339,0.840199636680811,0.831090259085395,0.942876615475556,0.833623942405299,0.796891057738832,0.562789646710122,0.783791991796188,0.648317743231795,0.744137579690068,0.659038615274957,0.67664718496498,0.645256272288269,0.729132703841421,0.756244787615936,0.752420810891098,0.736156589065794,0.877570980659936,0.82933277498774,0.67150644803093,0.636941819350682,0.691861836481687,0.510831554538961,0.692677148586999,0.699654535144623,0.781397963658312,0.74437595041256,0.755119731065248,0.72384673902029,0.808196798718526,0.590487078130124,0.725423014164894,0.696555182388797,0.547879146215518,0.46348817765273,0.496427203215064,0.671033079326707,0.125582219833952,0.4036712423601,0.564376939694759,0.839558282582347,0.690012295708584,0.718762176459456,0.808549296309952,0.781922508799619,0.780234491195081,0.774359088572725,0.902576991437475,0.844438162168096,0.795813619367527,0.75546469047388,0.874020789449803,0.798596287083629,0.74096506235109,0.680411879041462,0.70267809807239,0.76212706979435,0.768773030213908,0.869999026650691,0.859099641055599,0.884804793164292,0.842656326019524,0.75279159184987,0.880724461615784,0.87306793996619,0.856563826914801,0.828802855674921,0.583493362393912,0.617933813828474,0.68486391410915,0.8439693481571,0.840795420503675,0.889413931358083,0.764258686798449,0.832338869525455,0.868999375259215,0.70782129536123,0.583906324320267,0.536541921213608,0.724138630298644,0.618423239187299,0.137758312736551,0.146810989074409,0.232562494123231,0.135560428415128,0.374467611705584,0.174374331035294,0.422885179070623,0.255201475151319,0.422549044596963,0.300000017741695,0.789466713354923,0.730870816729208,0.71901170123916,0.513625698824498,0.536845726548168,0.410471558733157,0.612254938168917,0.459752349170709,0.779775504685653,0.617639405999844,0.804089455055161,0.780707518348307,0.840631038951863,0.662931197069681,0.593842805872419,0.408627475146204,0.74366144003445,0.552573562090402,0.880887095907505,0.577068994427441,0.715496720323793,0.376464172651817,0.877584825207407,0.810117892197303,0.164871592186129,0.0980392214842141,0.116412787136076,0.0895279646264734,0.124309119231561,0.145573923568335,0.127839764152605,0.0774711576518469,0.301470606063958,0.245283033373713,0.460015925456065,0.234690813276057
0.527584195893327,0.570008181896513,0.539365092089956,0.541372351525362,0.641114295910034,0.643018072401676,0.588459175682662,0.623655238777246,0.636037880984482,0.640643468667031,0.643737692837057,0.717864716927696,0.627454490548314,0.596536621363039,0.569609018407139,0.536994846553765,0.766574637604997,0.7073905582687,0.5893245079568,0.584123562118575,0.671288457709078,0.642272005181405,0.699188226012815,0.683001751143442,0.731585604762553,0.738976552180107,0.76303616250667,0.701658235637207,0.840623212558984,0.793318176306822,0.857124067808981,0.781883650745434,0.605138915881855,0.742119795743752,0.716119689591246,0.53776537852261,0.565932994125965,0.320143419576795,0.666313259972283,0.559289404215381,0.73793209785283,0.756639343575951,0.82842250888511,0.722566851713524,0.690077369350391,0.46417857366803,0.734812344444824,0.602316074395419,0.64585829080432,0.563713588324659,0.608865910322296,0.663132298490104,0.66523815602769,0.727161298354145,0.728191266418868,0.778513696192174,0.790881210844293,0.70517338188919,0.550124848647318,0.543447714638572,0.511486997917243,0.492259475644612,0.63833108737484,0.55087509635835,0.691855214513713,0.689971135625096,0.691829688374109,0.692337649503548,0.590603359590879,0.542176712843287,0.549288539584758,0.543612824155463,0.435387484641134,0.35469280078446,0.295261598936033,0.428733740278662,0.0800709409596329,0.18705358249073,0.547799596666462,0.75689822572132,0.619094839167806,0.69739424566166,0.769771923146171,0.695552739044535,0.736331885064394,0.744817351782808,0.858839811860901,0.821298593262437,0.766726607843429,0.74399104214117,0.822852639564566,0.754914038187883,0.774427287656512,0.692580644291013,0.417164096181616,0.54051106729728,0.661164309253088,0.754822298744315,0.800499503321463,0.806827564236888,0.792125067794019,0.794714374677234,0.789405368961923,0.806455216415541,0.73051235169247,0.718348160468756,0.479694336647501,0.466817760989787,0.397902877718809,0.666731205580474,0.7006907387697,0.811894239653517,0.805162267143461,0.74863838850029,0.751445277705427,0.394761052757531,0.384772113409474,0.390173819865926,0.524367059375277,0.396854598632975,0.10463317482778,0.112144320357591,0.1103351794959,0.0739525626805139,0.157188823945826,0.0720502670388315,0.220513551789779,0.132500358811649,0.349019628483802,0.222058836661745,0.666086313901469,0.580287976266072,0.470363037885683,0.310160446150059,0.371332786950296,0.272880213793327,0.329728969903526,0.267629874788486,0.531340954889123,0.376178415172606,0.692873549074727,0.584191873446233,0.600589745086303,0.408802085146512,0.32732272414038,0.219274522771593,0.702381306776898,0.478862179240395,0.843699427573229,0.594697898883214,0.727663306685834,0.413497430921094,0.702610893139821,0.655832262705834,0.178956100061326,0.0696229302109434,0.115725340802163,0.0836020383500942,0.202103818180587,0.237400322477595,0.156448623180542,0.0625191677415383,0.0321078450360801,0.0165741778207275,0.119157399733652,0.0190648578393918
0.262969775208321,0.223606557290766,0.329805652229739,0.296320199908382,0.375032433634854,0.297728271460328,0.384042204131638,0.305122724739905,0.364901866066236,0.255064235100465,0.395961024524791,0.301983236775838,0.389829942876325,0.364181456695906,0.275337240134045,0.314539676725455,0.469323240911528,0.545829822803124,0.313222533465467,0.353228791310599,0.433883551253257,0.460102304102046,0.456159122070222,0.500829086073318,0.498696999189402,0.430420599481347,0.445115770138148,0.331349874352411,0.442529507098917,0.341788143662025,0.402047898764261,0.187082822912031,0.492140534391842,0.398420595180666,0.440581998154044,0.411594952825636,0.432969152781062,0.24077847487738,0.489357198846675,0.440361921329211,0.434066648229303,0.558156687896921,0.718101646745874,0.616227898555676,0.264436702625092,0.288758432855872,0.241206135108815,0.271185161444091,0.353782603167651,0.357122143881988,0.220445782852918,0.246034387251887,0.337659389995556,0.32178220187441,0.410948952227088,0.306366619359312,0.561736715767093,0.534013760186053,0.248502473233555,0.203576789336693,0.187657040011106,0.120943645633979,0.348038434967599,0.249799562844908,0.445153485798884,0.351401822637039,0.390490302751524,0.338841624031943,0.284815887636483,0.309410581911114,0.149253631699133,0.176540961749206,0.335005459566598,0.373367376056154,0.515123936182838,0.635424274339762,0.119300013747378,0.383378874213252,0.284945550620452,0.356705273477263,0.399500220046067,0.352136064672625,0.348237222089778,0.289356753827876,0.470586180137935,0.418276033257313,0.46443516575995,0.314013349260751,0.525272396260152,0.412985603811333,0.428045154237794,0.330620428592304,0.404476233622778,0.302417654755197,0.319178940444544,0.354643859184889,0.498299811604019,0.562683643305914,0.622060307177159,0.605500609297137,0.535331018754623,0.419186519612911,0.632671722941917,0.557299664249125,0.530581723203238,0.528705283454493,0.122266483265573,0.162637202860275,0.273936161401791,0.312822515920025,0.331988078014684,0.362997484603499,0.430804048117296,0.583637975288772,0.573808350364461,0.122216393782375,0.380519503023016,0.312566863404672,0.481458242826652,0.534007384521828,0.109785283519407,0.102575692340732,0.253704865365044,0.207560735936072,0.331333265587986,0.227305088851646,0.409729249254313,0.268388803368145,0.296568644989748,0.284313742304221,0.51727846196387,0.522359919729258,0.672840527337472,0.580506273189729,0.165626608260462,0.133964156584649,0.239763566659188,0.173959418612516,0.446363087751031,0.381361037547536,0.504513030688901,0.595121921787378,0.74642492988658,0.656218730664411,0.442166051437869,0.426254927169066,0.46303712606516,0.429203828115891,0.479369575211235,0.475114255887654,0.396486006270659,0.349634902772479,0.60920680277466,0.695734965458453,0.0921844848772694,0.0723378624981986,0.0542613890381953,0.0616412527376303,0.0467543280245188,0.0498171432854168,0.0831643051210919,0.0753570608593477,0.102124189046056,0.0674805811272477,0.319978821254965,0.152941185515374
0.291257955453876,0.242687669124355,0.320460722740423,0.274317126992231,0.38157998315044,0.310329639913137,0.408616235582277,0.317642872924587,0.422474807701295,0.292949944855048,0.462115217385389,0.365909520450482,0.461796982934558,0.392250432000932,0.285743461924468,0.313818544704078,0.50238835948119,0.606608128081722,0.304890182652893,0.335841071370937,0.441732143170685,0.463600677957461,0.492404291294641,0.542054907698106,0.531531225730115,0.456385205860415,0.481401347462193,0.376804216183599,0.470550223214657,0.395174956088429,0.502995948926522,0.232754498537496,0.52263031014546,0.436815689951589,0.49206698468216,0.448027226481632,0.492855659520081,0.307658783193163,0.51047087088552,0.456916662597592,0.453215372245575,0.585099719352426,0.735704143330539,0.641471021490654,0.346753177039393,0.345318529340667,0.299172066525413,0.319041589147591,0.410026464418887,0.434997041923065,0.272856933427555,0.294876375625275,0.402945704399116,0.428041203653702,0.454349800785726,0.41618888640644,0.604184853876411,0.584893118114099,0.267814083911524,0.212753829777246,0.195285108638645,0.12577898239476,0.370347065500752,0.269193105795161,0.485616520538523,0.371915561260058,0.475326825495965,0.371272908965386,0.308590398846405,0.328955218685377,0.156135999582421,0.184156592183637,0.344131266797187,0.386996896665422,0.488536811748304,0.584275001158495,0.115130837297913,0.356407584102791,0.317919408779643,0.383943640313721,0.42892138049339,0.402116871793467,0.376961188082373,0.295659693911637,0.513385497862543,0.488006624104345,0.470342191170966,0.303630442324963,0.54204859210522,0.460674505075437,0.456591968427436,0.406131732744003,0.42651383560519,0.32322470814053,0.302797019060509,0.387418323565119,0.521971272698914,0.645075873361263,0.666557612862138,0.670535022450104,0.527992322158395,0.425058775229339,0.617991817255449,0.565016642311099,0.533172034509657,0.502413442543358,0.096823943634566,0.15081391938883,0.289001756875912,0.352618699904078,0.409428743069162,0.445637149128164,0.45343139936449,0.643226052725442,0.6166300792886,0.137955190231358,0.343239134126161,0.268025862553093,0.4513611536681,0.46043711873305,0.0932972927366733,0.10061177065596,0.200064623488638,0.149013930475929,0.245122800061912,0.177745034109558,0.321512624055945,0.225054999504478,0.291666683915537,0.248529426462483,0.567980425746646,0.563243047050549,0.618918955521155,0.504527659070763,0.175561249370862,0.121495039514378,0.220905434056048,0.171482638280283,0.438583201142929,0.385882375761867,0.528372793395766,0.605347147617313,0.690859542552144,0.600128846139355,0.357522469375143,0.369294139486738,0.534866368337392,0.485873469019266,0.513150888776716,0.54703918751958,0.439265947222271,0.419404615907896,0.671667689048242,0.714090405953603,0.0893123499380136,0.0769834133008352,0.0596203456866551,0.0512708817539668,0.0552802800858284,0.0578805938614218,0.0899763406828399,0.0577261391356434,0.0832516389103451,0.0668886462050789,0.300211994436796,0.116742088351972
0.000950502208292,0.0014589894791417,0.0010670572761336,0.0011583584567287,0.0010397769662625,0.0007235940071273,2.97517868665968e-05,0.0001646834671107,0.0001975127850779,0.0003869609439335,0.0001915016734151,8.07645760510688e-05,0,0,0.003020630880848,0.0020257028513334,0,0,0.0013337855984341,0.0002368285786087,8.86307287409446e-06,3.14962452198118e-05,2.24385542129363e-05,0.0001184366434037,0.0002076648964165,0.0005336112216049,0.0003275350966064,0.000726972930913,0.0003855863561019,9.7864463513654e-05,0.0010251817068907,2.86816871363392e-05,0,1.82784989207857e-05,0,5.67408113446995e-05,0,0,0,0,7.21761139761085e-05,0.0001944329083322,0,0,0.0006949148537886,9.3772065686137e-05,0.000116667318137,7.3667111648953e-05,0.0007798680792527,0.0012939045948492,0.001168791158031,0.0009838614017311,0.0018998289566022,0.0010923102012361,0.0044008254149768,0.0058159364251555,0.0009283792021447,0.0015278232927087,0.0001091983620591,0.0009746221848044,0.0002615961793598,0.0019437974358627,0.0001364215566627,0.0017005613659678,0.000188116659058,0.0012535511399501,0.000238202712046,0.0011177702335314,9.58716876758896e-05,0.0002613878784135,0.0016166660355199,0.0001976029763168,0,0,0,0,0,0,0,0,0.0001148630251709,0.0004644455955699,3.05180455981989e-05,6.88765831055017e-05,0.0005536775944201,0.000700661344742,0.0001506297972472,0.0002989907175845,0.0017524510840303,0.005616238955786,0.0017509963145605,0.0072205812575373,0.0061722263831983,0.0147753488968061,0,9.47238854919943e-06,0.0001202614450206,0.0008335041826532,0.0001837511972918,0.0023327326738667,0.0045760016113272,0.0157569591458477,0.0008385548673848,0.0041040118646868,0,9.69485502934132e-06,0.0002519063329802,0.0041990383541352,0,0,0,0,0,0,0,0,0,0,0,0,0,0,0,0,0,0,0,0,0,0,0,0,0,0,0,0,0,0,0,0,0,0,0,0,0,0,0,0,0.000309597541529,0,0,0,0,0,0,0,0,0,0,0,0,0,0,0,0,0
0.389609979332218,0.331658770070666,0.339140113465427,0.314392045399646,0.393885569524908,0.307331374586141,0.418686979311327,0.377104817042936,0.432141692029256,0.344333937100871,0.469706632778694,0.354064610161437,0.4897178189114,0.446184525731339,0.348796562998497,0.409674108960716,0.510237902375687,0.569098141580613,0.29392876200884,0.336917481380016,0.370068063010103,0.455622965372785,0.457608997880904,0.498773552328911,0.470598067046376,0.410706980179039,0.30338823553159,0.240173398372092,0.439362684627165,0.344782621487573,0.315303094191642,0.125122556419228,0.535486745191009,0.454694277471744,0.535278996410225,0.451185798313154,0.482088284979104,0.248857199382072,0.570948552657851,0.489168042857515,0.505254851645363,0.619073081023462,0.756815998411515,0.678162595450563,0.38943258524951,0.389381917644712,0.364297890593206,0.405083054359371,0.455112339142873,0.457838049241463,0.331110963226958,0.323765335606361,0.448987054748294,0.420190822808497,0.508866796779283,0.397563416917391,0.62794100130838,0.576283148597454,0.357315177409594,0.278521273260866,0.224427920028361,0.142758475465764,0.433140445657633,0.295578776865022,0.538018718591951,0.372994042361644,0.468111790717938,0.364461365452163,0.348145528792253,0.363032180734284,0.274999289508428,0.28625752232348,0.261707851196543,0.278390012555925,0.411224265490686,0.560921848656982,0.088183435583813,0.301579149487744,0.397422681455242,0.496525346318093,0.487124268747911,0.425478360399667,0.355623352075682,0.291408763093695,0.550055876397035,0.47591226648099,0.381563455885622,0.244058606699264,0.563743446329408,0.435344169025838,0.436791284785991,0.363432652853738,0.371017114100507,0.235654195306582,0.410200427949723,0.443336201268181,0.572268443429429,0.679364550208581,0.714831801424365,0.704209719946534,0.513673568169316,0.320871907057112,0.652733135020189,0.569250849242445,0.646841686305183,0.634533109097904,0.21830066650485,0.243568888494932,0.347279843738039,0.416316244090762,0.459352083777732,0.528897816807783,0.52268549685004,0.689762406643536,0.705366843607847,0.276124841259713,0.304456345990977,0.28872550727101,0.413763588147455,0.366789237377816,0.072949881570948,0.0909239269457758,0.143570699925093,0.109199297580861,0.220271640608631,0.113770161715075,0.2650140212749,0.189068287656574,0.239215700421482,0.231372562702745,0.454572575902566,0.468334132992465,0.556372581922915,0.474966159996323,0.187689695669257,0.126636184748242,0.211649378145333,0.1326453466818,0.42925366232427,0.301099594892459,0.529723496800453,0.505124566173558,0.650877231474672,0.484714498395019,0.343467126781051,0.244921583111864,0.48529341634521,0.421111878736569,0.485047093763215,0.475095344000793,0.46784316492267,0.328481055367616,0.614241044988113,0.580060189128881,0.0874896489188705,0.0465761716835774,0.0403406007764527,0.0279302848761694,0.055677050582188,0.0717867414121715,0.0773157584601371,0.0407568812935609,0.077532684323766,0.0584535735641729,0.252464243865295,0.0781297180443429
0.31086051686584,0.270949555259665,0.25325805741411,0.227271880049151,0.304565356461242,0.237366370045029,0.353962203108339,0.282177061916048,0.338556878115086,0.239398469960372,0.383470659089877,0.29759110208795,0.435092210378048,0.374317577859274,0.288264992343824,0.342309048452308,0.422762417014484,0.49080246476113,0.208175571973659,0.24745393528397,0.293156361933221,0.367153448504358,0.398540366936665,0.453270193933191,0.43691268181005,0.364820361949579,0.304605426768978,0.207793222165222,0.415190051181851,0.306899462419408,0.314984591137074,0.164265237082021,0.450465950361577,0.36510193806456,0.429247128657252,0.363940014224616,0.446370669687619,0.223324566909265,0.463607702246875,0.331642539200118,0.406357035138642,0.519122008113219,0.619309305787531,0.541198245162142,0.448837927514657,0.338931492686854,0.344435440823081,0.352463049595131,0.473699078039819,0.454427349977524,0.303479477081047,0.310775312219047,0.40540974682331,0.369689408580563,0.493746252449842,0.443125385550935,0.559044140093459,0.53056856538342,0.279425257844474,0.230956607648475,0.203757548963084,0.137747312288414,0.330314249844471,0.218817346565534,0.428631613334349,0.277823237917359,0.397904257689083,0.285828258017389,0.326482278878324,0.290071932597611,0.249444774123412,0.266410443562729,0.232597125740325,0.271898505839127,0.418407327416726,0.503390278680471,0.109982941657863,0.316367315628408,0.337331174633517,0.407146256064985,0.417528590996786,0.337121643498903,0.269644099260737,0.208076890291328,0.475576717724474,0.384379678427169,0.366532939479267,0.218401156018587,0.494839030489766,0.397735640118614,0.45156420981202,0.334116593125821,0.355717767480664,0.208343997057328,0.33691250550713,0.458660157843648,0.563033584495489,0.683920925873728,0.683412082919245,0.685308085752082,0.502387326509736,0.307621006662687,0.629231258052312,0.560862294017704,0.552986900637827,0.55141063393321,0.140223319839505,0.174679378933147,0.29832136056808,0.364271607369965,0.405905228191759,0.446252867149884,0.453914015119735,0.608075159014281,0.57872721475272,0.13433124043721,0.266615752971356,0.127651522700696,0.167123558332022,0.147038407388512,0.108647966401713,0.103510594356805,0.18743842809932,0.112756950915339,0.300400326366909,0.136284195234958,0.41948648605917,0.259562933596345,0.340196098550223,0.300000017741695,0.490180421145633,0.50136254315941,0.599125631616098,0.470060633859512,0.183643091281039,0.0943279244135516,0.309198403522126,0.160509125419419,0.523497817170386,0.362168418188744,0.462180334238244,0.484546928496629,0.657806319308894,0.494246486936404,0.325197013917544,0.209941188886296,0.356745965938671,0.340103258378363,0.338586347696666,0.375052975460328,0.318222349073761,0.282365833569666,0.60396998144511,0.638367639612937,0.100690422966604,0.0808446503315981,0.0476212824038063,0.0374437204424154,0.050057673087234,0.0422207559668197,0.0992478084387177,0.0679819293007822,0.0926470643025823,0.0617092156361015,0.310280887454094,0.122171952926482
0.255632126158496,0.200576619316473,0.283182164349472,0.228433011757366,0.32768451452156,0.233575721874432,0.324451736290771,0.253000057009005,0.342228406255367,0.230184332807769,0.386881556820138,0.315027276673197,0.329954572184448,0.321018418831493,0.258670344164958,0.293983072438331,0.424344495427329,0.528753906889422,0.246736737355731,0.28183519685011,0.373526024980673,0.397630360697056,0.447490360625957,0.489621689700562,0.488911793619627,0.411293478903376,0.369849090167988,0.271571669413171,0.419665792360191,0.345680003666399,0.398688686860614,0.177690874087931,0.423634441144826,0.335840830761916,0.413378008303872,0.373614211302394,0.377614048503734,0.232638292950265,0.431946924476147,0.426909509971115,0.404409282507314,0.550433934027886,0.650519200681381,0.605170813777799,0.325064278763038,0.30249156259935,0.254066934363672,0.282881020254301,0.371909095886411,0.39423339927364,0.232663364604937,0.262330198825765,0.330097308054183,0.329906185980717,0.425194332411505,0.364797598845314,0.542210393906478,0.516600507119932,0.222159596396055,0.169935590873829,0.159158011596367,0.106299092077352,0.273790451859212,0.205032813350011,0.359804333130591,0.279381982074544,0.324099445808838,0.276256563476935,0.281654900832676,0.292282244111686,0.167888714706453,0.172720246634426,0.261477897915382,0.351642436261375,0.480943725112855,0.60013200026675,0.193430045568948,0.394634126979716,0.218762540170509,0.310431942132154,0.358880341644669,0.311588060202131,0.328814774919944,0.241634074491054,0.442615840206844,0.383518916743419,0.474944840449784,0.258088044071891,0.496020556294934,0.396058472104188,0.427321818375864,0.362537415551816,0.390658086750966,0.265755524344147,0.280741798609704,0.349803468636248,0.481821814986825,0.594806575678634,0.591693034505978,0.607593022987978,0.514457043999126,0.352796158045469,0.617255094329829,0.559761901455941,0.568633125530276,0.510072983944977,0.122000960374054,0.140599958987031,0.274218288657861,0.335724134061469,0.368789642921446,0.390552848000443,0.405394707621284,0.591299558893649,0.620982682656218,0.15598302743196,0.302979391485501,0.222638159334152,0.281991259775857,0.306576815516261,0.0967776074137675,0.0938729467280209,0.148432727403368,0.101653736619456,0.25253214879769,0.13506335754905,0.28206350874444,0.189480099183572,0.27009805518901,0.241176484851167,0.456682379948907,0.480747287964639,0.557326477050869,0.452634607873518,0.15547599669114,0.113115708734441,0.200807393651784,0.135190926467706,0.454633170466555,0.37802385934172,0.450876518565486,0.534697964848837,0.65678907024387,0.519750996817406,0.360344532946838,0.294470605649985,0.407743881150043,0.398139506611518,0.393553983933605,0.421184362841118,0.347779958989002,0.330531969663205,0.575799390032052,0.659415255209364,0.0885390828389832,0.0606938195773042,0.0627138541892646,0.0386928127457698,0.0437001179246342,0.0378233113357525,0.0685767450968028,0.0398289380449449,0.053758173113844,0.0389937129978723,0.238420787814854,0.0614178015205723
0.398961797753659,0.503229437465587,0.490544780791934,0.540969847542503,0.582620750814028,0.625480751910006,0.443895243297868,0.54415692295721,0.473853135893465,0.559367769017213,0.544916807289658,0.590839986482931,0.493044007883213,0.466301349006736,0.607813948655434,0.392639018928213,0.565873259031425,0.44041983829852,0.665511501295388,0.541970831617914,0.67964224478033,0.561450349311353,0.57663804846246,0.48597186713967,0.559019640902989,0.647529323760423,0.709239629426557,0.729843755338444,0.714631573887578,0.721691000703208,0.756768234263808,0.718400647408302,0.557139008021977,0.619112698627652,0.576896166088644,0.323306027860298,0.420647549545282,0.158125558078338,0.420863863987331,0.267213359914154,0.550513786115507,0.470160857154241,0.657428737631893,0.522910767799805,0.464356390024303,0.20655852492757,0.507118025117488,0.359843874552445,0.433044856907505,0.324825466780179,0.440704243328036,0.529108589080654,0.500444734277051,0.629419979652086,0.479571718886689,0.574213440251147,0.563642090415904,0.503153987923872,0.443469536332537,0.494227050405375,0.5163514524612,0.562637032267797,0.540202520788905,0.629281690396796,0.55578559550129,0.607541953405622,0.563884325342262,0.610725873256214,0.574674487100242,0.390300146193985,0.46230979928489,0.339752811161215,0.40933909400984,0.213588155977822,0.0781050309900873,0.277826473522212,0.0226627865908731,0.134982500979926,0.415448826312139,0.585492986826419,0.471203143258972,0.545560644283302,0.788212070723312,0.722799289499621,0.571015281228018,0.637872882483646,0.7989547284596,0.76831033501206,0.586590108219752,0.660280788964267,0.733117374037606,0.716263519048864,0.739821875336053,0.681158635038832,0.380208355818468,0.586276912572737,0.569423563086893,0.642666454166599,0.68984337482446,0.680187652875121,0.71359062373278,0.759137520109424,0.638934387360416,0.679718920817723,0.511539663366399,0.503072086756914,0.611948565601779,0.563642282685801,0.367959771607947,0.584627657553299,0.644820176715756,0.703942750789592,0.681650535561764,0.497972675298059,0.42581138420842,0.56486785553456,0.164272991634978,0.320209466352191,0.218560835312672,0.190645436111178,0.0570398716185177,0.0751623573862016,0.035613588501808,0.0365659286780756,0.0246444546358982,0.0069200653220748,0.0479738590462754,0.0241939272111402,0.16029412712669,0.0828431421541609,0.313050998905674,0.205569720355424,0.100291473869662,0.0446916247464039,0.159477133614322,0.0464280109463045,0.12329873854897,0.0303405590698515,0.187555355810365,0.0372318361118874,0.313547013427761,0.146796511066134,0.158690854143771,0.0630599722422551,0.0776250733097441,0.0506862775073387,0.505254581440254,0.400215412854309,0.743446114579898,0.400388095573968,0.658886767210908,0.316547125367811,0.332876794142886,0.272524382107972,0.210770517850006,0.0607541514059099,0.0859151679588356,0.0546986234236371,0.157665522588307,0.144551671910612,0.0570233299443097,0.0174856784326166,0.0315359495774222,0.0393636723242278,0.0278484383188943,0.0042232280023969
0.212868563298961,0.347307494253534,0.279458183777345,0.377816115616708,0.26592807099586,0.417238788493361,0.139961850432175,0.326782104568521,0.17291323641002,0.358287548193983,0.14625548872841,0.248548495876273,0.123814209116324,0.189500755155851,0.402333192738843,0.229161408181923,0.0845947575629162,0.047931431209733,0.340549983440607,0.307884732543583,0.147368358002078,0.102223640826417,0.10956630952668,0.075571790230523,0.138325320123377,0.250514681229252,0.191776225213003,0.371160909144461,0.185094419079919,0.240257257926021,0.283037241780835,0.465897503564384,0.0700764093026509,0.180491591487205,0.126120563872861,0.0468432112293129,0.0190265966446308,0.0079806852832075,0.016095999437132,0.0067839824929774,0.0895038947835255,0.0509344934161494,0.0456751363910205,0.0325268836440368,0.165898167125347,0.0421234128439926,0.201601770311612,0.158853143344622,0.068957840195837,0.0589064399713053,0.277045490503557,0.299124741889591,0.246668783167147,0.31125910736248,0.141408814180531,0.301345702707972,0.0455699803612127,0.0401672686465348,0.254638111304731,0.398465836780026,0.424007763764083,0.611351538952045,0.2656642544348,0.423777268301059,0.148196508701745,0.356334576171899,0.173398619485181,0.277838229341805,0.272856519849052,0.190708956418411,0.414939921921353,0.340482828091525,0.284072044097409,0.115039199502655,0.0010272767929587,0.0016550967759212,0.0084370613301176,0.0001067927234024,0.0865512033756305,0.137164351760866,0.110987999321796,0.239253467838864,0.229669274282796,0.353050374054689,0.121382951290953,0.200349897777004,0.256508260852016,0.313715184484375,0.108882053007801,0.205017045645807,0.181942980033686,0.208536791848085,0.209276209655716,0.277769844244784,0.0680723800349583,0.0615799979583455,0.0735442309288515,0.0400446381086741,0.0446032158238896,0.048654762831514,0.179393340590704,0.260627356237206,0.162460393867434,0.187394028481279,0.0931993105501832,0.104806836223134,0.340114399198986,0.362421405081031,0.0823435418048708,0.157832396674948,0.100840342098049,0.0989258025841589,0.0762684500329772,0.0353284132891572,0.067652697262124,0.220028024216715,0.0694423264902472,0.134491986563345,0.171197421127677,0.141564550855643,0.0478108228765806,0.0636800037659705,0.042193209297435,0.0282091393591021,0.0125798805058141,0.0074709311071797,0.0109710557375192,0.0087884323602555,0.0745098083280027,0.055882356246002,0.0911803975491784,0.071279145793267,0.0157790152415809,0.0091123000041327,0.0083773804329119,0.0043105716684748,0.0072376013507463,0.0023391814248865,0.0138203676737424,0.005705498222846,0.0402600194312349,0.036711713882805,0.0146690263724501,0.0141691721561127,0.0299065438247173,0.0586078466032632,0.0383630466674491,0.0234997043012162,0.0874542691742079,0.0221246382002223,0.0624850142284389,0.010868926074113,0.0529215264036453,0.0337787440057597,0.0061861367922433,0.0028959277730721,0.0015623780316209,0.0009586057211789,0.0036539794548469,0.0039744439451128,0.0164976345118264,0.0056886955676025,0.0010620915660789,0.0011838698443376,0.0155007958292609,0
0.0051884880672324,0.0150848754216261,0.0159109402653518,0.0177953810069576,0.0201859211353036,0.0271420374318288,0.0051300581068546,0.0249011913982082,0.0129079160053771,0.0236684273940202,0.0088169056618573,0.0198406033181011,0.0043849728718496,0.0114811220531513,0.010454853262654,0.0038212967749741,0.0078591506581383,0.0027552327859952,0.0301637718373306,0.0131514516111427,0.0099123243474199,0.0046602989745241,0.005367992584787,0.0032096330362415,0.0062254905642475,0.0077776203646051,0.0088799633454945,0.0126535652605436,0.0080523572213754,0.0163844335298618,0.0130561369321744,0.0222048406957332,0.0024232783889464,0.0222958914260117,0.0023545071146247,0.0009743843642291,6.7759289146757e-05,1.60959915869605e-05,0.0022032526759515,0.005101977667725,0.0014074342225341,0.0027467437361942,0.001049465302706,0.0022572740107857,0.0036686554558497,0.0035077601088266,0.0011547486212292,0.0020681869476023,0.0035439189704055,0.0042734444129999,0.0058166828002841,0.0040076046942167,0.0088254817098109,0.0147126590506184,0.0055526039415528,0.030287081233642,0.0026747426407094,0.0027377394196435,0.0071062062119229,0.0211338249074675,0.0080945264246736,0.0266442101142123,0.0050237588810403,0.022855894638357,0.002699200859016,0.0202860234099973,0.0043131406860126,0.0091855811681699,0.0016125895756034,0.0023487374898913,0.0036526695862094,0.0023589221772188,0.0022642980346574,0.0019607844296842,7.53106609116845e-05,0.0003137624219756,0,0,0.0038235296378843,0.0158417995036842,0.0031070661808792,0.0116155096730772,0.0083714813831559,0.0162398526559445,0.0065991981430253,0.0153637399628477,0.0069250750751697,0.0070035684799948,0.0130586711154137,0.0174574310103097,0.0210646852830162,0.0480525471223307,0.0402312796842454,0.0720095071622338,0,0,0.00028976036572,0.000767461501514,0.0011175545258914,0.0065948444557723,0.0333132246950976,0.0440074932392624,0.0052401885950703,0.0091654778248045,0.0002769692620756,0.0001636006786201,0.0039488019764475,0.0467474438794069,0,0,1.47427400728141e-05,0.0002021563461871,0.0033353549577103,0.0002178649366315,0,0,5.09294657060852e-05,0.0005570410311603,0,0.0013276144575987,0,8.78431424498558e-05,0,0.0004814299131365,0,8.93295867737714e-06,0,0,0,0,0.0007490196521393,8.49158611280594e-05,0,0,0.0004774083828796,0.0005151658823299,0,0,0,0.0006151480563715,0,0.0001483836865707,0,0,0,0,0.005174251689353,0.0019867796778051,0.0112557469833192,0.0075579464648825,0.0044765842867792,0.0012277894998257,0.0009131178068845,0.0003648735485246,0,0,0,0,0,0,0,0,0,0,0,0
0.0003123853242697,0.0013717081846526,0.0021483070884369,0.0018641987744959,0.0027049427982165,0.0025222909584935,0.0002809890981845,0.0014891590111076,0.0012358601743443,0.0021499349499815,0.0024750687979122,0.0016837170646202,7.39263360381979e-05,0.0009428264725754,0.0023055427539534,0.0010775631007501,0.0005860735820861,0.0001168053799549,0.0063977800784735,0.0023122371215091,0.0013574136994093,0.0010176150501019,0.0040395151058724,0.0044617715495601,0.0052370769585567,0.0039089390079696,0.0032266633165684,0.0029827827956192,0.0010979701171512,0.0013963161847751,0.0034413259724027,0.0053530457900822,0.0002857278710102,0.0002531295153575,0.0004212504416168,0.0007207195605705,0,0.0001609599158696,8.94134530703669e-06,0,0.000249609060834,0.0003334372815496,0.0004567736455514,0,0.0009124420901199,0.0010254344149329,7.28365024833412e-05,0.0005404549779853,0.0008353222451041,0.0006660273198655,0.0014006115719359,0.0016509860404931,0.0027487014807549,0.0031075349040515,0.0037507034786734,0.0088289820641977,0.0004783074188045,0.0011758476921458,3.21171653115038e-05,0.0019359091890775,0.0003719793221931,0.0019596813781374,0.0001171903240054,0.0022884322368006,0.0001799207050327,0.0033558815580994,0.0006962205583661,0.0022741518042913,0.000144780142838,0.0005664655170902,4.9419325877884e-05,0.0002550661563734,0,0,0.0001122276515546,0,9.70354069297682e-05,0,6.5359480989476e-06,0.0007795889901154,0.0004468555979234,0.0026295174192733,0.0010315099412191,0.0028821919111222,0.001152784127974,0.004129254576915,0.0019912999489542,0.0033632326022217,0.0039644610187679,0.0057445416198312,0.0024513571764502,0.0046427939479306,0.0057136057378181,0.0165617744843137,0,0,4.05228782134751e-05,1.13866691619296e-05,1.33111103549995e-05,0.0004587907857757,0.0004432713518388,0.0086491155882421,1.11703405506656e-05,0.0011180209313104,0,0,0,0.000240473562131,0,0,0,0.0007663443188793,0.0011699010192575,0,0,0,0,0,0,0,0,0,0,0,0,0,0,0,0,0,0,0,0,0,0,0,0,0,0,0,0,0,0,0,0,0,0,0,0.0008646840427555,0.0006354393985087,0.0006433317508964,0.0002915425254267,0,0,0,0,0,0,0,0,0,0,0,0,0,0
0.26781723915431,0.228155333591928,0.245550201742267,0.206792469750936,0.25598025502669,0.202071645130332,0.292553570514513,0.244818442206802,0.284654689300248,0.237362481106955,0.368770797932446,0.244166456760391,0.347906764243979,0.376115577405803,0.204041675308732,0.300664914697185,0.438810584882427,0.539383196465319,0.163700924539027,0.240083535891884,0.282629758458143,0.374627793824521,0.368189633299721,0.40205818932541,0.327703227936184,0.263950475020579,0.191279389880651,0.128773307058756,0.324700887204001,0.236374135820175,0.187006082523468,0.0550036536491887,0.403436409177208,0.315669122468062,0.333350526325722,0.325841563331957,0.295742828653271,0.188473818579571,0.465150347293083,0.404896284775067,0.419623907088875,0.565297442147251,0.665407793362233,0.580409980561413,0.292460376107181,0.308284885106937,0.241109449486049,0.306956051971089,0.335424700448776,0.355696099466877,0.236008970980842,0.214382219913682,0.308238915625566,0.297359080371733,0.302360877209104,0.264807505896176,0.507660166402739,0.480317040039343,0.2330691047292,0.210137313489505,0.138157440635001,0.0928963539521709,0.257880212691416,0.155619587889677,0.369401014727228,0.284272768465455,0.352617325234687,0.235928420703394,0.193157830106186,0.206365805075776,0.194126016218856,0.202347793184392,0.161106381458533,0.182750051034762,0.410669033951415,0.5746521845257,0.0887639750011342,0.34168769527709,0.219165590303277,0.359616920235801,0.338334378142247,0.314441216915239,0.199567037055872,0.182870625428341,0.384301051920719,0.353557917190724,0.25873329669325,0.152042974450807,0.412267181243806,0.310985674953691,0.356538291406886,0.312962446681966,0.27963617406271,0.196253264915099,0.329480267466673,0.417216089843763,0.522980423085391,0.646826004411451,0.65523651350521,0.633658074504861,0.410537145109987,0.276436639686655,0.59310325940712,0.540488783790509,0.6297068221406,0.600038814903507,0.173372831603855,0.202182771853294,0.271791994255661,0.351797406425855,0.366206714860689,0.419951401612624,0.383275239969923,0.626079275305364,0.704758324302083,0.278400751758454,0.176165021877349,0.143181826649445,0.199428909566724,0.171017166976526,0.0416021900865502,0.0603482388630509,0.046448605071148,0.0366644891327334,0.0881668829525743,0.0336474776847872,0.125555562980783,0.069942444119478,0.151960793300532,0.138725498400163,0.312109822379425,0.274795446234139,0.253378393362918,0.154053485046395,0.139460082132153,0.0884298007403458,0.134256063303088,0.0783969774605347,0.267931704649762,0.154417540850666,0.347450468118199,0.327888201690921,0.379419158513945,0.236138556973438,0.15688107946287,0.109450986864977,0.455521029085254,0.422430209176982,0.326207918719317,0.415367822918339,0.3577264836414,0.345166116870117,0.581840480688195,0.591581646674637,0.0691521719990062,0.0483257947131418,0.0335286325585854,0.0284095877367589,0.0355801635805298,0.0521083970010029,0.0467883732876387,0.0268458016360478,0.0631535985060812,0.0418793957434454,0.160254381496359,0.0599095058054305
0.0002653954535073,0.0002967853983705,0.0005218021808769,0.0006684492373923,0.0005978717556009,0.0003618978669602,1.55842693110745e-05,0.0004260746723545,0.0001056373580642,0.0001802627247652,2.89059129683186e-05,0.0002978193741883,2.23267457833483e-05,0.0005745348817256,0.0001130168016643,6.2850955991567e-05,0,0,0.0003827199555266,0.0001435672760722,5.5905536590442e-05,0.0001861141762988,0,0,0,0,0,0,0,0.0002009716661441,0,0,1.31914991232796e-06,0.0007145231396307,9.89989047444923e-05,0.000174895206733,0,0,6.31153786379061e-06,0.0012094267597471,5.31296394546354e-05,0.0010847537536128,0,0.000144291596136,9.55209421015372e-06,2.34430164215343e-05,0,6.26514687855581e-05,7.95544995337298e-06,2.13128742356987e-07,0,0.0003833451512387,9.90901779166635e-06,0.0004114563132357,7.39722074960595e-05,0.0002294851342122,1.48608607706691e-06,6.36593038628634e-05,6.73830723202139e-05,0.0003986449641569,0,4.78724371333809e-05,1.80292806162224e-06,0.0010142868155783,0,0.0004392892168327,0,0.0008186722661609,5.83566794548893e-06,0.0001135032947045,1.16280766771492e-05,9.55765137675053e-05,0.0009742106750259,0,0,3.50675648090376e-05,0,0,0,0.0003248287458814,2.17770047721904e-05,0.0004021761760025,0.0003391317817099,0.000768633358273,3.47164382026254e-06,0.0003687866836733,3.05155192699209e-05,1.85836771979344e-05,5.71384837712685e-05,0.0002720402350433,9.20883198343847e-05,5.07227090005186e-05,0.0007378823137579,0.0005670714535069,0,0,0,0,5.78743928478241e-07,0.0002973947414938,0,9.17970238616237e-06,0,0,0,0,0,0,0,0,0,0,0,0,0,0,0,0,0,0,0,0,0,0,0,0,0,0,0,0,0,0,0,0,0,0,0,0,0,0,0,0,0,0,0,0,0,0,0.0009600651035296,0.0018352095009313,0.0001474639529762,5.51815505539666e-05,0.0008042693265937,0,0,0,0,0,0,0,0,0,0,0,0,0
0.770095999409207,0.691903613941886,0.716551558259689,0.607538306797434,0.730724471880819,0.596178321386644,0.756249808598564,0.568282700498576,0.799025276166774,0.655178432744816,0.570387734266908,0.530687203278229,0.545423545790761,0.555224248742645,0.641349115985666,0.821078893423424,0.565293590625099,0.684680500498349,0.474577823756517,0.661430060984465,0.540393143305759,0.675079639520369,0.450472962293646,0.544252565414598,0.435529437521473,0.437804326355448,0.376301310263636,0.195714578265234,0.535402217228725,0.424849733279386,0.160533004417616,0.265091797070667,0.780125734732054,0.495517643129599,0.862186259836085,0.843781034831771,0.80341553897974,0.638607002940696,0.546069522321765,0.579049592757025,0.529464424431197,0.642361293444838,0.769222416257518,0.776632715125978,0.812780098085222,0.732998325950369,0.869350388523013,0.898281957177235,0.727168604939524,0.779182484272726,0.875212852838632,0.890146521704151,0.904882946946879,0.895795067836497,0.86920938232037,0.852414848483864,0.730110692894796,0.709840952132052,0.705327964248297,0.678509756856384,0.742954276478032,0.634119846540928,0.831584742721386,0.735749369264073,0.783851285896568,0.71552341478488,0.860717918611724,0.817010299906376,0.800869006057165,0.82347195813688,0.740417419040078,0.813113379543681,0.200533478713931,0.490705842412023,0.971606955522195,0.96985118170974,0.924327498952081,0.980894665852247,0.515644910669006,0.533006567469177,0.738537226842288,0.685657630551028,0.529579263789976,0.531033693000969,0.858102966134452,0.833309034022595,0.574039119781097,0.497613059476068,0.717934019173572,0.650516418764912,0.653427268159493,0.659427057539399,0.656149489080426,0.520056159017004,0.654033343177135,0.583776201995749,0.672825747851231,0.745935572796887,0.701484808945799,0.710548679303335,0.54656363212211,0.467697574842825,0.579926673738482,0.500134684826036,0.677356817061282,0.652243791451192,0.167047940162269,0.196815278626753,0.535599787164551,0.483842907870942,0.549083034093912,0.562056742715706,0.694804973372249,0.822381635014219,0.933727799190861,0.687666357194498,0.586249079742747,0.546635504698233,0.262497635931229,0.427614404373647,0.792132050201899,0.750462789479643,0.793201464776043,0.826167848022855,0.796946056417736,0.846278728565785,0.800999113663454,0.825569799396616,0.445588261645753,0.605392192665022,0.496313754841685,0.579353901793663,0.718150545915312,0.809939441838386,0.708792312448655,0.815055507382543,0.66159173462759,0.710457558355605,0.620082263109995,0.776055409216925,0.421888345495656,0.545278251643066,0.699675701115687,0.740346401304442,0.519076446310626,0.6260196448653,0.786419096629933,0.874320461688595,0.564789569630244,0.804692464678984,0.621990800031349,0.756476519004255,0.713160125021345,0.855644907035739,0.619939279965532,0.660814518717906,0.57267404371034,0.555497491094111,0.466925056448535,0.538902873905857,0.678177862960026,0.778092517572122,0.896405281770664,0.851572377405147,0.873767937206336,0.913846207890086
0.18174792261875,0.175215458860303,0.235317584476493,0.295090597577282,0.21530485443884,0.186307402287295,0.20779545223743,0.264985159120755,0.146296304948111,0.142021275297198,0.17753048214709,0.193541650069269,0.252848907546701,0.160476431464161,0.350079931568508,0.191558549547745,0.200763829037237,0.0975187504529444,0.426598732893498,0.29412937954237,0.284588497563318,0.252602177298906,0.129442841126534,0.0648447202449046,0.0718039258150384,0.0899008609890269,0.0972192772052095,0.157892317495422,0.148097148848918,0.165076378991067,0.0659226673802356,0.174079588934856,0.183333080345498,0.33492884444455,0.223392796393532,0.152492376823287,0.0803011100722646,0.109246421444626,0.275897832524345,0.350868486529551,0.178313595693045,0.17597693828072,0.211123007138006,0.140342354915769,0.0695522714329329,0.115276423671014,0.150777361277882,0.133361224564529,0.0706317604595555,0.0906459985405925,0.152991784088688,0.139739888646518,0.100210947883554,0.104862713915637,0.0695630471844634,0.0838190735348607,0.116141448286977,0.0782129498511812,0.193953042322814,0.170544777822915,0.335801662549942,0.229973452120718,0.235709005341627,0.212873764320313,0.138839461189468,0.145591223819605,0.157011526594898,0.129095886853867,0.170954780907299,0.150143989902093,0.213514017191021,0.145285096311311,0.663647023892464,0.404683034299643,0.0058860449881171,0.0144067707372708,0.0202988033151531,0.0010696779344081,0.295546858436945,0.237493123738778,0.190795811310798,0.194156050210958,0.395366621382647,0.374306859968419,0.141684330833261,0.107953768519658,0.237273095450087,0.182258794662835,0.144237753628113,0.159383054181466,0.0419295633935493,0.0910133858101386,0.0031821336540348,0.0244766933996973,0.150194645560559,0.0884318513981885,0.182699357209882,0.0653310143165712,0.0926678990840075,0.0920451744860051,0.0009468745322834,0.0019809797749338,1.97429274848974e-05,0.0004674703780042,0.0168703049305431,0.0105843579782834,0.0212111940648659,0.153141580150483,0.132336491580418,0.269848657169445,0.193331870492863,0.15401803141173,0.133977671153543,0.000615266719191,0.0341700493500584,0.27956059076262,0.282531211004508,0.424910898569082,0.59937182299621,0.540134835864592,0.109145154212727,0.138810988601297,0.104218608936299,0.0770022505948319,0.0611176652299363,0.027665373023837,0.0315686293179169,0.0321493771645132,0.136274517863058,0.0995098098064773,0.189203932757955,0.159560762871493,0.0604531037341174,0.0382602518170395,0.0935947767769297,0.0653840126981584,0.0564302224837079,0.0365325099004335,0.094086027069528,0.064928877350016,0.254976570918782,0.199782735715318,0.0994987527514227,0.0823958829320614,0.25999635035851,0.215529424510896,0.128328449911787,0.11554887789702,0.347718693359801,0.156696329770371,0.271424420524296,0.103847999372528,0.199473910839724,0.11769966016643,0.114774930841801,0.0442835621965619,0.0382782617747131,0.0209295582457411,0.0522076155442525,0.0405728157944559,0.0575388810228043,0.0232631337892172,0.0165032689498427,0.0079171295840082,0.0151033395259465,0.0015686275437474
0.153723608570554,0.297878154378161,0.200148983129436,0.286240195793101,0.142771274926422,0.204855575739577,0.109158833762958,0.237387363546198,0.131353561447397,0.205832456726554,0.106938629439335,0.113759709693488,0.166112973227737,0.18325084685913,0.342881560411185,0.231132116446764,0.173436146655047,0.109034386735558,0.34629307647187,0.223332335827416,0.165712191752108,0.127292934044375,0.0768917471598375,0.0593433381588004,0.0824643542529719,0.167289486070274,0.148216270439329,0.161605855599326,0.14105717194816,0.188222198401899,0.0639743244761204,0.101760018533628,0.0986695113123244,0.247441578829743,0.20331698023319,0.125042729885621,0.0240143155691679,0.0725226850029943,0.16065230690046,0.270984139061832,0.121876385570851,0.147568081892688,0.144641274151085,0.09434496130369,0.116597855069292,0.165427884318327,0.165304376098398,0.197057802466752,0.0764294116049872,0.0979055897627562,0.194848287583187,0.229749330157364,0.149437146632954,0.158491055934617,0.0972875179953633,0.156832519832222,0.0629548521847745,0.0958518332939904,0.191326991747344,0.266795161772567,0.398549375513971,0.430488809631204,0.245197014428584,0.355955265602183,0.0918672778195988,0.21400114502365,0.0907126075410715,0.235988296255328,0.332155937566088,0.264719260167733,0.396134414915234,0.304208902501346,0.718746797197741,0.446457167289857,0.0074163773069042,0.0096934131777402,0.0347236184625403,0.0021428572695835,0.1488453247067,0.184418075320818,0.113690055913922,0.168639165730962,0.262032517212976,0.280106042533121,0.0734691087005114,0.124339148770801,0.0532774995798122,0.209677564971272,0.0834125355701872,0.162221147697415,0.122090656772493,0.198298579643768,0.0219426167810273,0.119984817269259,0.22104960938176,0.184699736223702,0.163827896398854,0.161433363376341,0.141144937393166,0.191531498573687,0.104033021067775,0.0677957740027635,0.0446213540941229,0.0289691456966223,0.0894283543037968,0.0754992894694348,0.275289368132184,0.370921220604049,0.229529331296423,0.346078451839276,0.283126214591356,0.22873792378577,0.214731162891018,0.0140179948578972,0.0881958582696783,0.387495646165397,0.493302804829142,0.63683158846371,0.806110841504669,0.744056416551757,0.184040283094265,0.185066677611321,0.171292691962533,0.129000472000302,0.0787341560748058,0.0512066967916182,0.0735200790444478,0.0587018613030063,0.218137267802376,0.1372549100779,0.311203939972911,0.252605387796629,0.164745637723811,0.103885924147273,0.0735777252947615,0.0291646970935346,0.0421280301730696,0.0130374964710586,0.0473592690879389,0.0307420241171677,0.309321736110534,0.272628526986778,0.184416935570832,0.156347511750884,0.257522463461245,0.33649021597812,0.0876293979669773,0.0824346453979767,0.176550343492888,0.0681539013919659,0.17178092087034,0.0866331949847092,0.274062331959048,0.176638243274962,0.0967136207430191,0.0250980406999588,0.0286540130999281,0.0107480035404916,0.0410703599836458,0.0359638708204115,0.103431378665846,0.0376744958938103,0.0295751651477379,0.020421754814825,0.0701377889915445,0.0036802415449458
0.0522268779565722,0.0797616195078647,0.0577601998969358,0.115212246606057,0.0721472523383421,0.0942238617814534,0.0996595132419806,0.0977238701642148,0.0781177602234301,0.087571221485014,0.11161295644892,0.0740599945086072,0.182551908073063,0.0773681193645879,0.0299741106523337,0.0259202304426801,0.0672079079610282,0.0388171761208983,0.0737728758108971,0.0667636072340695,0.0693583176636444,0.053376400444513,0.0301217453144633,0.0263028045559158,0.0299269179908813,0.0422547465865538,0.0398253907498685,0.0620287194756258,0.0674827995782347,0.0519712728648671,0.0747860101956359,0.116030461597009,0.129330512724563,0.109860148293849,0.0261523790354876,0.0224228560784969,0.0172648551268151,0.0242537327776246,0.148502070551175,0.0875715136977309,0.0559680653813486,0.043071869103036,0.0454790579480521,0.01658958036123,0.0639035102659284,0.0664983550194525,0.05906202409335,0.0777955680508497,0.0547107992484568,0.0476717845754414,0.0632805136036834,0.0812539076402926,0.0638205304535592,0.079131390313126,0.0518404523166927,0.0993150200489278,0.0586566666538749,0.0527977028218214,0.0843421951013668,0.0848809885405703,0.111321518238951,0.124322292521987,0.0843389714692868,0.101938922859237,0.111719049319577,0.102354387522034,0.0473952354057509,0.0640120012786656,0.0465033263018022,0.0520983125426511,0.0436775996411455,0.0504708492180247,0.276442169502329,0.171071545413413,0.0024138789615091,0.0050917181272069,0.0062520916499404,0.0001943277425847,0.125997828802146,0.118403030862381,0.095166578354706,0.0747598223885212,0.198791878697678,0.0867687410263707,0.0623202717361203,0.0647542498236566,0.0992319238012108,0.0451665950030686,0.0874430198771734,0.110455501634399,0.134373054130199,0.176598516160342,0.148913502398327,0.223568325761546,0.0408268478585181,0.0369020576905437,0.0415878020237303,0.0426294120084321,0.0739880706764796,0.0985310561301558,0.0745584089677128,0.146343733410439,0.0161972535738268,0.0405802943086685,0.0177728524240687,0.0220860916137182,0.0220996745095666,0.0673325973967055,0.0369868832707351,0.0716997806420407,0.065623621749114,0.0710150139772514,0.0890565041549259,0.0094004685620666,0.0192585091398301,0.0661108232374577,0.0583651676991737,0.0784982221111105,0.273519909569939,0.152124192003006,0.0173332100614563,0.0446180418543518,0.0372863126102434,0.0287133139925444,0.0390642991499684,0.0121845556359424,0.011624650547414,0.0065983437848564,0.0470588263124228,0.0240196092636324,0.0826352990046144,0.0611046817053777,0.025675677194109,0.0120071308348667,0.0344529716311482,0.0265152725558378,0.0247404858921928,0.0101823191436236,0.0725964622312946,0.0326489830919194,0.17020461364629,0.0895363063019751,0.0592215868724944,0.0348790631762087,0.179127736450129,0.0920392211293802,0.0348327586920384,0.0194852952699875,0.112399543814533,0.0303187805390881,0.0605679828397476,0.0208043642513547,0.0672502194063806,0.0417796648806156,0.0104943392011271,0.0031372550874948,0.004702757875179,0.0034132173405615,0.0077693199519725,0.0119585818925014,0.0149340779622936,0.0042201245132711,0.0070261442063686,0.0029596746108442,0.0111287764928027,0.0002413273144226
0.405083549141685,0.349859094754718,0.343689173604809,0.288212933892981,0.39081344189007,0.29211542516696,0.435972295230235,0.36538110613643,0.440423660901493,0.309350206533596,0.499058780778461,0.366832143558843,0.510092214813471,0.449443906310359,0.35696847686753,0.39921872838358,0.551029264206457,0.608667681766515,0.308112665018155,0.335447352473036,0.447168615716688,0.469560912871058,0.536359692955151,0.545083595862481,0.577660461969737,0.468029139484519,0.43643498354059,0.311608890372071,0.523872666455238,0.451284497696159,0.505529043532383,0.178152388508216,0.528970408454091,0.510487456798769,0.530012860793562,0.464976263112758,0.487374568271444,0.256353541645708,0.577354763589598,0.520287204835498,0.540717883535305,0.658905412070299,0.761016087786464,0.646206948399448,0.476052061012435,0.453833618309161,0.403496175774794,0.43892999401251,0.526858330563545,0.55986256507901,0.374892365638154,0.405581251522678,0.45284436512865,0.456941979209105,0.569326574062383,0.551609898003593,0.636252468439404,0.617889662606246,0.380071889353311,0.299022574653317,0.24877511797395,0.165715846089777,0.394030128192882,0.279569956033446,0.463417974202619,0.375909144745137,0.414685847702474,0.358359375208587,0.362906434026942,0.368045693326968,0.341299312324967,0.347381341493211,0.334727908428852,0.394007907814937,0.459034229506058,0.592797342237744,0.113293856663277,0.366594909635231,0.409893270428034,0.530258319413114,0.475538688709059,0.40098946756551,0.350554304701822,0.237775520377931,0.534965037469648,0.458829337947253,0.428152213348014,0.240484346118195,0.5810871973551,0.468632439914635,0.444584329471853,0.398275821788328,0.374966893823502,0.280211099587505,0.403636846246681,0.432980512486768,0.597367791319007,0.723631934575957,0.728139149943829,0.739951160696982,0.483899810752418,0.365835007314774,0.58156871379943,0.578010449787665,0.596067184780352,0.56637343081412,0.168984895614509,0.182171055291847,0.415949617865399,0.449026084346482,0.499156744837327,0.572734033130988,0.552425745222958,0.698142137632125,0.652859515733629,0.188567938322584,0.5389865355675,0.416867226079128,0.346697145955438,0.517667514274459,0.170784013083119,0.130622752822936,0.284020297677902,0.216834895640707,0.30668007694572,0.250182396024409,0.434201706350515,0.337516983786513,0.480392185272649,0.375000022177119,0.686654942568857,0.696117070656614,0.747787537599121,0.64738684755496,0.270861056086648,0.17146613010038,0.309659764564404,0.226075004769914,0.523497817170386,0.442552890455095,0.510160942361361,0.646820388013824,0.727318338752213,0.705710647145055,0.308777734954955,0.433901986444835,0.484405734339814,0.399855192987492,0.549644308078472,0.474835116437595,0.470316021980271,0.347773445133792,0.699684078447555,0.729135687319345,0.13195250711312,0.0671493252381109,0.0557925195091838,0.0337109678614609,0.0630311455961098,0.0752941220998764,0.115500344896834,0.0667231541113552,0.0988562149965825,0.0719940849087851,0.390275592767835,0.104615390802232
0.604915759862942,0.651599808877868,0.628436241215487,0.582008423026486,0.700635762774674,0.658579277227381,0.683970912034971,0.672866863434197,0.704003794182931,0.686534575381859,0.723617978911965,0.752594606359878,0.680394677849977,0.643659530412269,0.691001392500322,0.601846075569077,0.819329266462448,0.800359052081931,0.713510252430095,0.645905499726759,0.79080154121755,0.70447651683153,0.773407483831138,0.750289556149225,0.772433200761126,0.791023380429395,0.808280267337895,0.777326207916539,0.879750717725938,0.851479376488927,0.848342839062337,0.748091408446619,0.724658646878453,0.816255448737786,0.775111924697003,0.623524553353917,0.707862236416098,0.446441349199862,0.741800304746196,0.660943433358548,0.831575593506693,0.827984962012677,0.87909987373595,0.764405484801354,0.738349962906654,0.54376972165657,0.803246105952834,0.660823596031304,0.775929195590502,0.760800130244436,0.676110337690674,0.664574786398566,0.709512398204022,0.767115318549094,0.788541648183839,0.733341802721968,0.865632402010814,0.8157906694975,0.642245065489124,0.652762857045257,0.588591640942688,0.525737310701882,0.632578544906224,0.607837706331041,0.766537918443298,0.716439987141765,0.689073641205787,0.740872939776508,0.746282168095062,0.624189299142547,0.573114832073633,0.580579826060201,0.663216170567278,0.550672974662185,0.436924889923246,0.585742301896558,0.116492679043444,0.282265422855354,0.705490237800404,0.848513712673345,0.744020121543803,0.741999750481354,0.887236643604778,0.839412473804488,0.766032492275504,0.79447658561541,0.919465708187457,0.873541439571875,0.781970021735106,0.753983628464756,0.785767599745127,0.742524553716066,0.780565350425043,0.614488954250352,0.622001190187053,0.738772895826299,0.779130765031247,0.823347273760807,0.852108125027618,0.798275485518226,0.798713806242996,0.621217999578766,0.86019961029234,0.775091161140374,0.834142290806892,0.814082430169744,0.550738730827207,0.471793713929269,0.719621992056935,0.877969178169192,0.864747950299976,0.885808149209426,0.890324997063666,0.854020465256161,0.883702441262839,0.774995669081753,0.493990352616174,0.659603425817543,0.686693358714285,0.722079291069046,0.158994447114463,0.296596095971763,0.185299064218145,0.208392813620587,0.236281074281732,0.186329607398517,0.296498616974402,0.291384733409836,0.380392179358751,0.484803950239439,0.756215730996337,0.78902660216632,0.537692135667139,0.545525878964161,0.3275135175217,0.294506667261748,0.354152270079152,0.254523578863754,0.648039254010655,0.557031943745838,0.809313773352187,0.796150020586415,0.716865736040588,0.667969124947409,0.491478863590023,0.502764735615347,0.722654912577788,0.65220220731686,0.894510951358732,0.623842629486009,0.787267912382237,0.513006321035062,0.807462215348906,0.803356226527796,0.197901143987571,0.0882051334214898,0.0968518141801822,0.0595497493459671,0.165490205865353,0.143141669624098,0.125033814020471,0.0790607647820847,0.121160137884241,0.0949315631428277,0.305590903074984,0.0958672756544099
0.735264132101769,0.851615479143878,0.724904117436261,0.833144705885437,0.806591102139169,0.900837622870358,0.730103182699262,0.849720789154759,0.714409558527296,0.830089565138817,0.843263768133477,0.862827035367358,0.867966134525043,0.829707551903903,0.93004471375967,0.741815361308862,0.908309968127369,0.890991438296063,0.936308315307309,0.814736251942525,0.921565954852266,0.77812046474549,0.879951492709598,0.846685140215536,0.85618454261249,0.89875601286229,0.894839162378557,0.956036730467868,0.966527532347058,0.963198651908586,0.968055198087858,0.965756732124298,0.792596186513255,0.930341807539683,0.867811013934221,0.65286912087751,0.682110530323652,0.400873597017177,0.835494558372679,0.715884778895167,0.887867950177921,0.868144234809605,0.961434994469693,0.855838918418627,0.893564546844044,0.616081417939205,0.880241379356728,0.719143507499671,0.849857554120442,0.708676725627384,0.804837773317148,0.777670625899894,0.6994317742406,0.818219547818565,0.7572701579304,0.81516837033991,0.885058306912221,0.801648959554974,0.784901327074411,0.846014113518125,0.799111522357154,0.917282885471473,0.833737639152303,0.923271794524087,0.810849929306653,0.869737272564962,0.719079242833187,0.876271707744458,0.887991638038018,0.711834111099936,0.809979117364558,0.702874373118076,0.789667603508484,0.598362791978065,0.619145186830841,0.755143556351837,0.218358107004354,0.511045198289919,0.660006574979828,0.885573719589818,0.735723296225646,0.854935877167024,0.959334763379383,0.951432542564707,0.801711567714576,0.86539525439483,0.945332480266471,0.964649775402468,0.871552747621172,0.870019951455951,0.93741578238937,0.928332943947521,0.968879335514574,0.927950956542471,0.686177232044643,0.815944445336627,0.875944714111845,0.952193128662622,0.914622597322016,0.926527445694538,0.889210711209438,0.935992748310989,0.847958475700981,0.841225157643309,0.826659607993381,0.782628078955486,0.755167528319968,0.786573606758868,0.75697564076056,0.925264502603616,0.94570475886182,0.959090485343913,0.962138726800853,0.842622901441639,0.78926644289007,0.619279623458299,0.654188986994665,0.630971516815903,0.885075247469042,0.802920799117904,0.159292759801071,0.190569423034787,0.24582762704753,0.170490632624554,0.289858380680366,0.160968937713444,0.292343621397214,0.220927524881611,0.460294144868385,0.388235317077488,0.804882400541101,0.747024129402886,0.641322242484642,0.515308408371427,0.52451267665711,0.319413360633985,0.454786647426184,0.262745113577694,0.720920346239807,0.498331440466584,0.886762094215437,0.792278796192133,0.766710940226772,0.604408222376403,0.568755760225337,0.459588262473699,0.714078853203279,0.624955473679372,0.94527087555398,0.66928713713603,0.855382484551769,0.554216822681273,0.881458016964424,0.846753168758629,0.318751744893183,0.217013587494596,0.164690268313163,0.163311556499037,0.264645921071882,0.343996495338094,0.213776212777734,0.144202380834929,0.13439543278461,0.105734375472409,0.26346053492366,0.114208151550534
0.668282295702508,0.746636234863473,0.634987153548788,0.629624290370069,0.729990972313823,0.751833942631013,0.69849072852704,0.783373324159404,0.726096926929498,0.757931604243909,0.808014813888173,0.813313863327161,0.768559523899076,0.703761035123046,0.77962665688105,0.634830422670704,0.860842811860214,0.831577007601056,0.698014517792397,0.604997554936554,0.725315022850212,0.684846338833531,0.804887624696799,0.80175225165221,0.778786142313303,0.706723069170083,0.646888455022578,0.608381783739911,0.859073433244122,0.830231428638378,0.719899017392447,0.688683812108951,0.778901299783431,0.840379743949782,0.833246000929489,0.634759011487182,0.657290514456973,0.35683350076329,0.789673319443048,0.663073143719542,0.873047286885146,0.856829885079307,0.93695415523226,0.800992299109273,0.820018197472966,0.577075662874597,0.834130394432816,0.714910746729412,0.797369133214842,0.726581031886567,0.722100852281433,0.805220132823122,0.766586238771155,0.845015143713404,0.803634583168229,0.830658864723358,0.851233714010112,0.819666294639096,0.651131192407644,0.698740123282844,0.689095611183974,0.755853938913382,0.785995102453845,0.825618169680506,0.792171350082875,0.799810822673976,0.791512926470936,0.873246873202603,0.811227594549358,0.624076996940908,0.751811117296704,0.607648502020711,0.663065959149746,0.513830685744525,0.581668534609711,0.66886627295377,0.257966956298531,0.507843167288229,0.751305055324661,0.890367404415401,0.748743596578901,0.779091880197715,0.893600800538713,0.808973054084697,0.801231984918263,0.823759827066304,0.893442462913889,0.847802633682131,0.804364784088921,0.777405548518974,0.900644671463926,0.857980731683177,0.865902954080431,0.805442914434966,0.74146126068894,0.818291229599691,0.850503318271755,0.91029929548205,0.917020333417702,0.902004532015319,0.898720515693406,0.81571386185582,0.869677774137261,0.843988139082408,0.839475218309261,0.835382026669207,0.730436453872648,0.736425620071376,0.773386042821947,0.928940973409274,0.925205715927576,0.962712122892272,0.928785177223749,0.90704435284284,0.833116456752191,0.700599656278687,0.52734915265366,0.627562425705202,0.690710111283833,0.692095629165124,0.146390736105272,0.212034522343427,0.167112676459801,0.160515177377161,0.213776451206068,0.156931240391269,0.28934642234041,0.242556989401899,0.392647082044277,0.397058847011067,0.770454947524704,0.754763052201148,0.564083234207214,0.509960814472288,0.304484246480886,0.229469603014955,0.393021937891129,0.26167872204576,0.606261895436253,0.50728184468679,0.822946020535196,0.78097778863456,0.724856301160053,0.627322206843005,0.395198850566086,0.412274534185417,0.764665047484516,0.656509991291166,0.895696178310647,0.715091727111872,0.864408574860316,0.626107346742981,0.793952909517249,0.78216726352068,0.163214591259635,0.0987028715988764,0.0835403533507717,0.074872916555722,0.171515581077513,0.205040770002086,0.117199127958758,0.0724844713245016,0.205555567711902,0.179578257012972,0.372045596989149,0.1372549100779
0.398405287538683,0.344255403671659,0.423968700839071,0.341724255748153,0.470541494913402,0.322995560939762,0.475080310690498,0.362236352695327,0.485874473411161,0.34375417936155,0.557066323834154,0.408000764470652,0.505783152877285,0.466695052717354,0.384314661485203,0.454552172497484,0.613779169838174,0.669796403184977,0.3614401689583,0.400501016022175,0.484547602900926,0.520054547889452,0.576727802679312,0.600034250513707,0.628938539868581,0.499557195404817,0.452751985346529,0.31818266224474,0.556725315629842,0.417656695211133,0.510572837998081,0.186848154562734,0.570008634566649,0.462831809801887,0.502338373597628,0.426411425002144,0.443050464519428,0.254559570219743,0.451467459165874,0.362823364324806,0.48778221738698,0.606395535757685,0.68126786560143,0.675859859704008,0.463492359684385,0.372803753964504,0.407155082025649,0.403128466228798,0.458940782441023,0.490706763887758,0.371609200054848,0.316770067163305,0.430699812277141,0.42296867863363,0.519252598897938,0.511046541850678,0.639262005043476,0.560061901395408,0.373125009471266,0.289472405603662,0.324659849233761,0.195514783627987,0.410986265961759,0.306872603613546,0.517238072302433,0.362003865499367,0.46578116523534,0.361801100275588,0.385418634682465,0.381826284479144,0.355512092421009,0.365415984646261,0.20580200509924,0.23456084875664,0.485859099360333,0.637481725280334,0.0974687202124373,0.337610314083577,0.358607864344958,0.362877019649011,0.478509328360042,0.350053394486845,0.395546296376106,0.267897301812867,0.552404294656708,0.431737136344158,0.392124422618484,0.240245649108852,0.577931406727293,0.444782752439153,0.500375538996383,0.380568783243373,0.418619711279715,0.247235049400374,0.435564472125621,0.551802154447926,0.636798294740212,0.771461069057184,0.701291797845652,0.73032747778583,0.529020477070883,0.329866179455074,0.655936425004614,0.594400798057072,0.661959356821736,0.658420020033322,0.257175941135049,0.274377251397189,0.372445594979455,0.420970957128335,0.519511308918858,0.517763362367791,0.595105654761356,0.738709395740099,0.757167049511015,0.262552536535493,0.269187690989514,0.183801258641655,0.159356567581428,0.210416679110494,0.1081507785907,0.0933396133631468,0.151995342591398,0.0941347111650748,0.209077555779921,0.0963211157652652,0.35069096378339,0.206654511729971,0.257843152503483,0.224019621091429,0.451541203174274,0.463513227967512,0.584194523154921,0.462959029161456,0.199511236578658,0.117647065781057,0.259227235630319,0.131510155696193,0.52911135323924,0.344159958838467,0.433783593428455,0.467440409201978,0.588309042605648,0.461142148353486,0.240681707471714,0.162137264490593,0.574344857524781,0.485542958007445,0.568600121189367,0.523381930008192,0.495255255346256,0.358586269964841,0.640071394074918,0.6340220285215,0.113338863372173,0.0602111649484589,0.0537614280680766,0.0378794503156786,0.0625790117746767,0.0691782371821196,0.0945148805049971,0.0570079917519319,0.090686279872898,0.0745098083280027,0.226788566671186,0.0547209685453429
0.606179898605081,0.601562834608469,0.578196474987926,0.539077055588897,0.687851944253694,0.561080784412279,0.688334979692657,0.625599204469863,0.684864243201837,0.612032515388423,0.730921539588627,0.722538966766651,0.751596158602794,0.650268523010069,0.793907414276007,0.672615631775884,0.82304426840354,0.778222714854299,0.636290111814302,0.576239536439613,0.681564849819172,0.665443506460119,0.796069272891116,0.766480503283869,0.781219297537411,0.722556955995782,0.670351475929478,0.594322687047904,0.825710703463912,0.807173862002679,0.72565695542581,0.700962181629407,0.680815644222303,0.701855309037748,0.801738084205196,0.610076313526266,0.679306989735205,0.382213952952002,0.748660420442648,0.606896462538006,0.782937914701043,0.853243918678641,0.872065559594458,0.861798358998766,0.717586315210382,0.561594316277302,0.79263904856464,0.658187414998557,0.728061019237234,0.721657331680636,0.634832308665547,0.666182060684257,0.626936349120336,0.721900685695143,0.719948574593444,0.720868814811704,0.882630042262294,0.809519741375083,0.629012415531781,0.597108096428518,0.653969558686487,0.570712472642301,0.709739458786172,0.685966947776366,0.757577008708913,0.648642438582553,0.695771734308724,0.711177184148006,0.821122247439884,0.683016585448905,0.67695210329099,0.656516245786955,0.417513562262723,0.446731286332342,0.540457851841678,0.654492724120002,0.202691907857969,0.463345615637081,0.605045787415778,0.796267469722149,0.70624385026555,0.67124093337967,0.706701804210653,0.51351156353189,0.758168723073492,0.751060153196211,0.816801113101564,0.707077118644866,0.806366775628885,0.777152664105953,0.792753694634485,0.704705220574902,0.790044718234127,0.663428447914912,0.603878351745045,0.745325420605208,0.763426624668969,0.905611973121542,0.84538167371888,0.878894857810142,0.750598334987911,0.720615817016132,0.771051979886456,0.774305530550534,0.775648751843684,0.743426326715905,0.330783652459811,0.37665559016256,0.66151318154845,0.726606080122445,0.748133613461019,0.825408325331961,0.887262534784314,0.815658080997616,0.805302053484557,0.438734269643776,0.597937392122294,0.567312867774903,0.592880293962012,0.579718171538843,0.265920900720542,0.32594198006019,0.235793077165274,0.197937823853416,0.316610642186481,0.142099551333931,0.410765663881431,0.255734958265839,0.580392191186547,0.435784339497332,0.80358436124865,0.727130659027703,0.701285150111338,0.466139065000144,0.321295841678005,0.133869534279732,0.34792389600839,0.170037849753147,0.690591438690336,0.457977727968611,0.800111939900924,0.743879217283196,0.788058427852207,0.572191246090131,0.574454862633111,0.386117669893429,0.771448222808651,0.664304852120536,0.849138493473275,0.692345266071681,0.831273748723151,0.601488097963329,0.824536308910089,0.806255492021479,0.318309877979451,0.178763208158601,0.155659723290394,0.101060281938839,0.194057681603248,0.18071823055971,0.238378986376057,0.124594536538086,0.0983660188891615,0.0950795468733699,0.296926355662731,0.068597289124647
0.391623036517543,0.324098644124093,0.379314452516418,0.304664148593675,0.427469386665661,0.308978877306021,0.393164668685639,0.299805901484718,0.426819313652951,0.347395668715563,0.467307442002323,0.411042896835243,0.378924567935925,0.3993960254466,0.365314824749638,0.428726631981923,0.484101582684951,0.625815742179601,0.325244134260296,0.392843482077944,0.45040022844155,0.476782142911454,0.540321536142594,0.591753555195728,0.5983877359228,0.480362978741289,0.424340528790901,0.302606075751056,0.48344402347229,0.382937529199958,0.450977930522271,0.147825415500692,0.479191495022448,0.34547110717059,0.486849843421416,0.407736355141211,0.465198223420382,0.280583862071933,0.394174474207315,0.384015796038661,0.450441604087633,0.601123329390325,0.633034796795321,0.673349581250682,0.40120119950252,0.350940111997616,0.36930975099196,0.392040877447951,0.378835017022289,0.446480418561259,0.353431034595462,0.368506051239529,0.446727198145262,0.468546168758708,0.521182648396339,0.450657256176183,0.589164345001462,0.557409819754662,0.356737194383655,0.293815443101559,0.324941622976864,0.230987377102584,0.410377076602271,0.298609610195367,0.472451866956183,0.367002177176252,0.507639232334758,0.400342489429271,0.391630286377013,0.39384051814164,0.292997008562882,0.346192205481428,0.2602601345716,0.28865022510211,0.455664938826708,0.629318365325051,0.103705754644061,0.367050091734979,0.244995657190318,0.346452497061806,0.42070376369259,0.381088379560981,0.297534159657361,0.228978368710222,0.53683337698389,0.457992591314354,0.369913020188186,0.202796648760784,0.568893262810434,0.436280599318198,0.417905834752716,0.38774993407384,0.386704942429557,0.27576112849992,0.300374873588546,0.381147602345549,0.484655366352656,0.646639832370654,0.621268006739073,0.659388317984028,0.509233313172351,0.398584513547647,0.631995527675559,0.588026124760653,0.591119532239282,0.589191483982553,0.161386855949483,0.178486877000223,0.337170283728875,0.343274874102096,0.370157769200203,0.432878837502132,0.49816811112681,0.660334502054817,0.643140110155452,0.22872025162152,0.299414328886075,0.201693416562524,0.412602346883273,0.303962436276682,0.0968956895188831,0.0983152999319136,0.147050755768716,0.0874761942955911,0.242563736195999,0.122914533747817,0.295443528209857,0.209434239537208,0.2931372722378,0.227450993843377,0.474749047684018,0.49233058338488,0.571767389404625,0.428762948707762,0.16600171484701,0.130231832335116,0.218569793779513,0.161025121321967,0.430597748425263,0.388266074480306,0.551015058161916,0.61186278128298,0.690151891028649,0.545827998502697,0.42340116119491,0.332117666699924,0.411942850636098,0.389234277326702,0.475521496677381,0.439289846845772,0.408819502381673,0.346267908496178,0.605868782712407,0.663885777966062,0.123391335659569,0.106606341146219,0.0533708335601714,0.0541321745883949,0.06432295651449,0.0675302970097557,0.0895537578316148,0.0614459812018346,0.0584150361343442,0.0531261592646534,0.225940659890782,0.0582805464330774
0.244511792512295,0.187763087349108,0.250514871681965,0.233894213338053,0.302394332609405,0.245727844758835,0.334611735380421,0.254837153643179,0.333487254078077,0.224460592485134,0.429996532631946,0.291062632190488,0.400015900452595,0.335846206570696,0.265863692353318,0.281760628963629,0.391971135839802,0.476656989703355,0.233569106557088,0.255824022332803,0.317198469766457,0.369346732489665,0.370196445532919,0.429642741555495,0.414573999562047,0.335415699795727,0.292212206897385,0.20815254801557,0.412903333890619,0.321973211170069,0.325042320407104,0.181774103365705,0.466156183248788,0.370201916210413,0.431566279020182,0.377006866794836,0.398426737660717,0.234454213455667,0.464924183852964,0.413498552829292,0.394256007918328,0.548021926679533,0.681934086674697,0.572112225484987,0.306849954755626,0.310068398187726,0.257668796097096,0.266266676905585,0.377372150166157,0.393998744528305,0.20671311474253,0.259407755790439,0.337399203210208,0.300221283572833,0.362391407316312,0.34960151951526,0.524219411261484,0.493009576104331,0.236288882039095,0.176077980183245,0.162714722626628,0.108287452795707,0.321676621826579,0.197032594202055,0.38374666625627,0.25855187575099,0.356577758747074,0.260283500933236,0.27707626355154,0.275916750545583,0.156964136668271,0.169299428344122,0.34449597764634,0.356279473061821,0.5158681827142,0.598737603150265,0.137020686681862,0.426215011200319,0.307642719718731,0.371726142150447,0.364687329417206,0.302000754480676,0.244114991166703,0.218042379318204,0.460951674207943,0.368628584588555,0.353973530867408,0.251788177501792,0.486598680737734,0.373210951087285,0.418873421229831,0.329223888020406,0.392359797102758,0.268312787362738,0.301513858661672,0.358906434032029,0.477027043461437,0.583767199926143,0.591261291535333,0.60228060801435,0.496972544892377,0.369086457899953,0.570093137198834,0.534390854656988,0.482048924015452,0.448793623089829,0.111158775636997,0.119752750946897,0.26687357575818,0.31690533349894,0.328865565667261,0.33423050441274,0.357304953412842,0.583993014444764,0.548109678571961,0.112683830193419,0.280926932834766,0.229879692739236,0.357586162399898,0.338582536363295,0.0770206067736206,0.0857913776226342,0.15109975318141,0.0940816401510282,0.219849496967496,0.107311632591332,0.261643339469585,0.165501437088817,0.237254915991798,0.214705895050429,0.461364733166993,0.474733701072025,0.519607873866335,0.384755815980448,0.155919304475242,0.10928876217999,0.225144188631983,0.136394916906986,0.400964603092777,0.293102670159629,0.477688114353995,0.499191868419419,0.606678496736375,0.45095179423717,0.327689225902938,0.239117661199998,0.389222279307172,0.369585583354241,0.387624721926139,0.411811631713113,0.355594738255243,0.293864749012603,0.587131726257891,0.664908081331749,0.0778238101809902,0.0747511356424254,0.0424029397781923,0.0426143816051384,0.0461822403320933,0.053377399058866,0.0655848585101294,0.0486968478730232,0.106535954012846,0.069108402163212,0.23444622478171,0.126877835557724
0.0010599135345939,0.0021502805291812,0.0030539116836047,0.0037654061119205,0.0031314036229776,0.0054266524632651,0.0022814425770242,0.0036170796403915,0.0049337491966373,0.0074320202023319,0.0032308379807297,0.010777583981926,0.0005785107907418,0.0012142573750317,0.0025413939784368,0.0014441247618457,0.00228824904044,0.0020836018512545,0.0050184481839621,0.0050756200513476,0.0015449017794383,0.0006516859465481,0.0073040370700827,0.0086761421106768,0.0099607849027961,0.0110826946025633,0.0063216486720013,0.0087161104162123,0.0050506625388957,0.0097060576849077,0.0085597695915151,0.0091416359181823,0.0002297959147275,0.002023928335047,0.0001949672307723,0.0001152617265747,8.46991114334463e-05,0,2.73499974097593e-05,5.18177703404937e-07,0.0005859297030421,0.0006699058111134,0.0008244207261172,4.94149301835756e-05,0.0024229755336255,0.0036239215722187,0.000879839167166,0.0017153421371342,0.0071276151905778,0.0077926262067985,0.0052224187051968,0.0061869478979103,0.0177026104214451,0.0300877136992057,0.030556772868337,0.0712325821780855,0.0023144729160262,0.0065409448027166,0.0010494126328449,0.0030122121254344,0.0018907564143384,0.0021652901864706,0.0003930383174336,0.0011469495539435,0.0019159018243073,0.0047221728362305,0.0037878410210269,0.0055591931839893,0.0004522642657753,0.0003481668524071,0.0005258070922448,0.0022000188935931,2.53443132462344e-05,0,0,0,0,0,4.57516366926332e-05,0.0002893928826943,0.0004026610882387,0.0055791215040419,0.0013534753222801,0.0047268386980169,0.0053461331035574,0.0153728567877079,0.0030158422767826,0.0036213392299708,0.022104014787601,0.0329124584668302,0.0124307932596072,0.0186572563015229,0.0242776480804745,0.0277860381173458,0,0,0.0001803921675309,0.0012075562646226,0.000357085003871,0.0030938338166982,0.0136282897283697,0.0216411483753778,0.0019140248645884,0.0035479748589553,5.64092183453476e-07,0,5.10620945230282e-05,0.0026112962451927,0,0,0,0,0,0,0,0,0,0,0,0,0,0,0,0,0,0,0,0,0,0,0,0,0,0,0,0,0,0,0,0,0,0,0,0,0,0,0,0,0.000348688140207,3.78237737207616e-06,0.0006368498188974,3.67877003693111e-05,0.0005895959349089,0,0,0,0,0,0,0,0,0,0,0,0,0
0.36893554838304,0.310958314751781,0.323677898918121,0.312211313438345,0.389062026776291,0.295787155392978,0.426797410861279,0.322756820163908,0.436326288218703,0.321415958698826,0.485317632401146,0.356399491620468,0.510486157839071,0.42309816735892,0.311153976957271,0.384918275176406,0.54763291975945,0.619965166824801,0.268410876206984,0.33159170970684,0.37641879561181,0.45278372203097,0.438545432360611,0.502417453057633,0.45163282528308,0.368122278724688,0.309683327303866,0.19527355306365,0.428125349522652,0.293187952049263,0.2984697100967,0.111986343710785,0.543652283148319,0.42179131773261,0.521196907306774,0.435871342074727,0.50043834747116,0.276691558651814,0.572054123706991,0.499992775081644,0.516149435071646,0.626639076066625,0.745178297188514,0.705214304830259,0.425100756309375,0.411788963464157,0.378808146572442,0.400833081647138,0.489187169179925,0.502403482397051,0.315950769409894,0.32369595186858,0.418588290076327,0.420254141752783,0.489043287032417,0.429683900983541,0.619888325452777,0.563736814786904,0.348167956829542,0.258238335449617,0.257788791772926,0.16707458498519,0.399832551671203,0.28221555718123,0.549846651101109,0.351681438045832,0.453655393493712,0.342798726513254,0.335402097333004,0.354641194440974,0.275354309224477,0.280181670570972,0.4012270593091,0.350040247811797,0.399651527263924,0.534174986429541,0.101268158301015,0.256910029198999,0.38151636243177,0.449478331960066,0.49351838164911,0.393776359036732,0.324391947161626,0.264890179503666,0.549087089391535,0.475362366288814,0.277745763731146,0.2057650814652,0.585388208638869,0.450445985174144,0.471318943453384,0.378050974611562,0.360668644639512,0.247893583991543,0.374693649609981,0.394849412381966,0.568113759087864,0.689466803089045,0.7076475636682,0.691321249033031,0.484913720649818,0.349500644888837,0.643477338884835,0.58709798048447,0.644401423519564,0.59518835774664,0.227726729153801,0.308669397955959,0.378285629180097,0.422168497618833,0.459468551424307,0.535438169184426,0.471988101492842,0.663753771199174,0.671582753261907,0.306363813636251,0.398854110677206,0.337566864883146,0.500647278798708,0.429125842371529,0.0822472936368995,0.0741584357582033,0.158933917058363,0.0965987225315219,0.243180939312692,0.117212328458758,0.302054172858507,0.181636961464835,0.30686276324559,0.223529424984008,0.585243171865586,0.578516322617991,0.578219430061762,0.437176496442407,0.195714703248139,0.124354735840781,0.274106129243806,0.155521165028116,0.534108190979403,0.36009229349849,0.610288825520674,0.577535805220061,0.707725237195443,0.527093204207392,0.385230002624514,0.294352958584204,0.499446688319417,0.424565533129763,0.461034520807345,0.436353209054092,0.442786446539204,0.310299654152593,0.706405472105517,0.72457641153733,0.0900303836728276,0.0532730046588068,0.043574723301908,0.033769065177896,0.054099195817595,0.0590879083192499,0.0858688353689323,0.0456386696884539,0.0681372589315288,0.0514243463634179,0.291653435372093,0.0853092056484177
0.0898027868885926,0.071898038828126,0.0895476559782066,0.100703838015073,0.109628927943207,0.0712894418017188,0.095247748275191,0.132387637648889,0.0757997470764753,0.070750270817949,0.0778737339496908,0.0493443516416457,0.0770952454897144,0.0669800867530787,0.127525419196837,0.0683032764238354,0.123619892177727,0.0483385323133994,0.106840142105352,0.0763561983521126,0.0895013552071152,0.0507816824974045,0.070464539746691,0.0417930015504216,0.0616898432204669,0.0588985226332096,0.0871818756467072,0.0986965986714809,0.0630061938564952,0.0874226747726882,0.0580297635592222,0.0608129990073491,0.0572104763777338,0.131662797195953,0.0602986670808667,0.0331459793707024,0.0146656511447012,0.038009952496626,0.069045594422426,0.0556968486281831,0.0793766837912528,0.0423967668667556,0.0571033901863054,0.0393757929674804,0.0258036799504289,0.0499599654457573,0.0408190585045468,0.0261948544903134,0.0224027810525205,0.0301935226722296,0.0820044977156228,0.0836185054238609,0.0505194757078456,0.0333295969167783,0.0161743878207405,0.0194769931620004,0.0274244447642037,0.0472225494761801,0.111939908480037,0.0780287573136328,0.116950108991038,0.0836913887936901,0.0988210912869376,0.0594427471555904,0.0571527291199316,0.0380050979028661,0.0332844410637391,0.039897262633456,0.0667536498505483,0.04972945674391,0.143485378912475,0.0553722239332552,0.286006247905884,0.126740692045806,0.0007422776251949,0.0029724375328923,0.0045907785623324,3.32633072892869e-05,0.0912614433056054,0.113440041357126,0.0722629338356249,0.0743033360420689,0.120161752738348,0.107524406253371,0.0551382341905846,0.0463409319450792,0.0413660588026639,0.0382208424076895,0.0653417624426766,0.0504241872748131,0.0530391058311563,0.0524311757208317,0.0189520064213386,0.0796014106927084,0.0971777739130844,0.0849246995378475,0.0550553409465485,0.0429505160787985,0.0315751112499159,0.0520462644794595,0.0643707093539942,0.0668879014367721,0.0234564162795896,0.0247164608357505,0.0893674323479838,0.105400040165241,0.172967738987306,0.202521901235787,0.224272360091658,0.150447205319723,0.0673138768984621,0.0518656549884277,0.047230647628426,0.0084382317586104,0.055831646303855,0.281158104862698,0.0844919836063954,0.156016052007379,0.180582534951312,0.177022069292434,0.0392405479842363,0.0447623555883765,0.0290178147909707,0.023601438103846,0.0152815998090762,0.0075930148757705,0.0141363220311524,0.0104263191153618,0.0965686331619509,0.0500000029569492,0.0956313782045618,0.0678400534175806,0.0173423433679508,0.0091978615065189,0.0744302402641894,0.0383535742599907,0.0912053110454615,0.0271757842008874,0.0897217004357146,0.0475663234589293,0.0972106834983013,0.0615898287615965,0.0248857452429103,0.022799486105745,0.052043250283209,0.0626862782170065,0.0567532482134679,0.0277035072830393,0.0764057023638816,0.0336359254943989,0.075228492538387,0.0243396622568455,0.0561416272789171,0.0217346297553604,0.0715824400245304,0.0360784335061908,0.0320756209891779,0.0249237487506535,0.0480553661637446,0.0494558301994975,0.038514201060652,0.0156217228636575,0.0248366027760009,0.0090270075630748,0.0066242717219063,0.0016289593723531
0.0448643437385028,0.0873086967559263,0.101162485348109,0.141713820319945,0.0992641135547213,0.105572405985234,0.151629273389733,0.186902770727516,0.114273066713489,0.0939371620078871,0.177134832463336,0.109020960366714,0.325529411170188,0.294832150138891,0.178461749231818,0.0821038164349969,0.143285383056414,0.0958731687765208,0.148224522501823,0.108000493367211,0.14091740449941,0.0975163838135652,0.115677651138214,0.0880497485944601,0.128352057501483,0.0736036164901293,0.0854313333398446,0.0861565047320996,0.142142173914322,0.146926016168695,0.0857395293066387,0.0635977300856773,0.242216238812064,0.450376951416045,0.066136571882075,0.0477559594965127,0.0248877751558253,0.0456731077639817,0.272315508825155,0.306881417642913,0.118101675054504,0.129072705617015,0.109244658867035,0.0603257467681091,0.0612601852863186,0.0782522620057236,0.0576916665333537,0.0304248613498571,0.0534793423924391,0.0535473177447389,0.038582309289441,0.0358738208634753,0.0388247328008144,0.0469651329668194,0.0398981082543887,0.0542278824274261,0.0572975347873917,0.0698899338938449,0.0588362538069852,0.0708335298566792,0.0653715084000213,0.0846130986662398,0.0167490013671305,0.0481908330853966,0.0864669246839417,0.139496303221559,0.0333471259879618,0.0667620797831415,0.0548141511230278,0.0591936196913839,0.0275127561729273,0.0183459997715197,0.653604494307139,0.418426914844874,0.0079474897456212,0.0424774335362526,0.0311717879640593,0.0027415968007907,0.268662325256608,0.319548802266559,0.137520931136195,0.124913860225453,0.237172135793113,0.161494338223784,0.0884664116243987,0.0823379366399578,0.134860415714762,0.1041875278425,0.197834723709548,0.220557929772253,0.0823614204320006,0.144171525320186,0.0880512816840628,0.211583181444061,0.114626592707389,0.0725087662469843,0.0995085026168575,0.0581995434204547,0.0440936317948645,0.0663444247002088,0.116813313427409,0.176690911528853,0.0315962174613235,0.0458494776834559,0.0588884034916256,0.0240686894672185,0.238317007557877,0.256708610569326,0.0261626008795284,0.152726187222645,0.14830385662547,0.0252497240237646,0.0349909056472525,0.0547143581135049,0.0269072587470037,0.177052706549148,0.295136253766764,0.424220167690444,0.637559527519964,0.630392194143496,0.172188568649232,0.181565500933677,0.130797333530528,0.121536412953326,0.0742856354978829,0.0416871404944266,0.0538468752666155,0.0452150337938175,0.235294131562114,0.170098049275111,0.22414118972607,0.16982400263238,0.0814652936360044,0.0553155112926933,0.0982665588093949,0.0696104756511508,0.0847750915187028,0.0271069847472143,0.123434542404157,0.076447524705573,0.232051910569008,0.156004248759583,0.102594728166714,0.0861886411354653,0.273593565749405,0.249980406940449,0.0398464100185729,0.0418746311157575,0.164830200197275,0.080165218974731,0.104002598923254,0.0492228627866475,0.12301994771097,0.0828164340678387,0.0674951710725124,0.0210558081833789,0.0269197734848288,0.0217719693340499,0.0458039242774248,0.0727913680413131,0.0762677529890989,0.0264020026910575,0.0037581701568948,0.0024417315539464,0.0458664574024796,0.0004223228002396
0.0255737505809496,0.0410993407166121,0.0500014121449377,0.074689400269036,0.0273734337962342,0.0458757995338339,0.0284970170617627,0.0295151316001529,0.0217799034426556,0.0311243762766307,0.0466198177592164,0.0396548459759633,0.0499960337576988,0.032383879583422,0.0436569064239393,0.0281076091084392,0.0940007581672163,0.0514235685251497,0.0799303090679847,0.0611787253410384,0.0199589583376242,0.0149252116211628,0.0445042832174115,0.021037637775267,0.0218449210779826,0.0256417558026828,0.020480902375297,0.0270939255916559,0.0483080915244571,0.0487976681194957,0.0299392871293925,0.0709141677315471,0.0246876267792353,0.0658942655563857,0.0158140648400271,0.0128781615583758,0.006655232680883,0.0137752422545133,0.045574037029966,0.0317420115774762,0.0318863044640146,0.0228504136010557,0.0291911781969247,0.0176549662559879,0.0240580347335233,0.0625596648559559,0.0083881223457253,0.0235748526830229,0.0202098846712554,0.0231466339349382,0.0268455934114662,0.0325222394099757,0.0184259687202368,0.0433638972167331,0.0189551177053459,0.0436547142135674,0.0226354262318501,0.0310044171024571,0.039565828670415,0.0486081434889775,0.0852620759723791,0.110526426825508,0.0222817869375688,0.0588129636064279,0.0429514824951462,0.0402720686549669,0.0338456800852792,0.0457854915607827,0.02619603551835,0.0314525737004479,0.0263971875667133,0.0248164711176818,0.228914782471842,0.0800157507725528,0.0004764752925654,0.0008485427853134,0.0016696782088949,6.30252138112805e-05,0.0535424868265788,0.0667769155169587,0.0366041560213971,0.0399104842225422,0.0849828386261646,0.0608367074871494,0.0193153335075298,0.0224160487153598,0.0274237128281472,0.0263186166183191,0.0555389125982401,0.0883276331541711,0.0690573888511828,0.116693330756346,0.0550916756186676,0.142190909332456,0.067823677598105,0.0402434427512738,0.0404191745036385,0.0152160060010866,0.024232008285384,0.0458656971796525,0.0650846359924947,0.114559013898352,0.0152999894747105,0.0325277400553052,0.0195198459162241,0.0311713826330897,0.0520629115756795,0.12430325066107,0.124004333284494,0.137194710555936,0.040427541827671,0.0484144629868541,0.0845891499388411,0.0099794244584857,0.0145114951110686,0.125118179668269,0.0165775410873307,0.038480394432554,0.0960974737965656,0.0945669990566482,0.0154936151607065,0.0133647066727281,0.0121075073342336,0.0097082047838017,0.0069639144109945,0.0042193341486144,0.0090756307888243,0.002274322751376,0.0990196136990562,0.0264705898007378,0.0382784336362965,0.0269414868488116,0.0086645474122535,0.0027379680763591,0.0279397572647186,0.0416653549321116,0.0343137275194749,0.0141038880029922,0.0156704626598155,0.0120722806062915,0.0282368942530213,0.0291706429545868,0.0087129593830331,0.0096035500169208,0.0281839855406956,0.0416862769750878,0.0154906349954953,0.0152517834331692,0.0251946726598906,0.0107782625594682,0.0249368026414848,0.0110445873433764,0.0442529543760357,0.0229640235134525,0.0478320934114532,0.0106787336632036,0.0302476386921814,0.0092810463005056,0.0529457932118984,0.0305970496173655,0.0317782304121246,0.0100782705871427,0.014787582573869,0.0087310401019903,0.0003179650426515,0.000904977429085
0.187097121604922,0.208833110806951,0.17670754356622,0.207892303038382,0.163873526704065,0.126209964697851,0.081363108820194,0.126846914956502,0.105682326627681,0.122131984141841,0.109832833975288,0.108928978488433,0.135177034270329,0.0880459974580959,0.197565698414977,0.203480590262395,0.0880711667069297,0.0562057181985978,0.164969667405294,0.151034612089135,0.099657754945991,0.0587777201702087,0.0345438665370435,0.0291900267295583,0.0406131931326606,0.0411898922404813,0.0699254235130016,0.113351798037327,0.061705056040501,0.0816565355340578,0.0676047616371729,0.154007622791625,0.106078648709906,0.189862368600594,0.0744580359415929,0.0415627555664852,0.0368737581625508,0.0659701531551389,0.0985583454735108,0.0788961825873255,0.105417224246216,0.0693073206649667,0.0440931398625253,0.0553901835413736,0.11991677362122,0.0804084927071469,0.159850662403606,0.189416388707951,0.138712629289944,0.0942640720708448,0.200670712065549,0.215009101984531,0.120162755207074,0.134679861793873,0.0475677759372372,0.119705988561873,0.0687079159851225,0.0733220853528732,0.193655423257594,0.187336078124045,0.209415337836824,0.216523723999641,0.175584760017308,0.178216717296607,0.0944123166862332,0.140104454319367,0.0829108418723213,0.0920057803538328,0.171520840698012,0.138776244582187,0.229902337757878,0.243459180360964,0.444476820786808,0.1442618985161,0.0009814997245614,0.0058539762464771,0.0054289637152947,0.0001785714391319,0.169261447918446,0.174236170631734,0.103082946589491,0.129115095249896,0.204651343452532,0.157053630437498,0.0689063768224521,0.0874051123695615,0.109639663671356,0.0941027856830872,0.0752818671971909,0.135864803770462,0.126848176657924,0.183372219244422,0.213425277130936,0.31566776899939,0.0966407208248069,0.0753741637831171,0.117818307621249,0.0948213487790528,0.0935721864722548,0.109718724059247,0.0944184738258099,0.150684814668855,0.0620229262445284,0.0985661610606923,0.0796819695580876,0.099532835087172,0.153969235685104,0.205789875285261,0.144072985432917,0.206619809260908,0.276500090065629,0.286186000752241,0.300664561949178,0.0307754395671434,0.0203008801728519,0.14775911237978,0.0695187206888063,0.0634581142697822,0.404949576584894,0.205637267063139,0.0254249416857001,0.0285992173776031,0.0357571699703432,0.0191226235969886,0.0367585214687361,0.0129885219169064,0.0161624659418261,0.0075436384263748,0.0735294161131606,0.0328431391972117,0.100125496117398,0.0610004667849023,0.0244170655669468,0.0086131912402131,0.0994828134991121,0.0217526165416449,0.0734140758525909,0.0253181989517128,0.103273250889258,0.0370319129935667,0.236429042115165,0.143924226847515,0.0780922941656965,0.0461857763108845,0.171192973290753,0.150333342223894,0.0462996245972807,0.0253787893796636,0.159680404727447,0.032747066811961,0.0767509363166418,0.020920245507518,0.117946399101857,0.046815577280073,0.0204915781243062,0.0072398194326804,0.0154675425130473,0.012766885286611,0.0264913510476403,0.0279092327586972,0.021162949189351,0.0073751315585655,0.0571078465145547,0.0283388843988332,0.0114202444485666,0.0101357472057526
0.129418445476904,0.15588091230451,0.164577655986528,0.210518859083335,0.122283861976214,0.12145435641209,0.160233679051786,0.149472671385738,0.119263414274447,0.10113035119182,0.110697000331737,0.10545329739268,0.204779423875152,0.0911735296475923,0.144650318608629,0.133626301102216,0.132252467808946,0.08622470084701,0.181901748725398,0.153477782566422,0.108398790124358,0.0685278123722544,0.0634619847896231,0.0479517070074166,0.0668270984262397,0.130553984545054,0.0463428965573405,0.0890719612104959,0.0963101346855507,0.154044782099461,0.0241614426551198,0.0502164193235234,0.0907725522771643,0.212340491121907,0.0517718813132945,0.0424005169575158,0.0085461403436347,0.0389171811133456,0.106897990837533,0.101379394960362,0.0864629747592682,0.0968267222785789,0.0849220192824511,0.0901822475850255,0.0315679346201562,0.0652129401864515,0.0283433903137055,0.0234788100468077,0.0315529524018323,0.0418510254929298,0.0249490440500311,0.0398221024618895,0.0199121712523535,0.0347775212626736,0.0189650153950813,0.0510026993425031,0.0296939105018959,0.0498403680053665,0.156581508766348,0.0971626898100497,0.079539481511556,0.108244213175071,0.0963915455612315,0.126323719111446,0.101600168366467,0.0721564200250496,0.0463529940656758,0.0557002114595117,0.0357440219440193,0.0475283035644612,0.0568794638210676,0.108742618308214,0.47906500867412,0.248816762985004,0.0012428720183137,0.0024805687949129,0.0072308108405251,0.0006600140446347,0.171596960039137,0.198084506556629,0.0963833151213404,0.0893990664077567,0.203411929325675,0.198589507333349,0.0489296455722505,0.0419646336506115,0.0520529832108107,0.0686022638320815,0.0497916696112952,0.0680887492239628,0.0890183325338936,0.077632587080301,0.0349297078445341,0.045865637582361,0.0872116545232369,0.115151091398343,0.0679320301612218,0.0430729227722893,0.0470646137517075,0.0595652446608658,0.0464546700843021,0.0167667264083256,0.0125635158151591,0.0086000956593128,0.0503322532530033,0.0383455753548022,0.0927559967708981,0.106301646439487,0.148257873064617,0.192687919892099,0.0944176673853273,0.0920300249975536,0.018640086002295,0.0037944809796668,0.0849983146954087,0.374330379280374,0.196740526022607,0.325423370403851,0.490938540360465,0.473059668499142,0.0533296075788299,0.0911058877408504,0.059724506605587,0.0680522031545524,0.0280128697586075,0.0191969281976835,0.0176750710732969,0.0205812169970202,0.0750000044354238,0.0568627484608442,0.0776509849843569,0.0585186077528413,0.0314255450487238,0.022245990620418,0.0328275097561055,0.0134889352454956,0.0188292975379976,0.0086343314359781,0.0415717924648385,0.0163936957023015,0.135001073627475,0.0892951828112977,0.0718561151148961,0.067396597659732,0.120414154088368,0.148333342105616,0.0532463202908308,0.0380681840694954,0.149412868078705,0.0615438186965256,0.152278407968481,0.0397767010243176,0.145841845745291,0.0958992874293533,0.0495443277021634,0.022141781098281,0.0186704174778702,0.0086419758197196,0.0261776255388909,0.0275479196727778,0.0295216379865827,0.011369322063478,0.0215686287265271,0.0109507960601235,0.0109167997977017,0.0013876320579304
0.175236071889424,0.275518629536289,0.195081241154009,0.291948216756007,0.206350808568073,0.220236235085387,0.256843398014648,0.292406708346468,0.201209511120129,0.207710288397939,0.195676771219473,0.196573686861852,0.222366945753555,0.22122907570756,0.215976706198033,0.200078782269352,0.262083779180422,0.157778302426448,0.313500398638657,0.265339201975588,0.185929542752754,0.119666261429149,0.0961566843205031,0.0687169405028549,0.0521399317822546,0.0932209331755213,0.105823712716059,0.167073660328399,0.165556602798422,0.211697436587237,0.10815915838209,0.111282338662893,0.123575853147024,0.389339504580475,0.0682872725780038,0.0616398797500965,0.0314784247642403,0.0920237104465782,0.196111578542213,0.180248114129407,0.157066752141328,0.125695462293891,0.18228165070865,0.135396908702997,0.0683693314022255,0.11320132161069,0.0928662183808508,0.0534995349991139,0.0735305860322713,0.0742809080587113,0.118886192544545,0.0802298036706486,0.101095102516511,0.110431743572635,0.0569372415993789,0.126635150929665,0.0594058663347277,0.0669915861387675,0.240820677039382,0.229153922041823,0.219370473021772,0.312092771849835,0.181463908100918,0.394940616694092,0.12318245701637,0.220021071080439,0.0521931395057521,0.153907867907577,0.091126178080408,0.0572017569786257,0.165482792966472,0.119379170208475,0.764948243937663,0.524513282978815,0.0122091871454472,0.0161873724819823,0.0366659996253931,0.0057913168691032,0.172474955733762,0.259618882980968,0.113418697354457,0.198937686166155,0.287867187238561,0.298166361898913,0.0882159573202226,0.111693445604987,0.0964511159494433,0.111166731056835,0.0834960220947323,0.130696314927977,0.0663128179447077,0.104666865380698,0.0042008305277462,0.0505631380222529,0.225501022563121,0.195680602649362,0.111153819209689,0.0634596152398081,0.0444999100326562,0.0962827081901013,0.0609284433552152,0.0331947217986017,0.0318931406996818,0.017438280502516,0.0520493498594356,0.0483282463928271,0.172487755298789,0.361191290320899,0.161602492276713,0.302803595478875,0.141292946583843,0.0687424066867817,0.0041565597768436,0.0032417495663607,0.0939119956372493,0.364522080380993,0.329640966782637,0.557486663985235,0.742166425006518,0.697344812482091,0.150716270061089,0.251237661916763,0.155635132818766,0.152656876511553,0.0950725706544468,0.0577337119318884,0.117450987338088,0.086087327848382,0.422058848489542,0.315686293179169,0.395188258665148,0.330666223044533,0.202888194298548,0.129768278619105,0.187735163134293,0.0949377126007993,0.118685128126184,0.0706570389223073,0.193722339097275,0.140330650359757,0.382893777972166,0.305188147354292,0.201606970495733,0.152626315023016,0.337951275254556,0.351274530577939,0.118073386744175,0.11586082087447,0.199183018315428,0.12032045010764,0.131272897084363,0.106918852660857,0.18321920444962,0.150370634930272,0.149627183662386,0.0591251920335568,0.0627919730908456,0.0364560660630189,0.0692041563417982,0.088239705592938,0.17088405337839,0.0791172482841744,0.0216503280777639,0.0143544218625944,0.0880763168144669,0.0030165914302835
0.0763567326862242,0.164926705069405,0.187029442956692,0.221745937390679,0.142352753821173,0.161673938392023,0.101926316050864,0.255075419084956,0.0805784322612752,0.136433358721669,0.0795635254452971,0.121818780480139,0.117546347350079,0.148000185532533,0.113956325177209,0.102026949244626,0.173629903221802,0.145962064063068,0.296590271288604,0.207809382523202,0.244281287456446,0.106605627524999,0.087551786453614,0.0567153606379417,0.0598779001543087,0.0607416915717413,0.092512066728981,0.11757217470909,0.140186576745033,0.162292484520045,0.0783069619316806,0.139184405394344,0.103464621243637,0.250256744610497,0.0264715999936434,0.0190816010857439,0.0392082774214352,0.0560199038104724,0.209706631100818,0.201797570280908,0.123838673669577,0.145399440456323,0.178587354589995,0.150478345395025,0.0559861267240123,0.153399509656649,0.0408161579358638,0.0431489615735965,0.0488387412475789,0.0763122381021157,0.0445726779725888,0.0630795313660003,0.0481572259209656,0.0956901120161438,0.0380540123773743,0.15093975793017,0.0469023626783087,0.0699208875003103,0.0810756904646851,0.102573054642023,0.092563505450373,0.122952523111106,0.0663778014687256,0.114417602801237,0.0744614131709006,0.123498874935757,0.0447152459454855,0.0940804402491109,0.0686869232742039,0.0574729037381977,0.0555157084532757,0.0247308627065771,0.688629717059453,0.406333495285004,0.0087094564324924,0.015719958756304,0.0249682140175838,0.000693277351924,0.125381271031478,0.267003323137339,0.0991667152312919,0.191391537684102,0.281839110281777,0.271363112856368,0.0597231845890936,0.178815179191725,0.137758740779037,0.115309239189557,0.0867394352767406,0.167294684299807,0.0706074480752253,0.166881229879849,0.0950592225502932,0.207705375959422,0.115480831512233,0.110706173071631,0.0587668880070042,0.0400514701101713,0.0257376106153201,0.0682068968186555,0.0944863471329913,0.0878369002522332,0.0302578547981367,0.0196392780160362,0.066848872384521,0.0483706613835805,0.123134538872465,0.241512531239273,0.197752398021108,0.14170537473738,0.109927029941928,0.124382968087344,0.06311906579061,0.0240539028184726,0.0331924743542244,0.265782578743321,0.182149234097814,0.350423371882326,0.394060560140433,0.430698554882838,0.123718971923059,0.10962824177742,0.0815919642635031,0.068825523644945,0.0335909884924978,0.0210966707430723,0.0269467803050897,0.0204033892921801,0.134803929540794,0.0784313771873713,0.121337262077723,0.0714914354460871,0.0327768964799926,0.0182246000082655,0.0643023624273854,0.0157388433846508,0.0341407171286204,0.0149294814470698,0.060151806213863,0.029480970601606,0.167782938311259,0.120095396609473,0.0594574707136594,0.0594389615801374,0.13855599133498,0.183372559864074,0.0729388447789779,0.0560086188797317,0.184010393344582,0.0555850613845568,0.0777815635044759,0.0367352778962848,0.233978879091932,0.195831906786993,0.0921844848772694,0.0198491716112655,0.0443715360980347,0.0193173577146674,0.0615363358191269,0.0628949144928392,0.0512001382544283,0.0142257734548699,0.0375817015689487,0.0182759907219629,0.0181505045180234,0.0028355959444665
0.0885148751645005,0.0792037151537221,0.0546272730296913,0.0527366283970718,0.0770529113641064,0.0598780597018633,0.105214124624916,0.134789213145861,0.0724854476534651,0.0379732203567448,0.0264940758550246,0.0320960668687393,0.058563550339629,0.0438278041858975,0.0415694061863283,0.0331197661022009,0.0740534395550668,0.0492832817100935,0.0754372816448846,0.0516368996118145,0.049740928519091,0.0273805449580884,0.0220041668172756,0.0138077386768203,0.0170802149138498,0.0303882118315442,0.0233722848328394,0.031349856610716,0.0310665025115851,0.0313524537083341,0.0174455071529397,0.0206977484080237,0.0320656322388856,0.0734723650407714,0.0099615122416881,0.012137638342081,0.0095392374251918,0.0152282713132271,0.0494398539715378,0.101671129007379,0.0601377396325101,0.055335865532605,0.0807041045945053,0.126614887310772,0.0220570880895463,0.0242859113939939,0.010993155308437,0.0126469907236957,0.0285769121678044,0.0312485099468967,0.0124913882161201,0.0154139442666848,0.0063746513093388,0.0076718728251529,0.0039533456527295,0.0106633761931819,0.0277299416020465,0.0380153116284917,0.0892086383692331,0.0529272033064955,0.0524673629281524,0.0983511644616638,0.0658405289063622,0.0564917301431084,0.0751654846500309,0.0365975844596733,0.0084975683276215,0.0142349927838252,0.0248992667341775,0.013909708656735,0.0249222387156962,0.0092556765019636,0.40541690699649,0.193097039210749,0.0029208722996727,0.0035759687798689,0.0071956773311195,0.0021988796818602,0.0745032723799037,0.0761556073071353,0.0382792773884814,0.0476980632611641,0.123899831848558,0.111295765543201,0.0244404716844717,0.0205046285568697,0.0358836535959572,0.0260031070765586,0.0543370130173571,0.0514789977910349,0.0663485986824756,0.0943771899898774,0.0897889673573601,0.131800233789511,0.0749747737534242,0.0783555980789777,0.0482453187573184,0.0344788342223229,0.037377887248803,0.0610631419584728,0.0884255121843133,0.0820619494810985,0.0366911916292352,0.0352414470156687,0.0718912924124117,0.0775012770329938,0.125782959508393,0.225588865234054,0.114806984736622,0.0995291596528228,0.0849543025325879,0.0928280801158348,0.038796242439913,0.0060618901349807,0.0532764286634475,0.253956597651787,0.10252101446635,0.216532989632635,0.179402256945094,0.193790861133796,0.0505267112942415,0.0754133377932012,0.0283591348040653,0.0278774455213112,0.0116511644953177,0.0064942609584531,0.0154621857883675,0.0130001411591001,0.115196085243952,0.0647058861795813,0.111254908540286,0.0895669344307554,0.0197668268181686,0.0137326211329888,0.0645979009501204,0.0225411357492928,0.0576701302848318,0.0149638811739064,0.0629032295264844,0.0141176478937268,0.0472959320382949,0.0282352957874537,0.0172195204050469,0.0211249475782044,0.0353307699105728,0.0466862772707827,0.0424393758764428,0.0460190163875902,0.0508662506236518,0.0150092298878726,0.0339953026100262,0.0216569192074134,0.0870122657169688,0.064470855019946,0.0331400185298752,0.0125490203499794,0.017608000416368,0.0155700808046041,0.0303206476985532,0.0531835237444703,0.0262339434040518,0.0088840479715324,0.0191176481894217,0.0102108774074125,0.0081875998482762,0.0021719458298041
0.101029473348797,0.125889928630868,0.142265982564933,0.198018188938566,0.153321965762119,0.147724026326824,0.0777834493844987,0.127228490053701,0.106302001184986,0.0942607689221307,0.0901430895917017,0.0813607756645569,0.107916573818767,0.0899161821564311,0.148109089373101,0.0832990183316655,0.127735217603851,0.0988362464297887,0.279340185073946,0.204470811658507,0.125681100454005,0.0961179505258055,0.0401655873886999,0.0262824071339963,0.0306844937932593,0.0432825007441419,0.0246459094821433,0.0435094433864665,0.101145525918013,0.147743009681064,0.0351050085456673,0.1138923721923,0.0917693019509193,0.178875606014435,0.067994569183619,0.0854356409501495,0.0326917395355244,0.157812417878373,0.281891163687502,0.289963433804445,0.132113865626143,0.127746318093137,0.179821757515046,0.12431017496701,0.0815447086207307,0.161838995568401,0.0352525449165279,0.0335842854186145,0.0814783145195131,0.0844595105361963,0.0610441284342485,0.0283966823615317,0.0644868368317322,0.0560096950822959,0.0515482100039794,0.0837016049024453,0.0705788983561497,0.0409597977781119,0.113376112542966,0.127046829381063,0.124605001909202,0.147872663657589,0.0986265753816226,0.149422342826043,0.0553917698550559,0.0854984952325061,0.0411681150334736,0.0705778871535801,0.0942001856429317,0.116839931240936,0.123052667926347,0.0863378416759666,0.867589621815004,0.784857987247368,0.040160763554146,0.0198740809401956,0.0634293686711776,0.0079884458505798,0.136241838122563,0.132347043026491,0.0711098200829328,0.101422058422915,0.294849716071429,0.224993785104607,0.0600048836876521,0.0503620076123729,0.178719657368415,0.0938099895245686,0.0973327263443935,0.0636678886870045,0.076114668576732,0.0626260699911841,0.0346279292483076,0.0544161674164365,0.203204308441748,0.0678696639550139,0.115529418596998,0.0302725986339061,0.0669511232501126,0.061088812395296,0.082321942190373,0.0376321899320726,0.0236689125254139,0.0105829686484303,0.0535701423860262,0.0646974031814306,0.125680835319347,0.240800359536038,0.279296579267115,0.262261367419054,0.183388629450753,0.18793669522199,0.121298268746126,0.0341745360321825,0.058209379146748,0.322404605901413,0.373465772022723,0.706773660336198,0.679725911129194,0.68415036725734,0.273167413066063,0.391579631000757,0.154626473002306,0.172128252486562,0.0792640191278162,0.0523054507089356,0.104687214407715,0.0912630499945176,0.449509830505121,0.323529430897906,0.366815707967617,0.316454395741191,0.172469538551554,0.125361861246215,0.0586189292978657,0.0277663896986391,0.0432525977136239,0.0129342972905489,0.0704301116920467,0.0298193020326104,0.261295838129666,0.206041347638175,0.132212892972997,0.124817525629756,0.280978576264945,0.335607862984762,0.0784693372731284,0.0568330396058489,0.263320527190233,0.157287137115889,0.172191713310774,0.180659798051141,0.170184598934787,0.221793810266702,0.0524164626414192,0.0188838623535748,0.0172642772494114,0.0087581704525897,0.0232525965308442,0.0258999795004139,0.0705037228983891,0.0294601808756268,0.0632352978573181,0.0319644857971173,0.039401168201899,0.0130316749788248
0.108271335354376,0.148942919305865,0.101131281899793,0.1550626272725,0.0850267825465933,0.106391820219121,0.0513751966610052,0.0889105015509466,0.0696030015034221,0.0591268573995835,0.0620820723711862,0.0404120138764421,0.0479985342349486,0.0656229322407973,0.186957416282185,0.157465213867372,0.0931392620274285,0.0369877977436633,0.13945538598658,0.14739213801445,0.0860502109849101,0.056052435970189,0.0350363640346403,0.030020399196089,0.0368877027162605,0.0690323996494281,0.191354634429872,0.229236275962997,0.0780198545292894,0.0706703757147974,0.238974334825443,0.0691932665033667,0.034972774815674,0.078719125071897,0.0513529038057151,0.0286910468846937,0.009795452237278,0.0193561615193012,0.068754737719203,0.0613512037277377,0.0689362084154032,0.0446212698736655,0.053957222442312,0.0236401025998226,0.0579490820841989,0.042330448921603,0.0800743882035663,0.115843942739855,0.0731447467095327,0.0470688433633135,0.100751089700745,0.140343180246521,0.0346642965580134,0.0685968469883911,0.0222203134559466,0.0350542259871059,0.0581993767381603,0.0316536641311503,0.165430732432177,0.202953369646847,0.191542764021942,0.279946320009615,0.106207687555404,0.207567619243775,0.0391352901875322,0.0688397740216474,0.024657741792219,0.0919542985708617,0.132330578943231,0.116248843315999,0.226954983697617,0.241636776650599,0.348826764441538,0.136841145485469,0.0008239872311513,0.00252624891223,0.00445024452471,8.92857195659807e-05,0.0479281074095828,0.0383435726274706,0.0419988752035903,0.0503118182459104,0.115838871579364,0.0752579252572656,0.0163050215560685,0.0370628949379827,0.0407206880334234,0.0471794137289071,0.0684854513540813,0.0907444363973095,0.146404609684185,0.127209962502038,0.0982618026100758,0.141253585835601,0.144903411106926,0.0851070430174195,0.122746848217729,0.0476537797761336,0.0616240747604346,0.0679788668745348,0.124571818997685,0.0549414367514204,0.0551630382696115,0.0227469684162897,0.0716605787093792,0.0400706536215857,0.201824630672086,0.225715268003892,0.105901167686689,0.178678631137907,0.151010623702839,0.126466631864711,0.0798387959081627,0.0264968142838509,0.0322008132633496,0.209191188841942,0.0387827881351839,0.121947422541614,0.165714839421375,0.196650338427086,0.0284888615710705,0.0388517670035362,0.0213613329813294,0.0293785970614851,0.0140151688856721,0.0080902829088112,0.0059757239761806,0.0060461419645634,0.0436274535604753,0.0284313742304221,0.0494588264543563,0.034533736796034,0.0073264445244284,0.0041639931161295,0.0621312909719089,0.0586553154595636,0.039100348333116,0.037358103344511,0.0567678717948917,0.0394002330105971,0.0894314844022712,0.0497482806315167,0.020462923221066,0.0190067279023411,0.0662085434060683,0.0565294151077978,0.0236958535322233,0.0159165190636872,0.0446891542205675,0.0156174361693025,0.0583600747526031,0.0207924082487346,0.0607404755712067,0.029604064666784,0.0403203558780148,0.012066365721134,0.0161081175060119,0.0086274514906108,0.0259192633552148,0.0253624161286803,0.0190922932183482,0.0062293233733179,0.0410130743208962,0.0181280069914207,0.0135930055733518,0.0034992460591288
5.00483830605744e-06,4.23357773933607e-05,0.0002683496555204,0.000180548234649,0.0001926197706329,2.2694264232457e-05,0,6.37710447109613e-05,4.84575036991964e-06,6.76839813593946e-05,0,0,0,7.25534433974086e-05,9.38381928970936e-05,0.0002042656069725,0,9.6192665845221e-05,6.25851982068345e-05,4.47929901345402e-05,0,1.14531800799316e-06,0.0004372641333802,0.000235557324103,0.0002566845071586,0,0,0,0,5.24273911680289e-06,0,0,4.48510970191507e-06,1.68937641540595e-05,1.54054418097297e-05,1.80235518389045e-05,0,0,0,4.66359933064443e-06,0,0,0,0,3.08272131327688e-05,6.74315977967727e-05,4.73759551550936e-05,0,1.02952881749533e-05,0.0001762574699292,4.66511668848749e-06,4.19771613573599e-05,0.0005574573190978,0.0004922989505892,0.0007313871783413,0.0014735622116914,7.43043038533454e-05,0.0001746250628898,5.03798671553001e-06,0.0002027203886562,1.18691551433673e-05,0.0001756058062588,1.74283045956817e-05,9.6945847266918e-05,3.43449502014763e-05,0.0002341716967062,0.000531568157408,6.96682823903233e-05,3.89044529699262e-05,3.30300593055545e-05,1.09013218848274e-05,4.10451286118121e-05,1.29812336139249e-05,0,0,2.49164276274741e-05,0,0,0,0,1.28100028071708e-05,3.43340158015395e-06,0,0.0001740232817825,0.000310960096472,0.0001858942825148,0,0,0.0009560355957546,0.0003180693325633,0.0009973409853638,0.0003352511897808,0.0034557013866347,0.0015798809829636,0,0,0,2.84666729048241e-06,0,3.8505655234747e-05,0.0007021954496048,0.0011823456673377,6.15667607094826e-05,0.0001185136169588,0,0,0,0,0,0,0,0,0,0,0,0,0,0,0,0,0,0,0,0,0,0,0,0,0,0,0,0,0,0,0,0,0,0,0,0,0,0,0,0,0,0,2.62800593703031e-05,3.71360687440205e-06,5.39450261755245e-05,0,0,0,0,0,0,0,0,0,0,0,0,0,0,0,0,0
0.378087034248952,0.314250646371809,0.365456296525142,0.326087133802527,0.42841105915247,0.307879970600187,0.422521654063022,0.333327046019928,0.447971401677679,0.332808517325551,0.405542130260748,0.309149410305036,0.418573395397808,0.46209914195514,0.30032856557522,0.405590450793791,0.390344221196634,0.559676413506309,0.252374484097865,0.377393805511437,0.3607897892606,0.476316571141205,0.399262428104286,0.478886723938717,0.366250467292478,0.338147694526458,0.249118104406383,0.159462004104833,0.287843673003692,0.23977667350698,0.251326281410408,0.0634986478937517,0.452388479443804,0.359654114545306,0.45864045908199,0.421622723037637,0.432028992644151,0.26376355086356,0.320737101354668,0.401421903273737,0.360253539890375,0.548671479825409,0.393721057152354,0.561410928204432,0.431706463641797,0.412690861084689,0.366001813551743,0.395746264316126,0.473142664510727,0.47801771795405,0.330108321994063,0.427941201778594,0.469754554400029,0.532446899654127,0.53959651875247,0.493392047259949,0.547479842837746,0.547632957677302,0.345346432369509,0.290659236670963,0.290577332856479,0.20382870374692,0.461079019551211,0.303225836140791,0.502654347823131,0.376264251347778,0.510658556184815,0.412298853732025,0.366290148824002,0.371491779468969,0.275235121438537,0.291775746685848,0.219395829308945,0.261570481873627,0.473316674846015,0.58900589250043,0.11842000298798,0.377050092326369,0.288263633605351,0.39755298043662,0.434001614106667,0.377975844964863,0.152822546613111,0.189165871851223,0.532973504194698,0.493579672432897,0.0894890326913292,0.117939035998367,0.477451161814406,0.434691492960405,0.41737929294851,0.3667455492051,0.336436030414735,0.207779935783035,0.387539671130927,0.525497331446799,0.576788269404788,0.731203500235182,0.703462376949409,0.701085846256958,0.449968184814112,0.273473431756402,0.602378798469959,0.539831224367383,0.652694142708513,0.617555600156209,0.138201260896393,0.214604156235681,0.367762282528698,0.427285456985772,0.47802744976497,0.513512793964627,0.477698633465892,0.644454568895893,0.663204343931618,0.242362584361087,0.219887968186023,0.22245990620418,0.254825828890814,0.212949358998837,0.0669152645147723,0.0867702012099326,0.0668928114222086,0.0462343302013424,0.113911822390879,0.0486280493867487,0.16249300680855,0.108446821893803,0.200490207935218,0.205392169009428,0.376137277146336,0.366936875181823,0.3222575707273,0.224057054248723,0.173583414641789,0.12052778928633,0.15098040108569,0.0975920250353387,0.332716654717637,0.232033846863345,0.448841139075976,0.453471144994821,0.453869995881656,0.317546891543103,0.243210569633362,0.164901970536448,0.470526942985697,0.400245121709304,0.406624316507553,0.451188449582849,0.368745768039626,0.345751960998498,0.605261045364116,0.648738594978661,0.0930129853405163,0.0695022665537321,0.0407311952843579,0.0436891819591875,0.059718573312549,0.076237061128983,0.0838488893400765,0.0465585438653428,0.0673202654191603,0.054310029108991,0.172363550204003,0.068597289124647
0.0048712369279429,0.0093662108061249,0.0109901564658664,0.0149155984125608,0.0109371267730542,0.0060634030859295,0.0098086446542732,0.0094356618847333,0.0063023829311174,0.0060844936643585,0.0051470591279212,0.0084247548393271,0.0010369533041599,0.0030954908210924,0.008472378739721,0.0074013203077043,0.0020880872979243,0.000963644384628,0.017010067064467,0.0132534418040644,0.0153487968934222,0.0123219037889944,0.0139487258548315,0.0092255565397997,0.0167852059837473,0.0085859308541368,0.0072610989997676,0.0175441792026381,0.0095134355662459,0.0233179560118337,0.0135761927009612,0.0181946193488523,0.0004424428805947,0.0038354383568781,1.79309240736198e-05,3.7827207563133e-06,0,0,3.31355737849007e-05,0.0002414708097867,0.0024329365086113,0.0017191506594184,0.0007130125198851,0.0011997945048572,0.0019753296640497,0.0016486498851953,0.001563406520118,0.0022595837423538,0.0014764379178171,0.0029309464648932,0.0031148625273901,0.0068110546192483,0.0066978954806336,0.0113572223019654,0.0048936261775914,0.0216226543844734,0.0031865931452534,0.0104697167025835,0.0020755245771304,0.0132592725807476,0.0034795615218295,0.0138512388841311,0.0006508570302456,0.0126375836615804,0.0003293992951141,0.0070765544443658,0.0014321415687399,0.0118265406761308,0.00163634908081,0.0018429271726167,0.0037031790442758,0.0052385311288275,0.002104196153419,0.0003442291539803,1.23056635476609e-05,2.44550123010394e-05,1.84032668315078e-05,1.05042023018801e-05,0.0004357298732631,0.0010807938272054,0.0008770581921976,0.0055716304460489,0.0037891968365863,0.0067502715091429,0.0008264496088693,0.00888957132342,0.0059985719688255,0.0058340357283382,0.009591452773111,0.0166617064322244,0.0101882825999183,0.0426200339167496,0.0193904394762337,0.0558520229016127,0,0.0001018281769038,0.0005860566795389,0.0052407144817781,0.0017240781629366,0.0123887166647113,0.0116071734700798,0.0311999724700886,0.0029936512675783,0.0082897938772754,0.0004619914982483,0.0014784653919745,0.0079112205114345,0.0329047990849376,0,0,0.0002145068680594,0.0025897152844886,0.0022614717326899,0.0003429355484015,0.0001155059793348,0.0004026610882387,0,0,0,0,0,0,0,0,0,0,0,0,0,0,0,0,0,0,0,0,0,0,0,0,0,0,0,0,0,0,0.0006073613721136,0.0009952466423397,0.0016801139311768,0.000133139683497,0.00043428944393,0,0.0004353939211635,0,0,0,0,0,0,0,0,0,0,0,0,0
0.354624630316728,0.288012033433501,0.302630770403616,0.273241774821347,0.342855795823548,0.257826106589459,0.351658564753811,0.295575989112461,0.361642226707398,0.270838476924487,0.423778148104636,0.300405523217285,0.410527828517302,0.393281648455312,0.343683865544617,0.40947831996294,0.38953236516899,0.486327788073152,0.253877675704011,0.311838919888075,0.299433462852589,0.385739096479067,0.375949345624589,0.439432188114167,0.373594496247295,0.324504297552762,0.197902016749534,0.128163587826377,0.340343070928109,0.234720925418677,0.197461940611708,0.0523701532848521,0.449648341245916,0.347053028168098,0.489639491130109,0.375328451343961,0.435427544490418,0.223743062690526,0.442722297494103,0.365862476555276,0.466010092116882,0.555002024785117,0.661695671930581,0.580368472020059,0.382996210496269,0.333959992777416,0.33769065177896,0.350551835558332,0.421925945678556,0.394121293555161,0.299811977653636,0.334511835832534,0.404654559558279,0.379759457214377,0.475735061786629,0.359015366500345,0.563234265936755,0.4963636621785,0.327938047122999,0.252781810377343,0.262110588543729,0.185091608341163,0.385058357507569,0.276904309691678,0.436852155221777,0.310019983767247,0.423132014392233,0.34376708765925,0.3857621054244,0.354129078385105,0.324034888855966,0.313057645871073,0.174442435457905,0.196037066509185,0.354393265641795,0.472977471684506,0.079169180884889,0.241997563331097,0.310403068465853,0.344170821204372,0.393026044627323,0.338806039101385,0.210871302621015,0.178865159028913,0.455220783779277,0.405670911080206,0.252937295831068,0.143135611484535,0.51376105979507,0.346132887448618,0.357048072760243,0.272130295697797,0.287146734168968,0.174475776061556,0.345912650214707,0.405006181003845,0.521140771560474,0.652472653648852,0.634034808429338,0.61271591367272,0.423557088899916,0.286149682781453,0.591279376593022,0.540292110655556,0.612627239009996,0.55965126070815,0.146187372479795,0.165051187464745,0.34810741702251,0.382021866417633,0.421180181181202,0.441249167260926,0.439160122999984,0.606346360396751,0.614274884197773,0.166732327787551,0.168882108281379,0.120053483035669,0.202094053451731,0.184722233146507,0.0651688923285876,0.0646964744143188,0.0996419496267386,0.0573280675304309,0.205974072183717,0.0809177173525746,0.287124199986768,0.153755449216484,0.152450989407953,0.147058832226321,0.347752961742226,0.308649856141149,0.431995256072401,0.272855631109666,0.171867017836674,0.111412507245921,0.231055376986179,0.129480571812836,0.4631246320693,0.3205382734738,0.473412218960458,0.438696369346282,0.612560850025428,0.403935904810069,0.296170074322966,0.156686283776071,0.346047061768361,0.34766787558152,0.383708625750585,0.395076124792625,0.344009095048609,0.274020543740888,0.494737507904318,0.547523987477556,0.083457613331069,0.0670889934095053,0.0493555220189055,0.0337981138361135,0.0469204179997392,0.0517911464865372,0.0718897946504073,0.0452432851738262,0.0724673245470816,0.0495005578663692,0.259088515587201,0.0731825080986779
0.335120497391449,0.261290618650262,0.282945420767407,0.248630124180219,0.314407019468167,0.256478773337828,0.359057786922475,0.303510228323642,0.357819123495547,0.265401880765195,0.392092449839198,0.310860609760118,0.394570655230989,0.359334002777141,0.203583671866027,0.293711820944052,0.41368468166791,0.530418383553779,0.185734682526573,0.273377591189783,0.323134683267591,0.374854566790104,0.366766223476059,0.449952651955181,0.320726400429108,0.303793709355649,0.224796410408381,0.149742807209546,0.315666408680985,0.226790408714659,0.222379828021427,0.0926966053985451,0.438960852486217,0.321404693871842,0.366059562414721,0.360607882264275,0.428276822007649,0.229116197336646,0.440309712145669,0.404498324298852,0.332781005285205,0.497457245521103,0.598335596882283,0.624191608704061,0.308755814643602,0.279856408327983,0.281350005681049,0.284875195851414,0.379825938509128,0.319546907218224,0.242360706779783,0.259475404934775,0.369138688016715,0.337561703359006,0.4203705109931,0.305818432408041,0.4587305700173,0.442306984683647,0.289404753829932,0.221899968501375,0.204637765508516,0.138091905591651,0.320675796427039,0.22338728633576,0.448324929723171,0.334542453779374,0.407713612530937,0.323051825443929,0.317492154519348,0.314195136138157,0.208226149322087,0.2328847825126,0.290339507317008,0.288742172789317,0.418929579777689,0.579240959947093,0.110514963371719,0.345961154913571,0.247721147547579,0.29875385655295,0.399969066148809,0.350897543084438,0.233915478852215,0.212371418520917,0.438249305799541,0.383905047630485,0.229407233408489,0.142347250600738,0.436297360361004,0.338322548907156,0.350415453896098,0.335980004763775,0.30862633044515,0.220607467176003,0.280154284157427,0.282589767588266,0.46639174871483,0.44571180700616,0.60704537469672,0.558424305240494,0.448831097433308,0.308321417954751,0.584183093039009,0.531377465414315,0.587850053943986,0.557700171133495,0.147130319158653,0.19478666832057,0.26333758081544,0.329545083128451,0.368891367827948,0.403422147424382,0.411754623097464,0.596413333100696,0.693526072116521,0.246691191059654,0.142245997717096,0.139839580462484,0.208090627192999,0.187377462061704,0.0447904069246739,0.0539231404438615,0.0454848144636053,0.0319790767497663,0.0763323043235222,0.0368782310731053,0.114986001197914,0.0774392857814212,0.176470598671585,0.145098047796637,0.304450998397078,0.269843307605626,0.296422911011866,0.195992881466042,0.144495603884908,0.106923204557046,0.0996539851321894,0.0828001424956152,0.228763454389052,0.160046145566465,0.385163599078268,0.338177020529386,0.37908007549227,0.249491928308441,0.145098047796637,0.119960791408084,0.388676238073589,0.399313006383829,0.321358339047335,0.402702910525679,0.240304664997307,0.321468399984716,0.602152816538032,0.675449968449934,0.0668323707019149,0.0415686299093068,0.0307475996623001,0.0244299215609553,0.0324705901555717,0.0396298767653493,0.0535581505642642,0.0354070867384964,0.0455882379901595,0.0386977455367879,0.138659255682944,0.0390950249364743
0.0334406612816405,0.0631671546539794,0.0578531056478905,0.0538933611546538,0.0444602540030142,0.0375655634254945,0.011511580264447,0.0220427068775926,0.0166532933812954,0.0259441588346092,0.0105663156029608,0.0205147631820829,0.012783798485639,0.0227729422286059,0.0813832847201365,0.0569179497939025,0.0050344681477561,0.0051119530992031,0.0563827101604619,0.045585481498459,0.0117497075317034,0.0121283450456435,0.0261023673726281,0.0242893816180521,0.0236916235044853,0.0240346072121687,0.0127439922554593,0.0289873837041173,0.0167444765582562,0.0258134998314318,0.0259654638626339,0.0530871954632606,0.0079346867226526,0.0194530309499228,0.0167247537443859,0.016987531377646,0.006215856040322,0.0030904303846964,0.0023079190121927,0.0036018532163677,0.0046107505032376,0.0039155063633403,0.0029723709422714,0.0076336184147587,0.0268780734560209,0.0101073643385069,0.0238185031682802,0.0737597118967734,0.0086557635330919,0.008589940831956,0.0279271827729355,0.0966626481266438,0.0258635873926816,0.0413930658696899,0.0140760775968382,0.0273245917148799,0.0055861975636945,0.0154413720605339,0.042293268728535,0.070533616517611,0.0827367945240763,0.125625658229747,0.0415851367173376,0.0768099032231212,0.0116979680953278,0.0357920139569003,0.0200775633290178,0.0530754799048786,0.0490450375810124,0.0568842179993928,0.0637879948768788,0.0853152316145523,0.0066414463784766,0.0038118063077654,0.0006615524723222,0.0022775460512817,0.001094157864346,0.0003834033840186,0.0065925929824718,0.0243877485089647,0.0066167934499973,0.0245433590683141,0.0073441676732065,0.0140226128636334,0.0109953903075355,0.0235505375064972,0.0172587985794263,0.0190837845998611,0.0344595608614327,0.0474685404050184,0.051393568533175,0.0590030986851653,0.0356911423471914,0.0714933772031211,0.0001982410728541,0.0004096808047528,0.0022422659278122,0.0055971172265465,0.0113546665047789,0.0214539310300832,0.0427409108567975,0.0237717572992061,0.005876378455735,0.0059424596575104,0.0001455357833309,0.0003629511351609,0.0065325439593127,0.0201781982583076,0.0018808483737978,0.0002687478659106,0.0014322571980738,0.0044183713833317,0.0109763499517378,0.0005285241981247,0.0005887987727069,0.0012823880310211,0.0008403361841504,0.0001782531299712,0.0035027605345816,0.005514706208487,0.000130511800391,0.0002447058968245,0.0002889577054271,7.39203409934142e-05,2.91133545610138e-06,0,5.60224122766938e-05,0.000233983822158,0.000490196107421,0.0029411766445264,0.0001215686346404,0.0006445885821993,0,8.55615023862232e-05,0.0045581133698747,0.0029543186313205,0,0,0.0010594561031358,0.0033217995044063,0.0013853368253204,0.0013328034704475,0.0002506265812378,0.0009875483623957,0.0001282756168952,0.0001764705986715,0.0033550875796087,0.0034016638969522,0.0135792921687346,0.0048543031193225,0.0091767952275223,0.002987161269988,0.0013031581945935,0.0005719639409305,0,0.0003016591430283,0.0003280993866403,0.0010457516958316,0.0019100347150336,0.0039656314308221,0.00033806628098,0.0011296700417934,0,0,0,0
0.0304427631363121,0.0749515792653916,0.0878316676333782,0.099328879054382,0.0640952891201045,0.0716886591254168,0.0551461175837,0.10516756287762,0.070221125420609,0.101342974608009,0.0832863661530084,0.0990347570570658,0.0903196250921448,0.0924323503051169,0.0643650092404198,0.0532796237296276,0.0608331567853866,0.0416462711324533,0.147712536259947,0.0931462190080303,0.107558161750992,0.0698626805105705,0.0575980426219758,0.0416495616156327,0.0464349403575232,0.0666011532551336,0.0784524013996534,0.154848260186375,0.080659305527449,0.135397232850846,0.103737440194845,0.17839227170972,0.0484945890770005,0.181013359547307,0.0298431188159366,0.0185905149263802,0.0148594003621052,0.0118320170883784,0.0865727350701725,0.114483072724066,0.0302493101011953,0.0565544272342684,0.043473710235875,0.0539611037604646,0.0465738404382072,0.0347188439156133,0.0373235509561648,0.0295202016797008,0.0131849883786049,0.0121474857993788,0.0680296023925637,0.0970418302536156,0.0759590772483505,0.119725375778917,0.0607494149406195,0.107279095937747,0.0229343418313516,0.0265601411150403,0.068468380608407,0.0762718472786122,0.0987017577243168,0.106782228654873,0.0482323321551987,0.128218172171948,0.0523311664518744,0.0972535170850853,0.0395989024304334,0.0633360230848704,0.0410847696699408,0.0340118027500955,0.0149824134211106,0.0314628501578945,0.343003135780739,0.207126532259366,0.0012724056108281,0.005578972711922,0.0042210402014449,3.50140076729336e-05,0.0993333392078057,0.164656675616831,0.0407044244199257,0.113893733599116,0.131836049606369,0.133919158539732,0.0390426023517897,0.079348729893729,0.0586716045605463,0.0734844023172811,0.0700033742379674,0.110954242065312,0.0165239213405895,0.0256521770398207,0.0005432532362602,0.0036740395070619,0.0077566325233098,0.0318177531367609,0.0117211335907794,0.0228513370076185,0.0152368807770109,0.0405112263839951,0.0195885716293716,0.0001046486072022,0.0016682773724738,1.10442797165926e-05,0.0006289627845506,0.0001417872548041,0.0262459165848365,0.0431742533856897,0.0163445723683035,0.0176019102256855,0.0132463519554235,0.0222530534802848,0.0105467966617296,6.05180379532186e-06,0.0004366689462658,0.0135504209694253,0.0659027286236743,0.13899287809512,0.180144689884489,0.23874592915187,0.0313476914843978,0.0375403943769634,0.0336231903942383,0.0344051802490373,0.0083409760817304,0.0106093772558316,0.012866480686214,0.0094342277094117,0.0553921601385809,0.0250000014784746,0.0935843192599714,0.0592751308792549,0.0283916286000906,0.0123921575956047,0.0231997740346992,0.0194606540447485,0.0134948104866506,0.0056071554743603,0.0364642652810641,0.016101500375525,0.0687473399565257,0.0457790170157504,0.0366946800412344,0.0271074869330075,0.0284771869507418,0.0739803965319879,0.0546508434638436,0.0233808688812353,0.182412369670629,0.0652815640156113,0.123416795501628,0.0285343797914561,0.0485464222097314,0.0208372380549349,0.0077879043545206,0.0038009052021572,0.0033903603286174,0.0027886711888843,0.0061914651873795,0.010513329548824,0.0162947947432383,0.0046961997451697,0.0019607844296842,0.0027376990150308,0.0198993122526067,6.03318286056702e-05
0.0972006330213769,0.0888704809822321,0.148373403307003,0.17105204778616,0.108765021202305,0.0977976536493841,0.110823989326317,0.0446222117798951,0.0627761145522645,0.0535751756827612,0.0463885704554699,0.0314078853769708,0.0526940969481399,0.0296655193513597,0.150429472717172,0.152544852348809,0.0574400149262596,0.0395661047335504,0.177403150891987,0.149366475194996,0.105832589639889,0.0770094648804478,0.0510661219558356,0.0545933707769579,0.0559037466215986,0.0630213797492487,0.088986638290508,0.0766241572789933,0.0517429224500019,0.0846711105262195,0.0815019456978159,0.0451162938654616,0.0584942730724114,0.0601730953941798,0.0525855916987199,0.0411052688679569,0.0038347522701492,0.0048668425471118,0.0460589735225006,0.0523255844898305,0.0339588616257591,0.0696455213362528,0.0625735331122996,0.0561511734662007,0.0147199942708971,0.0194442699912499,0.0251563099019455,0.0444436438488849,0.0030193272411272,0.0078655162366846,0.043538816343394,0.0620654880383345,0.0364084338259799,0.0474906101096173,0.0115641481282044,0.0316134359186357,0.0306534975116591,0.0643794132359176,0.0908642467536241,0.076640231640794,0.0765451310519873,0.0886659306596837,0.0634688772039682,0.0928081547705972,0.0454254897602275,0.0748661565621208,0.0448460484873634,0.0506440848286862,0.0665441215824103,0.0557239620979686,0.0632650948038033,0.0922043632725549,0.08480578104579,0.0768947014649282,0.0014023534178914,0.0052375253703603,0.0016462558692912,0.0004376750959116,0.0402331178477551,0.042576189619259,0.0502865200197362,0.0490269457363919,0.187998408920735,0.124846866904404,0.0535335412270358,0.0654108835751714,0.170728486917901,0.105878229496907,0.104333952248635,0.219995658161829,0.0047844495985938,0.0119764831441516,2.74344178387716e-05,0.0026132986624252,0.0006307670499903,0.002424931468595,0.005640958939265,0.0148897779295973,0.0079412348146141,0.0197361964809586,0.0039249206276244,0.0001340236548379,0.0002548396297721,9.34515976019372e-06,1.35382124028834e-05,0,0.0058380994737995,0.0145394015257721,0.0049936524324333,0.0020510837126302,0.0059531184414023,0.008063792031242,4.54821130596869e-05,0,0,0.0004420518468707,0.0103896110040414,0.0237967928511683,0.0455739604336327,0.0542892188968835,0.0052142571680035,0.014594510667026,0.0066585906033214,0.0104891068476296,0.0045737080015352,0.0049518367601593,0.0014005603069173,0.003032430335168,0.0083333338261582,0.0078431377187371,0.0106196084711701,0.0169214152357006,0.0030206679051893,0.0053333336487412,0.0033986930114527,0.0028807235052734,0.0002018454559969,0.0001031991805096,0.0046173310763533,0.0029527106705833,0.0204630233755502,0.0205696885508636,0.006265664530946,0.0085873770643107,0.0294667417096479,0.0373333355411887,0.0511935556533504,0.0270313444387725,0.164286840875652,0.0651960822870024,0.135190414736232,0.0508277262152587,0.0368149748894924,0.0363755917835478,0.0009942005558962,0.0006636501146623,6.24951212648377e-05,0.000377632556828,0.000885813201175,0.0034897556591234,0.0010141988429401,0.0008069071727095,0,0.0002219755958133,0.0021992582116729,0
0.608820506904671,0.579717428487956,0.643372325361666,0.610271107063094,0.698518467983645,0.607035963439228,0.612832500634597,0.61510571410171,0.672706061693694,0.586467341270988,0.738812853828978,0.691858523439252,0.712702967448201,0.675127100517657,0.698537444162012,0.67747148836593,0.754433626950962,0.780773538225373,0.647778427739594,0.626537470207867,0.799220096898266,0.721589285847959,0.799670948516064,0.787466160532309,0.819006287294377,0.775600753139874,0.673402199785369,0.632667672370537,0.765610239972571,0.718409046016089,0.721844871991449,0.573284347628942,0.722870671087283,0.706812936449581,0.803788775803475,0.622193480673666,0.709693854700846,0.451088700952606,0.758260795494962,0.755959606121098,0.754882958953927,0.841944292152982,0.876905132073179,0.830504872012112,0.715290339111142,0.61765868515642,0.655566552028358,0.629172555935215,0.748049321228906,0.713957842734248,0.548095588352148,0.67041863171315,0.665920076615717,0.73716218681265,0.756446565958208,0.796969158335575,0.867411459343074,0.831489209571499,0.577789063450633,0.554115346172185,0.536657677846679,0.485670286924336,0.651546550066531,0.594274399165483,0.737494969929175,0.62414206961073,0.70747668125907,0.693989263443106,0.696475159013738,0.628020335612091,0.656191625893525,0.615590148048117,0.483906390658133,0.523019707734751,0.581353509622891,0.753322350058399,0.203320964978755,0.448550446694883,0.561625305545102,0.732927832934336,0.707393548017494,0.651238872155942,0.693037730769629,0.659281524378609,0.764147389681101,0.721524308988215,0.812202359420951,0.694724754896701,0.823566684734305,0.755003434816995,0.724983282424914,0.668939972028883,0.688111621123646,0.542879337819113,0.54682096659449,0.602119482421273,0.700214420494934,0.837071626101681,0.829981876526002,0.842823797727294,0.74822863483101,0.682639388244578,0.789561234178909,0.781334152640173,0.756361875999226,0.745893667320872,0.360784335061908,0.365547561388735,0.481741693980849,0.629910597967784,0.635310372231787,0.715293895692164,0.783032692355865,0.825504365772605,0.871827863143414,0.425512104996285,0.636694715524625,0.484402880697003,0.732914568377134,0.620996768751259,0.213063621562175,0.192244717251509,0.299250701952777,0.186402459871726,0.356565809986017,0.242071269545351,0.375901049307902,0.278796403777734,0.496568656817544,0.427451005671173,0.723470631020609,0.712046514241864,0.75873083448371,0.615814653174444,0.467451008036733,0.311664845220165,0.355305672684849,0.28352254858698,0.66157499168654,0.558231482455763,0.75766735086053,0.789875510411425,0.795297113227959,0.718935207824094,0.593567929550501,0.535529443435371,0.702206106381096,0.537663430489677,0.844548475376514,0.643057106536156,0.746913834481234,0.494227119689038,0.816266847976879,0.820866869707894,0.202872146767053,0.159879345805026,0.126365135197502,0.126259992942559,0.170242224600823,0.225001114870558,0.212077429715809,0.14045026248183,0.105964058554188,0.073991865271105,0.279703249185774,0.0930920115385491
0.661652414203131,0.711128551430182,0.639662034044284,0.597617429939809,0.730626258638085,0.704973716346474,0.710155790231672,0.703678789740258,0.704374978661267,0.739716637031472,0.776393551720393,0.788455199856776,0.731452472407151,0.686073094889304,0.744698528930708,0.626452845079472,0.848307882896908,0.787519048917769,0.675904903923255,0.608984820181454,0.750559099720142,0.674864319734867,0.738583998387748,0.705874498910114,0.761652451460461,0.65478517338911,0.790116454463591,0.649994743112018,0.840458084769712,0.82953327054599,0.79828560508777,0.71741243291515,0.745695922020294,0.782587838460465,0.823214532829091,0.57863945639846,0.689598990513261,0.417431982544272,0.774055944960587,0.567466766552815,0.83019121554279,0.815180537365739,0.937656026931522,0.817906041412507,0.724337691979509,0.525306897498877,0.702346601461807,0.663436713061805,0.702940750074171,0.650066747736697,0.506736816922798,0.634454265071871,0.643933017092442,0.672853971641091,0.706170990481784,0.693551162172156,0.804635998977603,0.732267910738492,0.702730630197106,0.690403070992884,0.675915151780367,0.678296619771736,0.734234239756712,0.735566411311712,0.759506570456596,0.737181440977806,0.727225357685667,0.74429200166731,0.757537226339261,0.631479633777815,0.685712768935034,0.670842168390437,0.552072084672816,0.429326738490191,0.567210364394293,0.696254502484955,0.272915428038488,0.597692612377744,0.752098084,0.892503399501955,0.73244927300818,0.758996336812782,0.829032245564323,0.79082041078836,0.779085773849867,0.794209084632318,0.85699524611099,0.838540528966681,0.765378262175454,0.747750131042527,0.777129188049578,0.712136282562854,0.748641781855956,0.60822222423087,0.639078757517649,0.799057544650541,0.825729896327377,0.890037287041855,0.875703514991676,0.871667810575161,0.760684643611889,0.686816152830282,0.807301813176259,0.769357056067517,0.817875000420461,0.770478607818403,0.595275089670193,0.5323714706256,0.691390457966229,0.841711866083451,0.899892431222554,0.916590086445514,0.922655199096927,0.788162719087537,0.759781428750594,0.483630980982395,0.606875513353712,0.627651552270188,0.727660427575262,0.669240235656616,0.221453665873027,0.254236877780408,0.202383464205482,0.168860594335981,0.225558625796911,0.131918956094613,0.322969206775139,0.22240630263765,0.516666697221808,0.425490221241489,0.802372596471105,0.733256180464532,0.611062569258974,0.461704127126458,0.310463218133141,0.199842307986267,0.343713976497598,0.1943584566266,0.630107564145639,0.423575572916033,0.821595317130508,0.741873387805803,0.732212928456387,0.57117507313752,0.419021465132344,0.364549041166902,0.834295524789432,0.714197160478127,0.854133490172339,0.630675872446402,0.846901686772635,0.561121874040593,0.755393335374206,0.722873668310881,0.272908052593522,0.154087490258882,0.158690736671739,0.14339870129091,0.295630928671316,0.349257566369651,0.254961137458128,0.138973622355771,0.104820267636872,0.0771735154777625,0.283942783087794,0.0828356006755852
0.698534596936618,0.728523626430526,0.720616059043603,0.730784184810481,0.774898787218111,0.716191238998086,0.727600726848372,0.767351024370952,0.757904238527636,0.721613792778055,0.827119815740671,0.790572465652559,0.808846400140456,0.770795997323162,0.879986261709335,0.666383049804431,0.889823029588614,0.836682089795556,0.866518774,0.738719102069585,0.884633530185915,0.759546842609865,0.846435196885999,0.805384966697944,0.841921618417837,0.850581023432487,0.883123143449947,0.808184355468885,0.920866672711355,0.893911485530771,0.875676870737568,0.755225326265258,0.811175621538447,0.903824136756876,0.816721265380403,0.6066002156642,0.683259262022468,0.395569236153292,0.830001416585227,0.682271627630695,0.866536901159898,0.864557402338078,0.958108345431604,0.890294960937031,0.835397069151313,0.624487978266095,0.861266825888999,0.684567814223351,0.834345596630475,0.746420973383837,0.760616414516716,0.760139783793518,0.740614102592665,0.779591019767277,0.813538524076082,0.797999115374221,0.896313285965893,0.842777347416099,0.764249108131439,0.740983282525842,0.790603474567286,0.748999355990933,0.777396738202629,0.812922637185409,0.839103724533193,0.782309778668602,0.7389394984249,0.800964211572701,0.879102943145714,0.70331130484267,0.817614766590087,0.715275865548645,0.743500155237551,0.580476093451123,0.651967344871704,0.792283337391893,0.242735743459073,0.521847019657019,0.686673243223534,0.883719242749695,0.789028706906939,0.768129809270824,0.938749197196688,0.836972117846691,0.804889113708351,0.821473505280637,0.914357280408399,0.869145780458657,0.851027470672034,0.77317528152055,0.911286992794152,0.838419537469065,0.884736681926748,0.791805876385624,0.809504805658756,0.833117885776325,0.890148636520478,0.926224690971925,0.92815652408948,0.909342453690197,0.890983796616793,0.850545324589874,0.822750653933191,0.826915594150507,0.774721384294086,0.748267089017743,0.541523724835618,0.494635619337337,0.861080598250273,0.942146168548661,0.944103697289912,0.959138051543016,0.946260415774904,0.852287632102768,0.769816362857685,0.643592475036192,0.67766747068517,0.66216581456088,0.913097331745695,0.826634035814398,0.171759744162233,0.21623844416067,0.3073181857161,0.202410952180197,0.347840537624081,0.204567731364829,0.401858100329437,0.29030840782791,0.464705909835175,0.49019610742107,0.855196129006799,0.81064154863528,0.728431415627711,0.596919821397486,0.393680046015568,0.25587973967644,0.461447547474082,0.258066750727921,0.701391565831258,0.483598644516486,0.896094469021393,0.816062581382465,0.834247432500334,0.664648672482543,0.597104671559183,0.551235326717142,0.785172253813142,0.584948786821439,0.934152727478007,0.677741507038095,0.8123416458372,0.536662651757547,0.851306987923851,0.833657166800772,0.331289718570319,0.242895941966428,0.134926966810785,0.125925933373057,0.226260682354298,0.260815172948027,0.195300890522174,0.136383450331373,0.279330081878773,0.192008890378517,0.440885028723199,0.360181016775851
0.411434549928786,0.33105403538742,0.412283613382314,0.345388772883614,0.491781441004778,0.329450818321439,0.470587318623057,0.356179505009207,0.485090818661338,0.336899182192222,0.552609393378352,0.417639231411191,0.543503445653393,0.460056596792287,0.389749057269477,0.450866708216216,0.613772764662414,0.689186096257492,0.359257551129736,0.410407847194085,0.513337590695331,0.550735899346577,0.556998560050701,0.630527080320706,0.676172054248375,0.587333873261686,0.584753055428864,0.424576398868395,0.60998724083247,0.516197472070854,0.605001528762153,0.256552476582348,0.58587009311248,0.453670404585227,0.555403049281807,0.475068562090602,0.484619729672071,0.255734577605591,0.620206949915804,0.538457624183096,0.557422142913651,0.690196985319728,0.784186766518608,0.745766173136109,0.514660323251575,0.420010350301786,0.424748320229468,0.421067096392997,0.527568939431439,0.549984260999506,0.388480415131198,0.376679455550102,0.459416446110657,0.434963763363269,0.590779035167279,0.493845565397755,0.703209562727731,0.637641567713054,0.398789773296855,0.309563393748991,0.318027365339647,0.200657430549721,0.422027197085793,0.284755101029936,0.534584223571803,0.384703620502137,0.478045261709753,0.376034414305621,0.39622656960646,0.39915160154134,0.372622080496642,0.354910190798577,0.386396927136163,0.437699150083412,0.490601702091601,0.662013332525562,0.118321294556793,0.390393930650524,0.425614404255369,0.459136573337608,0.520714871608921,0.408638305967553,0.414881004164845,0.31383138817777,0.588677517138162,0.472467663214916,0.570202604815863,0.345644419734053,0.642296759798501,0.481598313001676,0.525665364450778,0.47469180433012,0.503304324027488,0.369690760700001,0.436699852815603,0.528838716507529,0.604555155578483,0.741249389103295,0.735215451957333,0.746957005231679,0.593584751041654,0.474157331411967,0.691991426773184,0.665093533403025,0.709313203346105,0.683051617020682,0.289457397292507,0.259449392578743,0.43213431812193,0.452115609812991,0.507521775554642,0.549562687751356,0.58557967885941,0.757443763022484,0.752400314949196,0.287425612236153,0.436287267971179,0.3415775603075,0.340529241535849,0.452573556176503,0.119374793424329,0.120169418871403,0.174988120008959,0.125867386778196,0.27436716471845,0.155957547895435,0.374911320024347,0.223520065631122,0.350000020698644,0.253921583644114,0.671200039694086,0.626343251492436,0.643362518174989,0.458823556546122,0.225154886859051,0.158397738432297,0.28538063971449,0.212659111303653,0.562286560767285,0.431972343885504,0.610427359203206,0.660291506987493,0.7312841358318,0.593216007602585,0.363258221959173,0.375666688883211,0.526634869741294,0.472656742153269,0.579095946934388,0.554873247532624,0.466668314747859,0.410428417017784,0.735743161112805,0.752612506090183,0.142170679493165,0.0755354494142991,0.0618076749309244,0.0431953547694893,0.0798985053018174,0.0903899590798727,0.097853285029675,0.0553054176175147,0.0898692863605296,0.068368483510501,0.27405936967871,0.0780090543871316
0.0242200808424473,0.0335300806810807,0.0336013829912986,0.0466134803755792,0.0282804107964082,0.0267160913080347,0.0183747980189272,0.0241653716515432,0.0208941002750343,0.0361334466816122,0.0333845228588475,0.0323243389691059,0.0644667419247463,0.026624535685713,0.0365478071240931,0.0177450577393296,0.0456560928208724,0.0257710458156402,0.0434757417972828,0.0252609493594635,0.0366678960298017,0.0336597509369108,0.0151080511558332,0.0152237145468474,0.0248618553027468,0.0468464869357782,0.0320442191304893,0.0502647693729945,0.0161488061561167,0.0179065754534403,0.0287324591491934,0.0580204456507109,0.0340498975370093,0.058052235625462,0.0379021852682364,0.0321457835001361,0.0050226573080033,0.0090049756569231,0.0518266672070279,0.0784350044312951,0.0382022156599378,0.0435741902025134,0.0467936747815904,0.0379091578396319,0.0134317641108277,0.0114818099529739,0.0082585636112195,0.0114996426717052,0.0110152563957335,0.0136189266366115,0.0247527502939848,0.0325683795955999,0.031684684935386,0.0326277145970963,0.0169906867583907,0.0391601759910252,0.0275785731201967,0.0291855520382653,0.0582568853346992,0.0539060568466609,0.0636519052028503,0.0769513026218051,0.0751578608034858,0.0935961131231953,0.043738684365105,0.0406398398986805,0.0436704972084415,0.0639532448959268,0.0338261713570768,0.0255499519659121,0.0297598819907864,0.0218682581653933,0.339171817402686,0.181950680829109,0.0009775619122261,0.0026822072925649,0.0078933284464594,0.0001418067310753,0.0816623141976177,0.0488621180168312,0.0473415003743677,0.0451838769222423,0.0696891015501972,0.04582161237015,0.0335714900707028,0.038733497503215,0.0488728765430644,0.0370769138335056,0.030657477303248,0.0551242542536142,0.0411096195396456,0.0773760116252838,0.0702714495871751,0.177998843503413,0.0196078442968428,0.0123496265710188,0.0170636175668591,0.0135290709647467,0.0116402766334829,0.0339188397360037,0.0545148347976068,0.198710263642541,0.0120935821859462,0.0524431250642562,0.0155559701430965,0.0157038473622149,0.0462145996829754,0.117418924196471,0.0423284926523211,0.0317294480408779,0.0156648984643687,0.0152383603959224,0.0388493049051493,0.0041475028677272,0.0142185043342192,0.0885460486538899,0.0966131964444437,0.127673804341942,0.124823917528542,0.154207525459545,0.0504272737320389,0.0542619639933109,0.0411271168935609,0.0232830120195667,0.0064224060161596,0.011883812693804,0.0112418307301899,0.0082081524813036,0.0598039251053706,0.0377451002714224,0.079662749809213,0.0615678591297125,0.0166004249350973,0.0108377903022549,0.0129354938027867,0.0127004160378478,0.0044694350970744,0.0050567598449752,0.0064199877294501,0.0055517112087531,0.0424605736960708,0.0344409135365355,0.0163791842208965,0.0204379574130595,0.0412864235521372,0.0766470633563586,0.0207875269619098,0.0127822348616918,0.0469196637811294,0.0217108461157172,0.03266731679174,0.0177381094255726,0.068656178943471,0.0389395680704778,0.004584369229966,0.0010256410862963,0.0039996877609496,0.0022222223536421,0.0071787778178558,0.0120555195496993,0.0188556468216622,0.0051480677618871,0.0019607844296842,0.0008879023832532,0.0105723376681625,0
0.0181492119771996,0.0142845552462448,0.0438671161748017,0.0347720790494923,0.0224565721525279,0.0260418195018392,0.0178463496141062,0.0221159384619036,0.0113431262959227,0.0144583923008937,0.0203852929143866,0.0142011046223129,0.0299972233346942,0.0167281723479883,0.0209492053266979,0.0142628253322047,0.0847420766054078,0.0371973603371118,0.0368569474979165,0.0274601703212486,0.0185633652473726,0.0253098099996367,0.0273560496708329,0.0131319918280667,0.0157950098467567,0.0223824647760458,0.0161410623452622,0.026321564132278,0.0193510749072413,0.02392523995953,0.0118493089519753,0.0191645818592812,0.0137286569675796,0.0371637886163508,0.0054118559432901,0.0040065688198927,0.0027611910327303,0.0041820312686848,0.0403649144463842,0.0242667800281566,0.0371526546692019,0.0213148699642049,0.039237970234932,0.0225747167050647,0.0211626647225956,0.0369119512720818,0.0119239155702595,0.0074379686046678,0.012957088135823,0.0143145788516647,0.0215941074407488,0.0138316481265945,0.0114657845413904,0.019530272748862,0.009963327046265,0.0305031838654272,0.0466355040784697,0.0235253249440367,0.0244241595968895,0.0127395852086896,0.0320452945884746,0.0220235271844489,0.0213799222560773,0.0103378532245343,0.0320137867065511,0.0122509294647979,0.0050473900984072,0.0071523305331077,0.011424014725669,0.0121298388700653,0.0094183787310946,0.0090651098334087,0.140267792584294,0.0598309347384876,0.0006157754039249,0.0003336032810122,0.004180887619267,0.0006792717488549,0.0408039239817299,0.0224683059196654,0.0270720194325345,0.0282047697261319,0.0734779169112136,0.0504334125197886,0.0147536927175283,0.0153994289967516,0.0371081699649587,0.0122747252745379,0.0663126571079374,0.0571648316397778,0.0354585228083772,0.0688444149475214,0.0415188856158293,0.0874683982929119,0.0299199844683993,0.0477076849280429,0.0211237485259254,0.021715516758716,0.0131539813784177,0.0314468312878836,0.0242508812732875,0.0588492360572097,0.0061623911289044,0.0092262213632458,0.0439309351551732,0.0322650834660872,0.0367510914980408,0.0991645144352121,0.049494524956491,0.0401423312353456,0.0359457488455354,0.0318389638828181,0.0258742687628441,0.001900266391731,0.0387423958003136,0.185648645432853,0.0270690110227843,0.0425133714981546,0.0484294717389982,0.054044120843173,0.010335291621442,0.0168282362893224,0.010476062898002,0.011791242085129,0.0074239054130585,0.0033379488924465,0.0095891695680274,0.0062801257867214,0.0676470628241077,0.0426470613456331,0.0574078465322964,0.0485680127533805,0.0146793861357445,0.0098110522736202,0.0102983808306896,0.0018609053300488,0.0061418688753345,0.0014447885271357,0.0147375087779496,0.0026758940452162,0.0255274951158081,0.018903021785632,0.0081969634804846,0.0075139549312718,0.0457210948790867,0.0310196096776053,0.0328354741798954,0.0169117657060269,0.012204866719219,0.0051198260108422,0.0088235299335792,0.0080316746831298,0.0581643948709892,0.031415283813064,0.0155758087090413,0.0049472099456649,0.006343254808381,0.0027305738724492,0.0109619383645408,0.0094293902910659,0.0120520629169387,0.0035665297033763,0.0058823532890528,0.0048834631078929,0.001059883475505,0.0001206636572113
0.0144831679180126,0.0284284745196417,0.0238043054702498,0.0327304878092792,0.0124995113044728,0.0237594825638302,0.0070237829534427,0.0221397650060813,0.0074116721057994,0.0289345601928515,0.0218384172475647,0.0272529966312325,0.0122841755299983,0.0147817512903472,0.0217015090872719,0.0192239159242233,0.0218432506372587,0.0092224718379105,0.0381217583098452,0.0279795392991675,0.0389245707385135,0.0482419398146797,0.0130235670042058,0.0124509811284952,0.0207852062203032,0.0365302664399876,0.0342584006450482,0.0648874402934409,0.0216343340248763,0.0333866364856536,0.0328282093665288,0.0200745735693342,0.0068690774234741,0.0230619266989646,0.0127890421843395,0.0068505072896833,0.0013064837938609,0.0010681885325892,0.0130422670340346,0.0167594214612259,0.0105712945824313,0.0090231592670784,0.0089015156779417,0.0050976441977376,0.0145358993643014,0.009718052223102,0.0117376346037313,0.0211906544807769,0.0192479771783638,0.0152069488959134,0.0202376350497886,0.031255292358099,0.0245089045512543,0.0290743769413958,0.0315356022900631,0.058291206682874,0.0094653068208611,0.0201034913538301,0.0238503329099906,0.0364959528797154,0.0398919930537547,0.0505879294314213,0.0191759428634142,0.0405867798621749,0.0052477522773755,0.0256007027874166,0.0104128017123707,0.0250822604143089,0.0259888693062852,0.0240679532595251,0.0246889504273608,0.0194723953724238,0.0566216684080141,0.0311196947351299,0.0001117354250127,0.0004526484352324,0.0003078364633634,0,0.0107995649088278,0.0147354131086213,0.009201211516344,0.025510329804252,0.0371919606949551,0.037519053187507,0.0131946270727601,0.0218227880147023,0.0240650579093536,0.0178044016674344,0.0494050274315668,0.0381052021630983,0.0525357273466629,0.0918234681991396,0.0829756555686274,0.137558011969546,0.0180291244802955,0.0142535766694078,0.0171581709493573,0.0184298933720412,0.020214367933888,0.0467876481872589,0.0856267856906614,0.0880618029606942,0.0166918658623958,0.0154817438727227,0.0096696682087594,0.0037743282486104,0.0657135115115024,0.121602547578675,0.0394978158497553,0.0152412289715262,0.0204120607678148,0.0235545175390712,0.0194233890605452,0.0041374165280683,0.0120295251648734,0.034803923626896,0.0077412787873249,0.0252673811734315,0.0232628987677106,0.0211192822947244,0.00314471290466,0.0056156866066157,0.0058150494756769,0.004979198353582,0.0021805902566199,0.000759301487577,0.0031839404310587,0.0018063551070599,0.0191176481894217,0.0088235299335792,0.0229803935158998,0.0137061919484427,0.0034578698388351,0.0013404635373841,0.006956522150532,0.0085790889792084,0.0081314883701612,0.0068799453673132,0.0065623027283788,0.0090888125328894,0.0143728695626993,0.0081240068397459,0.0055727557475237,0.0016745385275405,0.005845703112797,0.007235294545535,0.0128246689727079,0.0103535359658329,0.0163023432726382,0.0036303258017187,0.0157413718594654,0.0047934373581212,0.0103164170764576,0.0048288220070514,0.0069594038912737,0.001266968400719,0.0021248341230044,0.0013652869362246,0.0038754327551407,0.0038951313164964,0.0061866129419348,0.0015411926998753,0.0043300656155527,0.0008139105179821,0.0055908853332889,0.0001206636572113
0.379656190081188,0.306251939169706,0.254327127815942,0.307215826848516,0.246742989572225,0.207284366329432,0.224660937386109,0.215065395555228,0.245790608353404,0.11602766385668,0.267218905816061,0.15225861267472,0.225183092621695,0.0975530765842923,0.522691976809531,0.364117296448553,0.325019434909194,0.213645628568412,0.381772658102444,0.331701280251939,0.242395498258773,0.161785331173097,0.171368991999634,0.135719181601764,0.144081113690151,0.197054888354708,0.221536550967156,0.232273524992774,0.326499137474611,0.331148878414327,0.244861664724723,0.188960169706409,0.236371349380521,0.33803009642811,0.314717518182741,0.20677041444264,0.124176308533683,0.0720193194479112,0.255127613337587,0.234813780831057,0.269655976490906,0.276542488466961,0.257136824475972,0.242836826505335,0.20753813381096,0.167284887304527,0.239429375647794,0.311107228136392,0.266410704135621,0.164135772707675,0.207430466147168,0.406890175735912,0.163824139646655,0.192354541366866,0.0655430223587797,0.0865966862608341,0.272228678027502,0.172879980321596,0.382104591043359,0.350669985297461,0.485407140703825,0.502725890552073,0.43444897077969,0.474161045608279,0.144971986218056,0.169802789309699,0.179365806371682,0.229296783638272,0.385631358673526,0.307043978161871,0.559278510960014,0.429436417178025,0.265170131647571,0.118640675475935,0.0122018037473186,0.0279036304508124,0.009291976725654,0.0115336141274643,0.238082802750998,0.252382092254543,0.232112126864813,0.132262588116648,0.553178486975493,0.32082162863337,0.165326225249249,0.108772503864419,0.364023524969092,0.191926436511805,0.134884811898519,0.148192884452345,0.333007371693294,0.234989425069359,0.205393980716267,0.227159469564093,0.181578009584936,0.258018391691643,0.346019628306385,0.228675630111742,0.277730819489745,0.201247485821501,0.128406241882401,0.0846818365421092,0.067777210280291,0.0379952956850022,0.0991296116748296,0.0823499164045431,0.490403759938797,0.475625875951435,0.138298780925358,0.399251829596898,0.375368590678939,0.363872174153668,0.273041758617595,0.0229242327766792,0.0302653838047388,0.221848752615707,0.069315002825982,0.12992425010783,0.314943860239774,0.193464063728849,0.0203287666228123,0.0442478457540274,0.0282317062507403,0.0169637705613092,0.0458040407308431,0.0122589969582539,0.0242857157219467,0.0135149055678477,0.083333338261582,0.0598039251053706,0.174627461307682,0.126208128507513,0.0352411255605418,0.0173262042332102,0.166399555166076,0.0782421325775358,0.195559411795865,0.0746130075085124,0.273814057938815,0.13551711681865,0.374035614617953,0.243293602093488,0.102078732264165,0.053513671405763,0.233406647484941,0.13619608648587,0.0889959610542331,0.0532939722545438,0.273071286124452,0.103898880509034,0.269985431620528,0.0890124395060944,0.136214802377342,0.0659467849594737,0.0719690735740456,0.0288386140735104,0.0484493427605654,0.0414379109473278,0.108604389352395,0.137942286192576,0.0364773517177472,0.0168078764075406,0.0309640541187643,0.0180540151261496,0.0193428734279666,0.0124886885213737
0.000234393260667,0.0013132790124282,0.0020700971550763,0.0013850000436557,0.0015135498182541,0.0027067701108542,0.0007560731868797,0.0021125034536394,0.0015114864553853,0.0026841142506766,0.0012742689966867,0.0037308747214702,0.0002143367595201,0.0008470706589545,0.0012395317499715,0.000463319053872,0.0023971370283686,0.0005720028165439,0.005520440454396,0.0011747248797335,0.0032588837183208,0.0005812488890565,0.0013819848004993,0.0004704566668537,0.0018573976143009,0.0003788955419679,0.0018047626438008,0.0018775721274986,0.001394508503122,0.0019555416905674,0.0013859859483935,0.0046620778727067,0.0006841111445332,0.0021687715916465,0.0003725086339237,0.0004112039975098,0,0,0,0.0005357957453207,0.0002536188449438,0.0002026605815133,7.57575802378018e-05,0,0.0014714566944641,0.0007306845792509,0.0004302510213064,0.0007686853285612,0.0030331322866345,0.0025547742346332,0.0024452388550272,0.0019427446578612,0.0054137768568135,0.0042180697460784,0.0112573197464074,0.0157849094368441,0.0009691404202586,0.0019938794806221,0.0004403200389373,0.0019220611169871,0.0005122727359877,0.0018491556131428,0.0006632772013368,0.003004956807202,0.000349694038415,0.0039652742873858,0.0011500594097381,0.0026026279630312,0.0001866024297807,0.0002568837794172,0.0002172996829042,0.0011299137547851,6.18153981615473e-07,0,0,0.00032483638981,0,0,0.0005708061339747,7.67777035719749e-05,0.0005482681201469,0.0028544052227734,0.0015300985111797,0.0021157567416716,0.0015732497895195,0.0028513425654163,0.0002674977433873,0.0013570214060536,0.0064687503825553,0.0131213246499227,0.0049458395578945,0.0090330850671142,0.0122264330066375,0.0113717624145282,0,0,3.61655794808434e-05,3.41600074857889e-05,3.32777758874989e-05,0.0010568573458047,0.0062510477971986,0.0088831979990893,0.0013370637863785,0.0018305893630252,0.000217739582813,3.09023504060254e-05,0,0.0006751757705988,0,0,6.78166043349451e-05,3.96384992523777e-06,0.0004775621871267,0,0,0,0,0,0,0,0,0,0,0,0,0,0,0,0,0,0,0,0,0,0,0,0,0,0,0,0,1.32485434438127e-05,0,0,0,0,0.0020498446308836,0.0004790552867978,0.0081840077392085,0.0007504236706199,0.0011213742358194,0.0002943016029544,0.0006379730372604,0.0009697089803132,0,0,0,0,0,0,0,0,0,0,0,0
0.0194072336947417,0.0427455065266266,0.0329034323118617,0.0454387692980216,0.0264640640038784,0.0293685969115243,0.0260942060843461,0.0377783873552001,0.0274205507032568,0.0313062342467479,0.0230440347009517,0.0489203376173776,0.0338394082090553,0.0326055911211136,0.0216464847454514,0.0134509315684584,0.0159104565890919,0.0048422700896013,0.0416335743401162,0.0260405770954462,0.0379639499939289,0.0183313873769344,0.0115817460591387,0.0075687594948517,0.0084019612811971,0.0209766044422021,0.0213174447166296,0.0229333104823722,0.0123690224142385,0.0448752254702743,0.0120110487843731,0.0316750123029317,0.0114072169518648,0.0411667798800028,0.0098476129915867,0.0077298786090333,0.0018263245902836,0.000937957327931,0.004809917813697,0.008860320550521,0.0062913512682507,0.0071823256516659,0.0042201428520704,0.0022928527605179,0.0153215591130866,0.0094080249160442,0.010669903042991,0.0178274410190466,0.0134653009975502,0.0129727202897851,0.0163831720997083,0.0151728357778966,0.0243604194210125,0.0304781415807598,0.0380123378942779,0.0829497065253394,0.0072366023012828,0.0244085734505376,0.0271788047832734,0.0494685190790365,0.0174201216208173,0.02892267338939,0.018162096316762,0.0398910294019022,0.0306349150126668,0.071628727,0.0192505402287737,0.0275872408650743,0.0121412461050646,0.0132572148488171,0.0252514586366179,0.0317314025708118,0.0185724363776369,0.008875250507633,5.11915603582692e-05,0.0011221620738892,0.0001087465767316,0.0001015406222515,0.0120893253336868,0.0259449578301297,0.0125271152451791,0.0309513349265469,0.0241405370193153,0.0449456341243774,0.0183913803022228,0.0356426715140324,0.0080327234980311,0.0155231520487368,0.0329394933695767,0.0547791738338835,0.044251356635345,0.0870994068451825,0.0767446781208121,0.102453765077971,0.0004829873411354,0.0017145023274051,0.0022296297614876,0.0063332653878652,0.0064388155762846,0.0189898421848128,0.0494846685876091,0.0819297617667377,0.0105284356320448,0.0226681717283117,0.0012139263787918,0.0035671007223582,0.0095690365136154,0.040781849741924,0.0032068464773253,0.0008449432904231,0.0026595903091356,0.0116391846638065,0.0186880948994136,0.0057794726245323,0.0007606491322051,0.0039478293651232,0.0035650625994259,0.0039661321418613,0.0092899301134556,0.0066993468014212,0.0026475250936466,0.0012988236062228,0.0008309777491476,0.0014821976065858,0.0001979708110148,0.0005568210908898,0.000513538779203,0.0005709205260655,0.0029411766445264,0.0029411766445264,0.0045843139966018,0.0034004942569918,0.0008876524107354,0.0002139037559655,0.0042398411146216,0.0012826579111071,0.0006920415634179,0,0.0036211260838524,0.0017685506620681,0.0072730183329321,0.00423953390202,0.0019755271697571,0.0011306713134675,0.0021073851347074,0.0039019610150717,0.0154526749097382,0.0137663406834084,0.0303257046423539,0.0119734938090443,0.0143501872041894,0.0064792337275449,0.0047742152883137,0.0040004604374279,0,0,0,0,0.0003321799504406,0,0.000405679537176,0,0,0,0.0009538951279545,0
0.317357909173392,0.264692704323327,0.286546399359397,0.244812791324964,0.334526595002067,0.259587484084088,0.391180271726696,0.313524384685397,0.381092099542182,0.261769051314521,0.422186516271818,0.313022183899707,0.487768942079467,0.416435035897265,0.298372119164186,0.338534476401196,0.486319374792025,0.569908908335594,0.244010349179396,0.27251894402505,0.346587737642118,0.39725126043641,0.436198589728955,0.455696829160263,0.463439421346729,0.372638239965518,0.341915657807406,0.235178390814528,0.446563466600199,0.364813380073171,0.400885860276111,0.16174646346623,0.501942082070421,0.44273764665497,0.500688728582855,0.404180375117291,0.449415602743652,0.220697993736665,0.513408891761115,0.426316196500717,0.457025168372884,0.58351610878278,0.726974196290195,0.645287830698034,0.399025275860057,0.334757845549785,0.349756050643866,0.358572944757081,0.477828892500908,0.500150498461596,0.289842623290338,0.33374722704219,0.395301948129278,0.383461395787294,0.481229321451847,0.390336865606775,0.606068574128098,0.544908066924493,0.289222882509501,0.231957259079894,0.229639666051814,0.144706243887195,0.352468229215005,0.241795699116229,0.473703896504436,0.330992629384448,0.407450753748697,0.330123575794995,0.345467651927648,0.319552611757518,0.242572580807217,0.261347233768971,0.331294063060978,0.359203984188042,0.409732819068709,0.520586766481366,0.0818326355026854,0.256197494142855,0.367178670952045,0.468391239606629,0.456518823541065,0.387977343767852,0.343876574849366,0.246088704139882,0.490114375006559,0.439555369565716,0.434479314098767,0.220933491764759,0.530076777671729,0.407872790883213,0.409397363631167,0.352256440771664,0.344581981990749,0.233558415916753,0.295750450016331,0.38611113394533,0.514190880081927,0.64349141834738,0.655181532832005,0.666019483377008,0.512409113594789,0.362705646771332,0.621097171928534,0.583406642379193,0.584673650858959,0.566945427260851,0.154585384959015,0.200453212002582,0.259002225313836,0.351606057945326,0.364441271736969,0.398545290733031,0.389852458875165,0.617838735804067,0.65365678871294,0.193588071672691,0.349121487415214,0.269630140722835,0.378755019543674,0.322630738034301,0.0920232489709514,0.099902751006186,0.189942129956904,0.12425819781657,0.257399901680292,0.129673805813699,0.336750720195206,0.224998843387161,0.260784329148009,0.271078447403852,0.529921599966474,0.532534383817147,0.610307402282676,0.506067766113715,0.158715553574966,0.110687069574885,0.219319505473215,0.14055728385421,0.484124000800113,0.353279528774175,0.566251099131161,0.562713334815124,0.703597269975055,0.543208848498082,0.353399324546368,0.265039231360424,0.373293643322172,0.334859645471707,0.440826244914809,0.43464811333476,0.408480011193228,0.319827668548245,0.632872276531235,0.663695123319086,0.092129251513053,0.0758371085573274,0.0489493037306841,0.0450544688954122,0.0534163814750226,0.0568407171751174,0.0811697140633097,0.0534091857616472,0.0568627484608442,0.0469108425818805,0.246449405141804,0.0842835645621213
0.0029012769613642,0.0023236832338472,0.0033266902156604,0.0027202728192937,0.002165694451069,0.0026199267263914,0.0099238737970581,0.0136315863925013,0.0031728035122085,0.0105853644786617,0.0019686131144465,0.0092997044132136,0.0059299836800573,0.0038670617039227,0.004157876717394,0.0050762484291478,0.0060608975633768,0.0052356293838613,0.0074548473528989,0.0024135381915057,0.0044226733641731,0.0030614350353657,0.0071302821118184,0.0030260562389657,0.0061167561549651,0.0010561713232357,0.0005964237063204,0.0021423385435439,0.0028711486291805,0.0080476045442924,0.0009853688250697,0.0080413021025882,0.0012545115666238,0.0074324253869261,0.0009768565396726,0.0005482719966797,0,0,0.0021532863345299,0.0048221617078863,0.0047530978391349,0.0065284421514841,0.0012254902685526,0.0007926154801445,0.0033577782079192,0.0013283497956606,0.0001195678868199,0.0001731521362589,0.0004536946311644,0.0008667945951658,0.0011921167414735,0.0003326950226587,0.0034429332727044,0.0015486271687258,0.0008897502141075,0.0050982377764743,0.0047726715855058,0.0108586808894887,0.0017546048233512,0.0027292242078099,0.003543180193398,0.0025462841907533,0.0012005497637002,0.0017472119992391,0.0019627358473093,0.0026513798576164,0.0022328370008105,0.0012713762055487,0.0015000445509404,0.0009258926169879,0.0045385836780497,0.0016676049395999,0.0019799472031143,0.0034026390996953,1.67357024248188e-05,3.22990728504294e-06,4.18256064352449e-05,7.00280153458672e-06,0.0050196081399917,0.0084790145970383,0.0081004052751144,0.0089252834713183,0.0178645009420457,0.0213286597800691,0.0021955667417574,0.0017234134409467,0.0066458905371683,0.0048268004242101,0.0185193025658009,0.0162078926054778,0.0012585403710699,0.0098396501879728,0,0.0027457465478502,0,0.0015889931791282,0.0011516340550345,0.0028119379495385,0.0012144941339115,0.00364684056741,0.0005044411225085,0.0003910553216505,2.10418042931143e-05,0.0001312570166318,0.0002989688572303,7.99825539920659e-05,0.0006161492739112,0.0024818104809683,0,0.0003461472512929,0,0.0010636330632721,5.05356811774299e-06,0,0.0012564796776425,0.0038471640930635,0.0009167303827095,0.00086898400861,0.0003997715827511,0,5.59336287390128e-05,0.001788235399872,0.0003786961232616,0,0,0,0,0.0002152651163853,0,0.0034313727519474,0.0006823529815301,0.0011695229964455,0,0,0.0005115089816567,0.0018819325089195,0,0,0.0005218216627385,0.0003537101324136,1.5984655676774e-05,3.70959216426756e-05,0,0,0,0,0.0020586046506737,0.0053030306166461,0.0071277797629312,0.0016400388285322,0.0033462973944611,0.0014411581619677,0.00086776427343,0.0017980705499368,0,0.000542986457451,0.000156237803162,0.000697167797221,0.0012456748141523,0.0031813176589484,0,0.0001533123628148,0,0,0,0
0.0383711221295384,0.0488224304090421,0.0492015973051907,0.0941684318158405,0.0474704953309692,0.0481853695889219,0.0223709824707548,0.0756696004048888,0.0236827326979156,0.044219289586032,0.0188309978858192,0.0324325859356188,0.039124397010927,0.0246468098428496,0.101601648062738,0.0626936218550223,0.0218912894554625,0.007496157031224,0.135573956848575,0.0708197847714834,0.0482457963027149,0.0255846863215551,0.021276352174215,0.0118337946200912,0.024767381143862,0.0392306865422219,0.0307241199066669,0.0566569871318032,0.0428147827651035,0.0680035690840503,0.033741417343298,0.0663772463117989,0.0135112610620279,0.0658280752345362,0.0203334153512584,0.0182522951881687,0.0032725619180097,0.0024626867128049,0.0179284492635859,0.0152639606091992,0.0161674495306483,0.0121215277729069,0.0126893946898318,0.0078055823717976,0.0086585392154038,0.0189464351481409,0.0125162761524028,0.0110779500933409,0.0091756755859271,0.0089897703526177,0.0249447377884725,0.0196376793040885,0.0130669917345438,0.0143040065282736,0.0062459631540686,0.0138811245545344,0.0179294162218012,0.0222015229065215,0.0604020600781719,0.0635997073099183,0.0806518587315924,0.0815830160670371,0.0455768194457693,0.0563098655649648,0.0204438316074287,0.0346186722104137,0.0334444965702543,0.0547298917674247,0.027171425732096,0.0232417513669866,0.0541577671238223,0.0330870645329619,0.071165595287463,0.02527756855923,0.0003544031101726,0.0011779933283878,0.0013534766242445,6.47759141949271e-05,0.0388104598115509,0.0835577653951,0.0349288211542659,0.0402664655409209,0.0508396306864696,0.0666091513350764,0.0237675679222814,0.0207712400936344,0.0296896524505307,0.0284978624977302,0.0244019622274209,0.0370065675360641,0.0061405395599995,0.0209412591615535,5.17630525259842e-05,0.0119904700191711,0.0203070946265464,0.0892583172991062,0.0314549038209952,0.0280208848071345,0.0113390404187099,0.0302004496531929,0.0066599635244148,0.0023858046501636,0.0005263048826895,0.0003013814022662,0.0012359259739465,0.0003629511351609,0.0353077362928565,0.136055625261631,0.0341185895006934,0.0374204528494023,0.0176949737723952,0.0187040865138886,0.0001035981464137,0,0.0031440164131144,0.0582983227754344,0.0151260513147073,0.0301916238888887,0.0241576256433918,0.0548406895177322,0.0063391445904214,0.0075419612303376,0.0044294883043119,0.0048465208184656,0.0015895891590313,0.0010183572892209,0.0020354809793865,0.0016846835195378,0.0176470598671585,0.0058823532890528,0.014917647941038,0.0090473990220077,0.0018945417124652,0.00105525852943,0.0139016774348051,0.0046470065304045,0.0096885818878517,0.001341589346626,0.0104364332547712,0.0013071896197895,0.0083333338261582,0.0041785906021785,0.0014447885271357,0.0047659942706924,0.0077148621018418,0.008607843646314,0.0203057258734542,0.0082330664405493,0.0724684972650419,0.0176523551954794,0.0235723559557045,0.0154784249303876,0.0121577705347116,0.0034087736019825,0.0102734057442613,0.0026546004586494,0.0032497463057715,0.0023965143029474,0.0051303347901386,0.0076140123471785,0.0047329279337206,0.0010409102527953,0.0020424837809211,0.0013318535748798,0.0018547960821337,0
0.0073794950589954,0.0090030220308839,0.0061669086064408,0.0087937892021301,0.0063422044410777,0.0073300456202904,0.0045534401423448,0.0072211948376274,0.0019421767482637,0.0056143520699328,0.0040907888915372,0.0044414908176973,0.0022659166220567,0.0033654485571853,0.0056791513628279,0.0087546833271806,0.0022898503343801,0.0002696830096017,0.003675651627671,0.0018778599710249,0.003266383241522,0.0024103217478215,0.0157846598674848,0.0140307943552307,0.0284857414350633,0.011080326505426,0.0121918300486803,0.0123600527764705,0.0054180934836117,0.0064905110266019,0.0149447605135581,0.001898206203205,0.0011033369866711,0.0064869284882055,0.0056017722095346,0.0029471844951393,0.000412908168238,0.000191688627081,0.0027218507037597,0.0020550927717039,0.0015382534291158,0.0027181633977756,0.0017468806737187,0.0003043959699308,0.0015326769346292,0.0050871345634729,0.001886658785564,0.0040461833192607,0.0005398006777185,0.0005816283378922,0.0048409557021304,0.0068114015379372,0.0067042012192283,0.006324884951329,0,0,0.0002343770041545,0.0002404258112251,0.0073947569010549,0.0078798094651986,0.0103833743025206,0.0063500471449181,0.0123346321709185,0.007642321320827,0.0084656399411388,0.0060427720759799,0.0115189816751529,0.0070057193685594,0.004831655169915,0.007532054614732,0.0040749141205484,0.0083691017239484,0.0010508617687463,0.0004028458045746,0,0.0004088139792211,0,0,0.004359477381998,0.0083628637121474,0.0053957866824271,0.0054736224373063,0.0037304495988098,0.0080080018804258,0.0072948163747825,0.0067745791366496,0.0021003766986849,0.0044390210266799,0.0023875614157077,0.0030234502110516,0,0,0,0,0,8.2883399805495e-05,0.0001812636272774,3.92840086086572e-05,0,0,0,0,0,0,0,0,0,0,0,3.00997609819955e-05,0.0011469851776649,0,0,0,0,0,0,0,0.0007995431655023,0,0,0,1.79476835669042e-05,0,0.000346448919276,0,5.60224122766938e-05,0,0.0009803922148421,0,0.0010313726100139,0.0003589625038595,0.0001722310647695,0,0.0031145213549767,0.0021552858342374,0.0008650519542724,0.0008943928977507,0.0017394055424618,0.0005843906535529,0.0015718244748827,0.000333863294784,1.47427400728141e-05,0,0.0010811801995455,0,0.0017315639118433,0.0019422163953122,0.0003236701570531,6.27874643764643e-05,0.0013863232062767,0.0005315822703365,0.0005623838148362,0.0001742189015478,0,0,0.0001406140228458,0,0.0005997693549622,0.00049350080028,5.91615991715085e-05,0,0,0,0,0
0.0240119629828871,0.0445183896977431,0.0265933904683053,0.0367845989637874,0.0301266674912102,0.023312960307132,0.0154208706086008,0.0274709542658466,0.0101264552930433,0.0172439185775128,0.0086693650644149,0.0115184867941722,0.0119185130490576,0.0279087684630062,0.028629324870913,0.0274013628397971,0.005948806987568,0.0031348502708487,0.024358912785848,0.0187820453248753,0.0155778732384757,0.0135794629617708,0.008590514178291,0.0091025140269303,0.0172495553873225,0.0098607564797166,0.0141504014033875,0.0109923451187277,0.0058469070096802,0.0049395340378811,0.013180552187865,0.0121558204936012,0.0076033162646759,0.0190281943234912,0.0120963023993545,0.0098996027322575,0.0021555923859812,0.0024773194324294,0.0106344153389985,0.0191212754333456,0.0060247006249501,0.019846013783664,0.006247772205494,0.0107625717939828,0.021628763501441,0.0190531140430928,0.0378201927717703,0.0296640935146039,0.0070185787294522,0.0114045190035224,0.0410914243575875,0.0460610881631354,0.033065191277725,0.0279157103557422,0.008070784582651,0.018380619259457,0.0060659910685761,0.016654987046103,0.0404845055479919,0.0484559429188732,0.0454365501874273,0.0351465314373483,0.046506729674886,0.0718849812903473,0.0293711769586625,0.0501119981162435,0.0313570885936402,0.0485876114328273,0.0269689836321775,0.0197423667201963,0.0268532261988952,0.0266218704176213,0.01147170159082,0.0279699117752531,0.0001673570242481,0.0013980884390971,0.000342969972769,0.00031687676944,0.0110915039239141,0.0254173572004556,0.0145355101852967,0.0297877239182911,0.0177965982905897,0.0239375435475918,0.0250892723195671,0.0329726648187008,0.0269107923978656,0.0254303168482579,0.0195890023839638,0.043912172469087,0.0111458881343924,0.0395687112435542,0.0018251652320662,0.0131683763009146,0.005586793871343,0.0021028702579222,0.0028505448308876,0.0107826063628893,0.0103621206674387,0.0248828459742497,0.0032277528304033,0.00930730024933,0.0014513649455016,0.0062463897397113,0.0028994338229508,0.0024418916105153,0.0042892159399343,0.0342705655980668,0.016795975978015,0.0092406266214726,0.008914197785027,0.018833572278113,0.0312386313198283,0.0050754461163432,0.0071613707187606,0.0113532919879487,0.0078686024515901,0.005570410311603,0.0055206551903732,0.0080678109346384,0.0009943756220268,0.0076611769236624,0.0016206758260914,0.0028184499245437,0.0009054253268475,0.0014977594049069,0.0007656396344481,0.0005989985847245,0.0009803922148421,0.0029411766445264,0.0069450984499417,0.0035355876724228,0.0030604135355207,0.0005561497655104,0.0042284742483626,0.0039110552699332,0.0006632064982755,0.0012383901661163,0.0059772299550053,0.0051518649721116,0.004385123873995,0.0046714364182883,0.0010025063249513,0.0019894090198986,0.0018508339009169,0.0089215691550634,0.0130465894740571,0.0055221334222358,0.0145565571356825,0.0096511141025895,0.0156003898384881,0.0143159335987174,0.0033017372354899,0.0039117074121111,0.0054128696932129,0.000542986457451,0.0013280213268778,0.0007407407845473,0.0012456748141523,0.0033663804590534,0.0016311698057287,0.0002904865821754,0,0,0,0
0.0186781955814926,0.0291771798431325,0.0366678767105148,0.0594481838803206,0.0356950211880455,0.0490152736160537,0.0541350290808209,0.0577629012842643,0.0352886924939028,0.0418795204391737,0.0379926071512136,0.0425203058304419,0.08917748800785,0.0621134816715896,0.0604744914619126,0.0507788172701736,0.0766475357380709,0.0336210544390805,0.0824597668562447,0.0530824498011307,0.0613808703021229,0.0567642511121568,0.0371634239045178,0.0260356641269051,0.0340864547787615,0.0378082495284171,0.0432080758523204,0.0655032113296149,0.0411678275893766,0.0383121898858899,0.0344953737927832,0.0457472909824611,0.0501883775644296,0.0889775171707579,0.0497204320703365,0.0427422969034979,0.0092671415297119,0.0215393632872781,0.0550660640156184,0.0546972838383149,0.0384874115547461,0.0333943933003451,0.0268382368813036,0.0177873982688799,0.0180347880548707,0.0790379981628633,0.0219070284062063,0.0358424922056104,0.020022697613529,0.0329620650354469,0.0312857079335167,0.0224626381878322,0.0171409492766175,0.0214102145411927,0.0094528146283344,0.0334775689419023,0.0248598847912083,0.0312543820754232,0.0604496690526336,0.0432741994992812,0.0379670534726034,0.0322210181247871,0.0590422881620053,0.0432352966745384,0.0621284537803705,0.0551314175282506,0.0231466172189584,0.0658854905111379,0.0317939694672977,0.0317010498284056,0.0245686725092316,0.021585633136952,0.233396398838554,0.130217463968312,0.0013029236564263,0.0032105278413326,0.0050943588638128,0.0002591036567797,0.0534183038126988,0.0939188180591848,0.0372944016726568,0.0438866753797769,0.0563092274088068,0.0466550922986873,0.0226328363421727,0.0289517003321981,0.0259381913794328,0.0288848159540517,0.0362492362123703,0.0589620336180961,0.0417698683113007,0.051650712431977,0.0058919294537701,0.0335681292833408,0.0419874592305004,0.0343705618507701,0.0337071915358926,0.0241380306229165,0.0214925238999322,0.0417152791069029,0.044824872769885,0.0137814871923456,0.0079436707836931,0.0032459562867054,0.0094158267262054,0.0074547375891241,0.0793334741906114,0.1637563298225,0.0418018551076577,0.0597738253443886,0.0382625704479782,0.0243076490248664,0.0184101486529377,1.61381434541916e-05,0.0122182788384206,0.111156344108687,0.069926156414455,0.0941176526248455,0.1570531217951,0.142544943070485,0.0264255321553647,0.0480878459811211,0.026372326233209,0.0319961352899955,0.0117792632553862,0.0123483265450277,0.0113352014173177,0.0091160097112768,0.0460784340975806,0.0357843158417381,0.0639019645634107,0.0491238256625824,0.0243773199366154,0.0112513375637883,0.0269735736327003,0.0199232519799019,0.0243079599150566,0.0102511185972968,0.0466476940932954,0.0243906204351315,0.0735081032389249,0.0557657690636965,0.034026244088055,0.0248032074207508,0.0519332997544416,0.0728627494070679,0.0393529289037305,0.0323789383379115,0.0901468296111428,0.0372836502320291,0.0789134708797936,0.0402770137493402,0.0639273171886118,0.0306329423306418,0.0154653419806084,0.0124886885213737,0.0062651359067999,0.0075671754656704,0.0127243375460453,0.0167614021809416,0.0241717390900735,0.010860970544671,0.0089052292848161,0.0058453573564172,0.0137784851815652,0.0009653092576907
0.0192538910099755,0.0370253920557353,0.0197496690022548,0.0289944399113615,0.0149887765164866,0.0305234828024648,0.0167138927108348,0.0316910557081478,0.0115638986827762,0.0222090057892204,0.0119285067515928,0.0199303417359356,0.0085769434301498,0.0197827828024965,0.0477798506753644,0.0266504593129505,0.0203268252759594,0.0106430313853034,0.0441238754205975,0.0283305325757089,0.0290831509740863,0.0168235762194115,0.0096560578296336,0.0065350707904779,0.0103796797582287,0.0399261177348756,0.0219835802847278,0.0656734183113584,0.0177352432938904,0.02828719890471,0.0212998917742353,0.0279620375318274,0.0089694279138827,0.0350595456648337,0.0166510096622803,0.0084926531238946,0.002622496237758,0.0078709398860236,0.0291387924326553,0.0334944885703917,0.0226627985654844,0.0164523151141773,0.0143516051268142,0.0117745895641424,0.0123643175828431,0.0069478252151776,0.0101046144352221,0.0083715443373406,0.0125618894601981,0.0076270251739871,0.0104390957283155,0.007753285778311,0.0085782066749189,0.0084739906691836,0.006351191223887,0.0136575871991786,0.0153661300368718,0.0144117266228254,0.0248220345977485,0.0336872304802755,0.0298207775315047,0.0388150602718689,0.0179611700005612,0.0319268916031176,0.0082466908836044,0.0210185859818778,0.0070758742462519,0.0071769522553983,0.0194559779857852,0.0154368984897173,0.0350190430454233,0.0373158854979389,0.101901447561348,0.0465335751492541,0.0002111651864778,0.0010894015857123,0.0023974437608682,3.32633072892869e-05,0.0094662314966424,0.0292129318796035,0.0084851323594231,0.0147717421074878,0.0251937910680231,0.0213733562861269,0.0054521670248106,0.0094411392274608,0.017564603038493,0.0163144037267644,0.0268010126143963,0.0248605360692224,0.0357946734237236,0.0549800844077957,0.0324259289938523,0.0702948627713727,0.0207468293699682,0.0381145234248412,0.0202901972783729,0.0209736752628163,0.0159843285606405,0.0248222200489865,0.0425641050813003,0.0398894787488299,0.0136075529936039,0.0114074666072728,0.0278007191693211,0.0238275299483636,0.0562125577905843,0.0818874138944091,0.0480086547411907,0.0410861737404239,0.0294869544196356,0.0182429586392526,0.0047554075987961,0.0063019450188618,0.0085305391567298,0.0639880990222862,0.0399796305792769,0.049398398643296,0.107995437568922,0.0846405278813715,0.017302135823268,0.0165521578416228,0.0163646978763032,0.0113609877926801,0.0088853958120214,0.0069260206278597,0.0076844075506198,0.0044644113267751,0.0343137275194749,0.0254901975858957,0.0398509827489033,0.0267909541859028,0.0128113415101669,0.0058752231638539,0.0113668662590393,0.0070861592793952,0.0089388701941489,0.0052631582059946,0.0095667304835402,0.0063514036820361,0.0437793077894046,0.0347800762486971,0.0183547113906536,0.014426793468042,0.0423676037516828,0.0586666701361537,0.0085672993547188,0.0050393645285635,0.0160185455262365,0.0046576194959745,0.0093647712554921,0.0076518416768167,0.0181565312262978,0.01025590514772,0.0122065734918374,0.0042835598310025,0.006421373709962,0.0037327525809545,0.009531719133477,0.0100462662914161,0.0152214343011267,0.0046558543865342,0.0071895429088423,0.0053274142995195,0.0056173824201765,0.0001206636572113
0.105842876589648,0.1358369515063,0.109137684112624,0.152367887492746,0.112723025760805,0.0916855335429022,0.0680782276083808,0.120414098418873,0.0942622498158839,0.0996825520888693,0.0821487980364011,0.0866446858796758,0.0935262419365399,0.0685630040105511,0.114249027277681,0.0598248065085125,0.0552734642252691,0.0512260300149318,0.142793700119205,0.111683625694478,0.089211600901616,0.0776537062599439,0.0278773145456257,0.0305632338116896,0.0221853845562278,0.0500331563168714,0.0724162393996942,0.111055138497003,0.041497218624522,0.0648946247877862,0.0703020843805457,0.0806868007667288,0.0632959787532852,0.139431713131193,0.0573835029036583,0.0574490701780727,0.0203362566551705,0.0365510703500624,0.171346155887676,0.113942095201712,0.0576110744203326,0.0416697003788051,0.0352295029747025,0.0292477088770547,0.0773122625134317,0.137255700291936,0.0433380412629972,0.0541370653298329,0.0371266810294587,0.0457960385139576,0.0700234014941973,0.0690506958394125,0.0491584871278236,0.0589338153322361,0.0361474047757153,0.0848078917697495,0.0304859943809726,0.0356895082546396,0.151228773830765,0.138341727291214,0.107005893428822,0.125360043417265,0.0771032201819762,0.130839354628879,0.0504394622061181,0.116222666149766,0.0355866493806894,0.0514507260260007,0.0834371297843267,0.0705453003915369,0.117804771570991,0.144022665427007,0.585791766215958,0.390465623165297,0.0042331482603953,0.00617973546694,0.0223532771032523,0.0021988796818602,0.122161227268063,0.118082139434631,0.0723295458502222,0.089223338672336,0.091719697191967,0.0908504113049792,0.0555060300558856,0.0691262120672762,0.0400941459888389,0.0531761598753784,0.0508973682060969,0.0593100080828805,0.065838252370101,0.0946822667213841,0.0458377359033348,0.083703358752682,0.062709057918469,0.0561144297654574,0.0380100240343664,0.025799345653642,0.0319689464932453,0.0616800517114891,0.0512451848640051,0.0276859823966657,0.0165035287252043,0.0127000721141033,0.0241640168625965,0.0286489025401429,0.0670819756447195,0.21325688768887,0.138336397892833,0.0741120614864549,0.0516843610102682,0.0429919162891288,0.026703053934154,0.0159908828951721,0.0412440862795659,0.195815837910881,0.284237348105662,0.389237990933576,0.583114445297662,0.573631569871698,0.0905627597760994,0.189057266082615,0.100927003770129,0.115075016993158,0.0556763792624828,0.0350023097508561,0.0543604140458185,0.0518882524017645,0.227450993843377,0.225490209413692,0.225474523138255,0.160120435592564,0.104173297098699,0.0683493801561946,0.0190622347164089,0.0133102042250954,0.0084198390215854,0.0047127625766095,0.0445604074423412,0.0049365631523816,0.268068003918059,0.115763122903347,0.147221002367122,0.0864462624473946,0.239215700421482,0.216705895168707,0.0377469252755454,0.0277220753174113,0.0949229189576106,0.0272989304452225,0.0827775125926715,0.0523093508476327,0.152862572724053,0.139966808073691,0.0319801178813295,0.0098340880627242,0.0118115779190543,0.0064488021242949,0.0157324115417021,0.0177572162957925,0.0760564615634864,0.029226177795541,0.0306372567138169,0.0210876816022649,0.0732379481573967,0.0034389142305232
0.499269462200094,0.529084563653192,0.57583950742091,0.658244628218958,0.633996282985656,0.591827780501584,0.781977548228807,0.726925087489181,0.656820335170994,0.554249766143916,0.87426957523764,0.709951471070025,0.897813520588036,0.758732237973286,0.771314099881056,0.575614898291491,0.958491317623037,0.947855045619995,0.825893280466687,0.669221514483817,0.799655069243934,0.77328035084371,0.855541222463643,0.889920436890074,0.869492030030497,0.858684651836327,0.763895942135262,0.626877609089363,0.951042695521628,0.912233984954145,0.771484070706895,0.735964269640154,0.903841681599767,0.940005871476665,0.866766727018102,0.694243407945137,0.78530686895527,0.521033100757762,0.912835091432592,0.807005809861222,0.918853055663261,0.925837545226309,0.970474656323363,0.897256536301293,0.830479911563586,0.685581005869972,0.774767033481847,0.574913285817366,0.898982691566342,0.795482996745673,0.524451341554374,0.569100681700106,0.469756205902994,0.587409612487922,0.548410150996314,0.578804629880107,0.941751004666247,0.888347091113087,0.59427020724215,0.581472597255375,0.629322308498873,0.622543099946406,0.615167468289798,0.64349774197008,0.616381796162444,0.621853991123507,0.63995080928846,0.622307875463231,0.871758199258417,0.758439074370174,0.604918348540428,0.494965551365763,0.896150190227584,0.754606623483297,0.762733083596909,0.850259250327761,0.304920382082737,0.590817611971163,0.765050154176748,0.882419927766169,0.692433599739186,0.684155517359711,0.909141733784026,0.859545318865108,0.623146774300785,0.692180474006239,0.87145505738036,0.747695255411089,0.830138069926852,0.799585923245176,0.915047548333565,0.887790504786657,0.942527283104121,0.912033360409997,0.735074293759895,0.82575547177646,0.884425324635166,0.947319064927858,0.928127297521092,0.945214704432542,0.929464610020379,0.917122952085994,0.886848925541889,0.869838337709065,0.88690916592368,0.847325482136916,0.802736975577621,0.848325984316377,0.810561010930062,0.925354801886562,0.946934303383893,0.972850329717722,0.97461598648356,0.928245838805784,0.922205373447458,0.802612967633779,0.498217498269779,0.61869433248913,0.760536881071036,0.643607064206056,0.171610587818929,0.226453346725553,0.138256390820933,0.119121681814208,0.201970985931577,0.0837822194351202,0.14561158657584,0.111123596819291,0.335784333583433,0.300490213849116,0.614094153963961,0.554168629345455,0.338023337425438,0.250652421240441,0.538482555289469,0.352815034269947,0.39256057684885,0.299690420200166,0.693627492000815,0.423360271096303,0.829984597251535,0.633261828653426,0.541663013015265,0.303048536599525,0.548396587315251,0.393352964438964,0.872305250658681,0.799409583818157,0.960994677966185,0.77331537495119,0.851365307195416,0.613050472189403,0.926291496568677,0.857038658248122,0.185363170310435,0.0917043794806187,0.118225145652757,0.0848220819952311,0.196272214606185,0.233787191618401,0.169641659795788,0.093230054734865,0.179166677262401,0.127266008266301,0.145495504099951,0.0619004561494176
0.320434633522041,0.290555659730039,0.363199683274162,0.356205792488536,0.42007533253413,0.365052369688559,0.453978265542133,0.405992749906646,0.457321373931447,0.33750058968989,0.462095946776744,0.389171400948524,0.520151654163636,0.466447192476713,0.349192920913021,0.393182969142732,0.519706353443652,0.627097165906754,0.341412250189724,0.369892243055931,0.461669966488379,0.477167542421144,0.549109394528451,0.586429170093377,0.535636395313354,0.526783208192353,0.492395903948278,0.410386431919315,0.456637990832611,0.381598883145468,0.520324505739113,0.342902606845452,0.54751211579179,0.421668907179231,0.545858746710114,0.475450171861018,0.481039074736222,0.23107112867848,0.598775071176326,0.540915341030346,0.51824755460709,0.67241698357538,0.772299510913647,0.742765698575362,0.539521168084852,0.439784929760368,0.502293734826899,0.381698909993421,0.574742651800542,0.564786052156199,0.31941695110944,0.354723665566758,0.367082867098211,0.408724719960269,0.392960161598539,0.364496740364824,0.654813895839981,0.625190430843143,0.339099328842252,0.277744755440687,0.291941573548657,0.222695738624897,0.419302572134002,0.353113586011431,0.505749296176514,0.436042847171002,0.456782117513938,0.441198040685968,0.408242209906222,0.406006840213575,0.310345735587792,0.326195605180734,0.423631432218771,0.448301293091398,0.623560458911742,0.776307754544744,0.166199902755347,0.525533994664979,0.407424860695998,0.513111298948706,0.475849758277226,0.450783310363942,0.354829119938989,0.330220351308841,0.567629734174498,0.535021645185122,0.415137669012577,0.359150623350907,0.616620594064352,0.554200670015983,0.591923569690471,0.532327796424158,0.601598478545393,0.512953525384962,0.334904864096589,0.364130456316912,0.558264956762497,0.66460173364014,0.687217902992918,0.695514269107317,0.553432243220452,0.536564620114054,0.599802086657818,0.582077293403306,0.591308503120739,0.554073689424082,0.172191595150556,0.147416459575131,0.319866478689935,0.422862942104346,0.472651509597418,0.450190291408954,0.595916752444254,0.736433917513058,0.636573172647415,0.176054807330469,0.214438515355472,0.278074882755225,0.288654119488376,0.277267173260043,0.039246762831874,0.0634039253182709,0.0475900777460031,0.0489618012446635,0.0949997872680442,0.0485029879652654,0.103566766162181,0.0805278722339072,0.201960796257481,0.188725501357112,0.425968652642332,0.411575599452096,0.270535257122656,0.218666679598391,0.222824679275948,0.158891877135756,0.149365637437714,0.0884416976968121,0.408285919148775,0.25828529,0.525319724161502,0.479851644700141,0.418900216428941,0.280921728363818,0.229356803008677,0.18439216776751,0.455027547970411,0.445889063802579,0.378103815712145,0.46594728608869,0.393299326451672,0.407258236938458,0.738415996017726,0.784257890339254,0.0667771373376985,0.0319155373323995,0.0245918302177136,0.0191140171071446,0.0362629779231022,0.0525578352298295,0.0399932410399397,0.0211893823553536,0.072222226493371,0.0515723300939602,0.114016964877452,0.0475414809412681
0.0315035108106237,0.0427099850695671,0.0729282967797892,0.0574440793498439,0.0556894101855261,0.044179781520195,0.0138652771810045,0.02128621409995,0.020660728937219,0.0211759704777654,0.0129564732815287,0.0128797064196996,0.0028935462535219,0.0065566951918988,0.111235702533506,0.0584398112644747,0.0094316213073421,0.0033942269233956,0.0733855684586433,0.0663809143029714,0.0142395492344874,0.009362974715344,0.0283617571776076,0.0241465996646154,0.0388039238634519,0.0174552439990372,0.0251239336771905,0.0193188706656162,0.0141819699226371,0.0100372240391191,0.0250721623267752,0.0292709654356858,0.0042442329279239,0.0060330124316726,0.0115369080779028,0.0055461361677122,3.07034278946243e-05,0.000191688627081,0.0015147690873097,0.0004109149188001,0.0450915259835601,0.0185637958737048,0.00478164021148,0.002190069705736,0.0039426268852409,0.0027212337376502,0.0068521100853907,0.0091340333667912,0.0042072631062235,0.0052804777206367,0.0051187095726604,0.0200588385924178,0.0162126544734982,0.0185963767329602,0.009405930834851,0.038530207080477,0.0432835307826398,0.0239166252521846,0.0290448750627057,0.0457672371442165,0.0381541113576629,0.0491268273524611,0.0185064555765318,0.0403276501726757,0.0064595826225526,0.0141829080441981,0.0068660886998535,0.0151006701561773,0.0178368580198618,0.0114596289394289,0.0330757007307547,0.0235675264899223,0.0114179221944194,0.0021498518615031,0.0001550513607005,9.78200492041576e-05,0,0,0.0057538129764402,0.0035140564327173,0.0055403262141013,0.0149601110032717,0.0191264221275312,0.0184889661861822,0.0117872226680257,0.0150558803526302,0.0278704080889495,0.0143610527679593,0.0520523927842078,0.069581111789963,0.0416527334750287,0.0836143494742199,0.0539386536236513,0.132518277308223,7.20876628560398e-06,0.0075163403137897,0.0124431379907764,0.0291726463928637,0.0122187311899969,0.0272158517378699,0.0494117676280439,0.0949282203455436,0.0137491305656995,0.0298174313348544,0.0035109097498144,0.0029551129986311,0.0334695008900275,0.112985578268977,0,3.86996926911371e-05,0.0058270680137797,0.0106693627154317,0.0427759273326356,0.007629307317969,0.006138720218796,0.0124343494748505,0.001247771909799,0,0.0048543692191212,2.04248378092113e-05,0.0002299493625937,0,0.0004217705638222,1.89539335880549e-06,0.0005385970593787,0,9.33706871278229e-05,0,0,0,0.0006823529815301,3.85981186945725e-06,0.0001854796082133,0,0.0006592782430242,0,0.0006920415634179,0,0.000426944996786,0,0.0019048381348155,0.000545839989885,0.0003980539819659,0,0.0021806854872189,0.0002745098201557,0.0067452152383778,0.0037618837637692,0.0227546374904151,0.0053497945550645,0.0134013944078422,0.0016692419042574,0.0024128079797811,0.0007626185879073,0,0,0,0,0,0,0,0,0,0,0,0
0.668015927085997,0.747263297319727,0.667354993768743,0.68932608331728,0.724345287924204,0.754975837434751,0.670651556530439,0.72598008470025,0.697775260487451,0.709454149029256,0.77624480670991,0.762546596897727,0.805476053826983,0.81387874762077,0.837151067344365,0.663973211833912,0.865006176104542,0.87191608911372,0.765892097302046,0.703253161019265,0.822769281524735,0.771452995961957,0.842889905320355,0.815436289834809,0.884375275117451,0.817076395768256,0.900188164598136,0.837622598555754,0.891939915113116,0.877573362863108,0.958659357978102,0.836683925158565,0.802377155453202,0.848103517531628,0.771656307315322,0.590079739043466,0.661594288056685,0.358308478901441,0.809869714645689,0.719125980429965,0.795436912994253,0.83474247990694,0.945316455192038,0.914850228043853,0.85767125029109,0.601424001177489,0.853091411913358,0.72790782835286,0.788885581774858,0.691057372496732,0.799247886958951,0.727563078149384,0.724773937106153,0.785624076816714,0.73148407151452,0.778174672797355,0.844740791641396,0.792509274546553,0.718291459765363,0.7010369799065,0.718635801887889,0.763678765976441,0.743509303007057,0.820895521977932,0.817535095806666,0.748457193079969,0.718445707199043,0.803901471125045,0.849303521615499,0.6548425454078,0.760408989867267,0.732051009612292,0.643780173077324,0.565844917724347,0.703602893570773,0.715672243667306,0.368164045061342,0.511869778170616,0.606514197088674,0.811089503829672,0.750693919506293,0.756900401211806,0.852992726114609,0.829536377789727,0.792681028619486,0.81367128209298,0.871529073746249,0.862120737507233,0.84476781956655,0.812049610609573,0.896881291129426,0.80316929102684,0.798904223489212,0.717582266635218,0.728402580562568,0.768179926077289,0.863874996622455,0.934343955417839,0.950902028594568,0.927643836606592,0.850606720322449,0.83576141389696,0.821576988849286,0.826713823655684,0.726184636461015,0.744457010991212,0.442044552285855,0.545659176430536,0.731932144663442,0.804966507873216,0.866217801485235,0.942115958680736,0.854285476031982,0.840696410566794,0.752383411635147,0.486226394301151,0.572829165529194,0.707286138084865,0.873234393922793,0.829942859539491,0.114465063790571,0.312633743979037,0.246631683271327,0.237138349300232,0.299494901040061,0.229964132884612,0.331988815151687,0.331143264470929,0.395588258688804,0.600490231590811,0.779149065685924,0.794522974268427,0.633439359135573,0.644492016724226,0.551395315359738,0.405319899909857,0.521539823230876,0.319642261765374,0.70564520302146,0.563998495484246,0.862683874547656,0.820559137027295,0.774509849725291,0.686002616782462,0.528458891432106,0.587980426929425,0.791035627059317,0.798414337175817,0.861316778585393,0.706604828764408,0.691442270675666,0.493414111510876,0.861236388181496,0.817852553996208,0.219939256309938,0.225942698128235,0.145941731933712,0.149513443845704,0.27323646367911,0.283146084160701,0.197244771637809,0.202775772501918,0.169934650572638,0.142434340646877,0.356041356509023,0.176591262328797
0.0061389902755245,0.0121787852775421,0.0099550072320433,0.0147503508757634,0.0088266840687279,0.0080342738552727,0.0037170843559838,0.0015129855552853,0.0039967749051097,0.0043445367698165,0.0062141690816683,0.0017583121244451,0.0027402359324762,0.0012131525002592,0.0177495740973551,0.0131910511352959,0.0092618841496887,0.0025765892637112,0.0215756736572153,0.0060459051299543,0.003288200036289,0.0023450386213659,0.0027599421681911,0.0016660087838794,0.0058181821622631,0.0062075719625753,0.0143340866264843,0.0044450498876639,0.0088192072165826,0.0035528295414867,0.0079252517874929,0.001632248740668,0.0022552186901158,0.0012445996083335,0.0006788496325336,0.0004096464066101,0.0003282090568046,0.000191688627081,0.0010461374009232,0.0002792977821352,0.0038388670621042,0.0006456558270007,0.0011475045241902,0.0015061670719953,0.0034767451994457,0.0072596963549877,0.0005578760433569,0.0010526823711331,0.0099012594184391,0.0097922000675917,0.0088095345835138,0.0072492129233338,0.0234780664276546,0.0242541931015022,0.0267466832512513,0.0732642443058094,0.0021764792088699,0.0095806278929758,0.0143866008145354,0.022921123767353,0.0066987137798136,0.0142249527482046,0.0034810534363121,0.0162362426687742,0.0051150558788698,0.0189269335944373,0.0116217849508781,0.0289856427742583,0.0069416659656339,0.0057754560062094,0.0141542763352598,0.0089935740378282,0.0047369139611193,0.0012976117357054,2.01812882181638e-05,2.90691655653865e-05,0,0,0.0013006536716905,0.0011201670085244,0.0029798201529947,0.0137485884366019,0.0189585728767411,0.012053035678659,0.0089140902423764,0.0185233868616455,0.0141936120587179,0.0082255484984101,0.0296302100856337,0.0495610727904785,0.0218270033171463,0.0475440241966941,0.0483606670834513,0.0688712795553005,7.20876628560398e-06,2.36809713729986e-06,0.0005520697494244,0.0019380110913604,0.0007923004380867,0.0114334487071855,0.0204960628846485,0.0340355825371742,0.004808441944019,0.0099277455152439,0.0007699858304139,0.0003999127699603,0.0016237746058323,0.0243834026012154,0,2.57997951274248e-05,0.000291169116438,0.0004439511916266,0.0037800689520717,0,0,0,0,0,0,0,0,2.50980406999588e-05,0,6.44433741993867e-05,0,0,0,0,0,0,0,0,0,0,0.0007956806381327,0,0,0,0,0,8.25873876633325e-05,0,0,0,0,0,0.0026864060689643,0.0014334522535191,0.0024767803322327,0.0011634592796506,0.0006587263393939,3.95467778970094e-05,0.0011308147674663,0.0001544960070329,0,0,0,0,0,0.000185062800105,8.45165702450121e-06,0,0,0,0,0
0.0513216973396072,0.0855358135848098,0.101395806616487,0.0996809863636922,0.0892423385544773,0.090538414133499,0.072412071228615,0.118574198661855,0.0669632305319046,0.0690784536891527,0.0824980778181016,0.0970767769529388,0.0590730962933956,0.113768955329409,0.0993883452842844,0.0719850192669204,0.0364534565469683,0.0116135466746346,0.116851480120082,0.0854595121933015,0.0539304348891918,0.0337416411744823,0.0308921356757741,0.0107573371278216,0.0180713023164902,0.0387586458461868,0.0400743616847889,0.0604317997491352,0.0601523360953013,0.0972982476890393,0.0440106525480024,0.0692584521559493,0.0346841448148566,0.175785431909009,0.0578012176701057,0.0290379446293462,0.0079807737748164,0.0059306412638137,0.0439945746795524,0.0580918659733207,0.0160200899646138,0.0302141810981363,0.0194073095256251,0.0127016136543863,0.0273196407201903,0.0287061053105081,0.04107334169242,0.0905527152031794,0.0238466952190577,0.0174358492834828,0.0404695284174991,0.094624500829334,0.0395512439689034,0.0696393899013143,0.0375711093044951,0.0723294517288669,0.0137524528551882,0.0427407008721103,0.056486536802862,0.0769841254310381,0.0920607280384999,0.128635444680488,0.0490959346967157,0.150244560237449,0.0214546659372222,0.0914675143987069,0.0229564729488164,0.0849071699420862,0.0827026692900445,0.0671307429425086,0.0936503492933826,0.0535029115044773,0.0913427594013736,0.0127255599094164,0.0005951018891648,0.0045947738206368,0.0009703540692976,0.0002591036567797,0.0425729872671784,0.10761281052192,0.0293756849373574,0.0825091658186368,0.0967803521032884,0.110321967894826,0.0323892465651682,0.0587960712351569,0.0430476586943468,0.0803364105854617,0.0389036481340554,0.0825057791879065,0.0434570242568963,0.0791627838416087,0.0726321035976226,0.165375772744764,0.0035395042462315,0.0043312496641214,0.0062026147459012,0.0088821712797632,0.0176082840239505,0.036193950471895,0.0701583751898187,0.11663638054834,0.0136769130151627,0.0344740819653601,0.0042143327025809,0.0055254614382852,0.0236077083678134,0.079470346295553,0.0029717404306006,0.0037753700203131,0.0121531777790243,0.028107659819861,0.0385233497615548,0.0053054146605654,0.0048343478180146,0.0209471300903325,0.0101094989426579,0.0078208560774907,0.044888637720345,0.02900326968908,0.0043752527369183,0.0030933335162699,0.0057235162894857,0.0033965448989794,0.0036682826746877,0.0015811336858957,0.002184874078791,0.0005802798789519,0.0039215688593685,0.000490196107421,0.0184235305013135,0.0088698476760127,0.0059088503759404,0.000770053521476,0.0129127600702687,0.015402408522721,0.0027681662536719,0.0040591677667148,0.0195762187415253,0.0143790858176847,0.034803923626896,0.0196184431315979,0.0123249307008726,0.0051667385336936,0.0139820422415804,0.0161960793891922,0.018670522179302,0.0073232327563208,0.109593620641433,0.0347713951814961,0.0539240025408173,0.020118273639467,0.0231182077862236,0.0050326252503715,0.0024855013897406,0,0.0011874073040319,0.0003195352403929,0.002657439603525,0.0029698173159712,0.0011916836404546,3.22762869083832e-05,8.16993512368451e-05,0.0005919349221688,0,0
0.0243661943163269,0.0348623527991204,0.0410249853146084,0.0571211389958133,0.0327741832770642,0.0550481150928169,0.0173566257572703,0.0512831324389906,0.0229110954090096,0.035535457566841,0.0317230350696894,0.0411893729209336,0.0234445715222347,0.0348562210327967,0.0536414271382527,0.0246191743043415,0.0312236305385168,0.0149184518368883,0.0765570979531142,0.0447249966725924,0.0414655455540327,0.0279262889888971,0.017292070432559,0.0111034353191014,0.0244625682916111,0.0355104059395238,0.0284612507426125,0.0490649992705719,0.0371788243448602,0.0411598710161667,0.0297028981435803,0.0786451861278421,0.0203626618766769,0.0717594481343311,0.0287010957362055,0.01101550535537,0.0033509085960857,0.0067369041151242,0.019490554884874,0.0148711819100183,0.0230392170487903,0.0128983933353746,0.0174376124394423,0.0050798548228715,0.0243993050084861,0.0254319851518602,0.0064611778840089,0.0087863521389153,0.0166559043964971,0.0107864456506871,0.0154734743454532,0.0362814503229373,0.0190642,0.0371658838032161,0.0247931918561088,0.0422862294283404,0.0106490805302505,0.0236020275915045,0.0302927843721425,0.0453852611557239,0.0403774414991184,0.0831725133460509,0.0176889278632562,0.0588125991483555,0.0126721157737697,0.0344870592737707,0.0066847203191026,0.0293384608629901,0.0329028853214155,0.0303706891215577,0.0284353713817798,0.0215909103677735,0.159759423932593,0.086744597456953,0.0004695841209787,0.0019748575971405,0.0018938634593878,0.0001523109333772,0.0236557748194577,0.0353393988928339,0.0121799641691048,0.0350192915441966,0.0441001017916774,0.0658555389337572,0.0131310463959376,0.0291250311853325,0.0217419828466349,0.0391380501200587,0.0385516260544136,0.0566808370574717,0.0535560433320671,0.0732013845790404,0.0103313876536612,0.0608753173533806,0.0376261556277099,0.0445060175984135,0.0305586074716929,0.0341224314775545,0.0192030129188723,0.0585501700473371,0.0691168132043069,0.0307097763626676,0.0110412321959289,0.0087636359551162,0.0179268495901515,0.0118949811925625,0.128295214558926,0.260118402360569,0.0772276342281406,0.0661313248603715,0.0505101017634685,0.0240473562131091,0.0144835262254514,7.66561814074102e-05,0.0210699809620815,0.167581417473619,0.0203717862824341,0.0793003611959813,0.0323814982028443,0.0859681423389702,0.0130449651914653,0.0250415701083839,0.0084820752537189,0.0146021104362375,0.0017264219254681,0.0025994909751167,0.0039962654090708,0.0036688663314378,0.0377451002714224,0.0225490209413692,0.0236823543417268,0.017017910532437,0.0034578698388351,0.0026809270747683,0.0074566642659297,0.0042580037212983,0.0162053066100377,0.0040935674935513,0.0061669832869102,0.0052902732847952,0.0091645359213504,0.0087890837206253,0.0016217014080095,0.0051094893532648,0.005185999940193,0.0201764717814513,0.0119807870662615,0.0049539515704523,0.0444358471411346,0.0214763387186484,0.0274534127400795,0.0090185047455366,0.0184377231337159,0.0117975780689638,0.026732948280766,0.0077224740615257,0.0105304279331251,0.0063471318205335,0.0159354104003047,0.0188059054963877,0.0079107509749331,0.0026224483113061,0.0122549026855268,0.0054753980300617,0.0023582407329986,0.0006033182860567
0.0719569237220546,0.0824658897816351,0.0899514889931909,0.129957242237573,0.0989498964359417,0.0965061987194624,0.107620713607014,0.128369361051387,0.11141058505497,0.10496463734122,0.118601563115532,0.0498457650512961,0.157884327031807,0.124958022151016,0.111145060775404,0.0666557130412802,0.129599123750157,0.0972782687883313,0.19673493220721,0.0888704409651363,0.118468604459002,0.102233376029485,0.052198405922273,0.0354086084896074,0.0397344052019021,0.0740472400205168,0.0450648457580824,0.0659480189085711,0.0733288420445156,0.121695334169082,0.0384268958726071,0.0635038627459583,0.124488704886355,0.251800446928443,0.0781967598850559,0.060410940530266,0.0225934879748718,0.0396415007347589,0.295558272970052,0.385562038305622,0.142753827761454,0.222200006212115,0.23127897980951,0.23918012167175,0.05972815963084,0.0893966505650347,0.0434460068750853,0.0486182282552721,0.05166549980307,0.066109338948002,0.0357681673608934,0.057591624626231,0.0192773935671541,0.0359990394941309,0.0189921038090939,0.0593915457713217,0.0792313160928553,0.0958983610420737,0.0969246928730709,0.0980946137725755,0.125601298791936,0.113254935131801,0.0760829632244382,0.111425766484642,0.095688934096563,0.0601175612166537,0.0292822176018708,0.0483316014794652,0.069918249210702,0.0906089595067964,0.0689355990708943,0.0418824492354931,0.560103759355946,0.430076686813972,0.0063689192257273,0.0160973964933276,0.019057419316155,0.0036694680041234,0.167187373721713,0.237628961214328,0.108313911235799,0.103381126151809,0.179419786303081,0.16513453891387,0.0564535904391704,0.0507255687988702,0.120410992707271,0.0976952169707501,0.0560845621403132,0.0940840265775554,0.154959407445159,0.161828951872395,0.0530095068308099,0.103399424455726,0.0698060883266461,0.0708629387365609,0.0847634037056317,0.0713352049656567,0.0641173036043189,0.0991321266774726,0.132823034501575,0.0489470910932564,0.0349839479525149,0.0169984208238033,0.0428687495737303,0.0315809902580793,0.199857037963132,0.275410054516598,0.121277103142487,0.140062787780934,0.122097899009039,0.0725807346977203,0.0756114861776707,0.011958364299556,0.0393030223829388,0.185696789693403,0.259434698306798,0.388859203032387,0.542280633630936,0.628370135200385,0.105807781031299,0.188511383697391,0.100368830811198,0.123335141250832,0.0654322643758786,0.0637277272044085,0.0478244659468709,0.0488090253021648,0.11911765410332,0.130392164574005,0.224674523090944,0.204288262814764,0.0814387965491167,0.0652121250686998,0.0804660462477393,0.0927298588193853,0.0626874316196122,0.049019610742107,0.11193865304625,0.0743406426125005,0.229667532763889,0.208571819435944,0.106147728524262,0.134664384663499,0.26433939624482,0.354039236623794,0.100655547394858,0.112240054171928,0.242761217721569,0.125668731711756,0.179729389984061,0.084814962893956,0.124196116011891,0.118228891169245,0.0716929067529633,0.0410859752804614,0.045433953159537,0.0339869301145275,0.0766505235641756,0.082317695989577,0.107817788661562,0.0513354343277835,0.0186274520820007,0.0109507960601235,0.0819289926565378,0.0030165914302835
0.0836738062896801,0.142571674779242,0.118369576594007,0.173872157658935,0.0905627247856936,0.163155621687911,0.105101256735057,0.268917940471501,0.0958908096002065,0.175342760207789,0.0938852009080586,0.159035545816561,0.129215793146175,0.15132291226518,0.245305137021868,0.154769858889536,0.144620862202479,0.0901359633493237,0.26082086448623,0.17653813271825,0.16196038482702,0.123873014472508,0.10158336235477,0.0824069005176237,0.0694697010780642,0.1082599287288,0.129734881305815,0.182619231327632,0.126409213133284,0.161527918398844,0.143169611333432,0.211449219847403,0.0829634486261652,0.211173990554417,0.115403427337817,0.060792772813668,0.0599839107171667,0.0393473830703062,0.0585074300358503,0.046389858897327,0.0902512182969865,0.0658902380822285,0.0660940324292328,0.101365834584172,0.0456438138110186,0.0434003987272689,0.0521773631816282,0.0342083904345937,0.0335071852844962,0.0366342732662578,0.0753915153821268,0.0702007312931286,0.0834873784472524,0.0929585187407102,0.0476328923170753,0.115661498939471,0.0197755597255404,0.0286330593643729,0.0672746296561622,0.113999252791253,0.0418138466545687,0.0726315321540229,0.0295059193551489,0.0989594781171049,0.0442628351392026,0.118275331308805,0.0264028900825773,0.0710949433216818,0.0588547953973793,0.0342763434978064,0.109427469079897,0.0661559519375386,0.346295423886823,0.2198153130939,0.0020584913982527,0.0085135741880467,0.0094509140301079,0.0010346639267351,0.114021793235507,0.17984488031062,0.0691663291570382,0.133089881833757,0.196112775769726,0.19979631299691,0.0373483409776781,0.0813781128714466,0.0761284293820434,0.128400820319595,0.0474970922697139,0.0781071063296929,0.0282379699268026,0.025362094977763,0.0001998053827502,0.0056517272507952,0.0797577901839224,0.12441508739946,0.0783302878567742,0.0509126444902778,0.0367198554021232,0.051010161954916,0.0171761364272087,0.0006076962979639,0.0019831251107856,0.0001244605368062,0.0089431174764714,0.0050098163364121,0.121483531149554,0.14950672976904,0.0597827655611654,0.22847008575091,0.181417525103018,0.101944934943882,0.0065822724733602,0.0009239087127524,0.0254592081768058,0.171004036723649,0.202470090914542,0.439839598204179,0.266971270309635,0.341442013656585,0.0785556741401246,0.0949835350289941,0.0475613614522961,0.0600119445264995,0.0124721610939383,0.0103920085946821,0.0414005626724767,0.035116292029477,0.207352953439113,0.101960790343583,0.223466679882258,0.174324543272167,0.0651430881132271,0.052249557457187,0.0313498171424304,0.0157178162057802,0.0211937728796757,0.0063295497379282,0.0238772942647037,0.0069204156341798,0.0859628141204113,0.0458293614808369,0.0408226472616224,0.0349220000615303,0.0399670172069291,0.0665490235434845,0.130629415109987,0.0919229109620739,0.278019374105103,0.0940283885188645,0.247348094355673,0.104602147230099,0.114154843705058,0.110458070730395,0.115216797755533,0.0337254921905696,0.0494492647008028,0.0308351506979239,0.058961941203212,0.0882925806786823,0.0725912821834409,0.021221658642262,0.006290850045237,0.0039955607246396,0.0159247492194629,0
0.0845289385235846,0.163134538821599,0.0898696554335742,0.123504746694824,0.0784586767708997,0.0997331213665247,0.085555277264873,0.137983021236742,0.056821850327722,0.111013807715643,0.0513399124643348,0.0663811902675295,0.0704051601532107,0.0976580396876845,0.142180159462756,0.102899419752141,0.0941192539187856,0.0483694513845639,0.123513199345967,0.0739906690577255,0.0534320574837331,0.0310530071507184,0.0388814116706673,0.0180175033684714,0.0143743324008855,0.013820214893282,0.0084561594873856,0.0409253231658641,0.0479804295761103,0.0754246663038848,0.0313551327391518,0.0896276648749568,0.0583539155217397,0.179549694898878,0.0705415180467522,0.0529416246274469,0.0132776444560856,0.0220178532189995,0.0546605477078699,0.0968261674805431,0.0577123214691046,0.0684499105124104,0.0604077575831484,0.0649707502053652,0.0446738420625876,0.0504975743953793,0.0441189388095332,0.0458312706108332,0.0594176178149877,0.0702429709060158,0.0556874979104752,0.0551208697238582,0.0545168635669838,0.0869317702207773,0.0398616430816794,0.140480093162823,0.0251367213975647,0.0492370646944459,0.0996497398875011,0.113167855574272,0.105213176235968,0.143186018245323,0.0383735208635679,0.112087622344179,0.0261084066895222,0.0979590120907505,0.0233267319012248,0.0768589444683607,0.0775443556596569,0.0854056742097391,0.148232904593317,0.178660649462516,0.172135484798516,0.0724789137868233,0.0008471218786209,0.0053085833306312,0.0032640703262065,0.0001873249410501,0.080919394763704,0.207264363781145,0.0511106302003309,0.112653183182723,0.131293591345862,0.137844757411941,0.0310288581367425,0.0731741934859865,0.0424996778802231,0.0592926674971252,0.065126535714262,0.0901809244818626,0.0756176929611023,0.163443007710992,0.0794723321736688,0.156582807707821,0.0532367390191854,0.0413611846000793,0.0573668879242097,0.0651306089393213,0.0479573262613852,0.115423569008565,0.0763574705790513,0.10027723292596,0.0202923523747731,0.0369957883706505,0.0143770174796787,0.0102601862632398,0.0723209465427822,0.25024665433565,0.0256829845442099,0.0861476659133985,0.082453196679235,0.145931777564245,0.101667683392754,0.0014423465712183,0.0030623170618776,0.0502319707577824,0.043035398521642,0.0610071337326768,0.0641918941446155,0.0642769645855878,0.0236537101089647,0.0242698053568602,0.0071557414381247,0.0108075329319089,0.0097122150815542,0.0042759095535711,0.0121008410517659,0.0081051995995541,0.0754902005428448,0.048529414634686,0.0936470643617213,0.0743862943481801,0.016481188044103,0.010352941788733,0.0806138155091068,0.0545655291692301,0.0630046173361788,0.0252149997712031,0.106736249196523,0.0624682851245298,0.0696904346414553,0.0564811904096624,0.0123986444012367,0.0105910983793166,0.0286970880082765,0.0423921593697742,0.0431284974332641,0.0185271846963918,0.111206498742883,0.0471753235354827,0.103817863861284,0.0405933879725163,0.037335028739771,0.0144141487412667,0.0237503466130772,0.0077828058901314,0.0097492389173146,0.0076833700985406,0.0175317196065889,0.031108175446227,0.0191852614456178,0.0065843625293101,0.0062091506940002,0.0019977803623198,0.0093799687582194,0
0.0140371812156283,0.0405942110986722,0.0164023442481916,0.0310265638447789,0.0099507525777576,0.0223823946102047,0.0072787982694421,0.0217168438469267,0.0049484802777619,0.0178533023019405,0.0075594984477355,0.0168983049433517,0.0114719781333907,0.0163886075012248,0.0497534208442269,0.0497864337545173,0.016839207074365,0.0059055425924262,0.0194458108910141,0.0195687939977512,0.0148654185343658,0.0122474581184748,0.00625460314997,0.0047170683142304,0.0068573979099958,0.0148921735307664,0.0132574256501396,0.0344324941689581,0.0121814164965836,0.0212444526911381,0.0089255504432455,0.0321365267232164,0.008000644218269,0.0259222348331142,0.0077552509359537,0.0034941214139051,0.0035361879023463,0.0069827338048159,0.010108979811838,0.0077555656868616,0.0192414502738113,0.0071940176082917,0.0081840468298072,0.0023422676907014,0.012291808504066,0.01342073179431,0.0081447968617654,0.0066303842872452,0.0267277380212895,0.0211248946849398,0.0097303568467952,0.028684277954633,0.0067352795023021,0.0112034811014492,0.0051191893173505,0.0213217959039834,0.0060538900819485,0.0071705294776172,0.0189831339441171,0.0497294526596281,0.0209319672446369,0.0417685910937201,0.0139376355430409,0.0417960517465043,0.0043383916640864,0.0255669304112214,0.0043896162935643,0.0224205962762401,0.0200531613388736,0.018701619578805,0.0504404163610962,0.0399357374213328,0.0494554092991459,0.0187510067866848,4.62692949392048e-05,0.0002736192885757,0.0002258582747503,0,0.0183376917162807,0.0132805740588857,0.0050537596074756,0.0149279618793848,0.0155516145612722,0.0255359931863647,0.0033072862828289,0.0101530298320917,0.0086553699444109,0.0155392579023084,0.008745404928959,0.0206567289112881,0.0274165195155192,0.0518989575150781,0.0342886224389998,0.085312646871046,0.0237781155930647,0.0421592333353493,0.0315573003412121,0.0345300742335516,0.0131247548100296,0.0326538879980792,0.0583886409593292,0.0531614924587435,0.0197857904195685,0.0145189800274282,0.0063347552201825,0.0057005747572526,0.081467869741674,0.140032688019952,0.0323976132386683,0.0598877744395347,0.0580259506525892,0.0441929628164758,0.0129649290060696,0.0031872833322028,0.002783412380069,0.0543898841689432,0.0051184113034615,0.0122771843267732,0.0068151536488055,0.0052491833169672,0.0033498028767031,0.0044988237954676,0.0004827926879497,0.0008984164520738,0.0003726509383809,0.000175681520655,0.0017273577118647,0.0006738734078151,0.0151960793300532,0.007352941611316,0.0179215696873143,0.0116566318457609,0.0017488077345832,0.0005846702663058,0.0093549309311893,0.002176313013108,0.005824683158768,0.0056415552011968,0.0118121449110819,0.0062898888763989,0.0241155171976931,0.0115341819221833,0.0039510543395141,0.000858737706431,0.0015942826671264,0.0033137256861664,0.002055684644077,0.0002970885499521,0.00766801183666,0.0019282559842844,0.0061238052560139,0.002240370952491,0.0066760401245071,0.001571257263016,0.0124275069487032,0.0035595778877345,0.0044684011704358,0.001975308758793,0.0088765864534413,0.0073672619470384,0.0045216365081081,0.001516985484694,0.0051470591279212,0.0031076583413864,0.0001324854344381,0
0.0394521672036468,0.0705089323787911,0.0303699136211454,0.0510318437683174,0.0261619196092887,0.0350193678420095,0.0170208555912044,0.033773075200854,0.0154864366922188,0.0320218157331738,0.0130811300312045,0.0242820941357984,0.0101730576787061,0.0147353465499001,0.0636942145671068,0.054821126123947,0.0110505294808095,0.0052081457650483,0.0302139055301351,0.0194341853197058,0.026248331204049,0.0359395064318212,0.0234385082442718,0.0317094373272969,0.0279670248268468,0.0770373573392141,0.0311246864775166,0.0602472197333779,0.0129724737069721,0.0146586985705809,0.022061313139062,0.0414789344513531,0.0111254465305916,0.0221366469278382,0.0257096619946277,0.0073224573322798,0.0089283450839781,0.0047878258611395,0.0210347778155481,0.0066756833529658,0.0239935456669189,0.0221848381442481,0.0110606067147191,0.0081060251473137,0.0311022700274112,0.0099761888084178,0.0549225902973499,0.0627337418681941,0.0326716290555699,0.010190537687057,0.0550659608255167,0.107454594701063,0.0221889932949387,0.0774867333063878,0.022787607357096,0.0384642858648177,0.0334541328728972,0.0359869743595401,0.0344835076717883,0.104885041566665,0.108257851913345,0.161173038599222,0.0331836922755181,0.222856999840371,0.0123181286165795,0.073614095379944,0.0441732303007071,0.135068892847717,0.0906525163654991,0.0584436872085146,0.0668036638876182,0.0704269907490877,0.0310016584859792,0.0135232060959351,0.0001806471408796,0.0008891473340396,0.0001923977896021,0.0003151260690564,0.0100675387217456,0.0112764791297506,0.012961587840389,0.0339744450178724,0.0234668511627351,0.0435248714154245,0.0065799553172787,0.0289852769310734,0.0121503708003681,0.0295273982144958,0.0324721220184074,0.0528298277727446,0.068283771636705,0.119515660761536,0.0686525601194249,0.139753358825691,0.014853662931487,0.015565502483472,0.026220916583358,0.0235407998253733,0.0333761623553402,0.0445472198500542,0.0970395566019007,0.0877854939188707,0.0204100306135976,0.025538622504653,0.005498206512121,0.0112672393294126,0.0512288973651367,0.0796645749418897,0.0267362596335367,0.0174750612329757,0.0147501114428506,0.0402872493568082,0.0547756248282163,0.0046316471713529,0.0048146272849575,0.0186362055839189,0.0040234277907807,0.0168894840647805,0.0280982312447961,0.0166666676523164,0.0017463721861847,0.0047874512635171,0.0020011667177098,0.0028222407112613,0.0011383321633356,0.000869474644598,0.0023342671781955,0.0005989985847245,0.0215686287265271,0.0053921571816317,0.0185803932556882,0.011100818936559,0.0050476950520926,0.0013832442885772,0.0113782331252984,7.35951260471312e-05,0.0150807390694835,0.0004471964488753,0.014278938225846,0.0007227989662365,0.0191229764079807,0.0087307901294725,0.0076662248378633,0.0017031631177549,0.0029320141004624,0.0058823532890528,0.0010862424539725,0.0003119429774497,0.0146730471197427,0.0050335878067589,0.0177402376396435,0.0054344630370564,0.0097328682793426,0.005315320071751,0,0,0.0004062182882214,0.0007843137718737,0.0030726645415758,0.0039920689736942,0.0011747803264056,0.0001936577214502,0.0046568630205001,0.0028116908803019,0.0008214096935163,6.03318286056702e-05
0.155594722980588,0.121380878367397,0.137179417864231,0.118783907631432,0.175373068403117,0.127434143742248,0.229723935909868,0.163808192002548,0.214319398000924,0.139959990410344,0.233009962231096,0.189587551033435,0.259526092985641,0.202523545808299,0.178194618609702,0.184326761423965,0.281592343252977,0.365664395127377,0.154345092749495,0.160017329418423,0.226277659349814,0.240679989494702,0.301709375294686,0.305079633781011,0.334269181978677,0.265780225,0.250816639451285,0.171750191711234,0.274397429513886,0.229604012040677,0.217229036435835,0.129641225856253,0.309110067036232,0.258733536958488,0.311649562328567,0.268518658016756,0.281141760581038,0.179141070003058,0.366500484520547,0.268301533091305,0.297412203321843,0.394908826098217,0.58835787793214,0.330441591331985,0.182296724860628,0.185794597495062,0.150639423122737,0.158512691132375,0.232748855544679,0.232600823644949,0.125555515133433,0.138034089453178,0.200933711549711,0.202877168580315,0.2584396185428,0.23304487985789,0.388138084588445,0.347367406734921,0.130968132405258,0.102423418529713,0.0871141389409502,0.0575484053023674,0.182630803207468,0.11669145671514,0.25404647437212,0.188510699111459,0.230787503410001,0.170696525002151,0.182652933081931,0.190176421780425,0.0932509975350017,0.10347887374324,0.140663411132527,0.217044239670706,0.257048083581669,0.377891769704801,0.0532088634826612,0.119949236785552,0.163361665434463,0.194298775172811,0.246614758042904,0.205142467076326,0.132043190840867,0.092060880616578,0.313428236848647,0.249656021417461,0.315161685954274,0.191180198629657,0.335360467136798,0.260678489786047,0.302578867336403,0.242544331919797,0.301744173796558,0.188039875153015,0.178640437323552,0.243890324170512,0.368375620913899,0.485006632950521,0.507554663439882,0.504139524052104,0.404886063830589,0.283589463785953,0.446942990156723,0.408235020914275,0.367252780129569,0.38317581460905,0.0648148186478971,0.0941361505911633,0.140198437782893,0.210221030664111,0.218608298347703,0.253340218988413,0.244870643145237,0.430944913729006,0.412038000477491,0.0972820435682869,0.153195832843904,0.134402859998359,0.208204847645213,0.23151553656741,0.0392405479842363,0.0345474530234933,0.0789069908018942,0.062384977011724,0.134314461267237,0.104092789814583,0.147740438242354,0.135092899561159,0.097549025376793,0.104411770880688,0.25780001524603,0.309178650367264,0.356624292420551,0.325732639584352,0.0801477739924862,0.0559007550275138,0.0826701317633064,0.0794977687193048,0.199272624055494,0.198692822208007,0.3072117615612,0.344960274772618,0.463172664867602,0.442335792582645,0.186036294674344,0.190843148541171,0.333753833996253,0.245755362127304,0.288128984735185,0.287941042204042,0.246401732283825,0.206416706464714,0.423650379567684,0.501296809883843,0.0098315388305296,0.0101960790343583,0.0076087810139939,0.0071169212632985,0.0102145334760494,0.0106278922346033,0.0177738347225261,0.0124828539618172,0.0294117664452642,0.0206437304106383,0.13100159757242,0.0333635012189356
0.0397550989444496,0.0748777816260313,0.0541894181904137,0.0633565558877921,0.0438145264037777,0.0642064106396741,0.0294962993000122,0.0681498729843287,0.0344691791913419,0.0750731578294183,0.0352061975823718,0.0614416512308506,0.0427715949721136,0.0494302558659045,0.035410332970776,0.0214892380452746,0.0435696068168882,0.022703186865648,0.0553790532907889,0.0381300902789377,0.0396731595089562,0.0295114091119596,0.0253837582902702,0.0201756822038286,0.0293654206314717,0.0437300711030916,0.0370291705163402,0.0613516739260241,0.0538273365857906,0.0564861450342872,0.0433562283030697,0.118424078759841,0.0221340163789509,0.0766550394286149,0.0393702481082357,0.01391440453262,0.0074757553228945,0.0046707641041434,0.0254844120095205,0.0210022604967055,0.0207020141358001,0.018257639824282,0.0159380579835587,0.0117647065781057,0.0360745692498967,0.0270079353456808,0.0302519645070964,0.0362115162415342,0.0185446218089567,0.0187561818423843,0.0614647066464721,0.0800827101465533,0.0550534518940658,0.086496948983451,0.0345142859693762,0.0755318349948401,0.0245380410065178,0.0193588527077278,0.0607797831321687,0.0696278500245892,0.0491705863955307,0.070593534116059,0.0590747408671145,0.0727399999282728,0.0358069522861891,0.0831818592212948,0.0348198038076991,0.0554525952751123,0.0392593171588019,0.0340242640906517,0.0293885102919099,0.044908647932144,0.18484843958442,0.0636117087018208,0.0003809833434355,0.0014442299717406,0.0018419997074081,3.50140076729336e-06,0.042246189862231,0.0458953488044474,0.0435866750515391,0.0714241166896934,0.0724490772989843,0.0540087666396109,0.0453675406330143,0.0681551590388762,0.0412803556421611,0.0551509853056122,0.0368966014467333,0.0659219363487923,0.0475382881985134,0.0999305861479305,0.0747955403779461,0.164561866595692,0.0182417830857209,0.0111063755739363,0.0137655781561302,0.0091799326783476,0.0189593617249829,0.0336656855345667,0.0823278077848208,0.158370979476789,0.0236413763370797,0.0408285782122972,0.0066512109350999,0.0084381594461629,0.0589154446606699,0.145489588083696,0.0410024945487936,0.0300933110332137,0.0255992938624345,0.0482162704905922,0.0609308707956273,0.0038348263383022,0.0175456399828645,0.0621717473742527,0.0282403887340243,0.0542780780762603,0.132457651084886,0.075796573109983,0.0099996898490079,0.0183090206906199,0.0187194339602811,0.0110103400213011,0.010338152204616,0.001920586115636,0.0090382825139732,0.0048200667364553,0.0534313757088967,0.0176470598671585,0.0787451026961207,0.0488304799605036,0.0190779025590903,0.0070160431956703,0.0252117093625492,0.0156337074902977,0.0073241065461736,0.0049191609376289,0.0110373188058035,0.0134409850317181,0.0455429481324087,0.0253868589470339,0.0204481804809932,0.0105767860842094,0.031629102108739,0.018215687351767,0.017774080154115,0.0064579623545851,0.0370993235812632,0.0153322449154479,0.058988011915002,0.0136813457673468,0.0240131841797264,0.0093815234908951,0.0144711414247122,0.0034389142305232,0.0050464810421356,0.0022512710118597,0.0082214537734056,0.0098435784627296,0.0130662617598789,0.003292181264655,0.0067810461526581,0.0020717722275909,0.0042130368151324,0.0003016591430283
0.0379407060352175,0.0530996487956227,0.110499664303489,0.107594985439355,0.0849818633115445,0.0610303231444926,0.0544580484810868,0.0816444567478082,0.0452895459373577,0.0673879494005197,0.0482776923092535,0.0526388733063956,0.0502996775003523,0.0541631710999152,0.0544677055326434,0.0396109880274221,0.0535120408911305,0.0487044079888464,0.151224843797011,0.121413811689909,0.0906637813032945,0.0748127449411169,0.0322240652399522,0.0201960796257481,0.0441372575121932,0.0487441221084678,0.0887808223176405,0.0870907519430024,0.0544117679237388,0.0786629314983634,0.106317812597868,0.123041830388792,0.027964395161458,0.119631667648729,0.023584973766017,0.0137479648193422,0.0066721725031697,0.0437342724137342,0.0795227472763184,0.14101998927084,0.0412466442452911,0.0797750861284734,0.0489728192954896,0.0499446582351436,0.0357365553706874,0.111306388350729,0.0115774587553498,0.0207985664426079,0.0408336867239084,0.0698346162356598,0.0395454764580487,0.0502470090634487,0.0726213897555242,0.0986357279962474,0.0828124072228773,0.182522959306286,0.0327212801388922,0.0598642749041397,0.0550602827636954,0.0508063967104336,0.0455466959471578,0.0439323370080252,0.0368230027305727,0.0525872908131441,0.0291569113034283,0.0446336717100549,0.0260376459241067,0.0556739109834286,0.0228976326288748,0.0279781117347699,0.0237416255555693,0.0079316779247426,0.19209567686488,0.186350377661952,0.0008569664094591,0.0030144263275979,0.0071571977731991,0.0001838235402829,0.0715904181771394,0.124765736963525,0.0434092565126598,0.0857874400728511,0.110568023628985,0.127643329451448,0.0448804194101197,0.0623389583204551,0.099968841128261,0.05894948892487,0.0846786202038857,0.110024426733074,0.0868219601939582,0.143823315774091,0.0343737726604051,0.12954236782661,0.0360834796425907,0.0541157557815763,0.0296305028416423,0.0399899820966968,0.0182585028275958,0.0422644626010666,0.0287623613456893,0.0476334756817965,0.0104923268567764,0.0068217542349468,0.0141993284418909,0.016571536887341,0.0494689571739097,0.0884418599596745,0.0673343717819638,0.0656841284114961,0.0162649279853322,0.0163971258574002,0.0398019024953438,0.010128702285437,0.0139903095945577,0.0582895692735162,0.103157632787676,0.232419799841327,0.225033327604834,0.301491030901767,0.0518007550599635,0.0674949059523642,0.037810384970397,0.0349529489297321,0.0183676153925436,0.0170291968919733,0.0175350150426051,0.0172118499579446,0.0990196136990562,0.0411764730233699,0.0815058871731162,0.0739424159831925,0.0268680461040522,0.021333334594965,0.0176072758352519,0.0276297130359801,0.0080161481095916,0.0084623328017953,0.0206989259552962,0.0249903897900938,0.0865249411783778,0.130026504774955,0.0382279250088071,0.0676255943814469,0.0677845009850669,0.143411773187108,0.0242418947658063,0.0164327104192291,0.0702927145426291,0.0393094915525131,0.0711335319980463,0.0273507355320736,0.0539979169309662,0.0773794894799128,0.0151891751595261,0.0033182505733118,0.0067650968769186,0.0021931736954246,0.0093194930540288,0.0094734528625195,0.0209009478215915,0.0050431698294348,0.0083333338261582,0.0056233817606039,0.005935347462828,0.0006033182860567
0.0221614240192223,0.0405566598440664,0.0546633079796824,0.06363311600146,0.0481920309370556,0.0652744531461518,0.0265754294306487,0.0562958168655566,0.0323213487973788,0.0619700404010643,0.0572523760793963,0.0659543719177041,0.0348029313270834,0.0280126266916259,0.102186367313369,0.0511956183467493,0.0786795777480908,0.0411927914220401,0.163820360689532,0.081353717805277,0.0696023930551002,0.0405889248852694,0.0433673964706228,0.0389590758663108,0.0463502701207868,0.0619809957402616,0.0503419230409065,0.0773602079155993,0.0449614440256441,0.0872260720558081,0.0535906272361807,0.0787781648591106,0.0308375036705083,0.112014518643921,0.0957811877920699,0.0512901332478377,0.0054525052985281,0.0105882359202951,0.0359520975566172,0.0564388790994589,0.0332817093342193,0.0407949688090254,0.0344229075615823,0.0395596165077633,0.0137350431020001,0.0225748345999008,0.0193190765701832,0.0221541789924844,0.0293832204189609,0.0233512375276009,0.0330659882328695,0.0477693157872977,0.0595318775259994,0.0740060605646091,0.0733246902149496,0.106731404634713,0.0296495402175949,0.0457618896691983,0.0278351285026391,0.0511970918554276,0.0282547612018888,0.0380846195375435,0.0315169854452185,0.0559209888016798,0.0092805519413739,0.0453649926504576,0.0128779908322998,0.0468945882330528,0.0289943772426869,0.0229480841124336,0.0524644284577125,0.0322773027813489,0.261200346777637,0.143636079570049,0.0013034158829682,0.0047470408783602,0.0068895138920135,0.0003658963801821,0.0453464079104985,0.0918930678803242,0.0329680367245816,0.0728471055809591,0.124936300972187,0.0900836097707249,0.0286496910318049,0.0543493955000003,0.0497844465229574,0.0642945674576003,0.0670261988168022,0.103018357093189,0.101909567392673,0.135723602600337,0.0801219584828699,0.156542980721295,0.0334594887146309,0.0741593299516823,0.0406570830144402,0.0689565297777296,0.0374814824120006,0.093226833849131,0.0462611054675256,0.0705395870459875,0.0118506922228096,0.0144034398703931,0.0078346763359853,0.0041863595873574,0.0457550408322681,0.106754846614273,0.0368364154008313,0.0507030473741715,0.0431645315221889,0.042950956506568,0.0381392785846064,0.0010328411810682,0.0043018934254711,0.0183210795148625,0.124802655712762,0.134692521334562,0.4169807975515,0.308272077054426,0.0377365548559206,0.0424533358439803,0.0678907026285284,0.0479477657977025,0.0573300178015484,0.0227403351397097,0.040056024777836,0.018185222658122,0.115686281351373,0.0573529445682652,0.152513734509703,0.0862166177280665,0.074841021914098,0.03130124962296,0.0243705612593803,0.0139199924123431,0.0176182248020161,0.0083591336212856,0.050442760731394,0.0132103045105788,0.179257256977903,0.0957366246336794,0.124089643192877,0.0562473197712352,0.202510548901318,0.161549029161688,0.0411750130200716,0.0158273924987015,0.165574485196103,0.0621043670230673,0.155814301873911,0.034298092746818,0.0715255458266945,0.0475617601225513,0.0116542398496728,0.0013273002293247,0.0075306621124129,0.0028903414926457,0.0099561712923733,0.0122405823498043,0.0298258976394648,0.0055676594916961,0.0098856214996582,0.0038475769940974,0.0151563336997217,0.0006033182860567
0.0074079948326826,0.0263366231626848,0.024235919619864,0.0319492915545928,0.0204842588150587,0.0364222768251616,0.0122671812007415,0.0285624202233996,0.0240888065789149,0.0404684119793172,0.0125644368368958,0.038070962901184,0.0057483928143527,0.0115127951299644,0.0270347605419756,0.0180241656031079,0.0100385117106499,0.0079393303845823,0.0394201554192409,0.0272745665467424,0.013779351219871,0.0139242036821768,0.0105162024077962,0.0162916182815379,0.01186185453394,0.0278977630088172,0.0154052149153863,0.0502768729805851,0.0099007510091465,0.0330720721386454,0.016778641382438,0.0621323566156207,0.0047170162565023,0.0195086972875452,0.0041786629538325,0.0031708100457332,0.0015256427446949,0.0005721393373183,0.0025077843778794,0.0110755302325771,0.0028895506741129,0.0193562507116735,0.0026760251136941,0.0103079544362939,0.0213971252168448,0.0136406747011862,0.006557218935956,0.0111013583344256,0.0249555445522646,0.0181472730254704,0.0257299128126579,0.0411449034226797,0.0677436006792598,0.0786052122226054,0.0823888902884104,0.14757232380093,0.0045529431441109,0.0188100588924697,0.0072715781258602,0.0365555765234378,0.0108467461193177,0.0298719595506109,0.0069510889789144,0.0376703863665739,0.0085222310522663,0.036867018490348,0.0203542127945871,0.0399411900243608,0.0062615327610347,0.0106215662528671,0.0086945309579421,0.0159724186197966,0.0114865372863787,0.009934372929646,0.0001112431984708,0.0012933471599964,8.03051643556702e-05,0,0.0014052288412737,0.0116721796020061,0.0061767698535709,0.027165853620719,0.010979629855092,0.0631902349864565,0.0170844551886291,0.0365436806441164,0.0112712641388474,0.0686096973029607,0.051637104769452,0.0635626005717193,0.0598530765398834,0.093930867174548,0.0996467230804085,0.130386144215576,0,0.0008548830665652,0.0010919390623975,0.0017848603911324,0.0067426561387357,0.0122909505329806,0.0511747977306318,0.0668796397046245,0.0089253618753434,0.0099657633242684,0.0011417225793098,0.0022479945099285,0.0082141889389378,0.0289986451975006,0.0019184653412738,0.0002343481390741,0.0011934248088943,0.0093163686076171,0.01484485634587,0.0015875898623061,0.0003803245661025,0.0019345239239295,0.002393684888186,0.0012032086273062,0.0047020752828351,0.0064746735855199,8.70078669273532e-05,0.0003639215901494,0.0005007403715166,0.0009230565657382,8.73400636830415e-06,0.000759301487577,0.0002427637865323,0.000205905763499,0.0009803922148421,0,0.0013372549810446,0.0017369153412557,0.000635930085303,0.0001996435055678,3.41005987771179e-05,0.0030699681151089,0,0,1.58127776587442e-05,0.0014148405296545,0.0039562022800015,0.0051801804865307,0.0014742740072814,0.0011592959036819,0.0003481766744299,0.004235294368118,0.0085731393679122,0.0031899883051113,0.0228117097644848,0.0059496796062758,0.0109333987992395,0.0035463343156015,0.0023160537750781,0.0055782919986156,0,0,0,0,9.22722084557309e-06,0.0005023133145708,0,0,0,0,0.0028351882969759,0
0.022203548074965,0.0535201068587759,0.0239903182847291,0.0353949130814146,0.0236553610355976,0.0576086332786176,0.0194420843414432,0.0485038361387305,0.0168351059351748,0.0506690944359767,0.0168051751519563,0.0268867517134454,0.0155562841620245,0.0341078525201899,0.0230830538688298,0.0206546021592945,0.0154236632312936,0.0067540993232751,0.0411297798781109,0.0317235441514899,0.0315123147164246,0.0192533683733689,0.01271460537312,0.0100677726706709,0.0205472382917916,0.0288592104465609,0.0213937958033385,0.0323211711198652,0.0083575410413394,0.0243691252047526,0.023614015530081,0.0629928072297108,0.0072640309072251,0.032167942524956,0.0043274138591757,0.0029502996769387,0.0029411766445264,0.0013257243979805,0.011926176755121,0.0120434861825375,0.0105161600509218,0.0061023352877895,0.0060583782548995,0.0050126505178219,0.0491859040185838,0.0162275720526007,0.0322150049346452,0.0274471953883456,0.0279598968287737,0.0235820559555736,0.0808866639860352,0.0645286107295514,0.0764747965834168,0.0779070682907779,0.0709930028857076,0.130841221877669,0.0213151449013817,0.0189229714191989,0.0276251704062694,0.0673624080089168,0.0665731416667358,0.0880246164903439,0.0270439209243337,0.0704614080594278,0.0200293505038609,0.0669733535842732,0.0477312265995843,0.0658849309265404,0.0324099103244966,0.0323895764282932,0.0279833299009557,0.0254274571750176,0.0304107032795548,0.0079724391538716,0.0001988595229301,0.0010755591259193,0.0001940708138595,0,0.0103769069317625,0.0194208216855777,0.0122373956816903,0.0472916733650405,0.0164621967468085,0.0307028360136886,0.0242861323192052,0.044619964481534,0.0269426064498704,0.0129581916248175,0.0628313456275464,0.114077881359888,0.0524037152562663,0.129324766252483,0.103317758765551,0.196708265080939,0.0094146487689987,0.0119683629319135,0.0085119830741961,0.0126608374411496,0.0075037044046846,0.0356455862469917,0.0537715801868675,0.122332385878954,0.0143983091944463,0.0224262595245194,0.0095275169785292,0.008908359915086,0.0299053666923202,0.120483420616449,0.016833592945491,0.0080129863699926,0.0153272897167012,0.0139131132375846,0.0092050743264688,0.0032114905473841,0.0101476228674178,0.0328300089443344,0.0013496308412112,0.010539216309553,0.019093852261877,0.0067810461526581,0.0008327895834475,0.0033819609843194,0.0012724907648935,0.001675527729184,0.0014731357407873,0.0002352345785042,0.0013632120320662,0.0003743741154528,0.0093137260410003,0.0034313727519474,0.0145960792945698,0.0052223254593756,0.0020137786034595,7.13012519885193e-05,0.0056834331295196,0.0023760712123788,0.001528258452548,0.0029583765079447,0.0003478811084923,0.003521722622727,0.0109068633901188,0.0048012721440377,0.0051599590254849,0.0012165450841106,0.0058823532890528,0.0026666668243706,0.0037638885031467,0.0019236483609402,0.014516684725031,0.0064406321891712,0.0062023986815013,0.0027563184501706,0.011253723434518,0.0046250187637314,0.0005523336421645,0.000542986457451,0.000828060356759,0.0006390704807859,0.0020761246902539,0.0016215026294917,0.0013100068387976,0.0001291051476335,0.0019607844296842,0.0002219755958133,0.0002914679557638,0
0.0201597667433719,0.0412453411544036,0.0201427317947557,0.0339247072765976,0.0234415324251716,0.0374897141512598,0.0130681181932137,0.0196411313806205,0.0182031581796105,0.030199361864719,0.0200607036000131,0.0264632985542887,0.0123248598223146,0.0124534118529948,0.0228339602716261,0.0201927303313828,0.0180273671779385,0.006353869124312,0.027257328339453,0.0205050823453839,0.0132612023441547,0.0104286931217817,0.0070531855409329,0.0034840112601269,0.0136434945680032,0.0070427208863297,0.0187558104306708,0.0169223563626687,0.0162119178242679,0.0282452569917756,0.0311087905328844,0.0384517127454177,0.0187039627769157,0.0266057399139703,0.0068033966706935,0.0055648272585081,0.0059808160060942,0.0055911621685251,0.0048872341525285,0.0008954110714837,0.0083538839697208,0.0036297029791549,0.0047682712267322,0.0009665560343907,0.0184724476441359,0.0047868532295341,0.0049722192934203,0.0048210649469326,0.0154878571562842,0.0114641950513823,0.0108664921880069,0.019509666307883,0.0154891460380734,0.0153914100954507,0.023336147740852,0.0287976582783333,0.0123982038429582,0.011922200085216,0.015407045023766,0.0328696813353849,0.0278621295497462,0.0382646375499898,0.0086891116303183,0.0371448378261269,0.0024349789125796,0.0124436306701468,0.0085531489604322,0.019072601629322,0.0145472086323048,0.0077674688556007,0.0198186031866161,0.031554908517781,0.0413205029010863,0.0151029822967563,0.0002564500283332,0.0007880973775504,0.0007495148673195,0,0.0220043585997903,0.0191688333251364,0.0094446015696802,0.0212485420610318,0.0325123998780412,0.024092882224383,0.0100607246012974,0.0213051302519097,0.0135664207477659,0.0229091313084048,0.0516608486434052,0.0858738963836813,0.0391701152329496,0.0879420702443444,0.066724386412832,0.146863402129645,0.0098327572135638,0.010843516791696,0.0092431378015317,0.0110234344156641,0.010241452558351,0.020869518957726,0.0326663334217145,0.113993544231364,0.0053552690802784,0.020277297559664,0.0082633863954099,0.0056708842637253,0.0158020161850598,0.0719848359256262,0.0288804267796663,0.0192724469601863,0.0311860552130274,0.025718779598251,0.0153729542141742,0.0009864440186374,0.0116435661607545,0.0472514033546239,0.0028775148123938,0.0163992879573594,0.004873405961157,0.0032066995360461,0.0025045835979802,0.0077678435966372,0.0004020281118986,0.0008908348786385,0.0010160560741793,0.0001071955041285,0.0014098973756301,0.0013383874627439,0.0117647065781057,0.007352941611316,0.017364706909284,0.0118226037561475,0.0021595125813414,0.0012834225357933,0.0128331920064554,4.20543577412178e-05,0.0174452144111616,0.0017543860686648,0.0095351049282227,0.0020453672874353,0.0061167949056455,0.0027742449971343,0.0010909627653882,0.0002719336070365,0.0021440353109631,0.0009019608376547,0.0037814085427269,0.0013071896197895,0.0264572989971873,0.0046084485901375,0.0107899860537626,0.0034387302920213,0.0115288682041421,0.0032148318059199,0.0055233364216458,0.0011463047435077,0.0026404188734393,0.0016557735184,0.0040599771720521,0.0049966956028359,0.0022227857974438,0.0009037360334347,0.0040849675618422,0.0017018129012354,5.29941737752508e-05,0.0003016591430283
0.261405346167819,0.225996933872562,0.297655934179144,0.258015476613037,0.360759428270561,0.270652299553265,0.351869188514803,0.274223551235311,0.360217576098642,0.264542499304904,0.421548177360435,0.321179406080865,0.371583037772454,0.368224930071846,0.273216862281405,0.305273709141145,0.463444890857325,0.562548451672259,0.240795567087211,0.28920215062757,0.348983494417469,0.421138012811115,0.460119239215033,0.532373370081202,0.52479058362025,0.43725019162532,0.403149229347964,0.29187622762195,0.434390695537609,0.349003026476599,0.432927765226675,0.197585535256138,0.442269280466336,0.362458202447926,0.477860389303099,0.425167132386303,0.440711710304972,0.255899927337348,0.457289852845221,0.393949780790637,0.454266436905353,0.586165852582524,0.641911802667892,0.603180380390005,0.421067167436087,0.323068736114521,0.32329706311786,0.347317367422568,0.429035076147183,0.428660298155307,0.28403742385421,0.367104499736357,0.445917811555642,0.462492784225312,0.455915719488073,0.472852384275592,0.596259132231391,0.583687290199339,0.243926469899839,0.196190125105379,0.204580556180725,0.166323627492093,0.340018209648143,0.23613420741907,0.440435738548481,0.32907058385687,0.438636503549462,0.334557164561088,0.314269615313164,0.311962904675634,0.161756357768842,0.155099572921375,0.270449784804549,0.314221451587356,0.523390388727615,0.61024483997622,0.200274387806012,0.460707310158926,0.281237489398983,0.36064259160916,0.38454155276804,0.337000069870224,0.239413304766731,0.216956840404685,0.50799274554197,0.458384837144924,0.392462690395923,0.260500618342788,0.586289097172539,0.482389214171338,0.471935125421683,0.375171072480464,0.394779978623611,0.157798457005866,0.246388422875658,0.31052857761413,0.445487608045029,0.573091058919918,0.611340522761921,0.637060772832697,0.339044766154331,0.139499347311316,0.471986374120592,0.334282736321966,0.473214676330387,0.46096308986541,0.0554364139538342,0.0773338311858499,0.273343694164045,0.299441022180601,0.353843453035627,0.378309836864692,0.523605246247469,0.599532029323219,0.5210446555605,0.108237051218956,0.18220016356352,0.160004465790487,0.198001153914041,0.176511448347204,0.0608371435251329,0.0928313780389726,0.0722466054302161,0.0685867040817355,0.131100346923701,0.0628046548077462,0.199785259247403,0.130272832824704,0.17843138310127,0.176960794779006,0.446521595034283,0.450972699203646,0.367912051434679,0.303500909214331,0.148542208273126,0.119896973920212,0.165167253135758,0.104575169583162,0.393168903707016,0.264928889177813,0.447373214862993,0.444573423217957,0.47468674486447,0.319078307119572,0.224995432034239,0.142549028038047,0.431527334880167,0.405046815397906,0.394438213275699,0.477348127963602,0.4024412812947,0.398321584826244,0.621603435252232,0.700422440054815,0.0875448822830869,0.117948724924085,0.0838059576161473,0.0929847549543613,0.0972549077123404,0.112377182235209,0.0777636962824357,0.0637295285006027,0.0855392207449768,0.0523122487466712,0.182564928655739,0.0765007586719898
0.307166112056252,0.270912148990598,0.292033475417681,0.263945166436068,0.34304721919809,0.271699160746459,0.354994070636966,0.311901026168112,0.3759193579373,0.280804658314416,0.430583683989115,0.333995734742969,0.386906131478519,0.380695651629611,0.320381170942047,0.358691853069833,0.46846494735962,0.548360033460089,0.256795751529304,0.306398524101683,0.338397576531618,0.422423632275087,0.43468082290809,0.500319808506682,0.455360098230779,0.390328714946861,0.32560418868891,0.233430175993155,0.422504952883597,0.326526530093012,0.370672859584199,0.163013672552436,0.464553152275327,0.364750769327718,0.467176336585712,0.394905143822811,0.429872341519277,0.205313152323456,0.483414885947916,0.382751442442353,0.455735521558575,0.572323008973045,0.690236226203111,0.624851792171314,0.378307217704334,0.350194676756347,0.319229498968116,0.331045541719137,0.426568652677815,0.421471678804348,0.282240995074013,0.277803813106941,0.372756230193839,0.341815755088184,0.463382224065826,0.418111010273557,0.568890946440104,0.526481326592592,0.276715828588862,0.221351302756239,0.180334483436957,0.124255226987938,0.318715612973375,0.204049869928661,0.408115579274792,0.291341873120954,0.374178849669802,0.281815197076327,0.315250007528007,0.293035329463852,0.283917660942405,0.29511740651383,0.317334909848138,0.327810170410426,0.377521514166352,0.548511160621868,0.0731529856552433,0.232170882077688,0.289986945254107,0.392233663640428,0.395217409107536,0.353984015041288,0.303667142395889,0.257854876177203,0.471114762707026,0.409656186532805,0.400949900351166,0.244166392027012,0.52363789861447,0.39983781932092,0.393831424464397,0.323222873211392,0.307187835215453,0.215277134444386,0.35188511308233,0.462423064194818,0.551851884487809,0.664361474920823,0.655723526521025,0.651209826048069,0.476070918048768,0.308970422913453,0.641132606470642,0.57485412207866,0.609124790642934,0.581532548509374,0.184099275593326,0.231532878410833,0.314082869940507,0.365385298526299,0.391279692902524,0.435970640443818,0.442937665167997,0.62368679553828,0.629183607188993,0.199794304532718,0.392156885936856,0.270521406372692,0.359661167281797,0.317973875013801,0.0908672873103451,0.0882258875705302,0.203178546587495,0.111145866560354,0.287998037323917,0.142307987036403,0.345144744967997,0.217717266841603,0.284313742304221,0.262745113577694,0.498278460840229,0.494704367684596,0.630869141707474,0.468420705063777,0.174742835000211,0.114839937401831,0.251412932976724,0.152528388793335,0.432938039518758,0.328812014831997,0.447666266883734,0.455349788455154,0.678564097331417,0.537856050127995,0.335477388357291,0.230980405816808,0.401424986874783,0.352725808144455,0.397787495770423,0.42543726795828,0.351793085137856,0.325735773227556,0.643542451168638,0.665154617513184,0.0825186461393892,0.0523076954011161,0.0337629892633285,0.0268845331803378,0.0378592871293864,0.0398942521940708,0.0772312418898921,0.0429193925164226,0.0875817045258979,0.0656307844954701,0.293614219801777,0.120723989039946
0.0093899108018814,0.0171967347829675,0.0228408235112694,0.0273122238119381,0.0250453557666473,0.0267608746561201,0.0076320417071598,0.020844722251951,0.015857233510525,0.0250932093854645,0.0159115006760191,0.0246124436864518,0.0025660873153661,0.0086290719736105,0.0223430792138919,0.0099889603247781,0.0174428948897925,0.0067678411326816,0.0369870329622522,0.024820370102653,0.0186894935921193,0.0108284091065713,0.0097878124171916,0.0067554945434793,0.0216488426350142,0.0617402391979694,0.0873976504569716,0.185180657284002,0.0225948417415338,0.035211109698301,0.125154282309429,0.0609225109036878,0.0041371179550429,0.0101609067712834,0.0020605409791079,0.0014639129326932,0.0006871215415038,5.99941504604892e-05,0.0043170918988327,0.0103417906045557,0.0026820443464316,0.005465773204831,0.0051069521736777,0.003077561851833,0.0114421063054628,0.0041438824083548,0.0045049054500537,0.0047739042259237,0.0083548603377967,0.0061082697559512,0.0145763365207441,0.0165664081512232,0.0187122792797627,0.0204445422285277,0.0105889652237493,0.0363334940894859,0.0040610486526018,0.0097998339362467,0.0096855294606064,0.0201126578136926,0.015949770681657,0.0226904321496757,0.0115163031562822,0.0138224368550569,0.0026851506521154,0.0129112290846726,0.0070750384472623,0.0143981116940002,0.0067592318701,0.007598715279876,0.0135216362885437,0.0152066337916962,0.0034882429182561,0.0024308669805288,2.65802332629475e-05,0.0001001271258363,0,0,0.0017755992335474,0.0057662024041619,0.0028843856320813,0.0136471470262792,0.0128007942261645,0.0186846049913861,0.0041909684198209,0.0119045720131557,0.0068374241155646,0.0078460285129679,0.0141533402977984,0.0355526544257767,0.0261336859067016,0.079529320205919,0.0482617996531266,0.140681420232655,0,0,0.0002736383604092,0.0036158367923707,0.0043139572428768,0.0280845502435559,0.0553754012973016,0.11619208295285,0.0072547465246148,0.0209849810215041,0.0004704528810001,0.0003453792104202,0.0054227944383455,0.0977062580904941,2.82127256069681e-05,4.29996585457079e-06,0.0004857732853992,0.0046614875120796,0.0005129371639509,0,0.0003183457479228,0.0011204482455338,0.0003565062599425,0,9.51837101788486e-05,0.0040032682106054,4.97187811013447e-05,0,0.0001812716040257,0.0005875719412297,6.1138044578129e-05,0.0002024803966872,0,0,0,0,0,3.85981186945725e-06,0,0,0.0009548167657593,0.0015980655941662,0,0,0,0,0.0007619352539262,5.82935911527759e-05,1.47427400728141e-05,0.0002289967217149,9.16254406394524e-05,0.000490196107421,0.011528186043773,0.0096256690184501,0.0177385318680649,0.0086601312311055,0.0088705239405717,0.0042167901548322,0.0037492254322413,0.0020709039240588,0,0,0,0,0,0.0002555629144307,0,0,0,0,5.29941737752508e-05,0
0.339525311193925,0.275887617733091,0.30697388778411,0.276419347247681,0.3657281699993,0.277300811202805,0.397359670633829,0.327771256542252,0.404313904464911,0.29560899096448,0.48102149108623,0.339893231390031,0.486255188715356,0.431270926051467,0.290218470636835,0.335748566427556,0.492365860709941,0.567945547316646,0.254963741879176,0.306878383365227,0.347260649405713,0.443267274702555,0.421770024022493,0.472429294947804,0.418831575571411,0.347635081024194,0.292432407857603,0.174861575337504,0.397387373502813,0.288954440212444,0.314053965024508,0.125667508474819,0.519537431261016,0.442112023487364,0.515720904113981,0.423747944563728,0.476561667958071,0.267743650601426,0.555853983895107,0.507603251011552,0.478124151135552,0.598500000751847,0.737762966981708,0.637630493116787,0.389591497362279,0.384638526187195,0.331726115710556,0.354608690281617,0.501926652361141,0.483243208459158,0.288770723017376,0.300029852748941,0.38511292551668,0.3610658823972,0.456902883806418,0.371357503275766,0.603404870983961,0.543960964437359,0.322289708316882,0.239403162286261,0.225601304705834,0.136584475347723,0.397141381051221,0.240084204008088,0.492404331605615,0.331324144989011,0.437042216976733,0.306772949917689,0.338646589766221,0.331311613143562,0.23429593385486,0.237801402561315,0.394097271285147,0.375076453692109,0.453632535435177,0.607956219957104,0.12287024751269,0.383076003046881,0.376115490652673,0.475891830647892,0.451847229017337,0.386241915332792,0.35770430130991,0.277442204045036,0.51697418567446,0.432786127107034,0.400662924616755,0.237410192939052,0.489573864737213,0.378978782879214,0.424528849313566,0.335376515598294,0.381962152741864,0.225797710798036,0.305302065344757,0.34170694452382,0.543604825176557,0.657942809514243,0.671669657982386,0.651231946318098,0.507474472780083,0.299732888402258,0.586502887018485,0.543644049549542,0.611105882391222,0.551911736752539,0.17491490685845,0.181424970650363,0.287619333321171,0.321091350258365,0.435947246775136,0.488317242556508,0.413657291493794,0.573362012444315,0.587623992380512,0.180834219377825,0.445760148592511,0.321368111697004,0.554330891339579,0.565236961532113,0.0895373099158841,0.0764172594211996,0.183603008121073,0.116894594617611,0.244662809059848,0.132380492292944,0.330466872951504,0.205812169970202,0.284803938411642,0.225980405521113,0.62310199763393,0.60668522964129,0.637162199843285,0.462431399896741,0.180687706053689,0.145571159321226,0.240340267962037,0.145579643972349,0.484930452460709,0.353802404622091,0.609002060738693,0.622474864581474,0.726654915448936,0.568341238706298,0.385046751743235,0.32350982305361,0.455339988676258,0.415199816592521,0.473700656590963,0.445428645320651,0.442879624311689,0.351672021680429,0.69646700114118,0.67637037019396,0.0775476433599079,0.0415082980807011,0.0344348118169255,0.028787220293587,0.0532687459414934,0.0750033091282828,0.0742731619313167,0.0393851390999546,0.116666673566215,0.081095084337131,0.256120841855787,0.129351440530557
0.231793247167027,0.209571522157172,0.259861311015555,0.236143607180963,0.286002944821274,0.243139589138972,0.309784577616124,0.283938123843066,0.310612017221804,0.222098034118963,0.35106110858719,0.277402201535628,0.385033165582249,0.361773934566521,0.299530370143668,0.287897900768266,0.470191142227076,0.541629982303275,0.266484497252753,0.267961314705771,0.364552504583071,0.388811984694512,0.413307236998952,0.457749072997909,0.391854746881555,0.331097079983004,0.254209283391134,0.205198511287978,0.394664926338318,0.322236221915762,0.313011365181821,0.142086470647321,0.464254760565159,0.400572196061205,0.473185721632639,0.378963868503764,0.450148250057551,0.24719053261684,0.465934029911171,0.370374767996526,0.421036353541547,0.563166907828778,0.689262518480642,0.628360252214348,0.347072955102383,0.297928076537518,0.293347080039201,0.288881447465295,0.365571644063261,0.365900916779672,0.253776965026771,0.264179969,0.338030227479578,0.297378706907969,0.422149490490276,0.366617619175395,0.571965870831567,0.527587674677768,0.231648518425088,0.180920574059513,0.14128092750253,0.0999909608912142,0.283251817675925,0.200282831292004,0.390210932281123,0.274408503027214,0.373215173434753,0.273790474155697,0.284578292584416,0.268721602535767,0.184944196172662,0.186746539799043,0.32624374503118,0.354946231597323,0.478392022719612,0.599192558662129,0.0936224374446522,0.329688394847575,0.268610037671816,0.402427380283907,0.389200550789008,0.336626921543945,0.386916937507645,0.270725271733034,0.466594583263221,0.386045500218389,0.530482436254673,0.290306358744648,0.500037407022683,0.394781509177181,0.405080888418644,0.356805934554134,0.387214549681675,0.298182332600809,0.298915098415712,0.373929642271059,0.534052319165009,0.649780845058972,0.652918354699691,0.660981523605585,0.528878864862073,0.412379770293572,0.630650151077608,0.587636389120654,0.544871870486665,0.532912850537227,0.134718826049923,0.170696150186053,0.247557262959276,0.338314863488848,0.384021841964677,0.416251808349068,0.44152013931097,0.625911842067027,0.575487412893328,0.146336668318067,0.330863273959583,0.224888605100039,0.380544473295037,0.385477963973244,0.0891582042099864,0.082873730391264,0.184277841023189,0.112756950915339,0.262063861080966,0.144791349548714,0.317563043990439,0.210781986352839,0.269607859081589,0.259313740825746,0.527941207692493,0.514123081199836,0.59436940451977,0.440527655285868,0.157351529623881,0.12639437219123,0.224971178241129,0.168180264503973,0.408048727483894,0.338854306852262,0.504755464633332,0.547962406544783,0.670101764529621,0.518505827143081,0.372787267785676,0.277000016381498,0.429328569912852,0.404140695320552,0.417253050288079,0.423255592690066,0.366656155211462,0.305189842571296,0.650681097334382,0.683763168487941,0.0903065504939099,0.0811463094746264,0.039246936154318,0.0472766912490543,0.0413287221673219,0.0541793378593212,0.0702248182165806,0.0557088712038695,0.0793300700509765,0.0425453225308854,0.281770021963009,0.128687790415895
0.0110971167573921,0.0187981000614253,0.0251730296322029,0.0365381620990148,0.026863007718549,0.0218054559817174,0.0163370367438579,0.0203797542501299,0.0151650665276857,0.018446505680656,0.0130052520096627,0.0240140006125178,0.0083551644220352,0.0085594648629399,0.0265655695774901,0.0180832951209158,0.0106438008200175,0.0035436691006909,0.0439608590011844,0.0247140154645387,0.026073796845913,0.0097374937039578,0.0087021316018118,0.0075305965764216,0.004272727525412,0.032739732288883,0.011209224758861,0.0251913897735016,0.0129724737069721,0.0270228249877077,0.0167587349415275,0.049843557390751,0.0055383189919177,0.0249936316985476,0.0053237166122803,0.0037344354384238,0.0002784483288374,4.24348869110777e-05,0.0025330305293346,0.0052025041421855,0.0106038740783233,0.0100278014660333,0.0045855617685116,0.006402198354584,0.008174204620339,0.0060456641899669,0.0050112158279357,0.015553743484274,0.0055830879805127,0.0064249790670937,0.0178709854682059,0.0323713297803025,0.0202673945265215,0.032541264377961,0.0109015238469721,0.0441072410548975,0.0234521366802039,0.0254707299088734,0.0150133263619473,0.0305847494404743,0.0209450233152946,0.0428264175271513,0.0138534989001651,0.0343920860050478,0.0048500533653834,0.0185052755445887,0.0124588376389978,0.0273150029583844,0.0113967816085901,0.0168010399390367,0.0135063744379049,0.0175157154556007,0.0044853252906018,0.0012010666641383,7.23573016602459e-05,0.0006113753075259,0,6.47759141949271e-05,0.0085969503994824,0.0121623757094272,0.0060779193319089,0.0244817139035795,0.0235877789184179,0.0209725531908215,0.0083135950512944,0.022630294099574,0.0084573437023402,0.0115032961855214,0.0500454992831692,0.0707792464421752,0.0541291000953719,0.114427654714531,0.0716400646959621,0.142993932525907,3.60438314280199e-06,0.0042838877213754,0.01327015329023,0.0277379260784606,0.0127916876791903,0.0358656965882626,0.0495081309654002,0.115265850982086,0.0124744128661154,0.0257845701183418,0.0010057763630975,0.0014112073352085,0.0084422662944739,0.07533605082353,0.0002162975629867,7.09494366004181e-05,0.0012664013722547,0.0038317215943965,0.0120123314158751,0.0032457841022242,5.63443801633414e-06,0.0003851540844022,0.0001782531299712,0.0001559714887248,0.0005139920349657,0.0010416667282697,1.86445429130043e-05,0,0.0004594606993127,0.0001269913550399,0.000489104356625,0,0,0,0,0,0.0004117647302336,0.0002393083359063,0,0,0.0045694802361338,0.0005467066506358,0.0106113039724091,0.0005159959025484,0.0060404810656402,0.0037370244424571,0.0009057971550171,0.0016825650173642,2.94854801456283e-05,0,0,3.92156885936856e-05,0.0155023150218821,0.0095811057359572,0.0220588248339482,0.0100187611831553,0.0125320052784821,0.0044347572795204,0.0010733669584239,0.0003385763558381,0.0002209334568658,0,0.0009530505992887,0,0.0028327567995909,0.0003436880573379,0.0001267748553675,0,0,0,0,0
0.0043319656004652,0.0073539565100891,0.008311189443482,0.0111641541874299,0.0051963832758501,0.0089302434071701,0.0017492161675218,0.0062348459867409,0.0016085952927985,0.0058572851478086,0.0053662623012643,0.0040567373512318,0.0036834169043461,0.0020852669873915,0.0120300106660532,0.0036856710278344,0.013827173172988,0.0055671505357921,0.0130144445150736,0.0099440438098679,0.0058837168387257,0.0098153753285013,0.007228666541829,0.0047907622256816,0.0128217476388355,0.0172863197365765,0.0139047500809327,0.0361920561224479,0.0088373626279685,0.0144096684625327,0.0128943970997766,0.0057989156537471,0.0020533887535297,0.0074091618428451,0.0013475973360117,0.0005456018408517,0,0,0.0002582470909267,0.0011912905401279,0.0043370827377449,0.0010903832142104,0.0092624782661335,0.0054316891257786,0.0020330764154111,0.0008357830461295,0.0004534555707701,0.000991063618866,0.0036012450068342,0.0016837170646202,0.0032950078025917,0.0040003194017497,0.0097046818338715,0.0104088400331274,0.0123382516517195,0.0160267857770074,0.0029195222474034,0.0075371058359468,0.0060140966416639,0.0105237654513411,0.0071065379505397,0.0087595529438618,0.002658517589532,0.006068955822138,0.0027124704988665,0.005612422605787,0.0060942283329253,0.0046806453658944,0.0022613213288769,0.0035899170366141,0.0054833649080681,0.0094116479906885,0.0026840245881743,0.0013315174453629,3.44558579334504e-05,0.0001375017672775,0,0,0.0035620917139264,0.0009666116013805,0.0047339365373899,0.0115480901511396,0.0153437103756345,0.0131345445793369,0.006947156043639,0.0106925902107069,0.0073029481010227,0.0034970350780468,0.0220254302241301,0.0382760886329331,0.0142301877299907,0.0322205827360119,0.0310417849693075,0.0618309334777674,2.16262988568119e-05,0.0004049446104782,0.0015363835331259,0.0020843297900912,0.0026237355997561,0.0108061615435386,0.038920732987169,0.0440001494773535,0.0074864661472007,0.0108684208011053,0.000793677702119,0.0007028769896272,0.0092558556672075,0.0517079818469572,0.0009216157031609,1.28998975637124e-05,0.0006000295209635,0.0022620370240023,0.0018394987948584,0,0.0001126887603266,0.0001400560306917,0.0001018589314121,0.000378787901189,0.0001332571942503,0,0.00018644542913,0.0001505882441997,4.66639772739509e-05,1.32677535116384e-05,0,0,0,0,0,0,0.0001019607903435,0,0,0,0,0,0,0,0,0,0,7.94912606628763e-06,0,0,0,9.80392214842141e-05,0.004891011049473,0.0009061200773541,0.0071043254037245,0.0002481239556081,0.0057810731015691,0.0011220248612639,0.0019985790408963,0.0003024177158943,0,0,0,7.26216455438623e-05,0,0.0003789381145007,1.69033140490024e-05,0,0,0,0,0
1.12608861886292e-05,0.0003707280232699,0.0008234690666964,0.0009344901212873,0.0003717528944231,0.0008443274928439,0.000105311880496,0.000601970630843,0.0003612991475812,0.001621908738501,0.0001342920539986,0.0013550501093012,0.0001984599625186,0.0007126442282943,0.0005102879832725,7.8356948423697e-05,0.0011209057580882,4.12254282193804e-05,0.0009458229037907,0.0005074241805497,0.0005140582266974,0.0007782435864313,0.0097866617221037,0.0118127392168194,0.016774510795949,0.0089806137103534,0.0110653748853515,0.0095331039285807,0.001042639339594,0.0011437909173158,0.0012267344211095,0.0046333961855704,0.0004543152298057,0.0003996344536771,0.0001472356159847,7.36517982552766e-05,0,0,0,0,6.01467616467571e-05,9.95981490343164e-06,0,0,0.0010587628059754,0.0002784187455905,2.96502576480858e-05,1.65234642950923e-05,0.0017136975134854,0.0008437766909913,0.0002346912549439,0.0003451840954592,0.0019351110654058,0.0028584648132456,0.0033370842339419,0.0115218389414663,0.0006186364040818,0.0027190504497021,0.0001020192309894,0.0004707062281827,4.74766205734693e-06,0.000444309163072,2.16351367394669e-05,6.5237994965332e-05,2.38072950260233e-05,0.000358086518187,0.0002820821590018,0.0002884658600177,5.00200109613337e-06,4.83439958926752e-05,0,2.34543592067498e-06,0,0,4.47926153134855e-05,5.53698391721647e-05,0,0,0.0001089324683157,9.64642942314556e-05,0.0002384795522601,0.0021677249067426,0.0002056153322178,0.0009712330947483,0.0006627864001998,0.0018878498308028,0.0007693806454224,0.0011687068104478,0.0094610912457938,0.0101279173827613,0.0026976793080318,0.0108994586150822,0.0045103735818516,0.0127842311227325,0,0,2.65795222690536e-05,0.000950217541563,0.0001594439522957,0.0040297124017299,0.0028515168436818,0.009185210207594,0.0010910565189022,0.00223646664261,0.0004484532858455,0.0001957148859048,0.0004765795488815,0.0057682824967598,0,4.08496756184225e-05,0,5.28513323365035e-06,5.30624652363014e-05,7.86734493391841e-05,0.0007212080660907,0.000188200291242,0,0,0,0,0,0,0,0,0,0,0,0,0,0,0,0,0,0,0,0,0,0,0,0,0,0,0,0,0,0,0.0006219614050971,0.0007538621955036,0.0012735717049265,0.00065964661369,0.0002617080044578,3.86270853877767e-05,3.02356889696882e-06,0,0,0,0,0,0,0,0,0,0,0,0,0
0.429735992404461,0.408248685926965,0.511471625045994,0.549193398861576,0.574783051259341,0.509680696647282,0.526884783133436,0.509252086907914,0.573567048705523,0.452242030008548,0.621216373395616,0.517688593454899,0.721923417306818,0.597758612861478,0.596583046688018,0.531580153996465,0.749487229969912,0.689706567288762,0.571383854699101,0.54336148168086,0.65632690892277,0.646415193075321,0.697844214150215,0.623747898448546,0.687522322299298,0.609623192883664,0.623392237991023,0.56908817817236,0.662546292251441,0.566843205729023,0.676679645870637,0.461712584668582,0.735659829487303,0.733549118378577,0.726975980199031,0.583775501133591,0.614695331317093,0.321357935305629,0.684927563017068,0.625246171370982,0.633092282518422,0.778576485453905,0.852872153824799,0.771770285995914,0.698537051331783,0.546224916668537,0.633844515447043,0.546141115135858,0.673771390868662,0.622154981380141,0.465190364260518,0.484472989810224,0.522563613764282,0.557765365047956,0.569794891066179,0.588353788834176,0.780838028837464,0.719821446111066,0.456176094527111,0.41424122712586,0.474187465729902,0.408120909753828,0.552849460165165,0.533884789937714,0.639706310468022,0.530997111085565,0.567387158907823,0.556856342807465,0.63292973708846,0.558516683181745,0.472344466079873,0.485369786655301,0.513289722020243,0.442675243980434,0.572309339141902,0.721374875686713,0.116567965135028,0.412428245679101,0.613734241088645,0.7673636173159,0.605171647116692,0.565084838432556,0.611629318234154,0.521914506670761,0.658424230144765,0.638618683229525,0.706205080070961,0.59515258652896,0.706098080973607,0.65963403880061,0.739980496180846,0.614756641415023,0.680840465135321,0.53969989391217,0.47572450910272,0.591898775176687,0.686135116830054,0.828347160189811,0.810165395042943,0.827741596824425,0.734360693672346,0.604859769926624,0.743637885972229,0.709427396085373,0.705231996398819,0.667615590028652,0.238984218926311,0.314631909099056,0.424610924626739,0.515460556799601,0.580856587498841,0.666570252411142,0.749360767987343,0.766462967945445,0.736105520205958,0.310359787261924,0.429106213306621,0.38275403333087,0.577251128750645,0.483353786754985,0.0871445935753819,0.0869207894541323,0.162202190235896,0.111430175564175,0.177076156446454,0.0850209230383831,0.25692811976963,0.15946465447714,0.335294137476012,0.269117662974168,0.689972589823883,0.628971783375536,0.547416566554897,0.401682733202522,0.23818131559191,0.171203290364498,0.283333350089379,0.170381847021513,0.485689465788328,0.325690138445911,0.666783926900952,0.584949690131219,0.638729213654673,0.42091028680719,0.295565346414746,0.210647071280982,0.684189665679454,0.578472256432481,0.756034850978134,0.657639684256459,0.6825369063506,0.457331815296146,0.785985805473736,0.773955965104333,0.157415088016907,0.0846455555337553,0.0614639517639678,0.0530573742343458,0.0795570981305312,0.110288616348309,0.0896044677737619,0.0465827510805241,0.173447722675822,0.119570854278106,0.235983055821192,0.136349932648815
0.624668188377516,0.661934523084635,0.585528681404555,0.574339043857726,0.650840887365671,0.607367804014005,0.645954739927653,0.64812790277061,0.667771924837027,0.585421543996717,0.735080377816944,0.615244910078141,0.677197984003708,0.64902075110027,0.710721340331745,0.659019770864826,0.776360144873107,0.723150695931734,0.572404222799708,0.606450915185689,0.643829976170297,0.653700560924165,0.733053757795575,0.705354693641842,0.759453699102265,0.6375983137323,0.672179475860538,0.553401146259412,0.787050051732597,0.742839336510538,0.729879609203949,0.543335451406397,0.644054629785477,0.746561470981503,0.71862395780412,0.55713669151569,0.564619099159854,0.322331011160659,0.688539866521111,0.604222147410734,0.706288886550471,0.78132366222553,0.836731332905897,0.797491745455069,0.718423208919022,0.56913032414045,0.713487041202257,0.622647164494011,0.687539700915907,0.634695476580426,0.57186938185181,0.607008486836625,0.605887193144706,0.697392048570294,0.726888938822106,0.692538057173604,0.828142483948625,0.781177334428653,0.637644753869506,0.558786506044889,0.54890545903912,0.503057026626438,0.647980558685982,0.615228916039962,0.722162681648891,0.650824233415279,0.64247074324221,0.652603225987968,0.711922033120973,0.60686443249025,0.652238806578087,0.646952730820402,0.379238704029056,0.429495692365434,0.400200359858149,0.537602379474298,0.153013125558443,0.317610312900797,0.479618764747607,0.72381097279993,0.630763684224904,0.6330165614604,0.736987149711166,0.596095685769798,0.735801219509011,0.6864236438302,0.819879934215989,0.616011318786526,0.794719562930277,0.690909708072096,0.828579629123837,0.685743443,0.818127727121049,0.615411921507877,0.554718170060369,0.705808983675085,0.732959084740788,0.868482322318322,0.841970846376393,0.856985686161078,0.778100431469392,0.645159581372116,0.794689719368473,0.737367299868407,0.766793068655648,0.741586727974087,0.443310892230026,0.437131608044143,0.571871948053243,0.645373275180821,0.708694572355231,0.757166685019067,0.778691677342723,0.777640649555404,0.751650934693023,0.351024180423078,0.502419179190531,0.493226410630582,0.492689920627756,0.477859505384307,0.195929286625124,0.213540404785424,0.192045598470945,0.155308531820522,0.269045243504697,0.123072349351117,0.373230647656047,0.218437937013849,0.414215710770804,0.292156880022958,0.705188276998233,0.662285819620822,0.614202474055157,0.415942983600226,0.275771542310553,0.169111086066872,0.323961956875043,0.163605100834709,0.619275811449399,0.358477529850515,0.703679176312226,0.652024415878554,0.738183738185877,0.525447290270066,0.460967591857085,0.316333352040965,0.721936591,0.46529265972133,0.804538465817693,0.594598044120591,0.709411806659773,0.472727467900703,0.765588809694785,0.72661444397053,0.166694293205272,0.0743891446707914,0.0877119026951996,0.0506899085896159,0.117739337989513,0.111548805891882,0.145419210763568,0.0596143019197838,0.100326803318846,0.0833148402952642,0.283863291827131,0.0556862778030336
0.0194887013405014,0.0354488193044497,0.0297875163567638,0.0388985816307109,0.0340132145741001,0.0441493207744252,0.0109094607683373,0.0336879303444542,0.020756093304499,0.0491586249799159,0.0172243108899969,0.0352425201440622,0.0107371801221654,0.0205517756441908,0.039655426694707,0.0220956257226538,0.0120193123145857,0.0049401804816224,0.0345765198177047,0.0226177035262422,0.0215618109781624,0.0207606068718879,0.0261276826645606,0.0292742483426454,0.0752540151456329,0.106644097115449,0.069246009495041,0.0861201939093277,0.0241328644489449,0.0361687833769703,0.0256021713160172,0.0628076799763763,0.0061585832806943,0.0180264771932415,0.0107231976924774,0.0090642889840693,7.94054169688559e-05,0.000117061756996,0.0075596444763552,0.0136912912793652,0.0039065321689568,0.0066250090525043,0.0038747774127511,0.0015694181826303,0.0120115413762181,0.0103955290572165,0.0072949302376567,0.0103233785571984,0.0118594700260797,0.0107915607405037,0.0285153463308149,0.0303866079610839,0.0381698368067652,0.0370324700866587,0.0275306844645017,0.0726709533648761,0.0096527659645826,0.0210225603860521,0.0218846364432587,0.039572532895792,0.0276228473820559,0.0246862936185499,0.021330642222393,0.0300656042272073,0.0185470536758472,0.0272560458735711,0.0254676310131755,0.0246606134200832,0.0100574958151004,0.009278744205463,0.0186398069134701,0.0239216873139443,0.0101086720613578,0.0047617408512203,3.88858968106083e-05,0.000843928632049,0.0001054005282168,0.0005742297258361,0.0126470595714636,0.0225490209413692,0.0090816514901437,0.0263433978785639,0.0120038917604816,0.0266783186444656,0.0151686037489614,0.0285325487502119,0.0122380217599732,0.0142896088533984,0.0356490523533466,0.0654540657317851,0.0430560916742227,0.0945819320196386,0.0924917751450043,0.173021627948847,0.0003964821457082,0.0009282940778215,0.0009176471130922,0.0055737745547645,0.0035682456910326,0.0290745005997684,0.0461831768555766,0.124299596100309,0.0055526983551273,0.0217247353725212,0.0028520500795407,0.0023352482051925,0.0067367923374048,0.0717751923073581,0.000865190251947,0.000655744792822,0.0009118384735035,0.0018339412320766,0.00660501352989,0.0025942065602613,0.001231124706569,0.0050682776106571,0.0056022412276693,0.0014037433985239,0.0026841806270435,0.011315360146303,0.000223734514956,6.2745101749897e-05,0.0008184143706508,0.0023142752911015,0,0.0011761728925213,0.0002614379239579,0.000439889585657,0,0,0.0011843137955293,0.0012968967881376,0.0007419184328535,0.0008270945230668,0.0004092071853254,0.0175997487146997,0.0002595155862817,0.0048159617571192,0,0.0061053444594875,0.0005940963693201,0.0029597246053477,0.0001769128808737,0.0022613426269351,0,0.0049215689185075,0.0137415510440718,0.0058415036134344,0.0270037855667046,0.01320806178329,0.0245098053710535,0.0092364718702247,0.0017083164267873,0.0009927190239139,0,0,0.0003437231669566,0.0002178649366315,0.0040876588345888,0.0033399429161813,0.000118323198343,0,0,0,0.0054848969857384,0
4.53215913270757e-05,0.0011813421719215,0.000767302859727,0.0009907201858919,0.0006952148920868,0.0024524934880541,7.98103488961088e-05,0.0009516602056866,0.0005165569894334,0.0022442823179371,0.0011447945948494,0.0026562571679018,0.0001215567270426,0.000585951921042,0.0001372183793945,1.32317802087509e-05,0.0003218600819653,0.0001717726175807,0.0004969133669144,0.000180090791105,1.22719470564385e-05,7.27276935075653e-05,0.00625460314997,0.0051164629950419,0.004570410252464,0.0011287929687796,0.0008199442790045,0.0007012527647829,0.0017342740590593,0.0012451505402406,0.0054220168429975,0.0079891535805221,9.4451133722682e-05,0.0006073446686861,0,1.7801038853239e-06,0,0,0,0.0001108900285286,0.000157384026309,0.0002065579003885,0,0,0.0035750883512002,0.0014118490788699,0.0002591174690115,0.0003445830783205,0.0029708925899404,0.0038228902516572,0.0029433297753057,0.0022771742739645,0.0073654029518722,0.0061115631943817,0.0087693531055539,0.0240458786202485,0.0021597076660002,0.0069672869295046,0.0003801160976867,0.0018639761479414,0.0007147605227335,0.0009311961158525,0.000457943727652,0.0003006779097564,0.0011443112953491,0.0018073187790327,0.0036219349215843,0.0012554280445196,2.29258383572779e-05,4.80437226262611e-05,0,6.44994878185619e-06,0,0,0,9.82814645305923e-05,0,0,0.0002287581834631,0.0002933302008262,0.0002764825605881,0.0029508525944341,0.0001716640064898,0.0015618131583976,0.0013499734969649,0.0037152173113137,0.0006999091441058,0.0019095760747388,0.0095805765469776,0.0097748438862156,0.0034202618912721,0.0110497755483247,0.0093243374667681,0.0230885376774538,0,2.36809713729986e-06,0.0004919390269141,0.0014592016531012,0.001143598002673,0.0038582120365709,0.0052245687688382,0.0171265707418631,0.0012050979026636,0.0029876900533328,0.0001173311741583,7.27114127200599e-06,0.000827205931273,0.007571834212743,0,0,0,0,0.000530624652363,0,0,0,0,0,0,0,0,0,0,0,0,0,0,0,0,0,0,0,0,0,0,0,0,0,0,0,0,0,0,0,0,0,7.30001649175086e-05,0,0.0002775432506132,4.2362626567253e-05,0.0001685302319728,3.58680078600783e-05,7.25656535272517e-05,0,0,0,0,0,0,9.69376571978746e-05,0,0,0,0,0,0
0.0008732052611207,0.0014478255926373,0.0031098765780043,0.0021717428013134,0.0024187866059323,0.0016805859139608,0.0021912427152541,0.001312562271908,0.0015366843573089,0.0016952900246886,0.0001493472170029,0.0009949747077402,0.0006767484721886,0.0008463340757728,0.0022891039464385,0.002286410270759,0.0006517266336312,7.04267732081082e-05,0.0038122905159027,0.0013068067737199,0.0005263301737539,0.0004712983602891,0.0033456459679032,0.0028194500943614,0.0057130128155801,0.0013127151797765,0.0027054841594684,0.0012852518310314,0.0014299547824946,0.0002280591515809,0.000370757461958,0.001898206203205,0.0001730724684974,0.000877644895151,0.0001186976664028,0.0005881018211138,0,0,2.4194228477864e-05,7.3581233883501e-05,0.0004616263956388,0.0003815042143444,4.9019610742107e-05,0,8.85739644941527e-05,3.0291538072769e-05,1.57919850516979e-05,0.0001228932656947,0.0005164022955027,0.0006353367809661,0.0001209341787707,0.0002143957497425,0.0006026484456931,0.0008086600227761,0.0009460107662876,0.0042115230786216,0.0038260347544142,0.0064778695291644,0.0004100921186441,0.0009996256483009,0.0006765418431719,0.000894574804497,7.13158211041688e-05,0.0012996574862925,5.50299770273654e-05,0.0009111091783829,8.27440999738891e-05,0.0004843204691471,0.0001097661351651,0.0005239768498926,0.0006526258035049,0.0009927057534256,0,0,0,0,0,0,0.0001481481569094,0.0006614694461585,0.0002107245461779,0.0011080523281405,0.0011841001692101,0.0013401624521272,0.0011280858619384,0.005445968684465,0.0049493575190342,0.0040058148626658,0.0217555159924814,0.0409004362499191,0.0039178024659193,0.0055582092618269,0.0096680441355407,0.0108614212615967,0,0,0.0005651416456223,0.0009581882099763,0.0011872931692731,0.002667813801335,0.0062284233614714,0.0103290011249099,0.0010053306495599,0.004161994333199,0,2.42371375733533e-06,0.0005889161568322,0.0070107292344371,0,0,0,0,0,0,0,0,0,0,0,0,0,0,0,0,0,0,0,0,0,0,0,0,0,0,0,0,0,0,0,0,0,0,0,0,0,0,0.0001781204023987,1.48544274976082e-05,0.0025838885726102,0.0003979060995424,0.0014357479377688,0.0002473972849836,9.07070669090647e-06,0,0,0,0,0,0,0.0001762502858143,0,0,0,0,0,0
0.622002555886395,0.663101801659272,0.625308749787627,0.605804928989569,0.677923379385258,0.650925359240644,0.604524668340039,0.583541499702273,0.630755237761211,0.599107609655096,0.702738274444516,0.671835638959924,0.689333810711724,0.650278835174613,0.740119636087518,0.693783585657965,0.739724140816964,0.758424202951942,0.543396311102035,0.689266951838127,0.659162410467644,0.682976034526478,0.752322147041505,0.74379067433312,0.816780796966685,0.7260372694219,0.741387863080969,0.631750824095546,0.780624765188764,0.698561783299579,0.779931866568289,0.589304373607639,0.629607036115679,0.661660336017034,0.771840920068812,0.568490194096286,0.708045398244573,0.337477339243989,0.727811307032593,0.621544828035561,0.701377402238999,0.777655419093053,0.823005841898107,0.78232926827754,0.801982758138944,0.542871775106221,0.804476591645229,0.627803518070599,0.744621224250469,0.654636441101573,0.69006262514055,0.679222040362773,0.650665143725447,0.707748083874977,0.778524144309549,0.747490577325044,0.863168471295037,0.756035218907915,0.617637775075125,0.640942245287231,0.623387018777881,0.635876566434445,0.681837945080527,0.677522454238116,0.672915145328174,0.682473668109769,0.677726834122499,0.693774942542259,0.758136493859473,0.624560737173101,0.703862743118479,0.637306539237646,0.33284068432298,0.40940454803771,0.480430332829647,0.574841826224864,0.200100393283241,0.396910037478457,0.505437938387816,0.661835616744819,0.599932782968652,0.64511259129099,0.677245786599271,0.601187057447549,0.741498881346826,0.749401558156404,0.863062640314764,0.699859631391793,0.801938926102321,0.740261169313689,0.800528472312118,0.71608969195488,0.77368112325435,0.659459410844858,0.523814188993984,0.640653159039417,0.741274989372016,0.869265155823205,0.860406734218067,0.867997484288955,0.8169574808597,0.755316927976303,0.833055163203499,0.834540394954846,0.770166904004883,0.745762180849537,0.510202236055193,0.561317704918534,0.498415414814567,0.645676422773568,0.735540364890822,0.841459274962557,0.834700372791669,0.810308286442552,0.770157246357673,0.391513503545866,0.554239910546472,0.426270078685113,0.600552101002427,0.45447306609276,0.229396241153967,0.282258840221912,0.185600585302069,0.136168849683304,0.241023639739721,0.0906337987406684,0.326246517893326,0.202012272698356,0.480392185272649,0.46715689037228,0.685466707204469,0.630237801668718,0.603139940279574,0.406930505348877,0.34856495383344,0.256479014274252,0.263869681118248,0.164327495098277,0.596315658288903,0.369934662400434,0.749432589077712,0.646974071117772,0.699439817274522,0.459739543432982,0.524610622925249,0.292588252597488,0.770452500559176,0.67719849518846,0.723238620499336,0.708392380310451,0.661072798777556,0.4321055694604,0.754667678838933,0.748230736358802,0.193979575128203,0.158491713747096,0.143582541105964,0.145330437062377,0.222763565653826,0.255254476430585,0.262745113577694,0.183063030272623,0.0851307239887926,0.0631890529415236,0.182140975265537,0.0624434426068687
4.58776844721932e-06,0.0002508249825017,0,0,0,9.68288607251497e-06,1.2278515214786e-05,0.0002249506082661,2.30657717608175e-05,0.0010072834936314,5.84140324568106e-05,0.0003157670577552,0,5.0824239537271e-05,0,0,0.0001361099849107,3.26367973403428e-05,0,0,0,2.86329501998289e-06,1.49590361419575e-05,3.94788811345828e-06,1.33689847478474e-05,0,0,6.2030988902049e-05,0,0,0.0006419827193636,0.0002164163665741,7.91489947396777e-06,0,0,0,0,0,0,0,4.46088482213448e-05,1.21249920563516e-05,0,0,4.34186100461533e-05,0.000140921503208,0,0,0.0001490476947146,0.0003789429039107,3.33735270791798e-05,5.23847220244739e-05,0.0003681350246237,0.0002607525528512,0.0006751266261612,0.0021198875140949,0.0003812872277731,0.0008620287385466,3.37545109940511e-05,0.000457499270541,0,0,3.00488010270374e-06,4.73795494161629e-05,3.90283525016776e-07,0.0004688400460035,8.14904014894362e-05,0.0002344659463577,0,0,0,0,0,0,0,0,0,0,2.17864936631587e-06,4.33104994508576e-05,5.70045124919102e-05,0.0008372817944329,0,0.000245830783318,0.000459248882509,0.001025976339143,4.99935102932747e-05,0.0001759254774737,0.0015212929821245,0.0070084124382621,0.0003451899596245,0.0020161351230826,0.0013732737835143,0.0034561488424028,0,0,0.0002261438042235,0.0004338320950695,0.0001632057878308,0.0012250806339225,0.0013516005491798,0.0039096352462665,0.0001124827315915,0.0006441788534697,2.82046091726738e-06,4.84742751467066e-06,0,0.001208533799428,0,0,0,0,0,0,0,0,0,0,0,0,0,0,0,0,0,0,0,0,0,0,0,0,0,0,0,0,0,0,0,0,0,0,0,0,0,0,4.67201055472055e-05,0,0,0,0,0,0,0,0,0,0,0,0,0,0,0,0,0,0,0
7.21530855789947e-05,0.000197760275221,8.28401224656141e-05,0.0003711375522632,0.0001991455674923,0.0021717906553478,8.16993512368451e-05,0.0010462656016864,0.0002895820421063,0.0017889537160648,5.11875542147309e-05,0.0007644591469278,0.0001101452791978,0.0001649946327007,0.0003216983303941,0,0,0,7.96241003364439e-05,5.07653888191455e-05,0.0008828984132271,0.0018548425139449,0.0012836003704887,0.000728385356933,0.001757575861517,0.0033311233064684,0.0015568982463689,0.0051871523280652,0.0001417851174903,0.0024195241024045,0.0055265256577776,0.0088104928030627,0,0,2.52548226389011e-05,6.67538956996464e-07,0,0,8.94134530703669e-05,0.0003559880822391,5.31296394546354e-05,0.0004503568478073,0,0,0.0026706787039388,0.0005847583871438,0.0001150558910909,0.0002220340514653,0.0040542376865321,0.0026867009261521,0.0014146069220013,0.0021588750010483,0.0028839745872745,0.0052783700013104,0.0134410626606572,0.0111649722100779,0.0007886871109005,0.0040905482959219,6.28488842762369e-05,0.0003438937902441,0.0008431847813848,0.0023565593246948,0.0002898707672408,0.0008834463675752,0.000140892352531,0.0009970300766441,0.0010735838021864,0.0020542350574688,0.0001297741395496,0.0001023931838472,0.0002376488170892,2.34543592067498e-06,0,0,0,0,0,0,5.0108935425265e-05,5.70911129124941e-05,0.0007431936628626,0.0027779340057609,0.0001239795602426,0.0029397111853114,0.0043750647321182,0.006206667656335,0.0002720426079595,0.0009746106263805,0.0113169430712333,0.0144773914750628,0.0079261866942932,0.0168799251733697,0.0175531099268239,0.0353369569000577,0,0,0.0001315904217254,0.0006797841489671,0.0004389772697507,0.0057179532574832,0.013309871744062,0.0291776840344171,0.0033287614840983,0.0079971204647857,0.0001257925569101,0.0002375239482188,0.0005957244361019,0.0241244310727665,0,0,0,0,7.58035217661449e-06,7.86734493391841e-05,0,0,0,0,0,0,0,0,0,0,0,0,0,0,0,0,0,0,0,0,0,0,0,0,0,0,0,0,0,0,0,0,0,0,0,0,0,0,0,0,0,0,0,0,0,0,0,0,0,0,0,0
0.0205009298879015,0.0312648266194579,0.0354847627379014,0.0468487286050478,0.0239745812653027,0.0370163622310691,0.0205877642610998,0.029240425561398,0.0160783935574081,0.0324650660488102,0.0069922199057322,0.0174855307150564,0.0079721366943742,0.015954023424022,0.0072084170952482,0.0117781451048802,0.0133355759333693,0.0090438283156265,0.0297649959932588,0.0271268645331192,0.0091835070472347,0.0128521860266952,0.0069104993500404,0.0061343601469619,0.0061675582970069,0.0338132696577922,0.0096644984248659,0.051165731663023,0.0017826884894219,0.0088742097450416,0.00318503054568,0.0404620382710647,0.0038418922046639,0.0196972981627733,0.0024757302632914,0.0046385056991827,0.0006733579358958,0.0014076676278778,0.0029285535687988,0.0082208892645193,0.0035040500889373,0.0102027477799893,0.0024353833882328,0.0058724703030161,0.0028120062796391,0.0069580979976544,0.0003680499373273,0.0022492565771694,0.0050390755939953,0.0037962491588626,0.0022356674591751,0.0026764776848928,0.0101201098979555,0.0059204381153205,0.007841574925621,0.0077266603827978,0.0048919830676932,0.0095315693468796,0.0126005085742121,0.0203688471473644,0.0152865222922456,0.0129198221579692,0.0108782669478081,0.0153790372824141,0.0071979990518844,0.0230342505228793,0.0108549393778877,0.0047145002340439,0.0035222424385272,0.0027704712925699,0.0089983144611326,0.0094327569139745,0.0222084180974991,0.0253223930567433,8.56474182917196e-05,0.0003363717729709,0.0011911932712757,5.42717118930471e-05,0.0115511989402067,0.0259666130798551,0.0064839964208963,0.0230309456722563,0.0149366759424685,0.0261467233142204,0.0076812599268894,0.0141128448835566,0.0124691605867836,0.0146175075132908,0.0114574148932661,0.0195779391646217,0.0090849176389578,0.0243352377995663,0.0232335873110254,0.0698289796499125,0.000364042697423,0.0004357298732631,0.000521568658296,0.0030447953338999,0.0020623539891322,0.0170763022824733,0.022243172088021,0.0731741616308161,0.0063444936574164,0.0225558174211948,0.0020555519165044,0.0014469571131291,0.0030875546488257,0.0758447448972689,0.0022005925973435,0.0001612487195464,0.0014720625962704,0.0060607265356885,0.0068677990720127,0.0010086339658869,0.002614379239579,0.0029061626368534,0.0062133948161424,0.0089572197810577,0.0045307446045131,0.0191993475406586,0.0042696003270779,0.0072219612114131,0.0016134967526646,0.0016546784022371,5.82267091220277e-05,0.0019950274379475,0.0002894491300962,0.0005989985847245,0,0,0.0026823530998081,0.0010074108979283,0.0016825650173642,0.0004991087639196,0.0004319409178434,0.000346948451365,0,0,3.16255553174884e-05,0.0003690888338229,0.0033834187849171,0.0030047696530567,0.0015922159278639,0.0034778877110458,0.0014843321383591,0.0095686280168592,0.0151489942236814,0.0121620625136667,0.0142516504659947,0.0079112205114345,0.0089709938865555,0.0053608876363178,0.0089618582106155,0.0079746236821694,0,0,0,0,0,0.0002643754287214,0.000388776223127,0,0,0,0.0020402756903471,0
0.0059517259089062,0.0235994411715572,0.0245373851931138,0.0257656101472247,0.017813032633949,0.0177477215369541,0.0073723038853086,0.0184634693956011,0.0069071325772834,0.013889573386843,0.0101248982236738,0.013028335674238,0.004054537034256,0.0095608496984605,0.0152711955477251,0.0181151340920431,0.0025636715981417,0.0011989728707136,0.0367248960064121,0.0186504228461722,0.0172795832303018,0.0077915984083774,0.0041309953653559,0.0032721412647046,0.0027442069359081,0.0106674882378234,0.0087803749715263,0.0263737609400126,0.0091892317914965,0.0161694812260729,0.0372399743333185,0.0561639582651588,0.0027646743862569,0.0092793846187855,0.0019024457893884,0.0015417924776761,0,0,0.0002850711268478,0.0002849977368727,0.001664561628574,0.0011839188672166,8.91265649856492e-06,0.0003538109001144,0.0092338357985154,0.004933306230999,0.00127399422264,0.0034599445756244,0.008602649205462,0.0084258317003411,0.004978038361746,0.0149667660766878,0.0122553530954264,0.0192989600003649,0.016245755373043,0.0679112433349828,0.0056216513315331,0.0165313672970115,0.0047411233483174,0.0255466156573749,0.0064525475021402,0.0189067447336636,0.0032446695348995,0.0118427006056061,0.005142375725621,0.0139052792457701,0.0098862483489004,0.0090177057889161,0.0035115437139605,0.0032957993721615,0.0118668156264269,0.0130922233092077,0.0006595702983837,0.0002402133328276,2.95335925143861e-06,0.0002699279659643,0,0,0.0010479303451979,0.0062701791250446,0.0058874772901757,0.0205075515745513,0.012438010959116,0.0216939254894105,0.0099059884767371,0.0207235435343049,0.0131885477219129,0.0127327096748159,0.0246747869984574,0.0380945906645683,0.0306985547672036,0.0694504957842648,0.0686952646377589,0.116920917933692,0,7.10429141189957e-05,0.0013712419111592,0.0044681289791411,0.0022663612239207,0.0134450278310092,0.0287405748520261,0.0787719441458979,0.003366169136175,0.0148811049681357,0.0011840294930688,0.0029496596426771,0.0027267158475297,0.0268035531944578,0.0003385527072836,0.0011953905075706,0.0013762347857972,0.0037088422467141,0.0052759251149236,5.85007700214446e-05,2.81721900816707e-06,0.0004026610882387,0,0,0.0003807348407153,0,0,0,0,0,0,0,0,0,0,0,3.92156885936856e-05,0,0,0,0.0001250355288494,0.0008831415125655,0.0021337948205387,0,0.0004111322191273,1.53787014092885e-05,0.0001305413546936,0,0.0001916556209465,0,0,0,0.0019155243274354,0.0014371658603935,0.0041412580239384,0.0012164125628596,0.0067703779729098,0.0010401722279422,8.16363602181582e-05,3.28714908580768e-06,0,0,0,0,0,0,0,0,0,0,0,0
0.565489729037116,0.651624021462884,0.57571398903365,0.634932580601601,0.636233652438897,0.649741424691486,0.534053074765945,0.636423813724016,0.543468736347848,0.619924194144296,0.647527980675028,0.676991671929629,0.671749265732758,0.719059867806947,0.649553222519416,0.604922464467611,0.810860022813121,0.730763658342913,0.619487788287339,0.609150898806414,0.668428412270091,0.634320634910913,0.752026418403929,0.715387593300844,0.786106107095574,0.763688435173543,0.707441506007687,0.683148793729215,0.787185785046292,0.709228136032714,0.719416286200368,0.703074196773083,0.650488387737883,0.693170252580842,0.584935281231059,0.474386559789537,0.548877769299948,0.41030877463106,0.696013253313327,0.623028888978112,0.755205746574764,0.764013070887935,0.87056377697445,0.701660383051457,0.716855362910255,0.527868771405797,0.710353460168427,0.541948630309818,0.648870598530782,0.626136439416112,0.627501974927414,0.619409789208869,0.65910312278495,0.619887090623116,0.693081556272252,0.589791664372728,0.798510564465944,0.776026576442097,0.606882303185808,0.654445782472906,0.626769727993741,0.577047077065564,0.655464713395116,0.62093523608003,0.70330340115303,0.667218735447669,0.648349753335304,0.610477137902619,0.709966528581334,0.640236503046251,0.583877343793127,0.686049388541114,0.468487157740717,0.383742523211347,0.364867846453564,0.514018057894241,0.105423950556421,0.228224803412948,0.579681951493128,0.728128242131554,0.658968748405733,0.687488882102916,0.623265467545177,0.722750196615918,0.719098149191493,0.721514525078609,0.734796823094143,0.789612184728146,0.753877648750222,0.71535226134857,0.827078721334307,0.729003804738037,0.728552282355359,0.622613891053988,0.579318085009992,0.661949456595154,0.706132939363468,0.813336114233639,0.827942382922045,0.813048275730451,0.770098084758501,0.708032280985181,0.81815055182921,0.807809415020791,0.779474989124049,0.764159380124591,0.481369173347856,0.549904459700466,0.544674880568126,0.781383345143823,0.696093952414996,0.792118592376506,0.7911032406399,0.793504444570875,0.793573970753558,0.567327589573584,0.381767274932815,0.390129256583433,0.628745515957402,0.514338265711558,0.10417949095023,0.101000790286809,0.108994487533452,0.072206905397054,0.179189785987584,0.110104671004458,0.210130731381165,0.163676363275984,0.386764728755224,0.263725505792536,0.658364744817372,0.611772461685235,0.485148412368978,0.386538347280161,0.36691107597553,0.388529697581676,0.399279147027033,0.406501572027704,0.583396618941709,0.544221485471901,0.742961467637898,0.697172802226379,0.63342182722846,0.51744671730515,0.37788164228523,0.353411785606295,0.717112740057251,0.5232397813895,0.756678282232373,0.578007024015716,0.546193517960054,0.304700566156384,0.78361835102741,0.690547844201048,0.17437173083136,0.0771040769580465,0.101492076934096,0.0718954290884237,0.182320656687679,0.17024896358234,0.117190676301734,0.0588235328905284,0.146323538065189,0.096559384178792,0.218892434778674,0.0814479686176548
0.360525334679569,0.317969090491013,0.326644038321301,0.334422380215916,0.394713366856522,0.32766493102144,0.428675551438556,0.386595840603847,0.425948435396469,0.351744535437049,0.519554277486039,0.418410981804568,0.525058080587003,0.470456414734703,0.367856903678388,0.367862510487326,0.580107160865205,0.605718345922653,0.316430434462561,0.344201280991176,0.404841306769358,0.485973892584604,0.487843511313976,0.549521022102008,0.532515183007556,0.476146976471183,0.402175476358054,0.302805028800827,0.511829576902547,0.404583051433532,0.428112894831447,0.196318326169932,0.541543753928454,0.528631636447182,0.53447437776095,0.452400719214888,0.467448043567832,0.244021085546171,0.620442054701231,0.519634300929208,0.513956083163594,0.672098269498471,0.760574911289785,0.700343969311366,0.460617830606279,0.392147930177774,0.376417111121452,0.37523823545404,0.486282260027833,0.471753651087436,0.315830911796512,0.351866790163636,0.408788121343736,0.409480808903842,0.479803012267874,0.435870086642512,0.626496525641471,0.603473069064165,0.354629174792209,0.28577202122907,0.260895424440151,0.183360920464152,0.389758390638878,0.301595615182802,0.490258162501548,0.374462147420952,0.427269637290422,0.356762320767286,0.373895969379622,0.345979511797992,0.307675638480802,0.293599323114173,0.450070496166447,0.390743764919097,0.487665570769129,0.598553498435017,0.0997339950569702,0.346041687131219,0.425202639525135,0.579433454221431,0.477448660127608,0.436899882883465,0.348072806119118,0.299882781004494,0.533485522063275,0.491959101223605,0.367995087338753,0.253142308113614,0.580048134793651,0.456619534520261,0.505938878760283,0.428568386224192,0.480750385596129,0.343139359164974,0.411667411888843,0.458970378568634,0.567277157731199,0.706984054927758,0.707259226492191,0.710436712504426,0.578660164940326,0.453620501233645,0.62668909636327,0.584814575653064,0.645481660050877,0.627194103840693,0.211523024491827,0.249102863418334,0.399548620045882,0.443124381211084,0.433107057900109,0.476475901546514,0.521333667378544,0.700619342652343,0.687508492315076,0.240629390981277,0.368627472780645,0.325579341892576,0.445821461735691,0.39127861791106,0.0700537625717947,0.076743533950299,0.121089431489189,0.0775159021950682,0.188837951689104,0.0792174775509804,0.224435120649148,0.126809872256765,0.279901977337431,0.21078432619106,0.624878468327224,0.561208926195345,0.486698491951904,0.332121231762523,0.210514363117408,0.110392689070697,0.225634384739404,0.104059173680613,0.429079721770024,0.265344114115863,0.586138674902348,0.568942799942404,0.641043823846105,0.427050261408172,0.328660455573716,0.264274525432847,0.487366621028868,0.436946698449019,0.529275760731357,0.470728967562469,0.490173420659074,0.348546906534056,0.715143586217757,0.731321641461407,0.0799779113854321,0.0484464583703532,0.0359190709469654,0.0277850415850817,0.0521891611025614,0.0613967870634175,0.0698867519356005,0.0362704774132957,0.0714052329810026,0.0594894596779684,0.206120838898838,0.0761387677003558
0.350063832387046,0.293346776341682,0.338765269460492,0.302929431974748,0.369018585539084,0.297978210957075,0.39758021165711,0.333999445112237,0.399881205856523,0.298799253776097,0.421471697132373,0.313851142534453,0.383692568535436,0.401908142387786,0.31180422312119,0.392402294110415,0.459880410546605,0.559379246877894,0.267209633606846,0.34311866887577,0.382687715233141,0.445098638197336,0.454187981384747,0.483295856980097,0.483432292404309,0.370862956478256,0.334641280357776,0.194667616208644,0.445289129629584,0.305292562880108,0.337640609198337,0.118786510988201,0.472913396759697,0.349777909242061,0.484482708895472,0.436544888882336,0.462216814697924,0.289237652457868,0.440218194846644,0.420099100415264,0.431682831576036,0.537224188217922,0.598426951611393,0.58794872231022,0.350025420585521,0.38785627774456,0.304935174213055,0.365354794133698,0.403179395831077,0.475586771518726,0.308029042417712,0.314060979121655,0.40274692349675,0.394103885061327,0.428476718886383,0.375199768417049,0.56630770424214,0.515334913436714,0.338243500848951,0.266403569067345,0.226223723201552,0.150824429596965,0.406509795910091,0.282129909534208,0.504856327471276,0.340363470473425,0.438532446575252,0.312359562746957,0.32296212060692,0.352133762529783,0.275500023560338,0.256584239773061,0.348609174240009,0.352505595175029,0.438999624797382,0.644410799237404,0.112499170141007,0.371386576585272,0.30417213127819,0.3807130707865,0.442413088949949,0.387792408273648,0.2726432601919,0.191771824700316,0.501081397024592,0.442986631136873,0.32709909738612,0.195192208051389,0.509323406346357,0.389463770296929,0.411208810560588,0.320797068909411,0.330261733509436,0.210699346516321,0.371017178804323,0.463237689610049,0.575913323819275,0.672531979377966,0.64706001928367,0.61859881314128,0.441957458682581,0.255363714888981,0.619253026636228,0.514605664714696,0.609256788213862,0.568666264028559,0.172184786871286,0.186030964263489,0.322593708831942,0.380417979153878,0.391549485045856,0.376515534131868,0.409364285377771,0.62933918028311,0.641331455552209,0.19458159414041,0.259816669299594,0.245053490428042,0.380982318361859,0.311192828861143,0.0526584040339617,0.0670870627909899,0.0999344968688791,0.0690017952273139,0.170793494532188,0.0883142071374428,0.199215698055923,0.139529232829276,0.220588248339482,0.211764718405902,0.435686300275847,0.452736633227988,0.433227370612676,0.371351180606606,0.167206602670468,0.134615999129638,0.184775097432601,0.12703819120744,0.383649611556452,0.265667066845458,0.465044251713666,0.443680471389844,0.572725966348684,0.410848743346839,0.281070201705584,0.205529423919506,0.432123016225894,0.40669565685014,0.4583067788316,0.468249240957336,0.418369818940636,0.346791213533931,0.632984148580423,0.691760802213712,0.0769400763535269,0.051583713457848,0.035216000832736,0.0299201179640713,0.0338177643990254,0.0450583855684302,0.0739266439933121,0.0419914492678066,0.078022880431187,0.0531261592646534,0.22284050072493,0.0775867315868919
0.417498328606433,0.516857208220078,0.521783056182837,0.582558483114251,0.581189643562765,0.677789013697888,0.510704533583859,0.574449570756339,0.524229362909134,0.593035877953553,0.661796661964014,0.647256286315049,0.628763334001125,0.631531688325586,0.685266075211818,0.434153109093471,0.749106122012162,0.665986486527036,0.645109545857947,0.544726634195576,0.656941188050428,0.623217922141427,0.700074836577998,0.686964772828001,0.718646210057936,0.695483290790745,0.666111224273411,0.552053863439478,0.746131212642228,0.685132507051888,0.717659542790016,0.549230841825966,0.577064503617709,0.704665766720296,0.559822390695389,0.331330736175338,0.496753936123805,0.207809494291397,0.692407787308637,0.565098694448254,0.69568401002612,0.728575616426095,0.853059319611268,0.681627570355035,0.613237718407312,0.370687297369593,0.602111971769998,0.420863995477703,0.56085547797164,0.470175432750282,0.517038471136368,0.576359261428041,0.535452993861742,0.628216686061419,0.549534320177839,0.629749338378759,0.695206989202726,0.645657383726979,0.464630591933777,0.534754330938064,0.551503617100003,0.59841958322706,0.581823515742135,0.654468658866428,0.582297945639204,0.675056906640495,0.603374573904042,0.670682285164406,0.662289955133539,0.470147762242398,0.498082123672554,0.452714868690724,0.40998197415072,0.296784722054683,0.253196410891251,0.364850788333777,0.0849762480823584,0.178846299092194,0.529207002974322,0.567056494673815,0.553394256270248,0.624548856781491,0.72860765734104,0.665979405720816,0.667527574570257,0.720947725406205,0.78179851396623,0.679351511177361,0.712845477205974,0.69324065464531,0.776958758745999,0.772803789556865,0.794688899306758,0.659125049399834,0.424686443800644,0.546575764065905,0.575871929481315,0.726112520452884,0.706450142480178,0.730751859262672,0.748195955090515,0.710201444659031,0.731261408417454,0.720425799563143,0.637714674776906,0.600086077321776,0.451167646507302,0.43968124440161,0.412883835016109,0.603087410966972,0.644382317335593,0.693796616264291,0.663632038437951,0.631903127824395,0.678693414038521,0.48335962242293,0.265444375260116,0.331684511594093,0.410127570418623,0.348202634971434,0.0876790704722214,0.11268392823264,0.0537586965879481,0.0457206786011061,0.0626606730216701,0.0262569432057039,0.0811951495263548,0.0682671199528265,0.231372562702745,0.21960785612464,0.451094144324306,0.409993076585618,0.190381569287589,0.127258474549109,0.327161144667669,0.23100458707251,0.311649384059231,0.178293784193923,0.410642023019928,0.261499438763541,0.568262501637155,0.45216748831995,0.285050879307861,0.180291981465204,0.21317575019175,0.161000009521376,0.627929898580829,0.449056770466444,0.724718590565282,0.444112377995169,0.479497678656793,0.285857906027223,0.526875021710199,0.427674531809008,0.0724661738519937,0.0553242868313996,0.0655886297674471,0.0681626765074691,0.160885822663412,0.202476328343488,0.0866970977573334,0.0664891510312695,0.0515522906304492,0.0500185009232669,0.0670111327388047,0.017737557610067
0.0003677165922089,0.0021124393034974,0.0006713774202255,0.0013326907828755,0.0005494720955605,0.0007440692766348,0.0004665835781618,0.000669595969465,0.0005022135683384,0.0016772865414314,0.0019800550383298,0.0015687397167697,0.0006077836352133,0.0004493157408367,0.0012470662034158,0.0013940920929313,0.0007686210912604,0.0002576589263711,0.0005250930896672,0.0001040575616971,6.6132159137474e-05,0.000320116383234,5.6959406848223e-05,0.0003862350537666,0.0010044563873882,0.0026870008851229,0.0036316560373723,0.0037997763079877,0.0016374451983342,0.0015798120538632,0.0062456458356694,0.0039606802509181,7.36085651079002e-05,8.41918738169522e-05,0.0001550646110028,5.78533762730269e-06,0,0,0,0,2.20538126038109e-05,1.90535589456953e-05,4.9019610742107e-05,0,0.0031157194569119,0.0016594494770299,0.0002201209344961,0.0005101619601109,0.0028868923977857,0.0038804350120936,0.0010047943636742,0.0009429249964405,0.0022883825633421,0.0006168339959921,0.0054635247339343,0.0111000422908947,0.00015561444207,6.13231826201895e-05,0.0002992564109024,0.0017442159689377,0.0010732090080632,0.0016320750687223,0.0001582570187423,0.0003382170912169,0.0003762333181161,0.0003642946755758,7.14608136138133e-05,0.0001992121167144,8.80907970819044e-05,0.0001628982470296,0.0004120699672464,0.0005611455440214,1.85446194484642e-06,0,0,0,0,0,1.74291949305269e-05,1.96865906594807e-05,0.0002444575535701,0.0019046014947363,0.0003738460585779,0.0004542923566533,0.0006692337387231,0.0006034893334274,7.79119640934151e-05,5.82288552201945e-05,0.001292892233323,0.003610252298597,0.0042618625075091,0.0084010875177428,0.0161604249986123,0.0220687815805798,0,0,4.35729873263174e-07,6.83200149715777e-06,3.18309160663033e-05,0.000540717711807,0.0112242339468466,0.0210756787083902,0.0021480824654291,0.0056582818448027,0.0006306550611009,5.45335595400449e-06,0.0001668028421085,0.0035022816228323,0,0,0,0.0001981924962618,0,0.000195674989382,0.0001831192355308,0,0,0,0,6.12745134276338e-05,0,0,0,0,0,0,0,0,0,0,0,0,0,0,0,0,0,0,0,0,0,9.53895127954515e-05,0,7.15614755359227e-05,0,0,0.0004934811148423,0.0002525252674593,0.0003604153198103,0.0003131808464079,0.0002779128344552,3.03498528046817e-05,9.07070669090647e-06,0,0,0,0,0,0,0,0,0,0,0,0,0
0.0127449597696615,0.0278135908486649,0.0187849791678557,0.0240225737738412,0.0139439964392985,0.0142208311484371,0.0044632402805747,0.0121336676225048,0.0054254959441768,0.0089497822085728,0.0060852968863512,0.0096547320287715,0.004474279854983,0.010903272547108,0.0284005514663318,0.0116815944586695,0.0142323005398398,0.0050707276709837,0.0284955977846029,0.0143787795408291,0.0136075439610809,0.009532481780527,0.0125396997197679,0.0163205694610365,0.0656443889088802,0.0692905222373938,0.0698501789637812,0.0683104918151699,0.0179790445325019,0.0207752275401843,0.011150095214994,0.0103410519257019,0.0040263093624074,0.0129372999785694,0.0029495107359972,0.0018677740016761,2.22335167512796e-05,0.0002019315308182,0.0009609316397621,0.0046765537732295,0.0058066686139806,0.0031208863482187,0.0039973264396063,0.0003241619420042,0.0081338253129961,0.01237554202846,0.0021151591406998,0.0145286002202993,0.0106069546260678,0.0122118506795706,0.0071778203079328,0.015899977349839,0.0131782429797502,0.0157299678455237,0.0271030000817252,0.0765137141543964,0.0075868940194485,0.0081643543896047,0.0065497605791926,0.0378611419866241,0.0149076588600694,0.038997946218337,0.0042889655332591,0.0366757802869069,0.0022948671270986,0.0180292340360142,0.0044757035894967,0.0244314635274017,0.0093092798178037,0.0114549747037995,0.0178247514138812,0.015053007738892,0.0216020090415343,0.010152174013717,0.0004661385351853,0.0003511370634168,1.6730242574098e-05,0,0.0047015253325096,0.0103551466868869,0.0028361346215076,0.0116819928127656,0.0134695209003351,0.0176228797901109,0.0081535026762686,0.0163794876692208,0.0153187906735003,0.0085501433934674,0.0229826913101533,0.0377730760402744,0.0462639289749566,0.0941350538461815,0.0756967351224235,0.0997175121722575,7.92964291416437e-05,0.0008619873579771,0.000647494591669,0.0033858260752997,0.0041113968679094,0.0170672903206098,0.0468862102472454,0.0696491559145297,0.0104897291031599,0.0286076579258985,0.0011106975092198,0.0009737270020094,0.0021071624339836,0.0206159834611616,0.0024074859184612,0.0005331957659667,0.0020956805013505,0.007958089366569,0.0100768148267795,0.0011841362759513,0.0012001352974791,0.0042804624380161,0.0013241661083582,0,0.0003426613566438,0.0003267974049473,9.32227145650213e-05,0,0.0002010140559493,8.52927011462471e-05,5.24040382098249e-05,8.03966280963942e-05,3.73482748511292e-05,0,0,0,0.0005333333648741,0.0001543924747782,0.0001192368909943,0,0.0021483377229584,0.0017873102040017,0.0001730103908544,0.0026487789664156,0,0.004905805749563,0.0002930520207408,0.0005723370767727,0,0.0001288106559646,0,9.80392214842141e-05,0.0121735075016437,0.0097816405071749,0.0158488923279744,0.0028405654064292,0.0131947828253754,0.0066438586866975,0.0057931580065922,0.0040957877609163,0,0,0,0,7.38177667645847e-05,0.000837188857618,0,0,0,0,0,0
0.385420373576903,0.334675194209943,0.356399545979469,0.318487085920907,0.393875237013214,0.303603362584826,0.445928282067085,0.36795787681118,0.451432042761861,0.320768061193759,0.529833340578877,0.38506418573726,0.541370001056317,0.486350774921008,0.388607016780739,0.412730856935504,0.588059186571871,0.630518876448962,0.327701832056895,0.373193601282667,0.420018978178827,0.481629701380286,0.502223172479204,0.544083464207071,0.528427838737314,0.44210636948821,0.406133560954544,0.257551152970359,0.48323739759985,0.421729429715036,0.42312135477314,0.157246046011928,0.582804652546213,0.53570818499906,0.565681509547614,0.427026895920495,0.526762831304675,0.248542595910145,0.580433742144151,0.509151047811623,0.513713491224952,0.613272571430789,0.790541490602085,0.722505577200096,0.496851311968945,0.423969849434915,0.437761882768295,0.431189439467938,0.507916872192209,0.515205273435466,0.359316617580684,0.396270994668566,0.473203943547961,0.442731666026435,0.539061001644682,0.472860810295639,0.641895986466071,0.580265261932362,0.374709582242969,0.274113739649437,0.295335914536557,0.141001093741319,0.434301531329317,0.317757872862873,0.513193564132684,0.388043360851025,0.469409786548842,0.377525427465693,0.431006039005775,0.391656330401744,0.36476331754987,0.357239208667808,0.411901960417618,0.387780176025814,0.505105649375416,0.617716076941851,0.13585960784722,0.412916691086139,0.437716801485254,0.572350218902149,0.483908104043124,0.434192333610097,0.36820975703152,0.306646608011376,0.55419903532196,0.497765295670838,0.319877956847395,0.233862775447268,0.558829077166229,0.42847480856182,0.48845810516391,0.408577529938583,0.414898724248885,0.295510682772078,0.356733008409398,0.455190895537504,0.584970840694797,0.719470106997272,0.700961913806419,0.706848586234005,0.50973356458454,0.32976979258002,0.619306280585365,0.552082516423002,0.64469982828461,0.610419580926175,0.179575174018585,0.182352951960638,0.295782215263453,0.41486070564899,0.507792304834978,0.531475640542496,0.480495783419063,0.673634349529003,0.660254715630067,0.232930686044191,0.436592844765416,0.384425156424351,0.5370455295711,0.46198940640655,0.084820240558894,0.0958305939026177,0.192485316718334,0.126043658360565,0.24097996970788,0.128247510078211,0.267058839322999,0.177996173192056,0.307352959353011,0.23823530820664,0.679705922550056,0.650131272043901,0.625516730156173,0.484477747011591,0.190520045367758,0.122998482803627,0.205421004074571,0.120811840650021,0.51287163058371,0.361122666492912,0.654712847755708,0.621332840136617,0.706884901011293,0.531086334542297,0.369653677715807,0.310647077194881,0.487051260316424,0.43709895633087,0.544568002934158,0.517883109784668,0.492974425524123,0.360582922402386,0.701815694519918,0.72702205045717,0.0938414858037632,0.0588838647191341,0.0391375696921046,0.0484822105650825,0.0570426792673328,0.0819211328464947,0.0820233314227843,0.0481481509955807,0.0583333367831074,0.0430632655877831,0.187811351859489,0.0557466096316393
0.364724254995065,0.293351270893391,0.301813340714013,0.248160870902982,0.346095636437672,0.247823382686362,0.396819888214964,0.302466065064089,0.393237294439334,0.278072686703182,0.459961124662729,0.299744824115978,0.510301590073929,0.453314650930191,0.32188897489799,0.381438937221202,0.541304606108072,0.606618434438776,0.240897800499989,0.311229964929887,0.347701075950071,0.418384095660896,0.440686875919086,0.484149258793957,0.388239773405737,0.343109647394814,0.210851824977861,0.151049996829336,0.384017209832148,0.286786567587646,0.176587549011935,0.0724994828023556,0.535535289907782,0.481727900428633,0.546610582780074,0.457367431567927,0.513672583632636,0.271144294642162,0.585052735937468,0.502365510785535,0.512614810378872,0.623471421891903,0.770064662296632,0.697545107665768,0.442090024234334,0.432868976511337,0.392435340530421,0.419553822454638,0.501626919084956,0.498784769480572,0.342836195740777,0.352542240850931,0.482446504824821,0.416405938755059,0.474120696497684,0.3933796501401,0.625766220483598,0.592165268865773,0.347289331946353,0.263069902157369,0.244189588575862,0.141395986195092,0.420480284808921,0.240747882157987,0.529820032581924,0.346918043044539,0.47322980583097,0.333368606875971,0.381051331947641,0.351985577672808,0.307078246041513,0.315105211429822,0.308358077727118,0.310966503460237,0.387290734343569,0.498151369064131,0.103431378665846,0.278874316212231,0.385119848483656,0.528356594755408,0.494253248810148,0.409752756907729,0.31566607497396,0.234716374266596,0.550477929095756,0.458023721935828,0.244892236272055,0.164892141836063,0.541199940094248,0.38359313099976,0.405625320591734,0.335772671062751,0.311387889297412,0.198356222424593,0.291053938781261,0.364040468625695,0.518447089483961,0.672798427436355,0.677953948929767,0.674158650388472,0.413938351947631,0.248463332605302,0.587359106610461,0.493543373735176,0.587694364501352,0.531231399118075,0.165914361663858,0.140791104638981,0.266544427292765,0.351154561530596,0.422092019654705,0.48163947671579,0.471606557099953,0.631445208003882,0.684482799100304,0.176006663069919,0.381105191878636,0.314505366193109,0.447915503359626,0.431229600665877,0.0958950990492186,0.102105104077607,0.152709660397361,0.0988769853488061,0.204794981323996,0.0922476866083812,0.268272658255661,0.172174655696764,0.322058842575643,0.310784332104959,0.598976506011095,0.585000806558679,0.591944921069552,0.435037458882752,0.219141814608019,0.122146882059367,0.214648224920144,0.120089446386453,0.435199266723958,0.273525583265605,0.561881959912843,0.551547462400678,0.646174297391444,0.471117818043193,0.31290087978373,0.242823543772101,0.574318577465411,0.46752825105972,0.48433408124333,0.497358417212834,0.459003430159093,0.373190067318949,0.680312072524676,0.645589506154457,0.0967136207430191,0.0533936683160181,0.0346691685216687,0.0358896172277767,0.0587773967863006,0.0925578375953888,0.0955037243768637,0.0501734879990817,0.041666669130791,0.0310765834138641,0.228961327795971,0.063288088207348
0.0802164361831984,0.0909273908242855,0.103739688866468,0.129899003956375,0.0763452974579867,0.0613108242504057,0.0966130247169582,0.070005189916991,0.0799541057836148,0.0439339685602341,0.0983337004725788,0.0609419204165346,0.173886153809686,0.0965852062835391,0.117276964295202,0.0818371133651643,0.0788493149057441,0.0471309708118067,0.151937692481298,0.128880228876233,0.12190747673415,0.0743494638068836,0.0496041638467312,0.0309882897652386,0.0636515189158011,0.0810315478441265,0.119932065694882,0.12845180498213,0.0728689049560711,0.0877748120833668,0.0679605892684481,0.0878363631419872,0.0889756062665911,0.153320325894504,0.118168830416777,0.096928436659772,0.0253070357574208,0.0594702990979318,0.0942459872280759,0.118658548658103,0.0937858429897609,0.0481743255816071,0.0552228196651082,0.0403680447655666,0.124137930889907,0.0944956383390579,0.106314221651304,0.116060124731049,0.0766250220803113,0.0630451870191356,0.117283904389615,0.0848344554284687,0.0974783110225525,0.105692869668576,0.0459383036481691,0.0866105644114992,0.0449008170305106,0.0431121441496954,0.142249570107676,0.119665037619559,0.180219115248964,0.121556280463101,0.153412551040818,0.131498294823836,0.0863904291130384,0.0526176104383704,0.130163991449834,0.113688004753655,0.137305069033336,0.159661751627622,0.0734963487701099,0.132088501103633,0.403946936828208,0.224512690564075,0.0015022754058984,0.0046501436598089,0.0071103530939916,0.0006810224492385,0.132657959914973,0.104301525972995,0.0765892987837001,0.0794835587079803,0.129136728473209,0.0679936439284577,0.0514362716003035,0.0552995465396965,0.0365043522432348,0.0316418077090164,0.0707587358022465,0.0920987116707497,0.144811613574821,0.131429388437253,0.0713131810192605,0.113367285595198,0.108322526590628,0.0852562331370694,0.0964849730262843,0.0657500437417302,0.0845947106537003,0.102702229024167,0.115645222190238,0.052928328018135,0.0608396494722428,0.0353504030828728,0.0456892104909977,0.0355158895431132,0.233251647781193,0.396408335195559,0.121013784370155,0.160954171885367,0.143432118168409,0.215852768962131,0.180854569013727,0.01654563157641,0.0489548147049192,0.226527499391003,0.137764204734961,0.159803931019269,0.49091950361843,0.510192023636288,0.0484074482497967,0.0519780422896147,0.0622192346213867,0.0720192614545323,0.0545234904218667,0.0484106807255992,0.031307191393959,0.0311666451114494,0.125490203499794,0.132352949003689,0.171898049381562,0.180145139571309,0.0691441482332585,0.0560855648141693,0.0891957995346815,0.0570572498653973,0.0602652861476492,0.0424836626431594,0.106246053089102,0.0833986977425714,0.259084627427712,0.257668271730025,0.130252108543313,0.118133683814701,0.219094753657059,0.302470606123097,0.0475990275328123,0.0343768588363398,0.133670302179135,0.0486148963632949,0.122699731774243,0.0540705620028134,0.0957292148469299,0.0542741185557706,0.0445180915584657,0.0209954763547732,0.0174986339541545,0.0122730580969127,0.0305697826613836,0.029495485331026,0.052543951721324,0.0243443894006481,0.0115196085243952,0.0099889018115991,0.0282458946222087,0.0030769232588891
0.0414992850941106,0.08476333063292,0.0526142479881484,0.054993003183377,0.0381564430001259,0.0506732661291787,0.0170595801391895,0.0429809833544768,0.0213253720579571,0.0437078995046499,0.0308636863654021,0.0551010711457302,0.0247628418232648,0.0253524565309178,0.0963992221178398,0.0713633323436749,0.0393405895210155,0.0282188056161659,0.0757313665422178,0.0477226813969808,0.0283175178327318,0.0142105331841751,0.015087338644252,0.0120298730630596,0.025264707376482,0.0266576694745845,0.0554319954881682,0.0402218009746579,0.0287806497637521,0.0425229831865355,0.0245421533375331,0.0436561352476116,0.018846958627412,0.063023433438009,0.044397220554509,0.0261007732185618,0.0134989208847055,0.0104814170670362,0.0280752983026066,0.0156696937509653,0.0314311939675541,0.0283807090850438,0.0130704107551454,0.0114464744277235,0.0401782791784088,0.0664867652135812,0.0813097081771001,0.0780571895688553,0.0368077610798574,0.0302286889147186,0.0943717220568031,0.135822482811416,0.043872326409236,0.0459496933658413,0.0322117707783017,0.0706660562420063,0.0182463771522385,0.0288201437405571,0.0700927534751618,0.09994781919778,0.0776684278947556,0.159185339711794,0.057782842748292,0.205913708511079,0.008911343726708,0.0792429075212375,0.011539458750399,0.0577919386850139,0.0858651844830748,0.0860264891880503,0.100759828049271,0.107986801582777,0.229927318693728,0.07406616073723,0.0003982112724023,0.0014266961893361,0.0034782174311549,7.87815172641006e-05,0.0212200448279166,0.0341286735672758,0.0157682594554401,0.0464181847903077,0.0819443857112939,0.0598248078991845,0.0113588218206053,0.0329545423497715,0.0302798355785384,0.0397678302917665,0.0297536782301904,0.0479809241911842,0.0414920967944178,0.0913182774222694,0.0124692017229843,0.0652991230370271,0.0783664982908008,0.0655607692461465,0.0539050140811337,0.0484013146066143,0.0295032079859638,0.0430512341807212,0.0508195102955095,0.0349994512877213,0.0221263664279754,0.0145298119171503,0.0072474563730102,0.0065391797172907,0.0596813760785153,0.157741407774837,0.104170787182795,0.102203738414366,0.0530753385361382,0.0536692067044109,0.0607186209346821,0.0020495442186823,0.0183344613051513,0.0698529453075025,0.0408963609619864,0.056907311743337,0.189967648774946,0.147508178658124,0.0151082946071711,0.0144878439940512,0.0285852756170083,0.0147347879713539,0.0208684525493347,0.0063394230080453,0.0059477127700423,0.0042023494459582,0.0382352963788435,0.0200980404042639,0.0373843159363605,0.0257874030998439,0.0105060949509435,0.0041497328657318,0.0293833492796166,0.0209640973339971,0.0206459066419698,0.0146542836323773,0.0279728036783185,0.0106574400766369,0.0615862142133309,0.0347191329488556,0.0275394384560168,0.0209532000369182,0.0829576739549602,0.0611372585175559,0.0124363080953468,0.0083296202192837,0.028658099702754,0.007888526247202,0.0380384076943752,0.0083554064463797,0.0528973378524695,0.0400407630142234,0.010715272657993,0.0028959277730721,0.0030153896010284,0.0020188817461193,0.0049734720357638,0.0057545718318374,0.0068965521319929,0.0022109256532242,0.0114379091731583,0.0062893085480439,0.00211976695101,0.0003016591430283
0.339023854200315,0.26684718943314,0.428150466194884,0.394562060009768,0.470640469499103,0.398234813351895,0.469583786129541,0.447455491850504,0.521423867274966,0.402521422880376,0.566684766374362,0.447618593349259,0.516280196444803,0.539738323930593,0.383950267918625,0.416906103831062,0.626517463131877,0.669416785700124,0.419201555670884,0.467519369030907,0.590314742156514,0.619770514937368,0.638444758368221,0.630867256679816,0.637006276531081,0.520741403029389,0.551290255238073,0.448204910311755,0.606784972081345,0.516478832403456,0.519889052344195,0.347924509520415,0.628747214202824,0.601221371547643,0.552801044905321,0.535078089194728,0.571763469209265,0.352079330157287,0.622687384296274,0.571274854495137,0.581704894259488,0.716439798483979,0.760701916644889,0.748592707142609,0.499210679238853,0.423347687583368,0.355125003276034,0.330887191852975,0.569968211909407,0.542197602397494,0.238119039144558,0.282826848803579,0.395395182978499,0.442887276420878,0.51314728712432,0.512524069248274,0.71782012414342,0.691419468072947,0.365791464108805,0.308941897402491,0.25358758561838,0.191514456888173,0.471753555628056,0.387356244206782,0.52717937425166,0.466289238295619,0.492038626293721,0.463319818787136,0.42658816048209,0.418487998805345,0.304917604043941,0.304721380250014,0.363389235940435,0.45472613773497,0.575407905223203,0.770130787569763,0.114013257093963,0.414758427889735,0.390832267122136,0.583168000469534,0.534810358197791,0.512399915439926,0.487339618353079,0.436180013485384,0.589285352376179,0.55782293534122,0.641140798856551,0.461912989637627,0.653581380563901,0.566163274151091,0.517817707059902,0.50225515380688,0.582746633630692,0.441318669758773,0.348742090981806,0.494636289553508,0.578709402416005,0.747974925243788,0.71806437563688,0.753067934644359,0.650997189496461,0.525938196631832,0.70206317731946,0.665162135371264,0.652800756131186,0.612511245898755,0.196847778525908,0.216614268575546,0.304330671122365,0.363089116759958,0.471618043518314,0.516275597362518,0.564685701476602,0.728389053001143,0.70271865774017,0.191868008545758,0.386503715243481,0.312767398175889,0.524157655212883,0.406658520781396,0.0886858757895236,0.121706673864275,0.178426896180378,0.117135309574179,0.280562486569034,0.145491097978441,0.262436990310172,0.188712632246893,0.290196095593274,0.302941194386221,0.508184343778994,0.527671020861631,0.59152096767935,0.461675606625663,0.259380521165018,0.193628776630002,0.261245690190288,0.201410400628096,0.489105025762617,0.377193409465619,0.562015165376816,0.595755202163992,0.692348559299498,0.542808104235081,0.44033354262508,0.357078452489804,0.684613066635976,0.605213939535051,0.626879512946299,0.634492291214827,0.525275513157922,0.505251473797211,0.745191813915833,0.778538250929948,0.0896437501233124,0.086153851248897,0.061104604816695,0.0481481509955807,0.075367939866641,0.0910773351945485,0.0787102818691798,0.0539094682087271,0.121568634640425,0.0927118071846945,0.224112360895536,0.11788839309548
0.356526607896316,0.293978188364107,0.326429338465627,0.294923533082614,0.378616618796592,0.29805375764112,0.422557545107496,0.336175369220232,0.406871297680139,0.312807786887753,0.485476614922472,0.383101718712242,0.478356482207114,0.437879550357676,0.316155255826884,0.362232801501634,0.524990623446068,0.61727348990731,0.274369576884425,0.331561158590492,0.368604974211041,0.451159088436632,0.453728854044697,0.548480095602759,0.444183626981579,0.418052817498943,0.343035473745804,0.247020257891024,0.472867199524866,0.373091665138603,0.372708293167297,0.185054245403661,0.522990965731491,0.457346044550025,0.515873948339173,0.460273228647733,0.504419205708532,0.25271877409098,0.576191336776706,0.49477990738539,0.529925048380808,0.66727079051832,0.774039707094992,0.710001623266444,0.408893240458297,0.384946182852143,0.355410870434011,0.339672511275372,0.474999092155728,0.501085067996831,0.294268024752063,0.330806050397664,0.411603033079735,0.391688419208839,0.482590514255983,0.423024866905481,0.636108742685951,0.572743924914803,0.351014545273484,0.262339801023271,0.255564274715956,0.150535871312308,0.417013855122442,0.258277586525822,0.49587824526179,0.351873394272294,0.454682172552479,0.348807825713644,0.352403204336386,0.327286299870647,0.270635490357932,0.284541835947506,0.384217316196987,0.361833688042155,0.456699106791254,0.606849746004313,0.109541263253906,0.374471310661257,0.36466233093395,0.486676145011155,0.482684108274899,0.411988369527534,0.336705597084929,0.27626031118813,0.552114858751921,0.465172202072536,0.344304006857048,0.211946838442442,0.556853280480755,0.423090368833665,0.442420348115581,0.357116564866918,0.390925960547788,0.260442094926579,0.382107865734724,0.419342641073059,0.567381297170909,0.665862807249823,0.675754143257621,0.668977864676001,0.458797580342139,0.35371780016504,0.569231722099624,0.556539308068636,0.649356973351202,0.619884789077009,0.18993397092749,0.203899999726461,0.355489746889667,0.42357243647035,0.419403681002428,0.437294566318847,0.456145165443718,0.653602878966487,0.666863911423227,0.227661077889414,0.41662849420863,0.365953675831075,0.543137287022546,0.558782712784402,0.0772692006791273,0.0846494167707861,0.175111959025571,0.122753255489679,0.243777763081193,0.134062866177184,0.291755386068308,0.186045216674292,0.288235311163589,0.240196092636324,0.604251016126946,0.589211861308257,0.603047200475467,0.459037460302087,0.236055711601469,0.230121445559944,0.226066910716541,0.185620926010112,0.470351071459346,0.370519053053987,0.567172880941855,0.578876557816575,0.703169730512944,0.543852901777905,0.37414332430714,0.351803942373954,0.444211843536233,0.418408372932004,0.442171743321303,0.453680279795573,0.442482605976753,0.369922399833645,0.718717444653974,0.751981373465708,0.094780452995443,0.0550226276883712,0.039762520904753,0.0327668864693907,0.0542376041302786,0.0764749990148323,0.0692106193736404,0.0384571958513386,0.0614379121301075,0.0455789890070007,0.266481202828849,0.0754751175856934
0.0307096878459685,0.0491727154713104,0.0522671851178428,0.0607723636500161,0.051453189154254,0.0400524513317855,0.0287430596166436,0.02882486259971,0.0508491722517739,0.0388891190809314,0.0254709269772501,0.0335582422143305,0.0160251458234748,0.0212183834236289,0.0697715503786271,0.0334315399233696,0.0143812208762716,0.0041706391548606,0.0752655819388093,0.0497980899398812,0.0413796419246376,0.0319079870436853,0.0298317701523269,0.0241952902846813,0.0474073111815166,0.0561467937596672,0.0372549041640013,0.0590391284007368,0.0221072392643107,0.036257909941956,0.0418607569296684,0.0435622679078927,0.008445989228671,0.0274227334263387,0.0159567545879369,0.009806814817235,0.0001958666951898,0.0003906936139744,0.0052880168068792,0.0116885344557052,0.0068637479499224,0.0086061461474261,0.0127495551211971,0.0062519769668259,0.0106879250489611,0.0085972653144096,0.0104362461213078,0.0099292250859925,0.0104773275885922,0.0072156867012381,0.0140107808360475,0.0270176805731391,0.0167300253115298,0.0312087627570733,0.011444854920341,0.0397752754544322,0.0088006017483902,0.0168586189477561,0.0312697759459517,0.051501621218526,0.0237615738308156,0.0705509563263505,0.0185359034015383,0.0758856375514336,0.0115488797887714,0.036339573438594,0.011702021653883,0.0439816706107008,0.0192565926643143,0.0258499249590598,0.0452593814466339,0.0540951340744477,0.0408834680360842,0.016824128066658,0.0002894292066409,0.0007677951031873,0.0004567356222728,1.75070038364668e-06,0.0149041403149669,0.0407689605967187,0.0119771391246579,0.03586687354337,0.0340512723273304,0.0351376819631147,0.0145987582133212,0.0412365106504979,0.0164030655071337,0.0272160017416772,0.0263331817043763,0.0531235044398557,0.0302077937007651,0.116947499659477,0.0529636965293244,0.143519093022662,0.0001369665594264,0.0004049446104782,0.0008867102920905,0.002537519222736,0.004786212288515,0.0174883947204111,0.0379219060469196,0.0858779517630262,0.0107341777184664,0.017312333235748,0.000430402335975,0.0006949999199159,0.0043607028722666,0.0840794229030656,0.0014388490059553,0.0001547987707645,0.0017507003836466,0.0103575398546463,0.0151708114894645,0.0003005729218343,5.63443801633414e-05,0.0001838235402829,0.0119174949752239,0.0057263818003279,0.0095564445019564,0.010927288227928,0.0018644542913004,0.0015686275437474,0.0025162652360799,0.002844985431567,0.0004629023375201,0.0009736924958341,0.0005228758479158,0.0003556554096802,0,0,0.0071725494437851,0.0039756062255409,0.0023184951026672,0.0007415330206806,0.00059107704547,0.0004205435774121,0,0,0.0004111322191273,0.0006612841605994,0.0038789431108971,0.0029252783923938,0.0015922159278639,0.0012308573792178,0.0003665017625578,0.0052745101158507,0.0074664568677627,0.0014631611085144,0.0574076714064143,0.0264736157026355,0.0308402222095342,0.0102095065449931,0.0107215753086514,0.0027809281265933,0,0,1.56237803162094e-05,0,4.61361042278654e-05,0,0,0,0,0,0.000635930085303,0
0.374284469322639,0.337170975278605,0.362627854919694,0.340734491855876,0.434038797600726,0.353453482534445,0.443506108815676,0.386969356722868,0.420217463348972,0.36632872422855,0.509988226913086,0.443855188451324,0.543548099144959,0.495314623950701,0.360091165345033,0.410129364898524,0.563687492803153,0.609361643141541,0.329499763902763,0.363052698023849,0.399604594250441,0.500857300098475,0.480960628646043,0.561333103337475,0.528795040185055,0.465957843855094,0.416682182832749,0.332486856990457,0.513482583882069,0.430504027416858,0.514248064651182,0.300492821275219,0.569396285177346,0.519810045142277,0.523962057837507,0.451497316493086,0.469823853643541,0.255662877279431,0.589124203821102,0.521255678963162,0.531390123249921,0.658397028474793,0.785503611516271,0.667793366500841,0.532429823599064,0.438077277227101,0.455957794687352,0.419215435675428,0.577121097352778,0.550741081163616,0.388114382898717,0.395676722954474,0.475915411143681,0.475256341308291,0.541610438148103,0.532661265863343,0.677355910946987,0.624673369341431,0.366082407841627,0.313403797519163,0.33312493068201,0.246699022725636,0.441359794365228,0.334937333023101,0.52786861495684,0.414057278594242,0.49216692143863,0.407432985864354,0.419773489766508,0.38271509334773,0.322712921888733,0.360674099573636,0.403559972435717,0.386331425279263,0.527437967581711,0.643216194957265,0.133729847967537,0.43854869540311,0.460241857283593,0.581723004715128,0.511611229613958,0.462813949500802,0.389876043503961,0.350536745136142,0.557683772198916,0.537232252852134,0.446887443647011,0.336996815277947,0.628741765124323,0.537152953098269,0.520622540261565,0.406333697983125,0.425576406723945,0.307116544508572,0.374816198636836,0.478878971201914,0.580364740204532,0.720467009882399,0.728780398216583,0.725479042303293,0.559731891657361,0.408629861868825,0.677306325579484,0.609374717452826,0.605920182948734,0.570796708421257,0.215185878738945,0.188568268643411,0.333653097269873,0.396843848718338,0.417048528275796,0.481202131940706,0.488452626420449,0.630331676105543,0.601481892681686,0.148643216073521,0.481818210312419,0.39244654727306,0.568380006961977,0.548080097772375,0.107069395101746,0.106183535691351,0.225632893498049,0.155111410911206,0.243754472397544,0.178063642969051,0.319701232725666,0.219186685244755,0.346078451839276,0.276470604585484,0.670635333778337,0.645013161505001,0.666626960462324,0.513554397572509,0.222290436561773,0.165683655910963,0.233535192588426,0.168593061226012,0.495730579601631,0.406305291233402,0.620678851710577,0.651812439183453,0.714934437091049,0.609374588778596,0.351181988882893,0.397588258807082,0.493270874367396,0.417145746594708,0.495846262553976,0.48920058569674,0.438626666678874,0.366960989953915,0.700887458868549,0.723978150403713,0.0969345541998849,0.0640120701506161,0.0364034081367679,0.0348729141901627,0.0595709377790199,0.0792950035878614,0.0847447649846737,0.049180992176649,0.0831699395591083,0.0681465079146877,0.247906744920623,0.0898340927938429
0.0072454766110221,0.010709066868513,0.012559589259893,0.0108354760717049,0.0111416017413151,0.0108767052345388,0.0089033402824753,0.0069054931272726,0.0099523959397557,0.0145572975127118,0.0062153734947086,0.0137052998637772,0.0085486628854909,0.0076037481846847,0.0099578076521018,0.009761745849006,0.0098367486741939,0.004399096736243,0.0114521082582663,0.0063130551172695,0.010425700799281,0.0088006235734194,0.0044462858194249,0.0020660614460431,0.0030811053515538,0.0141501697610791,0.0065562346195707,0.0233176000233751,0.0114379091731583,0.0148325827512882,0.0086294421347018,0.0263271813650561,0.004914624913369,0.0139791744170542,0.0029229931722264,0.0012126957718769,0,8.77963177470574e-06,0.0017788017546116,0.001245181021282,0.0040218134621131,0.0022859940380528,0.0081617651885608,0.0064338239099015,0.0043032184416742,0.0019929198005093,0.0011631280418689,0.0040833611139246,0.0060037908927528,0.0056696508041805,0.0107710367234579,0.0102750377279528,0.0201852697881572,0.0196627518684558,0.0182383165960883,0.0494592507292481,0.0014132678592906,0.005304163281491,0.0053262855053262,0.0155511285117034,0.0042451220285767,0.0145280713132796,0.0023814676440628,0.0114891762753471,0.0036655428669575,0.0093686061523174,0.0081853974049927,0.0126843838641177,0.005227507978884,0.0064833502317807,0.0091807299140054,0.010952599390572,0.0025566848679616,8.2178245441047e-05,3.79014437267954e-05,0.0003594425392926,0,0,0.0109629636113014,0.0089495241137999,0.007721442692069,0.0251373375416807,0.0184336624924521,0.0259778291396905,0.0089361103831792,0.0207240994382598,0.0065530454466236,0.0123160223349777,0.0139371944516824,0.0450343728915581,0.037068467688263,0.0851508402943086,0.109609557800085,0.154164012933083,7.56920459988417e-05,0.0011982571514737,0.0003276688646939,0.0017524083840209,0.0013261917121078,0.0065380417870572,0.0710700561554155,0.1034350505468,0.0116491065421744,0.0217279212224395,0.000544913049216,0.0008161856077826,0.0037683825757994,0.0346189439637182,0.0009592326706369,0.0012147403539162,0.000149638811739,0.001329211008263,0.0127981612581841,0.0008250625840955,0.0004648411363475,0.0015143558318543,0.0007130125198851,0,0.0018656007195054,2.04248378092113e-05,0,0,0.0002530623382933,0,1.16453418244055e-05,0,8.40336184150406e-05,0,0.000490196107421,0.0014705883222632,0.0003882353170774,2.70186830862007e-05,0.0001324854344381,0,0.0018527992002234,0.0013247122688483,0,0.0002407980878559,0,9.22722084557309e-05,0.0002184569609159,0,8.84564404368849e-05,7.15614755359227e-05,0,0,0.0109003846254824,0.0068627455038949,0.0144205218522833,0.0028889798367917,0.0135318432893212,0.0015101351001602,0.0021164982278781,0.0001544960070329,0,0,0,0,0,0,0,0,0,0,5.29941737752508e-05,0
0.0368842680827805,0.0740761565807988,0.0761253417005095,0.105872700637432,0.0680945149620998,0.0674681311585594,0.0178520166211284,0.0584440601354627,0.0371430642454636,0.0432202102113532,0.0268547975606084,0.0267605570633656,0.01260816141881,0.0169701399231766,0.0541190658232666,0.0346548593529818,0.0217359639432703,0.0119948818856639,0.128619135738941,0.0705854829769335,0.0645961204309098,0.0304099110892303,0.0145608956415639,0.0056487699090065,0.0127263822143008,0.009240315029744,0.0218032146740965,0.0201199781930219,0.0135309687429403,0.0458232874605629,0.0220239885623548,0.0511707372773325,0.0071373925156416,0.0350119107888583,0.0169853835140193,0.0176962352369906,0.0025949690265422,0.0015715540876723,0.0022453295950435,0.0107889779625942,0.0035476564911312,0.0094388732804391,0.0069139932787617,0.0173703362581305,0.0074814606970526,0.0079527140651568,0.0061160102107361,0.0195889111606714,0.0056378401948977,0.0074720805782936,0.0162686973132754,0.0258457892420221,0.0163536327720797,0.0361667996491015,0.0119235905449106,0.0390139597608035,0.0076546170849606,0.0169209155142274,0.0277018737540133,0.0733669577118782,0.0264041225319349,0.0921511323271176,0.0093353611777398,0.0599551752054299,0.0111866966775558,0.0341994974235207,0.0072835702951763,0.0356024508475465,0.0117281641812089,0.0172622596762488,0.0641786255777518,0.0403139389635417,0.032271964918199,0.0200078167361922,0.0003859056088546,0.0005818447266341,0.0005721742960341,0.0001505602329936,0.0103246193469709,0.0274549193337118,0.0090899779919684,0.0238474709935002,0.0198218520916002,0.0420469557970862,0.0063437843476774,0.0209644723083538,0.0074659139592515,0.0165687936190739,0.0276395543306535,0.0454161112153018,0.0186905391722758,0.0513902494700656,0.0475541987250964,0.0772083182174147,3.60438314280199e-05,0.0004878280102837,0.0016840959601621,0.006196056024464,0.0015128366290421,0.0156199146273888,0.0135981238140669,0.0384721327004065,0.00345864916492,0.0084811572623649,0.0016911483659935,0.0037670571073384,0.0031692540000626,0.0159976578704902,0.0025015283371511,0.0006084451684217,0.0013541206756879,0.0032199674226014,0.0085177890624558,0.0023299444611989,0.0009127789586461,0.0018557424066654,0.0061879300832893,0.003409091110701,0.0077289172665225,0.007638889340645,0.0018644542913004,0.0015560785233974,0.0009727644493262,0.0017380757100246,0.0005007496984494,0.0006997484297278,0.0009990663522677,0.000758107583792,0.0049019610742107,0.0039215688593685,0.0097803927352651,0.006905203434459,0.0027291999494254,0.0009696970270438,0.0010230179633135,0.0019029596877901,0,0,0.0008697027712309,0.0011841600085152,0.0035992116365536,0.0029756228574803,0.0027126641733978,0.0008014885260023,0.0008429540538829,0.0048823532299138,0.0181449209918959,0.0096628050871941,0.071611631342022,0.0409117066073246,0.0446799572688058,0.0270683899317391,0.0136967671032688,0.0041155106554312,0,0,3.12475606324188e-05,0,0.0002214533002937,0.0005111258288615,0.000422582851225,0,0,0,0.0001854796082133,0
0.0001110796057372,0.00033230685543,0.0011424488335172,0.0006157574591658,0.0014749388535028,0.0005911603674063,0.0001364804191181,0.0002284545118216,0.0007817164496754,0.0006654452039374,0.0005546322050796,0.0005199219583287,2.53036452211281e-05,0.0001138021015725,0.0010361015069756,0.0004389229591121,0.0003971208971512,0.0002662475572501,0.001239580129929,0.0001711321930781,0.0006292781740607,0.000492486743437,0.0022070331784826,0.0022167391757068,0.0016167558888396,0.0009590793406064,0.0016620193077797,0.0024366075030914,0.000166856876071,0.0006483520707779,0.001286453743841,0.000112119322442,7.38723950903658e-06,2.32635440809999e-05,5.45504169000264e-05,0,0,0,0.0001956576737775,8.65356764686245e-05,0.0006505874718124,0.000505785382922,0.0014928699635096,6.52277078423198e-05,0.0004126938884886,0.0002728872473338,0,7.95191719201315e-05,0.0005311432762987,0.0006681586072891,0.0001492837340316,0.0002986969911461,0.0016744738701584,0.0010572628151002,0.0011595924921565,0.0066724165804878,0.0010695573794661,0.0059364734311747,9.69812442739528e-06,0.0003699230368584,6.33812884655815e-05,3.68419216648599e-05,0.000226768285084,1.6400613259441e-05,0.0001920194943082,0.0002637225258769,0.0015667052060712,0.0001552847258097,1.80627817360372e-06,0,1.30815862617928e-05,0,0,0,0,0,0,7.00280153458672e-06,0,3.93731813189615e-05,0.0002457385538508,0.0015113209501004,0.0010776684851864,0.001761115611639,0.0007352941611316,0.0019594502601925,0.0021380341479968,0.0018645622788594,0.0081058521950581,0.0073037428454039,0.0032185715220643,0.0052266604595643,0.0086511589686677,0.0128168799895943,0,0,0.000223529424984,0.0007054041545815,0.0007448434359514,0.0028057241268212,0.005850511490622,0.012311816840321,0.0007042510054152,0.0031917968380952,0,0,0.0005514706208487,0.0046923174559425,0,0,0,0,0,0,0,0,0,0,0,0,0,0,0,0,0,0,0,0,0,0,0,0,0,0,0,0,0,0,0,0,0,0,0,0,0,0,8.468019130431e-05,1.48544274976082e-05,0.0005582137491206,0.0001762587855387,7.21114934883889e-05,0,0,3.28714908580768e-06,0,0,0,0,0,0,0,0,0,0,0,0
0.654859458388948,0.708906213088108,0.659998730500026,0.660903315729399,0.731896287470203,0.721129410031672,0.642879444116934,0.716354861633161,0.73302421782832,0.679410209640252,0.824917546496398,0.747534481324234,0.727990834510919,0.655097930640882,0.685443933976458,0.646417120455688,0.850855541555648,0.798201588005116,0.678112916269416,0.678577966146176,0.792527113328652,0.763600123040152,0.842383599481704,0.808856476312378,0.877536593786102,0.835329688502563,0.861420623687307,0.705738664346202,0.842552008882893,0.760949504999681,0.846265104292303,0.655392195621971,0.754868762850658,0.78969152781377,0.79375427712436,0.613992097048007,0.6820882968069,0.33833189007006,0.723633594928252,0.635273428109571,0.771567670634737,0.830729107536287,0.932393103269119,0.820028906813194,0.802144492461366,0.511876419731448,0.783987619039584,0.652666856729799,0.745605360206466,0.650541385445926,0.697624779292589,0.642031663074908,0.691721057032351,0.796264229598339,0.769133320474821,0.799934126095527,0.850999124707947,0.771822336912365,0.665740598184673,0.637429579223198,0.612823233317181,0.610457405368167,0.740190713421631,0.743642073280661,0.754675640983939,0.797767593914168,0.763137132873324,0.742723486040482,0.707650879962774,0.582281510578825,0.637979514175336,0.575377062829164,0.580497277363422,0.488206589339134,0.503420757922471,0.636022268602821,0.122237844343389,0.376314798165237,0.588919424806308,0.877202981241406,0.687083288566725,0.708775191581329,0.808960526974388,0.72412113371156,0.766969439347681,0.807074592221894,0.866946551724821,0.761977430793609,0.827992083280333,0.796014809460638,0.806127781133459,0.731065849466347,0.834615035796363,0.701762385551082,0.520963121928028,0.633158131599863,0.702912024140306,0.841440691059113,0.826646864638146,0.839629466881331,0.814079149869971,0.807724766869142,0.825165265919667,0.798954451368018,0.787569711956606,0.759201673633961,0.517531348689065,0.496386760148753,0.491390446138432,0.695295878752388,0.706071101759273,0.834432690328419,0.839923235441356,0.8025276840297,0.794281092724608,0.386449602686168,0.549401611304394,0.541421600646572,0.732343466116061,0.628063762633246,0.13458874044134,0.138823537621647,0.21911967913162,0.149336147346926,0.315754709562388,0.154805196226053,0.359859965259342,0.222144240756833,0.44411767332349,0.335294137476012,0.783082399251871,0.727671032689427,0.69986755596285,0.520798604774543,0.377971036845575,0.254649649712509,0.405074995120659,0.229686976087753,0.698988023627129,0.451318750258389,0.801100324443605,0.738956058539475,0.809302716297132,0.60553889368987,0.566245223151816,0.412666691071354,0.657842446157427,0.524019638833124,0.839027319219245,0.592851342250166,0.70042460794322,0.421576009922194,0.880635606224448,0.824177028837302,0.214029286338777,0.113665165093083,0.08997735084105,0.0796659451616169,0.142320654322119,0.208460025546884,0.130189324805417,0.073944973307106,0.0677287621753446,0.0484646717525737,0.174006369591036,0.062926097235714
0.0006289413471278,0.0023832722903837,0.0072836900873107,0.0059328455919631,0.0058872476366973,0.0040509765971918,0.0003088518827103,0.0019520246707954,0.0009889207354931,0.0051474009662109,0.0005329527703533,0.0023999418119619,0.0002252520574586,0.0005737982985439,0.0028555578553867,0.0023678684176691,0.0009976061246984,3.77899758677654e-05,0.0116228249507572,0.0062951379212157,0.0049476399882541,0.0026262141923283,0.003551620388627,0.0015192789423292,0.0063725493964739,0.0050661491423968,0.0055802685546827,0.008218349554047,0.0009509977392648,0.0001197092098336,0.0020578283291229,0.0064481647534697,7.88851647572121e-05,0.0002877478845257,2.52548226389011e-06,2.64790452941931e-05,0,4.38981588735287e-06,0.0001009846058206,3.78269723485604e-05,0.0007518345205844,0.0001805757745535,0.0017112300477244,0.00081831124384,0.0036282761485068,0.001473485773731,0.0001679106982027,0.0003235845091122,0.0039716413973103,0.002745737587785,0.001366161479467,0.0037002347358479,0.0031365044043288,0.0066835365361199,0.0056166784593134,0.0188267026736926,0.0017172786110563,0.0029300800686237,0.0017275256447552,0.0031241507081648,0.0039419838062151,0.0038990666078127,0.0023291827302757,0.0025100227448393,0.0009394124447153,0.0018793334047429,0.0017100447327937,0.0011798841238554,0.0008117136223225,0.0007145002374324,0.000849212974828,0.0018769350955201,2.47261592646189e-06,0,0,0,0,0,0.0004684096137579,0.0001338688164844,0.0009857297160117,0.0015292682765422,0.0014930953808918,0.0031694219172643,0.0009581736943924,0.0021203288647374,0.0026652384383622,0.0028457804349103,0.0023613665612174,0.0061087778615838,0.0047827547215416,0.0239157572937445,0.0113477551900089,0.0420811476533624,0,0,0.0003795207196122,0.0035139261033714,0.0007656782173767,0.0103866956822579,0.0091897106155331,0.0328348774650642,0.0036973827222703,0.0141568550867207,0.0022044722529361,0.0031956665890466,0.0059061822664969,0.0311135793464996,0,0,0,0,7.58035217661449e-06,0.0001775195779961,0,0.0003501400767293,0,0,0,0,0,0,0,0,0,0,0,0,0,0,0,0,0,0,0,0,0,0,0,0,0,0,0,0,0,0,0.0003328807520238,7.4272137488041e-06,0.0007849392214525,0.0005635742284393,0.0001345000889783,0,3.02356889696882e-06,0,0,0,0,0,0,0,0,0,0,0,0,0
0.377474636672892,0.323539434900099,0.43123527935795,0.406511522514432,0.472873923474228,0.369859922623562,0.498792957073761,0.399774021876261,0.476424097209729,0.332743112266123,0.500004847221653,0.388671670134208,0.550587970165402,0.46822751402688,0.443113307847688,0.454394631614374,0.597689368327788,0.645456223273784,0.388475336227679,0.411660213256718,0.528583439588446,0.550224514856008,0.595835094612943,0.602658280146452,0.631970625609392,0.573852296259038,0.619305795045863,0.465981327485039,0.615250581047601,0.53665813526403,0.602555524835276,0.36413227017855,0.619562237193266,0.572351867237028,0.65775478427984,0.531278457451504,0.57130821148531,0.285561913288191,0.592735455402167,0.51153829249121,0.548487341471025,0.689974838143839,0.748598529119838,0.658181174281532,0.589028804003878,0.448833143885044,0.53134776446793,0.444088068783294,0.562704418134333,0.532128334964838,0.429663347546906,0.484681141023567,0.471843405377839,0.554864609722107,0.503082378525507,0.511650737052848,0.736856249896614,0.685249382517505,0.364018470633942,0.313907457030006,0.370329509628204,0.316792212660043,0.513156195960489,0.407562164200485,0.548321032801819,0.455205194093623,0.557407718971578,0.516300169310437,0.513333836102559,0.479620633114598,0.341167042952765,0.380992024595463,0.375269537313103,0.417174127606682,0.545429832141475,0.674035970271144,0.142160217200625,0.415751075007263,0.459483687304116,0.554025940316305,0.503951701935457,0.455536542724249,0.502606652139148,0.362599306299698,0.594614127260635,0.580098340355993,0.66341518012449,0.48989092214442,0.657138366068375,0.597387539669957,0.612441374644655,0.548194748372525,0.424384303624271,0.326784823941946,0.396319948466793,0.470462753975951,0.621054067229593,0.76415538212289,0.788249519959329,0.79436757114653,0.23947713834544,0.151940597955282,0.249397335945733,0.169717021624889,0.319951958270444,0.276489388367103,0.198263900614014,0.220098052232061,0.38216958107199,0.450419273283363,0.483780066941382,0.576094056584281,0.600298196002337,0.724285930027915,0.686116786125041,0.186659674904409,0.368449219650674,0.289148858454692,0.417075981261679,0.35994691671173,0.0899474898599702,0.111033732056618,0.157390416271609,0.0976487704523001,0.232484692846976,0.117084289384382,0.273958933101745,0.173728308275893,0.327450999757275,0.275980408478063,0.534094149232842,0.532364552094891,0.572231088425159,0.415287012081932,0.277601607778258,0.216537888009531,0.260611318757155,0.187960107434998,0.471252399785895,0.382945043792692,0.522077503168396,0.541873375978006,0.648798505124405,0.488965250041852,0.361095861560082,0.26568629022222,0.542703666042936,0.456996461963916,0.641239835276618,0.579288493469375,0.535650655563751,0.430398620163264,0.717964575998629,0.733711398846789,0.133057174397449,0.0702865803256058,0.0638856377129803,0.0440087171995805,0.0761153447551324,0.078501877301697,0.0897735009142519,0.0509642570283371,0.10514706504182,0.0784313771873713,0.23031267922724,0.100392162799835
0.0005378810946148,0.0004253875714798,0.0012725974098818,0.0011399976193067,0.0010047551897838,0.0010112564141982,0.0002498205595623,0.0004852906424433,0.0004380558334407,0.0007251529585373,2.04750216858924e-05,3.02867160191508e-05,0.0002957053441527,5.89266545359664e-06,0.0011039115879743,0.0018344622780038,4.16336424432759e-05,0.0005221887574454,0.0014486343522116,0.0012057354113651,0.0001643077355889,4.00861302797604e-06,1.95618164933291e-05,0.000208580088661,0.0005802139380565,0.0001902371366964,2.76634372133787e-05,0,6.91634719465355e-06,0,0,0,1.82042687901259e-05,6.92367383363094e-06,0.0004245335685599,0.0003956280885132,6.35243335750847e-06,0,0,0,1.25305753430744e-05,6.49553145875977e-06,0,0,0.0001167960610241,6.40073369711553e-05,0.0001050650434051,0.0005401107391458,6.22396966940357e-05,7.24637724013756e-05,0.0003075388463102,1.94274465786128e-05,8.8730750225376e-05,0.0001757042291614,5.73024142575109e-06,2.42867636639357e-05,1.21009866275448e-05,0.0002593094579368,0.0008410918821577,0.000469167553506,0.0007313773399342,0.0005768959590036,0.000786877936228,0.0012351484074721,0.0007942269734091,0.0011010787944807,9.69526827976883e-05,0.0004070977946904,0.0004921413300695,0.0003637810622607,0.0004418669137316,0.0005945680058911,0.0031927653150439,0.0021268649397015,1.1321210463848e-05,0,8.36512128704898e-06,0,5.22875847915808e-05,0,7.8141017123742e-05,0.0005173511926459,0,0,6.21920192944175e-05,9.70608305236095e-05,0,0,2.03737757146882e-05,0.0003734696235904,0.0007753120915299,0.0003074832833936,0.0002513096200136,8.1043286536313e-05,0,0,2.04793040433692e-05,2.16346714076663e-05,5.55594171339112e-05,0.00043530506698,0,5.59961845555904e-05,0,6.18054884140084e-05,0,0,0,1.23319775451842e-05,0,8.59993170914158e-06,8.10850704004778e-06,3.96384992523777e-05,0,0,0,0,0,0,0,0,0,2.50980406999588e-05,0,3.41170804584989e-05,0,0,0,0,0,0,0,0.0001080747323448,0,0,0,0,0,0,0,0,0,6.88924259078261e-05,0,2.86245902143691e-05,0,0,0,0,0.0001071082403774,4.00932001440073e-05,5.67169049908676e-05,7.35754007386222e-06,0.0014452659327511,0.0001709317524619,0,0,0,0,0,0,0,0,0,0,0,0
0.188145913276613,0.232519253330841,0.253156495222655,0.238261797539796,0.233602536252879,0.201050100649682,0.1025817998631,0.171502063429819,0.10580754081724,0.100117598285553,0.0939954047012503,0.109562195199278,0.164001855376445,0.170604818504121,0.243458510977703,0.133736083528635,0.23804035066943,0.142784270637824,0.476434900253047,0.362652777019622,0.266801673854683,0.196173504363092,0.106652174216718,0.0827937935527427,0.0594420712515288,0.0873062158922587,0.116174264383817,0.115438157395764,0.115320579493455,0.212486468824316,0.0887429135790104,0.104372659489138,0.0960932115335479,0.297986059496968,0.0936203851670855,0.0794117694022134,0.0663278741635318,0.139432258758027,0.174096408511823,0.121981622270039,0.14621727878628,0.0960780040190992,0.157823093112463,0.0884507484313931,0.0972859085999133,0.144619968304445,0.0511760224151868,0.0465493528299907,0.0883653943409125,0.0998546521116109,0.0450434959029962,0.0509890681390139,0.0477375940311519,0.0574552829357821,0.0676955094107072,0.0987400680928019,0.08357896706032,0.0888146574039758,0.176440244801624,0.154656038442564,0.137971807048559,0.132845571824513,0.12212994624361,0.108759026768657,0.0894576673361452,0.082693153071647,0.0731666793516589,0.110803346153477,0.0461566598369451,0.0827278372198579,0.205198852234671,0.0763111031150811,0.5620453810122,0.29836162489028,0.0030582035048646,0.0094991573253112,0.0270728785334053,0.0008946078960434,0.19027016375783,0.358760553542113,0.16283114818265,0.154961430217878,0.232719171464766,0.239194451262865,0.0899495970542383,0.0974874312185913,0.066123234659714,0.0537406906915912,0.115341765399626,0.121969253162853,0.0742900392702384,0.0854403669982385,0.0056328553758776,0.0371006903673351,0.135059840743933,0.141399080068174,0.103415256660535,0.0907540305544115,0.0631999944776809,0.103294833789127,0.0419289449968129,0.0065552254739585,0.005053929660772,0.0024802903563532,0.0053791830614123,0.0032532297907833,0.160270298149246,0.327410920830253,0.112935540604693,0.27229963770655,0.15071724317539,0.112163740051145,0.0397463132460486,0.0002602275631988,0.006020397020453,0.144896717252517,0.221670499485736,0.311073993441162,0.518123007987545,0.329861130618762,0.105316808067923,0.143560792803764,0.0638542685943317,0.0486604337006134,0.0479758969810947,0.0232882232719222,0.0613445414429797,0.0419579789893777,0.368137276673224,0.224019621091429,0.288952958264854,0.242160736877878,0.0908585109376676,0.0603065989318896,0.0911850011300134,0.0497503052078607,0.0880334538797957,0.0428964593651982,0.13221063400476,0.0845521003482681,0.263443110208913,0.167464238838481,0.100250632495136,0.0625161050281821,0.222338294255695,0.200470600090921,0.279611071680235,0.138543531663317,0.415395465038904,0.161172395152486,0.296027403667835,0.130938461924489,0.199150388967748,0.111828811899177,0.0524164626414192,0.0267270000723119,0.0273572393336827,0.0236601321181903,0.0600692077046808,0.0606389108344159,0.0743914851296597,0.0271362882182232,0.020016341053027,0.0102108774074125,0.0296502402272528,0.0015686275437474
0.0151756429069701,0.036920277539947,0.0247094067839931,0.0277201786684068,0.0268563731584087,0.0291151271958969,0.021150214708054,0.0323445337212573,0.023731965521674,0.0284101802564611,0.0157591424264152,0.0178293410283849,0.0110735697586345,0.0199525652258782,0.015702257611447,0.0157387890651777,0.0178320093172431,0.0083979632735229,0.0186074641391179,0.0160708060297062,0.0091105571397326,0.0037795494263774,0.0090507922134282,0.0038656404444279,0.0188467034318654,0.0174362992219388,0.0242021879492407,0.0253918557742217,0.0264507053025532,0.0296380780171395,0.030317509506692,0.044175013042169,0.0079808569695841,0.0226520452080137,0.0030209818840653,0.0034591868751556,0.002842713927485,0.000684811278427,0.0053321975719257,0.0201959759902074,0.0119646945605812,0.0220999631998536,0.0043404637148011,0.0013381563093712,0.0191528172635591,0.0262754069336776,0.0110324741283617,0.0224409299457722,0.0152936505838931,0.0198682876200031,0.0289657095188188,0.0419140221559794,0.0394944923215511,0.0523834588634327,0.041548417785005,0.09987064172377,0.0336513577251251,0.0440635295257744,0.0142027142994186,0.0362170680945621,0.0274035053950065,0.0495274556742777,0.0093357618284201,0.057083610052738,0.0133320852145731,0.050491440695848,0.0176921930125988,0.0575034728249961,0.0085871853817869,0.0099036128728709,0.0109536482298745,0.0184292627467036,0.0132723841392658,0.0154857145447545,0.0002234708500255,0.0009805075686737,0.0004031988460357,8.7535019182334e-06,0.0075795211454129,0.0219367679718594,0.0110221534153834,0.0510632650008396,0.0231307711855849,0.0465283300765889,0.0302165926726245,0.0580105789468989,0.0266296600607619,0.0383918122379105,0.0712735949013222,0.126712317382451,0.0661020882312216,0.139641283952811,0.103096730531265,0.195502340977279,0.001164215755125,0.0024888700913021,0.008319826200087,0.034614904918808,0.0147296117236997,0.0511491646394159,0.0715443313636212,0.170701155721882,0.0174992476863834,0.0518966456082794,0.0041302829672463,0.0114320518649114,0.0203227136201652,0.121297331134431,0.0073729256252876,0.0022639320224315,0.0026352647880155,0.0068825647535211,0.0098165560687157,0.0035443397561268,0.0039215688593685,0.0044292719706261,0.0020881080939494,0.0028520500795407,0.005368361254087,0.0085375822042503,0.0006587738495928,0.001807058930397,0.0014681205157727,0.0031823654494344,0.0005677104139397,0.0012893237024347,0.0002801120613834,0.0003743741154528,0.0009803922148421,0,0.0017215687292628,0.0026941486848811,0.0010201378451735,0.0005846702663058,0.000579710179211,0.0014719025209426,0,0.0009287926245872,0.0005692599957147,0.0036601309354106,0.0034686702818599,0.0088235299335792,0.0024030666318687,0.0018605983639339,0.0026021625141604,0.0108431378961541,0.0113413056215841,0.0056298280215935,0.0234481047109613,0.008067054459164,0.0102301091773528,0.0027719532228275,0.0074349559176463,0.0061995631758332,0,0,0,0,0.000387543275514,0.0003172505144657,0.0006169709627885,4.84144303625748e-05,0.0005718954586579,0,0,6.03318286056702e-05
5.56093145117493e-06,0.0004707680451926,0.0001161573527646,0.0001793050529485,0.000287135061813,0.0005313483732292,4.48638055924872e-05,0.0004541059007989,6.20256047349713e-05,0.0008452521443164,0.0003450643360593,0.0004778570749688,0.0001552949206708,0.0001690458402,0.0002187274666555,0.0001482372876511,0.0051641729569063,8.07331302629533e-05,0.0007561012820014,0.0003739640407129,0.0001206741460549,0.0001798149272549,0.0044716011113574,0.0017745757069995,0.0036042782880196,0.0009314515406712,0.0001029079864337,0.0006952009609875,0.0042630635021045,0.0008895180701508,0.0003757340721856,0.0006205674125862,0.000647702606953,0.0003403678056612,3.03057871666813e-06,1.29057531685983e-05,0,0,1.63048061481257e-05,1.03635540680987e-06,0.0008816512811387,0.0006789995551556,0.0017468806737187,0,0.0002212178181851,0.000215465027335,2.1915407826846e-05,0.000299143551509,0.0009179185343259,0.0012926258223951,0.0010568283575073,0.0011406686491157,0.0048213377021785,0.0050042994417275,0.0049097750397912,0.0120050959735548,0.0037519427485719,0.0042279900956992,2.95981719537388e-05,0.0009775713112681,5.83962433053672e-05,0.0006399905074835,0.0001043695022339,0.0004450033064395,0.0002661733640614,0.002637721911361,0.0012637280723284,0.0023200377412873,5.83566794548893e-06,6.90628512752503e-05,7.63092531937915e-05,0.0002093301559202,7.0469553904164e-05,5.74673045042286e-07,0.0002096885068521,0,3.01144366333763e-05,0,0.0006056645238358,6.89030673081826e-05,0.0001863855408443,0.0023913642005772,0.0007930877099831,0.0004601541935133,0.0007021647601039,0.0028301070343396,0.0009790936821072,0.0004765680774759,0.0084888179039808,0.0071390579006842,0.0062915719373148,0.0075663842517452,0.0156521118228071,0.0171137950417496,0,0,0.0002827886877478,0.0006706748136376,0.0002974743792378,0.0014831504509213,0.0045852189740309,0.0127671300786746,0.0016420400609478,0.0034116204824543,0.00018784269709,0.0001642066070594,8.16993512368451e-05,0.0054291531142673,0,0,0,0.0004109191089163,0.0001541338275911,0.0004881788394892,0,0,0,0,0,0,0,0,0,0,0,0,0,0,0,0,0,0,0,0,0,0,0,0,0,0,0,0,0,0,0,0,0.0021637248881549,0.0031788474844881,0.0022821091508167,0.0002337509215943,0.0001029006704834,0,9.07070669090647e-05,0,0,0,0,0,0,0,0,0,0,0,0,0
0.352079531014811,0.291175472909343,0.322450596836441,0.289072450594796,0.374282075759305,0.28614340431834,0.424055051713115,0.359919922054754,0.415126711840349,0.317448583508638,0.461850246516513,0.35756328672676,0.492227841287355,0.453556250213788,0.332131265246807,0.374132513587183,0.467845246604792,0.604022950187131,0.289223731322704,0.336916332841808,0.350963368542575,0.433001789396912,0.423051323002806,0.46688119618569,0.408319988497004,0.343962951729954,0.243102966618706,0.164566700606187,0.363516292203796,0.272664375986685,0.21272271587472,0.0775083483468018,0.514620695707787,0.452746509548867,0.511005576179072,0.45573997159077,0.535541894204752,0.314733703131614,0.561447058365402,0.491607105307442,0.482206612582326,0.636672940028687,0.738504945635214,0.69960472195582,0.407961694179757,0.390563024224871,0.354324768604945,0.362422567698998,0.445764451463838,0.474635364812844,0.306628430845776,0.333606724973184,0.428086834312805,0.404773010348824,0.416738579791251,0.36914691213411,0.640489512143133,0.553283450933019,0.35224104313938,0.25560591952355,0.258699868121731,0.153276733795926,0.434409506687674,0.2825781929633,0.532294820414055,0.36888796706468,0.505579823624297,0.36721340250273,0.378558112290168,0.363348969030351,0.284481259283851,0.261917761056676,0.341661123486652,0.376945290434587,0.490526883657231,0.591883278476077,0.120857599331026,0.354480062980396,0.343662329692031,0.49072567670981,0.465647445041502,0.403731819045804,0.342873675575895,0.245471379445559,0.540603978931989,0.467349677863836,0.360732393752512,0.188170055894196,0.557034040295366,0.40616668241825,0.435608637242924,0.322551630354327,0.269195825183482,0.152362304897257,0.309335370081552,0.416939022478699,0.546177374348303,0.677697541843275,0.682292502789604,0.664136802616807,0.377053818175903,0.204743164050727,0.579127085175344,0.480125848219483,0.555203218826616,0.500151511679325,0.165965423758381,0.174737955826487,0.261691838488367,0.372226544200921,0.410316993158549,0.430301013767419,0.315196097071748,0.531261630708193,0.635150477048291,0.165463070009407,0.315762687377728,0.271078447403852,0.455777677820399,0.37549021828454,0.0664305063990342,0.0763545143194497,0.129246653670347,0.0783043858323313,0.200867589793715,0.0839311020797431,0.253613460376593,0.14448033050614,0.267647074651904,0.241666680958588,0.59167846636381,0.546391108428498,0.518865955433481,0.355123015654019,0.219801092851043,0.133312314039661,0.198529423505533,0.10288958296817,0.469908313684902,0.284598248280293,0.583605106977579,0.552996853053431,0.657069182305254,0.435694887652912,0.343705352926714,0.230313739110716,0.479397923026472,0.463963188460294,0.455833907559235,0.470767547811664,0.391803620642913,0.357254555211472,0.645404969609171,0.720270246234922,0.0836233134237184,0.0661840159804202,0.0350285154689415,0.0295860583945695,0.0458408331608071,0.0482485157416694,0.0761832364188539,0.0461389521355338,0.078022880431187,0.045135037815374,0.218124019258932,0.0809049821602037
0.327928961815503,0.257042252385946,0.297364232265529,0.269627367471349,0.352046075540625,0.25747217693083,0.385678552409301,0.308029563129587,0.385801781241714,0.273580475792218,0.398858842299865,0.291099088422734,0.396526974311517,0.376900775077495,0.32877478039576,0.357261373581328,0.428904980568808,0.477617198635632,0.258626122823458,0.30520243641127,0.333828321577604,0.382570574209954,0.408466262764397,0.427172679559175,0.417869899935216,0.355962099924653,0.304685097468153,0.185770708154046,0.427275503361109,0.290317552382813,0.284908447226422,0.0884334637196437,0.456678618788677,0.331813745113323,0.461843023140829,0.36792544431087,0.411636622827656,0.193096294708953,0.462080836045326,0.30288471301655,0.448250257071636,0.482396706280822,0.653986224059322,0.535153810902087,0.308926449781084,0.298205705069072,0.312612979516863,0.329638293343338,0.379698885293696,0.352434377193846,0.28915828655765,0.299675995686259,0.365172378440651,0.329339119273037,0.429468050653038,0.292354148021698,0.534550257073231,0.43048854731696,0.30936299010284,0.227628454322757,0.234652722418166,0.150759790776319,0.385878289124927,0.243426284532289,0.4571617292966,0.291844485543153,0.430325736296024,0.296640831402827,0.343355001186906,0.335590807463229,0.258413291638059,0.277160162746162,0.174644571809893,0.195869261980033,0.346746034086736,0.473601766621173,0.069412103415675,0.253539930960479,0.253734219798611,0.303014034771662,0.390638900604207,0.312523818196431,0.25823035020701,0.15259716896465,0.456688793166131,0.35361762127548,0.302562022827634,0.122995861049227,0.467019788648486,0.311582950728097,0.352478495907929,0.226573528001543,0.243942961193418,0.124716587441743,0.336440331315423,0.355479797474356,0.512234888680848,0.578127952023698,0.621755019754887,0.545990801856219,0.411251071748487,0.216965019807663,0.565601621196019,0.470513714236141,0.536131826196237,0.472662962100507,0.121469914591014,0.151017397018325,0.323656388163138,0.365778745401992,0.383320087537211,0.449493975105421,0.401407442376385,0.53162272166798,0.519086688349824,0.134580715241879,0.167201435913078,0.127718367624435,0.187854570408976,0.138643799048926,0.0497933592729967,0.0738196122087538,0.0840615655223091,0.0556241089008648,0.155738978888687,0.067655251369562,0.223678818083413,0.140680433234293,0.153921577730216,0.169117657060269,0.378556885132566,0.399587023785561,0.42375466205035,0.311215704679489,0.131798814273561,0.0777795346423824,0.164850067419192,0.108359139535184,0.352751444011266,0.264959646580631,0.407432888545293,0.403995784358247,0.532212916628591,0.370874503112473,0.199065432333274,0.109078437823337,0.363424021025325,0.315916536805382,0.441504075895884,0.432360531500128,0.366455215319495,0.245024478309797,0.583953955347177,0.585954047439734,0.077437176631475,0.0579185554614434,0.0302320149118652,0.0279883821926045,0.0310957342495813,0.0349328066483977,0.0643678198986012,0.0392963793109566,0.0700980433612131,0.0458749564680851,0.237148927644248,0.0757164449001161
0.0088375712854934,0.014918432022833,0.0297170569573398,0.0329646841157705,0.0158885751401153,0.0234487224389404,0.0209726484880248,0.0540238858001397,0.0113311088350053,0.0280015695541803,0.0127414855538268,0.0190520269713803,0.0350083373882902,0.0351740566757,0.0142743645253681,0.0105945210158943,0.0591598046179549,0.028967734228818,0.0310899344694333,0.0264143114285175,0.0215127231899367,0.0134483240498556,0.0083724574591448,0.0101973949970627,0.0116479507779745,0.0137562762705749,0.0201666457285531,0.0242662202682918,0.017061763985811,0.0357755779432101,0.0085423514557184,0.0075719654039935,0.0169268040150275,0.0684662719121029,0.0063985618637919,0.0104213956836431,0.0028215391496266,0.0076148672925947,0.0481670271690067,0.0887607315270453,0.0267352355519835,0.0479781605315526,0.0557865451886424,0.0405241959449467,0.0233125371990308,0.0963463196129646,0.0141670220184191,0.0253858932175329,0.0159237690169646,0.0291820136610034,0.0224901687000683,0.0498307066367641,0.0258003798701015,0.0302977643667803,0.022715197942716,0.0528906234811956,0.0114806518393749,0.0319227074275982,0.0181793231636543,0.0200804738683715,0.0210722606584315,0.0355277460519403,0.0206765799867044,0.0313772888298901,0.0224768184892411,0.0246615327376362,0.008629206668489,0.0163488236009292,0.0103138483712772,0.0178836752010929,0.005815128470763,0.0045665637375541,0.308011911497413,0.171746786241338,0.0012930791255882,0.0027403456236957,0.0049638629717348,0.0009121148998799,0.0191960795666091,0.0352074987354154,0.0160987575278652,0.0258088796780172,0.0700927027032334,0.0815813817700367,0.008786631319261,0.0186661429972609,0.0156142068706878,0.0499029548649155,0.017333334358409,0.0469897826661428,0.0407698908505224,0.0694225427585018,0.0471825400079599,0.099596873451442,0.0198637554999818,0.0090319224816616,0.0155638353430873,0.0102776075855577,0.0208423050962869,0.0482639713943443,0.0168300663547901,0.0565102478892155,0.0029354615865702,0.0111587579236549,0.0329333939465643,0.0393671707035191,0.0303989669393761,0.0396904697291752,0.059237319532764,0.0227554193023886,0.0282478271165155,0.0710070862774009,0.0349479503182517,0.0057088682469202,0.0324740835071418,0.160504211172728,0.0604278110602701,0.117513375933578,0.219645929608711,0.190155240003757,0.02172089249365,0.0241380406431854,0.0327276009842498,0.0272330117793173,0.0253519091517308,0.0144505494871037,0.0078431377187371,0.0077214661312149,0.0470588263124228,0.0250000014784746,0.0430980417644605,0.032009419833409,0.01372549100779,0.008085561975498,0.0062972439075077,0.0066130477548065,0.0040369091199382,0.0050911595718118,0.0124130304621142,0.0056286047157995,0.0669064404444172,0.0676391136980414,0.0388176346117196,0.0332331492388825,0.0995235536225732,0.124039223021828,0.0287503849511116,0.0185828887995078,0.0183553815152024,0.0054594834988547,0.0083276621356591,0.0179202085424007,0.0975947568563597,0.0408987089256192,0.0087821049104169,0.0025339368014381,0.0037809548365226,0.0025708062522527,0.0097347179920796,0.0136065220648653,0.010556119623602,0.0035503915599221,0.006290850045237,0.0044395119162663,0.0168786443474174,0.0004826546288453
0.0570060814689982,0.0525546481544527,0.0514066745383064,0.0769463488315106,0.0518595287720319,0.0415406907484517,0.0354343781581167,0.0374847602372453,0.0648113297076307,0.036610880826218,0.0761490144759144,0.0409588573601212,0.0837620117806222,0.0461624045802944,0.0665114152049589,0.0503363796194435,0.0613936096644307,0.0416479888586291,0.0870661685127456,0.0546853497250221,0.0507560912505931,0.0320608869977524,0.0174048385511676,0.0111027773377492,0.0106345817340877,0.0150232082390303,0.0203481178766728,0.0255461767710024,0.0356347498336538,0.0412201625160099,0.0353911636337558,0.0217902599453079,0.0345305957650616,0.0943602581559759,0.0292549339966766,0.0202262078840072,0.0038358110090422,0.0132367581723314,0.067989989714707,0.0723298347297781,0.0349227134811483,0.083624771106365,0.037785207225666,0.0694022811442283,0.0158668968552662,0.0576550697349562,0.0241172617426256,0.0301925001332073,0.0128269931307031,0.0216464207174874,0.0313258997080636,0.0386772707885069,0.026826713894705,0.0425014978685486,0.0113917199543932,0.0449894949186078,0.0195490377477932,0.0524467006051096,0.082640111289525,0.0857144373237868,0.0988930885052279,0.0896163198724515,0.0787328668243425,0.100482183943726,0.0694271459817092,0.0380979719374028,0.0279474466154233,0.0434374745896197,0.0400321263281545,0.0400999933632752,0.0502754430232391,0.058179124371323,0.405897830794187,0.293314846208718,0.0019216524196027,0.002928603076881,0.0119420471493911,0.0010626751328735,0.084161225020782,0.0808114859981025,0.0507199251147122,0.065781009065294,0.0813759871120275,0.078744252729776,0.0353036419573669,0.037126712712004,0.0158453456974983,0.0248178814419348,0.0342086417289465,0.0693006650430971,0.0275027699255073,0.0280755747899148,0.0131623089963073,0.0234592528252957,0.0300641597941114,0.0180022744377535,0.0190893257476596,0.0223207182246725,0.0178232873933802,0.0293975657780854,0.0294511497222707,0.0099847622854288,0.0145185851868872,0.0029700616837852,0.0133097550685848,0.0095785167689892,0.0271684384258859,0.0460537701424902,0.041510323609719,0.0377322003738587,0.0225703979144748,0.0226005509903973,0.0326637375290318,0.0005325587339883,0.009612351255866,0.028352592713158,0.101451495686522,0.205971491681835,0.39114793860896,0.332986130803571,0.0428948783951851,0.103240790419281,0.0555803864699889,0.0429477181171736,0.0330087214012775,0.019595933685273,0.0288328681850717,0.0225466811031477,0.152450989407953,0.111764712492004,0.145250988982152,0.109641815963803,0.0508876553676846,0.0281782547858628,0.0573685740093714,0.0102507496994218,0.0237600936773507,0.0064327489184379,0.0393421908149556,0.017485583502361,0.13086371191647,0.0919104452871063,0.0703523556274691,0.0499785345142884,0.120597404969647,0.14768628324382,0.0196574844089867,0.0128045165029383,0.0887919494609662,0.0237835889156149,0.0545503192202165,0.0159336727224579,0.0938364607174274,0.0961359621635314,0.0083954713609017,0.0039215688593685,0.0029372706994473,0.001975308758793,0.0046597465270144,0.0075523247471435,0.0320740384079821,0.0135076260711584,0.0058823532890528,0.002885682745573,0.0272919994942542,0.001447963886536
0.0001240087713612,0.0002643086376304,6.47219911851639e-05,0.000290617629819,0.000224052358839,0.000171165184011,9.49223676219992e-05,2.97831802221522e-05,6.88096552528588e-05,2.27892193129275e-06,0,0,0,0,0.0002351662741703,0.0003068119035904,0,0,3.76821874020208e-06,3.5374976824201e-05,0,0,0,0,0,0,0,0,0,0,0,0,0,0,5.05096452778022e-06,0,2.96446890017062e-05,0,7.31086469222412e-05,0.0004331965600465,0,7.79463775051172e-06,0,0,4.34186100461533e-06,0.001314916157037,0.0001298810199149,3.20142120717413e-05,3.97772497668649e-05,0.0001366155238508,5.23928489630134e-05,3.64264623348991e-05,8.52776076616135e-05,3.50473861359202e-06,4.6883793483418e-05,2.47824119019752e-06,8.23716282717087e-05,0.0002758569834057,6.80128206596552e-06,3.41072886670167e-05,9.02055790895916e-05,0.000117364684585,0.0002193562474973,0.0004840003201897,3.12226820013421e-05,0.0002249836237707,7.27145120982662e-05,5.26009521661879e-05,4.26559537920262e-05,3.39308791047969e-05,0,8.73674880451429e-05,0,0.0001488403186659,0,0,0,0,0,0,2.56200056143417e-06,2.63747666839099e-05,0,0,9.4329522087705e-05,0.000104732305101,3.89559820467076e-05,2.47782362639126e-06,0.0008890931898349,0.0008395486888977,8.6627049332959e-06,4.40584114676038e-05,6.59978919706299e-05,7.06234354102156e-05,0,0,0,7.97066841335074e-06,0,7.18226051541735e-05,0,0,0,0,8.01010900503935e-05,0,0,0,0,0,0,0,0,0,0,0,0,0,0,0,0,0,0,0,0,0,0,0,0,0,0,0,0,0,0,0,0,0,0,0,0,0,0,0,0,0,0,0,0,0,0,0,0,0,0,0,0,0,0,0,0,0,0,0,0,0
0.0899571027363627,0.1007115949394,0.100113244234401,0.167343732403098,0.105360404217481,0.0960763189232014,0.0707459711640856,0.113736359022711,0.0598849460515556,0.0482867094490033,0.0471889029207802,0.0279383737974437,0.094917942423702,0.0511958457524384,0.112202395742086,0.106135623746009,0.0478290486976234,0.0419245427729341,0.117534346890046,0.0714542372779019,0.0249890930810911,0.0242206125740352,0.0133578439272242,0.0091406769453604,0.0128716585152275,0.0114189643960599,0.0130217331650816,0.0223508243670724,0.0317166391478825,0.0350852839594977,0.0125883355707776,0.0073633713157292,0.0462211661180945,0.0989340370904725,0.0719264925202695,0.0432736579132671,0.0123110158468514,0.0344834670671192,0.0489996242055384,0.108648391783727,0.0351577870745844,0.0501658555268628,0.0136497334275522,0.0331949735001188,0.0266520795907307,0.0755581589499994,0.0261611958078882,0.0235965397299102,0.029409894574687,0.0311803087493425,0.0236062081540065,0.0895764869870947,0.0471966517417068,0.0379210381498247,0.0051316916622794,0.0146726747906835,0.0160384778377391,0.0218265754470723,0.108652496198485,0.0746272604949914,0.125033953176083,0.124975299037723,0.107333716292557,0.117308119773695,0.0427711715065885,0.0564450636317245,0.100187224887577,0.0444587164800803,0.0637539775820921,0.0585162032023536,0.0821799784061672,0.103844175387885,0.401818632669506,0.269679693212219,0.0015697104421396,0.0026457554817766,0.0089322765103109,0.0008298319818485,0.103688459291071,0.131435553878957,0.0555787591794721,0.0652159023779423,0.0732280504128783,0.076227692892799,0.0404217376568448,0.0428362910518773,0.0252025725851175,0.0394795768098963,0.0245367661569617,0.0378637561186222,0.0361494676866438,0.071042152178376,0.0836961972597891,0.118080300035655,0.0742034357608645,0.0549872155281027,0.0577032713863688,0.0254435122423317,0.040901859029307,0.0497643264997322,0.106565281985085,0.107867928829078,0.0386041773923771,0.0356590057449537,0.0666864138356864,0.0710669229357079,0.0728009302312987,0.138935142018431,0.0772558469537476,0.0721727768860435,0.096006197628173,0.120826073421098,0.095267339371632,0.117390872753722,0.0505831672916398,0.14533001559747,0.0677616541219464,0.155213912922508,0.24917191650619,0.305290050734281,0.042503342994012,0.076122357442975,0.04105712092765,0.0331049404048967,0.0256838013937264,0.016106124495311,0.0117833807155313,0.0155178070855205,0.0637254939647391,0.0377451002714224,0.0719529454316944,0.0788405172455337,0.021078432619106,0.0203493773175234,0.0191418027802222,0.0408347813667225,0.0153690897209077,0.0141382877298288,0.0196236570745016,0.0217454837927339,0.0819426732177026,0.1041494497205,0.0405720206803845,0.0616859919119653,0.0955653345869489,0.122921575896908,0.0260522988557605,0.0272318792099902,0.0731768189130858,0.0386468190369254,0.0581510324456367,0.0201486234922717,0.0943444202921182,0.0630968267020784,0.0112123729359411,0.0025339368014381,0.0027966566766014,0.0018155411385965,0.0060899657580782,0.0089887645765301,0.0170638955324679,0.0049544100404368,0.0087418305823424,0.0061413248175017,0.0068097513301197,0.0009653092576907
0.115922759961334,0.0794507705122093,0.116427010951888,0.138386874830834,0.121037761065914,0.0634456989026021,0.0771029362912485,0.055565252974225,0.0738302402961252,0.0267105602801029,0.0594955953670418,0.0441081149610014,0.107016557888745,0.0308676231038934,0.214288531992969,0.14401200808669,0.0457617782209207,0.0274836188129203,0.174975107338517,0.110942359134662,0.0660523914816072,0.0423744756597308,0.0500638665343245,0.0394269006077556,0.0451185409926852,0.0261856287785494,0.0464712549060106,0.0379531310268866,0.0561166475072209,0.0653367624533032,0.0647855119432233,0.0634021731279295,0.0546241510596236,0.0959200233972163,0.0427859628701471,0.0438110267736493,0.0217973163273974,0.0282279794276414,0.0372780464695019,0.0322726255457629,0.0879796755987939,0.0556706019204464,0.0245164898634274,0.0311551251821408,0.0356312652413254,0.0772342029217996,0.0392769228214371,0.0431919914285317,0.0424048880896996,0.0369392604965706,0.0358388618214805,0.0722406131838829,0.036023483498437,0.0564503575506448,0.025156280790086,0.0647014253454389,0.0618317957065339,0.0523758382607485,0.129389353318278,0.0657198727915315,0.175196563558496,0.113833816583589,0.0747397818185296,0.104802834392408,0.101604071201717,0.0354560284790174,0.0460128238768942,0.050435359773814,0.0638460977689459,0.115997664728644,0.06424221662208,0.146412664630175,0.237279642151063,0.134389590275319,0.0008727176588001,0.0017053910465026,0.0037960920400628,2.45098053710535e-05,0.094810463123334,0.0432534083379451,0.0892163320507752,0.0514045763306485,0.223634712241322,0.10084557588096,0.0491500453599255,0.0298600473944867,0.0459498793568265,0.0143775715921353,0.0879606363293533,0.0965334911862994,0.0821199946119031,0.0961889533219506,0.085208972469861,0.133648252274787,0.0725237932163188,0.0534242714174848,0.0765193945034924,0.0444267977356427,0.0501530807260317,0.0693792711301644,0.0759502307359631,0.0644525263937232,0.0295720478433982,0.0175759092189843,0.0640893334230666,0.0769559414375934,0.0760893291185817,0.163016411169789,0.0876005130096359,0.111667963260276,0.11794339485652,0.0958009675597631,0.088720441875096,0.0212418313215797,0.0648439299109815,0.206705194297163,0.0586452797605571,0.126470595714636,0.0996383078152187,0.141891348260591,0.032000250486353,0.0341960804536939,0.0135881912285032,0.0258095713668544,0.0068154363027333,0.0056664734543495,0.0100840342098049,0.0113248169924486,0.076470592757687,0.0617647095350549,0.0702666708221659,0.0743206775463993,0.0110492852321398,0.0114652413197539,0.0131514642617085,0.0194606540447485,0.0155132650466198,0.0202614391067376,0.0229127148275204,0.011995387099245,0.0460411365676681,0.0398542683876774,0.0127082419427658,0.0146128533044354,0.0252519714402331,0.0376470610499382,0.0130232294212835,0.0102532685802241,0.0843958207336477,0.0345247841768368,0.0402908790640125,0.0265331288913656,0.0380818502573223,0.0199661435471958,0.0119856400349715,0.0042835598310025,0.0093742681897256,0.0049818448843089,0.0197739342720631,0.0146111486940069,0.0155256939540087,0.0055837976351503,0.0119281052805794,0.0085830563714481,0.01004239593041,0.0021116140011984
0.113780828189628,0.166509367213329,0.113025835085408,0.18772081928443,0.107726984448538,0.127901746448833,0.0894966806488193,0.152758281749774,0.0845740441862962,0.0961340427496533,0.120273890622053,0.130406747066903,0.174567367631031,0.114609028448137,0.271698327437223,0.199506921268455,0.0821928166527272,0.0545515478912951,0.228489875366491,0.134586166696448,0.0977112877878726,0.0793321698006579,0.0759332181516643,0.104874989752667,0.0954153354110366,0.240899417486103,0.142634895347158,0.353181756544035,0.0798492283622752,0.158691596536654,0.0502189738069647,0.202753453792885,0.0780042364457595,0.194151999960959,0.166182541573176,0.106351861602705,0.0174554281275404,0.140052686070106,0.122782027794739,0.146332347086147,0.0519552739334825,0.0766165256977938,0.0447727299205408,0.0322145812852766,0.0647992361911805,0.341248136837724,0.0727675334057684,0.0842021970924322,0.0551380537077173,0.102579289953903,0.0564052081702425,0.142407346445499,0.0435939730912701,0.0685664725870734,0.0267873158722702,0.042595513928877,0.0446305616624954,0.0574641050040625,0.142181557287017,0.159992803335835,0.14685753135509,0.280448208463432,0.156895207079852,0.232766250371725,0.059347293381101,0.0966528157761432,0.0486798584528203,0.111663427679854,0.106396314815579,0.135086186411224,0.173855008174019,0.131064131965278,0.471142129091755,0.366546581684547,0.0013925088870533,0.0032188333172085,0.0102121400672294,0.0004201680920752,0.137082796777961,0.136713528834764,0.100155220447912,0.0775797375317849,0.215260179053606,0.152236665997758,0.0617037077936417,0.0584114968791648,0.072577591618486,0.053326068204775,0.0906631487440791,0.0834978853946325,0.197497243380764,0.149156419874806,0.064029084267804,0.164655645255827,0.0441032321353251,0.0310812749270606,0.0442039241828024,0.0200029617167618,0.0690482018749535,0.0581298849167961,0.0797310253285851,0.115963508363435,0.034379970236694,0.0520198318051183,0.0272377551702345,0.0165648716745083,0.106648290620797,0.274935273381108,0.0563878342464602,0.101100797172668,0.0814801758344292,0.0941070823583782,0.0788381894208496,0.0060457519915265,0.0197881463133655,0.10776873886633,0.13608353236666,0.285360979442802,0.520712004904409,0.628901180983424,0.0570958052472567,0.0853521619103849,0.0847615251814184,0.0915095913631292,0.0609808324634996,0.0548692098493428,0.021101775290888,0.0224624469271708,0.0720588277908973,0.0480392185272649,0.103819613982923,0.0962212500936997,0.0419183914562234,0.0342103407040916,0.0353054866005761,0.0211743691227032,0.0216551339219543,0.0084967325286318,0.0421884907935295,0.0284967337114116,0.180128420712287,0.22547431116156,0.0821760331658661,0.131501367444812,0.19910208250953,0.356431393628009,0.0353875599454115,0.0221330969714362,0.162527763935146,0.0702659809165332,0.147295422744283,0.0827907196811346,0.0974859083760688,0.0932432709680207,0.0182822435556478,0.0051282054314819,0.0075462858927291,0.0036746552645194,0.0124198392581414,0.0106190797203126,0.0426977712877801,0.0124021632445463,0.0093954253922371,0.0019237884970487,0.0114202444485666,0.0008446456004793
0.635265794467306,0.592746843922919,0.602486447032777,0.603695632161363,0.684418069946283,0.608491523115399,0.619534680939529,0.68359126104666,0.670066484552191,0.606834522355337,0.717321307537033,0.673385309262904,0.659508255244608,0.64743893871757,0.654522308724312,0.597004277745503,0.769855688888315,0.722394896414379,0.627345015867452,0.626656688473918,0.694285404718007,0.666201134322406,0.738623697368279,0.723602490483599,0.77489131142343,0.682496646089793,0.67945938599761,0.606129756252577,0.756877487095921,0.661402122229533,0.636192433363793,0.573850159093359,0.686773189056358,0.756700221996519,0.78226686849883,0.591561230502026,0.640781598899702,0.357016409758597,0.71682028980429,0.562932711648021,0.764635756354949,0.81842180756366,0.87689621941668,0.785908885820038,0.715875187788463,0.52490862962439,0.748745387256151,0.633383973897427,0.670775929977395,0.66405204268142,0.681154046541189,0.705728709707157,0.717811801151075,0.787099104474555,0.755805820780601,0.774483580368675,0.850990420489496,0.770031310626315,0.638880068212153,0.579025335182072,0.559659863131422,0.431967119314295,0.724768667107855,0.684555766119909,0.764363258641905,0.683656446255486,0.743940501679382,0.684959246793045,0.6882131037032,0.559481761,0.583109890732435,0.598395757313648,0.469805680183502,0.39058113244735,0.43478025888016,0.554013999804928,0.116462564606811,0.305236362589182,0.559246220437085,0.81215454838435,0.694398440669759,0.684972979063204,0.742540671058898,0.662342502313963,0.773041939528261,0.771556443193757,0.800896034898261,0.700287055967345,0.765256938638868,0.724735168847519,0.7392620566304,0.672539248054785,0.573879622732991,0.455511433201506,0.697938334239606,0.727799133692052,0.750632288400342,0.859735652401586,0.881899547489964,0.888545576606885,0.664644751892302,0.518345664788237,0.777540129318861,0.716917116853179,0.806001988143132,0.774025712902263,0.467647086479701,0.558700242684568,0.7275779806781,0.782172388878136,0.733614963037312,0.876421752586462,0.889278908463293,0.853128832830317,0.793745821113056,0.63468578683439,0.462006648152752,0.49113193635342,0.544945777515944,0.424285155810746,0.119076480737721,0.172542755302042,0.175225029432042,0.135971728773988,0.254814635795274,0.147575455003163,0.352324950808127,0.269586800537594,0.390196101507172,0.374509826069698,0.748156906990334,0.717569905027058,0.650304754939547,0.54596794672649,0.299062251275324,0.180896819823849,0.381372571573593,0.246611641691344,0.631277709692386,0.462391415273077,0.738075491219364,0.672843177046161,0.74841519979641,0.598511556792243,0.435678970240596,0.345588255731855,0.646317180120251,0.497237106054937,0.830294479474598,0.586977310191332,0.747658446419615,0.416394462325177,0.764052836695124,0.733014523240598,0.143717213691225,0.0775263997582862,0.0721349937199389,0.0535947744113704,0.0985098097473383,0.097140345026561,0.135319480619289,0.0779795091706539,0.2807189708498,0.24106549705326,0.448145230530409,0.182383117874941
0.0002603906152012,0.0016200684129911,0.0054878813085634,0.0049695710328425,0.0036524885021997,0.0033965748801243,0.0001799274729551,0.0006096792186652,0.0010838974427436,0.0024354838679725,0.0011833358121405,0.0044583167710412,0,4.3826699311125e-05,0.0023009764185326,0.0012820354542885,0.0022546218676974,0.0005805914474229,0.0064280896639925,0.0032526602066927,0.0013683220967928,0.0018061664986052,0.002350870064463,0.0012679300657723,0.00341532997025,0.0019142118526507,0.0060394816124248,0.005554799408631,0.0004625307186424,0.0041531231703606,0.0060092568498572,0.0088704636034387,5.54042963177744e-05,0.0006198072815866,2.2476792148622e-05,0.0001019109474347,0,0,0.0001651519074358,1.45089756953382e-05,0.0005147560350934,0.0002009284397909,5.34759389913895e-05,0.0001601043737947,0.0022206448108105,0.0008273540964049,0.0001782238312977,0.0002874394309667,0.0029526418518121,0.0025858910310173,0.0026336377982161,0.0019854156565964,0.0038250310042164,0.0035640855207821,0.0066736475368452,0.014014949578805,0.0021034486930827,0.0037161848667834,0.0001525250478126,0.000914998541082,0.0011306557189571,0.0021396993905836,0.000327932581875,0.001136380269843,0.0003208130575637,0.0012021475967707,0.0004521672533926,0.0007506827375632,0.0003124861240334,0.0005263790360239,0.000670794673313,0.0002445116947303,1.35993875955404e-05,0,0,5.02942705813829e-05,0,0,0,9.84329532974037e-06,0.0001763510386453,0.0011789052516583,0.0001277943159424,0.0017365691697876,0.0014782259386677,0.0022098294014745,0.0012206207707968,0.0045088130588232,0.0177817106104158,0.0110043995990104,0.0050302067711579,0.0077600191189516,0.0162652451799774,0.0235796599938639,0,0,9.41176526248455e-05,0.0001315160288202,0.0001322429876572,0.0013687258442308,0.0064496400663589,0.0278512170396166,0.0011484668738254,0.0054059625312775,1.52304889532438e-05,8.48299815067365e-06,3.40413963486854e-06,0.0015877421089424,0,0,0,0,0,0,0,0,0,0,0,0,0,0,0,0,0,0,0,0,0,0,0,0,0,0,0,0,0,0,0,0,0,0,0,0,0,0,0.0014103631862062,0.0001856803437201,0.0007771211017169,0.0014985779148165,0.0008159131903686,0.0001140418711448,2.41885511757506e-05,1.64357454290384e-05,0,0,0,0,0,0,0,0,0,0,0,0
0.0388392135344411,0.100494116630873,0.0548122792813217,0.0891345978520213,0.0258787000255913,0.0553790478970244,0.0018946693477585,0.0347054639369851,0.0026576033328787,0.036009701220743,0.0036108302949591,0.0244396972321203,0.0028270621660782,0.0189198756051354,0.118185436727167,0.0946866191738218,0.0173035823170015,0.0071732245101721,0.0628088337972856,0.0572484275912846,0.0189676577253986,0.0192310346722131,0.0282282765474178,0.0287794463657587,0.0365231750654692,0.0596263178200731,0.0266664469362085,0.0617518494519898,0.0166407313503364,0.020693091294021,0.0247586358824348,0.0352132895251147,0.0032474832541689,0.0153176590425717,0.0353266984555212,0.0186988787503993,0.0035721850247056,0.0022636817259116,0.0027912776202614,0.0040044772919133,0.0161098088840702,0.0108258857645996,0.0040307489014759,0.0060286214823962,0.0362256660128573,0.0108654430043628,0.0383519636969805,0.036941991058913,0.0171746465302215,0.0159254058863988,0.0796931118240422,0.0862276808831064,0.0394426951830947,0.0757467474093598,0.0296763994129262,0.104473726910443,0.0263071203322604,0.0436003934894143,0.0433224034648499,0.107087654366372,0.101584775508641,0.164838478889411,0.0286567402381249,0.110062693293746,0.0054358689364336,0.0318021553662547,0.01346179642656,0.0563051224094228,0.0941737861927021,0.0826314495013389,0.126096680373987,0.138634612758237,0.0074839902554185,0.0022395008565297,0.0002382376462827,0.000843928632049,0,0,0.0037472769100632,0.0203165615605841,0.0029802471530882,0.0278336502280589,0.0090253305100973,0.0401063214316084,0.0089870939524253,0.0238177049472168,0.0176184921469909,0.028403292229323,0.0522429565209677,0.0764353129703663,0.0653437249102133,0.126752347404778,0.024813654489381,0.0916145728321097,0.0050389276336371,0.0245832163823098,0.0242827901070834,0.0470981103210314,0.0304182021368879,0.0524982280213993,0.0568367722568612,0.0321776107742149,0.0066008919393584,0.0082640946879349,0.0015292539093423,0.0014742238928992,0.0872038450264275,0.191481698338461,0.0059999063124152,0.0100877198948231,0.0253995297344479,0.0146437829071367,0.0516904214923342,0.0002340030800857,0.0045610775742224,0.0258097004059112,0.0015533487040356,0.0046345813792537,0.0089091952727402,0.0139910138993097,0.000242379057869,0.0005207843445241,0.0008309777491476,0.0011088051149012,0.0004221436411347,0.0004615361983311,5.60224122766938e-05,0.0001871870577264,0,0,0.0015529412683099,0.0010074108979283,3.97456303314381e-05,1.42602503977039e-05,0.0008979824344641,0.0003154076830591,0.0002595155862817,0.0008255934440775,0.0009487666595246,0.0011534026056966,0.0024323317721491,0.0028272391709096,0.0007813652238591,0.0011449836085747,0.0024555618091373,0.0054117650259286,0.0066809750932503,0.0046011589173841,0.011125184383735,0.0044806042349614,0.0111821429396995,0.0017005114495714,0.0026063163891871,0.000802064376937,0.0018227010191431,0.000904977429085,0.0008593079173915,0.0009731300502877,0.0018731258316513,0.0038422562307521,0.0001436781694165,8.87597889980539e-05,0,0,0,0
0.005571914290791,0.0123269604984189,0.0140648033441588,0.0179590984739699,0.0125066896810182,0.0146489962669561,0.0059716086496526,0.0253833285274515,0.0074143857260066,0.0241937188991832,0.005792624517547,0.0213992474628644,0.0043289079324381,0.016628365326868,0.0151150268763343,0.0065919075027471,0.0127607114088641,0.0048817777916449,0.0143510153186635,0.0134806226617211,0.014697020149758,0.0105243271754491,0.0081348389235053,0.0059290699650621,0.0073021394692742,0.0159294000769037,0.0177964424281108,0.0374538572137725,0.0147119350264274,0.0253163134051884,0.0197695841292406,0.0315759301110062,0.0035685643428296,0.0174634440370906,0.0018026892399647,0.0009445676241499,9.52865003626271e-06,1.46327196245096e-05,0.0014148364044663,0.0073171873497811,0.0052663502051873,0.0067020893591483,0.0021724600215252,0.0037950666380986,0.0117864158831288,0.0071248331593941,0.0032070621071315,0.0086741302772444,0.0126299787524461,0.0071342715216577,0.0149757422803046,0.0175197407083308,0.0202223535365593,0.0373016340121826,0.0307974430082186,0.0555889324890826,0.0120763600582677,0.0180120788113263,0.0061648583941261,0.0160932548894634,0.0084847842457875,0.0233639554241836,0.0098025198710401,0.0333475491694576,0.0089207105313084,0.0203337020587434,0.0124592555384926,0.031063100592524,0.0028048721146567,0.0048322976764026,0.0051588688932964,0.0075728262288793,0.0071334969478425,0.0053065308979204,4.62692949392048e-05,0.0009805075686737,0.0003814495306894,1.22549026855268e-05,0.0046601309945496,0.0149854328099967,0.0047772770468875,0.0167718545916357,0.0094575423308818,0.0219023870627458,0.0097954910134293,0.0295607487051745,0.0083047661059906,0.0265011496254633,0.0311513498814747,0.0573532201916037,0.0519688851325494,0.119558238217996,0.088500843795251,0.158851093521849,7.56920459988417e-05,0.000158662508199,0.0047424839405963,0.0124592933969834,0.0101934168122873,0.0313919402474426,0.0769524094444684,0.109966408794555,0.0167378461014067,0.0287971098010369,0.0011123897857702,0.002849681450187,0.0201150611024382,0.0901745028047729,0.0010908920568027,3.43997268365663e-05,0.0011543565477013,0.0052402096011643,0.0044572470798493,0.0010469620565906,0.0001070543223103,0,0.0011459129783869,0.0039215688593685,0.0074433661359859,0.0009395425392237,0.0018893136818511,0.001800784420222,0.0002046035926627,5.11756206877483e-05,0.000145566772805,0.0004287820165141,0.0002427637865323,0.0001965464106127,0,0,0.0015372549928724,0.0006677474534161,0.0006889242590782,2.85205007954077e-05,0.000295538522735,0.0021657994236727,8.65051954272477e-05,0.0001719986341828,0,0.0001384083126835,0.0034953113746545,0.0023237945200447,0.0020344981300483,8.58737706431072e-05,0.0006047279082203,0.003980392392259,0.0114639458986456,0.0069444448551318,0.020474873775519,0.0093976948186604,0.0081591319036862,0.002200824174594,0.0044265048651623,0.0028631068537384,0,0,0,0,0.0001384083126835,8.81251429071587e-05,0,0,0,0,0.0011923689099431,0
0.0002621979179228,0.0015989005242944,0.0029808352207736,0.0031427633387214,0.0034517114854925,0.0017862907535858,0.0005251426507246,0.0031825955995036,0.0028570544181046,0.0026079982581714,0.001035795214698,0.0018957240767542,9.9229981259326e-06,0.0002044018329216,0.000361882082097,0.0001664309854381,0.0013771127885083,9.10394873177984e-05,0.0022032611138364,0.0023324513939801,0.0006783659622864,0.0008526892569509,0.0051867581084518,0.0028516911806213,0.006005347948733,0.0011216886773677,0.0016620193077797,0.0016354999756857,0.0010694401849733,0.0020534061540811,0.0017791381563759,0.0063777642486805,0.0003580172862058,0.0010000554485296,6.46523459555868e-05,5.74083503016959e-05,0,0,0,0.0010311736297758,0.0006410642345516,0.0010228296870393,6.68449237392369e-05,0.0013855946423474,0.0020628181632927,0.0023925046983909,0.0007045159045512,0.0007256554736261,0.0019860546824773,0.002508099040057,0.0048266014969351,0.0026886198390044,0.0057796598319392,0.0092359208437785,0.0067538709168057,0.0199894934401332,0.0004481611012411,0.0009398994466357,0.0001709136993243,0.0018606423528085,0.0003912073535253,0.0005051976084582,0.0003718038313745,0.0007817625653666,0.0005163451035971,0.0013369887752558,0.0010209284658394,0.0013679045486196,1.15323914160853e-05,0.0001526889559715,7.12219696475388e-05,7.15357955805868e-05,0,0,0,0,0,0,0,0.0001633987024736,0.0001526525334521,0.0026611983520356,0.0014003968173873,0.004602274664741,0.0017678602231011,0.004805122605269,0.0021256980870153,0.0061908423305385,0.0090605091142606,0.0079959708599038,0.0066499442740118,0.0064086476747772,0.0101124299414763,0.0086225425829692,0,0,0.0001520697257688,0.0001457493652726,0.0009931245812686,0.0020104867648099,0.0087665498732294,0.0054619229197666,0.0029110427025757,0.001286658586983,4.17428215755572e-05,0.0003290191425582,0.0010042211922862,0.0019916143735472,0,0,0,7.00280153458672e-05,0.0005432585726573,0,0,0,0,0,0,0,0,0,0,0,0,0,0,0,0,0,0,0,0,0,0,0,0,0,0,0,0,0,0,0,0,0,3.50400791604041e-05,0,0.0014228977918761,0.0018359659764057,0.0005914762949047,0.0004451311744686,6.04713779393764e-06,0,0,0,0,0,0,0,0,0,0,0,0,0
0.0029185158488628,0.0056728491851713,0.0079649318234557,0.0112512725358225,0.0077997411696221,0.0059685914931361,0.0022356342702614,0.0039219192497241,0.0016582157765865,0.0017750522922839,0.0017596474519464,0.0036770316707694,0.0001136183285419,0.0006750784860276,0.0040800206984697,0.0052495020512561,0.0007029680397153,0.0002988843545905,0.0150743494811849,0.0093089021805243,0.0042535932047288,0.0013566291804678,0.0030165471727801,0.0019555205788663,0.0024420678806067,0.0013869155567452,0.0031303945550659,0.0038073410627318,0.0014913373638471,0.0053834192831037,0.005533990573119,0.0042918233660376,0.0001873192875505,0.0012074887165852,0.0003189684099293,0.0003606935497637,0,0,0.0002713961281429,0.000378787901189,0.0001503669041168,0.0006027853193729,0.0002495543819598,0.000207542706771,0.0010096997766232,0.0013307204377706,0.0002323677800464,0.0002051663483307,0.0016439703344823,0.0059196508189653,0.0003200987758562,0.002423227041993,0.0022088101477423,0.0043580256413812,0.0048352819012565,0.0335023513538043,0.0001103949657249,0.0005939588259498,0.0017530934273365,0.0032283959175118,0.0012742724961919,0.0040801876718058,0.0005993734178193,0.0054686933768425,0.0014682466211131,0.0019416633049267,0.001296742132419,0.0023740376549473,0.0008115746778476,0.0012869712198509,0.0010443466365664,0.0009862558046438,0.0012369261172125,0.0002850378303409,0,0,0,0,0,0.0001456807708801,0.0009709982127835,0.0029288476115795,0.0013141833385724,0.0026623730288706,0.0014758453829053,0.0024421972546181,0.0001441371335728,0.0029746272634827,0.0018841912878997,0.0042181395715333,0.0051418803369285,0.0083842416545346,0.0081102350697712,0.0138827149836704,0,0,5.57734237776862e-05,2.9605339821017e-05,0.0005185545599165,0.000692828704472,0.005229596421222,0.0059603807593352,0.000747373715448,0.0024250689577702,0.0004744015262843,0.0002490365885662,9.53159097763192e-05,0.0059902580925732,0,8.16993512368451e-05,0,0.0002893610445423,0.0003739640407129,0,0.000202839768588,0.0012605042762256,0,0,0,2.04248378092113e-05,1.24296952753362e-05,5.01960813999176e-05,6.82011975542359e-05,1.89539335880549e-06,0,5.95530578491809e-06,0,1.87187057726423e-05,0,0,0,8.87756729975167e-05,0,0,0,7.35951260471312e-05,0,0,0,0,0,8.74403867291639e-05,0,0,0,0.0003333333530463,0.0009314821043474,0.0004010695424354,0.0055907374229155,0.0048240441003459,0.0035577704259271,0.0006667770691937,5.140067124847e-05,0.0005982611336169,0,0,0,0,0,0,0,0,0,0,0,0
0.0194916208295133,0.0055571507250346,0.0124936593932891,0.0133329324785345,0.0193303891670378,0.0150748415273536,0.0071229555763314,0.0050056766194549,0.0137751114915779,0.0075183913435279,0.011251626622918,0.0023881636446211,0.0044162303159463,0.0007616270098773,0.0137595102066748,0.008132169417672,0.006533279275714,0.0034629359704279,0.0155339083318922,0.0104647910336372,0.0053280703470037,0.0034771854722672,0.0213298594957997,0.0143966319870779,0.0177905536367854,0.009488175863448,0.0123721956593115,0.0146007331316884,0.0104618396753128,0.006888959199479,0.0131233211702473,0.0186404892125172,0.0051932293748527,0.0033482886659439,0.004241294913977,0.0056754162123839,0.0001397535338651,0.0002194907943676,0.01504933607472,0.0151271616955003,0.0030459322543945,0.0041593053107591,0.0104255799391963,0.0012136306853086,0.0048303203676345,0.0026959468884764,0.0021983087762781,0.0027473701778985,0.0041085219332728,0.0060404948158817,0.0056602219636548,0.0060245899515034,0.0107529358069233,0.0122448557681678,0.0093491493516322,0.0323038739142247,0.005642456536612,0.0054460826469835,0.02217620992442,0.0084339887945928,0.0155191577330556,0.0073101432112981,0.0247095297352132,0.0097784100833511,0.0059545557411809,0.0048125636078117,0.0073199275512254,0.0072790764444443,0.0039201794146196,0.0044892354695244,0.0049470198713346,0.0066076793475215,0.0111978593769643,0.0065415032717163,0.000646785676065,4.15273793791235e-06,0.0003379508999967,0,0.0081633991755855,0.0033270338214522,0.0097610086390173,0.0060256197731701,0.0175112545642465,0.0048601954865829,0.0112408851205398,0.0091267199505757,0.0183119086274223,0.0030729142673295,0.0186577829661474,0.0302639938077303,0.0494623502920674,0.0725784578790888,0.0765487549670012,0.128040056846474,0.0012687428662663,0.0011651037915515,0.0012104575879251,0.0060645399956437,0.0037936664511748,0.0260849870688835,0.0830417344233212,0.115616515613238,0.0218658117402471,0.0395255655957339,0.0104695509248965,0.010084467015833,0.0150088516501354,0.118038606068116,0.0096111351901071,0.0036807707715126,0.0016828837793117,0.0027244861819467,0.0047604611669139,0.0069918506515285,0.0041272258469647,0.0061755956033136,0.0056531706933754,0.0115418901656416,0.0099371793426717,0.0139705890615005,0.0014853485854026,0.0022713726833462,0.0024713960271627,0.0036069335618068,0.0016856632290827,0.0007741897520393,0.0007469654970225,0.0010950442876995,0.0039215688593685,0.0039215688593685,0.0111843143869191,0.0132005565935438,0.0022125067551167,0.0023672015660188,4.54674650361573e-05,0,0,0,0.001913346096708,0.0001537870140928,0.0065244036254032,0.0041785906021785,0.0017691288087377,0.001245169674325,0.0077698373662255,0.0060784317320212,0.0146876331814027,0.0071672612675959,0.0051701225811412,0.0027482753985505,0.0055112626821126,0.0042443809301092,0.004453716985235,0.0010321648129436,0.0005523336421645,0.0007843137718737,1.56237803162094e-05,0.0004502542023719,0,0.0007314386861294,0.0003465179380045,5.64835020896707e-05,8.16993512368451e-05,0.0001479837305422,0.0005299417377525,0
0.0219134064764999,0.0488243152210493,0.0098103641506544,0.0142513568670776,0.0179894466757145,0.0231710455081317,0.0500136982239195,0.0734705505334274,0.0548606782380082,0.0304801250466543,0.0506130491944856,0.0308268291214923,0.0472151135329062,0.0589774787755037,0.0157481492824259,0.003476030010152,0.0204773469063312,0.0161380374217116,0.0273747984627889,0.0352277342258613,0.0222565395365241,0.0274652984906799,0.0157846598674848,0.0198341898820144,0.0104634587293152,0.0344131875992415,0.0082547696644722,0.0371073914464904,0.0271380173050219,0.0294624462567266,0.0243605070642248,0.0458750548615229,0.023103063904547,0.0789334820137862,0.0105176234361968,0.101893591421912,0.0047060943790208,0.0764676662137621,0.0430657266905979,0.0731936369613542,0.0158987939952928,0.0393811081281687,0.0056751340254612,0.0099600733278015,0.040492629915143,0.133162391581929,0.0107504743952956,0.0186429428297773,0.0211205497070945,0.0692664150085361,0.0167082948473829,0.0161924298045849,0.0230850087219185,0.034298540318816,0.0202871383713137,0.0590743308989764,0.0196513653890998,0.035114043721861,0.0134154029254491,0.0238999773075184,0.0096270717367852,0.003982016084136,0.0031370948272227,0.009510897858186,0.0398565341417632,0.0468586753182073,0.0045693130763358,0.0078867853173431,0.0091750594550575,0.0266486518477214,0.0003975348714,0.0001682850273084,0.0908779076071988,0.0779199181772836,0.0004306982241681,0.0012435143047415,0.0026734927633408,0.0002153361471885,0.0391198280215677,0.0770277232733503,0.0274300590109949,0.0360259024620144,0.0557938539137672,0.0532500251310391,0.0121188142477725,0.0209778140032711,0.0196545914752989,0.0304082645136779,0.038320774325075,0.049017130132061,0.0469699394270202,0.0532466265717342,0.0590704426510774,0.0894831343962046,0.0079440604467355,0.0048285500629544,0.0074727673264634,0.009075744655516,0.0067487329499847,0.01332514142925,0.0389760371633909,0.0685797205865418,0.0128193945463778,0.011080386015666,0.0085019973890107,0.0132128755481135,0.0076661224577239,0.034939575379893,0.0126393010719217,0.0071486932332239,0.0038331124189316,0.0039347816924526,0.009220235030822,0.0028382959800059,0.0127056577268335,0.0239320742444501,0.0234275542247992,0.0335561517170969,0.0702075046279187,0.0802083380767726,0.0130263206485523,0.0169913735538721,0.008539507841133,0.0161051573697703,0.009793732474325,0.0039840995701102,0.006816060160331,0.0067200153723785,0.0225490209413692,0.0274509820155799,0.0299450998101383,0.0246255997271372,0.0117514580346619,0.008185383728282,0.0123103161585396,0.00069389690273,0.0006920415634179,3.43997268365663e-05,0.0096141688165164,0.0019992311832075,0.0415787535245687,0.025720722241818,0.0205808651416485,0.0113782746102117,0.0389957875361509,0.0216862757923082,0.0210182074830491,0.0139185985652589,0.0385988389465481,0.0225951659453086,0.0297099353172162,0.0778823207593593,0.0216608475778846,0.0310931432026548,0.0003866335495152,0,0.0001718615834783,5.80973164350898e-05,0.0003414071712862,0.0013306896578981,0.0112998654417581,0.0042766080153607,0.0014705883222632,0.0006659267874399,0.0138049822684528,0
0.0010501819045543,0.0015748329248174,0.0044720580814395,0.0023828924316656,0.0042323055531564,0.0024400872902737,0.0004557218147026,0.0009362430300422,0.0030838355354168,0.0037759457479589,0.0024280966893387,0.0031750573960076,0.0005412995477696,0.0011807428402644,0.0008201138415726,0.0012214587105203,0.0009879983610577,0.0004466088057099,0.0028382878893591,0.0018877373996187,0.0029950368566074,0.0024927846443971,0.0018152215010721,0.0019930255159441,0.0022905527201311,0.0046209468805844,0.003370513190078,0.0052643128264556,0.0006112321833275,0.0002638845355457,0.0091992640057649,0.0074181272638986,0.0001625192691988,0.000357815463722,0.0001234960827042,0.0001321727134853,0,0,0,9.32719866128886e-05,0.0006811620756495,0.0007262004170893,4.45632824928246e-05,0,0.0008019417275524,0.0004562169038437,0.0001998169537153,0.0003714337078,0.0008013945908912,0.0006649616761538,0.0017838688506516,0.0023358035323892,0.0048554187179165,0.005130002733335,0.0038142570653954,0.0081995088018875,0.0024985352915714,0.0059791076438535,0.0010069675947665,0.0024761122234915,0.00036675689393,0.0030614092631333,0.0005326650795392,0.0022487063069055,0.0010217622684939,0.0045565391970968,0.0021785100664842,0.0034282950366611,0.0001229658602799,0.0006260697604734,0.0001199145407331,7.62266674219368e-06,3.09076990807737e-06,5.74673045042286e-07,0,2.30707663217353e-06,0,0,0.0002135076378989,0.000303173496156,0.0004645761018067,0.0041511385741143,0.0008842603712078,0.002138837724308,0.0021133383781289,0.0039852754525988,0.0012829503420715,0.0023593010629288,0.0132259505370712,0.0113686358407629,0.0070627409960506,0.0089792153287231,0.0208737097463658,0.0161769346493898,0,2.36809713729986e-06,0.0002962963138189,0.0005272027821973,0.0005856888556199,0.0016535584570666,0.0088696167470974,0.0138705303054913,0.0009351913019161,0.0019100232209868,3.04609779064877e-05,5.99869154940494e-05,0.0003336056842171,0.0001788136744051,0,0,0,1.05702664673007e-05,1.76874884121005e-05,2.01726793177395e-06,0,0.0001006652720596,0,0,0,0.0004697712696118,0,0,0,5.49664074053593e-05,0,2.67988760321314e-05,0,0,0,0,0,0,0,0,0,0,0,0,0,0,0,0,0,0,0,0,0.0027214461481247,0.0010509507454557,0.0006676674254188,0.0002957819104963,0.001148922446815,0.0003154545306668,7.25656535272517e-05,0,0,0,0,0,0,0,0,0,0,0,0,0
2.53022381028459e-05,0.0009605291959966,0.0002598945275895,0.0006388997646664,0.000532831313569,0.0015475470938603,0.0001945672410958,0.0005248847526209,0.0002888067220472,0.002201894370015,0.0003817989337898,0.0017145646457508,3.07612941903911e-05,0.0004025427087988,0.0004347151320585,0.000387856557369,8.00646970062998e-05,0.0001494421772952,0.0003932054337602,0.0005728908584386,0.0001520357885325,0.0001362928429511,0.0011403388320523,0.0008441900749278,0.0022967915796801,0.0016821383331953,0.0003928208084299,0.0014766401260585,0.0008031608179791,0.0013473839530183,0.001114760690988,0.0034287653258441,4.22127971944948e-05,0.0001210258186118,0.0001159196359125,0,0,0,0,0,2.1051366576365e-05,6.62544208793496e-05,0,0,0.0004595859873385,0.0009366670381457,0.0002020729515798,0.0004915730627789,0.000934297401877,0.0019646207470467,0.0028198836106257,0.0023559248163457,0.0056967844104089,0.0088569417750288,0.0059474696688909,0.0256810221575409,0.0006150273378946,0.0036309164414258,0.0002117213917201,0.0017565253663513,0.0001908560147053,0.0007917704003304,0.0002808561269327,0.0007147022800391,0.000907799479189,0.0019702208289152,0.0031179481308342,0.0019593854681905,4.25170093171337e-05,4.36897602632562e-05,1.45350958464365e-05,0.0001800122069118,0,0,0,3.5990395461907e-05,0,0,0,0.000452791585168,0.0004801616052221,0.0021555519375039,8.73579055248444e-05,0.0012174302428701,0.0015807882161006,0.0032667140005093,0.000679781886715,0.0010551398942382,0.0061821388459975,0.007502191649083,0.013679541007709,0.0131762418194522,0.0517521822849537,0.0421665904325964,0,0.0002557544908283,9.62963019911614e-05,0.0003495707432712,0.0001817255935421,0.0021186303071714,0.0279772096317516,0.0334985699475837,0.0057337617821928,0.0060161589856192,0.0005341952977304,1.69659963013473e-05,6.80827926973709e-06,0.0006597607986673,0,9.45992488005574e-05,0,0,0,0,0,0,0,0,0,0,0,0,0,0,0,0,0,0,0,0,0,0,0,0,0,0,0,0,0,0,0,0,0,0,0,0,0.0004438410026984,0,0.0003111611654762,2.42072151812874e-05,0.0002933074229527,9.28889434325105e-05,0,0,0,0,0,0,0,0,0,0,0,0,0,0
0.02002644341183,0.0450981868682775,0.032113481788034,0.0502451966400213,0.0225772993944266,0.0366268277934435,0.0112745104706846,0.0326651408965899,0.0139518844650726,0.0422129267177219,0.0113256980248993,0.0311252093607921,0.0185416181482114,0.0194001278396035,0.0418246643363501,0.0362958068454327,0.0175629919353019,0.0101328667110885,0.0489367099298226,0.0297319788978158,0.0209032164861335,0.0168762608477791,0.0118182138996904,0.0111258066850777,0.0121497333388437,0.0153326395983041,0.0177953358906222,0.0416492701948794,0.0105059313886787,0.0210015391120596,0.0132253416799136,0.0382431186571534,0.0088644235808614,0.0281912612218718,0.0082555489724303,0.0068780988999059,0.0013329522661838,0.0006672520148776,0.0070378906796151,0.0266032432928095,0.0061625369537239,0.0203305804304875,0.0109358295237392,0.0077739568164801,0.0199964408567559,0.0237712186514357,0.0129819785687233,0.029087493458473,0.0176395723848495,0.0192843148659449,0.0223286838916207,0.0408906120237132,0.0468346723190446,0.0611382959201855,0.0340876434486771,0.0961512973455216,0.0069960686548089,0.0298636112289514,0.018965249091277,0.0462242235231986,0.0231279983292627,0.0475364476322097,0.0239743357367517,0.0578930714316095,0.0134109224866264,0.04807522584012,0.0222213877374322,0.0487045646137074,0.0189352140938878,0.0289455921991563,0.0178676299466282,0.0350847895783968,0.0248040466663025,0.0156477723434564,0.0001511135483652,0.0016371015781903,0.0001204577465335,0,0.0136165585394742,0.02396251815072,0.0119288881140843,0.0381714663221943,0.0203856729840269,0.0337813994596223,0.0189162928478465,0.044479765504111,0.0132742508824156,0.0300386558227412,0.0350880841829166,0.0991364779945561,0.0479156808221292,0.089770309200874,0.0802883766967409,0.125820397004368,0.0017084776096881,9.23557883546944e-05,0.001687146069275,0.0065359480989476,0.0111124621707107,0.0237716437675108,0.025326798883422,0.0361560937883777,0.0048396149874162,0.0076126945746505,0.002630925943627,0.002120143609229,0.0066380722879936,0.027639044673144,0.0018902526156668,0.0001612487195464,0.0043498454584838,0.0179469911781682,0.0312790598647703,0.0062898414112711,0.0038764933552378,0.0074711138872122,0.0019607844296842,0.005191622410414,0.0026080336589004,0.0026756537530066,0.0004847581157381,0.0011105883009731,0.0004684345410961,0.0012357964699411,4.94927027537235e-05,0.0001012401983436,0.0002614379239579,0.0004211708798844,0,0.0009803922148421,0.0056039219000376,0.0031882046041716,0.0020800213206786,0.0007415330206806,0.0016368287413016,0.0028281555580969,0.0016147636479752,6.87994536731327e-05,0.0036211260838524,0.0011380239042873,0.0027413684485667,0.0007816640631849,0.0008403361841504,0.0002433090168221,1.83250881278905e-05,0.0009019608376547,0.0115077459975961,0.0167297989691812,0.0168855750049127,0.0088605972318256,0.0121430893585448,0.0086543065118804,0.0074168145042645,0.002751343784821,5.52333642164586e-05,0,0.000828060356759,0,0.0051303347901386,0.0013218771436073,0,0,0,0,0.0006094329984153,0
0.146002255250598,0.173961333947795,0.153129312111836,0.187767295154155,0.107992584380715,0.124384841536578,0.0625292832324679,0.121671649404959,0.0871451993325755,0.0817952938501525,0.0741725726767056,0.0698260237821522,0.0685302096573157,0.0500147346205832,0.301330876200082,0.275573737983209,0.0521701565693049,0.0387622088832724,0.251440129685893,0.166629923300489,0.0754247501585438,0.0378458882561258,0.0284664704306013,0.0179418355129634,0.0354135493313978,0.0310015489901049,0.0307772337061166,0.0781371082278237,0.0690536749348204,0.0882291828068231,0.0473723527567631,0.0891896172896018,0.050856658910015,0.125300494836753,0.147026506053343,0.0741911697325297,0.0137487832634342,0.030076091916217,0.070852272135936,0.0502041649720907,0.0617531814057392,0.0296685564556005,0.0374086474886016,0.0184297923612664,0.0415105792276751,0.0571166705712976,0.072359520077698,0.0506898575912693,0.05887032965496,0.046282824561501,0.0987515489170331,0.124997578961551,0.0969508810300961,0.0970370998899677,0.0385749434160789,0.0852762793546968,0.0283929482904293,0.0438920192912081,0.168467756773966,0.197570700959055,0.237006138499993,0.255763900337667,0.230874754232397,0.24909542984897,0.0588855879710061,0.0646174820183645,0.0724015053766478,0.150248464432143,0.156685739113729,0.136306196692664,0.268118375134725,0.234096200165629,0.251490384034421,0.11802922335601,0.0006979772364233,0.0031953011355603,0.0032891656900676,8.40336184150406e-05,0.0754684140491817,0.0853689317357723,0.0613473169435879,0.061907819955464,0.114478148221254,0.0940810161444702,0.0323249715595817,0.0408374827916786,0.0375730446840495,0.0369327870925705,0.0485707749312496,0.0736938254345419,0.0735962695968849,0.132226327350564,0.110853423952284,0.144492075565592,0.0836469195950057,0.0958700445064474,0.0898793081476146,0.0806813830137686,0.0570574957927771,0.079450821236955,0.0584590280927025,0.0187550499451683,0.017801885982698,0.0053301393032232,0.0332583110442335,0.014527740261468,0.104214330781866,0.220517339468597,0.0909672315987341,0.134012735823553,0.1628674724064,0.184749759882099,0.17838590098821,0.0138404752799011,0.0306006328667107,0.197076342187107,0.0317035924020381,0.0927584725088144,0.133733112801282,0.121834157531945,0.0193530355436984,0.0410666690953076,0.0108637328630471,0.0173276860861998,0.0085535035700258,0.0065002162642381,0.0105228764393056,0.0056062523789063,0.0495098068495281,0.0352941197343171,0.0939764761459082,0.0581982433676764,0.0192103879935284,0.0068306599405001,0.0437965356960785,0.0141828321482257,0.0520184575169183,0.0105263164119893,0.097549025376793,0.0383391026133562,0.176779635348003,0.106844203456972,0.0481055608575926,0.0236295992219617,0.0427707556904964,0.0670588274952024,0.0091483806674621,0.0068775999313925,0.15586907135635,0.0571207065976198,0.163006815668253,0.0421908938610537,0.0480414862039376,0.0402051204685137,0.0122065734918374,0.0059125192033556,0.0048902432389735,0.004212055441544,0.0103160329053507,0.0115708312637099,0.0111477356153171,0.0045267492389007,0.018464053379527,0.0108768041948524,0.0066242717219063,0.0015686275437474
0.0495886330528485,0.0429434117873866,0.0564688804180642,0.0738445148595422,0.052637621284233,0.0628807630183088,0.0482063952344201,0.0476369703990881,0.0594213046561617,0.0459273415735359,0.0666913610765927,0.0499197992460096,0.0774365966252465,0.0368936101133777,0.0572625311269337,0.0508243015146412,0.0596305850363519,0.0318758446444601,0.105697716484681,0.0774227309325981,0.0478490033478901,0.0343732840558906,0.0362296348407333,0.0501888436050429,0.071719255578302,0.102001047994917,0.108503746513291,0.0887648321678833,0.0622609574462713,0.0556132289713395,0.0509803951717913,0.0675740548932152,0.0561306202595021,0.0787052777242297,0.0302840680192119,0.0363368155851455,0.0031232797341083,0.0156716427178497,0.0504507519527216,0.0898364684393139,0.0400271686529031,0.0349749726219767,0.025873441815334,0.0243892329414056,0.0447804347502509,0.107340040695949,0.014144784325183,0.0212632888759074,0.0394066193925666,0.0486997044998292,0.0357017791618649,0.0403584387549347,0.0667028535378685,0.084306487349956,0.074787985502671,0.180521036072844,0.0329010965542173,0.0359264298840008,0.056281364793872,0.0487941949019694,0.0427875921425306,0.0599618820868798,0.0412902578165923,0.0448072043409377,0.0807902508125726,0.0473893486118034,0.0256339550121129,0.0372683341943416,0.0191012527413844,0.0308084875439896,0.0444574075333068,0.0592873428438419,0.229799978973515,0.209799336591858,0.0015022754058984,0.0025207119283128,0.0041189857217429,0.0002608543571633,0.075884536078148,0.0686274550389498,0.0514202052681709,0.0638954473429568,0.0712974025532223,0.0697972578573321,0.0493635018599599,0.064607157637193,0.0395143511227104,0.0245639045202297,0.0740876269304863,0.137175392744759,0.142252914185066,0.173216014923636,0.101103076563227,0.152952763127736,0.0245458492024815,0.0168916368803599,0.0233642715342446,0.0155735474127711,0.0375011597055688,0.0419703449366139,0.0394218223414217,0.0421320800417694,0.0105289551827681,0.0123262657236955,0.0076976019354061,0.0058750821477808,0.0291973056482675,0.0655105477144046,0.0323223793037164,0.0441821491557149,0.0280605943175908,0.0451839252977853,0.0378790198265426,0.0156681200260883,0.0032567051734411,0.0137211142568309,0.0853068550576928,0.144117655581795,0.112450035205292,0.260927303012674,0.0367111049957054,0.0579388269558549,0.0253421291964687,0.0382585149474889,0.0092958941113317,0.01944705104065,0.0132866487782892,0.0171744125463993,0.0759803966502659,0.0740196122205816,0.0764902006019838,0.0848232256431925,0.0235426616996552,0.0221319086172364,0.0172549029812217,0.0208169070819028,0.0092848909758579,0.0069487448209864,0.015702088215133,0.02377547237876,0.051710361114364,0.099234240102846,0.0214801722860902,0.0414770312206208,0.0385743105092095,0.154529420903418,0.015776795641972,0.0151255207994395,0.0983128556749595,0.0622541491670015,0.0618627487565391,0.0253458058619461,0.064099660615739,0.0525319295402925,0.0074565041692219,0.0030165914302835,0.0047652529964438,0.0030355847837334,0.007261822805466,0.012839833321573,0.0184584189415106,0.0091099819798911,0.002614379239579,0.0039215688593685,0.0122946483158582,0.000180995485817
0.0096429331829098,0.0237764685146987,0.024168278596417,0.0294455236098993,0.0103868933345268,0.0258492712777514,0.0060122221999784,0.0206814403462625,0.0052766344928128,0.0209273400950613,0.0034873779583236,0.0179308576135602,0.0080991510703861,0.0093593941982657,0.033200683260659,0.0210120669714965,0.0098815849045175,0.0037910216700071,0.0295393943756389,0.0236794122462517,0.0159848928158476,0.0082044855502589,0.0089731202949988,0.0059751286597191,0.0127682716998441,0.0188745235499923,0.011804541927693,0.0283005039733482,0.0067053986052166,0.0204283329686225,0.0107892909734912,0.0326319376828441,0.0034348025417195,0.0201226886831116,0.0061778347139279,0.0022035460970453,0.0011783763878178,0.002489025608129,0.0043323447820036,0.001975811583083,0.0167899685136922,0.0097523909321819,0.0043025849246822,0.0068765816843463,0.0101747170782156,0.0041254440808322,0.0068766037764913,0.0138962334721726,0.0067635363632999,0.0071180737372386,0.0267282477839943,0.0260796124383432,0.0265181831134644,0.0385371711980942,0.0112682592982202,0.0454732475989344,0.009462334648707,0.0092087952618502,0.0163812657048816,0.0351885922960729,0.0499226160654144,0.0717104841124015,0.0084100584314472,0.0274374970669,0.0026898340544156,0.0186165257249964,0.003514952650911,0.0107893506246412,0.0382200124866053,0.0167487923906807,0.0283659662991131,0.0216477871888499,0.0436608338754825,0.010355033598617,3.93781233525147e-06,3.32219035032988e-05,0.0001656294014835,1.75070038364668e-06,0.0121525061653099,0.0093983783808361,0.0056312772340323,0.0159920042418161,0.0156836051084844,0.0211396155413327,0.0076093473048983,0.0198193101612826,0.0151343990251459,0.0117056517816767,0.0094715079130764,0.0216594466165441,0.0160241209298728,0.0415400474776656,0.029920338436332,0.0711020539052744,0.0114655427772531,0.0144406563432545,0.0174130729252162,0.0105702449830193,0.0075343778328939,0.0144229622380704,0.0221836782014793,0.0256177954490633,0.0071087527713712,0.0069088341327123,0.0045973512951458,0.0021698297412544,0.0417653891802022,0.103616358329024,0.0233037113513556,0.0257589454518063,0.0264735383487524,0.0084839601233172,0.0040251670057822,0.0024550150729689,0.0054006088386562,0.0389005625246292,0.0016552076354477,0.0044786098905288,0.011821816804213,0.0035130721031843,0.0011932507464322,0.0019137256033718,0.0010876296241543,0.0005212331736715,0.0008966913204792,0.0001012401983436,0.0007096172221714,0.0004305302327707,0.0102941182558425,0.0058823532890528,0.0066274513723328,0.0056777832599716,0.0005431902811963,0.0001711230047724,0.0025461780420248,0.0019029596877901,0.0043829299016472,0.0013071896197895,0.0048545227412344,0.0060899657580782,0.0062313516046624,0.0037360892511551,0.0006044523429853,0.0003434950825724,0.0054425511739834,0.0020588236511685,0.0028966465439267,0.0020573382084187,0.010374644889119,0.0012610446158501,0.0077459087387527,0.0014669095522262,0.0031293938083627,0.0004010321884685,0.0115437731212399,0.0043438916596082,0.0038590737381037,0.0022367466827509,0.0051580164526753,0.006327385260734,0.0041666669130791,0.0017187122778714,0.0026960785908158,7.3991865271105e-05,0,0
0.282194332304892,0.245862127501162,0.338937391707656,0.316662477702102,0.4016666034102,0.331464253444143,0.387460826117786,0.358790964329157,0.373595917549931,0.287140972852183,0.424925953732087,0.339910618208487,0.43354719956984,0.40830684048721,0.330674604247577,0.345626090353389,0.460311158616499,0.535899647780781,0.322309019532873,0.384068420456767,0.426425616317124,0.459436301680398,0.500475266640771,0.506351523562694,0.549483989715174,0.492761545986479,0.519322387194292,0.428513097237252,0.520883075380349,0.447715066147469,0.502117577221346,0.30952233787096,0.504215768859309,0.447388416842497,0.523654706645992,0.459396304971225,0.45310848400215,0.220765304246938,0.520591421850109,0.411847638666244,0.462273474549577,0.611278010237519,0.728674285517296,0.64860060761754,0.453692779396968,0.34360376488107,0.384604771942643,0.332994622028278,0.466341222768237,0.434709531249625,0.274438407984953,0.286687359973701,0.312535675931319,0.357581938566048,0.433955871551478,0.40553244928859,0.616914667212566,0.615378137593602,0.270628807089491,0.224120660728533,0.210490920675916,0.151075484129028,0.368393492783314,0.321327375224272,0.459884347167117,0.409503967638987,0.386797742815315,0.352383291499451,0.366507041149309,0.336242850861248,0.19280804640298,0.199614773977826,0.339961818191191,0.376502792189904,0.54221903840862,0.630315945260803,0.138444430324918,0.393111017645944,0.334623113471187,0.428941280584096,0.412428501879157,0.398242122046555,0.31872550904518,0.260014596695325,0.502990999505383,0.496373868071751,0.544557881834516,0.396985751214088,0.581551045421747,0.521271674148846,0.502934615025482,0.477516540887196,0.558884642862001,0.477168283334234,0.301744539182811,0.328118803149994,0.49976081386907,0.592253115119071,0.660027066373189,0.687276516694862,0.51112957606311,0.501539465659651,0.554033304791316,0.545379488195009,0.493093284875287,0.500136363468342,0.0956869609965199,0.142582324377419,0.269403316820938,0.320945151419309,0.361696173535411,0.39793882169447,0.57322117802747,0.697726580438179,0.609023587966549,0.130991779455404,0.387344051427631,0.34598932527429,0.376508683983454,0.441421594732674,0.114576931048049,0.121173340499401,0.216843912855336,0.175308722542638,0.23783572741529,0.178572821613661,0.30008405136011,0.232093232874992,0.2931372722378,0.3024509982788,0.53485493359156,0.550200742743653,0.612453666320574,0.541005379588089,0.24563797985784,0.194164969691203,0.255276831705808,0.202648790794212,0.42836814677538,0.423483300707577,0.466309703621411,0.532607344693404,0.622010946412102,0.536067013239597,0.347755197402978,0.357882374105975,0.390337721827112,0.353030323908156,0.477076520692788,0.499541605431996,0.41306030639199,0.377752661857253,0.628415535977103,0.700139745233435,0.10278929080683,0.0593061875193738,0.0481368671542412,0.0412636189980225,0.0525767043780755,0.0504428318000576,0.0718982463074318,0.052134272428766,0.107352947525214,0.0742878327321894,0.276974049236349,0.132307700132235
0.0192449935196536,0.0167324910870307,0.02594959287014,0.0289853551220121,0.0174476967731042,0.0176823620559646,0.0196730148775982,0.0152531929580086,0.0087287470563436,0.0113465244037135,0.0115250283830767,0.0083411859377187,0.0493872578226728,0.0176658427382919,0.032226912232177,0.0187938830674389,0.0453950819086318,0.0161019651720197,0.0421152509964724,0.0309726298707217,0.017800459205364,0.0154577844948796,0.0267732226088405,0.0159553898105417,0.0197317302221729,0.0259267168248713,0.0106526364021279,0.0289578811606151,0.0152081829376438,0.0186650250456711,0.0079799944999968,0.005952753793842,0.0149050748593936,0.0342245506004978,0.0112924413947582,0.0101712910877551,0.0122856061134214,0.0313681610590612,0.0514669095487918,0.0437818705160899,0.0280619728693082,0.0191981927795104,0.0231706787321441,0.0083649593814756,0.0076099797827892,0.034060859027737,0.0074128866974306,0.0113075573992748,0.0072151251400649,0.0141383213817355,0.0071562890001398,0.0115853496159424,0.0068789602602813,0.0073459321340888,0.0143865524959062,0.0158265438888394,0.0077777499313461,0.019498825305518,0.0291487835387136,0.0227085302161879,0.0220581126846396,0.0175775676197069,0.013229886116184,0.0154001758506151,0.0166990611848928,0.0095717370620796,0.0038124970912211,0.0067239685237118,0.0119172676115378,0.0203783454984615,0.0262805434225456,0.0218852625758182,0.219559640114074,0.0939963966123416,0.0004804131049006,0.0007308818770725,0.0033878741212548,6.30252138112805e-05,0.0290675398453863,0.0400681179692411,0.016873762697699,0.0142639108010414,0.0237205324167701,0.0263024283558153,0.0066721026632508,0.0089984173177873,0.0106888722072491,0.0098505878267184,0.0229993886150623,0.0434066792663823,0.0116351426434512,0.0333920181467976,0.0023886060588115,0.0343044654295851,0.0217632654162384,0.0227100515467056,0.0161982580385585,0.0109619464021896,0.0061963218702522,0.0213717310142984,0.0274275196377888,0.0154503570861499,0.0059161240860664,0.0035585943586828,0.0058219954254233,0.0047971354542059,0.0554908801879921,0.0956098219078128,0.0376263717178264,0.0566520501339702,0.0290188724223237,0.0172282130583917,0.0045835862827928,2.01726793177395e-06,0.0010423710330218,0.0346463605923678,0.0419658797418142,0.113680933639195,0.128326678063124,0.0823120963711214,0.0188434180374096,0.0478494145944715,0.0199398764428305,0.0138477438794329,0.0097908211388689,0.0044247921981941,0.0156209159564848,0.0126632044551925,0.0862745149061084,0.0789215732947923,0.0966902017965913,0.0860660850651577,0.0235691587865428,0.0178110527467321,0.0385450434844023,0.0205750945248908,0.0248558261527625,0.0152390789885989,0.0365117036140404,0.0228835076970213,0.0587702507049392,0.0404557522600265,0.0148017110331054,0.0109202811667818,0.0401869182644638,0.0427058848785236,0.0194852040197814,0.010067588236504,0.0230861257672038,0.0077326922994725,0.0368676087270637,0.0197246452455154,0.0386895876056131,0.0182108059353745,0.0346313193637196,0.0080241332045541,0.0194516064936807,0.0089034137436775,0.0325905440265642,0.026983918758172,0.0265128480858603,0.0093036397013414,0.0093954253922371,0.0042175363204529,0.0078166406318495,0.0001206636572113
0.302584460633629,0.228084000706731,0.374813304768645,0.317246581842588,0.406054657981734,0.331202412066598,0.479065633378867,0.385644530788516,0.475033754513592,0.347870596046044,0.51365084696878,0.431106724467707,0.525285317244087,0.459737656274611,0.246695357840725,0.347464687562708,0.592486764316319,0.6624531237834,0.28065005067516,0.358024857161978,0.483117921068851,0.523424073468968,0.538097817885338,0.601215327040983,0.59447329718863,0.554675445641183,0.522321103788223,0.450020451450352,0.550031156088817,0.47220215298235,0.552473407809571,0.407569381633484,0.599027294338039,0.513389306975921,0.506525118094705,0.499946403939946,0.548594027276646,0.34825433724744,0.598835556747521,0.526468028481712,0.551938261920508,0.694157094332419,0.785697461795115,0.740834563103788,0.519513655482534,0.441244455086118,0.354143644204964,0.333329222180254,0.515551764309225,0.495385579168721,0.255684638897233,0.294241514424581,0.353449409846577,0.391341683735335,0.453215212983428,0.410390793317854,0.619530391006214,0.609800258773177,0.293609583492381,0.235143982558245,0.213186168425872,0.159258582334505,0.382267625193518,0.276772011411385,0.45005037318727,0.392993000573982,0.399139150696269,0.390511707220169,0.369531306589821,0.380177784246531,0.210409684095618,0.27961876595001,0.357052539474895,0.36903606531567,0.550468755250971,0.706728168979696,0.163019483642011,0.452358220029315,0.431705907883588,0.553189260213277,0.469838877960008,0.444161371161783,0.422658909561116,0.367777872800742,0.540845803721526,0.534473079162438,0.55562917193219,0.409912557072972,0.593594857408516,0.532310251041824,0.501002831825357,0.441132808506248,0.537340342770161,0.416512940615738,0.389349071468614,0.400000023655593,0.530831839671721,0.61805929277421,0.601853462914342,0.603415022850131,0.563692005851672,0.453419465751388,0.632675879347703,0.563237876106744,0.612574214344752,0.587128297646621,0.200136177413191,0.225955741566023,0.382000304718348,0.39502926312771,0.416793478872536,0.407383354783003,0.512767869418969,0.64499721396954,0.649442229076722,0.187640067119251,0.260580611285185,0.232219265070109,0.33512280679769,0.260866028499246,0.0533979709028442,0.0659639254696667,0.0710800059983673,0.0523848816506662,0.123918082353499,0.0563848351716045,0.171811401383907,0.101268198229995,0.269607859081589,0.214215698943008,0.528403952817898,0.476366401492805,0.393362503390243,0.284292351928624,0.258721242921994,0.21134417482849,0.205968870312277,0.148022024577745,0.441065807235352,0.310557496259172,0.569954211029614,0.502368869137245,0.472092022611655,0.325432966147162,0.251255283321506,0.158549028984271,0.538402496325996,0.512236364220646,0.540150765283553,0.58391358451995,0.489736700490644,0.485582929794759,0.711533444954776,0.748276756446003,0.11151616235303,0.105701363717134,0.058120462776299,0.0580537434477635,0.0699884701136719,0.100039662228207,0.0691599094314934,0.0491567849614677,0.12222222945032,0.0779874259957446,0.163089569793334,0.102684772286851
0.0393875213755269,0.0480158758554829,0.0475276832874468,0.045922845126302,0.0481762602613121,0.0555553571142615,0.0562176541614827,0.0712588866091659,0.0553795611876192,0.0784072206148995,0.0437370551471468,0.048086331196628,0.0573554253177967,0.0519232216443668,0.0697368462294291,0.0555920840676725,0.0421988992041404,0.0146126965775946,0.0817947581663977,0.0511611750858215,0.0546953862557098,0.0286529932649688,0.0172736593111535,0.0144236092225198,0.0188324431814677,0.0528275109388852,0.0224582848673094,0.0601738416123596,0.0322690823800555,0.0527113728701891,0.0965089138392194,0.0719493158945586,0.0339744421620242,0.075020221563018,0.0207352195794434,0.0088453362061744,0.0058474149055865,0.0083304072822332,0.0565776773339963,0.0329659473129187,0.0332862203413428,0.0200161967078835,0.0320209466352191,0.0129783372634143,0.0468074325602555,0.0351310722380819,0.0194876318392044,0.0341515910260793,0.0261334191130081,0.0216905383671553,0.0460891997514771,0.0493786715851225,0.0584550975926383,0.0655245931197164,0.0485044099448281,0.0820991741488636,0.0151784585951394,0.0252951314621324,0.050245856708667,0.07374931836904,0.0609884667886786,0.0679029707829774,0.0320740902162597,0.0608870944966386,0.0334632997184634,0.0709937563092717,0.0347504324915593,0.05700991920999,0.037493332882917,0.0189296771246465,0.0527100715775173,0.0228322323287907,0.226955852504103,0.0539215718163177,0.0017547876218964,0.0024076651733362,0.0104396713662371,0.0007055322546096,0.0465424864126059,0.0628474720213263,0.039469967149408,0.0690032564482685,0.0776771999855258,0.0622633320329622,0.035757435399587,0.0565143078619198,0.0362881465428756,0.0330479726169934,0.0413944571048887,0.0737240061901014,0.0654053054431087,0.0970540161655982,0.162857951118302,0.185477054880489,0.0208405433316811,0.0224306160845042,0.0127294125175104,0.0156407287608265,0.0204027490826077,0.0303115971828422,0.0416038234759934,0.0754479739118685,0.0096114286054436,0.0172998022260695,0.0062715768956357,0.0050079985510941,0.0204146253903067,0.0547508973062314,0.0250434960971187,0.0378138997250956,0.020038332306969,0.0605253457917639,0.128759862071974,0.0157104826526555,0.0081079563055048,0.0351978312132165,0.0577540141107006,0.0267602511369412,0.192480498723668,0.0531045783039493,0.0190733674000034,0.0097694123424589,0.0270130585365475,0.0079473843534714,0.0183879947407363,0.0025816250577619,0.0132679746408636,0.0051382847345903,0.069607847253792,0.0352941197343171,0.0903176524001174,0.0494210311765306,0.0259936422367605,0.0074438507076014,0.0201079864122405,0.0171897187267228,0.0156286053071894,0.0180254568623608,0.0346299830726498,0.0265897747366598,0.0757033292852018,0.0222443044421615,0.0261093926689539,0.0064119082080186,0.0814733418166011,0.0186470599262975,0.0098462622440735,0.0031008617401257,0.0422233192559645,0.0099733726546904,0.045008105076253,0.0119302512297676,0.0464873717908956,0.0134017068228379,0.0109914394790753,0.0030769232588891,0.005671432254784,0.0027741468597755,0.0104913501014166,0.0107600799489641,0.0165821510820714,0.0036794967075556,0.0061274513427633,0.000739918652711,0.0053789086381879,0.0003016591430283
0.402292100576481,0.375895452866096,0.415235258280469,0.39349856587972,0.462604603246452,0.405204373192777,0.479711199928814,0.443517104254069,0.473971372202491,0.394831656607615,0.522668889608375,0.476669162662739,0.492375693959431,0.497197698854716,0.399738144319212,0.434656330234536,0.53798352247625,0.647033095903176,0.372227432362317,0.426386770167105,0.493209552198262,0.555649313600867,0.486503526884183,0.579890151414786,0.548054399612804,0.514960088551527,0.544092228875152,0.462614255148417,0.494152258016412,0.427887026807721,0.537078264070412,0.388918462716553,0.568482378118086,0.530240698246118,0.599050201603941,0.506404398322916,0.490935107168327,0.269326910864798,0.5635740466255,0.499019119176946,0.526873101450249,0.662321195546745,0.761495143073262,0.695681176499244,0.549371982332123,0.426818834441829,0.477970854993192,0.427855142068724,0.563229009863612,0.52151537611043,0.378889652929928,0.416534168368749,0.448572827777276,0.493341259852908,0.501315380442221,0.486968941743195,0.646787120341721,0.61744716230753,0.413128765136929,0.350850394903305,0.355190877009045,0.254271250984467,0.491074934688441,0.422075249102801,0.53323423285877,0.465356524729523,0.494246389324843,0.475542265566007,0.460231203021259,0.410412149305137,0.341108539191983,0.350005297929466,0.393565658860958,0.421524977230697,0.534214450384137,0.648767021334274,0.132376371343293,0.393820051301321,0.385193922562111,0.550007907162705,0.501156345822886,0.494941848723384,0.425327331173109,0.418632604844847,0.574187074212033,0.57684485686961,0.46857748518425,0.358839243515191,0.632726599918806,0.553099279155564,0.543990563458476,0.471985914412381,0.223923341813731,0.15473617853603,0.450068509892256,0.49656392062327,0.60503271551958,0.732782261914484,0.717868760189054,0.730810027380155,0.0757516384668027,0.0206451506664792,0.0636462624794379,0.0265022359099257,0.130374113624134,0.08825590090273,0.218218967153613,0.221152436312174,0.44311847262491,0.449441031051448,0.488711513495738,0.551317351984928,0.686112836209731,0.449681298279322,0.499366155292654,0.222732856309449,0.354367222382941,0.286920694330051,0.429012018518106,0.384763094649922,0.0942668089681495,0.124461183831096,0.148960389300235,0.105823602008828,0.214920606040316,0.118322992987645,0.292250250710086,0.195076992209592,0.309313743782695,0.299019625526853,0.619462781732436,0.603728613749286,0.558783816829689,0.432057066549632,0.22398409963437,0.140503609213409,0.250605551152737,0.163536301381036,0.462666061517197,0.361707057146465,0.593419685563118,0.601014873911186,0.666592992392292,0.501975126294283,0.331977296524864,0.30164707666263,0.47686919731373,0.454062712533138,0.570856430545056,0.546225976384583,0.494476613264881,0.364868689495411,0.72781838703385,0.7999507400749,0.129080372173864,0.0980392214842141,0.0573861451014372,0.0514596980323808,0.0903806281823884,0.0964441563975945,0.0891818849225368,0.0554506609086024,0.117483667078583,0.102182765939396,0.221091692990347,0.12374058047023
0.0156547171514888,0.0405473807695692,0.0741604303631447,0.062567231137372,0.0195088697111421,0.037697391884836,0.0213367536892017,0.0424809763171002,0.0118375866636693,0.0247092110400416,0.0107891320154249,0.0218855175145052,0.0163074551201576,0.0206022315921372,0.0792364221220553,0.0511236705418642,0.0417889679554681,0.0281037179623868,0.286432955756591,0.152847005382271,0.0697223854263187,0.0457319754001627,0.0214857786802024,0.0175569164219012,0.0401934070115782,0.0854322616909421,0.0619041332586103,0.102090904125182,0.0253397670344119,0.0249117487033417,0.0188290047962195,0.0134621409713563,0.0110370634864656,0.0292622150904578,0.0436198771136836,0.0537026190384229,0.0047664424959171,0.0333362618485577,0.0148210687886463,0.022487357794664,0.0184490166891153,0.0121414474027138,0.0108288776457564,0.0032910343502261,0.0061287539010647,0.0218923530768874,0.0069710334013923,0.0076658547164043,0.0051909310945758,0.0099554566842372,0.0064733876879712,0.0027090880416497,0.0031929557784146,0.0081354329191107,0.0057635810122281,0.0142439390647793,0.0117126935654083,0.0219790073581568,0.0276930572772612,0.034632874292002,0.0207855018701677,0.0126107471145412,0.0114810458964105,0.0306687823370823,0.0062281444922177,0.0211539238129541,0.0020903332730777,0.0057704363695503,0.0196120126310896,0.010074768634727,0.0251366313794311,0.0127134354080187,0.320294631112113,0.183440233361858,0.0027259505890778,0.0004600310804554,0.007520244037057,0.00016806723683,0.0146732034821374,0.0249783462287492,0.0106156493263025,0.0181960919925668,0.0349488843434874,0.0357337574988203,0.0058078617316523,0.0080995206227319,0.0158810553477078,0.0104192483489752,0.0312725202317779,0.0265918640696528,0.0150725416249175,0.0192494531850727,0.0003323187972168,0.0101290215035556,0.0172145338900223,0.023107891865772,0.0160631817778469,0.0185033373881356,0.0125894166761872,0.0321098932092309,0.0167931969039755,0.0022526989655642,0.0017152967129312,0.0005592228556497,0.002540107102091,0.0010730992660602,0.0454656889633043,0.127164269451553,0.0207833745304665,0.023277865153719,0.0145975240830969,0.0047420857938927,3.5374976824201e-05,2.01726793177395e-06,0.004907595512227,0.0568802554646806,0.0789152071115791,0.128921576251741,0.162135931918651,0.243647890226081,0.0465429939584963,0.057236081816256,0.0365091779117965,0.0438423437825298,0.0160356356922064,0.0190361349414907,0.0092343609569416,0.0103982410567028,0.0431372574530542,0.0215686287265271,0.0502666696393862,0.04473135975514,0.0176205627802709,0.01608556244861,0.0022847401180669,0.0012826579111071,0.0042099195107927,0.0020639836101939,0.0114326382472721,0.0019069589747517,0.0397591668866959,0.0605325949947803,0.0209641763835417,0.0422642074515159,0.0389224871836394,0.122058830747847,0.0176017997649097,0.0123180340023916,0.129493862616386,0.0541999547909025,0.173615307626045,0.0748933201043528,0.0596761793194737,0.0384464957076066,0.0089478050030663,0.0034389142305232,0.0052183426256139,0.0024691359484913,0.0096239913419327,0.0049438205170916,0.0157707920077193,0.0063745666644056,0.005228758479158,0.0029596746108442,0.0086910444991411,0
0.0137491249664575,0.0162681024055549,0.0218067814965801,0.0269570563630575,0.0206872110973857,0.0256516798838342,0.0220555190798519,0.031238351368771,0.0248313693656014,0.031979883569638,0.0203563870014182,0.023224302535574,0.0773021400006401,0.0566495076297421,0.0168111921683842,0.0053770646823311,0.0309738286838571,0.0289557101455873,0.045738311397378,0.0299988991774893,0.0346566602622187,0.0284605798396259,0.0137070798863845,0.00775891610565,0.0151782540170561,0.0204879870662059,0.0241501806872796,0.0253260424079476,0.0151787884620665,0.0326823618642964,0.0185652444541554,0.035361912813003,0.0350936089476432,0.0592865881965217,0.0048562498452342,0.0099672466798998,0.0034980733022013,0.0222607563647664,0.0328420872742344,0.088816694719013,0.0325073197780173,0.0427973246400458,0.0149509812763426,0.0091457152783761,0.0161115607228763,0.116662195686674,0.0064779367252883,0.0082579455203118,0.0261448843202938,0.0388024319622554,0.0110563265517154,0.0112203911552156,0.0216336378887058,0.0266327423739267,0.0163879695466094,0.0550323195177643,0.021611937520773,0.0204910928033438,0.0209213733832494,0.0227376368121556,0.0105488303252191,0.0248804306907958,0.0093401689859041,0.0273886596851941,0.030080322123618,0.0622901679764444,0.0096355086520099,0.0284364104917997,0.0035503092224555,0.0184728113497974,0.0002529106677279,0.0008103481105932,0.235618662402462,0.184105130074972,0.0006300499736402,0.0026614436028753,0.0042310783469893,0.000197829143352,0.0693398733817351,0.085187815101705,0.0389325875316472,0.0629122459813672,0.0397871389975119,0.0461601334488175,0.0140404186971995,0.0230260977154549,0.0253772252379602,0.0183135944226578,0.0343894015435581,0.0685282306371103,0.0426739910587953,0.0753226675076424,0.0650089588521209,0.101262428765887,0.0163566907020354,0.0221535487194402,0.0259590429295268,0.021284531330937,0.0150366353777574,0.0266349898323074,0.0363373576039568,0.0555711643351111,0.0062787704909206,0.0098903648762032,0.0068300281572546,0.0047056402598665,0.0221949904193429,0.0786040248730038,0.0303568927530977,0.0437693524336761,0.0434711805157034,0.0484052140036952,0.0460354787685798,0.00808520987055,0.0019551499916679,0.0254551835782227,0.0379424519510335,0.0997549078601878,0.196363994098965,0.304513906897531,0.0191852346574814,0.0419827475808561,0.0294952231738503,0.0332300363665779,0.0258555701856364,0.0237348712057911,0.0153314668263885,0.0133838746274392,0.0882352993357927,0.0578431406756863,0.0721176513237879,0.0636289986680027,0.0255564403031147,0.0180392167530954,0.014163115358763,0.0229196249689637,0.0079873130444492,0.0070519440014961,0.0260594575816104,0.0268358339592084,0.0752957205654441,0.107178066751756,0.0342768706692929,0.0583798517422057,0.0915154901106851,0.175352951546665,0.0130027893751066,0.0127785212548174,0.036573945935032,0.029480605713436,0.0275279549580675,0.0225122332409999,0.0551136138539477,0.0562036750691397,0.00530240296478,0.0025942686300438,0.0027966566766014,0.001016703037614,0.0068927339716431,0.0021326284583532,0.0144354301978481,0.0059630440063238,0.0080882357724476,0.0054014061647906,0.0148383686570702,0.001447963886536
0.0007176382037741,0.002171883374495,0.0029666426846039,0.0029084714028686,0.0018324437581163,0.0016874446249289,0.000692791608465,0.0011166940631529,0.0013816203454714,0.0009268375494567,0.0004028761619959,0.0008042805698418,0.0002029253116753,0.000803980542825,0.0022564546481799,0.0017914589923254,0.0023154710374221,0.0011216751928023,0.0024191964312097,0.002252513134663,0.0027911861805032,0.001827354881753,0.0234287273360251,0.0223845256033085,0.0348912676605819,0.0150097890219189,0.0073551546862931,0.006625968680403,0.0005126742358036,0.0009069938672069,0.0006817956011846,0.0005136629423508,0.0003986471035055,0.0005937742679721,6.9955858709756e-05,5.80758892586924e-05,0,0,5.46999948195186e-05,3.62724392383456e-06,0.0003774209293334,0.00017061595965,0.0012767380434194,0.0014784947110925,0.0027770542985519,0.0033460296359859,0.0001559861380616,0.0011655927104829,0.0051003793554007,0.0046468459696093,0.003127422456936,0.0039684028823705,0.0162814170515071,0.0183839895729765,0.024311330645307,0.0461760768004744,0.0012582903112536,0.0021058186235002,0.0004315035621851,0.0017461393122835,0.0002048616177745,0.0010825347880806,0.0007225735020301,0.000830964405145,0.0019596135791092,0.0024785447559117,0.0053085772826682,0.0032316010506354,5.29378449340782e-05,4.59418097613622e-05,0.0003335804496757,0.0007147715968256,4.88341645476224e-05,1.6090845261184e-05,3.93781233525147e-06,3.73746414412112e-05,1.84032668315078e-05,0,0.0002440087290273,0.0006260335829714,0.0011806552587275,0.0017074930312938,0.0008171206708917,0.0025070343520795,0.0048912485732796,0.0042509975430357,0.0016419946432687,0.0009680030967101,0.015961857561615,0.018446643171982,0.0077139504234275,0.0132589901804859,0.0122411854766074,0.0207463866965544,0,0,0.0001394335594442,0.0007953588409607,0.0001264555483724,0.0029299799646354,0.0037690634037264,0.0132251972277441,0.0003691407888952,0.0021457761149372,0.0002284573342986,0.0002769092967755,8.51034908717136e-05,0.0029442596389127,0,0,0,0,0,0,0,0,0,0,0,0,0,0,0,0,0,0,0,0,0,0,0,0,0,0,0,0,0,0,0,0,0,0,0,0,0,0,0.0008526419262365,0.0001559714887248,0.0010765550875898,0.0001059065664181,0.0004116026819337,8.64510958678811e-05,0.0015389965685571,0,0,0,0,0,0,0,0,0,0,0,0,0
0.338648630350647,0.283850368521518,0.308886357197047,0.284847162883073,0.365353154206447,0.28677259018626,0.404848148163093,0.329400922085937,0.408846231700904,0.288115439870003,0.459663032435243,0.358664264940567,0.454510525410685,0.415062044846577,0.333515321512846,0.362990941158283,0.528531084347687,0.595102798156163,0.285021675920587,0.324894583412622,0.383456075473841,0.431806650055571,0.453331288891848,0.516702886196182,0.503851188442522,0.443347252388155,0.360793187361816,0.275309414732256,0.474579859998942,0.379769167193704,0.397554019728716,0.240508983768721,0.522802854953993,0.445598508683027,0.511402581990956,0.460325519199364,0.454556838807662,0.239950262946633,0.528469798988585,0.481155979207468,0.484087201329815,0.612030625815874,0.762098975551039,0.713308470394329,0.472687118733859,0.423600556075106,0.380954889683246,0.379146378998669,0.513316750839972,0.486930122573192,0.355123754243123,0.335135942553872,0.407448752438896,0.416324628819223,0.471325901475033,0.433137577906201,0.65323652161818,0.595041618145815,0.32856124607971,0.255385504376112,0.267327794378548,0.183115160579513,0.401456989854724,0.289861158624709,0.465621905268389,0.354608708417807,0.458696515099697,0.367987587793389,0.38140147202437,0.36390837812568,0.286910437177187,0.293128476853098,0.387017553733705,0.406107074105258,0.51226360774782,0.651869116573895,0.109817312256379,0.402827404775183,0.335124202825439,0.451596609115026,0.437747899427624,0.388770303469159,0.372027183060284,0.307770615229289,0.523649561601884,0.468857622931867,0.469584497320157,0.288838661216616,0.591083521475684,0.48253405423569,0.534176283728069,0.419841673724216,0.511964023899822,0.344124845529256,0.357482720103101,0.40873830209223,0.567091536805189,0.687804918724862,0.717056493085435,0.719277993271978,0.588019977794845,0.423601038490417,0.659187253880219,0.590364963380636,0.641071023268454,0.583642997263573,0.160297531266325,0.179421024299271,0.331932121007848,0.393188877741953,0.445067842921183,0.532573626971787,0.501200251997456,0.644351688231372,0.655871122853359,0.238721127563102,0.384746648676621,0.363435850370231,0.549990514155423,0.55780232056956,0.0762499656665497,0.0946698095202446,0.185232657788948,0.141995288868272,0.236150064186208,0.148933264722124,0.276479941654196,0.198240453485168,0.280882369552273,0.257352956396062,0.6342235669191,0.611757022437757,0.584578730914792,0.479629261876372,0.16647912322989,0.107501451975988,0.239042690030628,0.141795674020326,0.434329563952727,0.318446770082137,0.613110117247624,0.608381064065946,0.692348559299498,0.535380023074452,0.352043268024904,0.365588256914634,0.476717356970702,0.423473732708689,0.454835533669001,0.466551709992748,0.412772670659537,0.365626516123018,0.715687828619211,0.732544460921327,0.0769953097177433,0.0442835621965619,0.0414498891789036,0.0268119115347939,0.0542837402345065,0.0533509615159939,0.0631254263159996,0.0368191742907382,0.0719771284396605,0.0404735503032944,0.207048236939905,0.0786727045017939
0.586540635045539,0.616518237943752,0.604965913298507,0.597936066972569,0.641434603772549,0.603958621209307,0.556322523360885,0.550685746452262,0.584321513246508,0.552564047591338,0.657661911996504,0.662459656891551,0.654966995152275,0.632861589260144,0.661534145079695,0.564203521594272,0.750486437388551,0.680204106084195,0.603869996129578,0.582182073130795,0.687666052830731,0.683800090833229,0.731613087545596,0.672454310066986,0.703872590645915,0.617258727420031,0.656153493414083,0.571069387439854,0.820529494871717,0.7906749620021,0.744259524456672,0.615172647978514,0.592897204695451,0.703448030966437,0.704208505041835,0.470351064281508,0.675930671405689,0.344922466988939,0.718111525258924,0.630913999090825,0.734278683305803,0.792171199761659,0.876682315660715,0.804405882486354,0.686748247425102,0.524070212531472,0.733496130833576,0.581195644637896,0.700262337261928,0.597249182805788,0.583194490895809,0.658149852280067,0.597578481726393,0.645193172607177,0.65385232347156,0.608012684899537,0.822566264391448,0.744790104629534,0.59635706728939,0.613874136820372,0.600744231510879,0.618110377000227,0.684705401999867,0.647980576260993,0.711107120235741,0.612970862878995,0.670656810469174,0.680466062267317,0.674701309297795,0.574833232205422,0.638374868782359,0.617388511040294,0.30460526490473,0.353187157406449,0.361991766769204,0.483575720317385,0.138395912621453,0.278644974461973,0.466525082056048,0.652449050318379,0.603772367810055,0.590602815358509,0.728165145679866,0.621685534582314,0.701222357591491,0.686639001022324,0.787399085651812,0.668615101404208,0.746475840714447,0.712076615782843,0.762403531261338,0.679985860070314,0.755398413102172,0.576637339945196,0.480968886575497,0.639772226904341,0.669351673571703,0.805038079081883,0.804122150941773,0.816887917663788,0.767153556345719,0.635429096842784,0.811169348760406,0.783445733965987,0.769749475789127,0.727254702598524,0.427495259486427,0.368852531370845,0.428476068034893,0.692578300332299,0.732052969726597,0.822596634451659,0.763427374843081,0.80174296680424,0.825918462186324,0.436598415175727,0.456200689062258,0.461965267961866,0.496383048582695,0.46533907980726,0.18330693107302,0.257060407359153,0.134435328989539,0.115565923873088,0.200069883878743,0.070049284295099,0.248151275179615,0.156160802908268,0.452941203257069,0.392156885936856,0.640811802602839,0.58663350697946,0.48696346282078,0.337411784660071,0.429894881916867,0.264406260708472,0.296251459273181,0.194117658538744,0.617441529240985,0.379208019350235,0.65316766437362,0.584385302180512,0.603479322140574,0.378460019519281,0.424940468597652,0.272274525905959,0.69824657743597,0.631948195423871,0.804507975150724,0.632233455448223,0.63353755164599,0.45605712147835,0.682788375451293,0.660546034494882,0.171499595892104,0.10395174068757,0.125740183984853,0.0922730628280314,0.175566331028719,0.190103558279323,0.201073372269908,0.0926652197139683,0.0808006583732398,0.0440251598363074,0.152437740864509,0.0438009075677166
0.0244224987472701,0.0352203220949567,0.0305831036325453,0.0395664570919339,0.0161279631215739,0.0263187903888718,0.0074549477377158,0.0215374439848827,0.0099520082797261,0.0302668179538853,0.0041847331086843,0.0228199187902072,0.0032557356851184,0.0074814753765226,0.067707110134891,0.0359592234363726,0.0098463564378347,0.0048852132439965,0.0346812107644433,0.0176367230232813,0.0068893347225172,0.0053188568291202,0.0034664689521267,0.003191867539731,0.003645276507913,0.0050448362681611,0.0024697916744104,0.0080784015912802,0.0056056994012667,0.011259656043187,0.0049591920918283,0.0287468727889218,0.0018523503068909,0.0131541494430387,0.0033654576648599,0.0026610327955735,6.14068557892485e-05,0,0.0011444921993007,0.0015477968000705,0.0063389674545544,0.0058286568956604,0.0003297682904469,0.0013401329065785,0.0030195472356597,0.0036916165746944,0.0079453021934593,0.0091901442976266,0.0037369556236858,0.0019861467500247,0.0107864674940428,0.0201108763957533,0.0065462574810944,0.0096298534639463,0.0048451795909919,0.0120789475610227,0.0073132418832572,0.0143815517234409,0.0214144663330319,0.04736386856708,0.0241905250976969,0.0525438604342995,0.0073252967143711,0.0381988505716003,0.0034270796331723,0.0205559540932631,0.0024054294921702,0.0250517630537445,0.0171784001533458,0.0147689406085791,0.0331934350071108,0.0390538535151591,0.0163693355871593,0.0083051748469511,0.0001427456971528,0.0001144310009558,0.000220839201978,7.35294161131606e-05,0.0027538127990232,0.0104220810951291,0.0019682569313218,0.0133643595870411,0.0101316096630321,0.0188985620367776,0.001984391607662,0.009930890611718,0.004933125859848,0.0130085740385541,0.0159719678563306,0.0221828553362476,0.0199357088466008,0.0319660435941298,0.0273259742437297,0.0545761700192839,0,8.2883399805495e-05,0.0029058825247921,0.0076387470072804,0.0047549601163772,0.0137525268933803,0.0374384134760103,0.0331203662092738,0.0087546894627437,0.0088715300723475,0.0003136352540001,0.0002454010179302,0.0062704252074278,0.044009744864376,0,0,0.0002904319794344,0.0005100153570472,0.0006418031509533,0,0,0,0,0.0011586453448134,0.0028555113053654,2.04248378092113e-05,0,0.0002258823662996,4.307444056057e-05,4.54894406113318e-05,0.000375562273837,0,0,0,0,0,5.09803951717913e-05,7.71962373891449e-06,0,0,0.0017163968051149,0.0024917206961671,0.0009515571496997,0.0003783969952022,0.0001581277765874,0.000107650909865,0.0010763001489027,0.0001801801908358,0.0001621701408009,0,0.0021073851347074,0.0003137255087494,0.0050837314848553,0.0025549615295886,0.0104645532660782,0.0032891553627574,0.0086801171881023,0.0012222713447703,0.0052398448984469,0.0034153479001541,0,0,1.56237803162094e-05,0.0001742919493052,0.000516724367352,0.0014716898865495,8.45165702450121e-06,0,0,0,0,0
0.602562512696092,0.675831386999545,0.593771021949171,0.61284009423238,0.646676232573291,0.69215871921969,0.601168855681721,0.656859630431034,0.5979016317432,0.701608960280781,0.743519699990653,0.752492528909591,0.735455906001058,0.713365343229227,0.688576440075115,0.620340589609293,0.818954563680458,0.791907839296958,0.614970677031421,0.638706691943034,0.698476274637781,0.734997523767535,0.720018108492947,0.757712243783878,0.650655118692984,0.625588114417628,0.47100210814494,0.489141580609736,0.747479900345186,0.678355392953568,0.537441556617029,0.561363195484638,0.671804795001173,0.731601627402653,0.700594287373982,0.493744076977507,0.670967303475689,0.372366132644707,0.737243374408539,0.596408027643387,0.704301537301059,0.774452256013023,0.862348535846898,0.748383187838631,0.674170527373882,0.447535085627456,0.728665394834803,0.628036223526088,0.60711805733726,0.547086988875906,0.608732057358849,0.629774678877248,0.641326645139967,0.695295280282403,0.691845386917406,0.689665775634165,0.741758635566847,0.697929848622739,0.613281050113202,0.633670725210891,0.595613670508607,0.594547210466681,0.649491412401622,0.661432359256387,0.74156328539395,0.671436309251337,0.715285969118727,0.653902301631094,0.705906848913922,0.549633699141416,0.626324184193475,0.557352387778777,0.422078011262972,0.330565152988359,0.394978820701606,0.571261243291731,0.234737014484396,0.483105770867301,0.541366045087731,0.689087764194738,0.612269883172192,0.715911204638263,0.754185594308031,0.723242957276965,0.73278862619161,0.71679467814002,0.806503748513885,0.672653953915226,0.781825260697133,0.654015457046448,0.847487300878463,0.682758763202134,0.77727710251333,0.587543913895006,0.564976244484783,0.695829822338503,0.717545576203977,0.848541987281951,0.841188673957055,0.836589977925567,0.812842347383555,0.680448193285001,0.825973686845101,0.763732331841853,0.785008169351544,0.733087369755552,0.561260926438586,0.52463932070477,0.519339852973068,0.682125083339838,0.778917929007063,0.837597163852067,0.820555435630106,0.737884333156003,0.690046806641434,0.488436653535505,0.411764730233699,0.438346728240669,0.526461100999212,0.372508191964395,0.152518575876013,0.190406285770237,0.0943025137655846,0.0772789780252175,0.136189361300967,0.0271174848916245,0.219869294048597,0.0911226597012227,0.437745123927016,0.307843155460432,0.635180429720785,0.47881738202991,0.416083755396382,0.180919796795669,0.423120229626479,0.24051938551146,0.249711664133322,0.138871697239218,0.540037982601432,0.194402164514816,0.710720417137845,0.468746715585538,0.561801595954729,0.219021052025245,0.340205261094287,0.120529418892693,0.832672001121667,0.708221967017215,0.715141393889193,0.633731276887565,0.650516162275756,0.520329832486082,0.691145519882515,0.576279967680202,0.17890086669711,0.0638310746647991,0.122677923042876,0.171968056647866,0.208424464459805,0.407164597773945,0.204530099992929,0.0656499675716515,0.112336607950662,0.108250098891627,0.137731857641877,0.0350527924198944
0.300577659496186,0.241299287602715,0.263502954746641,0.231248627050147,0.308382295044299,0.239161536777514,0.378193852884719,0.288918922747277,0.362468911720507,0.249368753409778,0.427228189258709,0.301606335420933,0.416558034478431,0.372661002283632,0.25919159135324,0.330087431963869,0.430408595578586,0.490987979188118,0.243580116900623,0.295283430734349,0.296804539083166,0.392088739515381,0.408197000113842,0.450656692002081,0.424435853977709,0.351948964642642,0.258501542309161,0.167550996352755,0.379341759128563,0.279601393628068,0.269523256707719,0.105957974559947,0.458594815951324,0.335435934316125,0.438289112806658,0.385470370717608,0.38862810920676,0.20058678388474,0.429734730454888,0.377224559057836,0.457167014485767,0.567576074582984,0.682823124160429,0.636150021808487,0.334057575461898,0.299556971071796,0.289509305386229,0.285418404740116,0.376336069801641,0.374725299228221,0.257369822587166,0.242990522675445,0.338813039885119,0.330723257376165,0.425250072032646,0.359408911201348,0.582008628242374,0.507222732421529,0.272031130691759,0.21635958565922,0.181358316759624,0.12938463729111,0.325571347090364,0.204429270782063,0.435752726531805,0.303401094685585,0.388840853445478,0.274764151355369,0.288349801410901,0.289739079681791,0.257987413329759,0.273452028555575,0.233596062574616,0.303454952088489,0.431449854097621,0.580640894047496,0.0724887950250517,0.313426138983881,0.295864941244428,0.356754489953912,0.421219366305578,0.334910688944992,0.302382332676204,0.247329581730193,0.474506558719423,0.376755566866658,0.393776156257264,0.21969705777519,0.513154135739569,0.354243104182307,0.394545909301721,0.297999617765565,0.345805142921938,0.176649125454212,0.248666393021909,0.311231902463908,0.476009178477495,0.577532998559987,0.607501424912361,0.593301143831558,0.45634576186297,0.258480223849083,0.604433881355919,0.515049559803305,0.577665369571733,0.540074924690153,0.140716920086561,0.158567650270364,0.211426165698619,0.26421355191703,0.336954170008211,0.366324475974082,0.402051772311397,0.572579312486787,0.638283224585372,0.147776619383616,0.194143123271597,0.152339581201721,0.208242921129285,0.209293313030988,0.0553370033657966,0.0729600043147802,0.0907398985775541,0.0578928947513549,0.168985555213949,0.0655947155679803,0.255462199981724,0.146904402903697,0.206862757331692,0.16960785316769,0.412447083215229,0.411239795819453,0.45398783818913,0.316705901082605,0.140062526043882,0.101214325493676,0.172750875268214,0.111317516043129,0.36377295003941,0.258608242898595,0.411492991087194,0.422623236440248,0.564307861767107,0.376585108860239,0.211819693670286,0.137882361095399,0.41272833241061,0.342216300689898,0.399840534012987,0.430344524360812,0.359065002599185,0.327519057002958,0.571203565308659,0.590365401512888,0.0761668092544965,0.0427149346528145,0.0297633015023789,0.0181118383986393,0.0326735890141743,0.036351621449203,0.059085534258288,0.0284757541249211,0.0730392200057395,0.0469108425818805,0.223661910418446,0.073906490041946
0.386351968618261,0.323721246766028,0.384897755983059,0.319142912082572,0.412115491814891,0.307377065704796,0.416691248338339,0.38542904071985,0.433466326350377,0.349020312160381,0.532642031788966,0.441956660049012,0.488359856617867,0.483316788795587,0.35225784524745,0.396604004566391,0.586385834404439,0.691388221214877,0.309520012799822,0.36452167839262,0.485077341948863,0.525924875339421,0.540348002129615,0.623229409142979,0.606428734615805,0.458574906346705,0.434203097426215,0.332830296855842,0.500055360347049,0.437053082363598,0.418177092511994,0.240115262427122,0.549978662297861,0.517459873296189,0.555417949627164,0.489258660212462,0.543478200946066,0.282219800125953,0.611808396865054,0.559912771992577,0.54186017078358,0.67998774200828,0.757161363850835,0.678271308296967,0.487322229622115,0.458014113967882,0.443580423546323,0.477197993081104,0.505384699268814,0.548635156060387,0.372031213687591,0.42528415154028,0.477373087715488,0.498312848400909,0.538268665534812,0.486611083715331,0.620315681348939,0.617031332726334,0.381110722214053,0.321600317521984,0.311731253302296,0.210487164104338,0.448827923047148,0.309646494002826,0.55150067268013,0.427952128135599,0.507467893541883,0.429536577466103,0.405276856923064,0.423842922101941,0.331529547651785,0.343135516117809,0.482182977357389,0.467759722396529,0.410384034783652,0.591606429280216,0.12858697140026,0.328184543218023,0.38093684170033,0.520037041542711,0.484886788257592,0.465108866329718,0.349636855956026,0.304822477653491,0.581505795334264,0.554343754849152,0.414439058401206,0.294908090189461,0.587156897468958,0.523479003654768,0.461936480731934,0.418695969906682,0.441858216080731,0.340021045051304,0.320004344184246,0.385502532981044,0.499638809504557,0.651517881439625,0.678181974037587,0.686082841382585,0.51391740930993,0.424384067103956,0.601786770420773,0.595761155972164,0.6425387911298,0.647178229698362,0.124516619564222,0.166746834377208,0.340856746541519,0.348262834493398,0.455743061007907,0.533955689312387,0.517139205840817,0.70780283375739,0.732124789747418,0.249868712255972,0.423605831010364,0.388012500665024,0.579535537794938,0.593321113519778,0.0921661904666177,0.104508241474628,0.19066542160465,0.142766713965306,0.242351208707704,0.163625004093517,0.309225041629924,0.232299138638491,0.387745120970067,0.27500001626322,0.699427492343821,0.674116143000708,0.632061510617417,0.51324067206376,0.246297258100864,0.144151824747459,0.253719738188118,0.175748204408017,0.479364354724831,0.396970419477964,0.633834223332562,0.660712810669006,0.722556433708694,0.625690605200786,0.374967953272895,0.40070590605028,0.656616043386813,0.616098521283923,0.584992372838964,0.523249546800169,0.538693112395762,0.453828706528479,0.732598649459958,0.807465162885056,0.101739856886717,0.0456108624258867,0.0401218678520258,0.0279883821926045,0.061665516910965,0.0819387578750762,0.0830375302657244,0.0398773524753075,0.0605392192665022,0.0416574201476321,0.250635944870049,0.0539969866020748
0.118825983248706,0.191828481863183,0.184674790484228,0.215195613011042,0.142676977161804,0.194745835772698,0.167071867525252,0.237096889941443,0.139011203841973,0.187997157907871,0.177306461321586,0.179220520313102,0.207547940352287,0.156438482462084,0.309548681740095,0.168840409915583,0.102420361704399,0.0981010596265431,0.309148269829321,0.176729938599082,0.267370274068298,0.162459923479805,0.15162306429225,0.0976444326728682,0.117893946366067,0.171968056647866,0.20986258046311,0.255976171032626,0.238316575286177,0.26163627425449,0.198636420625427,0.296503459337165,0.134102141787436,0.250535630192516,0.16871686302499,0.0794380259345219,0.029595987012632,0.0258765013839827,0.0772916186414684,0.0734807074090405,0.100895691439421,0.108759446603751,0.0907464403042633,0.165464905421099,0.0889745011718284,0.0496707471083321,0.108066809706633,0.101817931225198,0.0653622108007346,0.0682572504134758,0.122639099492868,0.230739783014185,0.13922064901648,0.209577995160262,0.0866079107708794,0.238985223990794,0.0869617235677463,0.0933718459181219,0.175260222363179,0.172901770981852,0.244195760536536,0.237321099084609,0.21644071249639,0.270469437964818,0.17891455410524,0.227491719355847,0.103902769,0.199890053454385,0.159894800705849,0.12588701462136,0.124426597861231,0.165869228310134,0.38458573597003,0.205797888179228,0.0076984231154166,0.0079100429410701,0.0169477357275612,0.000926120502949,0.18867321377232,0.301840713968356,0.195668095878505,0.246355146879996,0.412269040937209,0.41157641872457,0.110788684629393,0.212591014044449,0.178069092468235,0.227605031878817,0.173292289660094,0.208281390654658,0.174854439242508,0.218852569070909,0.263968274508883,0.321419063716501,0.0852328481778386,0.189035722082098,0.0752413987852116,0.119139288774728,0.0759694005156248,0.0856365772420774,0.202014424549575,0.190446695554518,0.119118173654043,0.099029171248811,0.0944177496664428,0.10682033642704,0.129132632909103,0.360827496983316,0.166408059871767,0.149957009212302,0.183069449128177,0.119025164271731,0.174964635372498,0.0540163834091111,0.0460699824405561,0.143408621926418,0.129946531749076,0.18451427116154,0.214068164192231,0.189930566787856,0.078903705607834,0.101578045222908,0.0486759126018008,0.041823749855402,0.013898715467428,0.011163220693829,0.0168627460952848,0.0142355757400945,0.116666673566215,0.0612745134276338,0.0866274561034515,0.0761039106300885,0.0228669859840207,0.0135187173770233,0.0238931528765006,0.0318982303467137,0.0383218015742707,0.0200894404725547,0.0447027224412699,0.0268204552577991,0.0655823781325244,0.0722204600209119,0.0296918785066477,0.0353370566196386,0.0402418935288475,0.0832549068843946,0.0978990611675725,0.100382507421962,0.316948919516466,0.103754393693421,0.287035343502283,0.112933641671239,0.10009827190305,0.057360751547344,0.0159624422585565,0.0050075417742706,0.0066557304147052,0.0047349312894598,0.0119769326575539,0.0179158415530254,0.0233772833297704,0.0069716779722107,0.021078432619106,0.0140584544015099,0.0171966093900689,0.0024736049728324
0.548169373892714,0.601192396556277,0.556508769876373,0.626022984242607,0.663289823744484,0.651799945752465,0.623353299171328,0.625360939028086,0.608712306988476,0.592225721206978,0.641714881135795,0.618002122966106,0.668182940206298,0.607663815197383,0.668552602621439,0.553252569499004,0.81237324558654,0.760818713241017,0.700240879725467,0.611432355103933,0.765021589326155,0.661745847271313,0.763097255844065,0.692124662592291,0.699437652772229,0.750213962462307,0.735716858452226,0.723944759588954,0.778095975745719,0.749877713774846,0.805658453139997,0.621315743877897,0.660472769594311,0.722095700176032,0.761633425854621,0.55122340892163,0.647536353036519,0.347701220445634,0.75916124156353,0.686402540282239,0.712915556014902,0.798170039581539,0.867297288367726,0.759973953862491,0.742728078450658,0.477821355606647,0.716628034800499,0.528335361163699,0.723932608679078,0.636217002672113,0.555961333944068,0.606349688246396,0.579713123194552,0.669317223081495,0.596721295525783,0.659863934025563,0.826815621379815,0.744774919841457,0.590476603245356,0.555879821357699,0.531304451493917,0.507656751576811,0.65863666483153,0.643082259767507,0.688739190849979,0.674017661093607,0.631439450277509,0.631044389991897,0.688088053675797,0.572974390549686,0.484259247522593,0.468955839723438,0.46145936512373,0.479727288559535,0.463066549337355,0.660766588313535,0.125577200761179,0.410078805764247,0.568930316870359,0.73178404201702,0.629569791963276,0.633699028056309,0.706973033340907,0.654294200305124,0.670786059459956,0.712011458150574,0.8359583665394,0.750340332132262,0.755570663556227,0.742378094364601,0.795247612056912,0.750696648565803,0.845530051867255,0.686392410483347,0.514421166523843,0.652671252011213,0.698697209076232,0.844283373015389,0.795429706507994,0.817500457980749,0.738398736478606,0.775700457124776,0.752735219136981,0.748625668699506,0.758873214399961,0.711722332984641,0.398491989797347,0.437341251662411,0.556242098066983,0.702079074887973,0.730342074741147,0.794237930803199,0.853277289192492,0.735800495382481,0.753431417106185,0.377849287051504,0.57020629804533,0.465641738767524,0.673500896483497,0.55778189573175,0.158714778970768,0.144238439902663,0.196252535499027,0.111805463449218,0.299407560976378,0.125930896127878,0.323342689523651,0.170789471469588,0.438235320034437,0.230392170487903,0.744105926358607,0.652740504867654,0.634181277568427,0.400855638679456,0.42524583361692,0.32683595477531,0.333160342655473,0.248194029125826,0.688551590372358,0.471326440791873,0.776555885651918,0.722702745442606,0.766534027345899,0.547230603423201,0.546289202180543,0.357490217220038,0.694462248886646,0.449487548863875,0.871716441457666,0.602420757001519,0.665857274834286,0.381994283709834,0.822800780363229,0.787439850654316,0.196686009974809,0.0990045307419048,0.15205063003735,0.110137987631822,0.225660912999335,0.234148504704321,0.180375264216905,0.0803276090432388,0.075408501191608,0.0573436955851063,0.207419196156332,0.0515233816292423
0.305801181431561,0.28120626724644,0.342811148831701,0.27375396568193,0.35316307443639,0.298459026768613,0.406630894122163,0.300425391633338,0.393005473741637,0.322251183586644,0.480990176347181,0.39443119396385,0.451438365190896,0.432765821618727,0.275148650481167,0.315546325754149,0.529921007487716,0.636366016351411,0.285643104341525,0.352223590670451,0.437089938309169,0.500255435485274,0.518262135961102,0.613857122761629,0.548689872021152,0.460583842084848,0.409817224253877,0.318570734163115,0.491224914066275,0.394204175561968,0.387449012661523,0.162951094325956,0.5471899793832,0.452089037481626,0.493798455322283,0.457736135585175,0.523330399813835,0.315194633799786,0.516361113596903,0.48416348259803,0.471722029581269,0.632433090127839,0.640949235766047,0.66651450810769,0.404027099737374,0.417901532442563,0.370524766984713,0.381584622698713,0.446738994083126,0.501711453370618,0.318993860911307,0.335328482426214,0.435749207525161,0.437951903505218,0.503166248422739,0.457666713558538,0.599559304812534,0.5741214577409,0.286675172627458,0.260808306828388,0.236301585450683,0.190010556409195,0.340217132710942,0.245348436406296,0.474294005194262,0.410665886375878,0.516952122576769,0.40174648718443,0.364700762975705,0.361938735634637,0.231348579794599,0.2776409771099,0.359680312050743,0.404429028813734,0.50665320962317,0.663992804275967,0.118865027440451,0.406360318149382,0.311851870294453,0.445200435809761,0.427770188241119,0.425000025134068,0.280548578428543,0.237953573672554,0.535084462017065,0.486598185844238,0.368398931019304,0.285666221033626,0.553304260663026,0.44064771330416,0.459227313923882,0.427954160134908,0.403740939461646,0.3149772801981,0.369449272137204,0.463955223042651,0.552441862736208,0.679330390201096,0.645706047862995,0.677842358072596,0.50372719587002,0.352061781854576,0.606927724827696,0.590010272089738,0.567757654461556,0.57217640747762,0.131433831302274,0.179883473457215,0.353449026404096,0.403773243692979,0.411458081240185,0.404225487675897,0.458618887037353,0.697327161387688,0.693748632418166,0.211922281440431,0.406468065800266,0.305592709694545,0.540053334812751,0.525204279426058,0.108188067676526,0.128345105629414,0.2055404617449,0.139662059643583,0.312467811832449,0.147917885085796,0.370056044293701,0.210351456120068,0.325490215327591,0.252450995321851,0.668160823828075,0.608626715011627,0.661234803280692,0.519001813224432,0.225439058515527,0.124838360954805,0.270963107143282,0.142655667191241,0.529332732126462,0.346574414959725,0.654150720697742,0.634618479502073,0.786613639325072,0.580048696103975,0.425636821946512,0.371058845473453,0.478478120948512,0.391919215096895,0.527473684132305,0.532619252026277,0.445772996707723,0.394958269319979,0.659878793918961,0.722896678354482,0.0942281193532784,0.0549019640311599,0.0420279690506033,0.0332026163426538,0.0527797032366781,0.0649658553511574,0.0870520673523625,0.0498910704886334,0.0697712459562657,0.0568997443934797,0.200556450652437,0.0538159911162578
0.000324480350176,0.0008343917770506,0.0012255909248375,0.000925596590661,0.0020744420583186,0.0015631809203316,0.0004996411191247,0.0009236289772422,0.0006679382309897,0.0019632912438087,0.000559449857241,0.0017555077988878,0.0005393149481444,0.0016341097886005,0.0010162379478952,0.0019638856281707,0.0002049656243361,0,0.0011655264399042,2.61866711555773e-05,0.0005447380943385,4.4667402311733e-05,0.00080548656149,0.0004230820094922,0.0006024955793029,0.0007593698153608,0.0009073607405988,0.0011801017400877,0.0007625272782105,0.0012556360184742,0.0019558078194566,0.0064794538667093,3.32425777906646e-05,8.30840860035712e-05,4.16704573541868e-05,0,0,0,0,0,0.0007538394126393,0.0001398704440786,2.22816412464123e-05,0.0007530835359976,0.0007860939348856,0.0004082772522851,8.05713523045809e-06,0.0001135988170287,0.0010337405262941,0.0013738278732331,0.0005095742844347,0.0008811734698156,0.0018984777269033,0.0042045180901058,0.0021603010175081,0.0093593256788999,0.0031980572378479,0.0032220952239579,0.0008806400778746,0.0024981665605243,6.5755119494255e-05,0.0013018214355948,0.0001626641762263,0.0008080035465817,0.000884772751213,0.0031554822375884,0.0009586614411116,0.0015433343199398,3.47361187231484e-06,0.0003658829751256,0.0003542929612568,0.0007845483154657,0,0,0,0,0,0,0.00016557735184,0.0009331443972593,0.0011815092589147,0.0036016382575814,0.0005767910618059,0.0026319647501591,0.0026292246498199,0.0057192510686884,0.0050662254651743,0.0044353042912403,0.0223822010785625,0.0118846027303284,0.0030859944726504,0.0040078344885446,0.015037425574061,0.0119425387039911,0,0,4.2701527579791e-05,0.0003290747387797,2.05454094609776e-05,0.0006941941532391,0.0041553546952155,0.0050056917111743,0.0025081311166669,0.0014650661824049,9.53315790036374e-05,0.0005623015917017,0,0.0001233197754518,0,0,0,0,0,0,0,0,0,0,0,0,0,0,0,0,0,0,0,0,0,0,0,0,0,0,0,0,0,0,0,0,0,0,0,0,0,0,0,0,0,0,0,0,0,0,0,0,0,0,0,0,0,0,0,0,0,0
0.361154415049983,0.43863504516551,0.48815761633945,0.513630178103794,0.538018669492604,0.557073985982793,0.443022524216448,0.524659451622367,0.484429664480866,0.484985580317363,0.621098943124182,0.601886785718361,0.548852437793177,0.567919628170828,0.617844589357498,0.39228941048551,0.634770532099286,0.601904993812361,0.558037643099292,0.515150167371202,0.556980725077045,0.602621095744682,0.629672434366051,0.598436671790461,0.655698791005522,0.56850355419159,0.577040489133774,0.543187970879332,0.669530938374642,0.606335885706046,0.684547666640513,0.55824732129119,0.577470537960723,0.610699327131977,0.423342551124277,0.236245152062848,0.316396706976317,0.103511858623781,0.459569895898515,0.438048257883508,0.572367109513829,0.54226515366535,0.689846297481298,0.498980105410503,0.433344864891888,0.247142600828108,0.530745735323511,0.364667693410094,0.345173168431346,0.284991278576174,0.455978553076404,0.517848649194903,0.430160821763928,0.56338743308264,0.426206501419708,0.586932765335717,0.522633332821232,0.499992826528994,0.407057487346044,0.409684313847901,0.464449536084078,0.529946776014979,0.415912466402131,0.523557141539208,0.527100927263132,0.52701221902083,0.486135378029928,0.550098239623304,0.584072552437502,0.349795834877483,0.456929633557331,0.338747205510226,0.288998113176903,0.214774855815834,0.0930170340771427,0.173123953308954,0.0446831318669008,0.043529414338991,0.273461889810601,0.361276499828395,0.408518889022409,0.497848379224693,0.677299574654638,0.639945156401347,0.504665621294454,0.571542867309461,0.758859933204394,0.730049847426348,0.580253710786201,0.583158622634501,0.733892874448809,0.634430573329067,0.689925657299419,0.582681548255074,0.240210510168896,0.28778774080464,0.392377800982601,0.469463260211029,0.588594439512905,0.610501155772339,0.691141317897022,0.669055264653535,0.638169868471099,0.654383767927848,0.480084755032667,0.456742798285449,0.391237768235442,0.45775992348285,0.206517151443006,0.45678967269691,0.490600058499065,0.544397791298772,0.678686617860707,0.474568332753618,0.272768778808752,0.297728483993913,0.168831178815673,0.311296809853626,0.313173443230448,0.270976323214806,0.0333985912048283,0.0919027505330741,0.0276986600488032,0.0328414807280228,0.0704950767340389,0.0198579671398094,0.0691223196807273,0.0651785335003405,0.189705893571954,0.21078432619106,0.41958433853928,0.417264962147676,0.136565985818821,0.136242432299663,0.366501868790205,0.237638662006187,0.408362192546894,0.249191621204087,0.471679344782681,0.279384868502544,0.521507383782591,0.361089051561115,0.225770321475076,0.126992994486048,0.172365778930938,0.101960790343583,0.538189335844437,0.596758056682037,0.662402703588869,0.486746579257737,0.413180222133971,0.23578984582459,0.373386570224474,0.228433851420033,0.0509251618075749,0.0235294131562114,0.0344191880366093,0.0326652161656293,0.0948004669674179,0.119603443953596,0.0408215034283409,0.0230291307091314,0.0897058876580559,0.044395119162663,0.0864864916012094,0.0327601829328789
0.563527276327996,0.541412829021462,0.562466514722809,0.535631147173991,0.607671544744725,0.544609993476137,0.58046255652374,0.56917304239204,0.609871604306976,0.567596956111111,0.721913132253355,0.660296961021739,0.711176810336433,0.636373249578897,0.493785018745035,0.567732271978693,0.806222675562516,0.766949277962474,0.444220562078657,0.546090638172083,0.660067807450474,0.681227133928273,0.772061745925905,0.710790277592722,0.763760294722372,0.649758492532335,0.589657229578052,0.499363833695509,0.725121078951669,0.635971342353628,0.547043926051232,0.532733656870365,0.7362737618565,0.68685586204457,0.753013702339738,0.63800859112984,0.683776985341105,0.378835257990703,0.731747602813644,0.575002106715729,0.743791896106265,0.819695797800438,0.826974202204093,0.829376235006719,0.806027418757794,0.482006329144909,0.749738026316543,0.628932621464097,0.754179931353269,0.665059502246542,0.63883318450862,0.64621168635751,0.665663042699666,0.704931909574335,0.719191661794206,0.736815801222387,0.844612139046724,0.78225856921047,0.508996236497746,0.495555183097153,0.456766631959776,0.366143180086825,0.66420390636048,0.517480896555621,0.703905998915656,0.630116303629137,0.67672763643039,0.633669681131128,0.648216130327193,0.54734186343551,0.543233582032529,0.561473905050383,0.440734516582108,0.424498910238791,0.550006062301579,0.68174991169848,0.216383938380611,0.531461866164006,0.655246226114428,0.792101787138603,0.678665835722133,0.628150338975364,0.638491683445258,0.532058048992262,0.738702323464869,0.716251671156885,0.720158463573725,0.614786860944484,0.756875810692236,0.63250360672764,0.732479346987302,0.600214588840075,0.76026362240909,0.532014906378302,0.626340867490987,0.710322576818779,0.735084139332693,0.851089185173475,0.844194959293535,0.815954769976291,0.674192263769149,0.552816365218516,0.787036737214459,0.696218012764339,0.816004470740129,0.776205237498547,0.40138210434735,0.287757447033713,0.61479290794331,0.739224329922683,0.716952718207017,0.858931925433005,0.85782802728252,0.780359926727436,0.788356481150432,0.419625374956273,0.508810827136644,0.462321774221809,0.527527158553215,0.442953457568365,0.193548999979897,0.224966287814081,0.163006246459694,0.127152463475466,0.175061512310832,0.0794408015179149,0.321932792148021,0.191557875524335,0.501960813999176,0.433333358960226,0.760705927340314,0.685757335598991,0.593839462782017,0.412035674991255,0.272497884827949,0.166104199488375,0.298039233312011,0.162469909849103,0.555344751375096,0.286489828553635,0.747679605171826,0.622766332537238,0.656125646940593,0.435666263062697,0.339343981952276,0.247882367600687,0.718479303144507,0.599368722314742,0.769653233745547,0.699052934103321,0.676978649661495,0.532352972659282,0.795011158631188,0.74067358061053,0.205799515070525,0.091101061194562,0.127349433357423,0.105083521101969,0.193568638898432,0.242626143451989,0.202974995100421,0.090873885790553,0.105310463744293,0.0802071819538778,0.221356663859223,0.0501357495713119
0.335063219797502,0.288187320950174,0.294734989447881,0.272923520306033,0.337481367056717,0.26795410283112,0.33390383175323,0.298129283633388,0.366273213420923,0.253523683874911,0.415924170668536,0.30510276852581,0.408603759180683,0.373237378623312,0.314846544095287,0.340775402427487,0.459624203516185,0.54117306714051,0.231456282693017,0.297050112206783,0.331150991794791,0.406889684132676,0.442856511507214,0.49956839380242,0.431775426604277,0.381036301780096,0.255280411680036,0.182909717909808,0.371386230767912,0.282415870743938,0.204493890863342,0.0838548234822427,0.467095154156383,0.345715651330393,0.475745297907091,0.403449642472365,0.440404676026026,0.239026938338326,0.467496135532459,0.411220643645124,0.436812849121491,0.579665557734027,0.659211268931606,0.562847914374171,0.406160690235042,0.382798381100444,0.376607259512891,0.375730841233337,0.42787241053488,0.41231907809257,0.314521090572437,0.333961969710622,0.43106959880473,0.412210299336107,0.477265036247305,0.398781720286492,0.582952929795345,0.553784159586032,0.316025727534128,0.262384422588895,0.256472027701321,0.163239936587713,0.404213666860945,0.264206225990074,0.420996887017971,0.304035071718131,0.453176062773156,0.335755235184363,0.365820516498865,0.33761134627293,0.289356330430746,0.292227243100578,0.199544432343346,0.265975925436921,0.306153095628796,0.472516056358072,0.042556718035733,0.17008754507281,0.331860586074698,0.385345325568676,0.419890328514334,0.345268637257484,0.278357382754592,0.243158152074665,0.489134776310304,0.421328168331236,0.352639288482309,0.215419921225434,0.504049968534491,0.367931248227738,0.399414726113579,0.315363074748823,0.315230001871153,0.201335605189915,0.34392303071988,0.45343139936449,0.560390447084275,0.686864379852086,0.679397625659356,0.676121892625937,0.448639208700659,0.272080870904421,0.614936859002523,0.55049341448378,0.582350719247498,0.56137997454557,0.175629776181773,0.187011356478331,0.318512267860801,0.370992454000659,0.417223966882662,0.457346361807317,0.453502149318138,0.571149069523159,0.566503301476284,0.179000360725955,0.285459655282608,0.232352954917587,0.373291474579408,0.436049862388851,0.0710916421272852,0.0636862782761455,0.233296554381117,0.156394592215118,0.329883420530848,0.217609851033799,0.37639591394968,0.249876003359002,0.213725502835587,0.199509815720376,0.553956895505544,0.561888253084369,0.625596221416836,0.50206063575196,0.175049740389205,0.138064456464418,0.252277984930997,0.18073616479932,0.505803318970251,0.371503289944182,0.507691313059299,0.564623774779721,0.729662434423791,0.63914416260154,0.394704073186633,0.376411786966491,0.437498748370419,0.36182414498674,0.364664467886678,0.416588017858571,0.358711737305241,0.317156881501433,0.55396619902704,0.534635075912104,0.0745098083280027,0.0472398217982398,0.0287633795621415,0.0200000011827797,0.0327935428851668,0.0402379402514087,0.0603617344689877,0.0341241043338882,0.0686274550389498,0.0639289715942347,0.25675677194109,0.0783710453587656
0.364505432342461,0.361567111987068,0.456179819223449,0.459793716419276,0.564452932357491,0.500415385036644,0.535299816310831,0.489438913862717,0.578769252472654,0.518878390956128,0.802480535967781,0.673871018449433,0.618904835363011,0.540082676568038,0.449634948095651,0.342421518584082,0.777136772434068,0.75892062581675,0.534510032134652,0.495168359033646,0.750597279110984,0.691831633364281,0.785492083643664,0.834034790737311,0.797045501681913,0.805006994025151,0.745940158308802,0.671118564259589,0.771922271331091,0.657236766001233,0.77240723190412,0.673631141214579,0.628696822676173,0.622700546408239,0.594786429897815,0.454789396116007,0.494027683474541,0.282153952887643,0.643494946748726,0.543435757379707,0.680108003651665,0.769287009397018,0.843213062344479,0.675551510539663,0.554979495819584,0.344401617653439,0.562075099953624,0.451550478345565,0.568504877085631,0.518528163657554,0.447238995243218,0.434286344598645,0.5019324381755,0.523780615659677,0.600684017937209,0.592161358598795,0.800385155903158,0.693746828860961,0.430597732173693,0.396861256,0.438144402306039,0.42573509868489,0.503590460641542,0.34678039808678,0.612627658935308,0.468483201116827,0.577398359205674,0.4577936410944,0.537141416097506,0.411504393311718,0.260565212578124,0.246217413003677,0.380199315316487,0.236148095707047,0.231830333386718,0.439719577785746,0.0918490317317978,0.16561800699336,0.381111133649635,0.590800491668215,0.562893086851812,0.578556725914539,0.714124555851275,0.674224811994073,0.667987021832413,0.626605154041211,0.760203265318638,0.688870070638143,0.702225378538696,0.59369763222655,0.710482667645266,0.645658063478269,0.661980338132216,0.532200611280594,0.378972052400487,0.503798457377721,0.439444470432742,0.601669890515987,0.623010025963792,0.695195846454808,0.656840997450571,0.556596566661137,0.781916824611829,0.718753015966068,0.798750583124837,0.74614088612412,0.434180989729308,0.407177234586891,0.32168149737065,0.57905920177163,0.528069469531126,0.625915686294595,0.765638310894593,0.776517031317406,0.794196576154363,0.555663548267538,0.362210360101678,0.29866311926691,0.687074093555001,0.426674861834423,0.0935334569469047,0.0858352991938591,0.129065382066321,0.0562761242162939,0.163788821424808,0.0468027481636713,0.112698419363282,0.0519163304604234,0.317647077608854,0.16470589209348,0.521788266152143,0.340628397479602,0.291269227612222,0.10961854480715,0.237044628966006,0.171224317543368,0.256833925223498,0.176264200310566,0.47522140697824,0.265021161386268,0.653537975563465,0.476094357779476,0.408270700836442,0.21843424792585,0.546344177444927,0.269254917884245,0.663907299858774,0.446197293173155,0.761272991200975,0.453665150286084,0.569850949273245,0.286299358431654,0.793568916267334,0.572085565446711,0.0571665319640347,0.0241930632708737,0.0288258746834064,0.0300944099133765,0.0601337982505998,0.111002430005857,0.066201829472918,0.0221011874605154,0.0488562120396333,0.0351461360037749,0.070879707424398,0.0101960790343583
0.0007932668715101,0.0011118940987317,0.0011456698346338,0.0010859670300182,0.0006772689507235,0.0010329420444648,0.0004755563392803,0.000688517048665,0.0006031990060475,0.0010307563895237,0.0003330202056558,5.66473762580413e-05,0.0014849766695458,0.0007494733873793,0.0018591834665718,0.0008710232815541,0.0002642135001207,0.0002662475572501,0.0013757275113685,0.0007134719351686,0.0004158826502459,0.0002324995556226,2.5890639476465e-05,1.25016456926179e-05,3.20855633948337e-05,1.73660456735323e-05,1.10653748853515e-06,7.56475474415232e-07,0.0001063388381177,0.0004036909119938,0.0002289240704707,0,0.0008669453223819,0.0015221004555854,0.0010604500026074,0.0007000258529036,0,0,1.52528831708273e-05,0.0002228164124641,1.35330213705203e-05,0.0004226425802499,0,9.88298603671513e-06,0.0001165789679739,0.0004491049775136,3.93188199246355e-05,0.0002488846809448,0,0.0001617647154489,4.5574601495224e-05,0.0004006910856838,0.0002128937458876,0.0001707975951023,0,3.12258389964888e-05,0.0001212221642864,7.24197585228905e-05,0.0010615038009621,0.0010759182676877,0.0009559417552468,0.0010975362891178,0.0008575927813116,0.0013503171583606,0.000814912000235,0.0016121343107282,0.0002636945812299,0.0002143209008473,0.0004539315994741,0.0005352370973831,0.0003444817715605,0.0007816165205649,0.0043394409509406,0.0042709700707542,4.92226541906434e-07,8.76689120225941e-06,0,0,0.0013028323210568,0.0014646823450653,0.0006543776433996,0.0006735709645429,0.0006298161660328,0.0007147777321214,0.0003663080179494,0.0001452021130169,0.0006466693019753,0.0002213522439576,0.0001450674105399,7.53829830641905e-05,6.40286886374045e-05,7.09007209751775e-05,1.26819478688661e-05,0.0001025776455302,0,0,1.39433559444216e-05,0.0001372093634012,5.84531367763024e-05,0.0002700857661501,2.93279722388675e-05,0,0,0,0,0,0,7.3991865271105e-05,0,0,0.0002845348834053,0.000195549929645,0.0005280978683041,0,0,0,0,0.00086898400861,0,0.0036968956434672,0,6.90196119248867e-05,0,0.0002520873167211,0,5.65754049567219e-05,0,9.35935288632115e-05,0,0,0.0008470588736236,0.0006793268890244,0,0,4.54674650361573e-05,0,0,0,4.74383329762326e-05,0,0,0.0003126656252739,0,0.0003434950825724,0,0.0006470588617958,0.0001343203034482,0.0001262626337296,0.0012297902344072,0.0006452735796761,0.0007519041118789,2.75907752769833e-06,0.0005140067124847,0.0007100242025344,0,0,0,0,0,0,0,0,0,0,0,0
0.207392436052416,0.192555004399204,0.189125811402125,0.240509183166113,0.183406433100305,0.174492566601084,0.138840727542948,0.124399087932597,0.119235115092287,0.0803923895092487,0.0776689837328318,0.0589671143590637,0.11480908831704,0.063524775047726,0.221697867846732,0.192966493660583,0.167083813594567,0.0639165910017977,0.203613569764053,0.204930916064864,0.074295049254515,0.0512942123059814,0.063001706754486,0.051179763521521,0.0674376153963914,0.103608196585431,0.12356704134472,0.171611756699416,0.0507850083635424,0.0600669358510635,0.0485866456523037,0.0533322935169711,0.0798576420725802,0.121259284893539,0.0708289179283829,0.0346314760630052,0.0252361002515953,0.0474158646712608,0.0933555344277928,0.0746217347119382,0.0771041386470328,0.0269326386051709,0.0481907336877405,0.0296489581101454,0.0654576794125304,0.0626178772899914,0.0918526307688591,0.102450642212164,0.0617466927807487,0.039357419207353,0.0913307836861691,0.192010821341031,0.0604711323033428,0.0995799045787491,0.0257777515192606,0.0511588285374855,0.0404113509916915,0.0510948651126823,0.258422395026101,0.17788900027773,0.257127442448338,0.251559288451376,0.210535522118556,0.234125678981897,0.080543591624762,0.0821215059392847,0.09374070728052,0.100278958835758,0.186350940281198,0.166900589397701,0.207821346902764,0.257975669633001,0.381655067943191,0.158410348885041,0.0035676579757378,0.0079114271870494,0.0048015796187661,0.0002503501548614,0.100143796772075,0.0924127938737345,0.091953402650574,0.0726420378683989,0.0954245879275884,0.0651828931540673,0.0488646762378999,0.0560989364268267,0.0408907958216941,0.0316356131499504,0.0898930812965773,0.11227172162307,0.148334509687585,0.162933559188476,0.162230324106424,0.240020576032912,0.135805948054493,0.177505457120585,0.122527676091478,0.0709748168866816,0.0929830251530639,0.100436403339892,0.214740250675051,0.218200607748841,0.0613168568115817,0.0601452358266122,0.0881236090834689,0.079775932394253,0.136734076713765,0.351717248571811,0.184718118790689,0.233101148976283,0.170683336056002,0.248022053672052,0.188351537316399,0.129651827243044,0.0685654762207702,0.390874497905835,0.0508785362403791,0.112388598446904,0.233904449393503,0.14450572750017,0.0230570847357486,0.0408721592798829,0.0269340887288531,0.0207526618855613,0.0247550853832301,0.0078401600658446,0.0088888894145687,0.0062426883751762,0.0431372574530542,0.0240196092636324,0.070980396354571,0.0602169249754025,0.0109167997977017,0.0069447419436817,0.0374651911897936,0.0265783540924497,0.0913206513060312,0.0276573803765993,0.120588242425583,0.0265897747366598,0.160608492021667,0.100508749982141,0.0385670080304818,0.02551882217611,0.115539680646349,0.0854705932899378,0.044941821529815,0.0228201142432006,0.052490855904706,0.0133517921234288,0.0407818854129334,0.0126420932319138,0.0715799700668399,0.0276547852589,0.0410383896128288,0.0202111625828995,0.0187797839400837,0.0159331890323234,0.039575550206663,0.0484423910560651,0.0202417185736804,0.0092229489840705,0.0288398709866063,0.0124306333655456,0.0076046639367485,0.0022322776584098
0.0621449382230289,0.124859371419525,0.0695886219033777,0.0723259205977696,0.0836054639906185,0.0698851207310143,0.11362821330114,0.195749426424562,0.0985365893021826,0.0639082635036288,0.0991069336444813,0.0456774155428826,0.113402007182783,0.0621219523781792,0.336296904734416,0.106000824985133,0.151810671993645,0.069911455355366,0.257495821036995,0.125101308462369,0.0708854932973345,0.0456884533158589,0.0583333367831074,0.0321641024416969,0.0467709475075191,0.0678357212293793,0.0746979197010537,0.0676705135638146,0.0692395517656767,0.0521320501977824,0.100306067442897,0.0652430159568618,0.076914882448159,0.102509976152066,0.116126725458195,0.0585498419181599,0.0104656339564952,0.0392581234805967,0.0732795844060522,0.0823094191196538,0.0591222618067073,0.0428384630059512,0.0486252256920455,0.0368338889588373,0.036931869705258,0.0834023502874521,0.0524571069168297,0.0732822526264131,0.0455599259476784,0.0471097640818461,0.0483374271401982,0.0537193182206868,0.0168595932259875,0.0411393227940658,0.0185665031504722,0.0564434300514627,0.0581210387720978,0.0532571399995472,0.12885784571979,0.0571549684265289,0.0810226511382712,0.0706800133573322,0.105795017354633,0.0424517118188096,0.10155138292584,0.0404031849390187,0.0314289673067489,0.0304153814209031,0.0327244806156534,0.0382549642777936,0.0259371517831736,0.0552162524445303,0.490565763502076,0.291169591731575,0.0024709772403703,0.0029936626379083,0.0119671425132523,0.0003571428782639,0.112934647201716,0.0594574411097637,0.0766879358053153,0.0512828466382612,0.132235454528136,0.0672700734410462,0.0577506957602439,0.0353777276891324,0.0666471926182422,0.0622796838787398,0.0639733493715539,0.0902789085786791,0.133191159865822,0.1733200520129,0.0291995379299077,0.214179113687943,0.0434147949550499,0.0389480936171707,0.0530230968176491,0.0710761582422228,0.0763261961475317,0.115752095981951,0.0754206513515355,0.113682352320473,0.0316767478234329,0.034113656144609,0.0257248599342123,0.0249127477832105,0.113122964206317,0.340251592449176,0.0746790846816445,0.0559662055801661,0.0688898758122459,0.155796478744854,0.0865549879366431,0.0092552252709788,0.027653821784168,0.120518214410237,0.141532985197211,0.239193418780236,0.298952996929728,0.28615197770705,0.0642490948782127,0.108009418152273,0.0590101887996242,0.0657246601099392,0.0258264568310754,0.0116396451566224,0.0208776856417812,0.0236417253908472,0.097549025376793,0.0955882409471087,0.122043144472409,0.125910922993565,0.0320217295036953,0.0280071317810904,0.0235180462899523,0.0072754038892306,0.0163494819357498,0.0067767461868035,0.02379823037641,0.0174702048009517,0.0917359389290062,0.105137791061409,0.0382868959690983,0.0464004607374923,0.0993586278294222,0.0717451022821479,0.055115124512719,0.0347445059169056,0.0796080042075765,0.0730899038625253,0.0968279104419091,0.0523810868633528,0.134845125667016,0.0674095663026581,0.0415907232549933,0.016832580180982,0.0120459346237975,0.0071895429088423,0.0187035766539767,0.0224102238412905,0.0353194747053906,0.0151133713448504,0.0085784318798687,0.0029596746108442,0.0170906210425184,0.0004223228002396
0.0024361050454734,0.0009625589935428,0.0013960020151586,0.0020374791776654,0.0022289946806051,0.0017420117224834,0.0049893274324697,0.0029811211450596,0.0033761311977304,0.0018712227977844,0.0009231825954256,0.000662381696641,0.0027179091866929,0.000490196107421,0.0024971005248552,0.0012671497015536,0.0002850303213424,0.0001683371652291,0.001883290192114,0.0009179117362955,0.000370885511039,0.0006230529963482,8.11240036929236e-05,9.21173893140266e-05,0,0,1.43849873509569e-05,0,0.0007746308858011,0.001107965533351,3.73245767071881e-05,6.51856525825891e-05,0.0023190655458725,0.0026739228345482,0.0012887535992631,0.0022255748826262,0,0,0.0012433729591667,0.0006306222650438,0.0005769076887951,0.0006248701263326,0.0007687166230012,2.17425692807733e-05,0.0001298216440379,0.0001596232354095,0.0003077825658034,0.0005321932458377,1.84847219504843e-05,5.56266017551736e-05,0.000737088436781,0.0009581894187522,0.0003172387059665,0.0002780425966783,5.20931038704644e-07,0.0002567457873044,0.0003732199033548,3.89353540445648e-06,0.0022712503610288,0.0006082893888583,0.0007800408760221,0.0004566633403967,0.0017822945515836,0.0012566514337456,0.00244278458308,0.0010203727484261,0.002240777091212,0.0010808376500956,0.0004414265967337,0.0009018707556748,0.00051490577036,0.0007845483154657,0.0069499052153027,0.0051438984261735,1.4766796257193e-06,0.0001255049687902,5.01907277222939e-06,0,0.0027603487471222,0.0017639185230894,0.0026029925704171,0.0005716613630956,0.0032417793936686,0.0019138897348039,0.0013243825225184,0.000235036192127,0.0001220620770796,0.0001387581230779,9.26777015592961e-05,4.34106758047898e-05,0.0031890053334876,0.0013593315773387,0.000311872391469,3.26488668617718e-05,0,0,0.0001032679799633,2.27733383238592e-05,0.0006542700111446,0.0001562073389664,1.00553047676117e-05,2.38672262040222e-05,1.79244999533937e-05,2.48496293623333e-05,0.000230149610849,0.0005417000247644,1.36165585394742e-05,0.0002898014723118,0,0,7.37137003640707e-07,0.0003025738776264,0.0003891247450662,0,0.0002648185867677,4.3767509591167e-05,0.000611153588473,0.0012032086273062,0.0001142204522146,0.0006535948098947,0.000167800886217,0.0006588235683739,0.0001166599431848,0.0001895393358805,0,0,1.86741374255646e-05,3.74374115452846e-05,0,0,0.0009333333885297,0.0009649529673643,0,0,0.0001364023951084,0.0004205435774121,0,0,7.9063888293721e-05,0.0001999231183207,0.0005354859651719,0.0010015898843522,4.42282202184424e-05,7.15614755359227e-05,0,0,0.0001839604155921,6.68449237392369e-05,0.0011461363532365,0.0019744009882237,0.0018384379632039,0.0001885369643927,0.0007377508108603,0.0005883996863595,0,0,0,0,0,2.64375428721476e-05,0,0,0,0,0,0
0.173169073669023,0.187778890772861,0.183187795187527,0.19914279023066,0.200516311122655,0.152419116574631,0.15629227566784,0.191191899069862,0.168564660028054,0.151942334032888,0.141712442740222,0.107824635083957,0.289555566064245,0.198738244837545,0.213159733876952,0.153893873690404,0.175093485883077,0.0837288447135616,0.244904072363213,0.153653508912334,0.07710327980593,0.0823735617708837,0.047606557174236,0.0317127272340582,0.0353155101099136,0.0624475108763097,0.0624076078158938,0.097151875752725,0.138158357930201,0.178226916275714,0.0620732593691676,0.0664763285037244,0.148802484580436,0.358146138384341,0.158021698185642,0.0872121846277027,0.0399335135630841,0.0616037496191853,0.182959385557051,0.145304800700295,0.101142794385187,0.105150096289834,0.0956729111838451,0.0767710355332031,0.056853196366634,0.0742295457496599,0.0717765057724221,0.0656497890774384,0.0710725859805012,0.0740336787175772,0.0680909666197738,0.150805900985171,0.0866079683684613,0.125010988906696,0.0366891730559681,0.0543532814316501,0.0409828572373292,0.0803904095261235,0.279784214397956,0.203655902859654,0.209135463158544,0.197933555059924,0.205277182264165,0.289773324229253,0.147677431613473,0.137220144396522,0.159553191322378,0.145600554765203,0.154560583370247,0.119473027514121,0.122777591237453,0.090686279872898,0.443973643445773,0.17306910891798,0.0024650705218674,0.0177774096968763,0.0104028648325741,0.002685574388514,0.206738574317812,0.269727947284612,0.161255517837368,0.14324088966919,0.31906120754676,0.186025026388651,0.100343301892811,0.0810101044533101,0.0713147685338052,0.0671267198625655,0.091072002934925,0.0902215789242829,0.101225966981632,0.150618307586401,0.0687995671885987,0.0784079904103994,0.0765354716542574,0.0929596531247059,0.074594775653289,0.0839561890647395,0.0591907459131479,0.0832882784522647,0.143593941791815,0.0508785004753049,0.137567679613318,0.0405679756889846,0.0950619429399466,0.051843843197842,0.512217486719035,0.562732799341844,0.074265298039409,0.145368945645475,0.0871354909263607,0.0698694613488577,0.038500608705025,0.00629992775093,0.0307837521022416,0.175183833889605,0.112070289286241,0.171613200879867,0.486255501819666,0.339522078902519,0.0373760936929359,0.0724141219295561,0.0661013185769081,0.0462665518884421,0.0595018740518001,0.0221864917017123,0.0235387502249242,0.0140951854467997,0.104901966988109,0.0671568667166866,0.135792164893355,0.0758453032348349,0.0408452594372746,0.0138039223849773,0.0970275703871596,0.0305735180778654,0.0842848954112817,0.0130374964710586,0.117046180230025,0.0320338350355479,0.261101358152265,0.139615800519587,0.0994840100113498,0.0554172066550185,0.274436519803288,0.195862756681163,0.112674294546876,0.081587943030613,0.213383851003142,0.0848122478140637,0.254766665528478,0.0768173168336677,0.122905052092886,0.06395805976256,0.0381110213093565,0.0054901964031159,0.0139364120420588,0.0082207702755652,0.0261776255388909,0.03163692630367,0.0301301572923468,0.0074235459889281,0.0229575176975535,0.0119126903086479,0.0165341822178783,0.0020512821725927
0.105205871891916,0.11744568086736,0.126043007816418,0.154310502343732,0.112376070894448,0.0862733045453493,0.106168070806988,0.150021382682536,0.0869639682687405,0.0736043926447001,0.0605319927882601,0.0451429110916557,0.119791921825977,0.0692642311995291,0.105159508305841,0.0819040992524711,0.0795650932969805,0.0368761455422358,0.147125513314463,0.111982015921067,0.0511126594900663,0.0311915906296856,0.0156557820176464,0.0136162661033176,0.0103957225399261,0.014860598902269,0.0200471396797913,0.0369674434837236,0.0236478556019198,0.0482480543020842,0.0216955322873315,0.0550792690061845,0.0567965271352453,0.114010198389727,0.0300678867374229,0.0148066816051386,0.0076938555348356,0.0179675164269353,0.0333364910735647,0.0236418577178502,0.0405835261981356,0.0205345401182925,0.0373975066679784,0.026909394380768,0.0212004389133357,0.0272431557239329,0.0359796207997244,0.0530203545345562,0.0229919523167144,0.020760231406767,0.0337431478629599,0.0444437532354659,0.0119567313319775,0.0326840240641546,0.0031630932670146,0.0228325317335278,0.0137800515966194,0.0133587199726902,0.13033397582744,0.119577589608766,0.132101085531547,0.181822825387221,0.107255188759206,0.124737597580222,0.0335796042089184,0.0428454740557797,0.0202936173678385,0.0641225192366744,0.0821555059479174,0.0461087616974884,0.0989364002753354,0.0583614820141555,0.336185515517502,0.183502872723768,0.0007718112177092,0.0025410142026759,0.004339824923721,0.0001488095326099,0.0948714653055908,0.0871190696454001,0.0643459251006998,0.0461747254055331,0.082213707463698,0.0787299645024297,0.0169882410598961,0.0232179957606826,0.0346390099695649,0.0294068107980114,0.0252464782087372,0.0178435793074685,0.0643414876133655,0.0247719344073482,0.0048476098690584,0.0189574140343271,0.0823457372804542,0.0350052118835665,0.0859625323168519,0.0247682827610293,0.0236107266781626,0.0254806394445253,0.0197930294929797,0.0034662556210149,0.0021815934870811,0.0005883202849031,0.0035661907837928,0.001695387773256,0.0684572480572064,0.153166244105574,0.0500681837104993,0.129792319337292,0.114479588076413,0.0651709779041425,0.0219147981425925,9.88461286569237e-05,0.011516791305387,0.109112401410779,0.0527629264715043,0.0897058876580559,0.287530951708266,0.244424034062831,0.0208197395861881,0.0428235319443047,0.0401633262860182,0.0373714708555679,0.0263883445741029,0.0145160578507378,0.008618114421898,0.0059806264943592,0.0397058847011067,0.0254901975858957,0.0495294146938249,0.0276902903514863,0.0137519880946776,0.0059465244158425,0.0575845444682932,0.0221521329401865,0.0347174184314687,0.0069143450941498,0.0502213818441716,0.0192387554630199,0.0952792042706911,0.0584923193044331,0.0410437883627146,0.0290396467724774,0.102437242634908,0.119235301169101,0.0315419112575571,0.0189282542388272,0.0537394096264786,0.0143057076966665,0.0315775419744155,0.0092594641829556,0.0754682796683418,0.0332133543630008,0.0268434150091989,0.0173152348098273,0.0057183035957326,0.0069135806557756,0.0070034606217899,0.0148402740655655,0.017182218730811,0.0072379573392049,0.0067810461526581,0.0019977803623198,0.0076046639367485,0.0001206636572113
0.0109621251464149,0.0101211505077936,0.0443831809474398,0.0328044093057748,0.0401208166180828,0.0342718692098906,0.0104768792323087,0.0248927820296748,0.0257276393540217,0.0214815739087517,0.0180963059312078,0.0280124079921572,0.0125635079272433,0.0304094683648763,0.0584586826904079,0.0333715834192987,0.0185750097054615,0.0073930934606755,0.0929336127624351,0.0435034114339488,0.0463981864958845,0.0276548486210027,0.0133797071338932,0.0091998952670622,0.0153368993027305,0.0396750994383218,0.0250199191532682,0.0427166570892793,0.018458866119131,0.0529560340289732,0.0201826427781335,0.032845746623315,0.0119855322734294,0.027957241046295,0.0010349426317421,0.0047935972501916,0.0003504425735558,0.0014457126989015,0.0067133724411186,0.0213639485336821,0.0097152056749924,0.0147383608799259,0.0042201428520704,0.0031803449066149,0.009438554544883,0.0279224763907996,0.0016227070354142,0.0015511402107017,0.0105428430587965,0.0215724650438895,0.0025284932451602,0.0031323288421124,0.0069598839055799,0.0120023278561072,0.0131128761062733,0.0404686873394495,0.0164910971972115,0.0323580046858164,0.0159647501531752,0.0076579838659733,0.0051020750299278,0.0048765908886331,0.0086508494903438,0.0053622716196923,0.0133633078965744,0.0188194083084629,0.0067043615953591,0.0052550589552411,0.001860188629862,0.0051343725824152,0.0078642136077144,0.0086904264450809,0.0338606206509508,0.0280934664799372,0.0001914761248016,0.0004950986452644,0.0008833568079123,0,0.0109281052214404,0.0262560059625495,0.0120108721320502,0.0292096639431597,0.0497879025400417,0.0636566173816336,0.007483277039311,0.014280727877933,0.028562526036646,0.0390038346736292,0.0347074162682475,0.0684972230115355,0.0329670535416923,0.0842907756738107,0.0824005680550637,0.14800750178329,0.0016039504985468,0.0007151653354645,0.0042370372876111,0.0119195652787079,0.0072965140782894,0.0266396323581159,0.0501424531078237,0.115424659833367,0.0109705732975619,0.0261955447577957,0.0089408611077375,0.010946703185005,0.0141578167414183,0.0973547967304563,0.0031504210261114,0.001913484805284,0.0061167628562105,0.0073331223616898,0.0103522342891965,0.0022633746194503,0.0020791076280273,0.0131039923715954,0.008403361841504,0.0092023178347682,0.020502571172524,0.0133782687650334,0.0018582394436627,0.0042792159393429,0.0030529009747304,0.0014329173792569,0.0034062624836386,0.0012744354379724,0.0005228758479158,0.0008142637011099,0,0,0.0050078434334136,0.005461633795282,0.0020005300600157,0.0011265597814186,0.0002614379239579,0.0032171583672031,0,0.0010663915319335,0.0005218216627385,0.0040445984706428,0.007209079710225,0.0141467946893032,0.0045849921626452,0.0039788180397973,0.0094007702096078,0.0166470598080195,0.0193216836503662,0.0107063286189011,0.047122153082281,0.02322077116265,0.0216010383865219,0.0075598724258934,0.0131011240305659,0.0067583785204205,0,0,0,0,0,0.000308438000175,0,0,0.0039215688593685,0.0028116908803019,0.0014573397788194,0
0.25939131581949,0.199517209982866,0.305186433477009,0.269029492702798,0.35423993968147,0.272569813585812,0.3482196359925,0.272119106759849,0.381849781070022,0.255723982999574,0.413511731348722,0.301888451,0.394061605427129,0.353447598280589,0.284364885260934,0.306235494165069,0.434879408259418,0.543203419480314,0.272100126189239,0.31300583470799,0.387828297500116,0.436253919880609,0.473303903531537,0.500040824413331,0.516397534995552,0.430899744468794,0.420988826738128,0.31362187160949,0.412872210328243,0.328431391972117,0.440024411411268,0.208111714435174,0.48168600750666,0.367878331271846,0.472508134741237,0.424817786998808,0.463351782791132,0.280139027395348,0.449934281426461,0.365219418025351,0.450289733514474,0.574649708341573,0.672796385599544,0.601363887556457,0.382667531618219,0.356725268960157,0.287781211022001,0.274782801555508,0.424456714699017,0.428209317736479,0.204866087389019,0.215664084469181,0.324570328175931,0.31833984760814,0.405358320319709,0.353546879490055,0.608574539850055,0.574198939095449,0.241263516071677,0.18120240797113,0.137416567970952,0.0855445153924017,0.318453787753759,0.211385317552501,0.404382517358007,0.301007477522752,0.382759579996892,0.300037789702027,0.294110300395473,0.309215554424578,0.166073281235233,0.174177935059126,0.235074068744659,0.326541292326973,0.511077341781825,0.626206118948249,0.117896346395411,0.388384126610098,0.278002195090004,0.365914660587768,0.372578291146423,0.323581556176441,0.326253929418686,0.257451142163468,0.471319688882245,0.412161756838281,0.521844596502183,0.342665249793922,0.558622582055978,0.440333778321673,0.442298316967825,0.36490101974349,0.433001298978272,0.314463002656965,0.283171152847953,0.350729394616933,0.502842731262661,0.633464317483385,0.662518269613324,0.649338341967759,0.584822390878744,0.464436026585022,0.657668087565329,0.613126799096544,0.551932612346953,0.531195043411715,0.116646248728406,0.14534468734754,0.243551055923086,0.297005091523986,0.351547271269286,0.408456236829434,0.431567136903075,0.627943230874323,0.607130416793061,0.14047182203285,0.253654203949157,0.209803933976218,0.279554556795278,0.278758186420115,0.0906684121859397,0.123714517120272,0.159043397928121,0.117823337363426,0.24585645659685,0.144219640193361,0.301381903911187,0.212831684634943,0.22450981719885,0.268627466866747,0.437023555256892,0.45144359625172,0.521157953449261,0.410324444943531,0.163978412652901,0.114787369454654,0.202162641713478,0.135603723189745,0.399272635883291,0.307866223512546,0.457286365491872,0.492225784276662,0.61655613258516,0.483798511508159,0.311618123614778,0.265862760820892,0.400189824084379,0.37421645112662,0.42387343408017,0.47048765188613,0.354148457177976,0.367836537222705,0.581897928497238,0.649626125231829,0.070698706197067,0.0513423861434253,0.0306226094197704,0.0298620206476362,0.0351372569799423,0.0356730578488178,0.0605814775516247,0.0420640709133504,0.0709150368735815,0.0466148751207961,0.245972457577827,0.102684772286851
0.004671738512132,0.0093895534779069,0.0072218871283874,0.0059844854472123,0.0087684957133984,0.0126614830371758,0.0072773815176866,0.0146533246692989,0.0082536696900767,0.0140404380186946,0.0114569790462971,0.0151018539913269,0.0123675287142561,0.0248998261657634,0.0043218081590002,0.0045755082468729,0.0074556245852266,0.0033031874360778,0.006618302792574,0.0077636588747035,0.0068129759408327,0.0035292974416309,0.0030579721959424,0.0021239638050405,0.0050392159842886,0.0054434659529399,0.0096301957627213,0.0109257752769792,0.002622160130173,0.0141090847531694,0.0180874898723034,0.0261420541117216,0.0053222422362783,0.0255430944539846,0.0008975563965865,0.000616583483279,0.0003694998736284,0.0005589698896562,0.0095582981332222,0.0151965975077566,0.0033842577886575,0.0060525362132723,0.0011586453448134,0.0011859583244058,0.0103855144299896,0.0055080552403449,0.004295742219471,0.0039108974553446,0.007344050226074,0.010196505291843,0.0141622177008584,0.0162441206892316,0.0262237651757454,0.0310162357825666,0.0198927935750143,0.0522413242893638,0.0013287732509088,0.006890778958807,0.0066099645204432,0.0134917406798202,0.0138603246102186,0.0193106822101209,0.0070732874364244,0.0154861879557091,0.0095073066694086,0.02199227338674,0.009777176580753,0.016803765878707,0.0027969522795879,0.0026237878019266,0.0014596870003783,0.0012207993967113,0.0258511995111591,0.0083959731880678,4.33159356877662e-05,0.0004724892942691,0.0003011443663337,0,0.0124248373360994,0.0283900323900372,0.0070083525358031,0.02493835631374,0.0078221565623883,0.0196675617598545,0.0079117770765548,0.0196843366810355,0.0038923518728335,0.011348432208872,0.0263428324402412,0.0367320466909748,0.02232887524426,0.0539791439422271,0.048432876541725,0.110912831774384,0.0002667243525673,0.0008122573180938,0.0003782135299924,0.0021583431396437,0.0030456399236167,0.0131681148210232,0.0252446805611531,0.10849673844253,0.0050178208855036,0.0293527220267794,0.0018874524458353,0.0007537749785312,0.0012901689216151,0.0216642015525023,0.0020125077599637,0.0009846921806967,0.000272740691347,0.0012671106927676,0.0028249445778183,1.21036075906437e-05,0.0001126887603266,0,0.0051184113034615,0.0047459895854858,0.0156862754374743,0.0184844782173362,0.001591000995243,0.0014556863605976,0.0026149774956979,0.0036277828887537,0.0016711065518021,0.0018014799999377,0.0006629318786075,0.0005522018202929,0.0014705883222632,0,0.0070705886534415,0.0049791573115998,0.0032458931437341,0.0007130125198851,0.0029781189598683,0.0041002998797687,0.0096597468227093,0.0020295838833574,0.0155913987715218,0.0053364093890231,0.0166400265595218,0.0191202978981105,0.0089341004841253,0.0049949909924074,0.0085944663319806,0.0160980401677079,0.0108887045990956,0.0040218362449774,0.0118702511945361,0.0029033528708056,0.0051239672451749,0.0009702755972405,0.002805871936387,0.0011011949437455,0,0,0,0,0,0.0002026878286864,1.69033140490024e-05,0,0,0,0,0
0.0735828010550918,0.109253562956206,0.0835355567379288,0.103880454147791,0.0584668980921629,0.0721326597972003,0.0351174980154582,0.0662612689678887,0.0420456068097187,0.0467092396881624,0.010977020449719,0.0163452919434465,0.0121745264007067,0.0158608456515371,0.110958982607007,0.0623795738216303,0.0417537394887853,0.0262004773595921,0.149687246715411,0.08967832274105,0.0502945296863037,0.0295583671502873,0.0166781746031948,0.0106316626895432,0.0083262037009593,0.0179888552206421,0.0157039800372908,0.0293149375845391,0.0155929047503464,0.0135655874647275,0.0115208526769521,0.0163303096849902,0.0130110394152731,0.0243270203818457,0.03787465751156,0.0261653019844047,0.0028480076219496,0.0178709404774135,0.0194106087385994,0.0329224203858327,0.025428045932194,0.0158309092712893,0.0222103399944238,0.0118971385909977,0.0039695464234695,0.0121292586536945,0.0118752504734676,0.0129550844850313,0.0105547762337265,0.0059077156093933,0.0202562955165426,0.0194898919426155,0.0064336550061891,0.0088847460346966,0.0019279657742458,3.22171354725678e-05,0.0111535006044092,0.0111183797009659,0.086256881952604,0.0743604286614723,0.0679316851644457,0.0831422897336672,0.0432093745755191,0.0597529009752301,0.0116203016738495,0.0280444818619509,0.0090391660729051,0.0201777812094094,0.0458452852687108,0.0302855616505293,0.0900478257878433,0.0892549776023061,0.284028773318696,0.191553467411765,0.0019127923418484,0.0008508498619455,0.0095646796796118,0.000376400582484,0.0104967326469099,0.0152571077610976,0.0092652615303798,0.0175136253966571,0.0388990638706043,0.0277360138328995,0.0073132656819416,0.0094212378658758,0.0234138437428061,0.0206658749853119,0.0176587020247098,0.0127842373070068,0.0043142153764538,0.0005520259789764,1.50112852325354e-05,5.58040915864327e-05,0.0219579021059497,0.0162782997217992,0.0202997833355847,0.0143130431365455,0.0063991716171839,0.0062245347501105,0.002121669305966,0,5.50723766683979e-05,0,0.0002256368733813,2.96904935273578e-05,0.013024238243007,0.0070076462400509,0.0421310035730723,0.0294590660696645,0.0307592528879194,0.0113947472517502,0,0,0.000439486165274,0.0186887265954283,0.101094989426579,0.146769170890118,0.196592435003394,0.206556384764554,0.047953764372247,0.0457725517265499,0.0436667141182779,0.0323657369949626,0.0189120351228346,0.0116098686276978,0.0124929979377027,0.0123637051628302,0.0607843173202127,0.0362745119491592,0.049647061759606,0.0472363776584178,0.0242580830456211,0.0183244217610495,0.0079681732475865,0.0023865848018141,0.0059976935496225,0.0009975920782604,0.0055502849582192,0.0047673974368794,0.0564231704297329,0.0681584566010389,0.0288515423224973,0.0383569508872546,0.0726589744270858,0.0846470638294704,0.0231673323382205,0.0204396922367089,0.0980579849715795,0.0460617916371435,0.105579329,0.0384836133563363,0.0635675124898725,0.0585737095600071,0.013974041146764,0.0054901964031159,0.0042340444656927,0.0040377634922387,0.0067912345423417,0.0111830806349184,0.0183485474001921,0.0069313326135753,0.0044934643180264,0.0018497966317776,0.0085055648909277,6.03318286056702e-05
0.0052691215732745,0.006784453312825,0.0133769182932111,0.0108200797444917,0.0145396929292797,0.0111457079132409,0.0049742154137438,0.0116326094140616,0.0068501465529331,0.019232733746952,0.0050392641608102,0.0253185728617871,0.0020684489593506,0.0097917685259233,0.0063574804895853,0.0033780321379809,0.006659781496984,0.0028084822974452,0.0354846605340934,0.0166250905691659,0.0271141852463643,0.0167107623956241,0.005060756996333,0.0040860641974293,0.0055142605756621,0.0097020939715175,0.0084174306752868,0.0311743543006517,0.0085762705213704,0.0175133700196801,0.0175699224086303,0.0573816262554016,0.0007387239509036,0.0070862416952445,7.42491785583692e-05,0.0003161909526306,0,2.92654392490191e-06,0.0004339182281356,0.0014752519215938,0.0039601630314252,0.0016282132189957,0.0036408201796637,0.0003972960386759,0.0030642684040072,0.0016244166547371,0.0004766601202339,0.000772816194635,0.0025150921043766,0.0055916456844779,0.0029174922059541,0.005055646053395,0.0074078916190698,0.0139775985387277,0.0098117361140019,0.0395775118074545,0.005197904501558,0.0089545473999392,0.0034554291385141,0.0100861407287075,0.0125084278393891,0.008808528432542,0.0023480133122527,0.0095283918456628,0.0030438212116058,0.013763236604714,0.0036699933634883,0.0097885335719898,0.0032686687718482,0.0018372219805548,0.0016926119113175,0.001282367089629,0.0060127837791737,0.0032842564524166,2.01812882181638e-05,0.0001181223235672,5.68828247519331e-05,0,0.0040544664707138,0.0053114421599279,0.0025265595536676,0.0171696609838089,0.0107537963176653,0.0254975248819707,0.0064388081985292,0.0180779966129884,0.0084975982171218,0.0144680121544985,0.0169494495317849,0.0394682973833687,0.0106063522727861,0.0323301734065532,0.0199248929935645,0.0569905653013243,0,0,0.0008169935123684,0.0014273189794478,0.0013036206988972,0.0128810974901599,0.0233626626854818,0.0511070750647204,0.0081639602903667,0.0134323928153112,0.0013718721901588,0.0053788267559664,0.0056406593749771,0.0586447192161233,0,0,0,0.0009830347814589,0.0025040430023416,9.68288607251497e-05,0.000118323198343,0.0002188375479558,0.0004074357256486,0.0007352941611316,0,0.0081699351236845,6.21484763766809e-06,0,3.76901354904988e-05,0.000760052736881,0,9.52848925586895e-05,0,0.0001310309404084,0,0,0,0.0001080747323448,0,4.27807511931116e-05,0,0.0022604217285904,0,0.0002407980878559,0,9.22722084557309e-05,0,8.74403867291639e-05,0,0.0004150565581083,0,0.0001568627543747,0.0029900867550211,0.0033013965113434,0.0084240240150909,0.0024124002879101,0.0014308864887696,0.0005895228984182,0.0022858180861084,0.0032016832095766,0,0,0,0,0,0,8.45165702450121e-06,0,0,0,0,0
