0.00498952278586459,0.16202499434287,0.954084208792686,0.0049640706960704,0.00497039460220895,0.0439249372889928,0.00496407062576798,0.0156819745710384,0.00504072450697931,0.0153061809948244,0.00496407069860828,0.363205110931332,0.999974386630919,0.46937082180974,0.17273414135208,0.00496407069213821,0.00497201546067871,0.999974297625932,0.999975149709945,0.0051046591894758,0.245067038108227,0.0205938666535867,0.00497426017034896,0.00498663130108646,0.0050244534652822,0.00496627780369913,0.00496407068935479,0.16598560181412,0.00501281227764582,0.0135251128030836,0.00496407068944295,0.0175858213117213,0.999975220250706,0.999971168360813,0.00496407069000644,0.00497723520141161,0.0546233146419305,0.0324538418386918,0.0049640706957376,0.0171967249951613,0.00559963166129457,0.999970930298585,0.999971107733095,0.00508829044629354,0.00495559667396903,0.0049750148771682,0.00517073352602941,0.999974026655353,0.0271375469394994,0.00498663189751506,0.005010805233414,0.00498663132977151,0.143641415831559,0.100794446419947,0.00496407060722917,0.00496407069078501,0.00502621277587407,0.999986205109857,0.485879784849692,0.00497357990552823,0.00499581981370315,0.00507173073283856,0.00536337026735041,0.00499079639668005,0.00497275193459357,0.00505740258125696,0.0185637106551353,0.046498626794913,0.127316755667781,0.00496407061691195,0.00526530641798946,0.15874545192665,0.00510772017507092,0.00534243610111202,0.124085133398508,0.0591464526854415,0.031663487691191,0.01725586928792,0.0049847405084262,0.00496407069083017,0.92790476719623,0.557607442743656,0.00496407117784314,0.00537295415514482,0.0551050186116442,0.00509168537224648,0.00495559660834478,0.00526548616670227,0.00513212029300712,0.00496407068719825,0.0416133897489691,0.00496128939168968,0.999972883039279,0.726493486978464,0.00532231348491114,0.99994499324645,0.00496566723922756,0.00496407060503331,0.99997117372108,0.00498663132448822,0.00496407067018651,0.999971797548114,0.00511918963568207,0.00505404359350612,0.00496407069649172,0.999969819262912,0.999976810653046,0.941648725911913,0.0049761475153759,0.00496407186176162,0.00562196691937252,0.00508171907545097,0.00515507959340864,0.0151758265626961,0.00499193773463415,0.00521437530368092,0.999978281300629,0.00497443336425178,0.00508674251840389,0.00496407065511057,0.00497601210332246,0.00496407118717507,0.261495827836916,0.0358065067033898,0.00496608915778826,0.684258680014598,0.00500044352496208,0.00502942228061841,0.004964070701211,0.00498663138349472,0.999972418911071,0.00495559663139133,0.0801947466065185,0.119327458234668,0.0694913964970242,0.0244956295415194,0.0626508189639659,0.236820649039112,0.999971087333817,0.985600206526711,0.999972420724814,0.0120027533502166,0.00533194241868623,0.00497472839967591,0.871419316676417,0.999973978701316,0.335580931997768,0.0338351319659444,0.99997057357437,0.999966250512939,0.00536329791693532,0.00496554421071931,0.00565411914831992,0.00545072592738303,0.0441555861542489,0.0429176744188832,0.429749671928765,0.242906264933207,0.999974002629126,0.00496838995571598,0.174501508797252,0.0124153328318103,0.237603124071076,0.0769685826763868,0.474480806266715,0.0049640706961168
0.0147857549888009,0.00462675989029918,0.0750563798768213,0.00401260330626633,0.00402083842390543,0.00812726854476023,0.00401260323596391,0.0434169729856091,0.00408925711717524,0.0666251378544064,0.00401260330880421,0.00436008153798686,0.0869553618412756,0.985885794506673,0.506104562757927,0.00401260330233414,0.00402267818773467,0.00424978778098238,0.00419785012755182,0.00415363218008846,0.99997713871273,0.265161266012546,0.00402522608651858,0.00403516391128239,0.00407298607547813,0.00401481041389506,0.00401260329955071,0.0168382421489873,0.103178377830888,0.0384771850198485,0.00401260329963888,0.00459177482900077,0.0201084665472254,0.00412225003860058,0.00401260330020237,0.00402860289123863,0.00403895944605842,0.0040716148145018,0.00401260330593353,0.999984997165322,0.0163364038287992,0.0041222499200915,0.00412225000841967,0.00413912296618861,0.999975902365633,0.00402608269707144,0.00405285263094558,0.0238416166677068,0.00402363784674517,0.00403516450771099,0.00405938395926798,0.00403516393996744,0.00909901115198705,0.0356404508447741,0.0040126032174251,0.00401260330098094,0.062680119195284,0.00528284778120388,0.169927943057235,0.0170170902748628,0.00404435242389908,0.00412026334303448,0.999981442809326,0.0146636452065278,0.00402351412590105,0.00508109803685789,0.18437493833245,0.0130566232976955,0.0045142058125306,0.00401260322710788,0.00403827981996461,0.219227239903499,0.00415625278526685,0.999975616858967,0.00791987077177533,0.154145151348754,0.00973824512393572,0.00433762663719325,0.0555710791010466,0.00401260330102609,0.00470695334801451,0.00536424410468616,0.00401260378803907,0.717262290017104,0.00416065863767559,0.00414021798244241,0.9999757291121,0.0043140187768982,0.999981498004633,0.00401260329739418,0.0646225214674505,0.999979606865468,0.00412624073208618,0.00465098961511661,0.00439591177172209,0.0172569172336337,0.00401419984942348,0.00401260321522924,0.00463669615954421,0.00403516393468414,0.00401260328038244,0.0045231709359872,0.335445278296433,0.211717674346594,0.00401260330668765,0.0118066340717276,0.0122135248922439,0.00454974464476482,0.00402736830409895,0.00401260447195754,0.631981688969352,0.0041302516856469,0.508148603149751,0.999980993628689,0.01286560035322,0.503417604509093,0.00439234698331462,0.00402542264338496,0.00413723948347235,0.0040126032653065,0.999977301712612,0.004012603797371,0.415836777927067,0.00407585267245095,0.00401462176798419,0.999983229657242,0.00404897613515801,0.9999842496665,0.00401260331140693,0.00403516399369064,0.00423649717945114,0.999975789956933,0.00418072884493118,0.00501780667062748,0.00418638245123736,0.343872071874906,0.00421348784325643,0.00431642609552282,0.00412224999826476,0.0108942030961353,0.00423583570326743,0.031159142879033,0.00438164595152585,0.00402575752653409,0.999967210968672,0.00414850537440524,0.014584455581531,0.00625588076382452,0.00412224974251164,0.999972767570808,0.00442038570704623,0.00790366372637378,0.330772664639,0.105250339660879,0.00415514197767256,0.0040722341657998,0.0293431259357229,0.0915948685589433,0.00413276861337321,0.00401692256591191,0.207091797968504,0.00429432640987287,0.233543113708312,0.00434414526190236,0.341322810712222,0.00401260330631273
0.0563369342907245,0.999985420619591,0.631771460231799,0.00415519232493214,0.0054067271785379,0.999985325931486,0.00415519225462972,0.291645008772694,0.153326864492571,0.0058827377048042,0.00415519232747003,0.999991066332703,0.00468018967488721,0.00603556257842197,0.0491218338243991,0.00415519232099996,0.00555097136781417,0.242827225026636,0.0252965504791877,0.999980375734921,0.0051566505150755,0.0996343415465185,0.00575075277260555,0.999980206715502,0.999981392125723,0.00415739943256088,0.00415519231821653,0.999987957920124,0.00596579157720779,0.999986916420965,0.00415519231830469,0.462147329759978,0.00430119315337299,0.0042648390572664,0.00415519231886819,0.00601549525140588,0.00418154846472423,0.99998488133622,0.00415519232459935,0.0858763503527091,0.999985653655447,0.00426483893875732,0.00426483902708549,0.00577787142136084,0.00502674557705726,0.00581790078264969,0.999983652212245,0.00429085363043058,0.00416622686541099,0.999981661486573,0.999980956732465,0.999980276682258,0.00426796379054249,0.0548904745951947,0.00415519223609091,0.00415519231964676,0.99998629476803,0.99999379357981,0.00666432494801296,0.00417618372210362,0.999981470459141,0.999983896803689,1.00001366559636,0.999983811161135,0.00561651175006028,0.111870166795218,0.00439252700984121,0.00421500284379456,0.423893127529089,0.0041551922457737,0.99998253740689,0.00604999367094723,0.999981291493069,0.00621294793950121,0.382762247170852,0.999991151391074,0.216217251782088,0.999982951079596,0.00422140025005795,0.00415519231969191,0.124957261324352,0.00444789018761484,0.00415519280670489,0.0233128553654493,0.0775141855333003,0.999981310904946,0.0050267453584065,0.999982040224971,0.435708040054505,0.00415519231605999,0.999988257633001,0.00503243653801531,0.0123648515633441,0.638913218198554,0.271065936395016,0.536653151035346,0.00804927308282417,0.00415519223389506,0.00426551782244206,0.999980263795584,0.00415519229904826,0.041029241172322,0.00761050440665321,0.0320693376388324,0.00415519232535346,0.00476558861319053,0.00450937254068937,0.127176547022635,0.00591869714148849,0.00415519349062336,1.0000016938835,0.999981322490882,0.00479148024395422,0.35054318017806,0.999983824947767,1.00000106203286,0.212858244710981,0.00576614762982691,0.00555769957693243,0.00415519228397232,0.00504714420405585,0.00415519281603681,0.999995915950105,0.0136329644471605,0.00907723679651862,0.530872783727037,0.0929053104770478,0.027413256380853,0.00415519233007275,0.999980407720525,0.00437908619811696,0.00502674543519436,0.00561750186185326,0.999987328181307,0.99998315119353,0.0542295173642202,0.99998265501663,0.163996756143038,0.00426483901693058,0.999996034456184,0.00437842472193325,0.549390686408057,0.00528595486007665,0.00579240463930729,0.00549610491305983,0.00429109439307106,0.00629189252641872,0.681367185900138,0.00426483876117746,0.00554914304983174,0.999981938965873,0.00416010262630011,0.343370778039175,0.41977469814969,0.0778586755133136,0.0710666519201261,0.0524837889224683,0.123063040089272,0.00450032502542471,0.00932411464503212,0.316993522531346,0.0563444995174405,0.939354754750383,0.00497340653320703,0.999973170460668,0.00415519232497854
0.00424116144272607,0.579945559141584,0.999989485890271,0.00421577162929794,0.999978692606909,0.00425528895389597,0.00421577155899552,0.999986809369338,0.0452023412599643,0.999976475694974,0.00421577163183582,0.0141635503676445,0.00466938422744481,0.99998607462257,0.00450960656326267,0.00421577162536575,0.999977545953813,0.00439972796284287,0.00439635009831293,0.0319638437014939,0.00433682421477353,0.00435980781016332,0.999975384039982,0.004238332234314,0.00427615439850974,0.0100327566126439,0.00421577162258233,0.00431213783961789,0.99997288086317,0.0681768685922723,0.00421577162267049,0.999987326406622,0.0446264146051608,0.00432541836163219,0.00421577162323398,0.999973664804205,0.00857527537972913,0.027323449216587,0.00421577162896514,0.0046256813359255,0.722544263985789,0.00432541824312311,0.00432541833145128,0.999977423193884,0.00420152655803485,0.999975305727325,0.0288208754233878,0.00433446947598236,0.00422680616977678,0.0042383328307426,0.0185295928527942,0.00423833226299905,0.103131438888841,0.999986366822201,0.00421577154045671,0.00421577162401255,0.00427757412669322,0.999988712707705,0.999973146095691,0.0163100998336308,0.00424752074693069,0.00773418381366598,0.00460930248211209,0.00462020512584713,0.999977032321476,0.999991111530394,0.0122126727273665,0.07749396723993,0.618232264399237,0.00421577155013949,0.012041836448269,0.999978711692057,0.00435942110829846,0.999981335135291,0.999988777543577,0.00431729133820511,0.999981878142639,0.156169098109558,0.00726319910648401,0.00421577162405771,0.999988982541171,0.0474676890323366,0.00421577211107068,0.999988246351767,0.219598464840625,0.00434338630547402,0.00420152649341412,0.0165249867845743,0.00442316971146994,0.00421577162042579,0.0246616641519592,0.00795866068294039,0.00432760092094209,0.0094865500988795,0.999986975160239,0.0311969237085756,0.0042173681724551,0.00421577153826085,0.00432565463898217,0.00423833225771576,0.00421577160341405,0.780987035469879,0.999980308294128,0.00430454152382687,0.00421577162971926,0.289475483381864,0.444862332916087,0.0346946404182826,0.999974501650844,0.00421577279498916,0.316647945729484,0.00433342000867851,0.00473777771407843,0.00867613627821505,0.00942298026592292,0.00474836607858236,0.333050453869802,0.999975803542588,0.99997916740304,0.00421577158833812,0.00422194209757489,0.00421577212040261,0.0955545873930902,0.120258195462665,0.0042177900910158,0.678576424919949,0.00425214445818962,0.0938341881747329,0.00421577163443854,0.00423833231672226,0.00443966550248275,0.00420152651610824,0.999979255831068,0.00429025626206868,0.147675689439123,0.999989242567797,0.0655799261253354,0.245950733350583,0.00432541832129638,0.00466002365632754,0.00443900402629905,0.999987193232715,0.999982318330945,0.999975562470939,0.0341227168916549,0.00435167369743685,0.999973258799496,0.00450584561327437,0.00432541806554325,0.00473828461951279,0.153547831022263,0.00421722260616229,0.999987049931973,0.569294768683884,0.233381454734208,0.0376156047103383,0.99998345088611,0.99998768981333,0.0260667200112379,0.010017532333288,0.999993719212542,0.999989266420627,0.999983642079688,0.767577465977302,0.770189653488344,0.00421577162934434
0.999984060693246,0.0033363999334743,0.00372305318146093,0.999980344165402,0.0029728650459729,0.0030171831184621,0.99998016244779,0.00318429448092369,0.999983383367286,0.00300230840526341,0.999980350725326,0.32442197996335,0.79773685037476,0.00359427102313044,0.999979133441849,0.999980334001491,0.00297321171454333,0.0291171017706307,0.171899817623175,0.272993754997355,0.00309871837933967,0.999985269873999,0.0029736916409888,0.00300022639888014,0.100801736525427,0.999981459435969,0.999980326806898,0.0151908974947753,0.00301087511841462,0.00305171630155214,0.999980327034774,0.0518436906099523,0.00310992773806606,0.00308731252619833,0.99998032849129,0.00297432805440739,0.9999839265076,0.00302191330603253,0.999980343305183,0.999758881007524,0.04228226335261,0.00308731240768925,0.00308731249601741,0.300383357904414,0.00296342072260098,0.00297385319326682,0.00301095508223988,0.0030963636405485,0.999982138654763,0.00300022699530873,0.0506637165779406,0.00300022642756518,0.999985455569677,0.00309829453489211,0.9999801145287,0.99998033050374,0.0480227358960336,0.297307891038672,0.438017617359699,0.999982634493287,0.0267590809920866,0.219705743939452,0.00337119664667822,0.00300432993303919,0.00297336923349363,0.00302478962992247,0.999985410631306,0.999983762219253,0.99998181548396,0.999980139556751,0.0030032948475553,0.00313206693754859,0.316117775929098,0.00334311786480899,0.00323315857673479,0.00734887422881817,0.00313845538955629,0.00310138252158976,0.999979902424723,0.999980330620457,0.00349512236687422,0.999981827336959,0.999981589451009,0.00326886052119118,0.999984555238098,0.274654023507029,0.00296342065798025,0.71229886591938,0.0031399453320625,0.99998032123268,0.00304536798981267,0.0140000449704863,0.00308949508550823,0.999979952042245,0.204379075053422,0.00325896052470421,0.999982053855855,0.999980108852846,0.0030875488035483,0.00300022642228189,0.999980277260763,0.00340758221664382,0.011588978887411,0.9999830678298,0.999980345254428,0.994308019289889,0.176763251127682,0.999984526364273,0.00297409544064267,0.99998335724266,0.161520975833034,0.248882577529634,0.999981423101384,0.00311202888335409,0.00300548169618027,0.103378582966876,0.00327583350567057,0.00297372884529201,0.302804803986794,0.999980238292499,0.0557518158234111,0.999981613572162,0.00332876743672146,0.999985526545015,0.999983698155418,0.00382231292710493,0.999983012394583,0.0823563172020429,0.999980357452826,0.00300022648128839,0.298538597348753,0.00296342068067438,0.318114967225519,0.0206860953077509,0.00309018416838385,0.00318740303592749,0.185459273642154,0.999985039537281,0.00308731248586251,0.00342191782089368,0.296827960933055,0.00330699150399836,0.952028591247876,0.00297379193770288,0.00344695977805277,0.0709822437333455,0.00314295158092804,0.999983657802489,0.00308731223010939,0.00350017878407893,0.672992500711841,0.999980955206507,0.331776245532871,0.99998141818185,0.999981958114321,0.999983752791748,0.00324340830994808,0.00322219334710141,0.00868280743713153,0.999984800764017,0.00335080802098143,0.113637893635167,0.00371276548698194,0.999984726700488,0.00378108143214711,0.999980344285339
0.00498979360394552,0.162022318275718,0.954078502291675,0.00496406991557273,0.0049702769621008,0.0439247105284971,0.00496406984527031,0.0156792999449791,0.00504072372648165,0.0153075895030531,0.00496406991811062,0.363202698904873,0.999972671336536,0.469375762656169,0.172742879042389,0.00496406991164054,0.00497188443576462,0.999972204087541,0.999975604871305,0.00510463148224399,0.245080381483275,0.0206002838538102,0.00497411060716126,0.0049866305205888,0.00502445268478453,0.00496627702320146,0.00496406990885712,0.165984509848161,0.00501515903176165,0.0135253964352066,0.00496406990894528,0.01758301290754,0.999975280813998,0.9999718685913,0.00496406990950877,0.00497706107207145,0.0546233488330769,0.0324535388227283,0.00496406991523993,0.0172218723978646,0.00559717429807985,0.999971630528905,0.999971807963539,0.00508814903952216,0.00498076449029989,0.00497485908315225,0.00517066921548595,0.999973937119614,0.0271375617747972,0.00498663111701739,0.00501080163320861,0.00498663054927384,0.143641638150184,0.100792906833534,0.0049640698267315,0.00496406991028734,0.00502769297612833,0.999981185511697,0.485880540561944,0.00497390751320868,0.00499581903320548,0.00507172995234089,0.00538852791909203,0.00499106409681429,0.00497261482801155,0.00505694090650784,0.018568262395476,0.046498864080676,0.127316439431961,0.00496406983641429,0.00526530334071208,0.158749478802209,0.00510771939457325,0.00536751905341841,0.124082440990429,0.0591497940314486,0.0316604917226539,0.0172540047198998,0.0049860421084731,0.0049640699103325,0.927902912747839,0.557607788400813,0.00496407039734547,0.00538977376712831,0.055104938704555,0.00509168459174881,0.00498076442029911,0.0052654853862046,0.00515728378992097,0.00496406990670058,0.0416145995233349,0.0049864571577775,0.999973488368165,0.726491490168644,0.0053207800821972,0.999939870035653,0.00496566645872989,0.00496406982453564,0.999971853209057,0.00498663054399055,0.00496406988968884,0.99997152130865,0.00512727800798865,0.00505928932786149,0.00496406991599405,0.999970229743652,0.999977194408482,0.94164813126068,0.00497598236819484,0.00496407108126395,0.00563594639047958,0.0050817182949533,0.00516781370022775,0.0152007421684969,0.0049921599686286,0.00522698835788542,0.999976275680246,0.00497428237255299,0.00508662162888365,0.00496406987461291,0.00500117943910947,0.0049640704066774,0.261500370492106,0.0358065205193084,0.00496608837729059,0.684266978376236,0.00500044274446441,0.00505458844228684,0.00496406992071333,0.00498663060299705,0.99997311906194,0.00498076444488265,0.0801946770746677,0.119326546052755,0.0694904521493232,0.0245012873964802,0.0626500117757633,0.236820407817783,0.999971787564248,0.985595075085883,0.99997312087615,0.0119986873999263,0.00533187004299148,0.00497457497151751,0.871413837663913,0.999974678915284,0.335581243847769,0.0338349846251802,0.999971273804438,0.999960545977623,0.00536277403630342,0.00496564172160629,0.0056597135550132,0.00545272235969578,0.0441555508374369,0.0429176670139911,0.42974732058742,0.242903255879635,0.999974700217175,0.00496838917521831,0.174500104417572,0.0124136619670045,0.237601119713707,0.0769685866545842,0.474475575840018,0.00496406991561913
0.0147857595894228,0.00462642776854588,0.0750552927777955,0.0040126016341765,0.00402082927570384,0.00812716441277262,0.00401260156387408,0.0434167659143311,0.00408925544508542,0.0666251635947488,0.00401260163671439,0.00435923133854387,0.0869555292251197,0.985886904437661,0.506104958032056,0.00401260163024432,0.00402266818323804,0.00424889608218948,0.00419777039603537,0.00415362878535663,0.999978040427621,0.26516141488967,0.00402521489603301,0.00403516223919257,0.00407298440338831,0.00401480874180524,0.00401260162746089,0.0168378282886061,0.103178423953061,0.0384771497006091,0.00401260162754905,0.00459159249108787,0.0201085022196472,0.00412224836651076,0.00401260162811255,0.00402859012912963,0.0040389577739686,0.00407153447132689,0.00401260163384371,0.999985571599998,0.0163362329684543,0.00412224824800168,0.00412224833632985,0.00413911229751105,0.999976481975497,0.00402607110796767,0.00405284650161229,0.023841661104445,0.00402363617465535,0.00403516283562117,0.00405938210678692,0.00403516226787762,0.00909901239422615,0.0356403193440376,0.00401260154533528,0.00401260162889112,0.0626801517272219,0.00528147168420992,0.169928123032244,0.0170170961870703,0.00404435075180926,0.00412026167094466,0.999982022184433,0.014663649735139,0.00402350373232877,0.00508106587980007,0.184375042225805,0.0130566273680794,0.00451414370215795,0.00401260155501806,0.00403827735429694,0.219227391345619,0.00415625111317703,0.999976191440827,0.00791958542227503,0.154145090391474,0.00973804536200084,0.00433748442107957,0.055571107508119,0.00401260162893627,0.00470650971387135,0.00536424491962595,0.00401260211594925,0.717262628056279,0.00416064205582772,0.00414021631035259,0.999976308721862,0.00431401710480838,0.999982077514738,0.00401260162530436,0.0646224575817895,0.999980186474171,0.00412620882622032,0.00465019021298854,0.0043958120498875,0.017255198551022,0.00401419817733366,0.00401260154313942,0.00463669569408658,0.00403516226259432,0.00401260160829262,0.00452302906499375,0.335445451909537,0.211717793845519,0.00401260163459782,0.011806649254308,0.012213541635944,0.00454934485351264,0.00402735611662498,0.00401260279986772,0.631981933677414,0.00413025001355708,0.508148895596568,0.999981579365133,0.0128656038317669,0.503417894160136,0.00439156596964099,0.00402541136151018,0.00413723012738912,0.00401260159321668,0.999977881311377,0.00401260212528117,0.415836404927066,0.00407584874133675,0.00401462009589437,0.999983316099163,0.00404897446306819,0.999984829238148,0.00401260163931711,0.00403516232160082,0.00423649550736132,0.999976369566731,0.00418071939075637,0.0050174830161279,0.00418618248649416,0.343872071377477,0.00421331727115644,0.00431635369525672,0.00412224832617494,0.0108923791471408,0.00423583403117761,0.0311588581278493,0.00438163969912215,0.00402574608878642,0.999968629853951,0.00414850370231542,0.0145844482986008,0.00625581597599456,0.00412224807042182,0.99997419488866,0.00442035056954393,0.00790366432437507,0.330772684119783,0.105250361689729,0.00415513181508485,0.00407222281874162,0.0293429820816245,0.091594710373951,0.00413276610116537,0.00401692089382208,0.207091417232164,0.00429421536767908,0.233542775443768,0.00434414066339339,0.341322221008531,0.00401260163422291
0.0563368702581494,0.999986145180862,0.631771035445573,0.00415522328679672,0.00540662150924282,0.99998931933923,0.0041552232164943,0.291641029344769,0.153327618049989,0.00588064402390321,0.00415522328933461,0.999989422129842,0.00469124149668291,0.00606508825176632,0.0491181166137725,0.00415522328286453,0.00555085004912964,0.242821593839455,0.0252960850592038,0.999985199452839,0.00516093994878494,0.0996268540714494,0.00575060977914552,0.999985063877687,0.999986249110346,0.00415743039442546,0.00415522328008111,0.999989734769978,0.00596243212394637,0.999989905044132,0.00415522328016927,0.462146137369023,0.00430388091247803,0.00426487001913097,0.00415522328073276,0.00601532353543098,0.00418157942658881,0.999989067482431,0.00415522328646392,0.0858445307571489,0.999986772839065,0.0042648699006219,0.00426486998895006,0.00577773796430621,0.00499455332309357,0.00581775050416375,0.999988429760865,0.00429416488435817,0.00416625782727556,0.999986518655806,0.999985810338732,0.999985133844783,0.00426783471247911,0.0548872837289247,0.00415522319795549,0.00415522328151133,0.999989255425424,0.999986831977376,0.00666970838585823,0.00417579425039334,0.999986327582919,0.99998875357132,0.999986306629298,0.999988324540833,0.00561638332074668,0.111870095537833,0.00438676426351567,0.00421479884898225,0.423894533900792,0.00415522320763828,0.999987388486348,0.0060470685808727,0.999986148073649,0.00618068050211357,0.38276003890629,0.999990097380616,0.216214417506665,0.999985421763412,0.00421976378128808,0.00415522328155649,0.124953468326176,0.00444809840605073,0.00415522376856946,0.0232884555380972,0.0775143953409,0.999986167563333,0.00499455311004605,0.99998689604456,0.435677939791676,0.00415522327792457,0.999990474483401,0.00500024434837752,0.0123646901678117,0.638910211720968,0.271065388138713,0.536643668026448,0.00804932290978442,0.00415522319575963,0.00426563478387929,0.999985120958046,0.00415522326091283,0.0410278842474853,0.00759948751791762,0.0320627854786363,0.00415522328721804,0.0047668201436267,0.00451071549313925,0.127174118447558,0.00591853592736971,0.00415522445248794,0.999983965998284,0.999986179197628,0.0047752067997626,0.350513429160139,0.999988396539752,0.999989766631741,0.212853078269552,0.00576600296616513,0.00555759010845524,0.0041552232458369,0.00501495256532981,0.00415522377790139,0.999989351026629,0.0136330237324678,0.00907729160350531,0.530872969217899,0.0929057713939748,0.0273811743850336,0.00415522329193732,0.999985264883684,0.00437911715998153,0.00499455318486612,0.00561739060068394,0.999989691879356,0.999986153596748,0.0542152608284026,0.999985927914503,0.163996852496516,0.00426486997879516,0.999987350206993,0.00437845568379783,0.54938694398879,0.00528590211350884,0.0057922571269598,0.00555898324909218,0.00429112535493564,0.00629137450098759,0.681369979643367,0.00426486972304203,0.00561298080704157,0.999986155692746,0.00416000774624654,0.343358672721487,0.419772811551,0.0778589655866974,0.0710669300677507,0.0524847621783978,0.12306451686439,0.00450035064217743,0.00932417063737222,0.316984795343966,0.0563427265516339,0.93934431894229,0.0049733840127195,0.999972576296281,0.00415522328684312
0.999984060693246,0.0033363999334743,0.00372305318146093,0.999980344165402,0.0029728650459729,0.0030171831184621,0.99998016244779,0.00318429448092369,0.999983383367286,0.00300230840526341,0.999980350725326,0.32442197996335,0.79773685037476,0.00359427102313044,0.999979133441849,0.999980334001491,0.00297321171454333,0.0291171017706307,0.171899817623175,0.272993754997355,0.00309871837933967,0.999985269873999,0.0029736916409888,0.00300022639888014,0.100801736525427,0.999981459435969,0.999980326806898,0.0151908974947753,0.00301087511841462,0.00305171630155214,0.999980327034774,0.0518436906099523,0.00310992773806606,0.00308731252619833,0.99998032849129,0.00297432805440739,0.9999839265076,0.00302191330603253,0.999980343305183,0.999758881007524,0.04228226335261,0.00308731240768925,0.00308731249601741,0.300383357904414,0.00296342072260098,0.00297385319326682,0.00301095508223988,0.0030963636405485,0.999982138654763,0.00300022699530873,0.0506637165779406,0.00300022642756518,0.999985455569677,0.00309829453489211,0.9999801145287,0.99998033050374,0.0480227358960336,0.297307891038672,0.438017617359699,0.999982634493287,0.0267590809920866,0.219705743939452,0.00337119664667822,0.00300432993303919,0.00297336923349363,0.00302478962992247,0.999985410631306,0.999983762219253,0.99998181548396,0.999980139556751,0.0030032948475553,0.00313206693754859,0.316117775929098,0.00334311786480899,0.00323315857673479,0.00734887422881817,0.00313845538955629,0.00310138252158976,0.999979902424723,0.999980330620457,0.00349512236687422,0.999981827336959,0.999981589451009,0.00326886052119118,0.999984555238098,0.274654023507029,0.00296342065798025,0.71229886591938,0.0031399453320625,0.99998032123268,0.00304536798981267,0.0140000449704863,0.00308949508550823,0.999979952042245,0.204379075053422,0.00325896052470421,0.999982053855855,0.999980108852846,0.0030875488035483,0.00300022642228189,0.999980277260763,0.00340758221664382,0.011588978887411,0.9999830678298,0.999980345254428,0.994308019289889,0.176763251127682,0.999984526364273,0.00297409544064267,0.99998335724266,0.161520975833034,0.248882577529634,0.999981423101384,0.00311202888335409,0.00300548169618027,0.103378582966876,0.00327583350567057,0.00297372884529201,0.302804803986794,0.999980238292499,0.0557518158234111,0.999981613572162,0.00332876743672146,0.999985526545015,0.999983698155418,0.00382231292710493,0.999983012394583,0.0823563172020429,0.999980357452826,0.00300022648128839,0.298538597348753,0.00296342068067438,0.318114967225519,0.0206860953077509,0.00309018416838385,0.00318740303592749,0.185459273642154,0.999985039537281,0.00308731248586251,0.00342191782089368,0.296827960933055,0.00330699150399836,0.952028591247876,0.00297379193770288,0.00344695977805277,0.0709822437333455,0.00314295158092804,0.999983657802489,0.00308731223010939,0.00350017878407893,0.672992500711841,0.999980955206507,0.331776245532871,0.99998141818185,0.999981958114321,0.999983752791748,0.00324340830994808,0.00322219334710141,0.00868280743713153,0.999984800764017,0.00335080802098143,0.113637893635167,0.00371276548698194,0.999984726700488,0.00378108143214711,0.999980344285339
0.00424116144272607,0.579945559141584,0.999989485890271,0.00421577162929794,0.999978692606909,0.00425528895389597,0.00421577155899552,0.999986809369338,0.0452023412599643,0.999976475694974,0.00421577163183582,0.0141635503676445,0.00466938422744481,0.99998607462257,0.00450960656326267,0.00421577162536575,0.999977545953813,0.00439972796284287,0.00439635009831293,0.0319638437014939,0.00433682421477353,0.00435980781016332,0.999975384039982,0.004238332234314,0.00427615439850974,0.0100327566126439,0.00421577162258233,0.00431213783961789,0.99997288086317,0.0681768685922723,0.00421577162267049,0.999987326406622,0.0446264146051608,0.00432541836163219,0.00421577162323398,0.999973664804205,0.00857527537972913,0.027323449216587,0.00421577162896514,0.0046256813359255,0.722544263985789,0.00432541824312311,0.00432541833145128,0.999977423193884,0.00420152655803485,0.999975305727325,0.0288208754233878,0.00433446947598236,0.00422680616977678,0.0042383328307426,0.0185295928527942,0.00423833226299905,0.103131438888841,0.999986366822201,0.00421577154045671,0.00421577162401255,0.00427757412669322,0.999988712707705,0.999973146095691,0.0163100998336308,0.00424752074693069,0.00773418381366598,0.00460930248211209,0.00462020512584713,0.999977032321476,0.999991111530394,0.0122126727273665,0.07749396723993,0.618232264399237,0.00421577155013949,0.012041836448269,0.999978711692057,0.00435942110829846,0.999981335135291,0.999988777543577,0.00431729133820511,0.999981878142639,0.156169098109558,0.00726319910648401,0.00421577162405771,0.999988982541171,0.0474676890323366,0.00421577211107068,0.999988246351767,0.219598464840625,0.00434338630547402,0.00420152649341412,0.0165249867845743,0.00442316971146994,0.00421577162042579,0.0246616641519592,0.00795866068294039,0.00432760092094209,0.0094865500988795,0.999986975160239,0.0311969237085756,0.0042173681724551,0.00421577153826085,0.00432565463898217,0.00423833225771576,0.00421577160341405,0.780987035469879,0.999980308294128,0.00430454152382687,0.00421577162971926,0.289475483381864,0.444862332916087,0.0346946404182826,0.999974501650844,0.00421577279498916,0.316647945729484,0.00433342000867851,0.00473777771407843,0.00867613627821505,0.00942298026592292,0.00474836607858236,0.333050453869802,0.999975803542588,0.99997916740304,0.00421577158833812,0.00422194209757489,0.00421577212040261,0.0955545873930902,0.120258195462665,0.0042177900910158,0.678576424919949,0.00425214445818962,0.0938341881747329,0.00421577163443854,0.00423833231672226,0.00443966550248275,0.00420152651610824,0.999979255831068,0.00429025626206868,0.147675689439123,0.999989242567797,0.0655799261253354,0.245950733350583,0.00432541832129638,0.00466002365632754,0.00443900402629905,0.999987193232715,0.999982318330945,0.999975562470939,0.0341227168916549,0.00435167369743685,0.999973258799496,0.00450584561327437,0.00432541806554325,0.00473828461951279,0.153547831022263,0.00421722260616229,0.999987049931973,0.569294768683884,0.233381454734208,0.0376156047103383,0.99998345088611,0.99998768981333,0.0260667200112379,0.010017532333288,0.999993719212542,0.999989266420627,0.999983642079688,0.767577465977302,0.770189653488344,0.00421577162934434
0.0147857061278209,0.00459872216896215,0.0750647951999365,0.00401244879966491,0.00401889487158364,0.00813026541594981,0.00401244872936249,0.0433624183527864,0.00408910261057382,0.0666232585184197,0.00401244880220279,0.00438490425438174,0.0869570360470736,0.985899272556777,0.506110391969554,0.00401244879573272,0.00402052972261467,0.00427583207086366,0.00419999337564093,0.00415306544244947,0.999989485133868,0.265163901118729,0.00402279381231407,0.00403500940468097,0.00407283156887671,0.00401465590729364,0.0040124487929493,0.0168507595151606,0.103176792071167,0.0384701458440017,0.00401244879303746,0.00454855574910571,0.020108704901261,0.00412209553199916,0.00401244879360095,0.00402579452498879,0.004038804939457,0.00407217068327614,0.00401244879933211,0.999994776373259,0.0162942505990956,0.00412209541349008,0.00412209550181825,0.00413681556148914,0.999985537866278,0.00402355503288081,0.00405176107799566,0.0238419472227054,0.00402348334014375,0.00403501000110957,0.00405918628474891,0.00403500943336602,0.00909890565311969,0.0356062505720404,0.00401244871082368,0.00401244879437952,0.0626805407562477,0.00529292806138503,0.169927530022607,0.0170170635037353,0.00404419791729766,0.00412010883643307,0.999991074356178,0.014663595132738,0.00402127255434387,0.00507352284834956,0.184376558858165,0.0130565613420071,0.00451127817594129,0.00401244872050646,0.00403814867309431,0.219227302360927,0.00415609827866543,0.999984099571688,0.00788604573051858,0.154150818476008,0.00969072467564168,0.0043108229381507,0.0555714311906235,0.00401244879442468,0.00469579534060517,0.00536411574530953,0.00401244928143765,0.71725088002014,0.00415948978370421,0.00414006347584099,0.999985364611041,0.00431386427029678,0.999991131825124,0.00401244879079276,0.0646256435645796,0.999989242346569,0.00412697618591247,0.00467431706343615,0.00437229380151998,0.0173058649800313,0.00401404534282207,0.00401244870862782,0.00463655433879214,0.00403500942808273,0.00401244877378102,0.0045156098758809,0.335444059094364,0.211719560614009,0.00401244880008623,0.0118066568007848,0.0122135640261759,0.00456122654166341,0.0040246974489468,0.00401244996535613,0.631959050838832,0.00413009717904548,0.508153402222404,0.999990673653779,0.012865532594144,0.503422356495053,0.00440955250675256,0.00402296849959148,0.00413524618473464,0.00401244875870508,0.999986937026336,0.00401244929076958,0.415835921192342,0.00407576466241599,0.00401446726138277,0.999973262917126,0.00404882162855659,0.999993884523518,0.00401244880480551,0.00403500948708923,0.00423634267284972,0.999985425456473,0.00417871207271796,0.00502715709914796,0.00418418055270252,0.343831786332901,0.00421149076061334,0.00431444709320892,0.00412209549166334,0.0109480941632304,0.00423568119666602,0.0310875937540023,0.0043803953683552,0.00402326608210598,0.999983909328967,0.00414835086780382,0.0145816090214087,0.00625765016884663,0.00412209523591022,0.999989536684783,0.00441222287273774,0.00790354745286793,0.330735242456016,0.105242777004929,0.00415447584849709,0.00407230085474081,0.0293213591099158,0.0915610658574606,0.00413263883645783,0.00401676805931049,0.20702916057822,0.00426873983800643,0.233432173115544,0.00434329045843316,0.341239871689704,0.00401244879971131
0.056336888746646,0.999985695147996,0.631770975468807,0.00415521373360266,0.00540665358969233,0.999987866415676,0.00415521366330024,0.291642219452644,0.153327351762939,0.00588134957979364,0.00415521373614054,0.999989719638858,0.00468771245769662,0.00605604562551832,0.049119566200084,0.00415521372967047,0.005550886898192,0.242823293809109,0.02529622536276,0.999983485469897,0.00516006075116963,0.0996293914825408,0.00575065323284975,0.999983339604532,0.999984524900278,0.00415742084123139,0.00415521372688704,0.999988972737681,0.00596356522266948,0.999988789903644,0.0041552137269752,0.46214639583414,0.00430302092250307,0.00426486046593691,0.0041552137275387,0.0060153757413331,0.00418156987339475,0.999987551411258,0.00415521373326986,0.0858553072188915,0.999986207790767,0.00426486034742783,0.004264860435756,0.0057777785121191,0.0050054634167231,0.0058177961777289,0.999986729935835,0.0042931053148315,0.0041662482740815,0.999984794380147,0.999984087162228,0.999983409571507,0.00426787940882825,0.0548882778063865,0.00415521364476143,0.00415521372831727,0.999988173837384,0.999988774391442,0.00666804949709733,0.00417592717168645,0.99998460332341,0.999987029438348,0.999995499698818,0.999986716767808,0.00561642233652853,0.111870093087971,0.00438871866911104,0.00421486979666507,0.423894005245006,0.00415521365444421,0.999985666104894,0.00604812055607285,0.999984424007134,0.0061916130761037,0.382760634991327,0.999990345897257,0.216215241477155,0.999984430675465,0.00422031927888621,0.00415521372836242,0.124954615080945,0.00444803211064784,0.0041552142153754,0.0232966768992031,0.0775143140199186,0.999984443469174,0.00500546320177678,0.999985172248422,0.43568810670423,0.00415521372473051,0.999989624895346,0.0050111544202086,0.0123647386922981,0.63891101048601,0.271065493745417,0.536646492253973,0.00804930665393527,0.00415521364256557,0.00426559770106715,0.999983396684793,0.00415521370771877,0.041028295099807,0.00760321053410027,0.0320650045823607,0.00415521373402398,0.00476642627809127,0.00451028595863005,0.127174847393645,0.00591858493319261,0.00415521489929387,0.999989822175097,0.999984455086288,0.00478072240447801,0.350523496411274,0.999986769039994,0.999993516112321,0.212854638556234,0.00576604692880586,0.00555762334657475,0.00415521369264283,0.0050258624504706,0.00415521422470733,0.999991442678497,0.013633003349083,0.0090772735782827,0.530873218597122,0.0929056090803317,0.0273920453393899,0.00415521373874326,0.999983540610183,0.00437910760678747,0.00500546327726369,0.00561742438506468,0.99998874374047,0.999985003821518,0.0542199749087668,0.999984694342796,0.163996787193663,0.00426486042560109,0.999989834165068,0.00437844613060376,0.549387989202572,0.00528591806757862,0.00579230195763946,0.00553917059942986,0.00429111580174157,0.00629154370333924,0.681368966805,0.00426486016984797,0.0055928580918266,0.999984628028464,0.00416004083775029,0.343362645593881,0.419773397339842,0.0778588594325922,0.0710668292674542,0.0524844126620117,0.123064005330837,0.00450034270281108,0.00932415219100067,0.316987555699105,0.0563432584373906,0.939347514070116,0.00497339075643158,0.999972603897122,0.00415521373364906
0.999984060693246,0.0033363999334743,0.00372305318146093,0.999980344165402,0.0029728650459729,0.0030171831184621,0.99998016244779,0.00318429448092369,0.999983383367286,0.00300230840526341,0.999980350725326,0.32442197996335,0.79773685037476,0.00359427102313044,0.999979133441849,0.999980334001491,0.00297321171454333,0.0291171017706307,0.171899817623175,0.272993754997355,0.00309871837933967,0.999985269873999,0.0029736916409888,0.00300022639888014,0.100801736525427,0.999981459435969,0.999980326806898,0.0151908974947753,0.00301087511841462,0.00305171630155214,0.999980327034774,0.0518436906099523,0.00310992773806606,0.00308731252619833,0.99998032849129,0.00297432805440739,0.9999839265076,0.00302191330603253,0.999980343305183,0.999758881007524,0.04228226335261,0.00308731240768925,0.00308731249601741,0.300383357904414,0.00296342072260098,0.00297385319326682,0.00301095508223988,0.0030963636405485,0.999982138654763,0.00300022699530873,0.0506637165779406,0.00300022642756518,0.999985455569677,0.00309829453489211,0.9999801145287,0.99998033050374,0.0480227358960336,0.297307891038672,0.438017617359699,0.999982634493287,0.0267590809920866,0.219705743939452,0.00337119664667822,0.00300432993303919,0.00297336923349363,0.00302478962992247,0.999985410631306,0.999983762219253,0.99998181548396,0.999980139556751,0.0030032948475553,0.00313206693754859,0.316117775929098,0.00334311786480899,0.00323315857673479,0.00734887422881817,0.00313845538955629,0.00310138252158976,0.999979902424723,0.999980330620457,0.00349512236687422,0.999981827336959,0.999981589451009,0.00326886052119118,0.999984555238098,0.274654023507029,0.00296342065798025,0.71229886591938,0.0031399453320625,0.99998032123268,0.00304536798981267,0.0140000449704863,0.00308949508550823,0.999979952042245,0.204379075053422,0.00325896052470421,0.999982053855855,0.999980108852846,0.0030875488035483,0.00300022642228189,0.999980277260763,0.00340758221664382,0.011588978887411,0.9999830678298,0.999980345254428,0.994308019289889,0.176763251127682,0.999984526364273,0.00297409544064267,0.99998335724266,0.161520975833034,0.248882577529634,0.999981423101384,0.00311202888335409,0.00300548169618027,0.103378582966876,0.00327583350567057,0.00297372884529201,0.302804803986794,0.999980238292499,0.0557518158234111,0.999981613572162,0.00332876743672146,0.999985526545015,0.999983698155418,0.00382231292710493,0.999983012394583,0.0823563172020429,0.999980357452826,0.00300022648128839,0.298538597348753,0.00296342068067438,0.318114967225519,0.0206860953077509,0.00309018416838385,0.00318740303592749,0.185459273642154,0.999985039537281,0.00308731248586251,0.00342191782089368,0.296827960933055,0.00330699150399836,0.952028591247876,0.00297379193770288,0.00344695977805277,0.0709822437333455,0.00314295158092804,0.999983657802489,0.00308731223010939,0.00350017878407893,0.672992500711841,0.999980955206507,0.331776245532871,0.99998141818185,0.999981958114321,0.999983752791748,0.00324340830994808,0.00322219334710141,0.00868280743713153,0.999984800764017,0.00335080802098143,0.113637893635167,0.00371276548698194,0.999984726700488,0.00378108143214711,0.999980344285339
0.00499003460791239,0.162026338239076,0.954073284670934,0.00496410129192197,0.00497059139840921,0.0439242148831161,0.00496410122161955,0.0156886543876759,0.00504075510283088,0.0153091567253025,0.00496410129445985,0.36319791134954,0.999967026249618,0.469374373224602,0.172748307226698,0.00496410128798978,0.00497223129304899,0.999965322829955,0.999972307395772,0.00510472808113021,0.245087653508626,0.020605170288285,0.00497450236826612,0.00498666189693803,0.00502448406113377,0.0049663083995507,0.00496410128520636,0.16598224761439,0.00501750417374758,0.0135272106604914,0.00496410128529452,0.0175898217813586,0.999971641910583,0.99996891544724,0.00496410128585801,0.00497751233785961,0.0546232313193405,0.0324533932080441,0.00496410129158917,0.0172412615658508,0.00560409584806655,0.999968677385559,0.999968854819661,0.00508852104397318,0.00500022171570898,0.0049752659367085,0.00517084846492192,0.999970137236268,0.0271375266676516,0.00498666249336663,0.00501083983951689,0.00498666192562308,0.143641350617606,0.100798591207675,0.00496410120308074,0.00496410128663658,0.0050288674161431,0.999976923565828,0.485879355263589,0.00497419234902666,0.00499585040955472,0.00507176132869012,0.00540797729917793,0.00499130269425999,0.00497297641644785,0.00505816674072512,0.0185717572539591,0.0464989288142741,0.127316554611633,0.00496410121276352,0.00526533038765997,0.158752282470952,0.00510775077092249,0.00538715049253181,0.124087541150587,0.0591519152188283,0.0316680209450212,0.0172582228280264,0.00498707869969584,0.00496410128668174,0.927902004261849,0.55760611701294,0.00496410177369471,0.00540659773003539,0.0551049829080964,0.00509171596809805,0.00500022164233028,0.00526551676255384,0.00517673768147942,0.00496410128304982,0.0416152769645721,0.00500591434440757,0.999970401782141,0.726485837897788,0.00532452381031768,0.999929310849696,0.00496569783507912,0.00496410120088488,0.999968877842515,0.00498666192033978,0.00496410126603808,0.999969764865317,0.00513445432807783,0.00506337011571823,0.00496410129234329,0.999966967954084,0.999973903011328,0.94164361009583,0.00497641187719655,0.00496410245761318,0.00565274539407524,0.00508174967130254,0.00517767422996584,0.0152199268150239,0.00499236347399606,0.00523675545572361,0.999970761280871,0.00497467759382932,0.00508694393599061,0.00496410125096214,0.00502063629362096,0.00496410178302664,0.261506066272633,0.0358064495923149,0.00496611975363983,0.684276100555129,0.00500047412081365,0.00507404439057974,0.00496410129706257,0.00498666197934629,0.99997016625685,0.00500022166810012,0.0801947779150641,0.119324826278216,0.0694906555145897,0.0245147428437591,0.0626501971549056,0.236820046911433,0.99996883442043,0.985583982750911,0.999970168069071,0.0120105024125049,0.00533207483882653,0.00497497609444074,0.871400817374702,0.999971725841555,0.335580928508039,0.0338346705428587,0.999968320662161,0.999946838294447,0.00536407247748392,0.00496574896208158,0.00567250737065942,0.00545604743430816,0.0441555473964585,0.0429175520150035,0.429748778968912,0.242907452683692,0.999971743387971,0.00496842055156755,0.174512695826488,0.0124176962456117,0.237622336484667,0.076968513822019,0.474489203365347,0.00496410129196837
0.00424116144272607,0.579945559141584,0.999989485890271,0.00421577162929794,0.999978692606909,0.00425528895389597,0.00421577155899552,0.999986809369338,0.0452023412599643,0.999976475694974,0.00421577163183582,0.0141635503676445,0.00466938422744481,0.99998607462257,0.00450960656326267,0.00421577162536575,0.999977545953813,0.00439972796284287,0.00439635009831293,0.0319638437014939,0.00433682421477353,0.00435980781016332,0.999975384039982,0.004238332234314,0.00427615439850974,0.0100327566126439,0.00421577162258233,0.00431213783961789,0.99997288086317,0.0681768685922723,0.00421577162267049,0.999987326406622,0.0446264146051608,0.00432541836163219,0.00421577162323398,0.999973664804205,0.00857527537972913,0.027323449216587,0.00421577162896514,0.0046256813359255,0.722544263985789,0.00432541824312311,0.00432541833145128,0.999977423193884,0.00420152655803485,0.999975305727325,0.0288208754233878,0.00433446947598236,0.00422680616977678,0.0042383328307426,0.0185295928527942,0.00423833226299905,0.103131438888841,0.999986366822201,0.00421577154045671,0.00421577162401255,0.00427757412669322,0.999988712707705,0.999973146095691,0.0163100998336308,0.00424752074693069,0.00773418381366598,0.00460930248211209,0.00462020512584713,0.999977032321476,0.999991111530394,0.0122126727273665,0.07749396723993,0.618232264399237,0.00421577155013949,0.012041836448269,0.999978711692057,0.00435942110829846,0.999981335135291,0.999988777543577,0.00431729133820511,0.999981878142639,0.156169098109558,0.00726319910648401,0.00421577162405771,0.999988982541171,0.0474676890323366,0.00421577211107068,0.999988246351767,0.219598464840625,0.00434338630547402,0.00420152649341412,0.0165249867845743,0.00442316971146994,0.00421577162042579,0.0246616641519592,0.00795866068294039,0.00432760092094209,0.0094865500988795,0.999986975160239,0.0311969237085756,0.0042173681724551,0.00421577153826085,0.00432565463898217,0.00423833225771576,0.00421577160341405,0.780987035469879,0.999980308294128,0.00430454152382687,0.00421577162971926,0.289475483381864,0.444862332916087,0.0346946404182826,0.999974501650844,0.00421577279498916,0.316647945729484,0.00433342000867851,0.00473777771407843,0.00867613627821505,0.00942298026592292,0.00474836607858236,0.333050453869802,0.999975803542588,0.99997916740304,0.00421577158833812,0.00422194209757489,0.00421577212040261,0.0955545873930902,0.120258195462665,0.0042177900910158,0.678576424919949,0.00425214445818962,0.0938341881747329,0.00421577163443854,0.00423833231672226,0.00443966550248275,0.00420152651610824,0.999979255831068,0.00429025626206868,0.147675689439123,0.999989242567797,0.0655799261253354,0.245950733350583,0.00432541832129638,0.00466002365632754,0.00443900402629905,0.999987193232715,0.999982318330945,0.999975562470939,0.0341227168916549,0.00435167369743685,0.999973258799496,0.00450584561327437,0.00432541806554325,0.00473828461951279,0.153547831022263,0.00421722260616229,0.999987049931973,0.569294768683884,0.233381454734208,0.0376156047103383,0.99998345088611,0.99998768981333,0.0260667200112379,0.010017532333288,0.999993719212542,0.999989266420627,0.999983642079688,0.767577465977302,0.770189653488344,0.00421577162934434
0.999984060693246,0.0033363999334743,0.00372305318146093,0.999980344165402,0.0029728650459729,0.0030171831184621,0.99998016244779,0.00318429448092369,0.999983383367286,0.00300230840526341,0.999980350725326,0.32442197996335,0.79773685037476,0.00359427102313044,0.999979133441849,0.999980334001491,0.00297321171454333,0.0291171017706307,0.171899817623175,0.272993754997355,0.00309871837933967,0.999985269873999,0.0029736916409888,0.00300022639888014,0.100801736525427,0.999981459435969,0.999980326806898,0.0151908974947753,0.00301087511841462,0.00305171630155214,0.999980327034774,0.0518436906099523,0.00310992773806606,0.00308731252619833,0.99998032849129,0.00297432805440739,0.9999839265076,0.00302191330603253,0.999980343305183,0.999758881007524,0.04228226335261,0.00308731240768925,0.00308731249601741,0.300383357904414,0.00296342072260098,0.00297385319326682,0.00301095508223988,0.0030963636405485,0.999982138654763,0.00300022699530873,0.0506637165779406,0.00300022642756518,0.999985455569677,0.00309829453489211,0.9999801145287,0.99998033050374,0.0480227358960336,0.297307891038672,0.438017617359699,0.999982634493287,0.0267590809920866,0.219705743939452,0.00337119664667822,0.00300432993303919,0.00297336923349363,0.00302478962992247,0.999985410631306,0.999983762219253,0.99998181548396,0.999980139556751,0.0030032948475553,0.00313206693754859,0.316117775929098,0.00334311786480899,0.00323315857673479,0.00734887422881817,0.00313845538955629,0.00310138252158976,0.999979902424723,0.999980330620457,0.00349512236687422,0.999981827336959,0.999981589451009,0.00326886052119118,0.999984555238098,0.274654023507029,0.00296342065798025,0.71229886591938,0.0031399453320625,0.99998032123268,0.00304536798981267,0.0140000449704863,0.00308949508550823,0.999979952042245,0.204379075053422,0.00325896052470421,0.999982053855855,0.999980108852846,0.0030875488035483,0.00300022642228189,0.999980277260763,0.00340758221664382,0.011588978887411,0.9999830678298,0.999980345254428,0.994308019289889,0.176763251127682,0.999984526364273,0.00297409544064267,0.99998335724266,0.161520975833034,0.248882577529634,0.999981423101384,0.00311202888335409,0.00300548169618027,0.103378582966876,0.00327583350567057,0.00297372884529201,0.302804803986794,0.999980238292499,0.0557518158234111,0.999981613572162,0.00332876743672146,0.999985526545015,0.999983698155418,0.00382231292710493,0.999983012394583,0.0823563172020429,0.999980357452826,0.00300022648128839,0.298538597348753,0.00296342068067438,0.318114967225519,0.0206860953077509,0.00309018416838385,0.00318740303592749,0.185459273642154,0.999985039537281,0.00308731248586251,0.00342191782089368,0.296827960933055,0.00330699150399836,0.952028591247876,0.00297379193770288,0.00344695977805277,0.0709822437333455,0.00314295158092804,0.999983657802489,0.00308731223010939,0.00350017878407893,0.672992500711841,0.999980955206507,0.331776245532871,0.99998141818185,0.999981958114321,0.999983752791748,0.00324340830994808,0.00322219334710141,0.00868280743713153,0.999984800764017,0.00335080802098143,0.113637893635167,0.00371276548698194,0.999984726700488,0.00378108143214711,0.999980344285339
0.0563368595840201,0.999986251657454,0.631770975232508,0.00415522732303954,0.00540660794440399,0.999989852169571,0.00415522725273712,0.291640511231685,0.153327719060786,0.00588035268136697,0.00415522732557743,0.99998918172627,0.00469274631512931,0.0060690364619847,0.0491175590222801,0.00415522731910736,0.00555083446830717,0.242820817410346,0.0252960206738545,0.999985846861152,0.00516143178285997,0.0996258027024594,0.00575059140613791,0.99998571560491,0.99998690081374,0.00415743443066828,0.00415522731632393,0.999989962538234,0.00596196405280195,0.999990302558994,0.00415522731641209,0.46214599491879,0.00430424711683362,0.0042648740553738,0.00415522731697559,0.00601530146233527,0.00418158346283163,0.999989628063152,0.00415522732270674,0.0858400785320974,0.999986938099926,0.00426487393686472,0.00426487402519289,0.0057777208197962,0.00499005110518026,0.00581773119268547,0.999989071183478,0.00429461608196829,0.00416626186351839,0.999987170383975,0.99998646160648,0.999985785572051,0.00426781636494158,0.0548868646871541,0.00415522723419831,0.00415522731775416,0.999989641938352,0.999985879459182,0.00667043098675344,0.00417573949112195,0.999986979304988,0.999989405245593,0.999982453126827,0.999988928192082,0.00561636682391967,0.11187008873296,0.004385957963345,0.00421476986242061,0.423894723180979,0.0041552272438811,0.999988039378894,0.00604664877114019,0.999986799722819,0.00617616873743126,0.382759754288688,0.999989925211772,0.216214055771002,0.999985763883132,0.00421953463576944,0.00415522731779931,0.124952959806594,0.00444812660597405,0.00415522780481229,0.0232850582778046,0.0775144236908106,0.999986819222945,0.00499005089291633,0.999987547591603,0.435673718356631,0.00415522731416739,0.999990758864649,0.00499574213945986,0.0123646676897516,0.63890978967093,0.271065324084838,0.536642358449066,0.00804932947778132,0.00415522723200246,0.00426565054361525,0.999985772685306,0.00415522729715566,0.0410277039954993,0.00759795020558107,0.0320618681426773,0.00415522732346086,0.00476698784072948,0.00451089837957412,0.127173783234685,0.00591851520714275,0.00415522848873076,0.999981484016199,0.99998683086373,0.00477293074707992,0.350509256655057,0.999989008331683,0.999988159522197,0.212852369293651,0.00576598437799901,0.00555757605419866,0.00415522728207972,0.00501045043345438,0.00415522781414421,0.999988412578259,0.0136330315175499,0.00907729883983712,0.530872916942347,0.0929058331315141,0.0273766869760556,0.00415522732818015,0.999985916611038,0.00437912119622436,0.00499005096746121,0.00561737631548941,0.999990001367693,0.999986555386758,0.0542133033681155,0.999986366201944,0.163996865438302,0.00426487401503798,0.999986142982971,0.00437845972004065,0.549386466695465,0.00528589536627477,0.00579223817182066,0.00556749545011876,0.00429112939117846,0.00629130411510157,0.681370352710792,0.00426487375928486,0.00562162434939021,0.999986724762745,0.00415999418413203,0.343357005153328,0.419772543307276,0.0778590045443505,0.0710669670820384,0.0524849074965615,0.123064732703967,0.00450035394165672,0.00932417803278212,0.316983621242852,0.0563424989165976,0.939342927113565,0.00497338115926565,0.999972512478013,0.00415522732308594
0.00424116144272607,0.579945559141584,0.999989485890271,0.00421577162929794,0.999978692606909,0.00425528895389597,0.00421577155899552,0.999986809369338,0.0452023412599643,0.999976475694974,0.00421577163183582,0.0141635503676445,0.00466938422744481,0.99998607462257,0.00450960656326267,0.00421577162536575,0.999977545953813,0.00439972796284287,0.00439635009831293,0.0319638437014939,0.00433682421477353,0.00435980781016332,0.999975384039982,0.004238332234314,0.00427615439850974,0.0100327566126439,0.00421577162258233,0.00431213783961789,0.99997288086317,0.0681768685922723,0.00421577162267049,0.999987326406622,0.0446264146051608,0.00432541836163219,0.00421577162323398,0.999973664804205,0.00857527537972913,0.027323449216587,0.00421577162896514,0.0046256813359255,0.722544263985789,0.00432541824312311,0.00432541833145128,0.999977423193884,0.00420152655803485,0.999975305727325,0.0288208754233878,0.00433446947598236,0.00422680616977678,0.0042383328307426,0.0185295928527942,0.00423833226299905,0.103131438888841,0.999986366822201,0.00421577154045671,0.00421577162401255,0.00427757412669322,0.999988712707705,0.999973146095691,0.0163100998336308,0.00424752074693069,0.00773418381366598,0.00460930248211209,0.00462020512584713,0.999977032321476,0.999991111530394,0.0122126727273665,0.07749396723993,0.618232264399237,0.00421577155013949,0.012041836448269,0.999978711692057,0.00435942110829846,0.999981335135291,0.999988777543577,0.00431729133820511,0.999981878142639,0.156169098109558,0.00726319910648401,0.00421577162405771,0.999988982541171,0.0474676890323366,0.00421577211107068,0.999988246351767,0.219598464840625,0.00434338630547402,0.00420152649341412,0.0165249867845743,0.00442316971146994,0.00421577162042579,0.0246616641519592,0.00795866068294039,0.00432760092094209,0.0094865500988795,0.999986975160239,0.0311969237085756,0.0042173681724551,0.00421577153826085,0.00432565463898217,0.00423833225771576,0.00421577160341405,0.780987035469879,0.999980308294128,0.00430454152382687,0.00421577162971926,0.289475483381864,0.444862332916087,0.0346946404182826,0.999974501650844,0.00421577279498916,0.316647945729484,0.00433342000867851,0.00473777771407843,0.00867613627821505,0.00942298026592292,0.00474836607858236,0.333050453869802,0.999975803542588,0.99997916740304,0.00421577158833812,0.00422194209757489,0.00421577212040261,0.0955545873930902,0.120258195462665,0.0042177900910158,0.678576424919949,0.00425214445818962,0.0938341881747329,0.00421577163443854,0.00423833231672226,0.00443966550248275,0.00420152651610824,0.999979255831068,0.00429025626206868,0.147675689439123,0.999989242567797,0.0655799261253354,0.245950733350583,0.00432541832129638,0.00466002365632754,0.00443900402629905,0.999987193232715,0.999982318330945,0.999975562470939,0.0341227168916549,0.00435167369743685,0.999973258799496,0.00450584561327437,0.00432541806554325,0.00473828461951279,0.153547831022263,0.00421722260616229,0.999987049931973,0.569294768683884,0.233381454734208,0.0376156047103383,0.99998345088611,0.99998768981333,0.0260667200112379,0.010017532333288,0.999993719212542,0.999989266420627,0.999983642079688,0.767577465977302,0.770189653488344,0.00421577162934434
0.00498978502023932,0.16201914173219,0.954078750575876,0.00496405356564335,0.00497006714169827,0.0439248673791357,0.00496405349534093,0.0156734068488318,0.00504070737655227,0.0153073851403629,0.00496405356818124,0.363204120647422,0.999974817646123,0.469378542703538,0.172743796548638,0.00496405356171117,0.00497165245574058,0.999974824460465,0.999977473082609,0.00510457055294307,0.245082298079341,0.0206005010841996,0.00497384793553597,0.00498661417065942,0.00502443633485516,0.00496626067327209,0.00496405355892774,0.165985201765162,0.0050149541654832,0.0135245918942234,0.0049640535590159,0.0175783600825396,0.999977155861932,0.999973664613886,0.0049640535595794,0.00497675772920723,0.0546234228977743,0.0324534852038086,0.00496405356531055,0.0172226017552664,0.00559261217087136,0.999973426551057,0.999973603986014,0.00508789987149935,0.00498146782359246,0.00497458609589023,0.00517055074858318,0.999975830744169,0.0271375857974712,0.00498661476708801,0.00501078061502656,0.00498661419934446,0.143641877845612,0.10078936158729,0.00496405347680212,0.00496405356035797,0.00502771897409011,0.999981238318234,0.485881459558831,0.00497390055337219,0.00499580268327611,0.00507171360241151,0.00538923096173334,0.004991055423952,0.00497237277929768,0.00505612174206775,0.0185684017823419,0.0464989309870914,0.127316247002559,0.00496405348648491,0.00526528822798066,0.158749747747485,0.00510770304464388,0.00536809785444109,0.124078707337814,0.0591501227915487,0.0316553928015145,0.0172510696900332,0.00498606299945282,0.00496405356040312,0.92790259076765,0.55760878351924,0.0049640540474161,0.00538829758754033,0.0551048822899563,0.00509166824181943,0.00498146775346654,0.00526546903627523,0.00515798699970201,0.0049640535567712,0.0416147646758605,0.0049871604896334,0.999975312397085,0.7264935261101,0.0053182263530645,0.999943087453054,0.00496565010880051,0.00496405347460627,0.999973651786775,0.00498661419406117,0.00496405353975947,0.999972296119797,0.00512703375603214,0.0050594229993552,0.00496405356606467,0.99997206055483,0.999979029007598,0.941650180862552,0.00497569389601661,0.00496405473133457,0.00563328509899634,0.00508170194502393,0.0051681614979224,0.0152014778206986,0.00499214999568517,0.00522733269414214,0.999978236629292,0.00497401733591283,0.00508640642881837,0.00496405352468353,0.00500188275866114,0.00496405405674802,0.261499383907904,0.0358065623317309,0.00496607202736122,0.684265824253885,0.00500042639453504,0.00505529172826518,0.00496405357078396,0.00498661425306767,0.999974914878683,0.00498146777809403,0.0801945960787853,0.119327037536625,0.0694899503405925,0.0244968195650849,0.0626495769510492,0.236820489169255,0.999973583586686,0.985598561022305,0.999974916694102,0.0119909541744562,0.00533173516146168,0.00497430590112274,0.871418140841284,0.999976474895161,0.335581534786103,0.0338350824500465,0.999973069825941,0.999965103576144,0.00536189165207821,0.00496562818226906,0.00565555603637127,0.00545187058756191,0.0441555375293478,0.0429177223145317,0.429745584000396,0.242899847164504,0.9999764970041,0.00496837282528893,0.174493097518398,0.0124109022425585,0.237589465897985,0.0769686251390449,0.474466424808005,0.00496405356568975
0.0147857462782943,0.0046262559913901,0.0750583813625587,0.00401260039245843,0.00402078201700031,0.00812753977176358,0.00401260032215601,0.0434153098818798,0.00408925420336735,0.0666250302152597,0.00401260039499632,0.00436230753140896,0.0869551686463414,0.985884592666024,0.506104170279057,0.00401260038852624,0.0040226156538647,0.00425212278468062,0.00419805225983905,0.00415361694042733,0.999976210226066,0.265161133449468,0.00402515506665701,0.0040351609974745,0.00407298316167023,0.00401480750008716,0.00401260038574282,0.0168393419359055,0.103178249534803,0.0384769842135893,0.00401260038583098,0.00459048536803112,0.0201084212290491,0.00412224712479268,0.00401260038639447,0.00402852062609243,0.00403895653225052,0.00407176011781287,0.00401260039212563,0.999984470359507,0.016335135436617,0.00412224700628361,0.00412224709461177,0.00413905567996923,0.999975362281222,0.00402600882501569,0.00405282254131697,0.0238415613977659,0.00402363493293728,0.00403516159390309,0.00405937975472414,0.00403516102615954,0.00909900554247773,0.0356394110643318,0.0040126003036172,0.00401260038717304,0.0626800846730662,0.00528535509757188,0.169927654123911,0.017017080352302,0.00404434951009118,0.00412026042922659,0.999980902941857,0.0146636365625672,0.00402344880811582,0.00508087243610486,0.184374837766839,0.013056614937956,0.00451419595885823,0.00401260031329999,0.00403827899072286,0.219227010613292,0.00415624987145895,0.999975042629386,0.0079190835112954,0.154145454168154,0.00973682628509584,0.00433687229030591,0.0555710483906735,0.0040126003872182,0.00470723730620188,0.00536423836633995,0.00401260087423117,0.717261356600546,0.00416064199142593,0.00414021506863451,0.999975189027782,0.0043140158630903,0.999980958012411,0.00401260038358628,0.0646227352566822,0.999979066782129,0.00412631723620365,0.00465308217441658,0.00439520729208758,0.0172613729564884,0.00401419693561559,0.00401260030142134,0.00463669187535504,0.00403516102087625,0.00401260036657454,0.00452311648075099,0.335444967514084,0.211717559456995,0.00401260039287975,0.0118066120171195,0.0122135010643979,0.00455078450098416,0.00402729015058301,0.00401260155814965,0.631980491104596,0.004130248771839,0.508148328436639,0.999980445927406,0.0128655926796382,0.503417332379593,0.00439418810556772,0.00402535096961498,0.00413718158913187,0.00401260035149861,0.999976761638457,0.0040126008835631,0.41583733448006,0.00407585569263651,0.00401461885417629,0.999982757617535,0.00404897322135012,0.999983709617404,0.00401260039759903,0.00403516107988275,0.00423649426564324,0.999975249872582,0.00418067024872552,0.0050186505363993,0.00418661342349006,0.343870609992495,0.00421368055547535,0.00431646677615096,0.00412224708445687,0.0108990020090904,0.00423583278945954,0.0311569818347933,0.00438161026464244,0.00402568473746199,0.999965658841596,0.00414850246059735,0.0145843635144943,0.00625604608184506,0.00412224682870374,0.999971205268267,0.00442014334141898,0.00790365871474363,0.330771275746143,0.105250031297252,0.00415513364643533,0.00407225435124759,0.029342559335718,0.0915938881164777,0.00413276790638294,0.00401691965210401,0.207090113832147,0.00429356788041645,0.233539604702073,0.00434412140897144,0.34132071926983,0.00401260039250483
0.0147857346290416,0.0046296759518434,0.0750611325546323,0.00401261835999008,0.00402097443210423,0.00812761936495332,0.00401261828968766,0.0434205596237502,0.004089272170899,0.0666251017127103,0.00401261836252797,0.00436293286941818,0.0869544771149642,0.985879803564917,0.506102375276405,0.0040126183560579,0.00402282804975489,0.00425277782766032,0.00419812610181134,0.00415367510408304,0.999972199185007,0.26516041862503,0.00402539513641,0.00403517896500615,0.00407300112920189,0.00401482546761882,0.00401261835327447,0.0168396083384824,0.103178228936734,0.0384776868283434,0.00401261835336263,0.00459470476316982,0.0201082834349399,0.00412226509232434,0.00401261835392612,0.00402879736810231,0.00403897449978217,0.00407196951418358,0.00401261835965728,0.999981748239606,0.0163392277213407,0.00412226497381526,0.00412226506214342,0.00413928357385563,0.999972635709709,0.00402625819612487,0.00405293360816282,0.0238413870481321,0.00402365290046893,0.00403517956143474,0.00405940193150453,0.00403517899369119,0.00909900975651428,0.0356427067688181,0.00401261827114885,0.0040126183547047,0.0626799411453216,0.00528890055574022,0.169927094810615,0.0170170625103611,0.00404436747762284,0.00412027839675824,0.999978177478753,0.0146636252533147,0.00402367028269626,0.00508161224662344,0.184374357557694,0.0130566061549071,0.00451464032111257,0.00401261828083164,0.00403829752629248,0.219226504313564,0.00415626783899061,0.999972429162691,0.00792284097280758,0.154145161719587,0.00974146293430165,0.00433958197139004,0.0555709243385971,0.00401261835474985,0.00470959267975595,0.00536424596202624,0.00401261884176283,0.717261191017511,0.00416079294189463,0.00414023303616616,0.999972462456746,0.00431403383062195,0.999978231911914,0.00401261835111793,0.06462267213989,0.999976340216095,0.00412635684487972,0.00465367115203117,0.00439751315210605,0.0172627389504765,0.00401421490314724,0.00401261826895299,0.00463670481077836,0.0040351789884079,0.0040126183341062,0.004524205509942,0.335444493945824,0.211717005312185,0.0040126183604114,0.0118065596912978,0.0122134422288064,0.00455109439327178,0.00402755348406069,0.0040126195256813,0.631981574093547,0.00413026673937065,0.508146957713505,0.999977695469525,0.012865586328294,0.503415974856783,0.00439523361366434,0.00402559317184377,0.00413737885494552,0.00401261831903026,0.999974035119345,0.00401261885109475,0.415838564466691,0.00407587527716342,0.00401463682170794,0.999983226739155,0.00404899118888177,0.999980983226325,0.00401261836513069,0.0040351790474144,0.00423651223317489,0.999972523301379,0.00418086980340791,0.00501889663391777,0.00418743690928225,0.343873979843847,0.00421439294462202,0.00431686415525851,0.00412226505198852,0.0109002893146087,0.00423585075699119,0.0311639108315718,0.00438173510920599,0.00402593057682821,0.999959585523178,0.004148520428129,0.0145846253029178,0.00625610351261972,0.0041222647962354,0.999965098341883,0.0044209421907976,0.00790366596397641,0.33077434171273,0.105250590573579,0.00415522178687625,0.00407228459663713,0.0293448455303542,0.0915972264296693,0.00413278647526572,0.00401693761963566,0.207096585180592,0.00429607557595553,0.233550005894278,0.00434420766155979,0.341329547492785,0.00401261836003648
0.999984060693246,0.0033363999334743,0.00372305318146093,0.999980344165402,0.0029728650459729,0.0030171831184621,0.99998016244779,0.00318429448092369,0.999983383367286,0.00300230840526341,0.999980350725326,0.32442197996335,0.79773685037476,0.00359427102313044,0.999979133441849,0.999980334001491,0.00297321171454333,0.0291171017706307,0.171899817623175,0.272993754997355,0.00309871837933967,0.999985269873999,0.0029736916409888,0.00300022639888014,0.100801736525427,0.999981459435969,0.999980326806898,0.0151908974947753,0.00301087511841462,0.00305171630155214,0.999980327034774,0.0518436906099523,0.00310992773806606,0.00308731252619833,0.99998032849129,0.00297432805440739,0.9999839265076,0.00302191330603253,0.999980343305183,0.999758881007524,0.04228226335261,0.00308731240768925,0.00308731249601741,0.300383357904414,0.00296342072260098,0.00297385319326682,0.00301095508223988,0.0030963636405485,0.999982138654763,0.00300022699530873,0.0506637165779406,0.00300022642756518,0.999985455569677,0.00309829453489211,0.9999801145287,0.99998033050374,0.0480227358960336,0.297307891038672,0.438017617359699,0.999982634493287,0.0267590809920866,0.219705743939452,0.00337119664667822,0.00300432993303919,0.00297336923349363,0.00302478962992247,0.999985410631306,0.999983762219253,0.99998181548396,0.999980139556751,0.0030032948475553,0.00313206693754859,0.316117775929098,0.00334311786480899,0.00323315857673479,0.00734887422881817,0.00313845538955629,0.00310138252158976,0.999979902424723,0.999980330620457,0.00349512236687422,0.999981827336959,0.999981589451009,0.00326886052119118,0.999984555238098,0.274654023507029,0.00296342065798025,0.71229886591938,0.0031399453320625,0.99998032123268,0.00304536798981267,0.0140000449704863,0.00308949508550823,0.999979952042245,0.204379075053422,0.00325896052470421,0.999982053855855,0.999980108852846,0.0030875488035483,0.00300022642228189,0.999980277260763,0.00340758221664382,0.011588978887411,0.9999830678298,0.999980345254428,0.994308019289889,0.176763251127682,0.999984526364273,0.00297409544064267,0.99998335724266,0.161520975833034,0.248882577529634,0.999981423101384,0.00311202888335409,0.00300548169618027,0.103378582966876,0.00327583350567057,0.00297372884529201,0.302804803986794,0.999980238292499,0.0557518158234111,0.999981613572162,0.00332876743672146,0.999985526545015,0.999983698155418,0.00382231292710493,0.999983012394583,0.0823563172020429,0.999980357452826,0.00300022648128839,0.298538597348753,0.00296342068067438,0.318114967225519,0.0206860953077509,0.00309018416838385,0.00318740303592749,0.185459273642154,0.999985039537281,0.00308731248586251,0.00342191782089368,0.296827960933055,0.00330699150399836,0.952028591247876,0.00297379193770288,0.00344695977805277,0.0709822437333455,0.00314295158092804,0.999983657802489,0.00308731223010939,0.00350017878407893,0.672992500711841,0.999980955206507,0.331776245532871,0.99998141818185,0.999981958114321,0.999983752791748,0.00324340830994808,0.00322219334710141,0.00868280743713153,0.999984800764017,0.00335080802098143,0.113637893635167,0.00371276548698194,0.999984726700488,0.00378108143214711,0.999980344285339
0.0563368749804342,0.999985970590126,0.631770977449877,0.00415522071099066,0.00540663004797016,0.999988875012673,0.00415522064068824,0.291641341721688,0.153327538126395,0.00588084883780574,0.00415522071352855,0.999989456101151,0.00469025893393975,0.00606265798669914,0.0491185798114192,0.00415522070705848,0.00555085986088768,0.242822047601676,0.0252961224833649,0.999984683043802,0.00516080641980135,0.0996275938309383,0.00575062135408128,0.999984544697653,0.999985729949318,0.0041574278186194,0.00415522070427505,0.999989479926364,0.00596276127385436,0.999989558244722,0.00415522070436321,0.462146181094096,0.00430364108348855,0.00426486744332492,0.0041552207049267,0.00601533744685684,0.00418157685078275,0.999988605092446,0.00415522071065786,0.0858476709281296,0.999986568029188,0.00426486732481584,0.004264867413144,0.00577774876348411,0.00499773398912238,0.00581776267171443,0.999987917155028,0.00429386937710213,0.00416625525146951,0.999985999475017,0.999985291454619,0.999984614664712,0.00426784795465106,0.0548875544292806,0.00415522062214943,0.00415522070570528,0.999988923599233,0.999987312760239,0.00666926012162241,0.00417583320805034,0.999985808406996,0.99998823443352,0.99998897003996,0.999987839322512,0.00561639371093299,0.111870089065003,0.00438733434279974,0.00421481992845563,0.423894368825747,0.00415522063183222,0.999986869823899,0.00604738820608556,0.99998562895587,0.00618386706495845,0.382760180080652,0.999990147250455,0.216214627929555,0.999985099868512,0.00421992592631499,0.00415522070575043,0.124953773786867,0.00444807999981545,0.0041552211927634,0.0232908418716558,0.0775143694830714,0.999985648437226,0.00499773377552133,0.99998637700824,0.435680896573264,0.00415522070211851,0.999990206290239,0.00500342500805175,0.0123647030954003,0.638910400059027,0.271065401520459,0.536644413377741,0.00804931831462825,0.00415522061995357,0.00426562452762372,0.999984601777982,0.00415522068510678,0.0410279937122606,0.00760057057330627,0.0320634321253678,0.00415522071141198,0.00476671035036766,0.00451059574835119,0.127174312068119,0.0059185489845012,0.00415522187668188,0.999985640617597,0.999985660066344,0.00477681489086599,0.350516360867368,0.999987905570783,0.999990843144414,0.212853494649879,0.00576601467696677,0.0055575989562346,0.00415522067003084,0.005018133170581,0.00415522120209533,0.999989933989837,0.0136330177447928,0.00907728647527911,0.530873110135953,0.0929057227950888,0.0273843432663402,0.00415522071613126,0.999984745703546,0.00437911458417547,0.00499773385053579,0.00561739959429341,0.999989385205104,0.999985790749512,0.054216609471513,0.999985542258229,0.163996826640716,0.0042648674029891,0.999987981914964,0.00437845310799177,0.549387200138425,0.00528590634713168,0.00579226906949345,0.005553527148714,0.00429112277912958,0.00629142243992606,0.681369670592841,0.00426486714723598,0.00560743753628124,0.999985689351011,0.00416001760201344,0.343359802744348,0.419772970849518,0.0778589329927201,0.0710668993336543,0.052484656017287,0.123064365209393,0.00450034849717039,0.00932416538226388,0.316985557669592,0.0563428665425467,0.939345176058087,0.00497338578754174,0.999972547506901,0.00415522071103706
0.00424116144272607,0.579945559141584,0.999989485890271,0.00421577162929794,0.999978692606909,0.00425528895389597,0.00421577155899552,0.999986809369338,0.0452023412599643,0.999976475694974,0.00421577163183582,0.0141635503676445,0.00466938422744481,0.99998607462257,0.00450960656326267,0.00421577162536575,0.999977545953813,0.00439972796284287,0.00439635009831293,0.0319638437014939,0.00433682421477353,0.00435980781016332,0.999975384039982,0.004238332234314,0.00427615439850974,0.0100327566126439,0.00421577162258233,0.00431213783961789,0.99997288086317,0.0681768685922723,0.00421577162267049,0.999987326406622,0.0446264146051608,0.00432541836163219,0.00421577162323398,0.999973664804205,0.00857527537972913,0.027323449216587,0.00421577162896514,0.0046256813359255,0.722544263985789,0.00432541824312311,0.00432541833145128,0.999977423193884,0.00420152655803485,0.999975305727325,0.0288208754233878,0.00433446947598236,0.00422680616977678,0.0042383328307426,0.0185295928527942,0.00423833226299905,0.103131438888841,0.999986366822201,0.00421577154045671,0.00421577162401255,0.00427757412669322,0.999988712707705,0.999973146095691,0.0163100998336308,0.00424752074693069,0.00773418381366598,0.00460930248211209,0.00462020512584713,0.999977032321476,0.999991111530394,0.0122126727273665,0.07749396723993,0.618232264399237,0.00421577155013949,0.012041836448269,0.999978711692057,0.00435942110829846,0.999981335135291,0.999988777543577,0.00431729133820511,0.999981878142639,0.156169098109558,0.00726319910648401,0.00421577162405771,0.999988982541171,0.0474676890323366,0.00421577211107068,0.999988246351767,0.219598464840625,0.00434338630547402,0.00420152649341412,0.0165249867845743,0.00442316971146994,0.00421577162042579,0.0246616641519592,0.00795866068294039,0.00432760092094209,0.0094865500988795,0.999986975160239,0.0311969237085756,0.0042173681724551,0.00421577153826085,0.00432565463898217,0.00423833225771576,0.00421577160341405,0.780987035469879,0.999980308294128,0.00430454152382687,0.00421577162971926,0.289475483381864,0.444862332916087,0.0346946404182826,0.999974501650844,0.00421577279498916,0.316647945729484,0.00433342000867851,0.00473777771407843,0.00867613627821505,0.00942298026592292,0.00474836607858236,0.333050453869802,0.999975803542588,0.99997916740304,0.00421577158833812,0.00422194209757489,0.00421577212040261,0.0955545873930902,0.120258195462665,0.0042177900910158,0.678576424919949,0.00425214445818962,0.0938341881747329,0.00421577163443854,0.00423833231672226,0.00443966550248275,0.00420152651610824,0.999979255831068,0.00429025626206868,0.147675689439123,0.999989242567797,0.0655799261253354,0.245950733350583,0.00432541832129638,0.00466002365632754,0.00443900402629905,0.999987193232715,0.999982318330945,0.999975562470939,0.0341227168916549,0.00435167369743685,0.999973258799496,0.00450584561327437,0.00432541806554325,0.00473828461951279,0.153547831022263,0.00421722260616229,0.999987049931973,0.569294768683884,0.233381454734208,0.0376156047103383,0.99998345088611,0.99998768981333,0.0260667200112379,0.010017532333288,0.999993719212542,0.999989266420627,0.999983642079688,0.767577465977302,0.770189653488344,0.00421577162934434
0.00498950613157283,0.16203354610266,0.954084114704611,0.00496411631814469,0.00497096022135812,0.0439245470398038,0.00496411624784227,0.0156976799336382,0.00504077012905361,0.0153064908518922,0.00496411632068258,0.363201572845991,0.999968821715872,0.469364561180353,0.172730699274813,0.00496411631421251,0.00497264063898528,0.999967138280504,0.999969513968041,0.00510482462902109,0.245061046274282,0.0205923169556032,0.00497496783950083,0.00498667692316076,0.0050244990873565,0.00496632342577343,0.00496411631142908,0.165983898557076,0.00501298276772067,0.0135271546215902,0.00496411631151724,0.0175983208599816,0.99996973112196,0.999965678722095,0.00496411631208073,0.00497805218401548,0.054623084124009,0.032454013903542,0.00496411631781189,0.017190927071509,0.00561185026859936,0.999965440661191,0.999965618094714,0.00508896182136046,0.0049498712468816,0.00497575027200265,0.00517105379527214,0.999968537551332,0.0271374692575141,0.00498667751958935,0.00501086340250744,0.0049866769518458,0.143640661689532,0.100803827346938,0.00496411622930346,0.00496411631285931,0.00502591881553998,0.999986175465817,0.485877301992243,0.00497355022962971,0.00499586543577745,0.00507177635491285,0.00535764717095884,0.00499078045731982,0.00497340417485526,0.00505960222880429,0.018562637555786,0.0464983911565539,0.127317219884567,0.00496411623898625,0.00526534901756487,0.158744160386407,0.00510776579714522,0.00533704687961056,0.124095158578363,0.0591450535304606,0.031677166450915,0.017263767473108,0.00498448750033843,0.00496411631290446,0.927905234913592,0.557604415327428,0.00496411679991744,0.00537417744435813,0.0551051443736413,0.00509173099432077,0.00494987118226087,0.00526553178877657,0.00512639585634312,0.00496411630927254,0.0416127566607076,0.00495556397612277,0.999967336670583,0.726488024638626,0.00532917890611056,0.999936847215522,0.00496571286130185,0.0049641162271076,0.999965684109056,0.00498667694656251,0.00496411629226081,0.999969112575394,0.00511857165142879,0.00505288621267362,0.00496411631856601,0.999964332682899,0.999971322650685,0.941642837908596,0.00497692452953862,0.00496411748383591,0.00562670499776324,0.00508176469752527,0.00515220516152543,0.015170074830373,0.0049919322204609,0.00521152862863274,0.9999728137821,0.00497514738993338,0.00508732259665293,0.00496411627718487,0.00497028678642164,0.00496411680924936,0.261497797157106,0.0358063768411263,0.00496613477986256,0.684261198556315,0.00500048914703638,0.00502369723293785,0.0049641163232853,0.00498667700556901,0.999966929901026,0.004949871204955,0.0801949158746808,0.119326257619061,0.0694928075604064,0.02450633334641,0.0626520389926594,0.23682031196559,0.99996559769555,0.985591344571087,0.999966931711079,0.0120234481201157,0.00533230662211556,0.00497545326701498,0.871411559038235,0.999968489193038,0.335579891176231,0.0338348872177927,0.999965083938959,0.999957806301071,0.00536567120841171,0.00496556729500904,0.00566403919162349,0.00545262885790675,0.0441556010044852,0.0429175079580352,0.429754378866922,0.242915663984061,0.99996851145643,0.00496843557779027,0.174519917596561,0.0124227487993405,0.237633550460474,0.0769684330765742,0.47450562382002,0.00496411631819109
0.999984060693246,0.0033363999334743,0.00372305318146093,0.999980344165402,0.0029728650459729,0.0030171831184621,0.99998016244779,0.00318429448092369,0.999983383367286,0.00300230840526341,0.999980350725326,0.32442197996335,0.79773685037476,0.00359427102313044,0.999979133441849,0.999980334001491,0.00297321171454333,0.0291171017706307,0.171899817623175,0.272993754997355,0.00309871837933967,0.999985269873999,0.0029736916409888,0.00300022639888014,0.100801736525427,0.999981459435969,0.999980326806898,0.0151908974947753,0.00301087511841462,0.00305171630155214,0.999980327034774,0.0518436906099523,0.00310992773806606,0.00308731252619833,0.99998032849129,0.00297432805440739,0.9999839265076,0.00302191330603253,0.999980343305183,0.999758881007524,0.04228226335261,0.00308731240768925,0.00308731249601741,0.300383357904414,0.00296342072260098,0.00297385319326682,0.00301095508223988,0.0030963636405485,0.999982138654763,0.00300022699530873,0.0506637165779406,0.00300022642756518,0.999985455569677,0.00309829453489211,0.9999801145287,0.99998033050374,0.0480227358960336,0.297307891038672,0.438017617359699,0.999982634493287,0.0267590809920866,0.219705743939452,0.00337119664667822,0.00300432993303919,0.00297336923349363,0.00302478962992247,0.999985410631306,0.999983762219253,0.99998181548396,0.999980139556751,0.0030032948475553,0.00313206693754859,0.316117775929098,0.00334311786480899,0.00323315857673479,0.00734887422881817,0.00313845538955629,0.00310138252158976,0.999979902424723,0.999980330620457,0.00349512236687422,0.999981827336959,0.999981589451009,0.00326886052119118,0.999984555238098,0.274654023507029,0.00296342065798025,0.71229886591938,0.0031399453320625,0.99998032123268,0.00304536798981267,0.0140000449704863,0.00308949508550823,0.999979952042245,0.204379075053422,0.00325896052470421,0.999982053855855,0.999980108852846,0.0030875488035483,0.00300022642228189,0.999980277260763,0.00340758221664382,0.011588978887411,0.9999830678298,0.999980345254428,0.994308019289889,0.176763251127682,0.999984526364273,0.00297409544064267,0.99998335724266,0.161520975833034,0.248882577529634,0.999981423101384,0.00311202888335409,0.00300548169618027,0.103378582966876,0.00327583350567057,0.00297372884529201,0.302804803986794,0.999980238292499,0.0557518158234111,0.999981613572162,0.00332876743672146,0.999985526545015,0.999983698155418,0.00382231292710493,0.999983012394583,0.0823563172020429,0.999980357452826,0.00300022648128839,0.298538597348753,0.00296342068067438,0.318114967225519,0.0206860953077509,0.00309018416838385,0.00318740303592749,0.185459273642154,0.999985039537281,0.00308731248586251,0.00342191782089368,0.296827960933055,0.00330699150399836,0.952028591247876,0.00297379193770288,0.00344695977805277,0.0709822437333455,0.00314295158092804,0.999983657802489,0.00308731223010939,0.00350017878407893,0.672992500711841,0.999980955206507,0.331776245532871,0.99998141818185,0.999981958114321,0.999983752791748,0.00324340830994808,0.00322219334710141,0.00868280743713153,0.999984800764017,0.00335080802098143,0.113637893635167,0.00371276548698194,0.999984726700488,0.00378108143214711,0.999980344285339
0.00424116144272607,0.579945559141584,0.999989485890271,0.00421577162929794,0.999978692606909,0.00425528895389597,0.00421577155899552,0.999986809369338,0.0452023412599643,0.999976475694974,0.00421577163183582,0.0141635503676445,0.00466938422744481,0.99998607462257,0.00450960656326267,0.00421577162536575,0.999977545953813,0.00439972796284287,0.00439635009831293,0.0319638437014939,0.00433682421477353,0.00435980781016332,0.999975384039982,0.004238332234314,0.00427615439850974,0.0100327566126439,0.00421577162258233,0.00431213783961789,0.99997288086317,0.0681768685922723,0.00421577162267049,0.999987326406622,0.0446264146051608,0.00432541836163219,0.00421577162323398,0.999973664804205,0.00857527537972913,0.027323449216587,0.00421577162896514,0.0046256813359255,0.722544263985789,0.00432541824312311,0.00432541833145128,0.999977423193884,0.00420152655803485,0.999975305727325,0.0288208754233878,0.00433446947598236,0.00422680616977678,0.0042383328307426,0.0185295928527942,0.00423833226299905,0.103131438888841,0.999986366822201,0.00421577154045671,0.00421577162401255,0.00427757412669322,0.999988712707705,0.999973146095691,0.0163100998336308,0.00424752074693069,0.00773418381366598,0.00460930248211209,0.00462020512584713,0.999977032321476,0.999991111530394,0.0122126727273665,0.07749396723993,0.618232264399237,0.00421577155013949,0.012041836448269,0.999978711692057,0.00435942110829846,0.999981335135291,0.999988777543577,0.00431729133820511,0.999981878142639,0.156169098109558,0.00726319910648401,0.00421577162405771,0.999988982541171,0.0474676890323366,0.00421577211107068,0.999988246351767,0.219598464840625,0.00434338630547402,0.00420152649341412,0.0165249867845743,0.00442316971146994,0.00421577162042579,0.0246616641519592,0.00795866068294039,0.00432760092094209,0.0094865500988795,0.999986975160239,0.0311969237085756,0.0042173681724551,0.00421577153826085,0.00432565463898217,0.00423833225771576,0.00421577160341405,0.780987035469879,0.999980308294128,0.00430454152382687,0.00421577162971926,0.289475483381864,0.444862332916087,0.0346946404182826,0.999974501650844,0.00421577279498916,0.316647945729484,0.00433342000867851,0.00473777771407843,0.00867613627821505,0.00942298026592292,0.00474836607858236,0.333050453869802,0.999975803542588,0.99997916740304,0.00421577158833812,0.00422194209757489,0.00421577212040261,0.0955545873930902,0.120258195462665,0.0042177900910158,0.678576424919949,0.00425214445818962,0.0938341881747329,0.00421577163443854,0.00423833231672226,0.00443966550248275,0.00420152651610824,0.999979255831068,0.00429025626206868,0.147675689439123,0.999989242567797,0.0655799261253354,0.245950733350583,0.00432541832129638,0.00466002365632754,0.00443900402629905,0.999987193232715,0.999982318330945,0.999975562470939,0.0341227168916549,0.00435167369743685,0.999973258799496,0.00450584561327437,0.00432541806554325,0.00473828461951279,0.153547831022263,0.00421722260616229,0.999987049931973,0.569294768683884,0.233381454734208,0.0376156047103383,0.99998345088611,0.99998768981333,0.0260667200112379,0.010017532333288,0.999993719212542,0.999989266420627,0.999983642079688,0.767577465977302,0.770189653488344,0.00421577162934434
0.0147857402194371,0.00463947881968593,0.0750595639130764,0.00401267043387817,0.00402163562350122,0.00812673603509858,0.00401267036357575,0.0434390935910934,0.00408932424478708,0.0666256787716285,0.00401267043641605,0.00435562736407474,0.0869536423746233,0.985873432763454,0.506099740451393,0.00401267042994598,0.00402355900793971,0.00424511248152455,0.00419750132254435,0.00415386753052882,0.999966531914454,0.265159267234678,0.0040262227232503,0.00403523103889423,0.00407305320308997,0.0040148775415069,0.00401267042716256,0.0168358996421084,0.103178671348541,0.0384800775247147,0.00401267042725072,0.00460941990902046,0.0201081436004139,0.00412231716621242,0.00401267042781421,0.00402975300323515,0.00403902657367026,0.00407187794624022,0.00401267043354537,0.999977450895551,0.0163535677362375,0.00412231704770334,0.00412231713603151,0.00414006864629791,0.99996838023423,0.00402711826045306,0.00405330537026625,0.0238412021745319,0.00402370497435701,0.00403523163532283,0.00405946870280038,0.00403523106757928,0.00909904026116207,0.0356543241663668,0.00401267034503694,0.00401267042859278,0.062679739752648,0.00528717300296812,0.169926926832647,0.017017058381343,0.00404441955151092,0.00412033047064633,0.999973923742921,0.0146636313773397,0.00402443294088764,0.00508418989847741,0.184373628392205,0.0130566171708593,0.00451569533524393,0.00401267035471972,0.00403834271906842,0.21922621625272,0.00415631991287869,0.999968566557551,0.00793452773572019,0.154143283223991,0.00975763991353653,0.00434874242068469,0.0555707535129517,0.00401267042863794,0.00471386752385546,0.00536428526118366,0.00401267091565091,0.71726437791621,0.00416120320944709,0.00414028511005425,0.999968206982016,0.00431408590451004,0.999973977175693,0.00401267042500602,0.0646216799885791,0.999972084749215,0.00412614676174736,0.00464680611011868,0.00440555384603662,0.0172483760339273,0.00401426697703533,0.00401267034284108,0.00463675068675023,0.00403523106229599,0.00401267040799428,0.00452691073353182,0.335444584439467,0.211716159456725,0.00401267043429949,0.0118065251778356,0.012213399699411,0.00454772209053766,0.00402846230070459,0.00401267159956939,0.631988667524647,0.00413031881325874,0.508144830239754,0.999973415313135,0.0128656002337478,0.503413868100918,0.00439040000618954,0.00402642820463663,0.00413805698353567,0.00401267039291834,0.99996977972611,0.00401267092498284,0.415839139084963,0.00407590776305502,0.00401468889559603,0.999986020220273,0.00404904326276985,0.999976728034038,0.00401267043901877,0.00403523112130249,0.00423656430706298,0.999968267826385,0.00418155592402686,0.00501614739806408,0.00418841433131641,0.34388738153585,0.00421526630047378,0.00431761333627214,0.0041223171258766,0.010884400276266,0.00423590283087928,0.0311882432552492,0.00438216036496518,0.00402677830939133,0.999951651733237,0.00414857250201708,0.0145855837755441,0.00625558539700592,0.00412231687012348,0.999957127669738,0.00442372086499996,0.00790370121551263,0.330786763390014,0.105253066350667,0.00415545569589221,0.00407227411189998,0.0293522970844419,0.0916087014836325,0.00413283126449192,0.00401698969352375,0.207117975131652,0.00430479024318775,0.23358754642285,0.00434449816595792,0.341357912087146,0.00401267043392457
0.0563369128178717,0.999985595356449,0.631771266921853,0.00415520253820023,0.00540669222678296,0.999986579325684,0.0041552024678978,0.291643686913461,0.153327103250138,0.00588206454451561,0.00415520254073811,0.99999046508493,0.00468379891209763,0.00604531469104891,0.0491206946971471,0.00415520253426804,0.00555093124297107,0.242825358773053,0.0252963961855781,0.999981901363315,0.00515819106585856,0.0996319380724488,0.00575070548291267,0.999981743371276,0.999982928725337,0.00415740964582896,0.00415520253148461,0.999988482901483,0.00596471170479497,0.999987846537367,0.00415520253157277,0.462146906004867,0.00430207041459436,0.00426484927053448,0.00415520253213627,0.00601543846715079,0.00418155867799232,0.999986197208354,0.00415520253786743,0.0858661343737919,0.999985960351274,0.0042648491520254,0.00426484924035357,0.00577782728403796,0.00501641207933284,0.00581785108480655,0.999985162603912,0.00429193436975401,0.00416623707867907,0.999983198144577,0.999982492216489,0.99998181333814,0.00426792263525724,0.0548894259320393,0.004155202449359,0.00415520253291484,0.999987222644261,0.999991441407341,0.00666610020888198,0.00417605897542813,0.999983007102768,0.999985433334673,1.00000486084392,0.999985237462332,0.00561646927471583,0.111870136427903,0.00439067760745238,0.00421493788620258,0.42389356415488,0.00415520245904178,0.999984072062455,0.00604907204937895,0.999982827964891,0.00620258946890402,0.38276149547891,0.999990782025074,0.216216303685866,0.999983700538588,0.00422087521505427,0.00415520253295999,0.12495600484391,0.00444795824795558,0.00415520301997297,0.0233050097940136,0.0775142499869626,0.999982847401378,0.00501641186248073,0.999983576456106,0.43569836824298,0.00415520252932808,0.999988941116427,0.00502210306093962,0.0123647980285854,0.638912190974331,0.271065737824444,0.536649997445146,0.00804928926279111,0.00415520244716314,0.00426555610137502,0.999981800451446,0.00415520251231634,0.0410287918622513,0.00760696508502909,0.0320672340257092,0.00415520253862155,0.00476599062953127,0.00450981091885348,0.127175740974282,0.0059186438287444,0.00415520370389144,0.999995960263858,0.999982859002609,0.00478625671317116,0.350533625816889,0.999985269935204,0.999997413701204,0.212856532675918,0.00576609978802937,0.00555766336931354,0.0041552024972404,0.00503681090382384,0.00415520302930489,0.999993771298622,0.0136329834012986,0.00907725455158057,0.530872933221388,0.0929054566775604,0.0274029577658434,0.00415520254334083,0.999981944376607,0.00437909641138504,0.00501641193863693,0.00561746506163909,0.99998804509151,0.99998407731047,0.0542249082191254,0.999983670170105,0.163996777838946,0.00426484923019866,0.999993117407601,0.00437843493520133,0.549389422402236,0.00528593740254632,0.00579235585584347,0.00551671494108925,0.00429110460633914,0.0062917244757018,0.681368063787594,0.00426484897444554,0.00557006534357653,0.999983264329978,0.00416007244408318,0.34336685584388,0.41977407733147,0.0778587663952708,0.0710667393441081,0.0524840961273248,0.123063511564374,0.0045003334673009,0.00932413277500055,0.316990666031948,0.0563439110924471,0.939351308931303,0.00497339906725999,0.99997293182545,0.00415520253824663
0.0049901722025583,0.162008878321982,0.954070502684511,0.00496401932290561,0.00496947877516035,0.043924819164697,0.00496401925260319,0.0156578497889988,0.00504067313381453,0.0153090893897627,0.0049640193254435,0.363203173467121,0.999976396129233,0.469391268105439,0.172758635774589,0.00496401931897343,0.00497100062125595,0.999976671180055,0.999981763173389,0.00510440862927103,0.245105944807471,0.0206105211607405,0.00497310819644016,0.00498657992792168,0.00502440209211742,0.00496622643053435,0.00496401931619,0.165984860874107,0.00501806121049102,0.0135234343712251,0.00496401931627816,0.0175650351582743,0.999980874553657,0.999978189905986,0.00496401931684166,0.0049759015025611,0.0546236161185613,0.0324529151686605,0.00496401932257281,0.0172616396091287,0.00557999069291198,0.999977951842066,0.999978129277836,0.00508719880842163,0.00502048635278466,0.00497381681151169,0.00517022119344118,0.999979360229897,0.0271376531234177,0.00498658052435028,0.00501073300182528,0.00498657995660672,0.143642673386493,0.100780101081723,0.00496401923406438,0.00496401931762023,0.0050299826903499,0.999973625778834,0.485884353401242,0.00497437585308975,0.00499576844053837,0.00507167935967377,0.00542823371907348,0.0049914377683191,0.00497169210681735,0.00505382406129903,0.0185754809225397,0.0464994141786337,0.127315384810916,0.00496401924374717,0.00526525286031128,0.158756283606122,0.00510766880190614,0.00540674528368686,0.12406733676861,0.0591557418938417,0.0316409115601213,0.0172425212288308,0.00498804959127806,0.00496401931766538,0.927899099316081,0.557611226721988,0.00496401980467836,0.0054105571910387,0.0551046477672914,0.00509163399908169,0.00502048627586791,0.00526543479353749,0.00519699882668477,0.00496401931403346,0.0416168823411825,0.00502617894086614,0.99997974670831,0.726494395362039,0.00531092473673886,0.999941460810449,0.00496561586606277,0.00496401923186853,0.999978150909046,0.00498657995132343,0.00496401929702173,0.999973345931599,0.0051386506216732,0.00506752949443365,0.00496401932332693,0.999976218533413,0.999983154228052,0.941653217145881,0.00497488026088793,0.00496402048859683,0.00564897331486608,0.00508166770228619,0.00518788730193354,0.0152401808454051,0.0049924617926634,0.00524687066725504,0.999978939091131,0.0049732708231166,0.00508580265424883,0.00496401928194579,0.00504090054221902,0.00496401981401028,0.261504141573407,0.035806662350344,0.00496603778462348,0.684275797665596,0.0050003921517973,0.00509430769000576,0.00496401932804622,0.00498658001032993,0.999979439652929,0.00502048630288027,0.0801943290484775,0.119326588796771,0.069487528153323,0.024496517193897,0.0626474948605527,0.236820269636325,0.999978108878414,0.985597437575639,0.999979441471387,0.0119697085872466,0.00533136142929284,0.00497354783514529,0.871418199913356,0.999981000079814,0.335582556503361,0.0338350431355549,0.999977595115316,0.999965317256972,0.00535937697805154,0.00496574645304066,0.00565576996501643,0.00545318526533033,0.0441554551886697,0.0429178157978728,0.42973862496122,0.242888625337324,0.999981019733151,0.00496833858255119,0.174477213961985,0.0124029904627956,0.237563603403651,0.0769687024671874,0.474440544398823,0.00496401932295201
0.0147858399596658,0.00456370934029152,0.0750303134197307,0.00401226076266585,0.00401699214518587,0.00812871901229568,0.00401226069236343,0.0433109195744,0.00408891457357476,0.0666227267195143,0.00401226076520373,0.00437257376437124,0.086964636201403,0.98595173136958,0.506129946382327,0.00401226075873366,0.0040184306000048,0.0042629077238555,0.00419868830580096,0.00415248230756002,1.00003329002773,0.265171638571261,0.00402042267629341,0.00403482136768191,0.00407264353187765,0.00401446787029458,0.00401226075595024,0.0168451007071513,0.103177266752828,0.0384631738396948,0.0040122607560384,0.00450706623938545,0.0201102276150978,0.0041219074950001,0.00401226075660189,0.00402306292806109,0.00403861690245794,0.0040695722207875,0.00401226076233305,1.00002433439884,0.0162540483867171,0.00412190737649102,0.00412190746481919,0.0041345641051469,1.00001517688952,0.00402109247147281,0.0040506544367308,0.0238438714306311,0.00402329530314469,0.00403482196411051,0.00405895687397727,0.00403482139636696,0.00909886709190727,0.0355739004429979,0.00401226067382462,0.00401226075738046,0.0626821078151886,0.00524888750936524,0.169933950517686,0.0170172646363844,0.0040440098802986,0.00411992079943401,1.00002070133347,0.0146637252695345,0.00401908419498674,0.00506624240171589,0.184381785119713,0.0130566643414703,0.00450658257086305,0.0040122606835074,0.00403794927997141,0.219233059038068,0.00415591024166637,1.00001262574762,0.00784817272406899,0.154153041137555,0.00964513281851207,0.00428398834138829,0.0555727865921891,0.00401226075742562,0.00467006737380557,0.00536404162505439,0.00401226124443859,0.717254536113322,0.00415792550216819,0.00413987543884193,1.0000150036291,0.00431367623329772,1.00002076572947,0.0040122607537937,0.0646257202943505,1.00001888131027,0.00412635550263095,0.00466271348459376,0.00434961748943934,0.0172799446576485,0.00401385730582301,0.00401226067162876,0.00463642157078097,0.00403482139108367,0.00401226073678196,0.00450418644412333,0.335449650530248,0.211725590170929,0.00401226076308717,0.011807240811404,0.0122142195360084,0.0045552752947065,0.00402209764788029,0.00401226192835707,0.631950189599549,0.00412990914204642,0.508168306176976,1.00002057607989,0.0128656088494588,0.503437116991345,0.00439374639693975,0.00402057640292573,0.00413329577948158,0.00401226072170602,1.00001657548009,0.00401226125377052,0.415821058854871,0.00407554429870736,0.00401427922438371,0.999968333336049,0.00404863359155753,1.00002352158584,0.00401226076780645,0.00403482145009017,0.00423615463585066,1.00001506447635,0.00417673916959403,0.00502238309072735,0.00417484584614796,0.343799523465478,0.00420343289875643,0.00431012096624208,0.00412190745466428,0.0109221494960197,0.00423549315966696,0.0310195551605882,0.00437915680992339,0.00402083823509466,1.00005045826971,0.00414816283080476,0.0145790541487297,0.00625661153530759,0.00412190719891116,1.0000564562931,0.00440435935016311,0.00790347590003648,0.33070602789329,0.105237556612225,0.00415355691559005,0.00407192347826404,0.0292984696801644,0.0915279826505548,0.00413243877734363,0.00401658002231143,0.206964596037588,0.00424405959252573,0.233330576094738,0.00434243123030609,0.341151071461952,0.00401226076271225
0.999984060693246,0.0033363999334743,0.00372305318146093,0.999980344165402,0.0029728650459729,0.0030171831184621,0.99998016244779,0.00318429448092369,0.999983383367286,0.00300230840526341,0.999980350725326,0.32442197996335,0.79773685037476,0.00359427102313044,0.999979133441849,0.999980334001491,0.00297321171454333,0.0291171017706307,0.171899817623175,0.272993754997355,0.00309871837933967,0.999985269873999,0.0029736916409888,0.00300022639888014,0.100801736525427,0.999981459435969,0.999980326806898,0.0151908974947753,0.00301087511841462,0.00305171630155214,0.999980327034774,0.0518436906099523,0.00310992773806606,0.00308731252619833,0.99998032849129,0.00297432805440739,0.9999839265076,0.00302191330603253,0.999980343305183,0.999758881007524,0.04228226335261,0.00308731240768925,0.00308731249601741,0.300383357904414,0.00296342072260098,0.00297385319326682,0.00301095508223988,0.0030963636405485,0.999982138654763,0.00300022699530873,0.0506637165779406,0.00300022642756518,0.999985455569677,0.00309829453489211,0.9999801145287,0.99998033050374,0.0480227358960336,0.297307891038672,0.438017617359699,0.999982634493287,0.0267590809920866,0.219705743939452,0.00337119664667822,0.00300432993303919,0.00297336923349363,0.00302478962992247,0.999985410631306,0.999983762219253,0.99998181548396,0.999980139556751,0.0030032948475553,0.00313206693754859,0.316117775929098,0.00334311786480899,0.00323315857673479,0.00734887422881817,0.00313845538955629,0.00310138252158976,0.999979902424723,0.999980330620457,0.00349512236687422,0.999981827336959,0.999981589451009,0.00326886052119118,0.999984555238098,0.274654023507029,0.00296342065798025,0.71229886591938,0.0031399453320625,0.99998032123268,0.00304536798981267,0.0140000449704863,0.00308949508550823,0.999979952042245,0.204379075053422,0.00325896052470421,0.999982053855855,0.999980108852846,0.0030875488035483,0.00300022642228189,0.999980277260763,0.00340758221664382,0.011588978887411,0.9999830678298,0.999980345254428,0.994308019289889,0.176763251127682,0.999984526364273,0.00297409544064267,0.99998335724266,0.161520975833034,0.248882577529634,0.999981423101384,0.00311202888335409,0.00300548169618027,0.103378582966876,0.00327583350567057,0.00297372884529201,0.302804803986794,0.999980238292499,0.0557518158234111,0.999981613572162,0.00332876743672146,0.999985526545015,0.999983698155418,0.00382231292710493,0.999983012394583,0.0823563172020429,0.999980357452826,0.00300022648128839,0.298538597348753,0.00296342068067438,0.318114967225519,0.0206860953077509,0.00309018416838385,0.00318740303592749,0.185459273642154,0.999985039537281,0.00308731248586251,0.00342191782089368,0.296827960933055,0.00330699150399836,0.952028591247876,0.00297379193770288,0.00344695977805277,0.0709822437333455,0.00314295158092804,0.999983657802489,0.00308731223010939,0.00350017878407893,0.672992500711841,0.999980955206507,0.331776245532871,0.99998141818185,0.999981958114321,0.999983752791748,0.00324340830994808,0.00322219334710141,0.00868280743713153,0.999984800764017,0.00335080802098143,0.113637893635167,0.00371276548698194,0.999984726700488,0.00378108143214711,0.999980344285339
0.0563368395395656,0.999986724525417,0.631771176405509,0.00415523385892969,0.00540658772091902,0.999990985129489,0.00415523378862727,0.291639738046311,0.15332792384553,0.00587978510216228,0.00415523386146757,0.999989063825578,0.00469538139168511,0.00607534020574572,0.0491161632182916,0.0041552338549975,0.00555081117987066,0.242819622045856,0.0252959218564445,0.999987170792811,0.00516151646363426,0.0996237217528206,0.00575056387267085,0.999987046240679,0.999988231400794,0.00415744096655842,0.00415523385221408,0.999990598521536,0.00596105005135921,0.999991173424614,0.00415523385230224,0.46214592437437,0.00430489112912971,0.00426488059126394,0.00415523385286573,0.00601526830352951,0.00418158999872178,0.999990811886484,0.00415523385859689,0.0858313004300652,0.999987495126425,0.00426488047275486,0.00426488056108303,0.00577769515404547,0.00498116898770564,0.00581770223243743,0.999990385870384,0.00429540969628284,0.00416626839940853,0.999988501021678,0.999987791525474,0.999987116207913,0.00426777872384128,0.054886185629867,0.00415523377008846,0.0041552338536443,0.999990449430996,0.999984627349597,0.00667160247663532,0.00417563005198559,0.999988309930219,0.999990735773114,0.999974897072867,0.999990163996811,0.00561634214285801,0.111870111725661,0.00438436515033438,0.00421470990385427,0.423895148554454,0.00415523377977124,0.999989368659278,0.00604572802338222,0.999988130199021,0.00616727290029762,0.38275942167517,0.99998968300839,0.216213559543808,0.999986614398764,0.00421908121716596,0.00415523385368946,0.124952184689882,0.00444817567816855,0.00415523434070243,0.0232784372024942,0.0775144908059463,0.999988149720494,0.00498116877698734,0.999988877859022,0.435665410198955,0.00415523385005754,0.999991399542611,0.00498686003972929,0.0123646333930214,0.638909277956989,0.271065312384398,0.536640400530892,0.00804934118943484,0.0041552337678926,0.00426567771684465,0.999987103321151,0.0041552338330458,0.0410274297553592,0.00759493563142105,0.0320600585494522,0.00415523385935101,0.00476728246631047,0.00451121974559248,0.127173272551306,0.00591848410513801,0.00415523502462091,0.999976759832329,0.999988161374546,0.00476843977364249,0.350501022697363,0.999990260194051,0.99998503453857,0.21285127930793,0.00576595651742094,0.00555755508663936,0.00415523381796986,0.00500156848569076,0.00415523435003436,0.99998672382548,0.0136330467164449,0.00907731191779374,0.530872337027191,0.0929059576284105,0.0273678351117856,0.00415523386407029,0.999987247247074,0.0043791277321145,0.00498116885098941,0.00561735499682922,0.999990775065515,0.999987485984631,0.0542096406367235,0.999987355262211,0.1639969329656,0.00426488055092812,0.999984461801399,0.0043784662559308,0.549385862077803,0.00528588550776887,0.00579220975332412,0.00558198077870828,0.0042911359270686,0.00629117627228568,0.681371141514774,0.004264880295175,0.00563634553609639,0.999987927705064,0.00415996600700051,0.343353908961378,0.419772069245358,0.0778590884692765,0.0710670455024999,0.0524852361543008,0.123065189266758,0.00450035934291453,0.00932419143594826,0.316981628393008,0.0563421645862618,0.939340691737746,0.00497337722057353,0.999972647102143,0.00415523385897609
0.00424116144272607,0.579945559141584,0.999989485890271,0.00421577162929794,0.999978692606909,0.00425528895389597,0.00421577155899552,0.999986809369338,0.0452023412599643,0.999976475694974,0.00421577163183582,0.0141635503676445,0.00466938422744481,0.99998607462257,0.00450960656326267,0.00421577162536575,0.999977545953813,0.00439972796284287,0.00439635009831293,0.0319638437014939,0.00433682421477353,0.00435980781016332,0.999975384039982,0.004238332234314,0.00427615439850974,0.0100327566126439,0.00421577162258233,0.00431213783961789,0.99997288086317,0.0681768685922723,0.00421577162267049,0.999987326406622,0.0446264146051608,0.00432541836163219,0.00421577162323398,0.999973664804205,0.00857527537972913,0.027323449216587,0.00421577162896514,0.0046256813359255,0.722544263985789,0.00432541824312311,0.00432541833145128,0.999977423193884,0.00420152655803485,0.999975305727325,0.0288208754233878,0.00433446947598236,0.00422680616977678,0.0042383328307426,0.0185295928527942,0.00423833226299905,0.103131438888841,0.999986366822201,0.00421577154045671,0.00421577162401255,0.00427757412669322,0.999988712707705,0.999973146095691,0.0163100998336308,0.00424752074693069,0.00773418381366598,0.00460930248211209,0.00462020512584713,0.999977032321476,0.999991111530394,0.0122126727273665,0.07749396723993,0.618232264399237,0.00421577155013949,0.012041836448269,0.999978711692057,0.00435942110829846,0.999981335135291,0.999988777543577,0.00431729133820511,0.999981878142639,0.156169098109558,0.00726319910648401,0.00421577162405771,0.999988982541171,0.0474676890323366,0.00421577211107068,0.999988246351767,0.219598464840625,0.00434338630547402,0.00420152649341412,0.0165249867845743,0.00442316971146994,0.00421577162042579,0.0246616641519592,0.00795866068294039,0.00432760092094209,0.0094865500988795,0.999986975160239,0.0311969237085756,0.0042173681724551,0.00421577153826085,0.00432565463898217,0.00423833225771576,0.00421577160341405,0.780987035469879,0.999980308294128,0.00430454152382687,0.00421577162971926,0.289475483381864,0.444862332916087,0.0346946404182826,0.999974501650844,0.00421577279498916,0.316647945729484,0.00433342000867851,0.00473777771407843,0.00867613627821505,0.00942298026592292,0.00474836607858236,0.333050453869802,0.999975803542588,0.99997916740304,0.00421577158833812,0.00422194209757489,0.00421577212040261,0.0955545873930902,0.120258195462665,0.0042177900910158,0.678576424919949,0.00425214445818962,0.0938341881747329,0.00421577163443854,0.00423833231672226,0.00443966550248275,0.00420152651610824,0.999979255831068,0.00429025626206868,0.147675689439123,0.999989242567797,0.0655799261253354,0.245950733350583,0.00432541832129638,0.00466002365632754,0.00443900402629905,0.999987193232715,0.999982318330945,0.999975562470939,0.0341227168916549,0.00435167369743685,0.999973258799496,0.00450584561327437,0.00432541806554325,0.00473828461951279,0.153547831022263,0.00421722260616229,0.999987049931973,0.569294768683884,0.233381454734208,0.0376156047103383,0.99998345088611,0.99998768981333,0.0260667200112379,0.010017532333288,0.999993719212542,0.999989266420627,0.999983642079688,0.767577465977302,0.770189653488344,0.00421577162934434
0.00499015517683253,0.161990752715118,0.954070542252939,0.00496392458688245,0.00496829185599728,0.0439256210931219,0.00496392451658002,0.0156246860233452,0.00504057839779136,0.015308123136676,0.00496392458942033,0.363210457761536,0.999987759794586,0.469406834119674,0.172764720220927,0.00496392458295026,0.00496968860618235,0.999990483218047,0.999991924498664,0.00510406223294435,0.245117996703542,0.0206125321320538,0.00497162292056415,0.00498648519189851,0.00502430735609425,0.00496613169451118,0.00496392458016683,0.165988411101614,0.00501721458902503,0.0135189784954679,0.00496392458025499,0.0175387620902258,0.999991023252026,0.999988000928258,0.00496392458081849,0.00497418662864503,0.0546240155554699,0.0324525477571131,0.00496392458654965,0.0172688838417633,0.00555427074016217,0.999987762861969,0.999987940299505,0.00508578976333533,0.00502759290314073,0.00497227330160993,0.00516954957640754,0.999989588344044,0.0271377790491226,0.00498648578832711,0.0050106119124947,0.00498648522058356,0.143643994385592,0.100760129581127,0.00496392449804122,0.00496392458159706,0.00503031169533182,0.999972670924057,0.485889357200337,0.00497437507611127,0.0049956737045152,0.0050715846236506,0.00543533736111811,0.00499141985048055,0.00497032325178725,0.00504920030968937,0.0185768270875993,0.046499801407893,0.127314224304501,0.004963924507724,0.00526516443645559,0.158758218207702,0.00510757406588297,0.00541314759835947,0.124046133374649,0.0591579386126209,0.0316121253030231,0.0172259269264356,0.00498832749483191,0.00496392458164221,0.927896718940572,0.557616654000855,0.00496392506865519,0.00540446764755199,0.0551043035338188,0.00509153926305853,0.00502759282497176,0.00526534005751432,0.0052041041411611,0.0049639245780103,0.0416179155299656,0.00503328547684657,0.999989693662565,0.726505065438944,0.00529650594009679,0.999957979371733,0.0049655211300396,0.00496392449584536,0.999987972841462,0.00498648521530026,0.00496392456099856,0.999977320781868,0.00513831323977698,0.00506893590113239,0.00496392458730376,0.999986177065605,0.999993129500746,0.941664187180538,0.00497324933524705,0.00496392575257366,0.00563592399867945,0.00508157296626302,0.00519143629588071,0.0152474273112025,0.0049924308659672,0.00525038502539987,0.999989124974837,0.00497177219621435,0.00508458536571278,0.00496392454592262,0.00504800695508098,0.00496392507798711,0.261498939235455,0.0358068842275413,0.00496594304860031,0.684269804473092,0.00500029741577413,0.00510141376692669,0.00496392459202305,0.00498648527430676,0.999989249550143,0.00502759285242389,0.080193844814524,0.11932908946546,0.0694845479450715,0.0244723427197609,0.0626449136728936,0.236820609486405,0.99998791989988,0.985615434744422,0.999989251375206,0.0119261231632682,0.00533059755645816,0.00497202643681592,0.871440588201685,0.999990810868654,0.33558412108233,0.0338355403547976,0.999987406131669,0.999989051701449,0.00535439328899551,0.0049656798403338,0.00563332480494174,0.00544869184786499,0.0441553607012822,0.0429181062261942,0.429728483452063,0.242869111357848,0.99999083445674,0.00496824384652802,0.174437880920833,0.0123874044028386,0.237498373941197,0.0769688938352134,0.474388537507762,0.00496392458692885
0.0147858072750349,0.0046272130409947,0.0750436695571332,0.00401260641454168,0.00402101547060748,0.00812574230309796,0.00401260634423926,0.0434224885801306,0.00408926022545059,0.0666256617196175,0.00401260641707956,0.0043475857080958,0.086956851886388,0.9858953097687,0.506107791285021,0.00401260641060949,0.00402287515690674,0.00423668065929662,0.00419670340849037,0.00415367536717079,0.999984654801206,0.265162411970951,0.00402545064878404,0.00403516701955774,0.00407298918375348,0.00401481352217041,0.00401260640782606,0.0168320938764218,0.103179068328068,0.0384777989306933,0.00401260640791423,0.00459595738739524,0.0201087998812013,0.00412225314687593,0.00401260640847772,0.00402886401872873,0.00403896255433377,0.00407068606632703,0.00401260641420888,0.999989482573812,0.016340554629562,0.00412225302836685,0.00412225311669502,0.00413933538812418,0.999980462715043,0.004026316533546,0.00405294112013022,0.0238420275015677,0.00402364095502052,0.00403516761598634,0.00405939126450688,0.00403516704824279,0.00909903712055652,0.0356438885592339,0.00401260632570045,0.00401260640925629,0.0626803904625849,0.00526687850718308,0.169929849439806,0.0170171528439068,0.00404435553217443,0.00412026645130983,0.999986001318248,0.0146636969281997,0.00402372014726615,0.0050818279645889,0.184375769533819,0.013056672087344,0.0045139622767779,0.00401260633538323,0.00403827123871647,0.219228779492751,0.0041562558935422,0.999980287139076,0.00792163576515182,0.154143674292582,0.00974285047460728,0.00433991228998447,0.0555713180294684,0.00401260640930144,0.00470384142896817,0.00536426920752862,0.00401260689631442,0.71726733029312,0.00416064759107463,0.00414022109071776,0.999980289460716,0.00431402188517355,0.999986057571932,0.00401260640566953,0.0646213914104042,0.99998416720578,0.0041257984921994,0.00463924203747196,0.00439819609500337,0.0172318263276275,0.00401420295769883,0.00401260632350459,0.00463670993892393,0.00403516704295949,0.00401260638865779,0.00452273957385859,0.335447217304611,0.211718627433665,0.004012606414963,0.0118067862322293,0.0122136908600797,0.0045438950779237,0.00402761606219121,0.00401260758023289,0.631987347735557,0.00413025479392225,0.508150912145506,0.999985611088292,0.0128656438424043,0.503419891586028,0.00438165930173581,0.00402564933190235,0.00413742136672677,0.00401260637358185,0.99998186197501,0.00401260690564635,0.415832858069238,0.0040758225049505,0.00401462487625954,0.999985281750844,0.00404897924343336,0.999988809716302,0.00401260641968228,0.00403516710196599,0.00423650028772649,0.999980350305828,0.00418091301037401,0.00501306290329673,0.00418457942109208,0.343877692576224,0.00421196648461669,0.00431593968852357,0.00412225310654011,0.0108673039795488,0.00423583881154278,0.0311662430043512,0.00438175562490002,0.00402598784157349,0.999979472890002,0.00414850848268059,0.0145847779102102,0.0062549443642284,0.00412225285078699,0.999985106906564,0.00442116741807387,0.00790368463212684,0.33077809443241,0.105251620259714,0.00415512769280984,0.00407210375203586,0.0293446696245385,0.0915979437741582,0.00413275934658121,0.00401692567418726,0.207096581658004,0.00429676943138309,0.233555174498531,0.00434421645593651,0.341328204777756,0.00401260641458808
0.999984060693246,0.0033363999334743,0.00372305318146093,0.999980344165402,0.0029728650459729,0.0030171831184621,0.99998016244779,0.00318429448092369,0.999983383367286,0.00300230840526341,0.999980350725326,0.32442197996335,0.79773685037476,0.00359427102313044,0.999979133441849,0.999980334001491,0.00297321171454333,0.0291171017706307,0.171899817623175,0.272993754997355,0.00309871837933967,0.999985269873999,0.0029736916409888,0.00300022639888014,0.100801736525427,0.999981459435969,0.999980326806898,0.0151908974947753,0.00301087511841462,0.00305171630155214,0.999980327034774,0.0518436906099523,0.00310992773806606,0.00308731252619833,0.99998032849129,0.00297432805440739,0.9999839265076,0.00302191330603253,0.999980343305183,0.999758881007524,0.04228226335261,0.00308731240768925,0.00308731249601741,0.300383357904414,0.00296342072260098,0.00297385319326682,0.00301095508223988,0.0030963636405485,0.999982138654763,0.00300022699530873,0.0506637165779406,0.00300022642756518,0.999985455569677,0.00309829453489211,0.9999801145287,0.99998033050374,0.0480227358960336,0.297307891038672,0.438017617359699,0.999982634493287,0.0267590809920866,0.219705743939452,0.00337119664667822,0.00300432993303919,0.00297336923349363,0.00302478962992247,0.999985410631306,0.999983762219253,0.99998181548396,0.999980139556751,0.0030032948475553,0.00313206693754859,0.316117775929098,0.00334311786480899,0.00323315857673479,0.00734887422881817,0.00313845538955629,0.00310138252158976,0.999979902424723,0.999980330620457,0.00349512236687422,0.999981827336959,0.999981589451009,0.00326886052119118,0.999984555238098,0.274654023507029,0.00296342065798025,0.71229886591938,0.0031399453320625,0.99998032123268,0.00304536798981267,0.0140000449704863,0.00308949508550823,0.999979952042245,0.204379075053422,0.00325896052470421,0.999982053855855,0.999980108852846,0.0030875488035483,0.00300022642228189,0.999980277260763,0.00340758221664382,0.011588978887411,0.9999830678298,0.999980345254428,0.994308019289889,0.176763251127682,0.999984526364273,0.00297409544064267,0.99998335724266,0.161520975833034,0.248882577529634,0.999981423101384,0.00311202888335409,0.00300548169618027,0.103378582966876,0.00327583350567057,0.00297372884529201,0.302804803986794,0.999980238292499,0.0557518158234111,0.999981613572162,0.00332876743672146,0.999985526545015,0.999983698155418,0.00382231292710493,0.999983012394583,0.0823563172020429,0.999980357452826,0.00300022648128839,0.298538597348753,0.00296342068067438,0.318114967225519,0.0206860953077509,0.00309018416838385,0.00318740303592749,0.185459273642154,0.999985039537281,0.00308731248586251,0.00342191782089368,0.296827960933055,0.00330699150399836,0.952028591247876,0.00297379193770288,0.00344695977805277,0.0709822437333455,0.00314295158092804,0.999983657802489,0.00308731223010939,0.00350017878407893,0.672992500711841,0.999980955206507,0.331776245532871,0.99998141818185,0.999981958114321,0.999983752791748,0.00324340830994808,0.00322219334710141,0.00868280743713153,0.999984800764017,0.00335080802098143,0.113637893635167,0.00371276548698194,0.999984726700488,0.00378108143214711,0.999980344285339
0.0563367176816698,1.00000645486696,0.631787155262715,0.0041552846267336,0.00540648405513684,1.00001505057205,0.00415528455643118,0.291636685987441,0.153331841317143,0.00587099009832546,0.00415528462927148,1.00000318946603,0.00472451972146465,0.00611872522777383,0.0490827700355617,0.00415528462280141,0.00555068982565386,0.242813539583956,0.0252954358602565,1.00001300111078,0.00512895895591478,0.0995906467940557,0.00575041801955266,1.00001292264091,1.00001410685087,0.00415749173436233,0.00415528462001799,1.00001053452186,0.00594682949479336,1.00001115472901,0.00415528462010615,0.462153333706294,0.00431213243234856,0.00426493135906785,0.00415528462066964,0.00601508998548177,0.00418164076652569,1.00001553225288,0.0041552846264008,0.0856921280897097,1.00000730793949,0.00426493124055877,0.00426493132888694,0.00577756007988347,0.00483989805068986,0.00581754814508716,1.00001615597137,0.00430433845022389,0.00416631916721244,1.00001437745963,1.00001366281267,1.00001299260996,0.00426712617278579,0.0548804608195895,0.00415528453789237,0.00415528462144821,1.00000800791073,0.999990199504017,0.00668045857249463,0.00417383691973063,1.00001418612493,1.00001661006204,0.999859477125825,1.00001453261994,0.00561621275152912,0.111872040832542,0.004358951379175,0.00421365152798319,0.42390504705834,0.00415528454757515,1.00001523405697,0.0060275004893412,1.00001400348701,0.00602595788670451,0.382763149508357,0.999992444459535,0.216213629736382,1.00000926289739,0.00421181911647203,0.00415528462149337,0.12494823953719,0.0044487064219651,0.00415528510850634,0.0231759072430667,0.0775161737361609,1.00001402342484,0.00483989786454576,1.00001474707485,0.435535328442642,0.00415528461786145,1.00000755518968,0.00484558938482828,0.0123644757273546,0.638914734656468,0.271069827111714,0.536633471648899,0.00804949290684597,0.00415528453569651,0.00426596135460618,1.00001297972287,0.00415528460084971,0.0410260056896362,0.00754760799977862,0.032031366977593,0.00415528462715492,0.00477058362111329,0.00451482272478232,0.127170986964815,0.00591831765729107,0.00415528579242482,0.99991060880721,1.00001403533766,0.00469698413214777,0.350371009481653,1.0000148841216,0.999940067436232,0.2128457165195,0.0057658087764812,0.0055574471266587,0.00415528458577377,0.00486030024692934,0.00415528511783827,0.999968165182529,0.0136333103829044,0.00907749028398104,0.530845073417613,0.0929083091422807,0.027227152135395,0.0041552846318742,1.00001312365252,0.00437917849991841,0.00483989792991763,0.0056172450105767,1.00001207822,1.00001028783498,0.0541582225615837,1.00001060747622,0.163999980664645,0.00426493131873203,0.999986159054296,0.00437851702373471,0.549389283065341,0.00528584166030762,0.00579205879252772,0.00572402148663818,0.00429118669487251,0.00628951341471588,0.68138769640512,0.00426493106297891,0.00578124727417181,1.00001295853092,0.00415946486854826,0.343312246524853,0.419767712772284,0.0778608979611553,0.0710686935143492,0.0524916283612487,0.123073094630823,0.0045004043188943,0.00932437614511753,0.316961581118357,0.0563408612543725,0.93932510471683,0.00497336753751507,0.999985222909781,0.00415528462678
0.00424116144272607,0.579945559141584,0.999989485890271,0.00421577162929794,0.999978692606909,0.00425528895389597,0.00421577155899552,0.999986809369338,0.0452023412599643,0.999976475694974,0.00421577163183582,0.0141635503676445,0.00466938422744481,0.99998607462257,0.00450960656326267,0.00421577162536575,0.999977545953813,0.00439972796284287,0.00439635009831293,0.0319638437014939,0.00433682421477353,0.00435980781016332,0.999975384039982,0.004238332234314,0.00427615439850974,0.0100327566126439,0.00421577162258233,0.00431213783961789,0.99997288086317,0.0681768685922723,0.00421577162267049,0.999987326406622,0.0446264146051608,0.00432541836163219,0.00421577162323398,0.999973664804205,0.00857527537972913,0.027323449216587,0.00421577162896514,0.0046256813359255,0.722544263985789,0.00432541824312311,0.00432541833145128,0.999977423193884,0.00420152655803485,0.999975305727325,0.0288208754233878,0.00433446947598236,0.00422680616977678,0.0042383328307426,0.0185295928527942,0.00423833226299905,0.103131438888841,0.999986366822201,0.00421577154045671,0.00421577162401255,0.00427757412669322,0.999988712707705,0.999973146095691,0.0163100998336308,0.00424752074693069,0.00773418381366598,0.00460930248211209,0.00462020512584713,0.999977032321476,0.999991111530394,0.0122126727273665,0.07749396723993,0.618232264399237,0.00421577155013949,0.012041836448269,0.999978711692057,0.00435942110829846,0.999981335135291,0.999988777543577,0.00431729133820511,0.999981878142639,0.156169098109558,0.00726319910648401,0.00421577162405771,0.999988982541171,0.0474676890323366,0.00421577211107068,0.999988246351767,0.219598464840625,0.00434338630547402,0.00420152649341412,0.0165249867845743,0.00442316971146994,0.00421577162042579,0.0246616641519592,0.00795866068294039,0.00432760092094209,0.0094865500988795,0.999986975160239,0.0311969237085756,0.0042173681724551,0.00421577153826085,0.00432565463898217,0.00423833225771576,0.00421577160341405,0.780987035469879,0.999980308294128,0.00430454152382687,0.00421577162971926,0.289475483381864,0.444862332916087,0.0346946404182826,0.999974501650844,0.00421577279498916,0.316647945729484,0.00433342000867851,0.00473777771407843,0.00867613627821505,0.00942298026592292,0.00474836607858236,0.333050453869802,0.999975803542588,0.99997916740304,0.00421577158833812,0.00422194209757489,0.00421577212040261,0.0955545873930902,0.120258195462665,0.0042177900910158,0.678576424919949,0.00425214445818962,0.0938341881747329,0.00421577163443854,0.00423833231672226,0.00443966550248275,0.00420152651610824,0.999979255831068,0.00429025626206868,0.147675689439123,0.999989242567797,0.0655799261253354,0.245950733350583,0.00432541832129638,0.00466002365632754,0.00443900402629905,0.999987193232715,0.999982318330945,0.999975562470939,0.0341227168916549,0.00435167369743685,0.999973258799496,0.00450584561327437,0.00432541806554325,0.00473828461951279,0.153547831022263,0.00421722260616229,0.999987049931973,0.569294768683884,0.233381454734208,0.0376156047103383,0.99998345088611,0.99998768981333,0.0260667200112379,0.010017532333288,0.999993719212542,0.999989266420627,0.999983642079688,0.767577465977302,0.770189653488344,0.00421577162934434
0.00498994303374643,0.162018513455345,0.954075397986971,0.00496405774978358,0.00497005957177595,0.0439246922742185,0.00496405767948115,0.0156735571247633,0.00504071156069249,0.0153082528291568,0.00496405775232146,0.363202328749308,0.99997321038767,0.469380569992301,0.17274855082035,0.00496405774585139,0.00497164353953749,0.999972869885687,0.999977195818204,0.00510457202871796,0.245089406894603,0.0206041258243283,0.00497383715470209,0.00498661835479964,0.00502444051899538,0.00496626485741231,0.00496405774306796,0.165984376692138,0.00501636114803598,0.0135249851729624,0.00496405774315612,0.0175780784499423,0.999976648971248,0.999973548591641,0.00496405774371962,0.00497674447744186,0.0546234210851255,0.0324533265073953,0.00496405774945078,0.0172368418404442,0.00559250631790158,0.999973310528841,0.999973487963777,0.00508788991106037,0.00499572712399961,0.00497457468834243,0.00517054766677624,0.999975232125927,0.0271375873038812,0.00498661895122824,0.00501078451555279,0.00498661838348469,0.143641936338399,0.100789491478762,0.00496405766094235,0.00496405774449819,0.005028561963546,0.999978338723676,0.485881626191945,0.00497409073165788,0.00499580686741633,0.00507171778655173,0.00540348450506938,0.00499121167150082,0.00497236325138363,0.00505609095340471,0.0185709770637983,0.0464990479373876,0.127316119973694,0.00496405767062513,0.00526529073949813,0.158751982862519,0.0051077072287841,0.00538234404769234,0.124078229138857,0.0591519486661569,0.0316551310449226,0.0172508386347417,0.00498680483242635,0.00496405774454334,0.92790161463926,0.557608694846856,0.00496405823155632,0.00539838423662986,0.0551048523027093,0.00509167242595966,0.00499572705139489,0.00526547322041545,0.00517224385365607,0.00496405774091143,0.0416154125706699,0.00500141976158364,0.999975133919865,0.726491795287845,0.00531807638182708,0.999939223321068,0.00496565429294073,0.00496405765874649,0.999973523092009,0.00498661837820139,0.00496405772389969,0.999971911710321,0.00513175098512329,0.00506239873092557,0.00496405775020489,0.999971767772488,0.999978719754389,0.941649249677982,0.00497568154770162,0.00496405891547479,0.00564207917869292,0.00508170612916415,0.00517537853149494,0.0152155827433859,0.0049922804918934,0.0052344811653269,0.999976520966445,0.00497400641139536,0.0050863985320612,0.00496405770882375,0.00501614178689545,0.00496405824088824,0.2615022752761,0.0358065581304742,0.00496607621150144,0.684270913276095,0.00500043057867526,0.00506955009149631,0.00496405775492418,0.00498661843720789,0.999974798870091,0.00499572707689291,0.0801945789582923,0.119326373160306,0.069489551605856,0.0245013494393151,0.0626492377988408,0.236820326443818,0.99997346756445,0.985594615883892,0.999974800685429,0.0119908318911923,0.00533173214435914,0.00497429473153943,0.871413735898778,0.999976358875748,0.335581629257998,0.0338349698041636,0.999972953803767,0.999960495469663,0.00536184322136143,0.00496568803717733,0.00565996066289338,0.00545326149281043,0.0441555208547533,0.0429177020509878,0.429744727701901,0.242899091764588,0.999976379247315,0.00496837700942915,0.17449429577307,0.0124107322440511,0.237591649400877,0.0769686160623963,0.474466035116367,0.00496405774982998
0.999984060693246,0.0033363999334743,0.00372305318146093,0.999980344165402,0.0029728650459729,0.0030171831184621,0.99998016244779,0.00318429448092369,0.999983383367286,0.00300230840526341,0.999980350725326,0.32442197996335,0.79773685037476,0.00359427102313044,0.999979133441849,0.999980334001491,0.00297321171454333,0.0291171017706307,0.171899817623175,0.272993754997355,0.00309871837933967,0.999985269873999,0.0029736916409888,0.00300022639888014,0.100801736525427,0.999981459435969,0.999980326806898,0.0151908974947753,0.00301087511841462,0.00305171630155214,0.999980327034774,0.0518436906099523,0.00310992773806606,0.00308731252619833,0.99998032849129,0.00297432805440739,0.9999839265076,0.00302191330603253,0.999980343305183,0.999758881007524,0.04228226335261,0.00308731240768925,0.00308731249601741,0.300383357904414,0.00296342072260098,0.00297385319326682,0.00301095508223988,0.0030963636405485,0.999982138654763,0.00300022699530873,0.0506637165779406,0.00300022642756518,0.999985455569677,0.00309829453489211,0.9999801145287,0.99998033050374,0.0480227358960336,0.297307891038672,0.438017617359699,0.999982634493287,0.0267590809920866,0.219705743939452,0.00337119664667822,0.00300432993303919,0.00297336923349363,0.00302478962992247,0.999985410631306,0.999983762219253,0.99998181548396,0.999980139556751,0.0030032948475553,0.00313206693754859,0.316117775929098,0.00334311786480899,0.00323315857673479,0.00734887422881817,0.00313845538955629,0.00310138252158976,0.999979902424723,0.999980330620457,0.00349512236687422,0.999981827336959,0.999981589451009,0.00326886052119118,0.999984555238098,0.274654023507029,0.00296342065798025,0.71229886591938,0.0031399453320625,0.99998032123268,0.00304536798981267,0.0140000449704863,0.00308949508550823,0.999979952042245,0.204379075053422,0.00325896052470421,0.999982053855855,0.999980108852846,0.0030875488035483,0.00300022642228189,0.999980277260763,0.00340758221664382,0.011588978887411,0.9999830678298,0.999980345254428,0.994308019289889,0.176763251127682,0.999984526364273,0.00297409544064267,0.99998335724266,0.161520975833034,0.248882577529634,0.999981423101384,0.00311202888335409,0.00300548169618027,0.103378582966876,0.00327583350567057,0.00297372884529201,0.302804803986794,0.999980238292499,0.0557518158234111,0.999981613572162,0.00332876743672146,0.999985526545015,0.999983698155418,0.00382231292710493,0.999983012394583,0.0823563172020429,0.999980357452826,0.00300022648128839,0.298538597348753,0.00296342068067438,0.318114967225519,0.0206860953077509,0.00309018416838385,0.00318740303592749,0.185459273642154,0.999985039537281,0.00308731248586251,0.00342191782089368,0.296827960933055,0.00330699150399836,0.952028591247876,0.00297379193770288,0.00344695977805277,0.0709822437333455,0.00314295158092804,0.999983657802489,0.00308731223010939,0.00350017878407893,0.672992500711841,0.999980955206507,0.331776245532871,0.99998141818185,0.999981958114321,0.999983752791748,0.00324340830994808,0.00322219334710141,0.00868280743713153,0.999984800764017,0.00335080802098143,0.113637893635167,0.00371276548698194,0.999984726700488,0.00378108143214711,0.999980344285339
0.0563368695032738,0.999986057736227,0.63177095587399,0.00415522338408059,0.00540662092253255,0.999989245770087,0.00415522331377817,0.291641000462809,0.153327607323023,0.0058806601261183,0.00415522338661848,0.999989331358501,0.00469123332164908,0.006065218140108,0.0491182226877925,0.0041552233801484,0.0055508493840764,0.242821557120449,0.0252960819243153,0.999985127126967,0.00516112983055698,0.0996269172143406,0.00575060900558542,0.999984991680034,0.999986176915353,0.00415743049170932,0.00415522337736498,0.999989655422396,0.00596245835572864,0.999989839090175,0.00415522337745314,0.462146089946492,0.00430387823038529,0.00426487011641484,0.00415522337801663,0.00601532261808207,0.00418157952387268,0.999988993219415,0.00415522338374779,0.0858447966345879,0.999986689891556,0.00426486999790577,0.00426487008623393,0.00577773723848665,0.0049948252797978,0.00581774969413382,0.999988357237991,0.00429416155008195,0.00416625792455943,0.999986446458048,0.999985738128457,0.999985061647125,0.00426783616627462,0.0548872762853083,0.00415522329523936,0.0041552233787952,0.999989199230824,0.999986723280498,0.00666972806873667,0.00417579789477283,0.999986255385841,0.999988681379578,0.999986506270058,0.999988255243904,0.00561638262009667,0.111870085620613,0.004386813483014,0.00421480127487288,0.42389450126306,0.00415522330492215,0.99998731627136,0.00604711715413801,0.999986075884708,0.00618095191353515,0.382759997163181,0.999990062750457,0.216214387613913,0.999985339920099,0.00421977794627792,0.00415522337884036,0.124953444879554,0.00444809831685738,0.00415522386585333,0.0232886428316343,0.0775143894853854,0.999986095373227,0.00499482506670302,0.999986823867019,0.435678180447206,0.00415522337520844,0.99999041643551,0.00500051630453905,0.0123646890147177,0.638910148298165,0.271065361099367,0.536643590418312,0.00804932272447519,0.0041552232930435,0.00426563479069001,0.999985048760389,0.0041552233581967,0.0410278761643934,0.00759957638710816,0.0320628402396139,0.00415522338450191,0.00476681898016535,0.00451071421195175,0.127174100909594,0.00591853506259452,0.00415522454977181,0.999984055601583,0.999986107006797,0.0047753444533476,0.350513674257328,0.999988326751686,0.999989830729875,0.212853044968358,0.00576600218424377,0.00555758950272575,0.00415522334312077,0.00501522451684343,0.00415522387518526,0.999989352247276,0.0136330230967511,0.00907729134359688,0.530873088783776,0.0929057650506694,0.027381444703967,0.00415522338922119,0.999985192686017,0.0043791172572654,0.00499482514153968,0.00561738998598,0.999989612848976,0.999986075377056,0.0542153349704137,0.999985850569938,0.163996838625469,0.00426487007607903,0.999987238045215,0.0043784557810817,0.549386887598221,0.00528590179173693,0.00579225633077753,0.00555904129146958,0.0042911254522195,0.00629137636400438,0.681369929622827,0.0042648698203259,0.00561303668211855,0.999986080865209,0.00416000890522801,0.343358723826328,0.419772806228168,0.077858959994455,0.0710669250859674,0.0524847459775344,0.123064499726529,0.00450035070471655,0.00932417035970757,0.316984790750391,0.0563427143530058,0.939344272302034,0.00497338384226346,0.999972511345471,0.00415522338412699
0.014785956618113,0.00462595353184622,0.0750070732244306,0.00401260127788447,0.00402135639468339,0.00812153161195596,0.00401260120758205,0.0434336637156149,0.00408925508879339,0.0666270289960163,0.00401260128042236,0.00431313761024928,0.0869613866708477,0.985924534796145,0.506117826539301,0.00401260127395229,0.00402325571790884,0.00420054804239097,0.00419352972600882,0.00415374996965801,1.00000790092931,0.265166027756765,0.00402588610786881,0.00403516188290054,0.00407298404709628,0.00401480838551321,0.00401260127116886,0.016815172657151,0.103180953096861,0.0384789536923214,0.00401260127125702,0.00460426041371285,0.02010980171901,0.00412224801021873,0.00401260127182052,0.00402937222647914,0.00403895741767656,0.00406800656122085,0.00401260127755167,1.00000358574464,0.0163488629277174,0.00412224789170965,0.00412224798003782,0.00413974669330837,0.999994772963234,0.00402677044421541,0.00405310041246434,0.0238432656639582,0.00402363581836332,0.00403516247932913,0.00405939447795558,0.00403516191158558,0.00909910378382704,0.0356508354519754,0.00401260118904324,0.00401260127259909,0.0626812276775917,0.00522085418736606,0.169935416761868,0.0170173344877516,0.00404435039551723,0.00412026131465263,1.00000030578503,0.0146638444978533,0.00402411871813885,0.00508327397499893,0.184378365261567,0.0130568099116031,0.00451297554191631,0.00401260119872603,0.00403823388957861,0.219233313831371,0.004156250756885,0.999994814054356,0.0079236986300148,0.154139856573626,0.00975199907906747,0.00434415516736834,0.0555720536603177,0.00401260127264424,0.00469365961078346,0.00536433113822013,0.00401260175965722,0.717281103261741,0.00416050706129787,0.00414021595406055,0.999994599706418,0.00431401674851634,1.00000036536333,0.00401260126901232,0.0646183578176738,0.999998477425394,0.00412456612253571,0.00460685587662678,0.0044027295698096,0.0171625736541933,0.00401419782104163,0.00401260118684738,0.00463673734133304,0.00403516190630229,0.00401260125200059,0.00452077221275844,0.335452809468053,0.211721606407713,0.00401260127830579,0.0118072355998926,0.0122141823291219,0.0045277564145086,0.00402809767073807,0.00401260244357569,0.632001900451795,0.00413024965726505,0.508158150353172,1.00000009325598,0.0128657655518443,0.503427060941433,0.00435182372410998,0.00402608902129041,0.00413777191340816,0.00401260123692465,0.999996171949878,0.00401260176898914,0.415821255785446,0.00407572567120358,0.00401461973960233,0.999990398466327,0.00404897410677616,1.00000311902335,0.00401260128302508,0.00403516196530879,0.00423649515106929,0.999994660552404,0.0041812680976035,0.00499997870646225,0.00417907422543014,0.343890498985524,0.00420730845285865,0.00431432650984118,0.00412224796988291,0.0107931915159857,0.00423583367488558,0.0311805061271089,0.0043819625057764,0.00402643474614047,1.00001706668665,0.00414850334602339,0.0145854626498165,0.00625235456049297,0.00412224771412979,1.00002293472102,0.00442271135739935,0.0079037354016057,0.330790604072671,0.105254687647696,0.00415502411593054,0.00407172645446928,0.0293471960485928,0.0916038609356592,0.00413272010831004,0.00401692053753005,0.207104858588122,0.00430158755533697,0.233580384287271,0.00434434677990209,0.341336398840404,0.00401260127793087
0.00424116144272607,0.579945559141584,0.999989485890271,0.00421577162929794,0.999978692606909,0.00425528895389597,0.00421577155899552,0.999986809369338,0.0452023412599643,0.999976475694974,0.00421577163183582,0.0141635503676445,0.00466938422744481,0.99998607462257,0.00450960656326267,0.00421577162536575,0.999977545953813,0.00439972796284287,0.00439635009831293,0.0319638437014939,0.00433682421477353,0.00435980781016332,0.999975384039982,0.004238332234314,0.00427615439850974,0.0100327566126439,0.00421577162258233,0.00431213783961789,0.99997288086317,0.0681768685922723,0.00421577162267049,0.999987326406622,0.0446264146051608,0.00432541836163219,0.00421577162323398,0.999973664804205,0.00857527537972913,0.027323449216587,0.00421577162896514,0.0046256813359255,0.722544263985789,0.00432541824312311,0.00432541833145128,0.999977423193884,0.00420152655803485,0.999975305727325,0.0288208754233878,0.00433446947598236,0.00422680616977678,0.0042383328307426,0.0185295928527942,0.00423833226299905,0.103131438888841,0.999986366822201,0.00421577154045671,0.00421577162401255,0.00427757412669322,0.999988712707705,0.999973146095691,0.0163100998336308,0.00424752074693069,0.00773418381366598,0.00460930248211209,0.00462020512584713,0.999977032321476,0.999991111530394,0.0122126727273665,0.07749396723993,0.618232264399237,0.00421577155013949,0.012041836448269,0.999978711692057,0.00435942110829846,0.999981335135291,0.999988777543577,0.00431729133820511,0.999981878142639,0.156169098109558,0.00726319910648401,0.00421577162405771,0.999988982541171,0.0474676890323366,0.00421577211107068,0.999988246351767,0.219598464840625,0.00434338630547402,0.00420152649341412,0.0165249867845743,0.00442316971146994,0.00421577162042579,0.0246616641519592,0.00795866068294039,0.00432760092094209,0.0094865500988795,0.999986975160239,0.0311969237085756,0.0042173681724551,0.00421577153826085,0.00432565463898217,0.00423833225771576,0.00421577160341405,0.780987035469879,0.999980308294128,0.00430454152382687,0.00421577162971926,0.289475483381864,0.444862332916087,0.0346946404182826,0.999974501650844,0.00421577279498916,0.316647945729484,0.00433342000867851,0.00473777771407843,0.00867613627821505,0.00942298026592292,0.00474836607858236,0.333050453869802,0.999975803542588,0.99997916740304,0.00421577158833812,0.00422194209757489,0.00421577212040261,0.0955545873930902,0.120258195462665,0.0042177900910158,0.678576424919949,0.00425214445818962,0.0938341881747329,0.00421577163443854,0.00423833231672226,0.00443966550248275,0.00420152651610824,0.999979255831068,0.00429025626206868,0.147675689439123,0.999989242567797,0.0655799261253354,0.245950733350583,0.00432541832129638,0.00466002365632754,0.00443900402629905,0.999987193232715,0.999982318330945,0.999975562470939,0.0341227168916549,0.00435167369743685,0.999973258799496,0.00450584561327437,0.00432541806554325,0.00473828461951279,0.153547831022263,0.00421722260616229,0.999987049931973,0.569294768683884,0.233381454734208,0.0376156047103383,0.99998345088611,0.99998768981333,0.0260667200112379,0.010017532333288,0.999993719212542,0.999989266420627,0.999983642079688,0.767577465977302,0.770189653488344,0.00421577162934434
0.0049901432756844,0.162006126659715,0.954071080498336,0.00496400376615796,0.00496929294490632,0.0439249760807229,0.00496400369585554,0.0156525951231789,0.00504065757706687,0.0153087925476951,0.00496400376869585,0.363204630185454,0.999978456273945,0.469393397661777,0.172758805743748,0.00496400376222577,0.00497079528830265,0.999979183145466,0.999983410049314,0.00510435383818553,0.245106668773091,0.0206102347074481,0.00497287585178592,0.00498656437117402,0.00502438653536976,0.00496621087378669,0.00496400375944235,0.165985563158809,0.00501769340969527,0.0135226665152329,0.00496400375953051,0.0175609390030022,0.999982557442157,0.999979753721155,0.004964003760094,0.00497563336311942,0.0546236793526369,0.0324528845635548,0.00496400376582516,0.0172604100079622,0.00557595250544185,0.999979515656858,0.999979693092909,0.00508697834829792,0.00501923180826702,0.00497357538805795,0.00517011588144291,0.999981071089041,0.0271376727489273,0.00498656496760262,0.00501071333654501,0.00498656439985907,0.14364287165599,0.100776930024024,0.00496400367731673,0.00496400376087257,0.00502989422858288,0.999973971081341,0.485885115926833,0.00497434413060432,0.00499575288379071,0.00507166380292612,0.00542697967493343,0.004991408994934,0.00497147791240269,0.00505310012856787,0.0185752642709302,0.0464994557393105,0.127315223244886,0.00496400368699952,0.00526523858658502,0.158756216955337,0.00510765324515848,0.0054053818683112,0.124064074108257,0.0591557859153138,0.0316364157931946,0.0172399432505509,0.0049879699215575,0.00496400376091773,0.927898888424782,0.557612095953375,0.0049640042479307,0.00540791676561017,0.0551045985376653,0.00509161844233404,0.00501923173156572,0.00526541923678983,0.00519574449480135,0.00496400375728581,0.041616938540164,0.00502492439882184,0.99998134273478,0.726496374202789,0.00530867603067947,0.999944728411935,0.00496560030931512,0.00496400367512087,0.999979718578727,0.00498656439457578,0.00496400374027407,0.999974035318655,0.00513781171016578,0.00506725566473649,0.00496400376657928,0.999977835378055,0.999984776485419,0.941655104574536,0.00497462520914798,0.00496400493184918,0.00564545068421676,0.00508165214553853,0.00518724483818169,0.015238974231597,0.0049924352574639,0.00524623416262399,0.999980837817148,0.00497303639701103,0.00508561208934963,0.00496400372519814,0.00503964602135737,0.00496400425726263,0.261502848019872,0.0358066980617476,0.00496602222787582,0.684274019696076,0.00500037659504964,0.00509305322694306,0.00496400377129856,0.00498656445358228,0.999981003288719,0.00501923175850242,0.0801942554123366,0.119327097544452,0.0694871265916673,0.0244919506419627,0.0626471460034912,0.236820350469122,0.999979672693455,0.985600952885452,0.999981005108231,0.0119628558684383,0.00533124155279607,0.00497330985892931,0.87142248326095,0.999982563857765,0.335582786662756,0.0338351411134496,0.999979158929542,0.999969846590745,0.0053585992238802,0.00496572605765125,0.00565149684715514,0.00545224506231287,0.0441554431078856,0.0429178650637885,0.429737169298691,0.242885676464047,0.999982584431291,0.00496832302580354,0.174470815048666,0.01240056103571,0.237552953230097,0.0769687340392885,0.474432417108014,0.00496400376620436
0.00498982137534031,0.162020779412356,0.954077943262371,0.00496406348094736,0.00497018209447852,0.043924745342826,0.00496406341064494,0.0156767079043123,0.00504071729185627,0.0153076720358032,0.00496406348348525,0.363202973530195,0.999973305804159,0.469377405407123,0.17274423782362,0.00496406347701517,0.00497177943924924,0.999972979979795,0.999976381421386,0.00510460467093084,0.245082655604162,0.0206011051109877,0.00497399158188875,0.00498662408596342,0.00502444625015916,0.00496627058857609,0.00496406347423175,0.165984652885857,0.00501534913750108,0.013525117085805,0.00496406347431991,0.0175808863791791,0.999976014516719,0.999972645257001,0.0049640634748834,0.00497692345647099,0.0546233814653228,0.0324534832628219,0.00496406348061456,0.0172250435258594,0.00559512325462243,0.999972407194418,0.999972584629192,0.00508803618658188,0.00498392787171378,0.00497473534272783,0.00517061589225393,0.999974660753857,0.0271375727845982,0.00498662468239202,0.0050107930647818,0.00498662411464847,0.143641756598724,0.1007913554402,0.00496406339210613,0.00496406347566197,0.0050278730611001,0.999980630057789,0.485880983161898,0.00497394243687282,0.00499581259858011,0.00507172351771552,0.00539169002034405,0.00499109147552461,0.00497250522922068,0.00505657027401011,0.0185688392272565,0.0464989172628269,0.127316328509783,0.00496406340178891,0.00526529712238163,0.15875004539602,0.00510771295994788,0.00537062440493259,0.12408068422063,0.0591503053409259,0.0316581706906121,0.0172526526220173,0.00498619969994611,0.00496406347570713,0.927902575020298,0.557608213854275,0.0049640639627201,0.00539113327618667,0.0551049076487135,0.00509167815712344,0.00498392780116181,0.00526547895157923,0.00516044662733326,0.00496406347207521,0.0416148025478141,0.00498962053286362,0.999974265009127,0.726492050553863,0.00531961384244196,0.999940529829795,0.00496566002410452,0.00496406338991027,0.999972628478728,0.00498662410936518,0.00496406345506347,0.999971789938529,0.00512811230766695,0.00505994365660901,0.00496406348136868,0.999970986558041,0.999977949616366,0.941648857744902,0.00497585154980383,0.00496406464663858,0.00563652020749257,0.00508171186032793,0.00516941113928473,0.0152038890796047,0.00499218162118341,0.00522857055117713,0.999976805930044,0.004974162266261,0.00508652430228305,0.00496406343998754,0.00500434276000209,0.00496406397205203,0.261500509695424,0.035806538309778,0.00496608194266522,0.684267482744381,0.00500043630983904,0.00505775161530709,0.00496406348608796,0.00498662416837168,0.999973895638699,0.00498392782593893,0.0801946376723144,0.119326632000616,0.0694901492098896,0.0245002050047611,0.0626497505469577,0.236820411656419,0.999972564229884,0.985595838144623,0.999973897453432,0.0119952221186882,0.00533180942901521,0.00497445302144542,0.871414872716708,0.999975455562531,0.335581392428887,0.0338350056559342,0.999972050469671,0.999961653717733,0.00536237174794927,0.00496564766612187,0.00565874418427065,0.00545262141525985,0.0441555416148987,0.042917687599965,0.429746377054028,0.242901588387113,0.999975476876189,0.00496838274059294,0.174497226406356,0.0124124000727438,0.237596371087565,0.0769686020196771,0.474471426631299,0.00496406348099376
0.999984060693246,0.0033363999334743,0.00372305318146093,0.999980344165402,0.0029728650459729,0.0030171831184621,0.99998016244779,0.00318429448092369,0.999983383367286,0.00300230840526341,0.999980350725326,0.32442197996335,0.79773685037476,0.00359427102313044,0.999979133441849,0.999980334001491,0.00297321171454333,0.0291171017706307,0.171899817623175,0.272993754997355,0.00309871837933967,0.999985269873999,0.0029736916409888,0.00300022639888014,0.100801736525427,0.999981459435969,0.999980326806898,0.0151908974947753,0.00301087511841462,0.00305171630155214,0.999980327034774,0.0518436906099523,0.00310992773806606,0.00308731252619833,0.99998032849129,0.00297432805440739,0.9999839265076,0.00302191330603253,0.999980343305183,0.999758881007524,0.04228226335261,0.00308731240768925,0.00308731249601741,0.300383357904414,0.00296342072260098,0.00297385319326682,0.00301095508223988,0.0030963636405485,0.999982138654763,0.00300022699530873,0.0506637165779406,0.00300022642756518,0.999985455569677,0.00309829453489211,0.9999801145287,0.99998033050374,0.0480227358960336,0.297307891038672,0.438017617359699,0.999982634493287,0.0267590809920866,0.219705743939452,0.00337119664667822,0.00300432993303919,0.00297336923349363,0.00302478962992247,0.999985410631306,0.999983762219253,0.99998181548396,0.999980139556751,0.0030032948475553,0.00313206693754859,0.316117775929098,0.00334311786480899,0.00323315857673479,0.00734887422881817,0.00313845538955629,0.00310138252158976,0.999979902424723,0.999980330620457,0.00349512236687422,0.999981827336959,0.999981589451009,0.00326886052119118,0.999984555238098,0.274654023507029,0.00296342065798025,0.71229886591938,0.0031399453320625,0.99998032123268,0.00304536798981267,0.0140000449704863,0.00308949508550823,0.999979952042245,0.204379075053422,0.00325896052470421,0.999982053855855,0.999980108852846,0.0030875488035483,0.00300022642228189,0.999980277260763,0.00340758221664382,0.011588978887411,0.9999830678298,0.999980345254428,0.994308019289889,0.176763251127682,0.999984526364273,0.00297409544064267,0.99998335724266,0.161520975833034,0.248882577529634,0.999981423101384,0.00311202888335409,0.00300548169618027,0.103378582966876,0.00327583350567057,0.00297372884529201,0.302804803986794,0.999980238292499,0.0557518158234111,0.999981613572162,0.00332876743672146,0.999985526545015,0.999983698155418,0.00382231292710493,0.999983012394583,0.0823563172020429,0.999980357452826,0.00300022648128839,0.298538597348753,0.00296342068067438,0.318114967225519,0.0206860953077509,0.00309018416838385,0.00318740303592749,0.185459273642154,0.999985039537281,0.00308731248586251,0.00342191782089368,0.296827960933055,0.00330699150399836,0.952028591247876,0.00297379193770288,0.00344695977805277,0.0709822437333455,0.00314295158092804,0.999983657802489,0.00308731223010939,0.00350017878407893,0.672992500711841,0.999980955206507,0.331776245532871,0.99998141818185,0.999981958114321,0.999983752791748,0.00324340830994808,0.00322219334710141,0.00868280743713153,0.999984800764017,0.00335080802098143,0.113637893635167,0.00371276548698194,0.999984726700488,0.00378108143214711,0.999980344285339
0.00424116144272607,0.579945559141584,0.999989485890271,0.00421577162929794,0.999978692606909,0.00425528895389597,0.00421577155899552,0.999986809369338,0.0452023412599643,0.999976475694974,0.00421577163183582,0.0141635503676445,0.00466938422744481,0.99998607462257,0.00450960656326267,0.00421577162536575,0.999977545953813,0.00439972796284287,0.00439635009831293,0.0319638437014939,0.00433682421477353,0.00435980781016332,0.999975384039982,0.004238332234314,0.00427615439850974,0.0100327566126439,0.00421577162258233,0.00431213783961789,0.99997288086317,0.0681768685922723,0.00421577162267049,0.999987326406622,0.0446264146051608,0.00432541836163219,0.00421577162323398,0.999973664804205,0.00857527537972913,0.027323449216587,0.00421577162896514,0.0046256813359255,0.722544263985789,0.00432541824312311,0.00432541833145128,0.999977423193884,0.00420152655803485,0.999975305727325,0.0288208754233878,0.00433446947598236,0.00422680616977678,0.0042383328307426,0.0185295928527942,0.00423833226299905,0.103131438888841,0.999986366822201,0.00421577154045671,0.00421577162401255,0.00427757412669322,0.999988712707705,0.999973146095691,0.0163100998336308,0.00424752074693069,0.00773418381366598,0.00460930248211209,0.00462020512584713,0.999977032321476,0.999991111530394,0.0122126727273665,0.07749396723993,0.618232264399237,0.00421577155013949,0.012041836448269,0.999978711692057,0.00435942110829846,0.999981335135291,0.999988777543577,0.00431729133820511,0.999981878142639,0.156169098109558,0.00726319910648401,0.00421577162405771,0.999988982541171,0.0474676890323366,0.00421577211107068,0.999988246351767,0.219598464840625,0.00434338630547402,0.00420152649341412,0.0165249867845743,0.00442316971146994,0.00421577162042579,0.0246616641519592,0.00795866068294039,0.00432760092094209,0.0094865500988795,0.999986975160239,0.0311969237085756,0.0042173681724551,0.00421577153826085,0.00432565463898217,0.00423833225771576,0.00421577160341405,0.780987035469879,0.999980308294128,0.00430454152382687,0.00421577162971926,0.289475483381864,0.444862332916087,0.0346946404182826,0.999974501650844,0.00421577279498916,0.316647945729484,0.00433342000867851,0.00473777771407843,0.00867613627821505,0.00942298026592292,0.00474836607858236,0.333050453869802,0.999975803542588,0.99997916740304,0.00421577158833812,0.00422194209757489,0.00421577212040261,0.0955545873930902,0.120258195462665,0.0042177900910158,0.678576424919949,0.00425214445818962,0.0938341881747329,0.00421577163443854,0.00423833231672226,0.00443966550248275,0.00420152651610824,0.999979255831068,0.00429025626206868,0.147675689439123,0.999989242567797,0.0655799261253354,0.245950733350583,0.00432541832129638,0.00466002365632754,0.00443900402629905,0.999987193232715,0.999982318330945,0.999975562470939,0.0341227168916549,0.00435167369743685,0.999973258799496,0.00450584561327437,0.00432541806554325,0.00473828461951279,0.153547831022263,0.00421722260616229,0.999987049931973,0.569294768683884,0.233381454734208,0.0376156047103383,0.99998345088611,0.99998768981333,0.0260667200112379,0.010017532333288,0.999993719212542,0.999989266420627,0.999983642079688,0.767577465977302,0.770189653488344,0.00421577162934434
0.0147857145248858,0.00462729429325971,0.0750655705343984,0.00401260493283622,0.00402076609879887,0.0081283112099393,0.00401260486253379,0.0434145514314216,0.00408925874374513,0.066624792467471,0.0040126049353741,0.00436862261909891,0.0869541708884067,0.985878037124383,0.506101864025962,0.00401260492890403,0.00402259739238904,0.00425874650545129,0.00419863733271592,0.00415361676674932,0.999970923453268,0.265160276436155,0.004025133559691,0.00403516553785228,0.00407298770204802,0.00401481204046495,0.0040126049261206,0.016842431685522,0.103177891868535,0.0384769388461807,0.00401260492620876,0.00459000191137335,0.0201082040982189,0.00412225166517047,0.00401260492677226,0.00402849481833699,0.00403896107262831,0.00407228896468975,0.00401260493250342,0.999981149801167,0.0163346190751082,0.00412225154666139,0.00412225163498956,0.00413903560094473,0.999972003535683,0.00402598622722032,0.00405281978980475,0.0238412922433468,0.00402363947331506,0.00403516613428088,0.00405938380145648,0.00403516556653733,0.00909899321881198,0.0356389458212339,0.00401260484399499,0.00401260492755083,0.0626798913096141,0.00529443717532979,0.16992649240638,0.0170170410100851,0.00404435405046897,0.00412026496960437,0.999977545554614,0.0146636052258107,0.00402342948192426,0.00508078874256073,0.184374231438629,0.0130565861537796,0.00451447765027551,0.00401260485367777,0.00403828943298527,0.219226043287914,0.00415625441183674,0.999971672056251,0.00791960680014437,0.154146045120554,0.00973628986663301,0.00433675659165399,0.0555708788936119,0.00401260492759598,0.00470961968215677,0.00536422814371579,0.00401260541460896,0.717258745185374,0.00416070240167182,0.0041402196090123,0.999971830282827,0.00431402040346809,0.999977599844077,0.00401260492396407,0.0646232536465408,0.999975708043304,0.00412654662693352,0.00465901947951896,0.00439494351672395,0.0172740920325898,0.00401420147599337,0.00401260484179913,0.004636689253167,0.00403516556125403,0.00401260490695233,0.00452372706756661,0.33544380397018,0.211716862904275,0.00401260493325753,0.0118065165090483,0.012213396289338,0.00455374674904301,0.00402726591533165,0.00401260609852743,0.631978049767203,0.00413025331221679,0.508146631210825,0.999977050263869,0.0128655674185334,0.503415651330071,0.00439977738856054,0.00402532921255993,0.00413716510205677,0.00401260489187639,0.999973402957133,0.00401260542394088,0.415839637351181,0.00407587703351004,0.00401462339455408,0.999981781196794,0.0040489777617279,0.999980351092978,0.00401260493797682,0.00403516562026053,0.00423649880602103,0.999971891127422,0.00418065349322018,0.00502105065108119,0.00418779420128994,0.343869067900686,0.00421468324604458,0.00431684943989937,0.00412225162483465,0.0109125740053907,0.00423583732983732,0.0311560718951458,0.00438160227086916,0.00402566255385664,0.999957276420207,0.00414850700097513,0.0145843010062565,0.00625652240941575,0.00412225136908153,0.999962772366794,0.00442005630280302,0.00790365012041899,0.330769716509536,0.105249599603028,0.00415517250123562,0.00407232843735866,0.0293426438875524,0.0915936045349037,0.00413277869476731,0.0040169241924818,0.207090138377463,0.00429330115506616,0.233537530215413,0.00434411794112518,0.34132129086138,0.00401260493288262
0.0563368787091302,0.999985805348918,0.63177090693437,0.00415521858345809,0.00540663701409388,0.999988488951958,0.00415521851315566,0.291641595121911,0.15332746932657,0.00588102249767038,0.00415521858599597,0.999989459970237,0.00468944169577239,0.00606067093512031,0.049118988370331,0.0041552185795259,0.00555086786857593,0.242822412074935,0.0252961524886028,0.999984237889811,0.00516073895674421,0.0996282220743766,0.00575063080436109,0.999984097267296,0.999985282535345,0.00415742569108682,0.00415521857674247,0.999989248475079,0.00596304042513562,0.999989255317196,0.00415521857683063,0.462146207133842,0.00430344144171271,0.00426486531579234,0.00415521857739413,0.00601534880879925,0.00418157472325018,0.999988204039745,0.00415521858312529,0.0858503374002644,0.999986379648687,0.00426486519728326,0.00426486528561143,0.00577775757905663,0.00500043548209886,0.00581777260685818,0.999987475118147,0.00429362338295977,0.00416625312393693,0.999985552044011,0.999984844267595,0.999984167234324,0.00426785926306994,0.0548877778376683,0.00415521849461686,0.0041552185781727,0.999988635294542,0.999987682020866,0.00666889266093055,0.00417586635610421,0.999985360980183,0.999987787039568,0.999991225685108,0.999987420736899,0.00561640219187797,0.111870081517213,0.00438781863722548,0.00421483796245373,0.423894224216358,0.00415521850429964,0.999986422815836,0.006047664551738,0.999985181579177,0.00618657334390785,0.382760287681166,0.999990180007051,0.216214796383149,0.99998481425277,0.00422006370100958,0.00415521857821785,0.124954020762697,0.00444806469315153,0.00415521906523083,0.0232928651449324,0.0775143466491052,0.999985201053354,0.00500043526802768,0.999985929701762,0.435683405089107,0.00415521857458594,0.999989969970072,0.0050061264956311,0.0123647134226817,0.638910538516197,0.271065406762877,0.536645007034894,0.00804931444645504,0.004155218492421,0.00426561600597184,0.9999841543476,0.0041552185575742,0.0410280824424677,0.00760148966788029,0.0320639812201346,0.0041552185838794,0.00476661896279191,0.0045104960758253,0.127174467080017,0.00591855964747955,0.0041552197491493,0.999987051039132,0.99998521267801,0.00477818074990671,0.35051884959714,0.999987482100972,0.999991750986855,0.212853829499704,0.00576602423840893,0.0055576061752176,0.00415521854249826,0.00502083461193728,0.00415521907456275,0.999990415837314,0.0136330126083904,0.00907728214760988,0.530873252245452,0.092905680996554,0.0273870346037624,0.00415521858859869,0.999984298273099,0.0043791124566429,0.00500043534320725,0.00561740693259126,0.99998911123487,0.999985471085759,0.0542177461262198,0.999985203956658,0.163996801810556,0.00426486527545652,0.99998847288432,0.00437845098045919,0.549387400827241,0.00528590979091765,0.00579227882053342,0.00554901275749545,0.004291120651597,0.00629146267582274,0.681369402365565,0.0042648650197034,0.00560285031367271,0.999985285286925,0.00416002603297982,0.343360752698159,0.419773101895527,0.0778589046355274,0.0710668726350998,0.0524845642080567,0.123064235531653,0.00450034671572471,0.00932416094522472,0.316986189299911,0.0563429802790078,0.939345878221836,0.00497338721959344,0.999972508111415,0.00415521858350449
0.999984060693246,0.0033363999334743,0.00372305318146093,0.999980344165402,0.0029728650459729,0.0030171831184621,0.99998016244779,0.00318429448092369,0.999983383367286,0.00300230840526341,0.999980350725326,0.32442197996335,0.79773685037476,0.00359427102313044,0.999979133441849,0.999980334001491,0.00297321171454333,0.0291171017706307,0.171899817623175,0.272993754997355,0.00309871837933967,0.999985269873999,0.0029736916409888,0.00300022639888014,0.100801736525427,0.999981459435969,0.999980326806898,0.0151908974947753,0.00301087511841462,0.00305171630155214,0.999980327034774,0.0518436906099523,0.00310992773806606,0.00308731252619833,0.99998032849129,0.00297432805440739,0.9999839265076,0.00302191330603253,0.999980343305183,0.999758881007524,0.04228226335261,0.00308731240768925,0.00308731249601741,0.300383357904414,0.00296342072260098,0.00297385319326682,0.00301095508223988,0.0030963636405485,0.999982138654763,0.00300022699530873,0.0506637165779406,0.00300022642756518,0.999985455569677,0.00309829453489211,0.9999801145287,0.99998033050374,0.0480227358960336,0.297307891038672,0.438017617359699,0.999982634493287,0.0267590809920866,0.219705743939452,0.00337119664667822,0.00300432993303919,0.00297336923349363,0.00302478962992247,0.999985410631306,0.999983762219253,0.99998181548396,0.999980139556751,0.0030032948475553,0.00313206693754859,0.316117775929098,0.00334311786480899,0.00323315857673479,0.00734887422881817,0.00313845538955629,0.00310138252158976,0.999979902424723,0.999980330620457,0.00349512236687422,0.999981827336959,0.999981589451009,0.00326886052119118,0.999984555238098,0.274654023507029,0.00296342065798025,0.71229886591938,0.0031399453320625,0.99998032123268,0.00304536798981267,0.0140000449704863,0.00308949508550823,0.999979952042245,0.204379075053422,0.00325896052470421,0.999982053855855,0.999980108852846,0.0030875488035483,0.00300022642228189,0.999980277260763,0.00340758221664382,0.011588978887411,0.9999830678298,0.999980345254428,0.994308019289889,0.176763251127682,0.999984526364273,0.00297409544064267,0.99998335724266,0.161520975833034,0.248882577529634,0.999981423101384,0.00311202888335409,0.00300548169618027,0.103378582966876,0.00327583350567057,0.00297372884529201,0.302804803986794,0.999980238292499,0.0557518158234111,0.999981613572162,0.00332876743672146,0.999985526545015,0.999983698155418,0.00382231292710493,0.999983012394583,0.0823563172020429,0.999980357452826,0.00300022648128839,0.298538597348753,0.00296342068067438,0.318114967225519,0.0206860953077509,0.00309018416838385,0.00318740303592749,0.185459273642154,0.999985039537281,0.00308731248586251,0.00342191782089368,0.296827960933055,0.00330699150399836,0.952028591247876,0.00297379193770288,0.00344695977805277,0.0709822437333455,0.00314295158092804,0.999983657802489,0.00308731223010939,0.00350017878407893,0.672992500711841,0.999980955206507,0.331776245532871,0.99998141818185,0.999981958114321,0.999983752791748,0.00324340830994808,0.00322219334710141,0.00868280743713153,0.999984800764017,0.00335080802098143,0.113637893635167,0.00371276548698194,0.999984726700488,0.00378108143214711,0.999980344285339
0.0147858121680283,0.00462633262190246,0.0750424645115158,0.00401260176744726,0.00402097163058212,0.00812566350457752,0.00401260169714484,0.043421319362365,0.00408925557835617,0.0666256621881062,0.00401260176998515,0.00434694817511302,0.0869570877685111,0.985896912637706,0.506108379021373,0.00401260176351507,0.00402282682782162,0.00423601217344846,0.00419664053969057,0.00415366168926044,0.999985979909523,0.265162640564517,0.00402539610224471,0.00403516237246332,0.00407298453665906,0.00401480887507599,0.00401260176073165,0.0168317908350037,0.103179098961037,0.0384776374350305,0.00401260176081981,0.00459500844246993,0.0201088481862986,0.00412224849978151,0.0040126017613833,0.00402880123307656,0.00403895790723935,0.00407059587978536,0.00401260176711446,0.999990357986846,0.0163396377370201,0.00412224838127244,0.0041222484696006,0.00413928357712248,0.999981342132312,0.00402625989728192,0.00405291527442557,0.0238420882339394,0.0040236363079261,0.00403516296889192,0.0040593856717255,0.00403516240114837,0.00909903690459574,0.0356431535012328,0.00401260167860603,0.00401260176216187,0.0626804378359633,0.00526534303480343,0.169930065914498,0.0170171597316742,0.00404435088508001,0.00412026180421542,0.99998688037848,0.0146637017116731,0.00402366977848237,0.00508166140161198,0.184375925392467,0.0130566761060929,0.0045138363830364,0.00401260168828882,0.00403826599972102,0.219228968342589,0.00415625124644778,0.999981141040934,0.00792071643610579,0.154143693699183,0.00974180798658975,0.00433928769615275,0.055571359129391,0.00401260176220703,0.00470310534786229,0.00536426808662538,0.00401260224922,0.717267558300668,0.00416060750765883,0.00414021644362334,0.999981168877832,0.00431401723807913,0.999986936837479,0.00401260175857511,0.0646213645708414,0.999985046621285,0.00412577129482404,0.00463864239237065,0.00439767742979411,0.017230517010973,0.00401419831060442,0.00401260167641017,0.00463670700263173,0.00403516239586508,0.00401260174156337,0.0045224373781514,0.335447412048239,0.211718807074032,0.00401260176786858,0.0118068054828052,0.0122137123239337,0.00454359210574082,0.00402755628901821,0.00401260293313848,0.63198727225734,0.00413025014682783,0.508151354820133,0.999986498867919,0.0128656470288481,0.503420330008598,0.00438097999576044,0.00402559430626219,0.00413737643689816,0.00401260172648744,0.9999827413754,0.00401260225855193,0.415832382313362,0.00407581617293144,0.00401462022916512,0.999985223950558,0.00404897459633894,0.99998968907545,0.00401260177258786,0.00403516245487158,0.00423649564063207,0.999981229722998,0.00418086756630795,0.00501281855478266,0.00418429495291251,0.343877018044648,0.004211721843029,0.00431581692456324,0.0041222484594457,0.0108659469702115,0.00423583416444837,0.0311646932259822,0.00438172696586852,0.00402593199878194,0.999981513586426,0.00414850383558617,0.014584721275069,0.00625489374872296,0.00412224820369257,0.999987159267457,0.00442098733117308,0.00790368343758527,0.330777492544135,0.105251521050062,0.00415510397061429,0.00407209082462589,0.029344127455101,0.0915971826324243,0.00413275407287312,0.00401692102709284,0.207095062337752,0.00429620380820481,0.23355289948005,0.0043441964673187,0.341326087580832,0.00401260176749366
0.00499011937519757,0.162015467618571,0.954071666880108,0.00496405054142809,0.00496989787871595,0.0439246004917476,0.00496405047112567,0.0156694391829077,0.00504070435233701,0.0153091073101113,0.00496405054396598,0.363201264828784,0.999972915611704,0.469384934074878,0.172754715934079,0.0049640505374959,0.00497146415218789,0.99997249086777,0.9999782353265,0.00510452922407262,0.245099020486863,0.020608475447935,0.00497363326034182,0.00498661114644415,0.00502443331063989,0.00496625764905682,0.00496405053471248,0.165983912707459,0.00501783890543703,0.0135248532651276,0.00496405053480064,0.0175743642793929,0.999977430162105,0.999974724550755,0.00496405053536413,0.00497650810740595,0.0546234729019673,0.0324531014829912,0.00496405054109529,0.0172538404868857,0.0055890614669745,0.999974486487672,0.999974663922818,0.00508769679922419,0.00501272917653497,0.00497436255702451,0.00517045767532359,0.999975920696822,0.0271376064518904,0.00498661174287275,0.00501077357963298,0.0049866111751292,0.143642178722437,0.100787059751591,0.00496405045258686,0.0049640505361427,0.00502955562099783,0.99997498488523,0.48588248809259,0.00497430545224953,0.00499579965906084,0.00507171057819625,0.00542047968824482,0.00499138590580356,0.0049721758242616,0.00505545866400664,0.0185740566119852,0.0464992318587933,0.12731583166246,0.00496405046226965,0.00526528247250938,0.158754763315492,0.00510770002042861,0.00539924025392604,0.124074953071141,0.0591542947456908,0.0316511149319746,0.0172484330813034,0.0049876777895649,0.00496405053618786,0.927900241826467,0.557609318124447,0.00496405102320083,0.0054089736789781,0.0551047762077656,0.00509166521760417,0.00501272910097254,0.00526546601205996,0.00518924298707395,0.00496405053255594,0.0416162788401237,0.00501842178016411,0.999976257059481,0.726491251797028,0.00531604309543453,0.999937043114881,0.00496564708458525,0.004964050450391,0.999974686247103,0.00498661116984591,0.0049640505155442,0.999972030430568,0.00513702815648625,0.00506593718467079,0.00496405054184941,0.999972764516159,0.999979700197002,0.941649654461107,0.00497545705179563,0.00496405170711931,0.00565031080499192,0.00508169892080866,0.00518397772349869,0.0152324297385757,0.0049924239995951,0.00524299854841943,0.999975942321455,0.00497380062858867,0.00508623254338131,0.00496405050046827,0.0050331435146731,0.00496405103253276,0.26150488090759,0.0358065835794284,0.00496606900314595,0.684275934339641,0.00500042337031977,0.00508655102578955,0.00496405054656869,0.00498661122885241,0.999975974694825,0.00501272912750928,0.0801945002120931,0.119325952338113,0.0694887195419736,0.0245033337714327,0.0626485242338677,0.236820196071765,0.999974643523468,0.985592534304344,0.999975976510952,0.0119850587269228,0.00533163028942028,0.00497408572781029,0.871411768433658,0.99997753480698,0.335581951019118,0.0338349085845593,0.999974129762174,0.999958478548111,0.00536114449119327,0.00496574725540162,0.00566202655320401,0.00545424955869593,0.044155491646734,0.0429177185292628,0.42974247032214,0.242895731807851,0.999977553729649,0.00496836980107367,0.174490571152346,0.0124085257113028,0.23758568774671,0.0769686336201063,0.474458902957685,0.00496405054147449
0.0563369823716563,0.999985297493798,0.631772098049486,0.00415517021431262,0.005406803342602,0.999982862439573,0.0041551701440102,0.291647910696312,0.153326385747002,0.00588412857537262,0.0041551702168505,0.999992610265537,0.00467250704423935,0.00601436808427816,0.049123961611562,0.00415517021038043,0.00555105878801343,0.242831313300688,0.025296888732549,0.999977327653321,0.0051528163628808,0.0996392921211311,0.0057508557828189,0.999977134749774,0.999978320272202,0.00415737732194135,0.00415517020759701,0.99998706547763,0.00596802174407049,0.999985120970934,0.00415517020768517,0.462148368458521,0.00429932778872432,0.00426481694664687,0.00415517020824866,0.00601561892086026,0.00418152635410471,0.999982286420126,0.00415517021397982,0.085897399558695,0.999985235746674,0.00426481682813779,0.00426481691646596,0.00577796757232461,0.00504802811940297,0.00581800903276306,0.999980637190115,0.00428855569221435,0.00416620475479146,0.999978589516392,0.999977887301771,0.999977204716316,0.0042680474638944,0.0548927326423257,0.00415517012547139,0.00415517020902723,0.999984476680483,0.999999124518486,0.00666047790717761,0.00417643958471479,0.999978398517685,0.999980825087294,1.00003189342505,0.999980966488711,0.00561660428472114,0.111870259752236,0.00439633438971059,0.0042151345477155,0.42389228929577,0.00415517013515417,0.999979469759646,0.00605182185705387,0.999978219894878,0.0062342852891678,0.382763969678988,0.999992040802759,0.216219358944684,0.999981585601644,0.00422248057537157,0.00415517020907239,0.124960009202333,0.00444774510311627,0.00415517069608536,0.0233290676929273,0.0775140647169132,0.999978239257586,0.00504802789704758,0.999978969107679,0.435728000428411,0.00415517020544047,0.9999869664195,0.00505371903783141,0.0123649690912037,0.638915592625036,0.271066436807914,0.5366601036043,0.0080492390506505,0.00415517012327553,0.00426543604858429,0.999977191829681,0.00415517018842873,0.0410302227948741,0.00761780585294649,0.0320736719298588,0.00415517021473394,0.00476473358363429,0.00450844021301386,0.127178317578669,0.00591881325727364,0.00415517138000383,1.00001367837172,0.999978250812963,0.00480223792994726,0.350562876882991,0.999980941787859,1.00000866937986,0.212861993827341,0.00576625184136615,0.00555777847363395,0.00415517017335279,0.00506842633963197,0.00415517070541729,1.00000049027903,0.0136329257888704,0.00907719961728142,0.5308721179248,0.0929050166618665,0.0274344691850809,0.00415517021945322,0.999977335754182,0.00437906408749743,0.00504802797513647,0.00561758204798431,0.999986025286672,0.999981399184591,0.0542391425989035,0.99998071052057,0.163996749514365,0.00426481690631105,1.00000258187545,0.00437840261131373,0.549393543063678,0.00528599295841481,0.00579251089982047,0.00545193394943407,0.00429107228245153,0.00629224577215291,0.681365456101236,0.00426481665055793,0.00550431158865174,0.999979325128062,0.00416016371713411,0.343379003463085,0.419776039074648,0.0778584975663197,0.0710664796257551,0.0524831776551085,0.123062079917779,0.00450030679499541,0.00932407671672609,0.316999629710717,0.0563457891881728,0.939362239633288,0.00497342289083476,0.999973859904103,0.00415517021435902
0.00424116144272607,0.579945559141584,0.999989485890271,0.00421577162929794,0.999978692606909,0.00425528895389597,0.00421577155899552,0.999986809369338,0.0452023412599643,0.999976475694974,0.00421577163183582,0.0141635503676445,0.00466938422744481,0.99998607462257,0.00450960656326267,0.00421577162536575,0.999977545953813,0.00439972796284287,0.00439635009831293,0.0319638437014939,0.00433682421477353,0.00435980781016332,0.999975384039982,0.004238332234314,0.00427615439850974,0.0100327566126439,0.00421577162258233,0.00431213783961789,0.99997288086317,0.0681768685922723,0.00421577162267049,0.999987326406622,0.0446264146051608,0.00432541836163219,0.00421577162323398,0.999973664804205,0.00857527537972913,0.027323449216587,0.00421577162896514,0.0046256813359255,0.722544263985789,0.00432541824312311,0.00432541833145128,0.999977423193884,0.00420152655803485,0.999975305727325,0.0288208754233878,0.00433446947598236,0.00422680616977678,0.0042383328307426,0.0185295928527942,0.00423833226299905,0.103131438888841,0.999986366822201,0.00421577154045671,0.00421577162401255,0.00427757412669322,0.999988712707705,0.999973146095691,0.0163100998336308,0.00424752074693069,0.00773418381366598,0.00460930248211209,0.00462020512584713,0.999977032321476,0.999991111530394,0.0122126727273665,0.07749396723993,0.618232264399237,0.00421577155013949,0.012041836448269,0.999978711692057,0.00435942110829846,0.999981335135291,0.999988777543577,0.00431729133820511,0.999981878142639,0.156169098109558,0.00726319910648401,0.00421577162405771,0.999988982541171,0.0474676890323366,0.00421577211107068,0.999988246351767,0.219598464840625,0.00434338630547402,0.00420152649341412,0.0165249867845743,0.00442316971146994,0.00421577162042579,0.0246616641519592,0.00795866068294039,0.00432760092094209,0.0094865500988795,0.999986975160239,0.0311969237085756,0.0042173681724551,0.00421577153826085,0.00432565463898217,0.00423833225771576,0.00421577160341405,0.780987035469879,0.999980308294128,0.00430454152382687,0.00421577162971926,0.289475483381864,0.444862332916087,0.0346946404182826,0.999974501650844,0.00421577279498916,0.316647945729484,0.00433342000867851,0.00473777771407843,0.00867613627821505,0.00942298026592292,0.00474836607858236,0.333050453869802,0.999975803542588,0.99997916740304,0.00421577158833812,0.00422194209757489,0.00421577212040261,0.0955545873930902,0.120258195462665,0.0042177900910158,0.678576424919949,0.00425214445818962,0.0938341881747329,0.00421577163443854,0.00423833231672226,0.00443966550248275,0.00420152651610824,0.999979255831068,0.00429025626206868,0.147675689439123,0.999989242567797,0.0655799261253354,0.245950733350583,0.00432541832129638,0.00466002365632754,0.00443900402629905,0.999987193232715,0.999982318330945,0.999975562470939,0.0341227168916549,0.00435167369743685,0.999973258799496,0.00450584561327437,0.00432541806554325,0.00473828461951279,0.153547831022263,0.00421722260616229,0.999987049931973,0.569294768683884,0.233381454734208,0.0376156047103383,0.99998345088611,0.99998768981333,0.0260667200112379,0.010017532333288,0.999993719212542,0.999989266420627,0.999983642079688,0.767577465977302,0.770189653488344,0.00421577162934434
0.0147857052553013,0.00462592745849502,0.0750675577991467,0.0040125972138275,0.00402065295409176,0.00812864269855854,0.00401259714352508,0.0434113088026176,0.00408925102473641,0.0666246369587831,0.00401259721636538,0.00437135177527439,0.086954058944878,0.985877440971247,0.506101715826403,0.00401259720989531,0.00402247217248753,0.00426160951534465,0.00419888138980709,0.00415358475560288,0.999970526058975,0.265160247968486,0.00402499161535891,0.00403515781884356,0.0040729799830393,0.00401480432145623,0.00401259720711189,0.016843788257796,0.103177728097311,0.0384765317930621,0.00401259720720005,0.00458745740145957,0.0201081726754136,0.00412224394616175,0.00401259720776354,0.00402833071148212,0.00403895335361959,0.00407243148595892,0.0040125972134947,0.999981014531512,0.0163321280122255,0.00412224382765267,0.00412224391598084,0.00413890101497953,0.999971852127349,0.00402583866170382,0.00405275757094611,0.0238412552576141,0.00402363175430634,0.00403515841527216,0.00405937353862912,0.00403515784752861,0.00909898477476019,0.0356369152843551,0.00401259712498627,0.00401259720854211,0.06267987513558,0.0052969139428693,0.169926228380755,0.0170170314162847,0.00404434633146025,0.00412025725059566,0.999977394204311,0.0146635959740268,0.00402329877540435,0.00508034303443895,0.184374197446042,0.0130565767599972,0.00451437136459606,0.00401259713466905,0.00403828427361533,0.21922584637513,0.00415624669282802,0.999971452996886,0.00791780472298049,0.15414649098538,0.0097334911532642,0.00433521721644616,0.0555708637392192,0.00401259720858727,0.00470948921918947,0.00536421884512112,0.00401259769560024,0.71725755846168,0.00416064907477021,0.00414021189000358,0.999971678874519,0.00431401268445937,0.999977448460403,0.00401259720495535,0.0646235395981317,0.999975556635257,0.00412663642519524,0.00466158479193608,0.00439355313208028,0.0172795298960888,0.00401419375698466,0.00401259712279041,0.00463668076779055,0.00403515784224532,0.00401259718794361,0.00452342792195427,0.335443493829771,0.211716825232536,0.00401259721424882,0.011806498087297,0.012213376875592,0.00455501781309357,0.00402710991179317,0.00401259837951872,0.631976263276842,0.00413024559320807,0.508146550787431,0.999976893737373,0.0128655584263189,0.503415571597775,0.00440192357274656,0.00402518597948677,0.00413704902587027,0.00401259717286767,0.999973251551543,0.00401259770493217,0.415840077502382,0.00407587660085188,0.00401461567554536,0.999981027752934,0.00404897004271918,0.99998019969409,0.0040125972189681,0.00403515790125182,0.00423649108701231,0.999971739719105,0.00418053603377807,0.00502208321131646,0.00418791771393348,0.343866470041792,0.00421478094480763,0.00431681797846302,0.00412224390582593,0.0109184701627717,0.00423582961082861,0.0311518366784912,0.00438152996176278,0.00402551712271476,0.999956484028888,0.00414849928196641,0.0145841271293313,0.0062567225255907,0.00412224365007281,0.999961973522361,0.00441957666542358,0.00790364184025771,0.330767276779104,0.105249082444925,0.00415514306624799,0.00407234782394649,0.0293414321461513,0.0915916362358415,0.00413277368550996,0.00401691647347308,0.207086605276586,0.00429179887103053,0.233530825830824,0.00434406895470472,0.341316728342338,0.0040125972138739
0.00424116144272607,0.579945559141584,0.999989485890271,0.00421577162929794,0.999978692606909,0.00425528895389597,0.00421577155899552,0.999986809369338,0.0452023412599643,0.999976475694974,0.00421577163183582,0.0141635503676445,0.00466938422744481,0.99998607462257,0.00450960656326267,0.00421577162536575,0.999977545953813,0.00439972796284287,0.00439635009831293,0.0319638437014939,0.00433682421477353,0.00435980781016332,0.999975384039982,0.004238332234314,0.00427615439850974,0.0100327566126439,0.00421577162258233,0.00431213783961789,0.99997288086317,0.0681768685922723,0.00421577162267049,0.999987326406622,0.0446264146051608,0.00432541836163219,0.00421577162323398,0.999973664804205,0.00857527537972913,0.027323449216587,0.00421577162896514,0.0046256813359255,0.722544263985789,0.00432541824312311,0.00432541833145128,0.999977423193884,0.00420152655803485,0.999975305727325,0.0288208754233878,0.00433446947598236,0.00422680616977678,0.0042383328307426,0.0185295928527942,0.00423833226299905,0.103131438888841,0.999986366822201,0.00421577154045671,0.00421577162401255,0.00427757412669322,0.999988712707705,0.999973146095691,0.0163100998336308,0.00424752074693069,0.00773418381366598,0.00460930248211209,0.00462020512584713,0.999977032321476,0.999991111530394,0.0122126727273665,0.07749396723993,0.618232264399237,0.00421577155013949,0.012041836448269,0.999978711692057,0.00435942110829846,0.999981335135291,0.999988777543577,0.00431729133820511,0.999981878142639,0.156169098109558,0.00726319910648401,0.00421577162405771,0.999988982541171,0.0474676890323366,0.00421577211107068,0.999988246351767,0.219598464840625,0.00434338630547402,0.00420152649341412,0.0165249867845743,0.00442316971146994,0.00421577162042579,0.0246616641519592,0.00795866068294039,0.00432760092094209,0.0094865500988795,0.999986975160239,0.0311969237085756,0.0042173681724551,0.00421577153826085,0.00432565463898217,0.00423833225771576,0.00421577160341405,0.780987035469879,0.999980308294128,0.00430454152382687,0.00421577162971926,0.289475483381864,0.444862332916087,0.0346946404182826,0.999974501650844,0.00421577279498916,0.316647945729484,0.00433342000867851,0.00473777771407843,0.00867613627821505,0.00942298026592292,0.00474836607858236,0.333050453869802,0.999975803542588,0.99997916740304,0.00421577158833812,0.00422194209757489,0.00421577212040261,0.0955545873930902,0.120258195462665,0.0042177900910158,0.678576424919949,0.00425214445818962,0.0938341881747329,0.00421577163443854,0.00423833231672226,0.00443966550248275,0.00420152651610824,0.999979255831068,0.00429025626206868,0.147675689439123,0.999989242567797,0.0655799261253354,0.245950733350583,0.00432541832129638,0.00466002365632754,0.00443900402629905,0.999987193232715,0.999982318330945,0.999975562470939,0.0341227168916549,0.00435167369743685,0.999973258799496,0.00450584561327437,0.00432541806554325,0.00473828461951279,0.153547831022263,0.00421722260616229,0.999987049931973,0.569294768683884,0.233381454734208,0.0376156047103383,0.99998345088611,0.99998768981333,0.0260667200112379,0.010017532333288,0.999993719212542,0.999989266420627,0.999983642079688,0.767577465977302,0.770189653488344,0.00421577162934434
0.999984060693246,0.0033363999334743,0.00372305318146093,0.999980344165402,0.0029728650459729,0.0030171831184621,0.99998016244779,0.00318429448092369,0.999983383367286,0.00300230840526341,0.999980350725326,0.32442197996335,0.79773685037476,0.00359427102313044,0.999979133441849,0.999980334001491,0.00297321171454333,0.0291171017706307,0.171899817623175,0.272993754997355,0.00309871837933967,0.999985269873999,0.0029736916409888,0.00300022639888014,0.100801736525427,0.999981459435969,0.999980326806898,0.0151908974947753,0.00301087511841462,0.00305171630155214,0.999980327034774,0.0518436906099523,0.00310992773806606,0.00308731252619833,0.99998032849129,0.00297432805440739,0.9999839265076,0.00302191330603253,0.999980343305183,0.999758881007524,0.04228226335261,0.00308731240768925,0.00308731249601741,0.300383357904414,0.00296342072260098,0.00297385319326682,0.00301095508223988,0.0030963636405485,0.999982138654763,0.00300022699530873,0.0506637165779406,0.00300022642756518,0.999985455569677,0.00309829453489211,0.9999801145287,0.99998033050374,0.0480227358960336,0.297307891038672,0.438017617359699,0.999982634493287,0.0267590809920866,0.219705743939452,0.00337119664667822,0.00300432993303919,0.00297336923349363,0.00302478962992247,0.999985410631306,0.999983762219253,0.99998181548396,0.999980139556751,0.0030032948475553,0.00313206693754859,0.316117775929098,0.00334311786480899,0.00323315857673479,0.00734887422881817,0.00313845538955629,0.00310138252158976,0.999979902424723,0.999980330620457,0.00349512236687422,0.999981827336959,0.999981589451009,0.00326886052119118,0.999984555238098,0.274654023507029,0.00296342065798025,0.71229886591938,0.0031399453320625,0.99998032123268,0.00304536798981267,0.0140000449704863,0.00308949508550823,0.999979952042245,0.204379075053422,0.00325896052470421,0.999982053855855,0.999980108852846,0.0030875488035483,0.00300022642228189,0.999980277260763,0.00340758221664382,0.011588978887411,0.9999830678298,0.999980345254428,0.994308019289889,0.176763251127682,0.999984526364273,0.00297409544064267,0.99998335724266,0.161520975833034,0.248882577529634,0.999981423101384,0.00311202888335409,0.00300548169618027,0.103378582966876,0.00327583350567057,0.00297372884529201,0.302804803986794,0.999980238292499,0.0557518158234111,0.999981613572162,0.00332876743672146,0.999985526545015,0.999983698155418,0.00382231292710493,0.999983012394583,0.0823563172020429,0.999980357452826,0.00300022648128839,0.298538597348753,0.00296342068067438,0.318114967225519,0.0206860953077509,0.00309018416838385,0.00318740303592749,0.185459273642154,0.999985039537281,0.00308731248586251,0.00342191782089368,0.296827960933055,0.00330699150399836,0.952028591247876,0.00297379193770288,0.00344695977805277,0.0709822437333455,0.00314295158092804,0.999983657802489,0.00308731223010939,0.00350017878407893,0.672992500711841,0.999980955206507,0.331776245532871,0.99998141818185,0.999981958114321,0.999983752791748,0.00324340830994808,0.00322219334710141,0.00868280743713153,0.999984800764017,0.00335080802098143,0.113637893635167,0.00371276548698194,0.999984726700488,0.00378108143214711,0.999980344285339
0.00499018237489447,0.16202061154843,0.954070246992511,0.00496407936503941,0.00497024785961581,0.0439242864395196,0.00496407929473699,0.0156793776617159,0.00504073317594833,0.015309716671561,0.0049640793675773,0.363198351188453,0.999968811314719,0.469380888838239,0.172754634333472,0.00496407936110723,0.00497185091763602,0.999967510765753,0.999975007701446,0.00510463204858888,0.245097984944271,0.0206092234651434,0.00497407097326155,0.00498663997005548,0.00502446213425122,0.00496628647266815,0.0049640793583238,0.165982509714634,0.00501861471885926,0.0135263251618118,0.00496407935841196,0.0175820882045312,0.999974118360905,0.999971665195576,0.00496407935897546,0.00497701333380516,0.0546233476642417,0.0324531448595652,0.00496407936470662,0.017256986817437,0.00559668718380028,0.999971427133231,0.999971604567828,0.00508811209642184,0.0050159250421964,0.00497481739370411,0.00517065569851136,0.999972549599927,0.0271375664829017,0.00498664056648407,0.00501081015245452,0.00498663999874052,0.143641793157781,0.100793050220322,0.00496407927619818,0.00496407935975403,0.00502977080097811,0.999974036149982,0.485880992925832,0.00497437559795663,0.00499582848267217,0.00507173940180757,0.00542367427486468,0.00499144851315963,0.00497257930354246,0.00505682438017698,0.0185746130021953,0.0464991551640462,0.127316116020427,0.00496407928588097,0.00526530872783317,0.158754996780833,0.00510772884403994,0.00540264114004752,0.124081076698758,0.0591543074051563,0.0316595937477861,0.0172532897706743,0.00498787049573106,0.00496407935979918,0.927900485303736,0.557607615592209,0.00496407984681216,0.00541454748118233,0.0551048616372049,0.0050916940412155,0.00501592496608325,0.00526549483567129,0.00519243830920984,0.00496407935616726,0.0416162032179247,0.0050216176395033,0.999973132451409,0.726487321052912,0.00532028392003825,0.999930500630305,0.00496567590819657,0.00496407927400233,0.999971618718967,0.00498663999345723,0.00496407933915553,0.99997060592492,0.00513888605108306,0.00506662619340365,0.00496407936546073,0.999969592595422,0.999976516867365,0.941645931991916,0.00497593759314024,0.00496408053073063,0.00565747725814813,0.00508172774441999,0.00518560901720043,0.0152355239368974,0.00499248088580678,0.00524461460969788,0.999972138439863,0.00497424226738789,0.00508659145441855,0.00496407932407959,0.00503633931986622,0.00496407985614408,0.261507440721208,0.0358065119877849,0.00496609782675728,0.684279449713164,0.0050004521939311,0.00508974668323971,0.00496407937018002,0.00498664005246373,0.99997291569039,0.0050159249928134,0.0801946303353067,0.119324932372517,0.069489444210553,0.0245122242400541,0.06264915403041,0.236820009296314,0.99997158416854,0.985585519387563,0.999972917504458,0.0119980024538055,0.00533185587322336,0.0049745340625651,0.871403190468781,0.999974475524575,0.335581488745975,0.033834711620698,0.999971070408841,0.999949410041739,0.0053626109151872,0.00496578844732058,0.0056703574209722,0.00545610635149793,0.0441555087831555,0.0429176195223442,0.429745121839391,0.242901223787908,0.999974492584918,0.00496839862468499,0.174502706752767,0.012413106198075,0.237605918671953,0.0769685656797829,0.474474157004241,0.00496407936508581
0.0563368689523715,0.999986057188551,0.63177094645504,0.00415522361244489,0.00540662012455557,0.999989269793343,0.00415522354214247,0.291640969891157,0.153327612092134,0.00588064579295306,0.00415522361498278,0.999989312177784,0.00469131373124569,0.00606544219293473,0.0491182018837455,0.00415522360851271,0.00555084846854487,0.242821512451345,0.0252960782163141,0.999985157434067,0.00516117276942015,0.0996268661657106,0.00575060792723805,0.999985022235951,0.999986207470154,0.00415743072007363,0.00415522360572928,0.999989662486515,0.00596243537195451,0.999989856392164,0.00415522360581744,0.462146078440883,0.00430389774031003,0.00426487034477915,0.00415522360638094,0.00601532132397789,0.00418157975223699,0.999989018663659,0.0041552236121121,0.0858445797816573,0.999986692811757,0.00426487022627007,0.00426487031459824,0.00577773623177452,0.00499460612343795,0.00581774856106304,0.999988387199375,0.00429418558499096,0.00416625815292374,0.999986477014009,0.99998576865798,0.999985092203044,0.00426783530542455,0.0548872527438775,0.00415522352360367,0.00415522360715951,0.999989216875019,0.999986663834114,0.00666976869638694,0.00417579526070701,0.999986285941517,0.999988711933015,0.999986317492606,0.999988283459279,0.00561638165115176,0.111870084493498,0.00438677428089623,0.00421479992463442,0.42389450929896,0.00415522353328645,0.999987346780746,0.00604709870642562,0.99998610643697,0.00618073218357603,0.382759978410395,0.99999005213803,0.216214365341486,0.999985352636887,0.00421976682230508,0.00415522360720466,0.124953415382195,0.00444809983158819,0.00415522409421764,0.023288475733412,0.0775143906167929,0.999986125925978,0.00499460591038131,0.999986854414499,0.435677974439692,0.00415522360357275,0.999990428407256,0.00500029714861714,0.0123646877178303,0.638910121088747,0.271065355487784,0.536643513901255,0.00804932307138663,0.00415522352140781,0.00426563564316077,0.999985079316307,0.00415522358656101,0.0410278656899749,0.00759950116644773,0.0320627955779882,0.00415522361286621,0.0047668279212995,0.00451072396165436,0.127174081511155,0.00591853384737783,0.00415522477813611,0.999983930906563,0.999986137559852,0.0047752336767258,0.350513471128529,0.999988355363385,0.99998975131624,0.212853004129751,0.00576600109335023,0.00555758867621021,0.00415522357148507,0.00501500536467229,0.00415522410354956,0.999989303148687,0.0136330234794506,0.0090772917218025,0.530873096680576,0.0929057679808454,0.0273812262415734,0.0041552236175855,0.99998522324194,0.00437911748562971,0.00499460598520458,0.00561738914599817,0.999989624350481,0.999986091850818,0.0542152354519168,0.999985869098822,0.163996838350344,0.00426487030444333,0.999987164851886,0.004378456009446,0.549386857085804,0.00528590139130309,0.00579225521848534,0.00555950514857929,0.00429112568058381,0.00629137270475299,0.681369946539018,0.00426487004869021,0.00561350743145647,0.999986106645726,0.00416000827682511,0.343358638465116,0.419772791910156,0.0778589617282571,0.0710669267635209,0.0524847522030481,0.123064509633159,0.00450035089069808,0.00932417074536188,0.316984726758899,0.0563427008243813,0.93934419351002,0.00497338366888085,0.999972502756623,0.0041552236124913
0.00499026549723105,0.162005691047546,0.954068466291965,0.00496400723483354,0.0049692905892714,0.0439248353715351,0.00496400716453112,0.0156528106545829,0.00504066104574246,0.0153094666929099,0.00496400723737143,0.363203200295225,0.999977194681374,0.469394930141428,0.172762468031192,0.00496400723090136,0.00497079226556585,0.999977615990865,0.999983177353193,0.00510435596482634,0.245112137279623,0.0206130323980936,0.0049728719050972,0.00498656783984961,0.00502439000404534,0.00496621434246228,0.00496400722811793,0.165984903041041,0.00501878417702885,0.0135229834362498,0.00496400722820609,0.0175607998682457,0.999982149900233,0.999979649307549,0.00496400722876958,0.00497562819204787,0.0546236774393416,0.0324527609260387,0.00496400723450074,0.0172714028510273,0.00557594752093162,0.999979411243278,0.99997958867931,0.0050869748081269,0.00503023991161264,0.00497357113082328,0.00517011544270725,0.999980592409824,0.0271376738144057,0.0049865684362782,0.00501071666468569,0.00498656786853465,0.143642914948178,0.1007770914102,0.00496400714599231,0.00496400722954816,0.00503054523642162,0.999971705144745,0.485885237646264,0.00497449118264908,0.0049957563524663,0.0050716672716017,0.00543798333394742,0.00499152985319989,0.00497147458655412,0.00505309009497292,0.0185772523477762,0.0464995456075041,0.127315128812951,0.0049640071556751,0.00526524072113892,0.158757942510272,0.00510765671383407,0.00541638194017594,0.124063765206457,0.0591571876413246,0.0316362996782585,0.0172398134640597,0.00498854283882777,0.00496400722959331,0.927898142766264,0.557612019271119,0.00496400771660629,0.00541573684532445,0.0551045767556255,0.00509162191100962,0.00503023983299777,0.00526542270546541,0.00520675070953926,0.00496400722596139,0.0416174339457343,0.00503593248019936,0.99998118863236,0.726494988435855,0.0053086031131029,0.999941649160201,0.0049656037779907,0.00496400714379645,0.999979604337365,0.00498656786325136,0.00496400720894966,0.999973737630291,0.00514146139385439,0.00506955310234653,0.00496400723525486,0.999977593890741,0.999984522220883,0.941654352490388,0.00497462048574936,0.00496400840052476,0.00565229179609689,0.00508165561421411,0.00519281646718977,0.0152498626927871,0.00499253623626405,0.00525175286298418,0.999979470538506,0.00497303237912498,0.00508560957176324,0.00496400719387372,0.00505065391459158,0.00496400772593821,0.261505085345232,0.0358066944801689,0.0049660256965514,0.684277965396898,0.00500038006372523,0.00510406060680951,0.00496400723997415,0.00498656792225786,0.999980898887366,0.00503023986060649,0.0801942446786645,0.119326567425963,0.0694868225495657,0.0244955265535152,0.0626468875709789,0.236820225153166,0.999979568279858,0.985597803013507,0.999980900706806,0.0119628917146168,0.00533124145315017,0.00497330571960954,0.871419028309037,0.999982459446701,0.335582859896282,0.0338350507891834,0.999979054516,0.999966232433768,0.00535857662112192,0.00496577250292925,0.00565497087285183,0.00545333430362819,0.04415543083774,0.0429178487272087,0.429736540917174,0.242885150852695,0.999982478637789,0.00496832649447912,0.17447185480692,0.0124004761369992,0.237554840467736,0.0769687274561382,0.474432262883648,0.00496400723487994
0.00424116144272607,0.579945559141584,0.999989485890271,0.00421577162929794,0.999978692606909,0.00425528895389597,0.00421577155899552,0.999986809369338,0.0452023412599643,0.999976475694974,0.00421577163183582,0.0141635503676445,0.00466938422744481,0.99998607462257,0.00450960656326267,0.00421577162536575,0.999977545953813,0.00439972796284287,0.00439635009831293,0.0319638437014939,0.00433682421477353,0.00435980781016332,0.999975384039982,0.004238332234314,0.00427615439850974,0.0100327566126439,0.00421577162258233,0.00431213783961789,0.99997288086317,0.0681768685922723,0.00421577162267049,0.999987326406622,0.0446264146051608,0.00432541836163219,0.00421577162323398,0.999973664804205,0.00857527537972913,0.027323449216587,0.00421577162896514,0.0046256813359255,0.722544263985789,0.00432541824312311,0.00432541833145128,0.999977423193884,0.00420152655803485,0.999975305727325,0.0288208754233878,0.00433446947598236,0.00422680616977678,0.0042383328307426,0.0185295928527942,0.00423833226299905,0.103131438888841,0.999986366822201,0.00421577154045671,0.00421577162401255,0.00427757412669322,0.999988712707705,0.999973146095691,0.0163100998336308,0.00424752074693069,0.00773418381366598,0.00460930248211209,0.00462020512584713,0.999977032321476,0.999991111530394,0.0122126727273665,0.07749396723993,0.618232264399237,0.00421577155013949,0.012041836448269,0.999978711692057,0.00435942110829846,0.999981335135291,0.999988777543577,0.00431729133820511,0.999981878142639,0.156169098109558,0.00726319910648401,0.00421577162405771,0.999988982541171,0.0474676890323366,0.00421577211107068,0.999988246351767,0.219598464840625,0.00434338630547402,0.00420152649341412,0.0165249867845743,0.00442316971146994,0.00421577162042579,0.0246616641519592,0.00795866068294039,0.00432760092094209,0.0094865500988795,0.999986975160239,0.0311969237085756,0.0042173681724551,0.00421577153826085,0.00432565463898217,0.00423833225771576,0.00421577160341405,0.780987035469879,0.999980308294128,0.00430454152382687,0.00421577162971926,0.289475483381864,0.444862332916087,0.0346946404182826,0.999974501650844,0.00421577279498916,0.316647945729484,0.00433342000867851,0.00473777771407843,0.00867613627821505,0.00942298026592292,0.00474836607858236,0.333050453869802,0.999975803542588,0.99997916740304,0.00421577158833812,0.00422194209757489,0.00421577212040261,0.0955545873930902,0.120258195462665,0.0042177900910158,0.678576424919949,0.00425214445818962,0.0938341881747329,0.00421577163443854,0.00423833231672226,0.00443966550248275,0.00420152651610824,0.999979255831068,0.00429025626206868,0.147675689439123,0.999989242567797,0.0655799261253354,0.245950733350583,0.00432541832129638,0.00466002365632754,0.00443900402629905,0.999987193232715,0.999982318330945,0.999975562470939,0.0341227168916549,0.00435167369743685,0.999973258799496,0.00450584561327437,0.00432541806554325,0.00473828461951279,0.153547831022263,0.00421722260616229,0.999987049931973,0.569294768683884,0.233381454734208,0.0376156047103383,0.99998345088611,0.99998768981333,0.0260667200112379,0.010017532333288,0.999993719212542,0.999989266420627,0.999983642079688,0.767577465977302,0.770189653488344,0.00421577162934434
0.0147856836964353,0.00463338931638641,0.0750728109414324,0.00401263676985563,0.00402108189095708,0.00812872745544604,0.00401263669955321,0.0434230450238412,0.00408929058076454,0.0666248256675853,0.00401263677239351,0.00437198438697391,0.0869526584792557,0.985867678038039,0.506098032297078,0.00401263676592344,0.00402294570805483,0.0042622711319133,0.00419897550339956,0.00415371403257257,0.999962315736537,0.265158771379797,0.00402552692118601,0.00403519737487169,0.00407301953906743,0.00401484387748436,0.00401263676314002,0.0168440109655189,0.103177727608813,0.0384780966980974,0.00401263676322818,0.00459687431222365,0.02010789638751,0.00412228350218988,0.00401263676379167,0.00402894787269939,0.00403899290964772,0.00407283298714467,0.00401263676952283,0.99997539597812,0.0163412671759268,0.00412228338368081,0.00412228347200897,0.00413940914330531,0.999966228265928,0.00402639472889673,0.00405300449866418,0.0238409048446205,0.00402367131033447,0.00403519797130029,0.00405942249003475,0.00403519740355674,0.00909899595193138,0.0356442822226175,0.0040126366810144,0.00401263676457024,0.0626795814425085,0.00530369290502245,0.169925140176384,0.0170169970786687,0.00404438588748838,0.00412029680662379,0.999971772630117,0.0146635751167587,0.00402379257532938,0.00508199425060732,0.184373209072127,0.0130565612139167,0.00451532357116323,0.00401263669069719,0.00403832438429363,0.219224847689842,0.00415628624885615,0.999966081414019,0.00792607681573244,0.154145775352488,0.00974384008856627,0.00434124153574541,0.0555706102346229,0.0040126367646154,0.00471442913336937,0.00536423737018524,0.00401263725162837,0.717257519411446,0.00416097691889822,0.00414025144603171,0.999966055014082,0.0043140522404875,0.999971825570933,0.00401263676098348,0.0646233393189431,0.999969932785141,0.00412669711231865,0.00466218190020063,0.00439869944585988,0.0172810418647458,0.00401423331301279,0.00401263667881854,0.00463671012022565,0.00403519739827345,0.00401263674397174,0.00452577073729084,0.335442590109432,0.211715684222005,0.00401263677027695,0.0118063951087341,0.012213260697396,0.00455535142123387,0.00402769714410156,0.00401263793554685,0.631978971406268,0.0041302851492362,0.508143724749341,0.999971221980743,0.0128655477998051,0.503412772798847,0.00440357488486318,0.00402572604516923,0.00413748878990499,0.00401263672889581,0.999967627798253,0.0040126372609603,0.415842547154747,0.00407591773576513,0.00401465523157349,0.99998224106172,0.00404900959874731,0.999974576205,0.00401263677499623,0.00403519745727995,0.00423653064304044,0.999966115858323,0.00418098090674961,0.00502234252214912,0.00418960339717596,0.343874136743389,0.00421624149053498,0.00431765390685276,0.00412228346185407,0.0109197045955413,0.00423586916685674,0.0311673153514087,0.00438180807581505,0.00402606530677685,0.99994412103908,0.00414853883799454,0.0145847157404916,0.00625679331232574,0.00412228320610094,0.999949542864231,0.00442135921175742,0.00790365927883739,0.330774271144926,0.105250377038149,0.00415533416962921,0.00407240630211084,0.0293464974591324,0.0915990836337446,0.00413281382871628,0.00401695602950121,0.20710096427401,0.00429739322154905,0.233554150905901,0.0043442609284031,0.341336264772105,0.00401263676990203
0.999984060693246,0.0033363999334743,0.00372305318146093,0.999980344165402,0.0029728650459729,0.0030171831184621,0.99998016244779,0.00318429448092369,0.999983383367286,0.00300230840526341,0.999980350725326,0.32442197996335,0.79773685037476,0.00359427102313044,0.999979133441849,0.999980334001491,0.00297321171454333,0.0291171017706307,0.171899817623175,0.272993754997355,0.00309871837933967,0.999985269873999,0.0029736916409888,0.00300022639888014,0.100801736525427,0.999981459435969,0.999980326806898,0.0151908974947753,0.00301087511841462,0.00305171630155214,0.999980327034774,0.0518436906099523,0.00310992773806606,0.00308731252619833,0.99998032849129,0.00297432805440739,0.9999839265076,0.00302191330603253,0.999980343305183,0.999758881007524,0.04228226335261,0.00308731240768925,0.00308731249601741,0.300383357904414,0.00296342072260098,0.00297385319326682,0.00301095508223988,0.0030963636405485,0.999982138654763,0.00300022699530873,0.0506637165779406,0.00300022642756518,0.999985455569677,0.00309829453489211,0.9999801145287,0.99998033050374,0.0480227358960336,0.297307891038672,0.438017617359699,0.999982634493287,0.0267590809920866,0.219705743939452,0.00337119664667822,0.00300432993303919,0.00297336923349363,0.00302478962992247,0.999985410631306,0.999983762219253,0.99998181548396,0.999980139556751,0.0030032948475553,0.00313206693754859,0.316117775929098,0.00334311786480899,0.00323315857673479,0.00734887422881817,0.00313845538955629,0.00310138252158976,0.999979902424723,0.999980330620457,0.00349512236687422,0.999981827336959,0.999981589451009,0.00326886052119118,0.999984555238098,0.274654023507029,0.00296342065798025,0.71229886591938,0.0031399453320625,0.99998032123268,0.00304536798981267,0.0140000449704863,0.00308949508550823,0.999979952042245,0.204379075053422,0.00325896052470421,0.999982053855855,0.999980108852846,0.0030875488035483,0.00300022642228189,0.999980277260763,0.00340758221664382,0.011588978887411,0.9999830678298,0.999980345254428,0.994308019289889,0.176763251127682,0.999984526364273,0.00297409544064267,0.99998335724266,0.161520975833034,0.248882577529634,0.999981423101384,0.00311202888335409,0.00300548169618027,0.103378582966876,0.00327583350567057,0.00297372884529201,0.302804803986794,0.999980238292499,0.0557518158234111,0.999981613572162,0.00332876743672146,0.999985526545015,0.999983698155418,0.00382231292710493,0.999983012394583,0.0823563172020429,0.999980357452826,0.00300022648128839,0.298538597348753,0.00296342068067438,0.318114967225519,0.0206860953077509,0.00309018416838385,0.00318740303592749,0.185459273642154,0.999985039537281,0.00308731248586251,0.00342191782089368,0.296827960933055,0.00330699150399836,0.952028591247876,0.00297379193770288,0.00344695977805277,0.0709822437333455,0.00314295158092804,0.999983657802489,0.00308731223010939,0.00350017878407893,0.672992500711841,0.999980955206507,0.331776245532871,0.99998141818185,0.999981958114321,0.999983752791748,0.00324340830994808,0.00322219334710141,0.00868280743713153,0.999984800764017,0.00335080802098143,0.113637893635167,0.00371276548698194,0.999984726700488,0.00378108143214711,0.999980344285339
0.0563368110206753,0.999987751662817,0.631771775730556,0.00415524332815681,0.00540655959826284,0.999992951031022,0.00415524325785439,0.291638681289753,0.153328270019122,0.00587886844191391,0.0041552433306947,0.999989212009907,0.00469938659904394,0.00608435714898086,0.0491136563302149,0.00415524332422462,0.00555077875153469,0.242817957394189,0.0252957845975863,0.999989419527298,0.00516092682562328,0.099620342600204,0.00575052548086628,0.999989304551193,0.99999048962857,0.00415745043578554,0.0041552433214412,0.99999183836546,0.00595957263963028,0.999992715738146,0.00415524332152936,0.462145992376498,0.00430587256977837,0.00426489006049106,0.00415524332209285,0.00601522200918331,0.0041815994679489,0.99999285712027,0.00415524332782401,0.0858170547375638,0.999988632223666,0.00426488994198199,0.00426489003031015,0.00577765938603067,0.00496674514560466,0.00581766183627422,0.999992621469463,0.00429661923745564,0.00416627786863565,0.999990759335476,0.999990048808181,0.999989374518585,0.00426771643864509,0.0548851925683149,0.00415524323931558,0.00415524332287142,0.999991858258186,0.999983137940693,0.00667329526995008,0.00417545120206073,0.999990568222836,0.999992993899779,0.999962725139271,0.999992268320592,0.00561630775814592,0.111870182416352,0.00438177683318977,0.00421461028603413,0.423895905119699,0.00415524324899837,0.999991624995205,0.00604415601434647,0.999990388238527,0.00615283054361591,0.382759074674498,0.99998942794511,0.216212925093918,0.999988188377465,0.0042183438166333,0.00415524332291658,0.124951105969109,0.0044482500070971,0.00415524380992955,0.0232677451708426,0.0775146127650136,0.999990407796256,0.00496674493739615,0.999991135543932,0.435651961052062,0.00415524331928466,0.999992564307471,0.00497243622644095,0.0123645859852808,0.638908736335583,0.271065393913689,0.536637738596446,0.00804935944913961,0.00415524323711972,0.00426571865405382,0.999989361631794,0.00415524330227292,0.0410270475880905,0.0075900536033795,0.0320571217472577,0.00415524332857813,0.0047677312086192,0.00451170926381539,0.127172568018232,0.00591844070020993,0.00415524449384803,0.999969278127076,0.999990419472841,0.00476114622972894,0.350487670512825,0.99999239059212,0.999980057792145,0.212849761222425,0.00576591766608701,0.00555752591869884,0.00415524328719699,0.0049871449191649,0.00415524381926148,0.999984156571637,0.0136330718308077,0.0090773324980174,0.53087100775139,0.0929061674417243,0.0273534626079051,0.00415524333329741,0.999989505558042,0.00437913720134162,0.00496674501051681,0.00561732533565807,0.999992220881906,0.999989165404659,0.0542038404015502,0.999989119307118,0.163997084478966,0.00426489002015525,0.99998233814391,0.00437847572515792,0.549385159943991,0.00528587194595659,0.00579217011821977,0.00560360892916127,0.00429114539629573,0.00629097668186227,0.681372506002316,0.00426488976440212,0.00565833760633848,0.999990004308065,0.00415991910955113,0.343349043569134,0.419771366423224,0.0778592346869236,0.0710671812023669,0.0524857953995902,0.123065945182677,0.00450036723167862,0.00932421256850533,0.316978642966057,0.0563417083005516,0.939337489799986,0.00497337197498491,0.999973088922122,0.00415524332820321
0.999984060693246,0.0033363999334743,0.00372305318146093,0.999980344165402,0.0029728650459729,0.0030171831184621,0.99998016244779,0.00318429448092369,0.999983383367286,0.00300230840526341,0.999980350725326,0.32442197996335,0.79773685037476,0.00359427102313044,0.999979133441849,0.999980334001492,0.00297321171454333,0.0291171017706308,0.171899817623175,0.272993754997355,0.00309871837933967,0.999985269873999,0.0029736916409888,0.00300022639888014,0.100801736525427,0.999981459435969,0.999980326806898,0.0151908974947753,0.00301087511841462,0.00305171630155214,0.999980327034774,0.0518436906099523,0.00310992773806606,0.00308731252619833,0.999980328491291,0.00297432805440739,0.9999839265076,0.00302191330603253,0.999980343305183,0.999758881007524,0.0422822633526101,0.00308731240768925,0.00308731249601741,0.300383357904414,0.00296342072260098,0.00297385319326682,0.00301095508223988,0.0030963636405485,0.999982138654763,0.00300022699530873,0.0506637165779406,0.00300022642756518,0.999985455569677,0.00309829453489211,0.9999801145287,0.99998033050374,0.0480227358960337,0.297307891038672,0.438017617359699,0.999982634493288,0.0267590809920866,0.219705743939452,0.00337119664667822,0.00300432993303919,0.00297336923349363,0.00302478962992247,0.999985410631306,0.999983762219253,0.99998181548396,0.999980139556751,0.0030032948475553,0.00313206693754859,0.316117775929098,0.00334311786480899,0.00323315857673479,0.00734887422881817,0.00313845538955629,0.00310138252158976,0.999979902424723,0.999980330620457,0.00349512236687422,0.999981827336959,0.999981589451009,0.00326886052119118,0.999984555238098,0.274654023507029,0.00296342065798025,0.71229886591938,0.0031399453320625,0.999980321232681,0.00304536798981267,0.0140000449704863,0.00308949508550823,0.999979952042245,0.204379075053422,0.00325896052470421,0.999982053855855,0.999980108852846,0.0030875488035483,0.00300022642228189,0.999980277260763,0.00340758221664382,0.011588978887411,0.9999830678298,0.999980345254428,0.994308019289889,0.176763251127682,0.999984526364273,0.00297409544064267,0.99998335724266,0.161520975833034,0.248882577529634,0.999981423101384,0.00311202888335409,0.00300548169618028,0.103378582966876,0.00327583350567057,0.00297372884529201,0.302804803986794,0.999980238292499,0.0557518158234111,0.999981613572162,0.00332876743672146,0.999985526545015,0.999983698155418,0.00382231292710493,0.999983012394583,0.0823563172020429,0.999980357452826,0.00300022648128839,0.298538597348753,0.00296342068067438,0.318114967225519,0.0206860953077509,0.00309018416838385,0.00318740303592749,0.185459273642154,0.999985039537281,0.00308731248586251,0.00342191782089368,0.296827960933056,0.00330699150399836,0.952028591247876,0.00297379193770288,0.00344695977805277,0.0709822437333455,0.00314295158092804,0.999983657802489,0.00308731223010939,0.00350017878407893,0.672992500711841,0.999980955206507,0.331776245532871,0.99998141818185,0.999981958114321,0.999983752791748,0.00324340830994808,0.00322219334710141,0.00868280743713153,0.999984800764017,0.00335080802098143,0.113637893635167,0.00371276548698194,0.999984726700488,0.00378108143214711,0.999980344285339
0.0147857722807521,0.00462614194929024,0.0750522326742746,0.00401260031054203,0.00402084602578947,0.00812682507828143,0.00401260024023961,0.0434173708743627,0.00408925412145094,0.0666252692590174,0.00401260031307991,0.00435645575179517,0.0869559302652037,0.985889508146433,0.506105860965831,0.00401260030660984,0.00402268700344212,0.00424598481317278,0.00419751385683572,0.00415363162625987,0.999980123191229,0.26516174432122,0.00402523658340024,0.00403516091555809,0.00407298307975383,0.00401480741817076,0.00401260030382642,0.0168364673426365,0.10317857617585,0.0384772038925998,0.00401260030391458,0.0045920243549034,0.0201085900469451,0.00412224704287628,0.00401260030447807,0.00402861561594272,0.00403895645033412,0.00407130990549261,0.00401260031020923,0.999986852293969,0.0163366722732053,0.0041222469243672,0.00412224701269537,0.00413913272339208,0.999977779395673,0.00402609375900613,0.00405285321133466,0.0238417698543858,0.00402363485102087,0.00403516151198669,0.00405938121925357,0.00403516094424314,0.00909901758383549,0.035640693781887,0.0040126002217008,0.00401260030525664,0.0626802268247959,0.00527761624809073,0.169928599605039,0.0170171118088427,0.00404434942817478,0.00412026034731018,0.999983319080098,0.0146636622655768,0.00402352349313469,0.00508114088043731,0.184375276834861,0.013056638975479,0.00451404110891177,0.00401260023138358,0.00403827343605695,0.219227782528078,0.00415624978954255,0.999977499961994,0.00791954574646256,0.154144804054052,0.00973852194217087,0.00433767508762198,0.0555711733896085,0.00401260030530179,0.00470557155930287,0.0053642495335586,0.00401260079231477,0.717263740742312,0.00416062273799447,0.00414021498671811,0.999977606141812,0.0043140157811739,0.999983374712024,0.00401260030166988,0.0646222202692811,0.999981483891754,0.00412610865315058,0.00464758070823654,0.00439604776439519,0.0172496130324654,0.00401419685369918,0.00401260021950494,0.00463669725118161,0.00403516093895984,0.00401260028465814,0.00452281343163463,0.335445926217085,0.211718063251267,0.00401260031096335,0.0118066881688832,0.0122135842777466,0.00454804362628524,0.00402738021424099,0.00401260147623324,0.631983039755709,0.0041302486899226,0.50814955141549,0.999982891856481,0.012865614016072,0.503418543732531,0.00438913468373404,0.00402543326981353,0.00413724738003473,0.0040126002695822,0.999979178706756,0.0040126008016467,0.415835420101392,0.00407584003181428,0.00401461877225989,0.999983712959868,0.00404897313943371,0.99998612657294,0.00401260031568263,0.00403516099796635,0.00423649418372684,0.99997766698676,0.00418073688054127,0.00501642836530551,0.00418569969272211,0.343872911332368,0.00421290793300691,0.0043162037939717,0.00412224700254046,0.0108864109163331,0.00423583270754313,0.0311596175684876,0.0043816494485312,0.00402576837391705,0.999971973578463,0.00414850237868094,0.0145844887558429,0.0062556068234045,0.00412224674678734,0.999977559178383,0.00442043014952853,0.00790366807274871,0.330773516803695,0.105250576577806,0.00415511884765174,0.00407219120859575,0.0293430598909031,0.0915950020085882,0.00413276203076213,0.00401691957018761,0.207091727351357,0.00429446278157177,0.233544219923269,0.00434414641446328,0.341322399664369,0.00401260031058843
0.00424116144272607,0.579945559141584,0.999989485890271,0.00421577162929794,0.999978692606909,0.00425528895389597,0.00421577155899552,0.999986809369338,0.0452023412599643,0.999976475694974,0.00421577163183582,0.0141635503676445,0.00466938422744481,0.99998607462257,0.00450960656326267,0.00421577162536575,0.999977545953813,0.00439972796284287,0.00439635009831293,0.0319638437014939,0.00433682421477353,0.00435980781016332,0.999975384039982,0.004238332234314,0.00427615439850974,0.0100327566126439,0.00421577162258233,0.00431213783961789,0.99997288086317,0.0681768685922723,0.00421577162267049,0.999987326406622,0.0446264146051608,0.00432541836163219,0.00421577162323398,0.999973664804205,0.00857527537972913,0.027323449216587,0.00421577162896514,0.0046256813359255,0.722544263985789,0.00432541824312311,0.00432541833145128,0.999977423193884,0.00420152655803485,0.999975305727325,0.0288208754233878,0.00433446947598236,0.00422680616977678,0.0042383328307426,0.0185295928527942,0.00423833226299905,0.103131438888841,0.999986366822201,0.00421577154045671,0.00421577162401255,0.00427757412669322,0.999988712707705,0.999973146095691,0.0163100998336308,0.00424752074693069,0.00773418381366598,0.00460930248211209,0.00462020512584713,0.999977032321476,0.999991111530394,0.0122126727273665,0.07749396723993,0.618232264399237,0.00421577155013949,0.012041836448269,0.999978711692057,0.00435942110829846,0.999981335135291,0.999988777543577,0.00431729133820511,0.999981878142639,0.156169098109558,0.00726319910648401,0.00421577162405771,0.999988982541171,0.0474676890323366,0.00421577211107068,0.999988246351767,0.219598464840625,0.00434338630547402,0.00420152649341412,0.0165249867845743,0.00442316971146994,0.00421577162042579,0.0246616641519592,0.00795866068294039,0.00432760092094209,0.0094865500988795,0.999986975160239,0.0311969237085756,0.0042173681724551,0.00421577153826085,0.00432565463898217,0.00423833225771576,0.00421577160341405,0.780987035469879,0.999980308294128,0.00430454152382687,0.00421577162971926,0.289475483381864,0.444862332916087,0.0346946404182826,0.999974501650844,0.00421577279498916,0.316647945729484,0.00433342000867851,0.00473777771407843,0.00867613627821505,0.00942298026592292,0.00474836607858236,0.333050453869802,0.999975803542588,0.99997916740304,0.00421577158833812,0.00422194209757489,0.00421577212040261,0.0955545873930902,0.120258195462665,0.0042177900910158,0.678576424919949,0.00425214445818962,0.0938341881747329,0.00421577163443854,0.00423833231672226,0.00443966550248275,0.00420152651610824,0.999979255831068,0.00429025626206868,0.147675689439123,0.999989242567797,0.0655799261253354,0.245950733350583,0.00432541832129638,0.00466002365632754,0.00443900402629905,0.999987193232715,0.999982318330945,0.999975562470939,0.0341227168916549,0.00435167369743685,0.999973258799496,0.00450584561327437,0.00432541806554325,0.00473828461951279,0.153547831022263,0.00421722260616229,0.999987049931973,0.569294768683884,0.233381454734208,0.0376156047103383,0.99998345088611,0.99998768981333,0.0260667200112379,0.010017532333288,0.999993719212542,0.999989266420627,0.999983642079688,0.767577465977302,0.770189653488344,0.00421577162934434
0.0563368219647463,0.999987323217482,0.631771515925352,0.0041552396702655,0.00540657036426513,0.99999216133787,0.00415523959996308,0.29163908388298,0.153328131675627,0.00587923122817754,0.00415523967280338,0.999989125124141,0.00469782210726435,0.00608088430668897,0.0491146691907003,0.00415523966633331,0.00555079116961349,0.242818594306886,0.0252958370806742,0.999988519996332,0.0051612198890775,0.099621681382676,0.00575054018711021,0.99998840133102,0.999989586441493,0.00415744677789423,0.00415523966354989,0.999991329752656,0.0059601574513019,0.999992093740851,0.00415523966363805,0.462145950515193,0.00430548898078689,0.00426488640259975,0.00415523966420154,0.00601523974760891,0.00418159581005759,0.999992036266543,0.0041552396699327,0.085822698171879,0.999988162421931,0.00426488628409068,0.00426488637241884,0.00577767308553428,0.00497245995856043,0.00581767731158458,0.999991726992273,0.00429614648693461,0.00416627421074434,0.999989856113989,0.999989145984345,0.999988471298349,0.00426774121147606,0.0548855772228739,0.00415523958142427,0.00415523966498011,0.999991291603623,0.999983683369227,0.00667264172493446,0.00417552215612478,0.999989665009823,0.999992090753148,0.999967539185243,0.999991426109973,0.00561632092688041,0.111870151668651,0.00438280248064836,0.00421464993945259,0.423895599803181,0.00415523959110705,0.999990722538946,0.00604478514278356,0.99998948512676,0.00615855239019862,0.382759196397792,0.999989517219476,0.216213162609025,0.999987548650705,0.00421863606817336,0.00415523966502527,0.124951518742082,0.00444822099604892,0.00415524015203824,0.0232719765981883,0.0775145633556463,0.999989504669987,0.00497245974935754,0.999990232574008,0.435657285985209,0.00415523966139335,0.999992092169551,0.00497815102798116,0.0123646040904189,0.638908927040691,0.271065353387598,0.536638750885421,0.00804935227495653,0.00415523957922841,0.00426570269557111,0.999988458411569,0.00415523964438161,0.0410271938882923,0.00759198681915522,0.032058285162706,0.00415523967068682,0.0047675558430019,0.00451151795904428,0.127172836938872,0.00591845732997441,0.00415524083595672,0.999972226551684,0.999989516337558,0.00476403602205092,0.350492958995324,0.999991538050877,0.99998202110355,0.212850342100895,0.00576593254865098,0.00555753708577362,0.00415523962930568,0.00499285962293794,0.00415524016137017,0.999985159103231,0.0136330618408303,0.00907732439560017,0.530871566132801,0.0929060836439028,0.0273591568886015,0.0041552396754061,0.999988602337687,0.00437913354345031,0.00497245982282741,0.00561733669198397,0.999991632095071,0.999988485817097,0.0542061266264322,0.999988407026004,0.163997020972293,0.00426488636226393,0.999983129666503,0.00437847206726661,0.54938541538428,0.00528587712500647,0.00579218530151411,0.00559519463181249,0.00429114173840441,0.00629105511996443,0.681371958224782,0.00426488610651081,0.00564978068279369,0.9999891710277,0.00415993778410932,0.343350958027389,0.419771639245886,0.0778591759107014,0.0710671267228006,0.0524855718563751,0.123065644660853,0.00450036417852531,0.00932420424514841,0.316979805563915,0.0563418821139125,0.939338723577729,0.00497337396312455,0.999972895736637,0.0041552396703119
0.00498994469237159,0.162014785627138,0.954075425280844,0.00496403907204039,0.00496981594088954,0.0439248595825173,0.00496403900173797,0.0156667425086572,0.00504069288294931,0.0153080800816749,0.00496403907457828,0.363203832193528,0.999975580818528,0.469383939261098,0.172749964143282,0.00496403906810821,0.00497137414308371,0.999975751220958,0.999979341444567,0.00510450151738183,0.245092150640115,0.0206046445646714,0.00497353207232653,0.00498659967705646,0.0050244218412522,0.00496624617966913,0.00496403906532478,0.165985111575963,0.00501622754399993,0.0135240819816009,0.00496403906541294,0.017572668549696,0.999978786634494,0.999975623629803,0.00496403906597643,0.00497639210556062,0.0546235068575109,0.0324532516901521,0.00496403907170759,0.0172387363938488,0.00558721439535204,0.999975385566502,0.999975563001811,0.00508760052967407,0.00499759298430623,0.00497425761170816,0.00517041017023719,0.999977384522042,0.0271376152659768,0.00498660027348505,0.00501076040991101,0.0049865997057415,0.143642218702324,0.100785394954972,0.00496403898319916,0.00496403906675501,0.00502865417655279,0.999978171093776,0.485882704191885,0.00497409664249311,0.00499578818967315,0.00507169910880855,0.00540534960428649,0.00499121309666484,0.00497208214780271,0.00505513983988514,0.0185713283686028,0.0464991341451413,0.127315887462373,0.00496403899288195,0.00526527336081178,0.158752459512737,0.00510768855104092,0.00538406470255545,0.124073867869567,0.0591524620523173,0.0316492059265013,0.0172474217247536,0.00498688367246329,0.00496403906680016,0.927901167714504,0.55760984273687,0.00496403955381314,0.00539741805170355,0.0551047847335933,0.00509165374821647,0.00499759291137381,0.00526545454267226,0.00517410939053958,0.00496403906316824,0.0416156502799412,0.00500328561812823,0.999977236351653,0.726494016610052,0.00531510742739291,0.999942643104854,0.00496563561519755,0.0049640389810033,0.999975600152486,0.00498659970045821,0.00496403904615651,0.999972782729164,0.0051318158127124,0.00506277289418726,0.00496403907246171,0.999973870030925,0.999980825183056,0.941651552333685,0.00497534646635316,0.00496404023773161,0.00563964504616311,0.00508168745142097,0.00517631339835624,0.0152174746614924,0.0049922785127091,0.00523540696818437,0.999978658052959,0.0049736985791556,0.00508614864610121,0.00496403903108057,0.00501800761122059,0.00496403956314506,0.261501337759216,0.0358066062732833,0.00496605753375825,0.684269943378751,0.00500041190093208,0.00507141582790749,0.004964039077181,0.00498659975946471,0.999976873670457,0.00499759293698691,0.0801944840906667,0.119326889084665,0.0694889387024104,0.0244965083660621,0.0626487072185662,0.236820408597102,0.999975542602442,0.985598339216352,0.999976875487191,0.0119818658554356,0.00533157564684609,0.00497398220914843,0.871418395539863,0.999978433864572,0.335581974282803,0.033835073911871,0.999975028840679,0.999965435227645,0.00536081758305309,0.0049656767191553,0.00565546991482111,0.00545237742679047,0.0441555042136343,0.0429177645520024,0.429742653150808,0.242895086828043,0.999978455030637,0.00496835833168597,0.17448626545488,0.0124075232041868,0.237578312955092,0.0769686601639405,0.474455400863637,0.00496403907208679
0.014785663543292,0.0046323912191085,0.0750772959975347,0.00401263073562461,0.00402096383009162,0.00812932621742032,0.00401263066532219,0.0434195547167359,0.00408928454653352,0.0666245885853099,0.00401263073816249,0.00437690058436848,0.086952202934369,0.985864820080652,0.506097087189697,0.00401263073169242,0.00402281481594036,0.00426742806334178,0.00419942228495223,0.00415368218521938,0.999960092482126,0.265158446313673,0.00402537825748739,0.00403519134064067,0.00407301350483641,0.00401483784325334,0.004012630728909,0.0168464377150002,0.103177440742665,0.0384776761741595,0.00401263072899715,0.0045941741460888,0.0201077903041899,0.00412227746795886,0.00401263072956065,0.00402877565883344,0.0040389868754167,0.00407315914836064,0.00401263073529181,0.99997411093134,0.0163386087997546,0.00412227734944978,0.00412227743777795,0.00413926829869719,0.999964913855145,0.00402624009205892,0.00405294169668438,0.0238407752810412,0.00402366527610345,0.00403519193706927,0.00405941375271097,0.00403519136932572,0.00909898335286675,0.0356421000836429,0.00401263064678338,0.00401263073033922,0.0626794984202553,0.00530932220799209,0.169924476133766,0.0170169739733472,0.00404437985325736,0.00412029077239276,0.999970458747735,0.0146635551257002,0.0040236558530672,0.0050815216814625,0.184372965229076,0.0130565419721805,0.0045153160447181,0.00401263065646616,0.00403832295353704,0.219224317056422,0.00415628021462513,0.999964695567054,0.0079244662138122,0.154146425991498,0.0097408685917455,0.00433966962145221,0.0555705364968097,0.00401263073038437,0.00471512958867404,0.00536422467190306,0.00401263121739735,0.717255433419751,0.00416094497465803,0.00414024541180069,0.999964740603527,0.00431404620625648,0.999970511384693,0.00401263072675246,0.0646238049669317,0.999968618376971,0.00412686646153051,0.00466680342689421,0.00439722417424187,0.0172908852881416,0.00401422727878176,0.00401263064458752,0.00463670085279685,0.00403519136404242,0.00401263070974072,0.00452568592961989,0.335441878321092,0.2117154054504,0.00401263073604593,0.011806343914422,0.012213205319497,0.0045576484506499,0.00402753354091855,0.00401263190131582,0.631976347353612,0.00413027911500518,0.508143056698548,0.999969889775369,0.0128655301722805,0.503412111040911,0.00440765810665649,0.00402557601203862,0.00413736761401375,0.00401263069466478,0.999966313412451,0.00401263122672928,0.415843792142382,0.00407592480593337,0.00401464919734247,0.999981165943503,0.00404900356451629,0.999973261880234,0.00401263074076521,0.00403519142304892,0.00423652460880942,0.999964801447688,0.00418085826099405,0.00502420636081744,0.00419013782722884,0.343871016853661,0.00421668817698256,0.00431775601605819,0.00412227742762304,0.0109303009703499,0.00423586313262571,0.0311627845412667,0.00438173340735756,0.00402591293795156,0.999940438501815,0.00414853280376352,0.0145845210853814,0.00625715849956808,0.00412227717186992,0.99994583651912,0.00442085171130322,0.00790364813497932,0.330771302515686,0.105249712770126,0.00415531848600609,0.00407245147263492,0.0293453223766373,0.0915970286475111,0.00413281266793507,0.00401694999527019,0.207097459640701,0.00429580558337062,0.233546759112107,0.00434421104291645,0.341331930332569,0.00401263073567101
0.00424116144272607,0.579945559141584,0.999989485890271,0.00421577162929794,0.999978692606909,0.00425528895389597,0.00421577155899552,0.999986809369338,0.0452023412599643,0.999976475694974,0.00421577163183582,0.0141635503676445,0.00466938422744481,0.99998607462257,0.00450960656326267,0.00421577162536575,0.999977545953813,0.00439972796284287,0.00439635009831293,0.0319638437014939,0.00433682421477353,0.00435980781016332,0.999975384039982,0.004238332234314,0.00427615439850974,0.0100327566126439,0.00421577162258233,0.00431213783961789,0.99997288086317,0.0681768685922723,0.00421577162267049,0.999987326406622,0.0446264146051608,0.00432541836163219,0.00421577162323398,0.999973664804205,0.00857527537972913,0.027323449216587,0.00421577162896514,0.0046256813359255,0.722544263985789,0.00432541824312311,0.00432541833145128,0.999977423193884,0.00420152655803485,0.999975305727325,0.0288208754233878,0.00433446947598236,0.00422680616977678,0.0042383328307426,0.0185295928527942,0.00423833226299905,0.103131438888841,0.999986366822201,0.00421577154045671,0.00421577162401255,0.00427757412669322,0.999988712707705,0.999973146095691,0.0163100998336308,0.00424752074693069,0.00773418381366598,0.00460930248211209,0.00462020512584713,0.999977032321476,0.999991111530394,0.0122126727273665,0.07749396723993,0.618232264399237,0.00421577155013949,0.012041836448269,0.999978711692057,0.00435942110829846,0.999981335135291,0.999988777543577,0.00431729133820511,0.999981878142639,0.156169098109558,0.00726319910648401,0.00421577162405771,0.999988982541171,0.0474676890323366,0.00421577211107068,0.999988246351767,0.219598464840625,0.00434338630547402,0.00420152649341412,0.0165249867845743,0.00442316971146994,0.00421577162042579,0.0246616641519592,0.00795866068294039,0.00432760092094209,0.0094865500988795,0.999986975160239,0.0311969237085756,0.0042173681724551,0.00421577153826085,0.00432565463898217,0.00423833225771576,0.00421577160341405,0.780987035469879,0.999980308294128,0.00430454152382687,0.00421577162971926,0.289475483381864,0.444862332916087,0.0346946404182826,0.999974501650844,0.00421577279498916,0.316647945729484,0.00433342000867851,0.00473777771407843,0.00867613627821505,0.00942298026592292,0.00474836607858236,0.333050453869802,0.999975803542588,0.99997916740304,0.00421577158833812,0.00422194209757489,0.00421577212040261,0.0955545873930902,0.120258195462665,0.0042177900910158,0.678576424919949,0.00425214445818962,0.0938341881747329,0.00421577163443854,0.00423833231672226,0.00443966550248275,0.00420152651610824,0.999979255831068,0.00429025626206868,0.147675689439123,0.999989242567797,0.0655799261253354,0.245950733350583,0.00432541832129638,0.00466002365632754,0.00443900402629905,0.999987193232715,0.999982318330945,0.999975562470939,0.0341227168916549,0.00435167369743685,0.999973258799496,0.00450584561327437,0.00432541806554325,0.00473828461951279,0.153547831022263,0.00421722260616229,0.999987049931973,0.569294768683884,0.233381454734208,0.0376156047103383,0.99998345088611,0.99998768981333,0.0260667200112379,0.010017532333288,0.999993719212542,0.999989266420627,0.999983642079688,0.767577465977302,0.770189653488344,0.00421577162934434
0.999984060693246,0.0033363999334743,0.00372305318146093,0.999980344165402,0.0029728650459729,0.0030171831184621,0.99998016244779,0.00318429448092369,0.999983383367286,0.00300230840526341,0.999980350725326,0.32442197996335,0.79773685037476,0.00359427102313044,0.999979133441849,0.999980334001491,0.00297321171454333,0.0291171017706307,0.171899817623175,0.272993754997355,0.00309871837933967,0.999985269873999,0.0029736916409888,0.00300022639888014,0.100801736525427,0.999981459435969,0.999980326806898,0.0151908974947753,0.00301087511841462,0.00305171630155214,0.999980327034774,0.0518436906099523,0.00310992773806606,0.00308731252619833,0.99998032849129,0.00297432805440739,0.9999839265076,0.00302191330603253,0.999980343305183,0.999758881007524,0.04228226335261,0.00308731240768925,0.00308731249601741,0.300383357904414,0.00296342072260098,0.00297385319326682,0.00301095508223988,0.0030963636405485,0.999982138654763,0.00300022699530873,0.0506637165779406,0.00300022642756518,0.999985455569677,0.00309829453489211,0.9999801145287,0.99998033050374,0.0480227358960336,0.297307891038672,0.438017617359699,0.999982634493287,0.0267590809920866,0.219705743939452,0.00337119664667822,0.00300432993303919,0.00297336923349363,0.00302478962992247,0.999985410631306,0.999983762219253,0.99998181548396,0.999980139556751,0.0030032948475553,0.00313206693754859,0.316117775929098,0.00334311786480899,0.00323315857673479,0.00734887422881817,0.00313845538955629,0.00310138252158976,0.999979902424723,0.999980330620457,0.00349512236687422,0.999981827336959,0.999981589451009,0.00326886052119118,0.999984555238098,0.274654023507029,0.00296342065798025,0.71229886591938,0.0031399453320625,0.99998032123268,0.00304536798981267,0.0140000449704863,0.00308949508550823,0.999979952042245,0.204379075053422,0.00325896052470421,0.999982053855855,0.999980108852846,0.0030875488035483,0.00300022642228189,0.999980277260763,0.00340758221664382,0.011588978887411,0.9999830678298,0.999980345254428,0.994308019289889,0.176763251127682,0.999984526364273,0.00297409544064267,0.99998335724266,0.161520975833034,0.248882577529634,0.999981423101384,0.00311202888335409,0.00300548169618027,0.103378582966876,0.00327583350567057,0.00297372884529201,0.302804803986794,0.999980238292499,0.0557518158234111,0.999981613572162,0.00332876743672146,0.999985526545015,0.999983698155418,0.00382231292710493,0.999983012394583,0.0823563172020429,0.999980357452826,0.00300022648128839,0.298538597348753,0.00296342068067438,0.318114967225519,0.0206860953077509,0.00309018416838385,0.00318740303592749,0.185459273642154,0.999985039537281,0.00308731248586251,0.00342191782089368,0.296827960933055,0.00330699150399836,0.952028591247876,0.00297379193770288,0.00344695977805277,0.0709822437333455,0.00314295158092804,0.999983657802489,0.00308731223010939,0.00350017878407893,0.672992500711841,0.999980955206507,0.331776245532871,0.99998141818185,0.999981958114321,0.999983752791748,0.00324340830994808,0.00322219334710141,0.00868280743713153,0.999984800764017,0.00335080802098143,0.113637893635167,0.00371276548698194,0.999984726700488,0.00378108143214711,0.999980344285339
0.00498978261035673,0.162024642524048,0.954078688083251,0.00496408107430697,0.00497042681825935,0.0439246180325263,0.00496408100400455,0.015683469680525,0.00504073488521589,0.0153076408236788,0.00496408107684486,0.363201882649908,0.999971320137676,0.469373568279561,0.172741713055911,0.00496408107037479,0.00497205017797739,0.999970553760604,0.999974307429719,0.00510467459957073,0.245078251074072,0.0205997375440288,0.00497429835193581,0.00498664167932304,0.00502446384351878,0.00496628818193571,0.00496408106759136,0.165984107523208,0.00501515239277494,0.0135259253812853,0.00496408106767952,0.0175863483601468,0.999974003337531,0.9999706049895,0.00496408106824302,0.0049772779737297,0.0546232963972703,0.0324535940582047,0.00496408107397418,0.0172198143248291,0.00560042632123558,0.999970366927409,0.999970544361816,0.00508832710367284,0.00497872282942757,0.00497505422312371,0.00517075369583437,0.999972656364891,0.0271375445368298,0.00498664227575164,0.00501081613857559,0.00498664170800808,0.143641461506466,0.10079541101057,0.00496408098546574,0.00496408106902159,0.00502758334202119,0.999981461181891,0.485879869526284,0.0049738918877048,0.00499583019193973,0.00507174111107513,0.00538648708727141,0.00499105335753376,0.00497278778838698,0.00505752610397444,0.0185678848753685,0.0464988038890014,0.127316589805634,0.00496408099514853,0.00526531380141343,0.158749045970791,0.0051077305533075,0.0053655672679943,0.124085144750281,0.0591493630234424,0.0316641418916459,0.0172561145156066,0.00498594704148744,0.00496408106906674,0.927903246653689,0.557607090914775,0.00496408155607972,0.00538973151112394,0.055104981997811,0.00509169575048306,0.00497872275978375,0.00526549654493885,0.00515524248135212,0.00496408106543482,0.0416144121283419,0.00498441550100314,0.999972211627,0.726490230886613,0.00532261026765027,0.999938002116338,0.00496567761746413,0.00496408098326989,0.999970589162382,0.00498664170272479,0.00496408104842309,0.999971012120252,0.00512694136042528,0.00505887256649236,0.00496408107472829,0.999968960541382,0.999975924296204,0.941646775714253,0.00497618860917805,0.00496408223999819,0.00563688572955941,0.00508172945368755,0.00516678616671588,0.0151986942391399,0.00499215293769081,0.00522597069775594,0.999975067919562,0.00497447181278766,0.0050867753416791,0.00496408103334715,0.00499913781743162,0.00496408156541164,0.261500758464903,0.035806491258747,0.00496609953602484,0.684267247415332,0.00500045390319866,0.00505254691637331,0.00496408107944758,0.00498664176173129,0.999971855604922,0.00497872278424193,0.0801947364271896,0.119326268741915,0.0694908516879695,0.0245039711029556,0.0626503572934081,0.236820367536038,0.999970523962551,0.985593025201542,0.999971857418282,0.0120041936969804,0.0053319661760756,0.00497476730351839,0.871411256704139,0.999973415343524,0.335581026838452,0.0338349273061353,0.999970010203399,0.999957806213861,0.00536340604805068,0.00496564486342633,0.00566219039218221,0.00545317697068629,0.0441555620758319,0.0429176299067623,0.429748646541776,0.24290575873255,0.99997343626003,0.00496840033395255,0.174504951902979,0.0124156406384089,0.237609161439515,0.0769685602690589,0.474482117909064,0.00496408107435337
0.056336889529379,0.999985577770046,0.631770896802227,0.00415521305939629,0.00540665561011042,0.99998768167726,0.00415521298909387,0.291642287809527,0.153327320464466,0.0058814210707924,0.00415521306193418,0.999989659213921,0.00468742220360243,0.00605544227035047,0.0491197810245027,0.00415521305546411,0.00555088922724559,0.242823395961799,0.025296233697849,0.999983280960904,0.00516016705291765,0.0996296534820387,0.00575065598937084,0.999983134391503,0.999984319694774,0.00415742016702503,0.00415521305268068,0.999988838011086,0.0059636803834314,0.999988639276546,0.00415521305276884,0.462146372354862,0.00430294954880845,0.00426485979173055,0.00415521305333234,0.00601537906431642,0.00418156919918839,0.999987360961101,0.0041552130590635,0.0858564177747247,0.999986085337117,0.00426485967322147,0.00426485976154964,0.00577778108056427,0.00500659032592947,0.00581779907792446,0.999986526376493,0.00429301734953225,0.00416624759987514,0.99998458916682,0.9999838820252,0.999983204358464,0.0042678843420194,0.0548883504357815,0.00415521297055507,0.00415521305411091,0.99998803499159,0.999988829046809,0.00666793494783562,0.00417594120966548,0.999984398112009,0.999986824242041,0.999996421865011,0.999986523585078,0.00561642480581715,0.111870083656829,0.00438892100808194,0.00421487773706801,0.423893932562407,0.00415521298023785,0.999985461027378,0.00604825001248742,0.999984218818755,0.00619274127619551,0.382760643864746,0.999990333676481,0.216215279577168,0.999984275159753,0.00422037695289486,0.00415521305415606,0.124954685135259,0.00444802671832088,0.00415521354116904,0.0232975096367048,0.0775143020625759,0.999984238277497,0.00500659011078708,0.999984967092293,0.435689144993779,0.00415521305052415,0.999989502922438,0.00501228132716402,0.0123647415117894,0.638911015622663,0.271065477015664,0.536646646560204,0.00804930518020875,0.00415521296835921,0.00426559473777017,0.999983191471752,0.00415521303351241,0.0410283204834134,0.00760359141671532,0.0320652332808977,0.00415521305981761,0.00476639365037339,0.00451025036456433,0.127174889532556,0.0059185880490595,0.00415521422508751,0.999990374621104,0.999984249892561,0.00478129226854198,0.350524530845824,0.999986573820231,0.999993876147346,0.212854732667842,0.00576604971826649,0.00555762544191988,0.00415521301843647,0.00502698933814802,0.00415521355050096,0.999991611475622,0.0136330011264201,0.00907727189349807,0.530873349922472,0.0929055901842331,0.0273931675914056,0.0041552130645369,0.999983335397113,0.00437910693258111,0.00500659018634284,0.00561742651576509,0.999988594385884,0.999984839032174,0.0542204213919006,0.999984523653942,0.163996769070127,0.00426485975139473,0.99998992911851,0.0043784454563974,0.549388020341345,0.0052859190442606,0.00579230480328155,0.00553763779241088,0.00429111512753521,0.00629155898409912,0.681368839197477,0.00426485949564161,0.00559129843413088,0.999984436099324,0.0041600445671162,0.343363011299356,0.419773439319953,0.0778588457318816,0.0710668165649805,0.0524843695635044,0.123063948367925,0.00450034212568549,0.00932415045597966,0.316987772433931,0.0563432896404589,0.939347726426039,0.00497339113699819,0.99997254563203,0.0041552130594427
0.00498999488390516,0.162015112674053,0.954074344332505,0.00496404303037773,0.00496984805561361,0.0439247793186469,0.00496404296007531,0.0156677571006926,0.00504069684128664,0.0153083816070037,0.00496404303291561,0.363203041969035,0.999974730698231,0.469384107478995,0.172751281394306,0.00496404302644554,0.00497140948276952,0.999974713092653,0.999978947665305,0.00510451196349999,0.245094030603722,0.0206057282892712,0.00497357187866081,0.00498660363539379,0.00502442579958953,0.00496625013800646,0.00496404302366212,0.165984741465766,0.00501669571975277,0.0135243355265879,0.00496404302375028,0.0175733459794173,0.999978321041449,0.999975291773331,0.00496404302431377,0.00497643783091249,0.0546234940629068,0.0324532111958373,0.00496404303004493,0.0172430144688642,0.00558793122542472,0.999975053710111,0.99997523114536,0.0050876383707852,0.00500188129745176,0.00497429891931058,0.00517042866022617,0.999976887539044,0.0271376117436676,0.00498660423182239,0.00501076504763432,0.00498660366407884,0.143642197237539,0.100786017407705,0.0049640429415365,0.00496404302509234,0.0050289102366282,0.99997726168834,0.485882604077881,0.00497415650110488,0.00499579214801048,0.00507170306714589,0.00540963618715253,0.00499126275744217,0.00497211895281767,0.00505526489683869,0.0185721007929527,0.046499159212681,0.127315879565576,0.00496404295121928,0.00526527659636441,0.158753105416234,0.00510769250937825,0.00538836942787851,0.124074333040822,0.0591529713773189,0.0316499627634302,0.0172478324613072,0.00498710933010259,0.0049640430251375,0.927900917075939,0.557609651321324,0.00496404351215047,0.00540077575633427,0.0551047846423007,0.00509165770655381,0.00500188122377434,0.0052654585010096,0.00517839696840713,0.00496404302150558,0.041615822859376,0.00500757392272108,0.999976880502811,0.726493144172544,0.00531548065877215,0.999940914266563,0.00496563957353489,0.00496404293934064,0.99997526396123,0.00498660365879555,0.00496404300449384,0.999972535436146,0.00513331280667821,0.0050636699468552,0.00496404303079905,0.999973477851882,0.999980427293003,0.941650925767013,0.00497539002752576,0.00496404419606895,0.00564279825937753,0.0050816914097583,0.00517848516827557,0.0152217099665993,0.00499232043395784,0.0052375581317761,0.999977802496717,0.00497373872967818,0.00508618154374508,0.0049640429894179,0.00502229584256496,0.0049640435214824,0.261502390488921,0.0358065980497701,0.00496606149209559,0.68427170141137,0.00500041585926941,0.00507570385938611,0.00496404303551833,0.00498660371780205,0.999976541852125,0.00500188124964908,0.0801944920206734,0.11932660193039,0.0694888973502259,0.024498641350975,0.0626486733550888,0.236820344549672,0.999975210745998,0.985596540926843,0.999976543668636,0.0119830986033382,0.00533159685547246,0.00497402294671643,0.871416326206052,0.999978102016013,0.335581955332861,0.0338350227840851,0.999974696984407,0.999963261217402,0.0053609475781761,0.00496569740926236,0.00565751330018072,0.00545294692163783,0.0441555011747674,0.0429177491208308,0.429742673238837,0.24289541285576,0.999978122510051,0.00496836229002331,0.174487785737063,0.0124079240786245,0.237580901716098,0.0769686509511611,0.474456781615108,0.00496404303042413
0.999984060693246,0.0033363999334743,0.00372305318146093,0.999980344165402,0.0029728650459729,0.0030171831184621,0.99998016244779,0.00318429448092369,0.999983383367286,0.00300230840526341,0.999980350725326,0.32442197996335,0.79773685037476,0.00359427102313044,0.999979133441849,0.999980334001491,0.00297321171454333,0.0291171017706307,0.171899817623175,0.272993754997355,0.00309871837933967,0.999985269873999,0.0029736916409888,0.00300022639888014,0.100801736525427,0.999981459435969,0.999980326806898,0.0151908974947753,0.00301087511841462,0.00305171630155214,0.999980327034774,0.0518436906099523,0.00310992773806606,0.00308731252619833,0.99998032849129,0.00297432805440739,0.9999839265076,0.00302191330603253,0.999980343305183,0.999758881007524,0.04228226335261,0.00308731240768925,0.00308731249601741,0.300383357904414,0.00296342072260098,0.00297385319326682,0.00301095508223988,0.0030963636405485,0.999982138654763,0.00300022699530873,0.0506637165779406,0.00300022642756518,0.999985455569677,0.00309829453489211,0.9999801145287,0.99998033050374,0.0480227358960336,0.297307891038672,0.438017617359699,0.999982634493287,0.0267590809920866,0.219705743939452,0.00337119664667822,0.00300432993303919,0.00297336923349363,0.00302478962992247,0.999985410631306,0.999983762219253,0.99998181548396,0.999980139556751,0.0030032948475553,0.00313206693754859,0.316117775929098,0.00334311786480899,0.00323315857673479,0.00734887422881817,0.00313845538955629,0.00310138252158976,0.999979902424723,0.999980330620457,0.00349512236687422,0.999981827336959,0.999981589451009,0.00326886052119118,0.999984555238098,0.274654023507029,0.00296342065798025,0.71229886591938,0.0031399453320625,0.99998032123268,0.00304536798981267,0.0140000449704863,0.00308949508550823,0.999979952042245,0.204379075053422,0.00325896052470421,0.999982053855855,0.999980108852846,0.0030875488035483,0.00300022642228189,0.999980277260763,0.00340758221664382,0.011588978887411,0.9999830678298,0.999980345254428,0.994308019289889,0.176763251127682,0.999984526364273,0.00297409544064267,0.99998335724266,0.161520975833034,0.248882577529634,0.999981423101384,0.00311202888335409,0.00300548169618027,0.103378582966876,0.00327583350567057,0.00297372884529201,0.302804803986794,0.999980238292499,0.0557518158234111,0.999981613572162,0.00332876743672146,0.999985526545015,0.999983698155418,0.00382231292710493,0.999983012394583,0.0823563172020429,0.999980357452826,0.00300022648128839,0.298538597348753,0.00296342068067438,0.318114967225519,0.0206860953077509,0.00309018416838385,0.00318740303592749,0.185459273642154,0.999985039537281,0.00308731248586251,0.00342191782089368,0.296827960933055,0.00330699150399836,0.952028591247876,0.00297379193770288,0.00344695977805277,0.0709822437333455,0.00314295158092804,0.999983657802489,0.00308731223010939,0.00350017878407893,0.672992500711841,0.999980955206507,0.331776245532871,0.99998141818185,0.999981958114321,0.999983752791748,0.00324340830994808,0.00322219334710141,0.00868280743713153,0.999984800764017,0.00335080802098143,0.113637893635167,0.00371276548698194,0.999984726700488,0.00378108143214711,0.999980344285339
0.0147856810408315,0.00463463272702718,0.0750734670622842,0.00401264336974042,0.00402115589787276,0.00812871588453456,0.004012643299438,0.0434250814241336,0.00408929718064934,0.0666248659396278,0.00401264337227831,0.00437187945182541,0.0869524505961639,0.985866218910135,0.506097477196644,0.00401264336580824,0.00402302743560234,0.00426216074186537,0.00419897184273033,0.00415373616435236,0.999961082533125,0.265158547005041,0.00402561934199166,0.00403520397475649,0.00407302613895223,0.00401485047736916,0.00401264336302481,0.0168439446615261,0.103177739489205,0.0384783662995905,0.00401264336311297,0.00459850409883622,0.0201078559891321,0.00412229010207468,0.00401264336367647,0.00402905446376789,0.00403899950953251,0.00407288389298914,0.00401264336940762,0.99997454450615,0.0163428504742727,0.0041222899835656,0.00412229007189377,0.00413949685932199,0.999965377174796,0.00402649074377249,0.00405304687564193,0.0238408534162634,0.00402367791021927,0.00403520457118508,0.00405943071638505,0.00403520400344153,0.00909899825427389,0.0356455600857321,0.00401264328089919,0.00401264336445504,0.0626795375737916,0.00530454761830213,0.169924991566772,0.0170169924877989,0.00404439248737318,0.00412030340650858,0.999970921885372,0.0146635725674077,0.00402387781090824,0.00508227996959855,0.184373060008401,0.0130565594836315,0.00451547718221345,0.00401264329058198,0.00403833087986626,0.219224708558908,0.00415629284874095,0.999965273947827,0.00792747644131348,0.154145632604256,0.00974563134061158,0.00434227761851602,0.0555705724522126,0.00401264336450019,0.00471519503925736,0.00536424084068243,0.00401264385151317,0.717257600236409,0.004161031026604,0.0041402580459165,0.999965203923099,0.00431405884037229,0.999970974626997,0.00401264336086827,0.0646232874042879,0.999969081695721,0.00412669973811209,0.00466208364212647,0.00439959009381438,0.0172808710852972,0.00401423991289758,0.00401264327870334,0.00463671520182542,0.00403520399815824,0.00401264334385654,0.00452615150450868,0.335442474234564,0.211715512032079,0.00401264337016174,0.0118063804994629,0.0122132441240638,0.00455530850250899,0.00402779855407564,0.00401264453543164,0.631979517264564,0.00413029174912099,0.508143297371975,0.999970363844598,0.0128655467998413,0.503412349546691,0.00440366900770004,0.00402581928996951,0.00413756467114851,0.0040126433287806,0.999966776723497,0.00401264386084509,0.4158428911943,0.00407592403871152,0.00401466183145829,0.999982476717706,0.00404901619863211,0.999973725170255,0.00401264337488103,0.00403520405716474,0.00423653724292523,0.999965264767287,0.00418105767241842,0.0050223058586679,0.00418985231315121,0.343875502085537,0.0042164578469082,0.00431778418445431,0.00412229006173886,0.0109194575782867,0.00423587576674153,0.0311699981156617,0.00438185597328454,0.00402615995697722,0.999942274342021,0.00414854543787934,0.0145848186697139,0.00625678932161333,0.00412228980598574,0.999947686171085,0.00442166754657664,0.00790366252916566,0.330775521887984,0.105250613315065,0.0041553655764199,0.00407241379507612,0.0293473619728941,0.0916003682825589,0.00413282031817141,0.004016962629386,0.207103423065793,0.00429836073518146,0.233558217059343,0.0043442939138252,0.341339590521244,0.00401264336978682
0.00424116144272607,0.579945559141584,0.999989485890271,0.00421577162929794,0.999978692606909,0.00425528895389597,0.00421577155899552,0.999986809369338,0.0452023412599643,0.999976475694974,0.00421577163183582,0.0141635503676445,0.00466938422744481,0.99998607462257,0.00450960656326267,0.00421577162536575,0.999977545953813,0.00439972796284287,0.00439635009831293,0.0319638437014939,0.00433682421477353,0.00435980781016332,0.999975384039982,0.004238332234314,0.00427615439850974,0.0100327566126439,0.00421577162258233,0.00431213783961789,0.99997288086317,0.0681768685922723,0.00421577162267049,0.999987326406622,0.0446264146051608,0.00432541836163219,0.00421577162323398,0.999973664804205,0.00857527537972913,0.027323449216587,0.00421577162896514,0.0046256813359255,0.722544263985789,0.00432541824312311,0.00432541833145128,0.999977423193884,0.00420152655803485,0.999975305727325,0.0288208754233878,0.00433446947598236,0.00422680616977678,0.0042383328307426,0.0185295928527942,0.00423833226299905,0.103131438888841,0.999986366822201,0.00421577154045671,0.00421577162401255,0.00427757412669322,0.999988712707705,0.999973146095691,0.0163100998336308,0.00424752074693069,0.00773418381366598,0.00460930248211209,0.00462020512584713,0.999977032321476,0.999991111530394,0.0122126727273665,0.07749396723993,0.618232264399237,0.00421577155013949,0.012041836448269,0.999978711692057,0.00435942110829846,0.999981335135291,0.999988777543577,0.00431729133820511,0.999981878142639,0.156169098109558,0.00726319910648401,0.00421577162405771,0.999988982541171,0.0474676890323366,0.00421577211107068,0.999988246351767,0.219598464840625,0.00434338630547402,0.00420152649341412,0.0165249867845743,0.00442316971146994,0.00421577162042579,0.0246616641519592,0.00795866068294039,0.00432760092094209,0.0094865500988795,0.999986975160239,0.0311969237085756,0.0042173681724551,0.00421577153826085,0.00432565463898217,0.00423833225771576,0.00421577160341405,0.780987035469879,0.999980308294128,0.00430454152382687,0.00421577162971926,0.289475483381864,0.444862332916087,0.0346946404182826,0.999974501650844,0.00421577279498916,0.316647945729484,0.00433342000867851,0.00473777771407843,0.00867613627821505,0.00942298026592292,0.00474836607858236,0.333050453869802,0.999975803542588,0.99997916740304,0.00421577158833812,0.00422194209757489,0.00421577212040261,0.0955545873930902,0.120258195462665,0.0042177900910158,0.678576424919949,0.00425214445818962,0.0938341881747329,0.00421577163443854,0.00423833231672226,0.00443966550248275,0.00420152651610824,0.999979255831068,0.00429025626206868,0.147675689439123,0.999989242567797,0.0655799261253354,0.245950733350583,0.00432541832129638,0.00466002365632754,0.00443900402629905,0.999987193232715,0.999982318330945,0.999975562470939,0.0341227168916549,0.00435167369743685,0.999973258799496,0.00450584561327437,0.00432541806554325,0.00473828461951279,0.153547831022263,0.00421722260616229,0.999987049931973,0.569294768683884,0.233381454734208,0.0376156047103383,0.99998345088611,0.99998768981333,0.0260667200112379,0.010017532333288,0.999993719212542,0.999989266420627,0.999983642079688,0.767577465977302,0.770189653488344,0.00421577162934434
0.0563368588777431,0.999986317102787,0.631771024184865,0.00415522760118615,0.00540660723593022,0.999989943426697,0.00415522753088373,0.291640486861306,0.153327734329366,0.00588031646637184,0.00415522760372403,0.999989219354606,0.00469288188115,0.00606928748990866,0.049117437258106,0.00415522759725396,0.00555083364682838,0.242820775853976,0.0252960172873741,0.99998594699205,0.00516134289695042,0.0996256677117938,0.0057505904281445,0.999985816003843,0.99998700120899,0.00415743470881488,0.00415522759447054,0.999990031982747,0.00596190557566976,0.999990377022092,0.0041552275945587,0.462146014370296,0.00430428058427634,0.0042648743335204,0.00415522759512219,0.00601530027693515,0.00418158374097824,0.999989722195501,0.00415522760085335,0.0858395097870512,0.99998700551885,0.00426487421501132,0.00426487430333949,0.00577771991066564,0.00498947429947319,0.00581773016208653,0.999989170954274,0.00429465733818833,0.00416626214166499,0.999987270783054,0.999986561976231,0.999985885970991,0.00426781377232883,0.0548868346695313,0.00415522751234492,0.00415522759590076,0.99998970837171,0.999985869704124,0.00667047984260217,0.00417573223974609,0.999987079703124,0.999989505636341,0.999981976552008,0.999989022434096,0.00561636595109468,0.111870094653623,0.00438585430483342,0.00421476567890538,0.423894759875371,0.0041552275220277,0.999988139719072,0.00604657899995177,0.999986900109686,0.00617559152310984,0.382759758003231,0.999989928740462,0.216214045769233,0.999985845296839,0.00421950505198975,0.00415522759594592,0.124952932803167,0.00444812909921275,0.00415522808295889,0.0232846360070554,0.0775144298231549,0.999986919611427,0.0049894740873096,0.999987647962683,0.435673184934141,0.004155227592314,0.999990817930731,0.00499516533490479,0.0123646665464486,0.638909794722122,0.27106533658136,0.536642298903562,0.00804933014728926,0.00415522751014906,0.00426565189645811,0.999985873084245,0.00415522757530226,0.0410276943554839,0.00759775615533674,0.0320617509040003,0.00415522760160747,0.00476700312014988,0.0045109150517555,0.12717376636834,0.00591851409757706,0.00415522876687736,0.999981203035604,0.999986931253214,0.00477263903048804,0.350508724882307,0.999989103616224,0.999987970636829,0.212852331341395,0.00576598338794498,0.00555757531829081,0.00415522756022632,0.00500987363876556,0.00415522809229082,0.999988326736336,0.0136330325752298,0.00907729961265702,0.530872829306479,0.0929058423291908,0.0273761124516739,0.00415522760632675,0.999986017009991,0.00437912147437096,0.00498947416181924,0.00561737556663644,0.999990077479102,0.999986638916189,0.0542130844686305,0.999986452199488,0.163996875440662,0.00426487429318458,0.999986113563175,0.00437845999818726,0.5493864640066,0.00528589503995863,0.00579223716119614,0.00556819017516402,0.00429112966932506,0.0062912968402231,0.681370415677118,0.00426487403743146,0.00562233191257077,0.999986820147139,0.00415999220858243,0.343356825381174,0.419772521724062,0.0778590113789144,0.0710669733486117,0.0524849320448647,0.123064764128079,0.00450035418030494,0.00932417883019248,0.31698352430014,0.056342488357349,0.93934283803691,0.00497338105121354,0.999972550779966,0.00415522760123255
0.00499042468899138,0.162022102916251,0.954065035878294,0.00496409804631237,0.00497039712040712,0.0439239035867674,0.00496409797600995,0.0156841135499556,0.00504075185722128,0.0153111679543159,0.00496409804885026,0.363194577261606,0.999964763377302,0.469381779232946,0.172761025434008,0.00496409804238018,0.00497201513467702,0.999962572759226,0.999973157713431,0.00510468081793042,0.245107123079016,0.0206144665390147,0.00497425590506302,0.00498665865132843,0.00502448081552417,0.0049663051539411,0.00496409803959676,0.165980743041753,0.00502087129908186,0.0135275277024749,0.00496409803968492,0.0175852299579862,0.99997192106776,0.999970111972707,0.00496409804024841,0.00497722571594933,0.0546232879272396,0.0324529480536827,0.00496409804597957,0.0172776804718111,0.00560002190353749,0.999969873910739,0.999970051345055,0.00508828791420255,0.00503666741213131,0.0049750092878645,0.00517074171084585,0.99997020113475,0.0271375501482704,0.00498665924775703,0.00501083198448312,0.00498665868001348,0.143641696172356,0.100795957669993,0.00496409795747114,0.00496409804102698,0.00503100891391928,0.999969649436219,0.485880534776654,0.00497466467230751,0.00499584716394512,0.00507175808308053,0.00544440827533092,0.00499168825995585,0.00497275031626989,0.00505740550435263,0.0185783495486942,0.0464992781886661,0.127316072600275,0.00496409796715393,0.00526532395556934,0.15875812547253,0.00510774752531289,0.00542345929081956,0.124083219431427,0.0591567787127456,0.0316631065900618,0.0172551915803311,0.00498896155021213,0.00496409804107214,0.927899266481743,0.557606718547116,0.00496409852808511,0.00543073112687696,0.0551048596410992,0.00509171272248845,0.00503666733241456,0.00526551351694424,0.00521317712255978,0.00496409803744022,0.0416170423736134,0.00504235996806836,0.999971464245998,0.726483166796507,0.00532201516110833,0.999922246308317,0.00496569458946953,0.00496409795527528,0.999970044619771,0.00498665867473019,0.00496409802042848,0.99996943293221,0.00514611307708581,0.0050709648270806,0.00496409804673369,0.999967748837287,0.999974645616843,0.94164296399026,0.00497613993857451,0.00496409921200359,0.00567263916718787,0.00508174642569294,0.00519611353690515,0.015256011056167,0.0049926831960255,0.00525501945532406,0.999968063290147,0.00497442879541485,0.00508674434611932,0.00496409800535255,0.00505708129412389,0.00496409853741704,0.261512502801456,0.0358064734473903,0.00496611650803023,0.684287914930763,0.00500047087520405,0.00511048769073438,0.00496409805145297,0.00498665873373669,0.999971362646052,0.00503666736041025,0.0801946663408776,0.119323560373152,0.0694892310620354,0.0245224049855234,0.0626489788339206,0.236819702309589,0.9999700309458,0.985576937630489,0.999971364459072,0.0120037404091729,0.00533195455533076,0.00497472331310432,0.871393310719315,0.999972922338749,0.335581405270845,0.0338344676760826,0.999969517186911,0.999939031592414,0.00536321411118938,0.00496588806119647,0.00568011391987097,0.00545883421059603,0.0441554937492936,0.0429175465695602,0.429745169938633,0.242902703075375,0.999972936179024,0.00496841730595795,0.174509855837523,0.0124149651945863,0.23761809814443,0.0769685222325404,0.474480572219201,0.00496409804635877
0.00424116144272607,0.579945559141584,0.999989485890271,0.00421577162929794,0.999978692606909,0.00425528895389597,0.00421577155899552,0.999986809369338,0.0452023412599643,0.999976475694974,0.00421577163183582,0.0141635503676445,0.00466938422744481,0.99998607462257,0.00450960656326267,0.00421577162536575,0.999977545953813,0.00439972796284287,0.00439635009831293,0.0319638437014939,0.00433682421477353,0.00435980781016332,0.999975384039982,0.004238332234314,0.00427615439850974,0.0100327566126439,0.00421577162258233,0.00431213783961789,0.99997288086317,0.0681768685922723,0.00421577162267049,0.999987326406622,0.0446264146051608,0.00432541836163219,0.00421577162323398,0.999973664804205,0.00857527537972913,0.027323449216587,0.00421577162896514,0.0046256813359255,0.722544263985789,0.00432541824312311,0.00432541833145128,0.999977423193884,0.00420152655803485,0.999975305727325,0.0288208754233878,0.00433446947598236,0.00422680616977678,0.0042383328307426,0.0185295928527942,0.00423833226299905,0.103131438888841,0.999986366822201,0.00421577154045671,0.00421577162401255,0.00427757412669322,0.999988712707705,0.999973146095691,0.0163100998336308,0.00424752074693069,0.00773418381366598,0.00460930248211209,0.00462020512584713,0.999977032321476,0.999991111530394,0.0122126727273665,0.07749396723993,0.618232264399237,0.00421577155013949,0.012041836448269,0.999978711692057,0.00435942110829846,0.999981335135291,0.999988777543577,0.00431729133820511,0.999981878142639,0.156169098109558,0.00726319910648401,0.00421577162405771,0.999988982541171,0.0474676890323366,0.00421577211107068,0.999988246351767,0.219598464840625,0.00434338630547402,0.00420152649341412,0.0165249867845743,0.00442316971146994,0.00421577162042579,0.0246616641519592,0.00795866068294039,0.00432760092094209,0.0094865500988795,0.999986975160239,0.0311969237085756,0.0042173681724551,0.00421577153826085,0.00432565463898217,0.00423833225771576,0.00421577160341405,0.780987035469879,0.999980308294128,0.00430454152382687,0.00421577162971926,0.289475483381864,0.444862332916087,0.0346946404182826,0.999974501650844,0.00421577279498916,0.316647945729484,0.00433342000867851,0.00473777771407843,0.00867613627821505,0.00942298026592292,0.00474836607858236,0.333050453869802,0.999975803542588,0.99997916740304,0.00421577158833812,0.00422194209757489,0.00421577212040261,0.0955545873930902,0.120258195462665,0.0042177900910158,0.678576424919949,0.00425214445818962,0.0938341881747329,0.00421577163443854,0.00423833231672226,0.00443966550248275,0.00420152651610824,0.999979255831068,0.00429025626206868,0.147675689439123,0.999989242567797,0.0655799261253354,0.245950733350583,0.00432541832129638,0.00466002365632754,0.00443900402629905,0.999987193232715,0.999982318330945,0.999975562470939,0.0341227168916549,0.00435167369743685,0.999973258799496,0.00450584561327437,0.00432541806554325,0.00473828461951279,0.153547831022263,0.00421722260616229,0.999987049931973,0.569294768683884,0.233381454734208,0.0376156047103383,0.99998345088611,0.99998768981333,0.0260667200112379,0.010017532333288,0.999993719212542,0.999989266420627,0.999983642079688,0.767577465977302,0.770189653488344,0.00421577162934434
0.999984060693246,0.0033363999334743,0.00372305318146093,0.999980344165402,0.0029728650459729,0.0030171831184621,0.99998016244779,0.00318429448092369,0.999983383367286,0.00300230840526341,0.999980350725326,0.32442197996335,0.79773685037476,0.00359427102313044,0.999979133441849,0.999980334001491,0.00297321171454333,0.0291171017706307,0.171899817623175,0.272993754997355,0.00309871837933967,0.999985269873999,0.0029736916409888,0.00300022639888014,0.100801736525427,0.999981459435969,0.999980326806898,0.0151908974947753,0.00301087511841462,0.00305171630155214,0.999980327034774,0.0518436906099523,0.00310992773806606,0.00308731252619833,0.99998032849129,0.00297432805440739,0.9999839265076,0.00302191330603253,0.999980343305183,0.999758881007524,0.04228226335261,0.00308731240768925,0.00308731249601741,0.300383357904414,0.00296342072260098,0.00297385319326682,0.00301095508223988,0.0030963636405485,0.999982138654763,0.00300022699530873,0.0506637165779406,0.00300022642756518,0.999985455569677,0.00309829453489211,0.9999801145287,0.99998033050374,0.0480227358960336,0.297307891038672,0.438017617359699,0.999982634493287,0.0267590809920866,0.219705743939452,0.00337119664667822,0.00300432993303919,0.00297336923349363,0.00302478962992247,0.999985410631306,0.999983762219253,0.99998181548396,0.999980139556751,0.0030032948475553,0.00313206693754859,0.316117775929098,0.00334311786480899,0.00323315857673479,0.00734887422881817,0.00313845538955629,0.00310138252158976,0.999979902424723,0.999980330620457,0.00349512236687422,0.999981827336959,0.999981589451009,0.00326886052119118,0.999984555238098,0.274654023507029,0.00296342065798025,0.71229886591938,0.0031399453320625,0.99998032123268,0.00304536798981267,0.0140000449704863,0.00308949508550823,0.999979952042245,0.204379075053422,0.00325896052470421,0.999982053855855,0.999980108852846,0.0030875488035483,0.00300022642228189,0.999980277260763,0.00340758221664382,0.011588978887411,0.9999830678298,0.999980345254428,0.994308019289889,0.176763251127682,0.999984526364273,0.00297409544064267,0.99998335724266,0.161520975833034,0.248882577529634,0.999981423101384,0.00311202888335409,0.00300548169618027,0.103378582966876,0.00327583350567057,0.00297372884529201,0.302804803986794,0.999980238292499,0.0557518158234111,0.999981613572162,0.00332876743672146,0.999985526545015,0.999983698155418,0.00382231292710493,0.999983012394583,0.0823563172020429,0.999980357452826,0.00300022648128839,0.298538597348753,0.00296342068067438,0.318114967225519,0.0206860953077509,0.00309018416838385,0.00318740303592749,0.185459273642154,0.999985039537281,0.00308731248586251,0.00342191782089368,0.296827960933055,0.00330699150399836,0.952028591247876,0.00297379193770288,0.00344695977805277,0.0709822437333455,0.00314295158092804,0.999983657802489,0.00308731223010939,0.00350017878407893,0.672992500711841,0.999980955206507,0.331776245532871,0.99998141818185,0.999981958114321,0.999983752791748,0.00324340830994808,0.00322219334710141,0.00868280743713153,0.999984800764017,0.00335080802098143,0.113637893635167,0.00371276548698194,0.999984726700488,0.00378108143214711,0.999980344285339
0.0563368597390244,0.999986233357299,0.63177096112049,0.00415522725786441,0.00540660810047794,0.999989827970716,0.00415522718756199,0.291640516381792,0.15332771505457,0.00588036195075035,0.0041552272604023,0.999989170111715,0.00469271303601026,0.00606897879917327,0.0491175916121993,0.00415522725393222,0.00555083464972244,0.242820826529139,0.025296021412985,0.999985820535532,0.00516145864176784,0.0996258373483757,0.00575059162265151,0.99998568921761,0.999986874427409,0.00415743436549314,0.0041552272511488,0.999989943490587,0.005961979027093,0.999990282662446,0.00415522725123696,0.462145988893184,0.00430423888301647,0.00426487399019866,0.00415522725180045,0.0060153017253597,0.0041815833976565,0.999989603144681,0.00415522725753161,0.0858402244783135,0.999986919443619,0.00426487387168959,0.00426487396001775,0.00577772102086733,0.0049901991777776,0.00581773142099583,0.999989044940058,0.00429460593115757,0.00416626179834325,0.999987143996637,0.999986435225932,0.99998575918475,0.00426781703680463,0.0548868717922853,0.00415522716902318,0.00415522725257902,0.999989624270089,0.999985878885344,0.00667041961046593,0.00417574135877976,0.999986952917897,0.999989378860445,0.999982574849799,0.999988903385273,0.0056163670168493,0.111870087022481,0.00438598458310136,0.00421477094874904,0.423894713366748,0.00415522717870597,0.999988013005423,0.00604666710950643,0.999986773338691,0.00617631689435805,0.382759752248592,0.99998992346633,0.216214057387892,0.999985741849757,0.00421954223616876,0.00415522725262418,0.124952965739174,0.00444812599558756,0.00415522773963715,0.0232851663509894,0.0775144220395881,0.999986792838393,0.00499019896548791,0.999987521211625,0.435673855024234,0.00415522724899226,0.999990742939147,0.00499589021176148,0.0123646679366438,0.638909786724587,0.271065320307237,0.536642370830483,0.00804932930971584,0.00415522716682732,0.00426565021391992,0.999985746298005,0.00415522723198052,0.0410277061205907,0.00759799994729216,0.0320618982269026,0.00415522725828573,0.0047669840832764,0.00451089427930102,0.12717378686428,0.00591851545316136,0.00415522842355563,0.999981555029703,0.999986804478914,0.00477300563712985,0.350509393036093,0.999988983257257,0.999988207394756,0.212852377626964,0.00576598459721718,0.00555757621642469,0.00415522721690459,0.00501059850322333,0.00415522774896908,0.999988433580941,0.0136330312428271,0.00907729864461055,0.530872941573755,0.0929058307213616,0.0273768344491194,0.00415522726300501,0.999985890223733,0.00437912113104922,0.00499019904004183,0.00561737648061838,0.999989980706182,0.999986532940408,0.0542133587533133,0.999986343178835,0.163996862627886,0.00426487394986285,0.999986147103165,0.00437845965486552,0.549386465817656,0.00528589543665008,0.00579223839565176,0.00556732763623505,0.00429112932600332,0.00629130593883578,0.681370336033696,0.00426487369410972,0.00562145334592295,0.999986699523073,0.00415999469748207,0.343357050389493,0.419772548448419,0.0778590027294811,0.0710669654220348,0.0524849010586945,0.123064724562288,0.00450035388515313,0.00932417783109062,0.316983644739824,0.0563425011511336,0.939342947574705,0.00497338118069537,0.999972501372854,0.00415522725791081
0.014785754710548,0.00461531150815078,0.0750554180905926,0.00401254092555785,0.0040200963906445,0.00812797473980732,0.00401254085525543,0.0433963267468124,0.00408919473646677,0.0666245506039804,0.00401254092809574,0.00436597453162802,0.0869565957724684,0.985894855094807,0.506108169246435,0.00401254092162567,0.00402185830877939,0.00425597203708328,0.00419833560556038,0.00415341319417214,0.999985014589757,0.265162786820723,0.00402429838943071,0.00403510153057392,0.00407292369476966,0.00401474803318659,0.00401254091884224,0.0168412694380491,0.103177974309375,0.038474490195889,0.0040125409189304,0.00457534973981939,0.0201086864083013,0.00412218765789211,0.0040125409194939,0.00402753231802654,0.00403889706534994,0.00407151958107891,0.00401254092522506,0.999990722882059,0.0163204100705997,0.00412218753938303,0.0041221876277112,0.00413824270661273,0.999981594918085,0.00402511876164331,0.004052432261571,0.0238419027680468,0.0040235754660367,0.00403510212700251,0.00405930517921035,0.00403510155925896,0.00909897759630575,0.0356275017437362,0.00401254083671663,0.00401254092027247,0.0626803954486796,0.00528141856648656,0.169928465667373,0.017017102981853,0.00404429004319061,0.00412020096232601,0.99998713303759,0.0146636442153398,0.00402265887611821,0.00507821854061925,0.184375920014849,0.0130566162267899,0.00451290879230323,0.00401254084639941,0.00403822300896833,0.219227831377023,0.00415619040455838,0.999980870677316,0.00790648702334606,0.154146995375835,0.00972018817157341,0.0043273321099681,0.0555713145165575,0.00401254092031762,0.00470124246772041,0.00536420051445217,0.0040125414073306,0.717259408702007,0.00416017134148064,0.00414015560173393,0.99998142166355,0.00431395639618973,0.999987189569427,0.0040125409166857,0.0646234243455753,0.999985299406431,0.0041263905466047,0.00465652608869376,0.00438693569878985,0.0172683815299848,0.00401413746871501,0.00401254083452077,0.00463664289541046,0.00403510155397567,0.00401254089967397,0.0045198897347466,0.335445488555172,0.211718811609335,0.00401254092597917,0.0118066990476312,0.0122136016601018,0.00455244634994984,0.0040263499708981,0.00401254209124907,0.631974367280344,0.00413018930493843,0.508151452668574,0.999986725141805,0.012865588965958,0.503420426348593,0.00439572080325051,0.00402448663811256,0.00413647855171253,0.00401254088459803,0.999982994155185,0.00401254141666252,0.415835096231215,0.00407580614666543,0.00401455938727572,0.999979951546006,0.00404891375444954,0.999989941840604,0.00401254093069846,0.00403510161298217,0.00423643479874267,0.999981482508735,0.00417995899567565,0.00502001401227763,0.00418483872321968,0.343857400955338,0.00421212773918828,0.00431543660382792,0.00412218761755629,0.0109070781742269,0.00423577332255896,0.0311320153783188,0.00438116717495366,0.00402480735087395,0.999978592121501,0.00414844299369677,0.0145833917413922,0.00625628548835374,0.00412218736180317,0.999984205801717,0.0044172809891269,0.00790362382051174,0.33075911078199,0.105247668863124,0.00415486167793569,0.00407221651402604,0.0293346617041182,0.0915819673994409,0.0041327121290183,0.00401686018520343,0.207067567765136,0.00428459099935915,0.233501439994947,0.00434381684072983,0.34129041241361,0.00401254092560425
0.00499022494117723,0.162014778600278,0.954069403255135,0.00496405189950732,0.0049698753992736,0.0439244926820514,0.00496405182920489,0.0156690551992255,0.00504070571041623,0.0153096746061195,0.0049640519020452,0.363200153781695,0.999972013201234,0.469386522143009,0.172757991372375,0.00496405189557513,0.00497143894245576,0.999971370960498,0.999978205081825,0.00510452508952181,0.245103960793509,0.0206109334802793,0.0049736042690936,0.00498661250452338,0.00502443466871912,0.00496625900713605,0.0049640518927917,0.165983403107958,0.00501876920942659,0.0135250511726093,0.00496405189287986,0.0175737916364371,0.999977247616581,0.999974799066965,0.00496405189344336,0.00497647410504922,0.0546234779097185,0.0324529882512153,0.00496405189917452,0.0172634877460342,0.00558861459366284,0.999974561003865,0.999974738439025,0.00508766947175655,0.0050223873106035,0.00497433229478538,0.00517044572416791,0.999975677827655,0.027137609439648,0.00498661310095198,0.0050107743625362,0.00498661253320842,0.143642238404141,0.100786855536633,0.00496405181066609,0.00496405189422193,0.00503012520699469,0.999973007183251,0.485882676787569,0.00497443280746301,0.00499580101714007,0.00507171193627547,0.00543013392232791,0.00499149027547845,0.00497214937396492,0.00505537039914991,0.0185758018926245,0.0464993161894324,0.12731572959485,0.00496405182034887,0.00526528278587127,0.158756290400054,0.00510770137850784,0.00540887931353349,0.124074320738911,0.0591555472075647,0.0316505189371332,0.0172480351796657,0.00498817884960436,0.00496405189426708,0.927899552896088,0.557609342919572,0.00496405238128006,0.00541564310436843,0.0551047512480871,0.0050916665756834,0.00502238723336187,0.00526546737013919,0.00519889946385334,0.00496405189063517,0.0416167260237886,0.00502807989495521,0.999976291001848,0.726490235612266,0.00531573182269983,0.999934663387802,0.00496564844266447,0.00496405180847023,0.999974752428459,0.00498661252792513,0.00496405187362343,0.999971837525272,0.00514018390830587,0.00506795154407089,0.00496405189992863,0.999972722702631,0.999979647590209,0.941649189814326,0.00497542488165801,0.00496405306519853,0.00565601243991805,0.00508170027888789,0.00518886524805374,0.0152419865333886,0.00499251092466114,0.00524783962708041,0.99997493259908,0.00497377134594667,0.00508620940111004,0.00496405185854749,0.00504280146436488,0.00496405239061198,0.261506730310704,0.0358065841691971,0.00496607036122518,0.684279246014265,0.005000424728399,0.00509620852499137,0.00496405190464792,0.00498661258693163,0.999976049202727,0.00502238726048833,0.0801944822768038,0.119325537082251,0.0694884053511843,0.024506015457286,0.0626482563349529,0.236820092698704,0.999974718039673,0.985590119429399,0.999976051018903,0.0119843397925914,0.00533161704320596,0.00497405594816887,0.871409148905744,0.999977609321467,0.335582040090903,0.0338348390446216,0.999974204278341,0.999955743689328,0.0053610391450769,0.00496578632626593,0.0056646497520866,0.00545511579380644,0.0441554792494409,0.0429177092530546,0.429741749850809,0.242894939613981,0.999977627117858,0.00496837115915289,0.174490795084907,0.0124081839600346,0.23758619924198,0.0769686309177296,0.474457873350183,0.00496405189955372
0.0147858295609396,0.00462525285556688,0.0750381938262032,0.00401259618286672,0.00402095018047863,0.00812523870323519,0.0040125961125643,0.0434209142136009,0.00408924999377563,0.0666257721872771,0.0040125961854046,0.00434348082118854,0.0869577126979371,0.985901032970937,0.506109835670456,0.00401259617893453,0.00402280356052102,0.00423237551304635,0.0041963164930957,0.00415365244895388,0.999989313480026,0.265163184245529,0.00402537031808304,0.00403515678788278,0.00407297895207852,0.00401480329049545,0.00401259617615111,0.016830098868793,0.103179283940717,0.038477550336967,0.00401259617623926,0.0045946182242459,0.020108982005071,0.00412224291520097,0.00401259617680276,0.00402877211367482,0.00403895232265881,0.0040702810319458,0.00401259618253392,0.999992460654375,0.0163392835786731,0.00412224279669189,0.00412224288502006,0.0041392589003221,0.999983465834386,0.00402623326718769,0.00405289928695141,0.0238422547690207,0.00402363072334556,0.00403515738431138,0.00405937970432546,0.00403515681656783,0.00909904199629269,0.0356428924880411,0.00401259609402549,0.00401259617758133,0.062680557543729,0.00525995030929374,0.16993075204212,0.0170171819290383,0.00404434530049947,0.00412025621963487,0.999989003220619,0.0146637188408032,0.00402364568550008,0.00508159199283921,0.184376306535493,0.0130566916026815,0.00451361738578198,0.00401259610370827,0.00403825717755072,0.219229541265318,0.00415624566186724,0.999983253723507,0.00791985945255958,0.154143409555998,0.00974138146978082,0.00433893298618482,0.0555714637274134,0.00401259617762648,0.00470147159328877,0.005364271786057,0.00401259666463946,0.717268914703469,0.00416055168099429,0.0041402108590428,0.999983292579535,0.00431401165349859,0.999989060174126,0.00401259617399457,0.0646210917988236,0.999987170319107,0.00412564236435647,0.00463538227818555,0.00439746376773632,0.017223515622452,0.00401419272602387,0.00401259609182963,0.00463670592237547,0.00403515681128453,0.00401259615698283,0.00452194383227956,0.335448076372546,0.211719245349478,0.00401259618328804,0.0118068628158499,0.0122137754846811,0.00454196290108265,0.00402752838908529,0.00401259734855793,0.631988353666638,0.00413024456224729,0.508152426618841,0.999988645608525,0.0128656603115006,0.503421391566141,0.00437783555294729,0.00402556832815775,0.00413735454563607,0.00401259614190689,0.999984865036819,0.00401259667397139,0.415830923978318,0.00407580137212317,0.00401461464458458,0.999985568115678,0.0040489690117584,0.999991812637537,0.00401259618800732,0.00403515687029104,0.00423649005605153,0.999983353424831,0.0041808454668796,0.00501149912369103,0.00418353781836166,0.343877293550314,0.00421107682839889,0.00431555124344022,0.00412224287486515,0.0108585034323342,0.00423582857986782,0.0311641122267474,0.0043817116611183,0.00402590568988994,0.999986789724024,0.00414849825100563,0.0145847131302798,0.00625463007997043,0.00412224261911203,0.999992467081296,0.00442091072755397,0.0079036861685471,0.330777825056579,0.1052516563636,0.0041550692944043,0.00407204623196713,0.0293437267992615,0.0915968099134705,0.00413274506083113,0.0040169154425123,0.207094035725277,0.00429596072933732,0.233552388646233,0.0043441846724016,0.341324389111698,0.00401259618291312
0.999984060693246,0.0033363999334743,0.00372305318146093,0.999980344165402,0.0029728650459729,0.0030171831184621,0.99998016244779,0.00318429448092369,0.999983383367286,0.00300230840526341,0.999980350725326,0.32442197996335,0.79773685037476,0.00359427102313044,0.999979133441849,0.999980334001491,0.00297321171454333,0.0291171017706307,0.171899817623175,0.272993754997355,0.00309871837933967,0.999985269873999,0.0029736916409888,0.00300022639888014,0.100801736525427,0.999981459435969,0.999980326806898,0.0151908974947753,0.00301087511841462,0.00305171630155214,0.999980327034774,0.0518436906099523,0.00310992773806606,0.00308731252619833,0.99998032849129,0.00297432805440739,0.9999839265076,0.00302191330603253,0.999980343305183,0.999758881007524,0.04228226335261,0.00308731240768925,0.00308731249601741,0.300383357904414,0.00296342072260098,0.00297385319326682,0.00301095508223988,0.0030963636405485,0.999982138654763,0.00300022699530873,0.0506637165779406,0.00300022642756518,0.999985455569677,0.00309829453489211,0.9999801145287,0.99998033050374,0.0480227358960336,0.297307891038672,0.438017617359699,0.999982634493287,0.0267590809920866,0.219705743939452,0.00337119664667822,0.00300432993303919,0.00297336923349363,0.00302478962992247,0.999985410631306,0.999983762219253,0.99998181548396,0.999980139556751,0.0030032948475553,0.00313206693754859,0.316117775929098,0.00334311786480899,0.00323315857673479,0.00734887422881817,0.00313845538955629,0.00310138252158976,0.999979902424723,0.999980330620457,0.00349512236687422,0.999981827336959,0.999981589451009,0.00326886052119118,0.999984555238098,0.274654023507029,0.00296342065798025,0.71229886591938,0.0031399453320625,0.99998032123268,0.00304536798981267,0.0140000449704863,0.00308949508550823,0.999979952042245,0.204379075053422,0.00325896052470421,0.999982053855855,0.999980108852846,0.0030875488035483,0.00300022642228189,0.999980277260763,0.00340758221664382,0.011588978887411,0.9999830678298,0.999980345254428,0.994308019289889,0.176763251127682,0.999984526364273,0.00297409544064267,0.99998335724266,0.161520975833034,0.248882577529634,0.999981423101384,0.00311202888335409,0.00300548169618027,0.103378582966876,0.00327583350567057,0.00297372884529201,0.302804803986794,0.999980238292499,0.0557518158234111,0.999981613572162,0.00332876743672146,0.999985526545015,0.999983698155418,0.00382231292710493,0.999983012394583,0.0823563172020429,0.999980357452826,0.00300022648128839,0.298538597348753,0.00296342068067438,0.318114967225519,0.0206860953077509,0.00309018416838385,0.00318740303592749,0.185459273642154,0.999985039537281,0.00308731248586251,0.00342191782089368,0.296827960933055,0.00330699150399836,0.952028591247876,0.00297379193770288,0.00344695977805277,0.0709822437333455,0.00314295158092804,0.999983657802489,0.00308731223010939,0.00350017878407893,0.672992500711841,0.999980955206507,0.331776245532871,0.99998141818185,0.999981958114321,0.999983752791748,0.00324340830994808,0.00322219334710141,0.00868280743713153,0.999984800764017,0.00335080802098143,0.113637893635167,0.00371276548698194,0.999984726700488,0.00378108143214711,0.999980344285339
0.0563368570579276,0.999986281763842,0.631770974344033,0.00415522813436978,0.00540660532764908,0.999989965858909,0.00415522806406736,0.291640409743765,0.1533277403752,0.00588029007576496,0.00415522813690766,0.99998914041709,0.00469305795157376,0.006069829318322,0.0491174262732558,0.00415522813043759,0.00555083145890801,0.242820663238239,0.0252960078985153,0.999985983766585,0.00516150204925229,0.0996255747470673,0.00575058785291716,0.999985853355905,0.999987038559697,0.00415743524199851,0.00415522812765416,0.999990014967704,0.00596186334633622,0.999990387350803,0.00415522812774232,0.462145971828284,0.00430432306480176,0.00426487486670403,0.00415522812830582,0.00601529718846465,0.00418158427416187,0.999989747596725,0.00415522813403698,0.0858391161713111,0.999986979655735,0.00426487474819495,0.00426487483652312,0.0057777175058445,0.00498907811207668,0.00581772745668292,0.99998920691716,0.00429470966291553,0.00416626267484862,0.99998730813517,0.999986599267406,0.999985923323056,0.00426781233811976,0.0548867810083579,0.00415522804552855,0.00415522812908439,0.999989722376626,0.999985696659364,0.00667057689103029,0.00417572759670359,0.999987117054893,0.999989542985393,0.999981617298492,0.999989055553858,0.00561636363611435,0.111870088449714,0.00438578362188212,0.00421476348232667,0.42389476431257,0.00415522805521133,0.999988176962357,0.00604655434174124,0.999986937457311,0.00617519392243319,0.382759701595713,0.999989887232963,0.216213986933564,0.999985840961205,0.00421948505637041,0.00415522812912954,0.124952859727694,0.00444813243055462,0.00415522861614252,0.0232843278835556,0.0775144299619092,0.999986956959645,0.00498907789998208,0.999987685304503,0.435672804732352,0.00415522812549763,0.999990818770448,0.00499476914830025,0.012364663235889,0.63890970938434,0.271065314346265,0.53664210050056,0.00804933082439391,0.00415522804333269,0.0042656537872242,0.999985910436309,0.00415522810848589,0.0410276686228771,0.00759761883745905,0.0320616697608646,0.0041552281347911,0.00476702260648461,0.00451093629675028,0.127173716813836,0.00591851119676442,0.00415522930006099,0.999980950648277,0.999986968601802,0.0047724388297206,0.350508353118868,0.999989137452665,0.999987809139078,0.212852228716475,0.00576598078287277,0.00555757334212201,0.00415522809340995,0.00500947745894364,0.00415522862547445,0.999988212942697,0.0136330331469413,0.00907730032775407,0.53087288583383,0.0929058461424835,0.0273757171153522,0.00415522813951038,0.999986054362061,0.00437912200755459,0.00498907797446749,0.005617373558434,0.999990070372836,0.999986643348716,0.0542128896215411,0.999986461437955,0.163996869335869,0.00426487482636821,0.999985907968256,0.00437846053137088,0.549386376882695,0.00528589407735471,0.00579223450522071,0.00556924117909111,0.00429113020250869,0.00629128942982923,0.681370432218339,0.00426487457061509,0.00562339751705629,0.999986846350487,0.00415999119244588,0.343356652282544,0.419772485797779,0.0778590129139251,0.0710669749814625,0.0524849412865458,0.123064781401428,0.00450035460668094,0.00932417955433254,0.3169833817257,0.0563424549595101,0.939342646153238,0.00497338062872001,0.999972508330256,0.00415522813441618
0.00424116144272607,0.579945559141584,0.999989485890271,0.00421577162929794,0.999978692606909,0.00425528895389597,0.00421577155899552,0.999986809369338,0.0452023412599643,0.999976475694974,0.00421577163183582,0.0141635503676445,0.00466938422744481,0.99998607462257,0.00450960656326267,0.00421577162536575,0.999977545953813,0.00439972796284287,0.00439635009831293,0.0319638437014939,0.00433682421477353,0.00435980781016332,0.999975384039982,0.004238332234314,0.00427615439850974,0.0100327566126439,0.00421577162258233,0.00431213783961789,0.99997288086317,0.0681768685922723,0.00421577162267049,0.999987326406622,0.0446264146051608,0.00432541836163219,0.00421577162323398,0.999973664804205,0.00857527537972913,0.027323449216587,0.00421577162896514,0.0046256813359255,0.722544263985789,0.00432541824312311,0.00432541833145128,0.999977423193884,0.00420152655803485,0.999975305727325,0.0288208754233878,0.00433446947598236,0.00422680616977678,0.0042383328307426,0.0185295928527942,0.00423833226299905,0.103131438888841,0.999986366822201,0.00421577154045671,0.00421577162401255,0.00427757412669322,0.999988712707705,0.999973146095691,0.0163100998336308,0.00424752074693069,0.00773418381366598,0.00460930248211209,0.00462020512584713,0.999977032321476,0.999991111530394,0.0122126727273665,0.07749396723993,0.618232264399237,0.00421577155013949,0.012041836448269,0.999978711692057,0.00435942110829846,0.999981335135291,0.999988777543577,0.00431729133820511,0.999981878142639,0.156169098109558,0.00726319910648401,0.00421577162405771,0.999988982541171,0.0474676890323366,0.00421577211107068,0.999988246351767,0.219598464840625,0.00434338630547402,0.00420152649341412,0.0165249867845743,0.00442316971146994,0.00421577162042579,0.0246616641519592,0.00795866068294039,0.00432760092094209,0.0094865500988795,0.999986975160239,0.0311969237085756,0.0042173681724551,0.00421577153826085,0.00432565463898217,0.00423833225771576,0.00421577160341405,0.780987035469879,0.999980308294128,0.00430454152382687,0.00421577162971926,0.289475483381864,0.444862332916087,0.0346946404182826,0.999974501650844,0.00421577279498916,0.316647945729484,0.00433342000867851,0.00473777771407843,0.00867613627821505,0.00942298026592292,0.00474836607858236,0.333050453869802,0.999975803542588,0.99997916740304,0.00421577158833812,0.00422194209757489,0.00421577212040261,0.0955545873930902,0.120258195462665,0.0042177900910158,0.678576424919949,0.00425214445818962,0.0938341881747329,0.00421577163443854,0.00423833231672226,0.00443966550248275,0.00420152651610824,0.999979255831068,0.00429025626206868,0.147675689439123,0.999989242567797,0.0655799261253354,0.245950733350583,0.00432541832129638,0.00466002365632754,0.00443900402629905,0.999987193232715,0.999982318330945,0.999975562470939,0.0341227168916549,0.00435167369743685,0.999973258799496,0.00450584561327437,0.00432541806554325,0.00473828461951279,0.153547831022263,0.00421722260616229,0.999987049931973,0.569294768683884,0.233381454734208,0.0376156047103383,0.99998345088611,0.99998768981333,0.0260667200112379,0.010017532333288,0.999993719212542,0.999989266420627,0.999983642079688,0.767577465977302,0.770189653488344,0.00421577162934434
0.0147857065508519,0.00463047157542059,0.075067526516352,0.00401262180413593,0.00402095201147311,0.00812831428752663,0.00401262173383351,0.0434196524957908,0.00408927561504485,0.0666248841002029,0.00401262180667382,0.00436862157708111,0.0869536089021003,0.98587410173604,0.506100371820596,0.00401262180020375,0.00402280266663726,0.00425874458733795,0.00419865255609788,0.00415367258847966,0.999967603944905,0.265159675260233,0.00402536565017828,0.004035182409152,0.00407300457334774,0.00401482891176467,0.00401262179742032,0.0168423936347748,0.10317790690714,0.0384776165088723,0.00401262179750848,0.00459408955680934,0.0201080940888856,0.00412226853647019,0.00401262179807198,0.00402876244459375,0.00403897794392803,0.00407243937402576,0.00401262180380314,0.999978864930978,0.0163385881736511,0.00412226841796111,0.00412226850628928,0.00413925589290025,0.99996971803048,0.00402622733081117,0.00405292653061192,0.0238411524565183,0.00402365634461478,0.0040351830055806,0.00405940475155869,0.00403518243783705,0.00909899855360516,0.0356421473091527,0.00401262171529471,0.00401262179885055,0.0626797727035446,0.00529697026626705,0.169926072223384,0.017017027841044,0.00404437092176869,0.00412028184090409,0.999975260979249,0.0146635975370007,0.0040236435535106,0.00508150543345505,0.184373830439348,0.0130565806509791,0.00451487661238175,0.00401262172497749,0.00403830628753172,0.219225653330383,0.00415627128313646,0.99996949601146,0.00792315633385502,0.15414570999523,0.00974078228789798,0.00433936318701195,0.0555707766255578,0.0040126217988957,0.00471164950643966,0.00536423656658875,0.00401262228590868,0.7172588397783,0.00416084134332826,0.00414023648031202,0.999969544778025,0.00431403727476781,0.999975314734006,0.00401262179526379,0.0646231444676398,0.999973422542697,0.00412656285996598,0.00465901950988666,0.00439717737783721,0.0172741925865615,0.00401421834729309,0.00401262171309885,0.00463670202554342,0.00403518243255375,0.00401262177825205,0.004524712278482,0.335443463317329,0.211716399834138,0.00401262180455725,0.0118064761219863,0.0122133505998606,0.0045537621734515,0.0040275205485918,0.00401262296982715,0.631979323567547,0.00413027018351651,0.508145483118281,0.999974745662549,0.0128655638888815,0.503414514311195,0.00440024778600436,0.00402556336943677,0.00413735571511537,0.00401262176317611,0.99997111749589,0.0040126222952406,0.415840602568673,0.00407589385711935,0.0040146402658538,0.999982344056205,0.00404899463302762,0.99997806573914,0.00401262180927654,0.00403518249156025,0.00423651567732075,0.999969605622479,0.00418084632421459,0.0050210583972951,0.00418847087220091,0.343872444774751,0.00421527042503949,0.00431719380308821,0.00412226849613437,0.0109125177097052,0.00423585420113704,0.031162795740101,0.00438172270704021,0.00402590023515461,0.999952296783603,0.00414852387227485,0.0145845578688386,0.00625653227509739,0.00412226824038125,0.999957765679765,0.00442082985611918,0.00790365800020536,0.330772803818952,0.105250177129093,0.00415525332779267,0.00407235046024647,0.0293448274879977,0.0915968325769126,0.00413279554833124,0.00401694106378151,0.207096337565017,0.00429572862766243,0.233547692501962,0.00434420098130128,0.341329701503623,0.00401262180418234
0.999984060693246,0.0033363999334743,0.00372305318146093,0.999980344165402,0.0029728650459729,0.0030171831184621,0.99998016244779,0.00318429448092369,0.999983383367286,0.00300230840526341,0.999980350725326,0.32442197996335,0.79773685037476,0.00359427102313044,0.999979133441849,0.999980334001491,0.00297321171454333,0.0291171017706307,0.171899817623175,0.272993754997355,0.00309871837933967,0.999985269873999,0.0029736916409888,0.00300022639888014,0.100801736525427,0.999981459435969,0.999980326806898,0.0151908974947753,0.00301087511841462,0.00305171630155214,0.999980327034774,0.0518436906099523,0.00310992773806606,0.00308731252619833,0.99998032849129,0.00297432805440739,0.9999839265076,0.00302191330603253,0.999980343305183,0.999758881007524,0.04228226335261,0.00308731240768925,0.00308731249601741,0.300383357904414,0.00296342072260098,0.00297385319326682,0.00301095508223988,0.0030963636405485,0.999982138654763,0.00300022699530873,0.0506637165779406,0.00300022642756518,0.999985455569677,0.00309829453489211,0.9999801145287,0.99998033050374,0.0480227358960336,0.297307891038672,0.438017617359699,0.999982634493287,0.0267590809920866,0.219705743939452,0.00337119664667822,0.00300432993303919,0.00297336923349363,0.00302478962992247,0.999985410631306,0.999983762219253,0.99998181548396,0.999980139556751,0.0030032948475553,0.00313206693754859,0.316117775929098,0.00334311786480899,0.00323315857673479,0.00734887422881817,0.00313845538955629,0.00310138252158976,0.999979902424723,0.999980330620457,0.00349512236687422,0.999981827336959,0.999981589451009,0.00326886052119118,0.999984555238098,0.274654023507029,0.00296342065798025,0.71229886591938,0.0031399453320625,0.99998032123268,0.00304536798981267,0.0140000449704863,0.00308949508550823,0.999979952042245,0.204379075053422,0.00325896052470421,0.999982053855855,0.999980108852846,0.0030875488035483,0.00300022642228189,0.999980277260763,0.00340758221664382,0.011588978887411,0.9999830678298,0.999980345254428,0.994308019289889,0.176763251127682,0.999984526364273,0.00297409544064267,0.99998335724266,0.161520975833034,0.248882577529634,0.999981423101384,0.00311202888335409,0.00300548169618027,0.103378582966876,0.00327583350567057,0.00297372884529201,0.302804803986794,0.999980238292499,0.0557518158234111,0.999981613572162,0.00332876743672146,0.999985526545015,0.999983698155418,0.00382231292710493,0.999983012394583,0.0823563172020429,0.999980357452826,0.00300022648128839,0.298538597348753,0.00296342068067438,0.318114967225519,0.0206860953077509,0.00309018416838385,0.00318740303592749,0.185459273642154,0.999985039537281,0.00308731248586251,0.00342191782089368,0.296827960933055,0.00330699150399836,0.952028591247876,0.00297379193770288,0.00344695977805277,0.0709822437333455,0.00314295158092804,0.999983657802489,0.00308731223010939,0.00350017878407893,0.672992500711841,0.999980955206507,0.331776245532871,0.99998141818185,0.999981958114321,0.999983752791748,0.00324340830994808,0.00322219334710141,0.00868280743713153,0.999984800764017,0.00335080802098143,0.113637893635167,0.00371276548698194,0.999984726700488,0.00378108143214711,0.999980344285339
0.00424116144272607,0.579945559141584,0.999989485890271,0.00421577162929794,0.999978692606909,0.00425528895389597,0.00421577155899552,0.999986809369338,0.0452023412599643,0.999976475694974,0.00421577163183582,0.0141635503676445,0.00466938422744481,0.99998607462257,0.00450960656326267,0.00421577162536575,0.999977545953813,0.00439972796284287,0.00439635009831293,0.0319638437014939,0.00433682421477353,0.00435980781016332,0.999975384039982,0.004238332234314,0.00427615439850974,0.0100327566126439,0.00421577162258233,0.00431213783961789,0.99997288086317,0.0681768685922723,0.00421577162267049,0.999987326406622,0.0446264146051608,0.00432541836163219,0.00421577162323398,0.999973664804205,0.00857527537972913,0.027323449216587,0.00421577162896514,0.0046256813359255,0.722544263985789,0.00432541824312311,0.00432541833145128,0.999977423193884,0.00420152655803485,0.999975305727325,0.0288208754233878,0.00433446947598236,0.00422680616977678,0.0042383328307426,0.0185295928527942,0.00423833226299905,0.103131438888841,0.999986366822201,0.00421577154045671,0.00421577162401255,0.00427757412669322,0.999988712707705,0.999973146095691,0.0163100998336308,0.00424752074693069,0.00773418381366598,0.00460930248211209,0.00462020512584713,0.999977032321476,0.999991111530394,0.0122126727273665,0.07749396723993,0.618232264399237,0.00421577155013949,0.012041836448269,0.999978711692057,0.00435942110829846,0.999981335135291,0.999988777543577,0.00431729133820511,0.999981878142639,0.156169098109558,0.00726319910648401,0.00421577162405771,0.999988982541171,0.0474676890323366,0.00421577211107068,0.999988246351767,0.219598464840625,0.00434338630547402,0.00420152649341412,0.0165249867845743,0.00442316971146994,0.00421577162042579,0.0246616641519592,0.00795866068294039,0.00432760092094209,0.0094865500988795,0.999986975160239,0.0311969237085756,0.0042173681724551,0.00421577153826085,0.00432565463898217,0.00423833225771576,0.00421577160341405,0.780987035469879,0.999980308294128,0.00430454152382687,0.00421577162971926,0.289475483381864,0.444862332916087,0.0346946404182826,0.999974501650844,0.00421577279498916,0.316647945729484,0.00433342000867851,0.00473777771407843,0.00867613627821505,0.00942298026592292,0.00474836607858236,0.333050453869802,0.999975803542588,0.99997916740304,0.00421577158833812,0.00422194209757489,0.00421577212040261,0.0955545873930902,0.120258195462665,0.0042177900910158,0.678576424919949,0.00425214445818962,0.0938341881747329,0.00421577163443854,0.00423833231672226,0.00443966550248275,0.00420152651610824,0.999979255831068,0.00429025626206868,0.147675689439123,0.999989242567797,0.0655799261253354,0.245950733350583,0.00432541832129638,0.00466002365632754,0.00443900402629905,0.999987193232715,0.999982318330945,0.999975562470939,0.0341227168916549,0.00435167369743685,0.999973258799496,0.00450584561327437,0.00432541806554325,0.00473828461951279,0.153547831022263,0.00421722260616229,0.999987049931973,0.569294768683884,0.233381454734208,0.0376156047103383,0.99998345088611,0.99998768981333,0.0260667200112379,0.010017532333288,0.999993719212542,0.999989266420627,0.999983642079688,0.767577465977302,0.770189653488344,0.00421577162934434
0.0563368422569342,0.99998671786482,0.631771199011286,0.00415523301996503,0.00540659050574001,0.999990890863585,0.00415523294966261,0.291639847585729,0.153327905348986,0.00587984346098628,0.00415523302250291,0.999989129719713,0.00469507137185092,0.00607451054176859,0.0491162674041408,0.00415523301603284,0.00555081437975095,0.24281978662896,0.0252959355205103,0.999987052902179,0.00516139449652501,0.0996239329699422,0.00575056764741811,0.999986927467118,0.999988112631572,0.00415744012759376,0.00415523301324941,0.999990567284908,0.00596114383415735,0.999991106039243,0.00415523301333758,0.462145960312572,0.00430481576272917,0.00426487975229928,0.00415523301390107,0.00601527284006666,0.00418158915975712,0.999990711948089,0.00415523301963223,0.085832192425195,0.999987475742519,0.0042648796337902,0.00426487972211837,0.00577769867586441,0.00498207001282914,0.00581770620040102,0.999990269208493,0.00429531683984901,0.00416626756044387,0.999988382247945,0.999987672845685,0.999986997434344,0.00426778236402357,0.0548862715486899,0.0041552329311238,0.00415523301467964,0.999990383735386,0.999984840038881,0.00667145094987006,0.00417564098012526,0.999988191157597,0.999990617009194,0.999975679944003,0.999990054844871,0.00561634553132921,0.111870114679446,0.00438452646372162,0.00421471563788263,0.423895116073851,0.00415523294080658,0.999989250058485,0.00604580944945588,0.999988011439672,0.00616817590105065,0.382759485780781,0.999989730140866,0.216213636656613,0.999986559099492,0.00421912704628734,0.00415523301472479,0.124952291421554,0.00444816986688093,0.00415523350173777,0.0232791181819808,0.0775144860917102,0.999988030959244,0.00498206980195402,0.999988759118269,0.435666260083863,0.00415523301109288,0.999991354947823,0.00498776106305244,0.0123646381737781,0.638909375595693,0.271065329437485,0.536640680307724,0.00804933988947659,0.00415523292892794,0.004265674465458,0.999986984547584,0.00415523299408114,0.0410274674251439,0.00759524351629424,0.0320602424348482,0.00415523302038635,0.0047672479495075,0.00451118210323283,0.127173343920987,0.00591848836314078,0.00415523418565624,0.999977269599445,0.999988042612114,0.00476889526276065,0.35050186129959,0.999990149412872,0.999985367832161,0.212851429329469,0.00576596033646595,0.00555755797222376,0.0041552329790052,0.00500246949359497,0.0041552335110697,0.999986923352814,0.0136330452540417,0.00907731049614194,0.530872335790663,0.0929059462829245,0.0273687334350812,0.00415523302510563,0.99998712847349,0.00437912689314984,0.00498206987601116,0.00561735792996011,0.999990727108866,0.999987418789877,0.0542100351289893,0.99998728053318,0.163996932791324,0.00426487971196346,0.999984727836332,0.00437846541696613,0.549385967331356,0.00528588688895236,0.00579221364792309,0.00558021590561395,0.00429113508810394,0.00629119048561051,0.681371075207513,0.00426487945621034,0.00563455375970615,0.999987825857238,0.00415996869010228,0.343354248600089,0.419772128178796,0.0778590815785993,0.0710670389192042,0.0524852067565124,0.123065145196235,0.00450035866010731,0.00932418998533078,0.316981869718109,0.0563422119770579,0.939340985809814,0.00497337780008896,0.999972668880681,0.00415523302001143
0.0049895093433996,0.162034155332173,0.954084033352914,0.00496411952997146,0.0049710008057203,0.0439245148750193,0.00496411945966904,0.0156988232791416,0.00504077334088038,0.0153065389422649,0.00496411953250935,0.363201279310275,0.999968390443225,0.469364044162538,0.172730568362138,0.00496411952603928,0.0049726855039037,0.999966610819283,0.999969149129582,0.00510483645220914,0.245060745537887,0.0205923103360688,0.00497501863309113,0.00498668013498753,0.00502450229918327,0.0049663266376002,0.00496411952325585,0.165983756175796,0.00501303622978287,0.0135273143501499,0.00496411952334401,0.0175992196540391,0.999969362854462,0.999965329493994,0.00496411952390751,0.00497811083403623,0.0546230697535097,0.032454022698466,0.00496411952963867,0.0171909250490664,0.0056127332097591,0.999965091433174,0.999965268866634,0.00508901000647075,0.00494987445870838,0.00497580305825619,0.00517107672226738,0.999968164809684,0.0271374646183514,0.00498668073141612,0.00501086751609682,0.00498668016367257,0.143640615807543,0.100804515557786,0.00496411944113024,0.00496411952468608,0.00502592202736675,0.999986136044063,0.485877125844086,0.00497355344145648,0.00499586864760422,0.00507177956673962,0.00535765038278562,0.00499078366914659,0.00497345098473438,0.00505976065467134,0.0185626357427781,0.0464983793373052,0.127317255893932,0.00496411945081302,0.00526535197281752,0.158744130254613,0.00510776900897199,0.00533707409302821,0.124095877263229,0.0591450076041869,0.0316781518764917,0.0172643339011473,0.0049844907121652,0.00496411952473123,0.927905287464507,0.557604221600389,0.00496412001174421,0.00537456214796698,0.0551051550040826,0.00509173420614755,0.00494987439408764,0.00526553500060334,0.0051263990681699,0.00496411952109932,0.0416127309432272,0.00495556718794954,0.999966981387298,0.726487612686946,0.00532967226143356,0.999936184951928,0.00496571607312862,0.00496411943893438,0.999965334265015,0.00498668015838928,0.00496411950408758,0.999968958538682,0.00511866512694407,0.0050528894245004,0.00496411953039278,0.999963975028512,0.999970964105225,0.941642431345468,0.00497698030700095,0.00496412069566268,0.0056273066884616,0.00508176790935204,0.0051522083733522,0.0151700702919406,0.00499193543228767,0.00521153184045951,0.999972416506913,0.00497519864037169,0.00508736422020023,0.00496411948901164,0.00497028999824841,0.00496412002107613,0.261498016490733,0.0358063686970085,0.00496613799168933,0.684261472682828,0.00500049235886315,0.00502370044476462,0.00496411953511207,0.00498668021739578,0.999966580712953,0.00494987441678177,0.0801949313971556,0.119326155692734,0.06949290079049,0.0245072433565798,0.0626521198419906,0.236820294559433,0.999965248467477,0.985590629396385,0.999966582522771,0.0120249453476752,0.00533233273059608,0.00497550529665042,0.871410684960088,0.999968139973242,0.335579835699365,0.0338348671247455,0.999964734711068,0.999956880955151,0.0053658417113856,0.00496557050683581,0.00566488785743663,0.00545280750944336,0.0441556034159444,0.0429174970384403,0.429754707015688,0.242916317225206,0.999968162062771,0.00496843878961704,0.174521286966042,0.0124232818708506,0.237635829926104,0.076968425527121,0.474507393337565,0.00496411953001787
0.0563368856854489,0.999985348290281,0.631770660730601,0.00415521417937043,0.00540665107907958,0.999987580027819,0.00415521410906801,0.29164209776151,0.153327310233308,0.00588141061469833,0.00415521418190832,0.999989358194683,0.00468769666238961,0.00605660867212431,0.0491199837488748,0.00415521417543825,0.00555088404896285,0.242823141509557,0.0252962123995956,0.999983204995626,0.005160824752783,0.0996296320799891,0.00575064991462886,0.999983059697509,0.99998424500357,0.00415742128699917,0.00415521417265482,0.99998866084714,0.00596366474059451,0.999988532031374,0.00415521417274298,0.462146204676786,0.00430301432086948,0.00426486091170469,0.00415521417330647,0.00601537180162379,0.00418157031916252,0.999987262437332,0.00415521417903763,0.0858563195425119,0.999985878823555,0.00426486079319561,0.00426486088152377,0.00577777540024385,0.00500649935354133,0.005817792701877,0.999986448600637,0.00429309705963178,0.00416624871984928,0.999984514472715,0.999983807198924,0.999983129664465,0.00426788502257603,0.054888242921431,0.0041552140905292,0.00415521417408505,0.999987954885153,0.999988334228258,0.0066681361817451,0.00417594112806118,0.999984323418618,0.999986749554245,0.999996255208955,0.999986447909466,0.0056164193334419,0.11187005341803,0.00438890626114942,0.00421487917433434,0.423893877571399,0.00415521410021199,0.999985386121752,0.00604830986043427,0.999984144133897,0.00619264671049747,0.382760465324214,0.999990207288695,0.216215117534211,0.999984108415247,0.00422037330743444,0.0041552141741302,0.1249545166413,0.0044480320820679,0.00415521466114317,0.0232973867496517,0.0775142910549801,0.999984163591417,0.00500649913841496,0.99998489241939,0.435689021261331,0.00415521417049828,0.999989397697245,0.00501219035495972,0.0123647339503652,0.638910755666159,0.271065384972053,0.536646173588294,0.00804930600383428,0.00415521408833334,0.00426559791669564,0.999983116777754,0.00415521415348655,0.0410282609878882,0.0076035482570526,0.0320652130993903,0.00415521417979175,0.00476642352015217,0.00451028290049294,0.127174774980503,0.00591858122071905,0.00415521534506165,0.999990153038348,0.999984175205721,0.0047812467913274,0.350524429158768,0.999986498310945,0.999993755348427,0.212854500139738,0.00576604357444569,0.00555762075375653,0.00415521413841061,0.00502689836751821,0.0041552146704751,0.999991439709456,0.0136330009270266,0.0090772726388932,0.530873697625599,0.0929055845501156,0.0273930749263237,0.00415521418451103,0.999983260703104,0.00437910805255524,0.00500649921396509,0.00561742175345677,0.999988433713534,0.999984697475336,0.0542202485664759,0.999984391836934,0.163996732250876,0.00426486087136887,0.999989379517136,0.00437844657637154,0.549387758118657,0.0052859167020906,0.00579229854164036,0.00553949776413704,0.00429111624750935,0.00629155032677132,0.681368772188745,0.00426486061561575,0.00559317806974192,0.999984336562576,0.00416004532744034,0.343362830827829,0.419773373443315,0.0778588376363276,0.0710668099016857,0.0524843495271383,0.123063939183819,0.00450034300442615,0.00932415118275427,0.316987524163084,0.0563432068358272,0.939347311515506,0.00497339004496564,0.999972344879385,0.00415521417941683
0.999984060693246,0.0033363999334743,0.00372305318146093,0.999980344165402,0.0029728650459729,0.0030171831184621,0.99998016244779,0.00318429448092369,0.999983383367286,0.00300230840526341,0.999980350725326,0.32442197996335,0.79773685037476,0.00359427102313044,0.999979133441849,0.999980334001491,0.00297321171454333,0.0291171017706307,0.171899817623175,0.272993754997355,0.00309871837933967,0.999985269873999,0.0029736916409888,0.00300022639888014,0.100801736525427,0.999981459435969,0.999980326806898,0.0151908974947753,0.00301087511841462,0.00305171630155214,0.999980327034774,0.0518436906099523,0.00310992773806606,0.00308731252619833,0.99998032849129,0.00297432805440739,0.9999839265076,0.00302191330603253,0.999980343305183,0.999758881007524,0.04228226335261,0.00308731240768925,0.00308731249601741,0.300383357904414,0.00296342072260098,0.00297385319326682,0.00301095508223988,0.0030963636405485,0.999982138654763,0.00300022699530873,0.0506637165779406,0.00300022642756518,0.999985455569677,0.00309829453489211,0.9999801145287,0.99998033050374,0.0480227358960336,0.297307891038672,0.438017617359699,0.999982634493287,0.0267590809920866,0.219705743939452,0.00337119664667822,0.00300432993303919,0.00297336923349363,0.00302478962992247,0.999985410631306,0.999983762219253,0.99998181548396,0.999980139556751,0.0030032948475553,0.00313206693754859,0.316117775929098,0.00334311786480899,0.00323315857673479,0.00734887422881817,0.00313845538955629,0.00310138252158976,0.999979902424723,0.999980330620457,0.00349512236687422,0.999981827336959,0.999981589451009,0.00326886052119118,0.999984555238098,0.274654023507029,0.00296342065798025,0.71229886591938,0.0031399453320625,0.99998032123268,0.00304536798981267,0.0140000449704863,0.00308949508550823,0.999979952042245,0.204379075053422,0.00325896052470421,0.999982053855855,0.999980108852846,0.0030875488035483,0.00300022642228189,0.999980277260763,0.00340758221664382,0.011588978887411,0.9999830678298,0.999980345254428,0.994308019289889,0.176763251127682,0.999984526364273,0.00297409544064267,0.99998335724266,0.161520975833034,0.248882577529634,0.999981423101384,0.00311202888335409,0.00300548169618027,0.103378582966876,0.00327583350567057,0.00297372884529201,0.302804803986794,0.999980238292499,0.0557518158234111,0.999981613572162,0.00332876743672146,0.999985526545015,0.999983698155418,0.00382231292710493,0.999983012394583,0.0823563172020429,0.999980357452826,0.00300022648128839,0.298538597348753,0.00296342068067438,0.318114967225519,0.0206860953077509,0.00309018416838385,0.00318740303592749,0.185459273642154,0.999985039537281,0.00308731248586251,0.00342191782089368,0.296827960933055,0.00330699150399836,0.952028591247876,0.00297379193770288,0.00344695977805277,0.0709822437333455,0.00314295158092804,0.999983657802489,0.00308731223010939,0.00350017878407893,0.672992500711841,0.999980955206507,0.331776245532871,0.99998141818185,0.999981958114321,0.999983752791748,0.00324340830994808,0.00322219334710141,0.00868280743713153,0.999984800764017,0.00335080802098143,0.113637893635167,0.00371276548698194,0.999984726700488,0.00378108143214711,0.999980344285339
0.00424116144272607,0.579945559141584,0.999989485890271,0.00421577162929794,0.999978692606909,0.00425528895389597,0.00421577155899552,0.999986809369338,0.0452023412599643,0.999976475694974,0.00421577163183582,0.0141635503676445,0.00466938422744481,0.99998607462257,0.00450960656326267,0.00421577162536575,0.999977545953813,0.00439972796284287,0.00439635009831293,0.0319638437014939,0.00433682421477353,0.00435980781016332,0.999975384039982,0.004238332234314,0.00427615439850974,0.0100327566126439,0.00421577162258233,0.00431213783961789,0.99997288086317,0.0681768685922723,0.00421577162267049,0.999987326406622,0.0446264146051608,0.00432541836163219,0.00421577162323398,0.999973664804205,0.00857527537972913,0.027323449216587,0.00421577162896514,0.0046256813359255,0.722544263985789,0.00432541824312311,0.00432541833145128,0.999977423193884,0.00420152655803485,0.999975305727325,0.0288208754233878,0.00433446947598236,0.00422680616977678,0.0042383328307426,0.0185295928527942,0.00423833226299905,0.103131438888841,0.999986366822201,0.00421577154045671,0.00421577162401255,0.00427757412669322,0.999988712707705,0.999973146095691,0.0163100998336308,0.00424752074693069,0.00773418381366598,0.00460930248211209,0.00462020512584713,0.999977032321476,0.999991111530394,0.0122126727273665,0.07749396723993,0.618232264399237,0.00421577155013949,0.012041836448269,0.999978711692057,0.00435942110829846,0.999981335135291,0.999988777543577,0.00431729133820511,0.999981878142639,0.156169098109558,0.00726319910648401,0.00421577162405771,0.999988982541171,0.0474676890323366,0.00421577211107068,0.999988246351767,0.219598464840625,0.00434338630547402,0.00420152649341412,0.0165249867845743,0.00442316971146994,0.00421577162042579,0.0246616641519592,0.00795866068294039,0.00432760092094209,0.0094865500988795,0.999986975160239,0.0311969237085756,0.0042173681724551,0.00421577153826085,0.00432565463898217,0.00423833225771576,0.00421577160341405,0.780987035469879,0.999980308294128,0.00430454152382687,0.00421577162971926,0.289475483381864,0.444862332916087,0.0346946404182826,0.999974501650844,0.00421577279498916,0.316647945729484,0.00433342000867851,0.00473777771407843,0.00867613627821505,0.00942298026592292,0.00474836607858236,0.333050453869802,0.999975803542588,0.99997916740304,0.00421577158833812,0.00422194209757489,0.00421577212040261,0.0955545873930902,0.120258195462665,0.0042177900910158,0.678576424919949,0.00425214445818962,0.0938341881747329,0.00421577163443854,0.00423833231672226,0.00443966550248275,0.00420152651610824,0.999979255831068,0.00429025626206868,0.147675689439123,0.999989242567797,0.0655799261253354,0.245950733350583,0.00432541832129638,0.00466002365632754,0.00443900402629905,0.999987193232715,0.999982318330945,0.999975562470939,0.0341227168916549,0.00435167369743685,0.999973258799496,0.00450584561327437,0.00432541806554325,0.00473828461951279,0.153547831022263,0.00421722260616229,0.999987049931973,0.569294768683884,0.233381454734208,0.0376156047103383,0.99998345088611,0.99998768981333,0.0260667200112379,0.010017532333288,0.999993719212542,0.999989266420627,0.999983642079688,0.767577465977302,0.770189653488344,0.00421577162934434
0.00498990074247189,0.162027225281555,0.954076120003707,0.00496409953488884,0.00497062102301246,0.0439243471011982,0.00496409946458642,0.015689176598341,0.00504075334579776,0.015308438973565,0.00496409953742673,0.363199284374819,0.999968162573407,0.469372336876239,0.172744149695469,0.00496409953095666,0.00497226451202596,0.999966703665191,0.999972339818945,0.00510473355503836,0.245081376608734,0.0206020536252763,0.00497454056553592,0.00498666013990491,0.00502448230410065,0.00496630664251758,0.00496409952817323,0.165982875706741,0.00501632631810414,0.0135269639324614,0.00496409952826139,0.0175905756292574,0.999971869435827,0.999968818232853,0.00496409952882489,0.00497755713215691,0.0546232248001843,0.0324535346204714,0.00496409953455605,0.0172290310867202,0.00560468968150493,0.999968580171194,0.999968757605279,0.00508855705090802,0.0049879776882619,0.00497530580721327,0.00517086417824892,0.999970440966792,0.0271375227842002,0.00498666073633351,0.00501083883969186,0.00498666016858995,0.143641274543359,0.100798871858381,0.00496409944604762,0.00496409952960346,0.00502814529448392,0.999979394227201,0.48587911250787,0.00497403086052719,0.0049958486525216,0.005071759571657,0.00539573821589404,0.00499117034542156,0.00497301126860407,0.00505828342765792,0.0185695446074785,0.0464988217363835,0.127316684504106,0.0049640994557304,0.00526532992205607,0.158750345997654,0.00510774901388937,0.00537493139271172,0.124088361529872,0.0591503212214029,0.0316688070969236,0.017258743943298,0.0049864434510574,0.00496409952964861,0.927902874654485,0.55760608396172,0.00496410001666159,0.00539815446507815,0.0551050148331078,0.00509171421106493,0.00498797761701198,0.00526551500552072,0.00516449575504224,0.0049640995260167,0.0416147060535762,0.00499367034139923,0.999970354776196,0.726487091737167,0.00532493362570796,0.999932255365585,0.004965696078046,0.00496409944385176,0.99996879115743,0.00498666016330666,0.00496409950900496,0.999970009389286,0.00513045642967378,0.00506081639863746,0.00496409953531016,0.999967017698488,0.999973966389996,0.941644180441471,0.0049764542594128,0.00496410070058006,0.00564553578068257,0.00508174791426942,0.00517147808969851,0.0152078109511015,0.00499225324036659,0.00523061819672218,0.99997201099987,0.0049747161747134,0.00508697443319533,0.00496409949392902,0.00500839249991546,0.00496410002599351,0.261503708812206,0.0358064486335998,0.00496611799660671,0.684271887007938,0.00500047236378053,0.00506180116797788,0.00496409954002945,0.00498666022231316,0.999970069053304,0.00498797764203421,0.0801948016218048,0.119325339256162,0.0694910513094936,0.0245113709882327,0.0626505346963461,0.236820177270619,0.999968737206051,0.985586966768658,0.999970070865461,0.0120114602602513,0.00533209230806356,0.00497501532961495,0.871404101480889,0.999971628629417,0.335580816466716,0.0338347559481952,0.999968223447831,0.999950267913402,0.00536421119446171,0.00496569939508437,0.00566920808860685,0.00545495469331839,0.0441555631817407,0.0429175632894119,0.429749702094713,0.242908473859106,0.999971647569477,0.00496841879453442,0.174512447164103,0.0124181458994138,0.237621760119418,0.0769685174720144,0.474490546765266,0.00496409953493525
0.0147857399937946,0.00462703900366072,0.0750598336975118,0.00401260440527448,0.00402081647417781,0.00812765466350704,0.00401260433497206,0.0434162076797234,0.00408925821618339,0.0666250131363203,0.00401260440781236,0.00436324286364363,0.0869549094926188,0.985882841920475,0.506103533054064,0.00401260440134229,0.00402265359806281,0.00425310366541799,0.00419814194845512,0.00415362796821821,0.999974769488516,0.26516088742275,0.00402519784046135,0.00403516501029054,0.00407298717448628,0.00401481151290321,0.00401260439855887,0.0168397921236893,0.103178199521336,0.0384771116872709,0.00401260439864703,0.00459122322033894,0.0201083672647819,0.00412225113760873,0.00401260439921052,0.00402856979989093,0.00403896054506657,0.00407186824770852,0.00401260440494168,0.999983525919815,0.016335844937948,0.00412225101909965,0.00412225110742782,0.00413909632885731,0.999974412058598,0.0040260532220805,0.00405284327069434,0.0238414938269442,0.00402363894575332,0.00403516560671914,0.00405938450213275,0.00403516503897559,0.00909900477218314,0.035639976126848,0.00401260431643325,0.00401260439998909,0.0626800325363747,0.00528720217440914,0.169927398767545,0.0170170719146966,0.00404435352290723,0.00412026444204264,0.99997995310461,0.0146636303962804,0.00402348833671503,0.00508100196246728,0.184374668523912,0.0130566095825955,0.00451431669503491,0.00401260432611603,0.00403828387454732,0.219226790061491,0.004156253884275,0.999974112330983,0.00791986394425951,0.154145475340933,0.00973763644840497,0.00433737133207611,0.0555710030253823,0.00401260440003425,0.00470799220392406,0.0053642385182873,0.00401260488704722,0.717260988433233,0.00416067845452533,0.00414021908145056,0.999974238805324,0.00431401987590635,0.999980007953552,0.00401260439640233,0.0646227904281249,0.99997811656141,0.00412635443274986,0.00465396175296739,0.00439561058489891,0.0172632771104719,0.00401420094843164,0.00401260431423739,0.00463669401499337,0.0040351650336923,0.00401260437939059,0.00452340203517417,0.335444727666475,0.211717364554852,0.0040126044056958,0.0118065898642231,0.0122134764881276,0.00455122639254271,0.00402733698434206,0.00401260557096569,0.631980381655111,0.00413025278465505,0.508147849622348,0.999979486451356,0.0128655882371425,0.503416858154858,0.00439510927341894,0.0040253941155762,0.00413721689284887,0.00401260436431465,0.999975811434053,0.00401260489637915,0.415837866727722,0.00407586218489327,0.00401462286699234,0.999982724248124,0.00404897723416616,0.999982759457514,0.00401260441041508,0.0040351650926988,0.00423649827845929,0.999974299650066,0.00418070595189288,0.0050190076309545,0.00418692234801855,0.343871050244618,0.00421394537549859,0.00431659165853295,0.00412225109727291,0.0109010014608169,0.00423583680227559,0.0311581785496875,0.00438163292949788,0.00402572851817166,0.99996343054538,0.00414850647341339,0.0145844051193266,0.00625611859933116,0.00412225084151979,0.999968964133638,0.00442028363271051,0.00790365900096644,0.330771656116899,0.105250081706017,0.00415515540773461,0.00407226968698044,0.0293430042620842,0.0915944853214305,0.00413277284128856,0.00401692366492006,0.207091345066337,0.00429400907697869,0.2335413097951,0.004344137338806,0.341322469424152,0.00401260440532088
0.999984060693246,0.0033363999334743,0.00372305318146093,0.999980344165402,0.0029728650459729,0.0030171831184621,0.99998016244779,0.00318429448092369,0.999983383367286,0.00300230840526341,0.999980350725326,0.32442197996335,0.79773685037476,0.00359427102313044,0.999979133441849,0.999980334001491,0.00297321171454333,0.0291171017706307,0.171899817623175,0.272993754997355,0.00309871837933967,0.999985269873999,0.0029736916409888,0.00300022639888014,0.100801736525427,0.999981459435969,0.999980326806898,0.0151908974947753,0.00301087511841462,0.00305171630155214,0.999980327034774,0.0518436906099523,0.00310992773806606,0.00308731252619833,0.99998032849129,0.00297432805440739,0.9999839265076,0.00302191330603253,0.999980343305183,0.999758881007524,0.04228226335261,0.00308731240768925,0.00308731249601741,0.300383357904414,0.00296342072260098,0.00297385319326682,0.00301095508223988,0.0030963636405485,0.999982138654763,0.00300022699530873,0.0506637165779406,0.00300022642756518,0.999985455569677,0.00309829453489211,0.9999801145287,0.99998033050374,0.0480227358960336,0.297307891038672,0.438017617359699,0.999982634493287,0.0267590809920866,0.219705743939452,0.00337119664667822,0.00300432993303919,0.00297336923349363,0.00302478962992247,0.999985410631306,0.999983762219253,0.99998181548396,0.999980139556751,0.0030032948475553,0.00313206693754859,0.316117775929098,0.00334311786480899,0.00323315857673479,0.00734887422881817,0.00313845538955629,0.00310138252158976,0.999979902424723,0.999980330620457,0.00349512236687422,0.999981827336959,0.999981589451009,0.00326886052119118,0.999984555238098,0.274654023507029,0.00296342065798025,0.71229886591938,0.0031399453320625,0.99998032123268,0.00304536798981267,0.0140000449704863,0.00308949508550823,0.999979952042245,0.204379075053422,0.00325896052470421,0.999982053855855,0.999980108852846,0.0030875488035483,0.00300022642228189,0.999980277260763,0.00340758221664382,0.011588978887411,0.9999830678298,0.999980345254428,0.994308019289889,0.176763251127682,0.999984526364273,0.00297409544064267,0.99998335724266,0.161520975833034,0.248882577529634,0.999981423101384,0.00311202888335409,0.00300548169618027,0.103378582966876,0.00327583350567057,0.00297372884529201,0.302804803986794,0.999980238292499,0.0557518158234111,0.999981613572162,0.00332876743672146,0.999985526545015,0.999983698155418,0.00382231292710493,0.999983012394583,0.0823563172020429,0.999980357452826,0.00300022648128839,0.298538597348753,0.00296342068067438,0.318114967225519,0.0206860953077509,0.00309018416838385,0.00318740303592749,0.185459273642154,0.999985039537281,0.00308731248586251,0.00342191782089368,0.296827960933055,0.00330699150399836,0.952028591247876,0.00297379193770288,0.00344695977805277,0.0709822437333455,0.00314295158092804,0.999983657802489,0.00308731223010939,0.00350017878407893,0.672992500711841,0.999980955206507,0.331776245532871,0.99998141818185,0.999981958114321,0.999983752791748,0.00324340830994808,0.00322219334710141,0.00868280743713153,0.999984800764017,0.00335080802098143,0.113637893635167,0.00371276548698194,0.999984726700488,0.00378108143214711,0.999980344285339
0.00499019231331542,0.162021749486511,0.954070013532571,0.00496408554491314,0.00497032446875884,0.0439242215818631,0.00496408547461072,0.0156815447644704,0.00504073935582206,0.015309828862723,0.00496408554745103,0.363197754277554,0.999967955047432,0.469379956598343,0.172754502084529,0.00496408554098096,0.00497193559357046,0.999966467242448,0.99997431061077,0.0051046544567403,0.245097587522412,0.0206092994903124,0.00497416682189338,0.00498664614992921,0.00502446831412494,0.00496629265254188,0.00496408553819753,0.165982221263793,0.00501875025731302,0.0135266370658632,0.00496408553828569,0.0175837820247128,0.999973408778323,0.999971001364794,0.00496408553884918,0.00497712398803287,0.0546233204189984,0.0324531578217694,0.00496408554458034,0.0172573309332696,0.005598355302427,0.999970763302609,0.999970940737086,0.0050882030293224,0.00501627952050367,0.00497491699754853,0.00517069900728792,0.999971829269021,0.0271375577375466,0.0049866467463578,0.00501081803171741,0.00498664617861425,0.143641707743199,0.100794355610851,0.00496408545607191,0.00496408553962775,0.00502979747556911,0.999973894044663,0.485880662997263,0.00497438632226678,0.0049958346625459,0.0050717455816813,0.00542402861250815,0.00499145840843252,0.00497266764479314,0.00505712340217172,0.0185746724895707,0.0464991356464794,0.127316181152603,0.0049640854657547,0.00526531438351101,0.15875499411775,0.00510773502391366,0.00540304071400968,0.124082425250357,0.059154265512773,0.0316614519779453,0.0172543559930772,0.00498789469874317,0.00496408553967291,0.92790056170272,0.557607246740186,0.00496408602668588,0.00541552186842476,0.0551048810368816,0.00509170022108922,0.00501627944432996,0.00526550101554501,0.00519279272774237,0.00496408553604099,0.0416161706461356,0.00502197211711527,0.999972455721343,0.726486501357798,0.00532121378485637,0.999929157626305,0.0049656820880703,0.00496408545387605,0.999970953407405,0.00498664617333096,0.00496408551902925,0.999970305149918,0.00513917818314219,0.00506670497775816,0.00496408554533446,0.999968908422533,0.99997583059856,0.941645140875128,0.00497604283397576,0.00496408671060436,0.00565883064758118,0.00508173392429371,0.00518579143023225,0.0152358599352029,0.00499249015189143,0.00524479534752959,0.999971346725829,0.00497433897695868,0.00508667002192613,0.00496408550395332,0.00503669379152343,0.00496408603601781,0.261507927532867,0.0358064964755787,0.004966104006631,0.684280092352843,0.00500045837380483,0.00509010113864875,0.00496408555005374,0.00498664623233746,0.999972251935705,0.00501627947108137,0.0801946592749078,0.119324724152575,0.0694896113380055,0.0245140568768004,0.0626492991171459,0.236819972498207,0.999970920337813,0.985584074628213,0.999972253749327,0.0120008325171549,0.00533190520228606,0.00497463224054802,0.871401423498301,0.999973811709582,0.335581386019292,0.033834671021141,0.999970406578459,0.999947541021395,0.00536293235847892,0.00496579598741059,0.00567207088920378,0.00545647838114865,0.0441555129474261,0.0429175983846159,0.429745721782719,0.242902441249621,0.99997382840083,0.00496840480455872,0.17450532756293,0.0124141107310318,0.237610285135358,0.0769685511597598,0.474477496141934,0.00496408554495954
0.0147857538285698,0.00462917640108736,0.0750565929478344,0.00401261609240769,0.0040209944423475,0.00812712129387488,0.00401261602210527,0.0434213204044113,0.0040892699033166,0.0666252561862577,0.00401261609494557,0.00435885797523661,0.0869550830367102,0.985883753415325,0.506103751746245,0.0040126160884755,0.00402285061164429,0.00424850375150106,0.00419774917701135,0.00415367796974631,0.999975367529077,0.265160923995499,0.0040254212323898,0.00403517669742375,0.00407299886161949,0.00401482320003642,0.00401261608569208,0.0168376116525524,0.103178454591445,0.0384777502731857,0.00401261608578024,0.00459523596209191,0.0201084158395487,0.00412226282474194,0.00401261608634373,0.00402882814731235,0.00403897223219978,0.00407163612685589,0.00401261609207489,0.999983710711508,0.0163397731176181,0.00412226270623286,0.00412226279456103,0.0041393081149165,0.999974622764212,0.00402628547993428,0.00405294087147171,0.0238415510586802,0.00402365063288653,0.00403517729385235,0.0040594002014642,0.0040351767261088,0.00909901746484546,0.0356431767677825,0.00401261600356646,0.0040126160871223,0.0626800559342338,0.00528317644045883,0.169927809930603,0.0170170861985307,0.00404436521004044,0.00412027612917585,0.999980163729849,0.0146636442064008,0.00402369400397972,0.00508170443427321,0.184374716651572,0.013056623660941,0.00451447974982453,0.00401261601324924,0.00403829144982139,0.21922709411562,0.00415626557140821,0.999974429748897,0.00792269351022233,0.154144753574381,0.009742049724207,0.00433979635373016,0.0555710250109759,0.00401261608716746,0.00470816429199718,0.00536425266366548,0.00401261657418043,0.717262839924162,0.0041607611814469,0.00414023076858377,0.999974449510903,0.00431403156303956,0.999980218625011,0.00401261608353554,0.0646223280741498,0.999978327266627,0.00412620946602892,0.00464984006672048,0.00439780305981327,0.01725453647647,0.00401421263556485,0.0040126160013706,0.00463670689479332,0.00403517672082551,0.0040126160665238,0.00452386421208462,0.335445207158514,0.211717417728343,0.00401261609282901,0.0118066182073615,0.0122135063751192,0.0045491836883517,0.00402758255093424,0.00401261725809891,0.631983181490263,0.00413026447178826,0.50814796200949,0.999979705175521,0.0128656016877434,0.503416969584788,0.0043916523367137,0.00402561954015137,0.00413739948464863,0.00401261605144787,0.999976022135867,0.00401261658351236,0.415837105017627,0.00407586216707523,0.00401463455412555,0.999983822194997,0.00404898892129937,0.999982970150044,0.00401261609754829,0.00403517677983201,0.0042365099655925,0.999974510355658,0.00418089072541098,0.00501734816030936,0.00418671114641841,0.343875136461933,0.00421377728067586,0.00431663550303402,0.00412226278440612,0.0108915286807555,0.0042358484894088,0.0311648572316949,0.00438174649035401,0.00402595740961641,0.999964650560928,0.0041485181605466,0.0145846785884757,0.00625579634468119,0.004122262528653,0.999970194311609,0.00442103964572451,0.00790367146533019,0.330775494616996,0.105250894104936,0.00415520081352471,0.0040722377336944,0.029344905742973,0.0915975760131592,0.00413278017541852,0.00401693535205327,0.207096889674163,0.0042963777840986,0.233551876502277,0.00434421411431995,0.341329607416963,0.00401261609245409
0.0563368360991545,0.999986901616067,0.631771295252842,0.00415523503904232,0.00540658439474293,0.999991276454653,0.0041552349687399,0.29163961584138,0.153327974039681,0.00587965765219473,0.0041552350415802,0.999989128342382,0.0046959062464697,0.00607644510936472,0.0491157823798432,0.00415523503511013,0.0055508073375556,0.242819424778275,0.0252959056463408,0.999987498165233,0.00516134158981145,0.0996232496207096,0.00575055931549106,0.999987374784507,0.999988559932578,0.00415744214667105,0.00415523503232671,0.999990798703745,0.00596084447155101,0.999991405813041,0.00415523503241487,0.462145957368962,0.0043050200910094,0.00426488177137657,0.00415523503297836,0.00601526279904059,0.00418159117883441,0.999991113880937,0.00415523503870952,0.0858293109424207,0.999987684178648,0.00426488165286749,0.00426488174119566,0.00577769091138981,0.00497915338443916,0.00581769743498718,0.999990711646229,0.00429556864572117,0.00416626957952116,0.999988829565984,0.999988119942992,0.999987444751764,0.00426776987505008,0.0548860608467093,0.00415523495020109,0.00415523503375693,0.999990659274406,0.999984489034219,0.00667181237539483,0.00417560491804408,0.999988638471442,0.999991064290179,0.999973209245776,0.999990471023763,0.00561633806602435,0.111870125911404,0.00438400323968734,0.00421469569941971,0.423895262889683,0.00415523495988387,0.999989696956016,0.00604549858670524,0.999988458703398,0.00616525518936849,0.382759397981971,0.999989665525498,0.216213492816709,0.999986859447381,0.00421897803629838,0.00415523503380209,0.124952056936,0.00444818538568698,0.00415523552081506,0.0232769507405653,0.0775145095430399,0.999988478230149,0.00497915317407155,0.999989206311781,0.435663536467559,0.00415523503017017,0.999991578697981,0.00498484444048884,0.0123646278308132,0.638909239475982,0.271065336722924,0.53664009476919,0.00804934364917687,0.00415523494800523,0.00426568303419884,0.999987431864998,0.00415523501315843,0.0410273844164811,0.00759425511983344,0.0320596484080989,0.00415523503946364,0.00476734139855325,0.0045112840390883,0.127173190060864,0.00591847894701514,0.00415523620473354,0.999975739067943,0.999988489887481,0.00476742049523492,0.350499159474337,0.999990570864399,0.999984352110934,0.212851099375365,0.00576595190515554,0.00555755163516087,0.00415523499808249,0.00499955292093071,0.00415523553014699,0.999986387954225,0.0136330502888807,0.00907731471533359,0.530872102330865,0.092905987972602,0.0273658269762809,0.00415523504418292,0.999987575790968,0.00437912891222713,0.00497915324795046,0.00561735148622522,0.999991001778648,0.999987742640693,0.0542088489373285,0.99998762243062,0.163996959558364,0.00426488173104075,0.99998424283113,0.00437846743604343,0.549385799865749,0.00528588392705912,0.00579220504710503,0.00558476213773678,0.00429113710718123,0.00629114940500224,0.681371343204738,0.00426488147528763,0.00563917532125302,0.999988234121677,0.00415995931093187,0.343353249946805,0.419771979795986,0.077859110209613,0.0710670655684747,0.0524853175917822,0.123065296828404,0.0045003603356756,0.00932419431389125,0.316981243312829,0.0563421118818599,0.939340299308061,0.00497337663676261,0.999972737850313,0.00415523503908872
0.00424116144272607,0.579945559141584,0.999989485890271,0.00421577162929794,0.999978692606909,0.00425528895389597,0.00421577155899552,0.999986809369338,0.0452023412599643,0.999976475694974,0.00421577163183582,0.0141635503676445,0.00466938422744481,0.99998607462257,0.00450960656326267,0.00421577162536575,0.999977545953813,0.00439972796284287,0.00439635009831293,0.0319638437014939,0.00433682421477353,0.00435980781016332,0.999975384039982,0.004238332234314,0.00427615439850974,0.0100327566126439,0.00421577162258233,0.00431213783961789,0.99997288086317,0.0681768685922723,0.00421577162267049,0.999987326406622,0.0446264146051608,0.00432541836163219,0.00421577162323398,0.999973664804205,0.00857527537972913,0.027323449216587,0.00421577162896514,0.0046256813359255,0.722544263985789,0.00432541824312311,0.00432541833145128,0.999977423193884,0.00420152655803485,0.999975305727325,0.0288208754233878,0.00433446947598236,0.00422680616977678,0.0042383328307426,0.0185295928527942,0.00423833226299905,0.103131438888841,0.999986366822201,0.00421577154045671,0.00421577162401255,0.00427757412669322,0.999988712707705,0.999973146095691,0.0163100998336308,0.00424752074693069,0.00773418381366598,0.00460930248211209,0.00462020512584713,0.999977032321476,0.999991111530394,0.0122126727273665,0.07749396723993,0.618232264399237,0.00421577155013949,0.012041836448269,0.999978711692057,0.00435942110829846,0.999981335135291,0.999988777543577,0.00431729133820511,0.999981878142639,0.156169098109558,0.00726319910648401,0.00421577162405771,0.999988982541171,0.0474676890323366,0.00421577211107068,0.999988246351767,0.219598464840625,0.00434338630547402,0.00420152649341412,0.0165249867845743,0.00442316971146994,0.00421577162042579,0.0246616641519592,0.00795866068294039,0.00432760092094209,0.0094865500988795,0.999986975160239,0.0311969237085756,0.0042173681724551,0.00421577153826085,0.00432565463898217,0.00423833225771576,0.00421577160341405,0.780987035469879,0.999980308294128,0.00430454152382687,0.00421577162971926,0.289475483381864,0.444862332916087,0.0346946404182826,0.999974501650844,0.00421577279498916,0.316647945729484,0.00433342000867851,0.00473777771407843,0.00867613627821505,0.00942298026592292,0.00474836607858236,0.333050453869802,0.999975803542588,0.99997916740304,0.00421577158833812,0.00422194209757489,0.00421577212040261,0.0955545873930902,0.120258195462665,0.0042177900910158,0.678576424919949,0.00425214445818962,0.0938341881747329,0.00421577163443854,0.00423833231672226,0.00443966550248275,0.00420152651610824,0.999979255831068,0.00429025626206868,0.147675689439123,0.999989242567797,0.0655799261253354,0.245950733350583,0.00432541832129638,0.00466002365632754,0.00443900402629905,0.999987193232715,0.999982318330945,0.999975562470939,0.0341227168916549,0.00435167369743685,0.999973258799496,0.00450584561327437,0.00432541806554325,0.00473828461951279,0.153547831022263,0.00421722260616229,0.999987049931973,0.569294768683884,0.233381454734208,0.0376156047103383,0.99998345088611,0.99998768981333,0.0260667200112379,0.010017532333288,0.999993719212542,0.999989266420627,0.999983642079688,0.767577465977302,0.770189653488344,0.00421577162934434
0.0563368413750296,0.999986032538571,0.631770592742061,0.00415523277283396,0.00540658892562753,0.99999021623825,0.00415523270253154,0.291639749803321,0.153327801387252,0.00588004478056196,0.00415523277537184,0.999988508178244,0.00469462049363624,0.00607452182901652,0.0491172496925165,0.00415523276890177,0.00555081264696212,0.242819695196763,0.0252959272452275,0.99998635992185,0.00516276689088453,0.099624705439009,0.00575056570316893,0.999986234512358,0.999987419702297,0.00415743988046269,0.00415523276611835,0.999989921222341,0.00596147046383388,0.999990525121266,0.00415523276620651,0.462145630656369,0.00430470058878785,0.00426487950516821,0.00415523276677,0.00601527061559899,0.00418158891262605,0.999990024740982,0.00415523277250116,0.0858354375625796,0.999986810839505,0.00426487938665913,0.0042648794749873,0.00577769682465295,0.00498537246380054,0.00581770418507871,0.999989576055203,0.00429517469561212,0.0041662673133128,0.999987689292173,0.999986979895955,0.999986304479535,0.00426779857052885,0.054886312724196,0.00415523268399273,0.00415523276754857,0.999989885178643,0.999984246784648,0.00667142010096384,0.00417568382506723,0.999987498208349,0.999989924111064,0.999978289204237,0.999989397127857,0.00561634372916868,0.111870040837098,0.00438512197958566,0.00421474224840121,0.423894826783497,0.00415523269367551,0.999988557170854,0.00604630006976469,0.99998731856839,0.0061714762081494,0.382759233847559,0.999989543305489,0.216213489450769,0.999985861360532,0.00421929770140332,0.00415523276759373,0.124952231614444,0.00444816194369202,0.0041552332546067,0.0232814643213078,0.0775144353757088,0.999987338076794,0.00498537225235112,0.999988066356212,0.43566926249694,0.00415523276396181,0.999990866663607,0.0049910635074308,0.0123646348315654,0.638909001170193,0.271065137647256,0.536640404529624,0.00804933693462623,0.00415523268179687,0.00426567049413387,0.999986291592783,0.00415523274695007,0.0410274473576978,0.00759633856928808,0.032060911423343,0.00415523277325528,0.0047671957302484,0.00451112505479468,0.127173291829201,0.00591848624112981,0.00415523393852518,0.999978650079821,0.999987349722723,0.0047705661254043,0.350504882414465,0.999989485729335,0.999986330553012,0.212851346514158,0.00576595837592219,0.00555755635504623,0.00415523273187414,0.00500577188150799,0.00415523326393863,0.999987203991263,0.0136330386474503,0.00907730682650519,0.530873295808413,0.0929058843240674,0.0273720201475639,0.00415523277797456,0.999986435518589,0.00437912664601877,0.00498537232660995,0.00561735629529298,0.999990063898893,0.999986738277208,0.0542111124390772,0.999986598156932,0.163996825369894,0.00426487946483239,0.999984172900719,0.00437846516983507,0.549385648597931,0.00528588582515703,0.00579221165958739,0.00557848843621252,0.00429113484097287,0.00629122257460531,0.681370613845308,0.00426487920907927,0.00563277546149243,0.999987131073846,0.00415998134105893,0.343355083629067,0.419772171090983,0.0778590304576325,0.0710669929451938,0.0524850354930524,0.123064947369256,0.00450035832697197,0.00932418614555949,0.316982125417321,0.0563421691771618,0.939340984128837,0.00497337703118101,0.999972180985498,0.00415523277288036
0.014785738509027,0.00462575974442471,0.0750600996296682,0.00401259745164,0.00402072928285585,0.00812777735254286,0.00401259738133757,0.0434137636811125,0.00408925126254891,0.0666249331618604,0.00401259745417788,0.00436425920307962,0.0869550045206395,0.985883577363809,0.506103840962244,0.00401259744770781,0.00402255721651789,0.00425417005155789,0.00419822913164492,0.00415360252625513,0.999975429154597,0.265161023143948,0.00402508873023971,0.00403515805665606,0.0040729802208518,0.00401480455926873,0.00401259744492438,0.0168403064551804,0.103178135115459,0.0384767959092251,0.00401259744501254,0.00458928477312539,0.0201083823439433,0.00412224418397425,0.00401259744557604,0.00402844382215402,0.00403895359143209,0.00407188485031395,0.0040125974513072,0.999984031610971,0.016333955156973,0.00412224406546517,0.00412224415379334,0.00413899281896226,0.99997491189593,0.004025939833672,0.00405279423598603,0.0238415140769966,0.00402363199211884,0.00403515865308466,0.00405937561244161,0.00403515808534111,0.00909900035603388,0.0356384439700406,0.00401259736279877,0.00401259744635461,0.0626800554035392,0.00528751010011833,0.169927402908033,0.0170170715734356,0.00404434656927275,0.00412025748840815,0.99998045273727,0.0146636288487304,0.00402338777939914,0.00508066226121166,0.184374753477775,0.0130566074498783,0.00451418039949586,0.00401259737248155,0.0040382778779388,0.219226811832084,0.00415624693064052,0.999974560440026,0.00791833239030208,0.154145722914156,0.00973550522711012,0.00433616620913803,0.0555710222962807,0.00401259744639976,0.0047074514737308,0.00536423303125212,0.00401259793341274,0.717260525140922,0.00416062492262402,0.00414021212781608,0.999974738642568,0.00431401292227187,0.999980507703909,0.00401259744276785,0.0646229234975561,0.99997861639773,0.00412638393994766,0.00465491683269248,0.00439455130820868,0.0172652773383688,0.00401419399479715,0.00401259736060291,0.00463668777290889,0.00403515808005781,0.00401259742575611,0.00452305179000382,0.335444695484621,0.211717463244228,0.00401259745206132,0.011806592851342,0.0122134803954872,0.00455169588581496,0.00402721717390002,0.00401259861733121,0.631979408971579,0.00413024583102057,0.508148099096431,0.999979989027778,0.0128655857740933,0.503417105191445,0.00439579426063045,0.00402528402451588,0.00413712747042833,0.00401259741068017,0.999976311261708,0.00401259794274467,0.415837797569626,0.00407585795555987,0.00401461591335786,0.99998231003169,0.00404897028053168,0.999983259261528,0.0040125974567806,0.00403515813906431,0.00423649132482481,0.999974799487341,0.00418061547670026,0.00501939019201974,0.00418680427157269,0.343869264968872,0.00421383938744726,0.00431649645890006,0.00412224414363843,0.0109032103111417,0.0042358298486411,0.0311549715058081,0.00438157681744995,0.004025616754199,0.99996434680046,0.00414849951977891,0.0145842781352119,0.00625619072695962,0.00412224388788531,0.999969884563289,0.00441991751011327,0.00790365402651205,0.330769999895173,0.10524974935039,0.00415512486199307,0.00407227157576878,0.0293420238123347,0.0915929701503009,0.00413276690080579,0.00401691671128557,0.207088527063606,0.00429286119493172,0.23353635019205,0.00434409897725356,0.341318732491158,0.0040125974516864
0.999984060693246,0.0033363999334743,0.00372305318146093,0.999980344165402,0.0029728650459729,0.0030171831184621,0.99998016244779,0.00318429448092369,0.999983383367286,0.00300230840526341,0.999980350725326,0.32442197996335,0.79773685037476,0.00359427102313044,0.999979133441849,0.999980334001491,0.00297321171454333,0.0291171017706307,0.171899817623175,0.272993754997355,0.00309871837933967,0.999985269873999,0.0029736916409888,0.00300022639888014,0.100801736525427,0.999981459435969,0.999980326806898,0.0151908974947753,0.00301087511841462,0.00305171630155214,0.999980327034774,0.0518436906099523,0.00310992773806606,0.00308731252619833,0.99998032849129,0.00297432805440739,0.9999839265076,0.00302191330603253,0.999980343305183,0.999758881007524,0.04228226335261,0.00308731240768925,0.00308731249601741,0.300383357904414,0.00296342072260098,0.00297385319326682,0.00301095508223988,0.0030963636405485,0.999982138654763,0.00300022699530873,0.0506637165779406,0.00300022642756518,0.999985455569677,0.00309829453489211,0.9999801145287,0.99998033050374,0.0480227358960336,0.297307891038672,0.438017617359699,0.999982634493287,0.0267590809920866,0.219705743939452,0.00337119664667822,0.00300432993303919,0.00297336923349363,0.00302478962992247,0.999985410631306,0.999983762219253,0.99998181548396,0.999980139556751,0.0030032948475553,0.00313206693754859,0.316117775929098,0.00334311786480899,0.00323315857673479,0.00734887422881817,0.00313845538955629,0.00310138252158976,0.999979902424723,0.999980330620457,0.00349512236687422,0.999981827336959,0.999981589451009,0.00326886052119118,0.999984555238098,0.274654023507029,0.00296342065798025,0.71229886591938,0.0031399453320625,0.99998032123268,0.00304536798981267,0.0140000449704863,0.00308949508550823,0.999979952042245,0.204379075053422,0.00325896052470421,0.999982053855855,0.999980108852846,0.0030875488035483,0.00300022642228189,0.999980277260763,0.00340758221664382,0.011588978887411,0.9999830678298,0.999980345254428,0.994308019289889,0.176763251127682,0.999984526364273,0.00297409544064267,0.99998335724266,0.161520975833034,0.248882577529634,0.999981423101384,0.00311202888335409,0.00300548169618027,0.103378582966876,0.00327583350567057,0.00297372884529201,0.302804803986794,0.999980238292499,0.0557518158234111,0.999981613572162,0.00332876743672146,0.999985526545015,0.999983698155418,0.00382231292710493,0.999983012394583,0.0823563172020429,0.999980357452826,0.00300022648128839,0.298538597348753,0.00296342068067438,0.318114967225519,0.0206860953077509,0.00309018416838385,0.00318740303592749,0.185459273642154,0.999985039537281,0.00308731248586251,0.00342191782089368,0.296827960933055,0.00330699150399836,0.952028591247876,0.00297379193770288,0.00344695977805277,0.0709822437333455,0.00314295158092804,0.999983657802489,0.00308731223010939,0.00350017878407893,0.672992500711841,0.999980955206507,0.331776245532871,0.99998141818185,0.999981958114321,0.999983752791748,0.00324340830994808,0.00322219334710141,0.00868280743713153,0.999984800764017,0.00335080802098143,0.113637893635167,0.00371276548698194,0.999984726700488,0.00378108143214711,0.999980344285339
0.00424116144272607,0.579945559141584,0.999989485890271,0.00421577162929794,0.999978692606909,0.00425528895389597,0.00421577155899552,0.999986809369338,0.0452023412599643,0.999976475694974,0.00421577163183582,0.0141635503676445,0.00466938422744481,0.99998607462257,0.00450960656326267,0.00421577162536575,0.999977545953813,0.00439972796284287,0.00439635009831293,0.0319638437014939,0.00433682421477353,0.00435980781016332,0.999975384039982,0.004238332234314,0.00427615439850974,0.0100327566126439,0.00421577162258233,0.00431213783961789,0.99997288086317,0.0681768685922723,0.00421577162267049,0.999987326406622,0.0446264146051608,0.00432541836163219,0.00421577162323398,0.999973664804205,0.00857527537972913,0.027323449216587,0.00421577162896514,0.0046256813359255,0.722544263985789,0.00432541824312311,0.00432541833145128,0.999977423193884,0.00420152655803485,0.999975305727325,0.0288208754233878,0.00433446947598236,0.00422680616977678,0.0042383328307426,0.0185295928527942,0.00423833226299905,0.103131438888841,0.999986366822201,0.00421577154045671,0.00421577162401255,0.00427757412669322,0.999988712707705,0.999973146095691,0.0163100998336308,0.00424752074693069,0.00773418381366598,0.00460930248211209,0.00462020512584713,0.999977032321476,0.999991111530394,0.0122126727273665,0.07749396723993,0.618232264399237,0.00421577155013949,0.012041836448269,0.999978711692057,0.00435942110829846,0.999981335135291,0.999988777543577,0.00431729133820511,0.999981878142639,0.156169098109558,0.00726319910648401,0.00421577162405771,0.999988982541171,0.0474676890323366,0.00421577211107068,0.999988246351767,0.219598464840625,0.00434338630547402,0.00420152649341412,0.0165249867845743,0.00442316971146994,0.00421577162042579,0.0246616641519592,0.00795866068294039,0.00432760092094209,0.0094865500988795,0.999986975160239,0.0311969237085756,0.0042173681724551,0.00421577153826085,0.00432565463898217,0.00423833225771576,0.00421577160341405,0.780987035469879,0.999980308294128,0.00430454152382687,0.00421577162971926,0.289475483381864,0.444862332916087,0.0346946404182826,0.999974501650844,0.00421577279498916,0.316647945729484,0.00433342000867851,0.00473777771407843,0.00867613627821505,0.00942298026592292,0.00474836607858236,0.333050453869802,0.999975803542588,0.99997916740304,0.00421577158833812,0.00422194209757489,0.00421577212040261,0.0955545873930902,0.120258195462665,0.0042177900910158,0.678576424919949,0.00425214445818962,0.0938341881747329,0.00421577163443854,0.00423833231672226,0.00443966550248275,0.00420152651610824,0.999979255831068,0.00429025626206868,0.147675689439123,0.999989242567797,0.0655799261253354,0.245950733350583,0.00432541832129638,0.00466002365632754,0.00443900402629905,0.999987193232715,0.999982318330945,0.999975562470939,0.0341227168916549,0.00435167369743685,0.999973258799496,0.00450584561327437,0.00432541806554325,0.00473828461951279,0.153547831022263,0.00421722260616229,0.999987049931973,0.569294768683884,0.233381454734208,0.0376156047103383,0.99998345088611,0.99998768981333,0.0260667200112379,0.010017532333288,0.999993719212542,0.999989266420627,0.999983642079688,0.767577465977302,0.770189653488344,0.00421577162934434
0.0049895272201298,0.162023931051866,0.954084135480014,0.00496406554982964,0.00497032590886382,0.0439249803147383,0.00496406547952722,0.0156800622051876,0.00504071936073855,0.0153061541997844,0.00496406555236752,0.363205491750818,0.999975011518931,0.469371815523152,0.17273465720058,0.00496406554589745,0.00497193948880803,0.999975061767882,0.999975746061196,0.00510463940074242,0.245067985379026,0.0205941035050576,0.00497417411754781,0.0049866261548457,0.00502444831904144,0.00496627265745837,0.00496406554311403,0.165985789233934,0.00501281003815036,0.0135248687946482,0.00496406554320219,0.0175842930923392,0.999975808076276,0.999971748620463,0.00496406554376568,0.00497713578977889,0.0546233387000915,0.0324538170818964,0.00496406554949684,0.0171976152589799,0.00559814102928109,0.999971510558096,0.999971687992709,0.00508820882887119,0.00495647933757345,0.00497492543610406,0.00517069478982353,0.999974616266651,0.0271375548338227,0.0049866267512743,0.00501079855384397,0.00498662618353075,0.143641496655739,0.100793297799747,0.00496406546098841,0.00496406554454425,0.00502625987049922,0.99998608961324,0.485880091220116,0.00497358634301856,0.00499581466746239,0.0050717255865978,0.00536425257240396,0.00499080072096122,0.00497267265557182,0.00505713437604355,0.0185638740886076,0.0464986539556837,0.127316687229691,0.00496406547067119,0.00526530159791095,0.158745641725624,0.00510771502883016,0.00534327760697544,0.124083895545333,0.0591466434145683,0.0316618151020626,0.0172549028193399,0.00498478130301709,0.00496406554458941,0.927904618079107,0.557607763106883,0.00496406603160238,0.00537293574140182,0.0551049988815289,0.00509168022600572,0.00495647927179482,0.00526548102046151,0.00513300280424624,0.00496406554095749,0.0416134732040697,0.00496217205352181,0.99997346954647,0.726494070889602,0.00532147491381521,0.999945863865218,0.0049656620929868,0.00496406545879255,0.999971754223773,0.00498662617824746,0.00496406552394575,0.999972032888996,0.0051193263047551,0.00505422351549031,0.00496406555025096,0.999970402634947,0.999977394493266,0.941649351211336,0.00497605298815276,0.00496406671552086,0.00562150329644622,0.00508171392921021,0.00515552366403977,0.0151767126205193,0.00499194045511965,0.00521481510424075,0.999978841682479,0.00497434653464038,0.00508667205806049,0.00496406550886981,0.00497689474997594,0.00496406604093431,0.261495638363823,0.0358065201347844,0.0049660840115475,0.684258534582738,0.00500043837872132,0.00503030488585544,0.00496406555497024,0.00498662623725396,0.999972999104233,0.00495647929489559,0.0801947194809908,0.119327587795059,0.069491214764826,0.0244943821154912,0.0626506617821198,0.236820668197879,0.99997166759342,0.985601160920989,0.999973000918366,0.0120002292121377,0.00533189833968296,0.00497464024514179,0.871420509162568,0.999974558947171,0.335581031289513,0.0338351586417366,0.99997115383367,0.999967516555109,0.00536300831399741,0.00496554253165868,0.00565296703871336,0.00545051227045842,0.0441555810669739,0.0429176915090456,0.429749067023929,0.242905119674088,0.999974583057895,0.00496838480947522,0.174499281477571,0.0124144262592714,0.2375994288332,0.0769685948289316,0.474477806874762,0.00496406554987604
0.0563368541407405,0.999986418633527,0.631771062365055,0.0041552291460976,0.00540660241668671,0.999990201590536,0.00415522907579518,0.291640302148076,0.153327781265344,0.0058801851968095,0.00415522914863548,0.999989181972838,0.00469349896089444,0.00607078095316978,0.0491171221854241,0.00415522914216541,0.00555082809865057,0.242820491265663,0.0252959937505696,0.999986250113274,0.00516138469180889,0.0996251870369731,0.00575058387037539,0.999986120714725,0.999987305908718,0.00415743625372633,0.00415522913938199,0.999990172840062,0.00596169422699798,0.999990574570499,0.00415522913947015,0.46214599254394,0.00430443132002469,0.00426487587843185,0.00415522914003364,0.00601529238129746,0.00418158528588969,0.999989992208491,0.0041552291457648,0.0858374817853837,0.999987127305148,0.00426487575992277,0.00426487584825094,0.0057777137970936,0.00498742252775126,0.00581772326498754,0.999989471881386,0.00429484308583009,0.00416626368657644,0.999987575494379,0.999986866517274,0.999986190681895,0.00426780511278706,0.05488667439471,0.00415522905725637,0.00415522914081221,0.999989892234543,0.999985563979093,0.00667075686113086,0.00417570699393444,0.999987384411593,0.999989810322438,0.999980228403189,0.999989305238632,0.00561636007171024,0.111870098963184,0.00438548641717512,0.00421475189737631,0.423894856244649,0.00415522906693915,0.999988444109865,0.00604636865069901,0.999987204784034,0.00617353646480156,0.382759675291076,0.999989868864671,0.216213925864567,0.999986036123174,0.00421940034546202,0.00415522914085737,0.124952748207746,0.0044481405989267,0.00415522962787034,0.0232831046667555,0.0775144449497672,0.999987224290662,0.00498742231594472,0.999987952589228,0.4356712645794,0.00415522913722545,0.999990962429863,0.00499311356728181,0.0123646583704891,0.638909667797587,0.271065330838317,0.536641830808289,0.00804933287724374,0.00415522905506051,0.0042656582711412,0.999986177795144,0.00415522912021371,0.0410276290550827,0.00759705936992555,0.032061332840251,0.00415522914651892,0.00476707208716012,0.00451099027679245,0.127173644588428,0.00591850669110626,0.00415523031178881,0.999980106190295,0.999987235935487,0.00477160163166616,0.350506822360406,0.999989390130143,0.999987246082491,0.212852071838057,0.00576597675237939,0.00555757032208486,0.00415522910513777,0.00500782190624759,0.00415522963720227,0.999987931491058,0.0136330360758405,0.00907730265544031,0.530872707212832,0.0929058708824598,0.0273740676079217,0.0041552291512382,0.999986321720934,0.00437912301928241,0.00498742239032896,0.00561737048692852,0.999990250697711,0.99998684902514,0.0542122337790605,0.999986676132907,0.163996889797639,0.00426487583809603,0.999985706818025,0.00437846154309871,0.549386315804408,0.00528589268580755,0.00579223039294136,0.00557159422774907,0.00429113121423651,0.00629126705811872,0.681370595544519,0.00426487558234291,0.00562579103229486,0.999987094558972,0.00415998573463863,0.343356105208567,0.419772410279279,0.0778590304832956,0.0710669912286278,0.0524850071380606,0.123064869095591,0.00450035545509866,0.00932418194743576,0.316983056206555,0.0563424084391631,0.939342308623084,0.00497338010496575,0.999972575101029,0.004155229146144
0.00498978102860109,0.162019922710545,0.954078819359702,0.00496405730145777,0.0049701174321998,0.0439248366847725,0.00496405723115535,0.015674805480366,0.00504071111236669,0.0153074006915154,0.00496405730399566,0.363203850247724,0.999974367417329,0.469377802659091,0.172743396244498,0.00496405729752559,0.00497170807849891,0.999974274541716,0.999977038323232,0.00510458501586566,0.245081569715025,0.0206003108385574,0.0049739109435964,0.00498661790647384,0.00502444007066958,0.00496626440908651,0.00496405729474216,0.165985068376655,0.00501494923566208,0.0135247685972059,0.00496405729483032,0.0175794796468414,0.999976728243668,0.9999732408969,0.00496405729539381,0.00497683052396416,0.0546234053090624,0.0324535040405529,0.00496405730112497,0.0172218839313453,0.00559370340757688,0.999973002834174,0.999973180269055,0.00508795963019579,0.00498075546898678,0.00497465158619631,0.00517057909729664,0.999975402202919,0.0271375800113015,0.00498661850290243,0.0050107854741599,0.00498661793515888,0.143641818469233,0.100790201472979,0.00496405721261654,0.00496405729617239,0.00502768057342247,0.999981336378985,0.485881234115586,0.00497389494597093,0.00499580641909053,0.00507171733822593,0.00538851889632793,0.00499105152102478,0.00497243082487897,0.00505631813142613,0.0185682701799869,0.0464989105683326,0.127316297695483,0.00496405722229933,0.00526529173282901,0.158749598244211,0.0051077067804583,0.00536741567765736,0.124079615351263,0.0591499746852319,0.0316566179129715,0.0172517779573393,0.00498602968027217,0.00496405729621754,0.927902704661376,0.557608549682434,0.00496405778323051,0.00538826403580449,0.0551048968719677,0.00509167197763385,0.00498075539898538,0.00526547277208964,0.00515727476799127,0.00496405729258562,0.0416147005625205,0.00498644813645722,0.999974884392248,0.726493106956205,0.00531884065695661,0.999942468212862,0.00496565384461493,0.00496405721042068,0.999973227944968,0.00498661792987559,0.00496405727557388,0.999972126020423,0.00512691175182126,0.00505927746268332,0.00496405730187909,0.999971635299714,0.999978603478932,0.941649727869786,0.00497576311244905,0.00496405846714899,0.00563358334908053,0.00508170568083834,0.00516780290401019,0.015200763660177,0.00499214738634882,0.00522697754438767,0.999977834728261,0.00497408091306541,0.005086458013825,0.00496405726049795,0.00500117041772777,0.00496405779256244,0.26149950852811,0.035806552522964,0.00496607576317563,0.684265904773988,0.00500043013034946,0.00505457942073753,0.00496405730659837,0.00498661798888209,0.999974491210246,0.00498075542356914,0.0801946160235099,0.119326945779631,0.0694900851507305,0.024497711230476,0.0626496935228002,0.236820475966151,0.999973159869735,0.985597880890006,0.99997449302538,0.0119928017374421,0.00533176741946597,0.00497437044891534,0.87141728348181,0.999976051188248,0.335581461796357,0.0338350634369319,0.99997264610921,0.999964193328787,0.00536210378122009,0.00496562912152237,0.00565637853897267,0.00545202043507446,0.0441555413316444,0.0429177099041266,0.429746030495326,0.242900688312742,0.999976073171241,0.00496837656110335,0.174494721521915,0.0124115664009814,0.23759215965124,0.0769686163037782,0.474468620396272,0.00496405730150417
0.00424116144272607,0.579945559141584,0.999989485890271,0.00421577162929794,0.999978692606909,0.00425528895389597,0.00421577155899552,0.999986809369338,0.0452023412599643,0.999976475694974,0.00421577163183582,0.0141635503676445,0.00466938422744481,0.99998607462257,0.00450960656326267,0.00421577162536575,0.999977545953813,0.00439972796284287,0.00439635009831293,0.0319638437014939,0.00433682421477353,0.00435980781016332,0.999975384039982,0.004238332234314,0.00427615439850974,0.0100327566126439,0.00421577162258233,0.00431213783961789,0.99997288086317,0.0681768685922723,0.00421577162267049,0.999987326406622,0.0446264146051608,0.00432541836163219,0.00421577162323398,0.999973664804205,0.00857527537972913,0.027323449216587,0.00421577162896514,0.0046256813359255,0.722544263985789,0.00432541824312311,0.00432541833145128,0.999977423193884,0.00420152655803485,0.999975305727325,0.0288208754233878,0.00433446947598236,0.00422680616977678,0.0042383328307426,0.0185295928527942,0.00423833226299905,0.103131438888841,0.999986366822201,0.00421577154045671,0.00421577162401255,0.00427757412669322,0.999988712707705,0.999973146095691,0.0163100998336308,0.00424752074693069,0.00773418381366598,0.00460930248211209,0.00462020512584713,0.999977032321476,0.999991111530394,0.0122126727273665,0.07749396723993,0.618232264399237,0.00421577155013949,0.012041836448269,0.999978711692057,0.00435942110829846,0.999981335135291,0.999988777543577,0.00431729133820511,0.999981878142639,0.156169098109558,0.00726319910648401,0.00421577162405771,0.999988982541171,0.0474676890323366,0.00421577211107068,0.999988246351767,0.219598464840625,0.00434338630547402,0.00420152649341412,0.0165249867845743,0.00442316971146994,0.00421577162042579,0.0246616641519592,0.00795866068294039,0.00432760092094209,0.0094865500988795,0.999986975160239,0.0311969237085756,0.0042173681724551,0.00421577153826085,0.00432565463898217,0.00423833225771576,0.00421577160341405,0.780987035469879,0.999980308294128,0.00430454152382687,0.00421577162971926,0.289475483381864,0.444862332916087,0.0346946404182826,0.999974501650844,0.00421577279498916,0.316647945729484,0.00433342000867851,0.00473777771407843,0.00867613627821505,0.00942298026592292,0.00474836607858236,0.333050453869802,0.999975803542588,0.99997916740304,0.00421577158833812,0.00422194209757489,0.00421577212040261,0.0955545873930902,0.120258195462665,0.0042177900910158,0.678576424919949,0.00425214445818962,0.0938341881747329,0.00421577163443854,0.00423833231672226,0.00443966550248275,0.00420152651610824,0.999979255831068,0.00429025626206868,0.147675689439123,0.999989242567797,0.0655799261253354,0.245950733350583,0.00432541832129638,0.00466002365632754,0.00443900402629905,0.999987193232715,0.999982318330945,0.999975562470939,0.0341227168916549,0.00435167369743685,0.999973258799496,0.00450584561327437,0.00432541806554325,0.00473828461951279,0.153547831022263,0.00421722260616229,0.999987049931973,0.569294768683884,0.233381454734208,0.0376156047103383,0.99998345088611,0.99998768981333,0.0260667200112379,0.010017532333288,0.999993719212542,0.999989266420627,0.999983642079688,0.767577465977302,0.770189653488344,0.00421577162934434
0.0147857537739897,0.00462688072351421,0.0750566660050492,0.00401260392334368,0.00402084302344878,0.00812729357004828,0.00401260385304126,0.0434170886935269,0.00408925773425259,0.066625132831804,0.00401260392588156,0.00436028555849501,0.0869553142856676,0.985885476428535,0.506104448286024,0.00401260391941149,0.00402268324341966,0.00425000174944344,0.00419786945652469,0.00415363371480367,0.999976878697529,0.265161222377593,0.00402523177397056,0.00403516452835974,0.00407298669255548,0.00401481103097241,0.00401260391662807,0.0168383409660195,0.10317836690916,0.0384772022501891,0.00401260391671623,0.00459187150104107,0.0201084565360054,0.00412225065567793,0.00401260391727972,0.00402860941588206,0.00403896006313577,0.00407163604029285,0.00401260392301088,0.999984829274629,0.0163364962064484,0.00412225053716885,0.00412225062549702,0.00413912837567757,0.999975733224594,0.0040260885968642,0.00405285548109372,0.0238416041621494,0.00402363846382252,0.00403516512478834,0.00405938467243833,0.00403516455704479,0.00909901091805016,0.035640523828914,0.00401260383450245,0.00401260391805829,0.0626801098233856,0.00528321081537278,0.169927894292182,0.017017088677015,0.00404435304097643,0.00412026396011183,0.999981273736845,0.0146636440127466,0.00402351938884359,0.00508111502888689,0.184374908123524,0.013056622242636,0.00451422588029095,0.00401260384418523,0.00403828062727325,0.219227198389363,0.0041562534023442,0.999975450341761,0.00791998519757272,0.154145161568148,0.00973835121461579,0.00433769450783517,0.0555710709337777,0.00401260391810345,0.00470708608849266,0.00536424401397053,0.00401260440511642,0.717262209789825,0.00416066441313975,0.00414021859951976,0.99997555997109,0.00431401939397555,0.999981328892728,0.00401260391447153,0.0646225353552443,0.999979437724767,0.0041262485966067,0.00465118145882446,0.00439596461912809,0.0172573309789308,0.00401420046650084,0.00401260383230659,0.00463669643322164,0.0040351645517615,0.00401260389745979,0.00452321773443064,0.335445232068408,0.211717639576777,0.004012603923765,0.0118066298920305,0.0122135202682712,0.00454984078643698,0.00402737452263882,0.00401260508903489,0.631981646444461,0.00413025230272425,0.508148517872072,0.999980822766256,0.0128655994661006,0.503417520047894,0.0043925405030991,0.00402542837951926,0.00413724419375261,0.00401260388238385,0.999977132574814,0.00401260441444835,0.41583687970523,0.00407585383104686,0.00401462238506154,0.999983215547252,0.00404897675223536,0.999984080536621,0.00401260392848428,0.004035164610768,0.00423649779652849,0.999975620815913,0.00418073360746407,0.00501788444063828,0.00418643919725569,0.343872115551788,0.00421353637692638,0.0043164479259197,0.00412225061534211,0.0108946400818756,0.00423583632034479,0.0311592982426349,0.00438164900850041,0.00402576334570065,0.999966805047149,0.00414850599148259,0.0145844606471774,0.0062558964360604,0.00412225035958899,0.999972359270493,0.00442040415088587,0.00790366368049163,0.330772699779215,0.10525034180208,0.00415514546027954,0.00407223717143046,0.0293431886907966,0.0915949482278818,0.00413276943183816,0.00401692318298926,0.207091969476905,0.00429438448038177,0.233543326327567,0.0043441474378602,0.341323060866524,0.00401260392339008
0.999984060693246,0.0033363999334743,0.00372305318146093,0.999980344165402,0.0029728650459729,0.0030171831184621,0.99998016244779,0.00318429448092369,0.999983383367286,0.00300230840526341,0.999980350725326,0.32442197996335,0.79773685037476,0.00359427102313044,0.999979133441849,0.999980334001491,0.00297321171454333,0.0291171017706307,0.171899817623175,0.272993754997355,0.00309871837933967,0.999985269873999,0.0029736916409888,0.00300022639888014,0.100801736525427,0.999981459435969,0.999980326806898,0.0151908974947753,0.00301087511841462,0.00305171630155214,0.999980327034774,0.0518436906099523,0.00310992773806606,0.00308731252619833,0.99998032849129,0.00297432805440739,0.9999839265076,0.00302191330603253,0.999980343305183,0.999758881007524,0.04228226335261,0.00308731240768925,0.00308731249601741,0.300383357904414,0.00296342072260098,0.00297385319326682,0.00301095508223988,0.0030963636405485,0.999982138654763,0.00300022699530873,0.0506637165779406,0.00300022642756518,0.999985455569677,0.00309829453489211,0.9999801145287,0.99998033050374,0.0480227358960336,0.297307891038672,0.438017617359699,0.999982634493287,0.0267590809920866,0.219705743939452,0.00337119664667822,0.00300432993303919,0.00297336923349363,0.00302478962992247,0.999985410631306,0.999983762219253,0.99998181548396,0.999980139556751,0.0030032948475553,0.00313206693754859,0.316117775929098,0.00334311786480899,0.00323315857673479,0.00734887422881817,0.00313845538955629,0.00310138252158976,0.999979902424723,0.999980330620457,0.00349512236687422,0.999981827336959,0.999981589451009,0.00326886052119118,0.999984555238098,0.274654023507029,0.00296342065798025,0.71229886591938,0.0031399453320625,0.99998032123268,0.00304536798981267,0.0140000449704863,0.00308949508550823,0.999979952042245,0.204379075053422,0.00325896052470421,0.999982053855855,0.999980108852846,0.0030875488035483,0.00300022642228189,0.999980277260763,0.00340758221664382,0.011588978887411,0.9999830678298,0.999980345254428,0.994308019289889,0.176763251127682,0.999984526364273,0.00297409544064267,0.99998335724266,0.161520975833034,0.248882577529634,0.999981423101384,0.00311202888335409,0.00300548169618027,0.103378582966876,0.00327583350567057,0.00297372884529201,0.302804803986794,0.999980238292499,0.0557518158234111,0.999981613572162,0.00332876743672146,0.999985526545015,0.999983698155418,0.00382231292710493,0.999983012394583,0.0823563172020429,0.999980357452826,0.00300022648128839,0.298538597348753,0.00296342068067438,0.318114967225519,0.0206860953077509,0.00309018416838385,0.00318740303592749,0.185459273642154,0.999985039537281,0.00308731248586251,0.00342191782089368,0.296827960933055,0.00330699150399836,0.952028591247876,0.00297379193770288,0.00344695977805277,0.0709822437333455,0.00314295158092804,0.999983657802489,0.00308731223010939,0.00350017878407893,0.672992500711841,0.999980955206507,0.331776245532871,0.99998141818185,0.999981958114321,0.999983752791748,0.00324340830994808,0.00322219334710141,0.00868280743713153,0.999984800764017,0.00335080802098143,0.113637893635167,0.00371276548698194,0.999984726700488,0.00378108143214711,0.999980344285339
0.999984060693246,0.0033363999334743,0.00372305318146093,0.999980344165402,0.0029728650459729,0.0030171831184621,0.99998016244779,0.00318429448092369,0.999983383367286,0.00300230840526341,0.999980350725326,0.32442197996335,0.79773685037476,0.00359427102313044,0.999979133441849,0.999980334001491,0.00297321171454333,0.0291171017706307,0.171899817623175,0.272993754997355,0.00309871837933967,0.999985269873999,0.0029736916409888,0.00300022639888014,0.100801736525427,0.999981459435969,0.999980326806898,0.0151908974947753,0.00301087511841462,0.00305171630155214,0.999980327034774,0.0518436906099523,0.00310992773806606,0.00308731252619833,0.99998032849129,0.00297432805440739,0.9999839265076,0.00302191330603253,0.999980343305183,0.999758881007524,0.04228226335261,0.00308731240768925,0.00308731249601741,0.300383357904414,0.00296342072260098,0.00297385319326682,0.00301095508223988,0.0030963636405485,0.999982138654763,0.00300022699530873,0.0506637165779406,0.00300022642756518,0.999985455569677,0.00309829453489211,0.9999801145287,0.99998033050374,0.0480227358960336,0.297307891038672,0.438017617359699,0.999982634493287,0.0267590809920866,0.219705743939452,0.00337119664667822,0.00300432993303919,0.00297336923349363,0.00302478962992247,0.999985410631306,0.999983762219253,0.99998181548396,0.999980139556751,0.0030032948475553,0.00313206693754859,0.316117775929098,0.00334311786480899,0.00323315857673479,0.00734887422881817,0.00313845538955629,0.00310138252158976,0.999979902424723,0.999980330620457,0.00349512236687422,0.999981827336959,0.999981589451009,0.00326886052119118,0.999984555238098,0.274654023507029,0.00296342065798025,0.71229886591938,0.0031399453320625,0.99998032123268,0.00304536798981267,0.0140000449704863,0.00308949508550823,0.999979952042245,0.204379075053422,0.00325896052470421,0.999982053855855,0.999980108852846,0.0030875488035483,0.00300022642228189,0.999980277260763,0.00340758221664382,0.011588978887411,0.9999830678298,0.999980345254428,0.994308019289889,0.176763251127682,0.999984526364273,0.00297409544064267,0.99998335724266,0.161520975833034,0.248882577529634,0.999981423101384,0.00311202888335409,0.00300548169618027,0.103378582966876,0.00327583350567057,0.00297372884529201,0.302804803986794,0.999980238292499,0.0557518158234111,0.999981613572162,0.00332876743672146,0.999985526545015,0.999983698155418,0.00382231292710493,0.999983012394583,0.0823563172020429,0.999980357452826,0.00300022648128839,0.298538597348753,0.00296342068067438,0.318114967225519,0.0206860953077509,0.00309018416838385,0.00318740303592749,0.185459273642154,0.999985039537281,0.00308731248586251,0.00342191782089368,0.296827960933055,0.00330699150399836,0.952028591247876,0.00297379193770288,0.00344695977805277,0.0709822437333455,0.00314295158092804,0.999983657802489,0.00308731223010939,0.00350017878407893,0.672992500711841,0.999980955206507,0.331776245532871,0.99998141818185,0.999981958114321,0.999983752791748,0.00324340830994808,0.00322219334710141,0.00868280743713153,0.999984800764017,0.00335080802098143,0.113637893635167,0.00371276548698194,0.999984726700488,0.00378108143214711,0.999980344285339
0.00499019819004599,0.161944915340016,0.954068768605085,0.00496368857854852,0.00496530833532305,0.0439275347572796,0.0049636885082461,0.0155415346830965,0.00504034238945744,0.0153061712858365,0.00496368858108641,0.363227740136393,1.0000153834857,0.46944685728133,0.1727825568904,0.00496368857461634,0.00496639039235336,1.00002406941074,1.00001728960391,0.00510319314416432,0.245152034819284,0.0206195564269974,0.00496788884925365,0.00498624918356459,0.00502407134776033,0.00496589568617726,0.00496368857183291,0.165996858192683,0.00501585745533393,0.0135080090081907,0.00496368857192107,0.0174726694343072,1.00001622556973,1.0000125773492,0.00496368857248456,0.00496987497705032,0.0546250173757354,0.0324515366683231,0.00496368857821572,0.0172948393874187,0.00548966204374035,1.00001233927697,1.00001251671893,0.00508224745934643,0.00505321336603307,0.00496839273590803,0.00516786176788424,1.00001493797479,0.0271380957651089,0.00498624977999318,0.00501030960938412,0.00498624921224963,0.143647343546737,0.100710077242037,0.00496368848970729,0.00496368857326314,0.00503159714393328,0.999968668420557,0.485901986083311,0.00497447643102156,0.00499543769618128,0.00507134861531668,0.00546094738161626,0.00499145966053179,0.00496688205050847,0.00503757855898604,0.0185816112860012,0.0465008371482962,0.127311242591596,0.00496368849939008,0.00526494333666463,0.158764285283915,0.00510733805754905,0.00543699345705108,0.123992654726182,0.0591644443002287,0.0315397359678604,0.0171841522654387,0.00498942946196422,0.00496368857330829,0.927890216215877,0.557630235110355,0.00496368906032126,0.00539469114021781,0.0551034232607691,0.0050913032547246,0.00505321328336797,0.00526510404918039,0.00522972016658391,0.00496368856967637,0.0416208591462467,0.0050589058881227,1.00001457618972,0.726530886456299,0.00526023610934284,0.999997284749702,0.00496528512170568,0.00496368848751143,1.00001256946064,0.00498624920696634,0.00496368855266464,0.99998710034064,0.00514004151912,0.00507408979837246,0.00496368857896984,1.00001102348952,1.00001800860837,0.941691213863969,0.00496914886519651,0.00496368974423974,0.00560797455020836,0.00508133695792909,0.00520428322775673,0.0152733128174372,0.00499242396725897,0.00526310759621327,1.00001374502824,0.00496800453886135,0.00508152544738697,0.0049636885375887,0.00507362692429589,0.00496368906965319,0.261487425658441,0.0358074387184928,0.00496570704026638,0.684257434093817,0.00500006140744021,0.00512703252993358,0.00496368858368912,0.00498624926597284,1.00001382315298,0.00505321331239909,0.0801926209329954,0.119334994061983,0.0694768459803643,0.0244141435610255,0.062638246355126,0.236821375284635,1.0000124963188,0.985658406104339,1.00001382499459,0.0118166675196458,0.00532867825749305,0.00496820149531822,0.871494141551204,1.00001538670488,0.335588104526388,0.0338367245770659,1.00001198253778,1.00004587238005,0.00534185855685043,0.00496554480975308,0.00557939765107202,0.00543817342953821,0.0441551144257494,0.0429188238906235,0.429702556590604,0.242819704273661,1.00001541919351,0.0049680078381941,0.174339804965894,0.0123481941490005,0.237335856503523,0.0769693698716599,0.474257747500756,0.00496368857859492
0.0147857306484174,0.00462572077262476,0.0750618576135856,0.0040125969701825,0.00402070613020318,0.00812798693618089,0.00401259689988008,0.0434130410783501,0.00408925078109141,0.0666248590850032,0.00401259697272038,0.00436597767267906,0.0869547894540608,0.985882188860471,0.506103363322316,0.00401259696625031,0.00402253146716353,0.00425597259075289,0.00419838678337359,0.00415359682091196,0.999974324078803,0.265160850332893,0.00402505938439194,0.00403515757519856,0.0040729797393943,0.00401480407781123,0.00401259696346689,0.0168411510022963,0.103178036100868,0.0384767149299534,0.00401259696355505,0.00458873960728216,0.0201083342893218,0.00412224370251675,0.00401259696411854,0.00402840971038212,0.00403895310997459,0.00407201352394203,0.0040125969698497,0.999983357642757,0.0163334130137857,0.00412224358400767,0.00412224367233584,0.00413896505548932,0.999974227600495,0.00402590927902058,0.00405278267700006,0.0238414548575334,0.00402363151066134,0.00403515817162716,0.00405937458395042,0.00403515760388361,0.00909899644502328,0.0356379933672511,0.00401259688134127,0.00401259696489711,0.062680014684823,0.0052897250708043,0.169927128804204,0.0170170621698905,0.00404434608781525,0.00412025700695065,0.999979768717999,0.0146636210728333,0.00402336085017878,0.00508056695862385,0.184374628765338,0.0130566001488057,0.00451421667103634,0.00401259689102405,0.00403827900411537,0.219226587628764,0.00415624644918302,0.999973861851208,0.00791811560859499,0.154145917371803,0.00973490468276429,0.00433587097114025,0.055570986430013,0.00401259696494227,0.00470789433714267,0.00536422938132013,0.00401259745195524,0.717259803827572,0.00416062729212639,0.00414021164635858,0.999974054347251,0.00431401244081437,0.999979823525829,0.00401259696131035,0.0646230754925607,0.99997793210366,0.00412644470622848,0.00465653239683125,0.00439425349239204,0.0172687280344278,0.00401419351333965,0.00401259687914541,0.00463668575420259,0.00403515759860032,0.00401259694429861,0.00452311823696551,0.33544441280149,0.211717320218463,0.00401259697060382,0.0118065708975855,0.0122134564527439,0.00455250036110725,0.00402718480470009,0.00401259813587371,0.63197861475848,0.00413024534956307,0.508147752616585,0.999979296602813,0.0128655792334809,0.503416762000518,0.00439726753217983,0.00402525440153169,0.00413710368737774,0.00401259692922267,0.999975626979329,0.00401259746128717,0.415838325681968,0.00407586205044552,0.00401461543190036,0.999981984961649,0.00404896979907418,0.999982575011049,0.0040125969753231,0.00403515765760682,0.00423649084336731,0.999974115191982,0.00418059139618844,0.00502004248266624,0.00418705709031493,0.343868503111868,0.00421405280271936,0.00431656573016884,0.00412224366218093,0.0109069089956087,0.00423582936718361,0.0311540435042308,0.00438156244626032,0.00402558665853266,0.99996256611077,0.00414849903832141,0.0145842351093582,0.00625631932654066,0.00412224340642781,0.999968092854399,0.0044198155453016,0.00790365087454323,0.330769262695002,0.105249573274954,0.00415512724644792,0.00407228949687207,0.0293418257347882,0.0915925660468759,0.00413276812126367,0.00401691622982808,0.20708790606775,0.00429254298601196,0.23353475704071,0.00434408962147452,0.341318036077546,0.0040125969702289
0.0563368910439001,0.999985717894128,0.631771028228146,0.00415521275263093,0.00540665706519161,0.999987783885476,0.00415521268232851,0.291642353789986,0.153327334593744,0.00588140421201982,0.00415521275516881,0.999989814721728,0.00468738486325524,0.0060550929461912,0.0491196236000698,0.00415521274869874,0.00555089088412425,0.242823481074736,0.025296240887071,0.999983377438935,0.0051598350031828,0.0996295839805034,0.00575065792574378,0.999983230502763,0.999984415802487,0.00415741986025966,0.00415521274591532,0.99998895952214,0.00596365267909597,0.999988733718817,0.00415521274600348,0.462146455910016,0.00430294160588396,0.00426485948496518,0.00415521274656697,0.00601538137106361,0.00418156889242302,0.999987463472282,0.00415521275229813,0.085856126608396,0.999986216526639,0.00426485936645611,0.00426485945478427,0.00577778289396612,0.00500629090437848,0.00581780110823716,0.999986623392914,0.00429300761443215,0.00416624729310977,0.99998468527822,0.999983978173794,0.99998330046973,0.004267882539317,0.0548883774931803,0.0041552126637897,0.00415521274734554,0.99998811349396,0.999989038112946,0.00666787784376317,0.00417593700018912,0.999984494222501,0.999986920345418,0.999996218863874,0.999986616504632,0.00561642655438673,0.111870100296399,0.00438886652247406,0.00421487467961341,0.423893979613632,0.00415521267347248,0.99998555719414,0.00604818356189781,0.999984314918395,0.00619244310277885,0.382760722586665,0.999990394976148,0.21621534194176,0.999984398214548,0.00422036116806053,0.0041552127473907,0.124954740771753,0.00444802590379978,0.00415521323440367,0.0232973137604266,0.0775143106972093,0.999984334378692,0.0050062906892881,0.99998506317673,0.435688887306964,0.00415521274375878,0.999989587773894,0.00501198190621014,0.0123647441063516,0.638911132583528,0.271065524043199,0.536646815526208,0.00804930525033103,0.00415521266159384,0.00426559418465695,0.999983287583017,0.00415521272674704,0.0410283399336293,0.00760349587583406,0.0320651732985172,0.00415521275305225,0.0047663899008077,0.00451024629666338,0.127174929013662,0.0059185902203862,0.00415521391832215,0.999990308514733,0.999984345994722,0.00478114061471839,0.350524264275365,0.999986667280169,0.999993822287455,0.212854810218445,0.00576605167617653,0.00555762694599118,0.00415521271167111,0.00502668992230803,0.0041552132437356,0.99999163871025,0.0136330018894224,0.00907727206311152,0.53087315164548,0.0929055984671274,0.0273928703499384,0.00415521275777153,0.999983431508392,0.00437910662581574,0.0050062907648256,0.00561742804295299,0.999988712802527,0.999984953403432,0.0542203651362154,0.999984635368643,0.163996791337544,0.00426485944462936,0.999990150967481,0.00437844514963204,0.549388130486663,0.00528591981690796,0.00579230679792514,0.00553725338947467,0.00429111482076984,0.00629155830942613,0.681368908336254,0.00426485918887624,0.0055909131876498,0.999984539521162,0.00416004309221235,0.343362982957976,0.419773456648988,0.0778588535659761,0.0710668234440822,0.0524843917405062,0.123063969791412,0.00450034189954048,0.00932415064927415,0.316987820078525,0.0563433179611103,0.939347851370072,0.00497339151988296,0.999972654787591,0.00415521275267733
0.00424116144272607,0.579945559141584,0.999989485890271,0.00421577162929794,0.999978692606909,0.00425528895389597,0.00421577155899552,0.999986809369338,0.0452023412599643,0.999976475694974,0.00421577163183582,0.0141635503676445,0.00466938422744481,0.99998607462257,0.00450960656326267,0.00421577162536575,0.999977545953813,0.00439972796284287,0.00439635009831293,0.0319638437014939,0.00433682421477353,0.00435980781016332,0.999975384039982,0.004238332234314,0.00427615439850974,0.0100327566126439,0.00421577162258233,0.00431213783961789,0.99997288086317,0.0681768685922723,0.00421577162267049,0.999987326406622,0.0446264146051608,0.00432541836163219,0.00421577162323398,0.999973664804205,0.00857527537972913,0.027323449216587,0.00421577162896514,0.0046256813359255,0.722544263985789,0.00432541824312311,0.00432541833145128,0.999977423193884,0.00420152655803485,0.999975305727325,0.0288208754233878,0.00433446947598236,0.00422680616977678,0.0042383328307426,0.0185295928527942,0.00423833226299905,0.103131438888841,0.999986366822201,0.00421577154045671,0.00421577162401255,0.00427757412669322,0.999988712707705,0.999973146095691,0.0163100998336308,0.00424752074693069,0.00773418381366598,0.00460930248211209,0.00462020512584713,0.999977032321476,0.999991111530394,0.0122126727273665,0.07749396723993,0.618232264399237,0.00421577155013949,0.012041836448269,0.999978711692057,0.00435942110829846,0.999981335135291,0.999988777543577,0.00431729133820511,0.999981878142639,0.156169098109558,0.00726319910648401,0.00421577162405771,0.999988982541171,0.0474676890323366,0.00421577211107068,0.999988246351767,0.219598464840625,0.00434338630547402,0.00420152649341412,0.0165249867845743,0.00442316971146994,0.00421577162042579,0.0246616641519592,0.00795866068294039,0.00432760092094209,0.0094865500988795,0.999986975160239,0.0311969237085756,0.0042173681724551,0.00421577153826085,0.00432565463898217,0.00423833225771576,0.00421577160341405,0.780987035469879,0.999980308294128,0.00430454152382687,0.00421577162971926,0.289475483381864,0.444862332916087,0.0346946404182826,0.999974501650844,0.00421577279498916,0.316647945729484,0.00433342000867851,0.00473777771407843,0.00867613627821505,0.00942298026592292,0.00474836607858236,0.333050453869802,0.999975803542588,0.99997916740304,0.00421577158833812,0.00422194209757489,0.00421577212040261,0.0955545873930902,0.120258195462665,0.0042177900910158,0.678576424919949,0.00425214445818962,0.0938341881747329,0.00421577163443854,0.00423833231672226,0.00443966550248275,0.00420152651610824,0.999979255831068,0.00429025626206868,0.147675689439123,0.999989242567797,0.0655799261253354,0.245950733350583,0.00432541832129638,0.00466002365632754,0.00443900402629905,0.999987193232715,0.999982318330945,0.999975562470939,0.0341227168916549,0.00435167369743685,0.999973258799496,0.00450584561327437,0.00432541806554325,0.00473828461951279,0.153547831022263,0.00421722260616229,0.999987049931973,0.569294768683884,0.233381454734208,0.0376156047103383,0.99998345088611,0.99998768981333,0.0260667200112379,0.010017532333288,0.999993719212542,0.999989266420627,0.999983642079688,0.767577465977302,0.770189653488344,0.00421577162934434
0.0563368193038583,0.999986850858913,0.631771074984598,0.00415524016096792,0.00540656705815946,0.999991765717661,0.0041552400906655,0.291638929364187,0.153328073833412,0.005879325994333,0.00415524016350581,0.999988640346,0.00469775100550897,0.00608154532918201,0.0491152738650879,0.00415524015703573,0.00555078742863096,0.242818401038641,0.0252958205605029,0.999988130166232,0.00516227520174907,0.0996220552260755,0.00575053584381293,0.99998801221741,0.999989197342217,0.00415744726859665,0.00415524015425231,0.999990904401632,0.00596031192121376,0.999991742416976,0.00415524015434047,0.46214569225457,0.0043054678084607,0.00426488689330217,0.00415524015490396,0.00601523460614907,0.00418159630076001,0.999991636313656,0.00415524016063512,0.0858242644406605,0.99998771433137,0.0042648867747931,0.00426488686312126,0.00577766900724172,0.00497405904018365,0.0058176727658456,0.999991336069672,0.00429612023118646,0.00416627470144676,0.99998946699981,0.999988756800042,0.999988082184712,0.00426774967704883,0.0548855381761533,0.00415524007212669,0.00415524015568253,0.99999099658831,0.999983102482326,0.00667273943212101,0.00417554350450011,0.999989275899313,0.999991701671389,0.999968748495423,0.999991054052882,0.00561631698830244,0.111870097860149,0.00438309175477311,0.00421466402902497,0.423895423858084,0.00415524008180948,0.999990333336059,0.00604506396989485,0.999989096060101,0.00616014841008784,0.382758970165298,0.999989351237863,0.216212998996879,0.999987105995137,0.00421871927996381,0.00415524015572769,0.124951392870597,0.00444822003558737,0.00415524064274066,0.0232730803343223,0.0775145317356977,0.999989115597047,0.00497405883070278,0.999989843568782,0.435658716358902,0.00415524015209577,0.999991787698283,0.00497975010641318,0.012364598000591,0.638908589381182,0.271065206184592,0.536638338372454,0.00804935124273778,0.00415524006993083,0.00426570248221229,0.999988069297937,0.00415524013508403,0.0410271501666845,0.00759250985142006,0.0320586080730214,0.00415524016138924,0.00476754651765312,0.00451150771865566,0.127172744464284,0.00591845248034794,0.00415524132665914,0.999972791715962,0.999989127260714,0.00476484537291272,0.350494411173353,0.99999116310581,0.999982433414909,0.212850166257673,0.0057659281589409,0.00555753367409345,0.0041552401200081,0.00499445867403927,0.00415524065207259,0.999985199620752,0.0136330583931191,0.0090773229613592,0.53087223858063,0.0929060494256551,0.0273607471353438,0.00415524016610852,0.999988213223999,0.00437913403415273,0.00497405890427028,0.00561733323048715,0.999991207945457,0.99998806469798,0.054206568833962,0.999987990549293,0.163996946264515,0.00426488685296636,0.999982533650016,0.00437847255796903,0.549385110112884,0.00528587528955683,0.00579218083264264,0.00559537650136939,0.00429114222910683,0.00629106634457792,0.681371689113077,0.00426488659721323,0.00564994820236763,0.999988767245872,0.0041599445178183,0.343351274603809,0.419771623512349,0.0778591457275823,0.0710670998877063,0.052485475151249,0.123065540946457,0.0045003644863719,0.0093242027152175,0.316979794233331,0.0563418147765141,0.939338491624782,0.00497337296761967,0.999972538353991,0.00415524016101432
0.00499011390538348,0.162005134096003,0.954071688872981,0.0049639972437056,0.00496922187947603,0.0439250571310116,0.00496399717340318,0.0156505442981059,0.00504065105461451,0.0153085779174553,0.00496399724624348,0.363205401521358,0.999979433226433,0.469393980657723,0.172758323385041,0.00496399723977341,0.00497071683028196,0.999980379461638,0.999984076005545,0.00510433244377185,0.245106127430841,0.0206097072915334,0.00497278715485223,0.00498655784872166,0.0050243800129174,0.00496620435133433,0.00496399723698999,0.165985930584685,0.00501738940315622,0.0135223242018529,0.00496399723707815,0.0175593861450453,0.999983263101404,0.999980368732182,0.00496399723764164,0.00497553109800226,0.0546237038368993,0.0324528910927639,0.0049639972433728,0.0172582980487214,0.00557440192444599,0.999980130667736,0.999980308103898,0.00508689415625173,0.00501710801299409,0.00497348324976237,0.00517007546090585,0.999981798031648,0.027137680071821,0.00498655844515026,0.00501070525673392,0.00498655787740671,0.143642941157956,0.100775687577375,0.00496399715486437,0.00496399723842021,0.00502976312070706,0.999974438824432,0.485885389004046,0.0049743099829582,0.00499574636133835,0.00507165728047376,0.00542485673474228,0.00499137988692597,0.00497139609540315,0.00505282349277504,0.01857488447714,0.046499458213792,0.127315175022929,0.00496399716454715,0.00526523275466091,0.158755933361703,0.00510764672270612,0.00540321744747302,0.124062866465764,0.0591555934759418,0.0316347059579018,0.0172389721846115,0.00498785383817301,0.00496399723846537,0.927898916969983,0.557612440549749,0.00496399772547834,0.00540573605934056,0.0551045827694694,0.00509161191988168,0.00501710793666096,0.00526541271433747,0.0051936210628933,0.00496399723483345,0.0416168860373054,0.00502280060777554,0.999981977493679,0.726497339129088,0.00530782302241842,0.999946439330796,0.00496559378686276,0.00496399715266851,0.999980336526397,0.00498655787212342,0.00496399721782171,0.99997434311954,0.00513694506885343,0.00506680778659884,0.00496399724412692,0.999978491067593,0.999985436146852,0.941655940087549,0.00497452790498606,0.00496399840939682,0.00564307708324237,0.00508164562308617,0.00518616701123935,0.0152368866059997,0.00499240997423095,0.00524516651906266,0.999981768904692,0.00497294691109337,0.00508553922922969,0.00496399720274577,0.00503752226650951,0.00496399773481027,0.261502015528477,0.0358067122433431,0.00496601570542346,0.68427274280955,0.00500037007259728,0.00509092957086628,0.0049639972488462,0.00498655793112992,0.999981618229154,0.00501710796346836,0.0801942285997752,0.119327371474412,0.0694870173561592,0.0244896629591739,0.0626470502524157,0.236820399815416,0.999980287704431,0.985602769491288,0.99998162004908,0.0119602179539626,0.0053311954874494,0.00497321902732551,0.871424633742837,0.999983178854145,0.335582863702467,0.0338351920747084,0.999979773940197,0.999972115056945,0.00535830378688944,0.00496571126657436,0.00564933713237017,0.00545172139140172,0.0441554402108319,0.0429178863367897,0.429736702728643,0.242884620819607,0.999983199986298,0.00496831650335118,0.174468200896756,0.012399640376589,0.23754857994017,0.0769687470284797,0.474429315015079,0.004963997243752
0.00424116144272607,0.579945559141584,0.999989485890271,0.00421577162929794,0.999978692606909,0.00425528895389597,0.00421577155899552,0.999986809369338,0.0452023412599643,0.999976475694974,0.00421577163183582,0.0141635503676445,0.00466938422744481,0.99998607462257,0.00450960656326267,0.00421577162536575,0.999977545953813,0.00439972796284287,0.00439635009831293,0.0319638437014939,0.00433682421477353,0.00435980781016332,0.999975384039982,0.004238332234314,0.00427615439850974,0.0100327566126439,0.00421577162258233,0.00431213783961789,0.99997288086317,0.0681768685922723,0.00421577162267049,0.999987326406622,0.0446264146051608,0.00432541836163219,0.00421577162323398,0.999973664804205,0.00857527537972913,0.027323449216587,0.00421577162896514,0.0046256813359255,0.722544263985789,0.00432541824312311,0.00432541833145128,0.999977423193884,0.00420152655803485,0.999975305727325,0.0288208754233878,0.00433446947598236,0.00422680616977678,0.0042383328307426,0.0185295928527942,0.00423833226299905,0.103131438888841,0.999986366822201,0.00421577154045671,0.00421577162401255,0.00427757412669322,0.999988712707705,0.999973146095691,0.0163100998336308,0.00424752074693069,0.00773418381366598,0.00460930248211209,0.00462020512584713,0.999977032321476,0.999991111530394,0.0122126727273665,0.07749396723993,0.618232264399237,0.00421577155013949,0.012041836448269,0.999978711692057,0.00435942110829846,0.999981335135291,0.999988777543577,0.00431729133820511,0.999981878142639,0.156169098109558,0.00726319910648401,0.00421577162405771,0.999988982541171,0.0474676890323366,0.00421577211107068,0.999988246351767,0.219598464840625,0.00434338630547402,0.00420152649341412,0.0165249867845743,0.00442316971146994,0.00421577162042579,0.0246616641519592,0.00795866068294039,0.00432760092094209,0.0094865500988795,0.999986975160239,0.0311969237085756,0.0042173681724551,0.00421577153826085,0.00432565463898217,0.00423833225771576,0.00421577160341405,0.780987035469879,0.999980308294128,0.00430454152382687,0.00421577162971926,0.289475483381864,0.444862332916087,0.0346946404182826,0.999974501650844,0.00421577279498916,0.316647945729484,0.00433342000867851,0.00473777771407843,0.00867613627821505,0.00942298026592292,0.00474836607858236,0.333050453869802,0.999975803542588,0.99997916740304,0.00421577158833812,0.00422194209757489,0.00421577212040261,0.0955545873930902,0.120258195462665,0.0042177900910158,0.678576424919949,0.00425214445818962,0.0938341881747329,0.00421577163443854,0.00423833231672226,0.00443966550248275,0.00420152651610824,0.999979255831068,0.00429025626206868,0.147675689439123,0.999989242567797,0.0655799261253354,0.245950733350583,0.00432541832129638,0.00466002365632754,0.00443900402629905,0.999987193232715,0.999982318330945,0.999975562470939,0.0341227168916549,0.00435167369743685,0.999973258799496,0.00450584561327437,0.00432541806554325,0.00473828461951279,0.153547831022263,0.00421722260616229,0.999987049931973,0.569294768683884,0.233381454734208,0.0376156047103383,0.99998345088611,0.99998768981333,0.0260667200112379,0.010017532333288,0.999993719212542,0.999989266420627,0.999983642079688,0.767577465977302,0.770189653488344,0.00421577162934434
0.0147857557420028,0.00462266106045706,0.0750559667612462,0.00401258117513048,0.00402057381622618,0.00812751290062368,0.00401258110482806,0.0434096100378139,0.00408923498603939,0.0666249327886708,0.00401258117766836,0.00436211919395792,0.0869558217735889,0.985889156279176,0.506105895785052,0.00401258117119829,0.00402238580740185,0.00425192617598748,0.00419801748447423,0.00415355417762638,0.999980053450415,0.265161826437497,0.00402489524040202,0.00403514178014654,0.00407296394434228,0.00401478828275921,0.00401258116841486,0.0168392912831358,0.103178240709085,0.0384762244635971,0.00401258116850303,0.0045859150008389,0.0201085494358614,0.00412222790746473,0.00401258116906652,0.00402822107185844,0.00403893731492257,0.00407157540368231,0.00401258117479768,0.999987107117619,0.016330698721744,0.00412222778895565,0.00412222787728382,0.004138809044137,0.999978000888716,0.00402573892236739,0.00405270274495412,0.0238417242034039,0.00402361571560932,0.00403514237657514,0.00405935597741108,0.00403514180883159,0.00909899964300565,0.0356358331441721,0.00401258108628925,0.00401258116984509,0.0626802218485412,0.00528224151193443,0.169928151993908,0.0170170958130396,0.00404433029276323,0.00412024121189863,0.999983540475962,0.0146636456970179,0.0040232091264793,0.0050800709217992,0.18437530094408,0.0130566215657635,0.00451373987841734,0.00401258109597203,0.00403825961522678,0.219227469880203,0.004156230654131,0.999977558830567,0.00791508641296006,0.154145808321151,0.0097318033430891,0.00433395204275511,0.0555711667058175,0.00401258116989024,0.00470488906450142,0.00536422896541698,0.00401258165690322,0.717261310492586,0.00416048418477473,0.00414019585130656,0.999977827634814,0.00431399664576235,0.999983596163771,0.00401258116625833,0.0646228404401684,0.999981705384317,0.00412629199297693,0.00465290396138653,0.0043927095432387,0.0172608777072026,0.00401417771828763,0.00401258108409339,0.00463667742065239,0.00403514180354829,0.00401258114924659,0.00452199300203872,0.335445375882647,0.211718094276012,0.0040125811755518,0.011806659329322,0.0122135545376255,0.00455067822433776,0.00402700512214947,0.00401258234082169,0.631979119476128,0.00413022955451105,0.508149654034036,0.999983106791266,0.0128655970128267,0.503418645193733,0.004393492763551,0.00402508883319528,0.00413696813346179,0.00401258113417065,0.999979400195205,0.00401258166623515,0.415836169300812,0.00407583602506204,0.00401459963684834,0.999982116575339,0.00404895400402216,0.999986348050164,0.00401258118027108,0.00403514186255479,0.00423647504831529,0.999977888479777,0.00418045431346632,0.00501856970047811,0.00418581890708521,0.343866859905782,0.00421299175289633,0.00431606890638022,0.00412222786712891,0.0108986576478357,0.00423581357213158,0.0311494667675755,0.00438147526473556,0.00402541866083976,0.999971436123949,0.00414848324326939,0.0145840768685505,0.00625602051239192,0.00412222761137579,0.999977014065532,0.00441927817513013,0.00790364987706789,0.330767851308861,0.105249393763564,0.00415504166800537,0.00407222727067865,0.0293401053984642,0.0915902709666081,0.00413274852161093,0.00401690043477605,0.207083153449387,0.00429085306531197,0.233528262383732,0.00434402821672272,0.341311253840224,0.00401258117517688
0.999984060693246,0.0033363999334743,0.00372305318146093,0.999980344165402,0.0029728650459729,0.0030171831184621,0.99998016244779,0.00318429448092369,0.999983383367286,0.00300230840526341,0.999980350725326,0.32442197996335,0.79773685037476,0.00359427102313044,0.999979133441849,0.999980334001491,0.00297321171454333,0.0291171017706307,0.171899817623175,0.272993754997355,0.00309871837933967,0.999985269873999,0.0029736916409888,0.00300022639888014,0.100801736525427,0.999981459435969,0.999980326806898,0.0151908974947753,0.00301087511841462,0.00305171630155214,0.999980327034774,0.0518436906099523,0.00310992773806606,0.00308731252619833,0.99998032849129,0.00297432805440739,0.9999839265076,0.00302191330603253,0.999980343305183,0.999758881007524,0.04228226335261,0.00308731240768925,0.00308731249601741,0.300383357904414,0.00296342072260098,0.00297385319326682,0.00301095508223988,0.0030963636405485,0.999982138654763,0.00300022699530873,0.0506637165779406,0.00300022642756518,0.999985455569677,0.00309829453489211,0.9999801145287,0.99998033050374,0.0480227358960336,0.297307891038672,0.438017617359699,0.999982634493287,0.0267590809920866,0.219705743939452,0.00337119664667822,0.00300432993303919,0.00297336923349363,0.00302478962992247,0.999985410631306,0.999983762219253,0.99998181548396,0.999980139556751,0.0030032948475553,0.00313206693754859,0.316117775929098,0.00334311786480899,0.00323315857673479,0.00734887422881817,0.00313845538955629,0.00310138252158976,0.999979902424723,0.999980330620457,0.00349512236687422,0.999981827336959,0.999981589451009,0.00326886052119118,0.999984555238098,0.274654023507029,0.00296342065798025,0.71229886591938,0.0031399453320625,0.99998032123268,0.00304536798981267,0.0140000449704863,0.00308949508550823,0.999979952042245,0.204379075053422,0.00325896052470421,0.999982053855855,0.999980108852846,0.0030875488035483,0.00300022642228189,0.999980277260763,0.00340758221664382,0.011588978887411,0.9999830678298,0.999980345254428,0.994308019289889,0.176763251127682,0.999984526364273,0.00297409544064267,0.99998335724266,0.161520975833034,0.248882577529634,0.999981423101384,0.00311202888335409,0.00300548169618027,0.103378582966876,0.00327583350567057,0.00297372884529201,0.302804803986794,0.999980238292499,0.0557518158234111,0.999981613572162,0.00332876743672146,0.999985526545015,0.999983698155418,0.00382231292710493,0.999983012394583,0.0823563172020429,0.999980357452826,0.00300022648128839,0.298538597348753,0.00296342068067438,0.318114967225519,0.0206860953077509,0.00309018416838385,0.00318740303592749,0.185459273642154,0.999985039537281,0.00308731248586251,0.00342191782089368,0.296827960933055,0.00330699150399836,0.952028591247876,0.00297379193770288,0.00344695977805277,0.0709822437333455,0.00314295158092804,0.999983657802489,0.00308731223010939,0.00350017878407893,0.672992500711841,0.999980955206507,0.331776245532871,0.99998141818185,0.999981958114321,0.999983752791748,0.00324340830994808,0.00322219334710141,0.00868280743713153,0.999984800764017,0.00335080802098143,0.113637893635167,0.00371276548698194,0.999984726700488,0.00378108143214711,0.999980344285339
0.056336818403828,0.999987463430964,0.631771601186382,0.0041552408608512,0.00540656686405259,0.999992419063501,0.00415524079054878,0.291638953024207,0.153328176809263,0.00587911294901238,0.00415524086338908,0.999989154117497,0.00469833168879592,0.00608201427078865,0.049114338465763,0.00415524085691901,0.00555078713212871,0.242818387182653,0.0252958200141452,0.999988813481459,0.0051611229068396,0.0996212448583817,0.00575053540549064,0.9999886960163,0.999989881115975,0.00415744796847993,0.00415524085413559,0.999991495990754,0.00595996678204561,0.999992296794178,0.00415524085422375,0.462145964536633,0.0043056139277956,0.00426488759318545,0.00415524085478724,0.00601523397989274,0.00418159700064329,0.99999230414633,0.0041552408605184,0.0858208580895743,0.999988316069801,0.00426488747467637,0.00426488756300454,0.005777668631317,0.00497059658518373,0.00581767227985672,0.999992018833482,0.0042963004768717,0.00416627540133004,0.999990150799698,0.999989440540681,0.999988765983649,0.00426773313190394,0.0548854520320372,0.00415524077200997,0.00415524085556581,0.999991476548342,0.999983506605853,0.00667285441022049,0.00417549901874469,0.999989959692767,0.999992385414434,0.99996596969914,0.999991700902483,0.00561631664527469,0.111870161761914,0.00438246805451989,0.00421463700577265,0.423895699481765,0.00415524078169275,0.999991016975595,0.00604457985947523,0.999989779776671,0.00615668673130871,0.382759157101045,0.999989488372983,0.216213085519465,0.999987757620334,0.00421854077456308,0.00415524085561097,0.124951384517447,0.00444823044502438,0.00415524134262394,0.0232705970234493,0.0775145794915418,0.999989799324629,0.00497059637630507,0.999990527177641,0.435655549815337,0.00415524085197905,0.999992246349694,0.00497628765832662,0.0123645982036212,0.638908865427343,0.271065366806262,0.536638421843798,0.00804935461278128,0.00415524076981411,0.00426570789287986,0.999988753096866,0.00415524083496731,0.0410271463145598,0.00759135650252901,0.0320579058225836,0.00415524086127252,0.00476761296464508,0.00451158027261863,0.127172749501592,0.00591845192280622,0.00415524202654241,0.999971265562457,0.999989810995141,0.00476309377458491,0.3504912346653,0.999991816211788,0.999981381127746,0.212850153200354,0.00576592770969033,0.00555753345512819,0.00415524081989137,0.00499099628516135,0.00415524135195587,0.99998483256584,0.0136330650990736,0.00907732703627421,0.530871383325294,0.0929061109812543,0.027357300214083,0.0041552408659918,0.999988897023027,0.00437913473403601,0.00497059644966107,0.00561733299979213,0.999991824439207,0.999988707727899,0.054205381487813,0.999988639576016,0.163997041761872,0.00426488755284963,0.999982872777537,0.00437847325785231,0.549385332669502,0.00528587544172819,0.00579218036475285,0.00559793448409241,0.00429114292899011,0.00629102956146272,0.681372136990847,0.00426488729709651,0.00565256700236421,0.999989442962174,0.00415993169297904,0.343350334131616,0.419771550420194,0.0778591950944923,0.0710671445023586,0.0524856448061844,0.123065742694069,0.00450036517244892,0.00932420695790709,0.316979427008715,0.0563418256208694,0.939338322171184,0.00497337331756303,0.999972959203199,0.0041552408608976
0.00424116144272607,0.579945559141584,0.999989485890271,0.00421577162929794,0.999978692606909,0.00425528895389597,0.00421577155899552,0.999986809369338,0.0452023412599643,0.999976475694974,0.00421577163183582,0.0141635503676445,0.00466938422744481,0.99998607462257,0.00450960656326267,0.00421577162536575,0.999977545953813,0.00439972796284287,0.00439635009831293,0.0319638437014939,0.00433682421477353,0.00435980781016332,0.999975384039982,0.004238332234314,0.00427615439850974,0.0100327566126439,0.00421577162258233,0.00431213783961789,0.99997288086317,0.0681768685922723,0.00421577162267049,0.999987326406622,0.0446264146051608,0.00432541836163219,0.00421577162323398,0.999973664804205,0.00857527537972913,0.027323449216587,0.00421577162896514,0.0046256813359255,0.722544263985789,0.00432541824312311,0.00432541833145128,0.999977423193884,0.00420152655803485,0.999975305727325,0.0288208754233878,0.00433446947598236,0.00422680616977678,0.0042383328307426,0.0185295928527942,0.00423833226299905,0.103131438888841,0.999986366822201,0.00421577154045671,0.00421577162401255,0.00427757412669322,0.999988712707705,0.999973146095691,0.0163100998336308,0.00424752074693069,0.00773418381366598,0.00460930248211209,0.00462020512584713,0.999977032321476,0.999991111530394,0.0122126727273665,0.07749396723993,0.618232264399237,0.00421577155013949,0.012041836448269,0.999978711692057,0.00435942110829846,0.999981335135291,0.999988777543577,0.00431729133820511,0.999981878142639,0.156169098109558,0.00726319910648401,0.00421577162405771,0.999988982541171,0.0474676890323366,0.00421577211107068,0.999988246351767,0.219598464840625,0.00434338630547402,0.00420152649341412,0.0165249867845743,0.00442316971146994,0.00421577162042579,0.0246616641519592,0.00795866068294039,0.00432760092094209,0.0094865500988795,0.999986975160239,0.0311969237085756,0.0042173681724551,0.00421577153826085,0.00432565463898217,0.00423833225771576,0.00421577160341405,0.780987035469879,0.999980308294128,0.00430454152382687,0.00421577162971926,0.289475483381864,0.444862332916087,0.0346946404182826,0.999974501650844,0.00421577279498916,0.316647945729484,0.00433342000867851,0.00473777771407843,0.00867613627821505,0.00942298026592292,0.00474836607858236,0.333050453869802,0.999975803542588,0.99997916740304,0.00421577158833812,0.00422194209757489,0.00421577212040261,0.0955545873930902,0.120258195462665,0.0042177900910158,0.678576424919949,0.00425214445818962,0.0938341881747329,0.00421577163443854,0.00423833231672226,0.00443966550248275,0.00420152651610824,0.999979255831068,0.00429025626206868,0.147675689439123,0.999989242567797,0.0655799261253354,0.245950733350583,0.00432541832129638,0.00466002365632754,0.00443900402629905,0.999987193232715,0.999982318330945,0.999975562470939,0.0341227168916549,0.00435167369743685,0.999973258799496,0.00450584561327437,0.00432541806554325,0.00473828461951279,0.153547831022263,0.00421722260616229,0.999987049931973,0.569294768683884,0.233381454734208,0.0376156047103383,0.99998345088611,0.99998768981333,0.0260667200112379,0.010017532333288,0.999993719212542,0.999989266420627,0.999983642079688,0.767577465977302,0.770189653488344,0.00421577162934434
0.00498949884201231,0.162025567966522,0.954084706436428,0.00496407245422677,0.00497042706498024,0.0439249418914683,0.00496407238392435,0.0156828286985379,0.00504072626513568,0.0153060729797971,0.00496407245676465,0.363205185362019,0.999974321954314,0.469370080240312,0.172733245236624,0.00496407245029458,0.00497205144027939,0.99997421911812,0.99997491511751,0.00510466802257448,0.245065615970973,0.020593255882239,0.00497430102084172,0.00498663305924283,0.00502445522343857,0.0049662795618555,0.00496407244751116,0.165985630514547,0.00501261829855106,0.0135251699347966,0.00496407244759932,0.017586559552834,0.99997502104023,0.999970918746187,0.00496407244816281,0.00497728250660886,0.054623303859742,0.0324538751737374,0.00496407245389397,0.0171943441752479,0.00560032834590464,0.999970680684019,0.999970858118484,0.0050883291537052,0.00495321666894861,0.00497505736479788,0.00517075166027805,0.999973839268871,0.0271375430980489,0.00498663365567143,0.0050108077324426,0.00498663308792788,0.143641370702539,0.100794953900087,0.00496407236538554,0.00496407244894138,0.00502607438535849,0.999986660228433,0.485879620433108,0.00497355058754334,0.00499582157185952,0.00507173249099492,0.00536099122422885,0.00499077274788635,0.0049727895121396,0.0050575295475081,0.0185632789578679,0.0464985981304889,0.127316804568474,0.00496407237506832,0.00526530825905907,0.158745054888349,0.00510772193322729,0.00534007674407908,0.124085766068277,0.0591461124190097,0.0316642892233215,0.0172563435060525,0.00498461901926591,0.00496407244898654,0.92790497069208,0.557607308313862,0.00496407293599951,0.00537156470203142,0.0551050317738418,0.00509168713040285,0.00495321660373852,0.00526548792485864,0.00512974069674324,0.00496407244535462,0.0416132617934827,0.00495890939142388,0.999972639236576,0.726493459929541,0.00532271793630579,0.999945130910582,0.00496566899738392,0.00496407236318968,0.999970925741684,0.00498663308264458,0.00496407242834288,0.999971742992651,0.00511847334801946,0.00505354886169252,0.00496407245464809,0.999969592583949,0.999976586029761,0.941648568868672,0.00497619246052988,0.00496407361991798,0.00562096030075413,0.00508172083360734,0.00515387621939661,0.0151734663242462,0.00499191838840759,0.0052131833851609,0.999978262846913,0.00497447459008281,0.00508677583495132,0.00496407241326694,0.00497363214377703,0.00496407294533144,0.261495513275933,0.0358065011190308,0.00496609091594463,0.684258037840578,0.00500044528311845,0.00502704243218257,0.00496407245936737,0.00498663314165109,0.999972169324995,0.00495321662663962,0.080194761359974,0.119327491150752,0.0694915349625635,0.0244955725025085,0.0626509379278998,0.236820662793583,0.999970837719212,0.985600317239531,0.99997217113857,0.0120039251716605,0.00533196298832885,0.00497477026568153,0.871419372277149,0.999973729092614,0.335580873397791,0.0338351353782538,0.999970323959894,0.999966300499129,0.00536343711854302,0.00496553666733208,0.00565403585732092,0.00545063090940231,0.044155590771826,0.0429176693887569,0.429750066922153,0.242906892897735,0.999973753177924,0.00496839171387235,0.174502361546705,0.0124157711724872,0.2376045120109,0.0769685783442091,0.474482231113457,0.00496407245427317
0.014785933943071,0.00462305115404054,0.0750125984153641,0.00401258551175168,0.00402110188425483,0.00812238811611383,0.00401258544144926,0.0434263094397402,0.00408923932266059,0.0666266582475947,0.00401258551428956,0.00432017138462829,0.0869610181870851,0.98592247061907,0.506117257191515,0.00401258550781949,0.00402297386230897,0.0042079265921592,0.00419416247531665,0.00415367919218166,1.00000644645612,0.265165885436908,0.00402556637855826,0.00403514611676774,0.00407296828096348,0.00401479261938041,0.00401258550503607,0.0168186648912286,0.10318055260731,0.0384780437899778,0.00401258550512423,0.00459850052824867,0.0201097062223505,0.00412223224408593,0.00401258550568772,0.00402900230849566,0.00403894165154377,0.00406840399305776,0.00401258551141888,1.00000297138822,0.0163432197649957,0.00412223212557685,0.00412223221390502,0.00413944362756416,0.999994116959766,0.00402643798531679,0.00405296171135979,0.0238431514556819,0.00402362005223052,0.00403514671319634,0.0040593729511572,0.00403514614545279,0.00909908479541321,0.0356462333730435,0.00401258542291045,0.00401258550646629,0.0626811742383547,0.00522773138275929,0.169934696056663,0.017017310368099,0.00404433462938443,0.00412024554851983,0.999999650040126,0.0146638219021255,0.0040238244376856,0.00508226604435238,0.184378232747292,0.0130567871397671,0.00451278022521516,0.00401258543259323,0.00403822471646742,0.219232774041289,0.0041562349907522,0.999994004972884,0.00791974777994161,0.154140968111226,0.00974566401314007,0.00434069693437823,0.0555720047643026,0.00401258550651144,0.00469371980060303,0.00536431005964979,0.00401258599352442,0.717278192218312,0.00416039755020635,0.00414020018792776,0.999993943703061,0.00431400098238355,0.999999709469736,0.00401258550287953,0.0646190852325828,0.999997821423204,0.0041248015377328,0.00461346762839443,0.00439958265502602,0.0171766117493327,0.00401418205490883,0.00401258542071459,0.00463671899776486,0.00403514614016949,0.00401258548586779,0.00452019413321514,0.335452004125733,0.211721457181034,0.004012585512173,0.0118071838369704,0.0122141272302748,0.0045310358389508,0.00402774610331423,0.00401258667744289,0.631997658233116,0.00413023389113225,0.508157810637699,0.999999421094412,0.0128657441126816,0.50342672430529,0.00435744702871937,0.00402576637353034,0.00413751076442761,0.00401258547079185,0.999995515958634,0.00401258600285635,0.415822661129355,0.00407572867297942,0.00401460397346954,0.999988784506276,0.00404895834064336,1.00000246306198,0.00401258551689228,0.004035146199176,0.00423647938493649,0.999994004549008,0.00418100381613823,0.00500264217222706,0.00417952522590961,0.34388452405925,0.00420767549035742,0.00431431337815922,0.00412223220375011,0.0108083778507177,0.00423581790875279,0.0311709078296283,0.00438180047058763,0.00402610712069109,1.00001433007917,0.00414848757989059,0.0145850673206807,0.00625287341870867,0.00412223194799699,1.00002017717445,0.004421626897193,0.00790371713514224,0.330784977774542,0.105253486372883,0.00415496485009894,0.0040717815443983,0.0293445084137226,0.0915994418046672,0.00413271132185323,0.00401690477139726,0.207097002628692,0.00429819000137375,0.23356513046042,0.00434423756066151,0.341326358887412,0.00401258551179808
0.999984060693246,0.0033363999334743,0.00372305318146093,0.999980344165402,0.0029728650459729,0.0030171831184621,0.99998016244779,0.00318429448092369,0.999983383367286,0.00300230840526341,0.999980350725326,0.32442197996335,0.79773685037476,0.00359427102313044,0.999979133441849,0.999980334001491,0.00297321171454333,0.0291171017706307,0.171899817623175,0.272993754997355,0.00309871837933967,0.999985269873999,0.0029736916409888,0.00300022639888014,0.100801736525427,0.999981459435969,0.999980326806898,0.0151908974947753,0.00301087511841462,0.00305171630155214,0.999980327034774,0.0518436906099523,0.00310992773806606,0.00308731252619833,0.99998032849129,0.00297432805440739,0.9999839265076,0.00302191330603253,0.999980343305183,0.999758881007524,0.04228226335261,0.00308731240768925,0.00308731249601741,0.300383357904414,0.00296342072260098,0.00297385319326682,0.00301095508223988,0.0030963636405485,0.999982138654763,0.00300022699530873,0.0506637165779406,0.00300022642756518,0.999985455569677,0.00309829453489211,0.9999801145287,0.99998033050374,0.0480227358960336,0.297307891038672,0.438017617359699,0.999982634493287,0.0267590809920866,0.219705743939452,0.00337119664667822,0.00300432993303919,0.00297336923349363,0.00302478962992247,0.999985410631306,0.999983762219253,0.99998181548396,0.999980139556751,0.0030032948475553,0.00313206693754859,0.316117775929098,0.00334311786480899,0.00323315857673479,0.00734887422881817,0.00313845538955629,0.00310138252158976,0.999979902424723,0.999980330620457,0.00349512236687422,0.999981827336959,0.999981589451009,0.00326886052119118,0.999984555238098,0.274654023507029,0.00296342065798025,0.71229886591938,0.0031399453320625,0.99998032123268,0.00304536798981267,0.0140000449704863,0.00308949508550823,0.999979952042245,0.204379075053422,0.00325896052470421,0.999982053855855,0.999980108852846,0.0030875488035483,0.00300022642228189,0.999980277260763,0.00340758221664382,0.011588978887411,0.9999830678298,0.999980345254428,0.994308019289889,0.176763251127682,0.999984526364273,0.00297409544064267,0.99998335724266,0.161520975833034,0.248882577529634,0.999981423101384,0.00311202888335409,0.00300548169618027,0.103378582966876,0.00327583350567057,0.00297372884529201,0.302804803986794,0.999980238292499,0.0557518158234111,0.999981613572162,0.00332876743672146,0.999985526545015,0.999983698155418,0.00382231292710493,0.999983012394583,0.0823563172020429,0.999980357452826,0.00300022648128839,0.298538597348753,0.00296342068067438,0.318114967225519,0.0206860953077509,0.00309018416838385,0.00318740303592749,0.185459273642154,0.999985039537281,0.00308731248586251,0.00342191782089368,0.296827960933055,0.00330699150399836,0.952028591247876,0.00297379193770288,0.00344695977805277,0.0709822437333455,0.00314295158092804,0.999983657802489,0.00308731223010939,0.00350017878407893,0.672992500711841,0.999980955206507,0.331776245532871,0.99998141818185,0.999981958114321,0.999983752791748,0.00324340830994808,0.00322219334710141,0.00868280743713153,0.999984800764017,0.00335080802098143,0.113637893635167,0.00371276548698194,0.999984726700488,0.00378108143214711,0.999980344285339
0.0147857566964268,0.00462658380454599,0.0750559778275677,0.0040126024057782,0.00402083154774605,0.00812723383009183,0.00401260233547578,0.0434167988630143,0.00408925621668711,0.066625144581263,0.00401260240831608,0.00435979858699999,0.0869554293191353,0.985886246320108,0.506104725568456,0.00401260240184601,0.00402267062713693,0.00424949103561128,0.00419782328010968,0.00415362990268909,0.999977508331827,0.265161328163364,0.00402521757795749,0.00403516301079426,0.00407298517499,0.00401480951340693,0.00401260239906259,0.0168381052044806,0.103178392947481,0.0384771593132025,0.00401260239915075,0.00459162981566499,0.0201084807306847,0.00412224913811245,0.00401260239971424,0.00402859312647576,0.00403895854557029,0.00407158497456613,0.0040126024054454,0.999985236218682,0.0163362650896669,0.00412224901960337,0.00412224910793154,0.00413911487470972,0.999976143154819,0.00402607386989401,0.00405284839290347,0.023841634391193,0.00402363694625704,0.00403516360722286,0.00405938291459277,0.00403516303947931,0.00909901146309784,0.0356403410588633,0.00401260231693697,0.00401260240049281,0.0626801325163973,0.00528233751318207,0.169928011838281,0.0170170925278294,0.00404435152341095,0.00412026244254636,0.999981683500902,0.0146636468842126,0.00402350625431437,0.00508107255317743,0.184374981319269,0.0130566247770339,0.00451417691342862,0.00401260232661975,0.0040382786556912,0.219227298546446,0.00415625188477872,0.999975853716184,0.00791970257643964,0.154145138086829,0.00973808596518114,0.00433752553216177,0.0555710907070931,0.00401260240053797,0.00470676381924915,0.00536424420871233,0.00401260288755094,0.717262401096434,0.0041606502563556,0.00414021708195428,0.999975969901243,0.00431401787641007,0.99998173875234,0.00401260239690605,0.0646225025049121,0.999979847654171,0.00412622978189066,0.00465072354915762,0.00439583249987477,0.0172563431478736,0.00401419894893536,0.00401260231474111,0.0046366957464163,0.00403516303419602,0.00401260237989431,0.00452310339529241,0.335445343352332,0.211717723827479,0.00401260240619952,0.0118066399789274,0.0122135314299671,0.00454961126592273,0.00402735899864302,0.00401260357146942,0.631981744595667,0.00413025078515877,0.508148724540179,0.999981236856986,0.0128656015943014,0.503417724737073,0.00439207733392472,0.00402541406177629,0.00413723244115276,0.00401260236481837,0.999977542497183,0.00401260289688287,0.415836634233518,0.0040758510210631,0.00401462086749606,0.999983247843008,0.00404897523466988,0.999984490439796,0.0040126024109188,0.00403516309320252,0.00423649627896301,0.999976030746091,0.00418072172420679,0.00501769879192186,0.00418630194011719,0.343872002293637,0.00421341896128752,0.00431639489796468,0.00412224909777663,0.0108935971967398,0.00423583480277931,0.0311589094138785,0.00438164138998358,0.0040257488203359,0.999967787435179,0.00414850447391711,0.0145844478700011,0.00625585900243037,0.00412224884202351,0.999973347409619,0.00442035805758626,0.00790366376976078,0.330772607670882,0.105250335155311,0.00415513693183596,0.00407222993886018,0.0293430330632537,0.0915947494419681,0.00413276743362984,0.00401692166542378,0.207091543535574,0.00429423937596617,0.233542791652745,0.00434414202232149,0.341322441310773,0.0040126024058246
0.0049902659790886,0.162015459114018,0.954068517030553,0.00496405722805186,0.00496992866383625,0.0439244088158451,0.00496405715774944,0.0156706400496646,0.00504071103896077,0.015309941194661,0.00496405723058975,0.363199342849511,0.999971052363244,0.469386289546293,0.172758916885671,0.00496405722411967,0.00497149769748939,0.999970203504312,0.999977643629537,0.00510454146346014,0.245105202044651,0.0206117659200223,0.00497367062855972,0.00498661783306793,0.00502443999726366,0.00496626433568059,0.00496405722133625,0.165983020088058,0.00501916830066601,0.0135253590828989,0.00496405722142441,0.0175749446924038,0.99997662779323,0.999974295839558,0.0049640572219879,0.00497655054159436,0.054623457867708,0.0324529636013706,0.00496405722771906,0.0172667906362689,0.00558978699507376,0.999974057776579,0.999974235211648,0.00508773248544632,0.00502570176786723,0.00497440121014823,0.00517047609493456,0.999975030633742,0.0271376034395459,0.00498661842949652,0.00501078084772982,0.00498661786175297,0.143642189386396,0.100787818425455,0.00496405713921063,0.00496405722276647,0.00503032525262943,0.999972283724406,0.485882475119858,0.00497448131198429,0.00499580634568461,0.00507171726482002,0.00543344704316694,0.00499153090344694,0.00497221062370945,0.00505557802716435,0.018576397214467,0.0464993271977966,0.127315748780739,0.00496405714889342,0.00526528738125431,0.158756767897792,0.00510770670705238,0.00541222326621922,0.124075184295211,0.0591559093392969,0.0316517940208848,0.017248749519782,0.00498835541315627,0.00496405722281163,0.927899396552537,0.557609058117773,0.0049640577098246,0.00541850611242873,0.0551047586022698,0.00509167190422794,0.00502570169005017,0.00526547269868373,0.0052022133532067,0.00496405721917971,0.0416168419147241,0.00503139434561305,0.999975765209914,0.726489277042545,0.00531636583557765,0.99993287383979,0.00496565377120902,0.00496405713701477,0.99997424542267,0.00498661785646968,0.00496405720216797,0.999971537068247,0.00514140567239978,0.00506864667638535,0.00496405722847318,0.999972166998322,0.999979086851556,0.941648421672829,0.00497549763370566,0.00496405839374308,0.00565886955717156,0.00508170560743243,0.00519054494015707,0.0152452546083271,0.00499254557481092,0.00524950340337063,0.999973996473006,0.00497383829139055,0.00508626399858725,0.00496405718709204,0.00504611585844743,0.00496405771915653,0.261507700753762,0.0358065720784476,0.00496607568976972,0.684280799515282,0.00500043005694354,0.0050995227647026,0.00496405723319246,0.00498661791547618,0.999975546033079,0.00502570171737871,0.0801944991329288,0.119325245871418,0.0694884397922396,0.0245083006855254,0.0626482877232875,0.23682003092886,0.999974214812307,0.985588239881043,0.999975547848916,0.0119863411261512,0.00533165174022649,0.00497412389305278,0.871406937409765,0.999977106106044,0.335581985865878,0.0338347858804107,0.999973701051238,0.999953415145009,0.0053612590502181,0.0049658045780118,0.00566682273331218,0.00545568086765375,0.044155478565185,0.0429176896843828,0.429741995071552,0.242895649569394,0.999977123267336,0.00496837648769744,0.174492930193188,0.0124088671578872,0.237589795655724,0.0769686183731182,0.474460182540759,0.00496405722809826
0.999984060693246,0.0033363999334743,0.00372305318146093,0.999980344165402,0.0029728650459729,0.0030171831184621,0.99998016244779,0.00318429448092369,0.999983383367286,0.00300230840526341,0.999980350725326,0.32442197996335,0.79773685037476,0.00359427102313044,0.999979133441849,0.999980334001491,0.00297321171454333,0.0291171017706307,0.171899817623175,0.272993754997355,0.00309871837933967,0.999985269873999,0.0029736916409888,0.00300022639888014,0.100801736525427,0.999981459435969,0.999980326806898,0.0151908974947753,0.00301087511841462,0.00305171630155214,0.999980327034774,0.0518436906099523,0.00310992773806606,0.00308731252619833,0.99998032849129,0.00297432805440739,0.9999839265076,0.00302191330603253,0.999980343305183,0.999758881007524,0.04228226335261,0.00308731240768925,0.00308731249601741,0.300383357904414,0.00296342072260098,0.00297385319326682,0.00301095508223988,0.0030963636405485,0.999982138654763,0.00300022699530873,0.0506637165779406,0.00300022642756518,0.999985455569677,0.00309829453489211,0.9999801145287,0.99998033050374,0.0480227358960336,0.297307891038672,0.438017617359699,0.999982634493287,0.0267590809920866,0.219705743939452,0.00337119664667822,0.00300432993303919,0.00297336923349363,0.00302478962992247,0.999985410631306,0.999983762219253,0.99998181548396,0.999980139556751,0.0030032948475553,0.00313206693754859,0.316117775929098,0.00334311786480899,0.00323315857673479,0.00734887422881817,0.00313845538955629,0.00310138252158976,0.999979902424723,0.999980330620457,0.00349512236687422,0.999981827336959,0.999981589451009,0.00326886052119118,0.999984555238098,0.274654023507029,0.00296342065798025,0.71229886591938,0.0031399453320625,0.99998032123268,0.00304536798981267,0.0140000449704863,0.00308949508550823,0.999979952042245,0.204379075053422,0.00325896052470421,0.999982053855855,0.999980108852846,0.0030875488035483,0.00300022642228189,0.999980277260763,0.00340758221664382,0.011588978887411,0.9999830678298,0.999980345254428,0.994308019289889,0.176763251127682,0.999984526364273,0.00297409544064267,0.99998335724266,0.161520975833034,0.248882577529634,0.999981423101384,0.00311202888335409,0.00300548169618027,0.103378582966876,0.00327583350567057,0.00297372884529201,0.302804803986794,0.999980238292499,0.0557518158234111,0.999981613572162,0.00332876743672146,0.999985526545015,0.999983698155418,0.00382231292710493,0.999983012394583,0.0823563172020429,0.999980357452826,0.00300022648128839,0.298538597348753,0.00296342068067438,0.318114967225519,0.0206860953077509,0.00309018416838385,0.00318740303592749,0.185459273642154,0.999985039537281,0.00308731248586251,0.00342191782089368,0.296827960933055,0.00330699150399836,0.952028591247876,0.00297379193770288,0.00344695977805277,0.0709822437333455,0.00314295158092804,0.999983657802489,0.00308731223010939,0.00350017878407893,0.672992500711841,0.999980955206507,0.331776245532871,0.99998141818185,0.999981958114321,0.999983752791748,0.00324340830994808,0.00322219334710141,0.00868280743713153,0.999984800764017,0.00335080802098143,0.113637893635167,0.00371276548698194,0.999984726700488,0.00378108143214711,0.999980344285339
0.00424116144272607,0.579945559141584,0.999989485890271,0.00421577162929794,0.999978692606909,0.00425528895389597,0.00421577155899552,0.999986809369338,0.0452023412599643,0.999976475694974,0.00421577163183582,0.0141635503676445,0.00466938422744481,0.99998607462257,0.00450960656326267,0.00421577162536575,0.999977545953813,0.00439972796284287,0.00439635009831293,0.0319638437014939,0.00433682421477353,0.00435980781016332,0.999975384039982,0.004238332234314,0.00427615439850974,0.0100327566126439,0.00421577162258233,0.00431213783961789,0.99997288086317,0.0681768685922723,0.00421577162267049,0.999987326406622,0.0446264146051608,0.00432541836163219,0.00421577162323398,0.999973664804205,0.00857527537972913,0.027323449216587,0.00421577162896514,0.0046256813359255,0.722544263985789,0.00432541824312311,0.00432541833145128,0.999977423193884,0.00420152655803485,0.999975305727325,0.0288208754233878,0.00433446947598236,0.00422680616977678,0.0042383328307426,0.0185295928527942,0.00423833226299905,0.103131438888841,0.999986366822201,0.00421577154045671,0.00421577162401255,0.00427757412669322,0.999988712707705,0.999973146095691,0.0163100998336308,0.00424752074693069,0.00773418381366598,0.00460930248211209,0.00462020512584713,0.999977032321476,0.999991111530394,0.0122126727273665,0.07749396723993,0.618232264399237,0.00421577155013949,0.012041836448269,0.999978711692057,0.00435942110829846,0.999981335135291,0.999988777543577,0.00431729133820511,0.999981878142639,0.156169098109558,0.00726319910648401,0.00421577162405771,0.999988982541171,0.0474676890323366,0.00421577211107068,0.999988246351767,0.219598464840625,0.00434338630547402,0.00420152649341412,0.0165249867845743,0.00442316971146994,0.00421577162042579,0.0246616641519592,0.00795866068294039,0.00432760092094209,0.0094865500988795,0.999986975160239,0.0311969237085756,0.0042173681724551,0.00421577153826085,0.00432565463898217,0.00423833225771576,0.00421577160341405,0.780987035469879,0.999980308294128,0.00430454152382687,0.00421577162971926,0.289475483381864,0.444862332916087,0.0346946404182826,0.999974501650844,0.00421577279498916,0.316647945729484,0.00433342000867851,0.00473777771407843,0.00867613627821505,0.00942298026592292,0.00474836607858236,0.333050453869802,0.999975803542588,0.99997916740304,0.00421577158833812,0.00422194209757489,0.00421577212040261,0.0955545873930902,0.120258195462665,0.0042177900910158,0.678576424919949,0.00425214445818962,0.0938341881747329,0.00421577163443854,0.00423833231672226,0.00443966550248275,0.00420152651610824,0.999979255831068,0.00429025626206868,0.147675689439123,0.999989242567797,0.0655799261253354,0.245950733350583,0.00432541832129638,0.00466002365632754,0.00443900402629905,0.999987193232715,0.999982318330945,0.999975562470939,0.0341227168916549,0.00435167369743685,0.999973258799496,0.00450584561327437,0.00432541806554325,0.00473828461951279,0.153547831022263,0.00421722260616229,0.999987049931973,0.569294768683884,0.233381454734208,0.0376156047103383,0.99998345088611,0.99998768981333,0.0260667200112379,0.010017532333288,0.999993719212542,0.999989266420627,0.999983642079688,0.767577465977302,0.770189653488344,0.00421577162934434
0.0563368690373902,0.999986076156707,0.631770962480055,0.00415522362334243,0.0054066201406356,0.999989289182963,0.00415522355304001,0.291640971891706,0.153327615097164,0.00588064026398759,0.00415522362588032,0.999989329247737,0.00469132683063863,0.0060654453919856,0.0491181758163566,0.00415522361941025,0.00555084848521848,0.242821514174698,0.0252960783782911,0.99998517743578,0.00516113739349187,0.0996268452044574,0.00575060794473379,0.999985042244598,0.999986227478066,0.00415743073097117,0.00415522361662682,0.999989680753414,0.00596242641603077,0.999989873175938,0.00415522361671498,0.462146087158928,0.00430390107100249,0.00426487035567669,0.00415522361727848,0.0060153213425631,0.00418157976313452,0.999989038404628,0.00415522362300963,0.0858444912646725,0.999986711287178,0.00426487023716761,0.00426487032549577,0.00577773624890855,0.00499451595939254,0.00581774857883511,0.99998840719555,0.00429418969475357,0.00416625816382128,0.999986497022685,0.999985788665679,0.999985112211692,0.0042678348671399,0.0548872510616778,0.0041552235345012,0.00415522361805705,0.999989231575844,0.999986679159186,0.00666977012119883,0.00417579409504372,0.999986305950005,0.999988731940028,0.999986247338169,0.999988302505804,0.00561638166809508,0.111870086495737,0.00438675802767127,0.00421479920543476,0.423894517533825,0.00415522354418399,0.999987366786635,0.00604708551549175,0.999986126443208,0.00618064205802024,0.382759984872809,0.999990058160041,0.216214368731602,0.999985372246534,0.00421976216698733,0.0041552236181022,0.124953416350064,0.00444810006419473,0.00415522410511518,0.0232884113672207,0.0775143920507665,0.999986145932538,0.00499451574635158,0.999986874417583,0.435677892936542,0.00415522361447028,0.999990442715169,0.00500020698475174,0.012364687786829,0.638910131077224,0.271065360591609,0.536643520059756,0.00804932316045321,0.00415522353230535,0.00426563576162486,0.999985099324956,0.00415522359745855,0.0410278659813536,0.00759947119652379,0.0320627773465682,0.00415522362376375,0.00476682943336753,0.00451072561319332,0.127174082606192,0.00591853386556469,0.00415522478903365,0.999983893780526,0.999986157566612,0.00477518806061659,0.350513389065077,0.999988374572818,0.999989726118581,0.212853005647722,0.00576600111090933,0.00555758869243433,0.00415522358238261,0.00501491520234859,0.0041552241144471,0.999989295945241,0.0136330236716042,0.00907729183150422,0.530873071708253,0.0929057697732964,0.0273811365315419,0.00415522362848304,0.999985243250591,0.00437911749652724,0.00499451582116934,0.00561738916229029,0.999989643171542,0.999986111194962,0.054215205283682,0.999985888540766,0.163996841332425,0.00426487031534087,0.999987178997278,0.00437845602034354,0.54938686508923,0.00528590140537573,0.00579225523615249,0.00555955776732798,0.00429112569148135,0.00629137178404033,0.681369959804148,0.00426487005958775,0.00561356149291353,0.999986126558106,0.00416000793556079,0.343358615301698,0.419772791041766,0.0778589631893605,0.0710669280836961,0.0524847566186618,0.123064514772243,0.0045003509032101,0.00932417085997521,0.316984718764155,0.0563427015860117,0.939344192587637,0.004973383681807,0.999972515708341,0.00415522362338883
0.0563368527825995,0.999986373253572,0.631771008647238,0.00415522952871525,0.00540660097731875,0.999990198732181,0.00415522945841283,0.291640242999286,0.153327782717547,0.00588017163730376,0.00415522953125314,0.999989106523825,0.0046936148292571,0.00607117733693036,0.0491171421145687,0.00415522952478306,0.00555082645059696,0.242820406327657,0.0252959866504946,0.999986257216901,0.00516154009357391,0.099625141065746,0.0057505819332872,0.999986128241077,0.999987313434807,0.00415743663634399,0.00415522952199964,0.999990141958516,0.00596167265681539,0.999990565535511,0.0041552295220878,0.46214595205533,0.00430445909361658,0.0042648762610495,0.00415522952265129,0.00601529006119262,0.00418158566850734,0.999989991162935,0.00415522952838245,0.0858372864323047,0.999987089437161,0.00426487614254043,0.00426487623086859,0.00577771198717401,0.00498722693050948,0.00581772123075305,0.99998947838699,0.00429487728755625,0.0041662640691941,0.999987583020742,0.99998687399928,0.999986198208247,0.00426780452565088,0.0548866363520802,0.00415522943987402,0.00415522952342986,0.999989888228357,0.999985420553746,0.00667082692368264,0.00417570481949779,0.999987391937888,0.999989817848206,0.999980040020057,0.999989310674339,0.00561635832883592,0.111870092323439,0.00438545170127215,0.00421475104912188,0.423894851232837,0.00415522944955681,0.999988451558612,0.00604636459253145,0.999987212309525,0.00617333977385144,0.382759626881054,0.999989833153014,0.216213878673658,0.999986013050895,0.00421939058685655,0.00415522952347502,0.124952693089255,0.00444814280842292,0.00415523001048799,0.023282946226054,0.0775144436040942,0.999987231816268,0.00498722671873703,0.999987960113593,0.435671072104169,0.0041552295198431,0.999990949092338,0.00499291797043127,0.0123646558547814,0.638909594723378,0.271065309120512,0.536641677896583,0.00804933328778548,0.00415522943767816,0.00426565954010555,0.999986185321497,0.00415522950283136,0.0410276096754508,0.0075969901666026,0.0320612925682164,0.00415522952913657,0.00476708484462906,0.00451100418233148,0.127173606874482,0.00591850451104437,0.00415523069440647,0.999979960956607,0.999987243461165,0.00477150285176621,0.350506636590171,0.999989395919883,0.999987155384275,0.212851994452334,0.00576597479301895,0.00555756883205455,0.00415522948775543,0.00500762631274767,0.00415523001981992,0.999987856253616,0.0136330363050981,0.00907730307335348,0.530872775845611,0.0929058719014963,0.0273738721836325,0.00415522953385585,0.999986329247288,0.00437912340190006,0.0049872267931093,0.00561736897299254,0.99999022657154,0.999986832844271,0.0542121220306782,0.999986663411758,0.163996882270093,0.00426487622071369,0.999985540677623,0.00437846192571636,0.549386243044707,0.00528589195216768,0.00579222839559351,0.0055723133109372,0.00429113159685417,0.00629126255559365,0.681370594467352,0.00426487596496057,0.00562651934124805,0.999987093886871,0.00415998535189253,0.343356002444891,0.41977238522111,0.0778590301464894,0.0710669911099502,0.0524850090247444,0.123064876098408,0.00450035575717939,0.00932418236710349,0.31698295927647,0.0563423828146528,0.93934216830712,0.00497337977439267,0.999972530167757,0.00415522952876165
0.00424116144272607,0.579945559141584,0.999989485890271,0.00421577162929794,0.999978692606909,0.00425528895389597,0.00421577155899552,0.999986809369338,0.0452023412599643,0.999976475694974,0.00421577163183582,0.0141635503676445,0.00466938422744481,0.99998607462257,0.00450960656326267,0.00421577162536575,0.999977545953813,0.00439972796284287,0.00439635009831293,0.0319638437014939,0.00433682421477353,0.00435980781016332,0.999975384039982,0.004238332234314,0.00427615439850974,0.0100327566126439,0.00421577162258233,0.00431213783961789,0.99997288086317,0.0681768685922723,0.00421577162267049,0.999987326406622,0.0446264146051608,0.00432541836163219,0.00421577162323398,0.999973664804205,0.00857527537972913,0.027323449216587,0.00421577162896514,0.0046256813359255,0.722544263985789,0.00432541824312311,0.00432541833145128,0.999977423193884,0.00420152655803485,0.999975305727325,0.0288208754233878,0.00433446947598236,0.00422680616977678,0.0042383328307426,0.0185295928527942,0.00423833226299905,0.103131438888841,0.999986366822201,0.00421577154045671,0.00421577162401255,0.00427757412669322,0.999988712707705,0.999973146095691,0.0163100998336308,0.00424752074693069,0.00773418381366598,0.00460930248211209,0.00462020512584713,0.999977032321476,0.999991111530394,0.0122126727273665,0.07749396723993,0.618232264399237,0.00421577155013949,0.012041836448269,0.999978711692057,0.00435942110829846,0.999981335135291,0.999988777543577,0.00431729133820511,0.999981878142639,0.156169098109558,0.00726319910648401,0.00421577162405771,0.999988982541171,0.0474676890323366,0.00421577211107068,0.999988246351767,0.219598464840625,0.00434338630547402,0.00420152649341412,0.0165249867845743,0.00442316971146994,0.00421577162042579,0.0246616641519592,0.00795866068294039,0.00432760092094209,0.0094865500988795,0.999986975160239,0.0311969237085756,0.0042173681724551,0.00421577153826085,0.00432565463898217,0.00423833225771576,0.00421577160341405,0.780987035469879,0.999980308294128,0.00430454152382687,0.00421577162971926,0.289475483381864,0.444862332916087,0.0346946404182826,0.999974501650844,0.00421577279498916,0.316647945729484,0.00433342000867851,0.00473777771407843,0.00867613627821505,0.00942298026592292,0.00474836607858236,0.333050453869802,0.999975803542588,0.99997916740304,0.00421577158833812,0.00422194209757489,0.00421577212040261,0.0955545873930902,0.120258195462665,0.0042177900910158,0.678576424919949,0.00425214445818962,0.0938341881747329,0.00421577163443854,0.00423833231672226,0.00443966550248275,0.00420152651610824,0.999979255831068,0.00429025626206868,0.147675689439123,0.999989242567797,0.0655799261253354,0.245950733350583,0.00432541832129638,0.00466002365632754,0.00443900402629905,0.999987193232715,0.999982318330945,0.999975562470939,0.0341227168916549,0.00435167369743685,0.999973258799496,0.00450584561327437,0.00432541806554325,0.00473828461951279,0.153547831022263,0.00421722260616229,0.999987049931973,0.569294768683884,0.233381454734208,0.0376156047103383,0.99998345088611,0.99998768981333,0.0260667200112379,0.010017532333288,0.999993719212542,0.999989266420627,0.999983642079688,0.767577465977302,0.770189653488344,0.00421577162934434
0.00498984857870358,0.162008995742832,0.954077388088979,0.0049640046604873,0.00496941741447576,0.0439252346355072,0.00496400459018488,0.0156553961373281,0.00504065847139622,0.0153072553512089,0.00496400466302519,0.363207350702938,0.99998036851482,0.469388081267391,0.17274931175678,0.00496400465655512,0.00497093391186936,0.999981583615955,0.999982957527048,0.0051043832066611,0.245092182344841,0.0206032522088702,0.00497303407897447,0.00498656526550337,0.00502438742969911,0.00496621176811604,0.00496400465377169,0.165986799164207,0.00501513453995482,0.0135223444321,0.00496400465385985,0.0175639091551064,0.999982529131497,0.999979026874408,0.00496400465442334,0.00497581756821578,0.0546236439418263,0.0324532195663769,0.0049640046601545,0.0172330420664329,0.00557854207286464,0.999978788810285,0.999978966246207,0.00508712795034129,0.0049918407385068,0.00497374020414487,0.0051701840527355,0.999981206691768,0.0271376574320188,0.00498656586193196,0.00501071721262363,0.00498656529418841,0.143642634645767,0.100778540231943,0.00496400457164607,0.00496400465520192,0.00502828331388488,0.999979538046621,0.485884313181765,0.00497398762729073,0.00499575377812006,0.00507166469725546,0.00539959966769154,0.00499111769133597,0.00497162296713557,0.00505358764902402,0.0185703109870165,0.0464991990460518,0.12731556783837,0.00496400458132886,0.00526524206769057,0.158751838482747,0.00510765413948783,0.00537808084246542,0.124066945568101,0.0591521657871496,0.031639581962559,0.0172419202539495,0.00498655338442053,0.00496400465524707,0.927900930616428,0.557611739504115,0.00496400514226004,0.00538957454579802,0.0551046856339349,0.00509161933666338,0.00499184066656864,0.00526542013111917,0.00516835812603087,0.00496400465161515,0.0416156324039923,0.00499753338374308,0.999980722120058,0.726498650714193,0.0053102976231916,0.999950505218348,0.00496560120364446,0.00496400456945021,0.99997901438325,0.00498656528890512,0.00496400463460342,0.99997435996101,0.00512900015119128,0.00506154657263199,0.00496400466090862,0.999977424926487,0.999984395228293,0.941655823547415,0.00497479991590301,0.00496400582617852,0.00563017855424842,0.00508165303986787,0.00517338585869914,0.0152118585759906,0.00499219343643643,0.00523250692941618,0.999983119764517,0.00497319613480362,0.00508573999506674,0.00496400461952748,0.00501225547459174,0.00496400515159197,0.261497930936498,0.0358066843792991,0.00496602312220516,0.684265020435725,0.00500037748937899,0.0050656639580164,0.0049640046656279,0.00498656534791162,0.999980276524626,0.00499184069183257,0.0801943300317251,0.119328125843392,0.0694881589950763,0.0244857066150581,0.0626480283323346,0.236820619699032,0.999978945846767,0.985606751457955,0.999980278343652,0.0119671368823053,0.00533131815671945,0.00497347217319875,0.871428547718286,0.999981837028167,0.335582453364746,0.0338353088532969,0.999978432083229,0.999976161752059,0.0053591532796005,0.00496561997763884,0.00564532666846929,0.00545005537671236,0.0441554821548103,0.0429178753140728,0.429739705252895,0.242888899084625,0.99998186054203,0.00496832392013288,0.174472230536911,0.01240232862348,0.23755491618569,0.0769687308779909,0.474437982457908,0.0049640046605337
0.999984060693246,0.0033363999334743,0.00372305318146093,0.999980344165402,0.0029728650459729,0.0030171831184621,0.99998016244779,0.00318429448092369,0.999983383367286,0.00300230840526341,0.999980350725326,0.32442197996335,0.79773685037476,0.00359427102313044,0.999979133441849,0.999980334001491,0.00297321171454333,0.0291171017706307,0.171899817623175,0.272993754997355,0.00309871837933967,0.999985269873999,0.0029736916409888,0.00300022639888014,0.100801736525427,0.999981459435969,0.999980326806898,0.0151908974947753,0.00301087511841462,0.00305171630155214,0.999980327034774,0.0518436906099523,0.00310992773806606,0.00308731252619833,0.99998032849129,0.00297432805440739,0.9999839265076,0.00302191330603253,0.999980343305183,0.999758881007524,0.04228226335261,0.00308731240768925,0.00308731249601741,0.300383357904414,0.00296342072260098,0.00297385319326682,0.00301095508223988,0.0030963636405485,0.999982138654763,0.00300022699530873,0.0506637165779406,0.00300022642756518,0.999985455569677,0.00309829453489211,0.9999801145287,0.99998033050374,0.0480227358960336,0.297307891038672,0.438017617359699,0.999982634493287,0.0267590809920866,0.219705743939452,0.00337119664667822,0.00300432993303919,0.00297336923349363,0.00302478962992247,0.999985410631306,0.999983762219253,0.99998181548396,0.999980139556751,0.0030032948475553,0.00313206693754859,0.316117775929098,0.00334311786480899,0.00323315857673479,0.00734887422881817,0.00313845538955629,0.00310138252158976,0.999979902424723,0.999980330620457,0.00349512236687422,0.999981827336959,0.999981589451009,0.00326886052119118,0.999984555238098,0.274654023507029,0.00296342065798025,0.71229886591938,0.0031399453320625,0.99998032123268,0.00304536798981267,0.0140000449704863,0.00308949508550823,0.999979952042245,0.204379075053422,0.00325896052470421,0.999982053855855,0.999980108852846,0.0030875488035483,0.00300022642228189,0.999980277260763,0.00340758221664382,0.011588978887411,0.9999830678298,0.999980345254428,0.994308019289889,0.176763251127682,0.999984526364273,0.00297409544064267,0.99998335724266,0.161520975833034,0.248882577529634,0.999981423101384,0.00311202888335409,0.00300548169618027,0.103378582966876,0.00327583350567057,0.00297372884529201,0.302804803986794,0.999980238292499,0.0557518158234111,0.999981613572162,0.00332876743672146,0.999985526545015,0.999983698155418,0.00382231292710493,0.999983012394583,0.0823563172020429,0.999980357452826,0.00300022648128839,0.298538597348753,0.00296342068067438,0.318114967225519,0.0206860953077509,0.00309018416838385,0.00318740303592749,0.185459273642154,0.999985039537281,0.00308731248586251,0.00342191782089368,0.296827960933055,0.00330699150399836,0.952028591247876,0.00297379193770288,0.00344695977805277,0.0709822437333455,0.00314295158092804,0.999983657802489,0.00308731223010939,0.00350017878407893,0.672992500711841,0.999980955206507,0.331776245532871,0.99998141818185,0.999981958114321,0.999983752791748,0.00324340830994808,0.00322219334710141,0.00868280743713153,0.999984800764017,0.00335080802098143,0.113637893635167,0.00371276548698194,0.999984726700488,0.00378108143214711,0.999980344285339
0.0147857954153037,0.00462329745718679,0.0750465367031811,0.00401258534822679,0.00402072521094127,0.00812635877425179,0.00401258527792437,0.0434142569589312,0.0040892391591357,0.0666253413274108,0.00401258535076467,0.00435266364521074,0.0869569072049124,0.985896069182901,0.506108233000477,0.0040125853442946,0.00402255406451096,0.00424200797591215,0.0041971514199048,0.0041535922734559,0.999985502031912,0.265162652645001,0.0040250868523267,0.00403514595324285,0.00407296811743859,0.00401479245585552,0.00401258534151118,0.0168346364786272,0.103178770213091,0.0384767536841151,0.00401258534159934,0.00458945749361216,0.0201087938162674,0.00412223208056104,0.00401258534216283,0.00402844363261751,0.00403894148801888,0.00407088675603097,0.00401258534789399,0.999990344367245,0.0163342068706229,0.00412223196205196,0.00412223205038013,0.00413899038047707,0.99998129480781,0.00402593838398983,0.00405277982061353,0.0238420249574842,0.00402361988870563,0.00403514654967145,0.00405936370282058,0.0040351459819279,0.0090990203188998,0.0356387320398408,0.00401258525938556,0.0040125853429414,0.0626804195982017,0.0052703914474569,0.169929569006694,0.0170171429092159,0.00404433446585954,0.00412024538499494,0.999986833066458,0.0146636849627771,0.00402338504537159,0.00508068972431785,0.184375902917138,0.0130566587471932,0.00451359267646449,0.00401258526906834,0.0040382549412003,0.219228612315463,0.00415623482722731,0.999980946016373,0.00791675003669834,0.154144668072915,0.00973570343940131,0.00433592244343466,0.055571341110938,0.00401258534298656,0.00470272184002823,0.00536424913754734,0.00401258582999953,0.717265171961558,0.00416048891252678,0.00414020002440287,0.999981121553335,0.00431400081885866,0.999986889518281,0.00401258533935464,0.0646219787978079,0.999984999296844,0.00412595910786229,0.00464401472139499,0.00439464453847894,0.0172419020568681,0.00401418189138395,0.0040125852571897,0.00463668935600023,0.0040351459766446,0.0040125853223429,0.00452175777452991,0.335446829843028,0.211718784212457,0.00401258534864811,0.0118067719240265,0.0122136771759554,0.00454625348745522,0.00402721636703988,0.004012586513918,0.631983553176917,0.00413023372760736,0.508151322763359,0.99998644243961,0.0128656303357814,0.503420298100468,0.00438544896712133,0.00402528224478123,0.00413712362183854,0.00401258530726696,0.999982694051488,0.00401258583933146,0.415833317662423,0.00407581501365236,0.00401460380994465,0.99998378935585,0.00404895817711847,0.999989641752979,0.00401258535336739,0.00403514603565111,0.0042364792214116,0.999981182398499,0.00418061173348911,0.00501498107614481,0.00418451725004179,0.343871443383458,0.00421189498028617,0.00431573288248565,0.00412223204022522,0.0108782984917653,0.0042358177452279,0.0311554617808617,0.00438156963461387,0.00402561514191675,0.999980344307637,0.0041484874163657,0.0145843453078556,0.00625531322408017,0.0041222317844721,0.999985978683902,0.00441994135819768,0.00790366689766983,0.330772262861834,0.105250421802631,0.00415503858193071,0.00407213088177972,0.0293414781953491,0.0915929036996794,0.00413274332873604,0.00401690460787237,0.207087357984637,0.00429292601732278,0.233538339884374,0.00434409001765789,0.34131613662406,0.00401258534827319
0.0563368650872305,0.999986147001349,0.631770959216183,0.00415522529323042,0.00540661456000416,0.999989536172407,0.004155225222928,0.291640762076236,0.153327660896291,0.00588051441038793,0.00415522529576831,0.999989256872987,0.00469195781575226,0.00606706320458598,0.0491179166325697,0.00415522528929824,0.00555084207413078,0.242821199695055,0.0252960523335205,0.999985472053445,0.0051612956889769,0.0996263906409628,0.00575060038344447,0.999985338652731,0.999986523875355,0.00415743240085916,0.00415522528651481,0.999989801477525,0.00596222417415468,0.999990061451161,0.00415522528660297,0.462146040474877,0.0043040548019386,0.00426487202556468,0.00415522528716647,0.00601531225707423,0.00418158143302251,0.999989297128391,0.00415522529289762,0.0858425647418876,0.999986805354607,0.0042648719070556,0.00426487199538377,0.00577772919368163,0.00499256654416944,0.00581774063095592,0.999988699339178,0.00429437911120668,0.00416625983370927,0.999986793431249,0.999986084883038,0.999985408619846,0.00426782684393982,0.0548870766930834,0.0041552252043892,0.00415522528794504,0.999989413152197,0.999986312267996,0.00667006714370342,0.0041757703080781,0.999986602355793,0.999989028324065,0.999984593087186,0.999988578098209,0.00561637487967212,0.11187008648129,0.004386408785457,0.00421478649360511,0.423894607127128,0.00415522521407198,0.999987662849722,0.00604689788937486,0.999986422815822,0.00617868874710259,0.382759877017714,0.999990000770951,0.216214224361987,0.999985540534418,0.00421966287553422,0.00415522528799019,0.124953209302704,0.00444811187978054,0.00415522577500317,0.0232869442258279,0.0775144057503215,0.999986442309904,0.00499256633146775,0.999987170743723,0.435676071277284,0.00415522528435827,0.999990581997242,0.00499825757342352,0.0123646787162362,0.638909973816039,0.271065341231122,0.536642994092027,0.00804932598244116,0.00415522520219334,0.00426564235390117,0.999985395733106,0.00415522526734654,0.0410277924100646,0.00759880639881593,0.0320623804845167,0.00415522529365174,0.00476689981960819,0.00451080237716352,0.127173947364303,0.00591852533737119,0.00415522645892164,0.999982839004208,0.999986453946932,0.00477420251420466,0.350511586233114,0.999988653689923,0.999989044502711,0.212852718210279,0.00576599346098847,0.0055575829101941,0.0041552252522706,0.00501296582437754,0.00415522578433509,0.999988908165975,0.0136330271464497,0.00907729495762465,0.530873021186374,0.0929057977007353,0.0273791938487292,0.00415522529837103,0.999985539658784,0.00437911916641524,0.00499256640616636,0.0056173832849184,0.99998979803669,0.999986304250419,0.054214367231398,0.999986096686759,0.163996850993534,0.00426487198522886,0.999986707239355,0.00437845769023153,0.549386680067051,0.00528589863316122,0.00579224743506223,0.00556310101928317,0.00429112736136934,0.00629134180882068,0.68137013225084,0.00426487172947574,0.00561716017889539,0.999986388749893,0.00416000198584017,0.34335790604327,0.419772682438581,0.0778589812862201,0.0710669451982713,0.0524848206307645,0.123064608356494,0.00450035227464806,0.00932417405848571,0.316984228062557,0.056342608776649,0.939343623580203,0.0049733825135808,0.99997250679605,0.00415522529327682
0.00424116144272607,0.579945559141584,0.999989485890271,0.00421577162929794,0.999978692606909,0.00425528895389597,0.00421577155899552,0.999986809369338,0.0452023412599643,0.999976475694974,0.00421577163183582,0.0141635503676445,0.00466938422744481,0.99998607462257,0.00450960656326267,0.00421577162536575,0.999977545953813,0.00439972796284287,0.00439635009831293,0.0319638437014939,0.00433682421477353,0.00435980781016332,0.999975384039982,0.004238332234314,0.00427615439850974,0.0100327566126439,0.00421577162258233,0.00431213783961789,0.99997288086317,0.0681768685922723,0.00421577162267049,0.999987326406622,0.0446264146051608,0.00432541836163219,0.00421577162323398,0.999973664804205,0.00857527537972913,0.027323449216587,0.00421577162896514,0.0046256813359255,0.722544263985789,0.00432541824312311,0.00432541833145128,0.999977423193884,0.00420152655803485,0.999975305727325,0.0288208754233878,0.00433446947598236,0.00422680616977678,0.0042383328307426,0.0185295928527942,0.00423833226299905,0.103131438888841,0.999986366822201,0.00421577154045671,0.00421577162401255,0.00427757412669322,0.999988712707705,0.999973146095691,0.0163100998336308,0.00424752074693069,0.00773418381366598,0.00460930248211209,0.00462020512584713,0.999977032321476,0.999991111530394,0.0122126727273665,0.07749396723993,0.618232264399237,0.00421577155013949,0.012041836448269,0.999978711692057,0.00435942110829846,0.999981335135291,0.999988777543577,0.00431729133820511,0.999981878142639,0.156169098109558,0.00726319910648401,0.00421577162405771,0.999988982541171,0.0474676890323366,0.00421577211107068,0.999988246351767,0.219598464840625,0.00434338630547402,0.00420152649341412,0.0165249867845743,0.00442316971146994,0.00421577162042579,0.0246616641519592,0.00795866068294039,0.00432760092094209,0.0094865500988795,0.999986975160239,0.0311969237085756,0.0042173681724551,0.00421577153826085,0.00432565463898217,0.00423833225771576,0.00421577160341405,0.780987035469879,0.999980308294128,0.00430454152382687,0.00421577162971926,0.289475483381864,0.444862332916087,0.0346946404182826,0.999974501650844,0.00421577279498916,0.316647945729484,0.00433342000867851,0.00473777771407843,0.00867613627821505,0.00942298026592292,0.00474836607858236,0.333050453869802,0.999975803542588,0.99997916740304,0.00421577158833812,0.00422194209757489,0.00421577212040261,0.0955545873930902,0.120258195462665,0.0042177900910158,0.678576424919949,0.00425214445818962,0.0938341881747329,0.00421577163443854,0.00423833231672226,0.00443966550248275,0.00420152651610824,0.999979255831068,0.00429025626206868,0.147675689439123,0.999989242567797,0.0655799261253354,0.245950733350583,0.00432541832129638,0.00466002365632754,0.00443900402629905,0.999987193232715,0.999982318330945,0.999975562470939,0.0341227168916549,0.00435167369743685,0.999973258799496,0.00450584561327437,0.00432541806554325,0.00473828461951279,0.153547831022263,0.00421722260616229,0.999987049931973,0.569294768683884,0.233381454734208,0.0376156047103383,0.99998345088611,0.99998768981333,0.0260667200112379,0.010017532333288,0.999993719212542,0.999989266420627,0.999983642079688,0.767577465977302,0.770189653488344,0.00421577162934434
0.999984060693246,0.0033363999334743,0.00372305318146093,0.999980344165402,0.0029728650459729,0.0030171831184621,0.99998016244779,0.00318429448092369,0.999983383367286,0.00300230840526341,0.999980350725326,0.32442197996335,0.79773685037476,0.00359427102313044,0.999979133441849,0.999980334001491,0.00297321171454333,0.0291171017706307,0.171899817623175,0.272993754997355,0.00309871837933967,0.999985269873999,0.0029736916409888,0.00300022639888014,0.100801736525427,0.999981459435969,0.999980326806898,0.0151908974947753,0.00301087511841462,0.00305171630155214,0.999980327034774,0.0518436906099523,0.00310992773806606,0.00308731252619833,0.99998032849129,0.00297432805440739,0.9999839265076,0.00302191330603253,0.999980343305183,0.999758881007524,0.04228226335261,0.00308731240768925,0.00308731249601741,0.300383357904414,0.00296342072260098,0.00297385319326682,0.00301095508223988,0.0030963636405485,0.999982138654763,0.00300022699530873,0.0506637165779406,0.00300022642756518,0.999985455569677,0.00309829453489211,0.9999801145287,0.99998033050374,0.0480227358960336,0.297307891038672,0.438017617359699,0.999982634493287,0.0267590809920866,0.219705743939452,0.00337119664667822,0.00300432993303919,0.00297336923349363,0.00302478962992247,0.999985410631306,0.999983762219253,0.99998181548396,0.999980139556751,0.0030032948475553,0.00313206693754859,0.316117775929098,0.00334311786480899,0.00323315857673479,0.00734887422881817,0.00313845538955629,0.00310138252158976,0.999979902424723,0.999980330620457,0.00349512236687422,0.999981827336959,0.999981589451009,0.00326886052119118,0.999984555238098,0.274654023507029,0.00296342065798025,0.71229886591938,0.0031399453320625,0.99998032123268,0.00304536798981267,0.0140000449704863,0.00308949508550823,0.999979952042245,0.204379075053422,0.00325896052470421,0.999982053855855,0.999980108852846,0.0030875488035483,0.00300022642228189,0.999980277260763,0.00340758221664382,0.011588978887411,0.9999830678298,0.999980345254428,0.994308019289889,0.176763251127682,0.999984526364273,0.00297409544064267,0.99998335724266,0.161520975833034,0.248882577529634,0.999981423101384,0.00311202888335409,0.00300548169618027,0.103378582966876,0.00327583350567057,0.00297372884529201,0.302804803986794,0.999980238292499,0.0557518158234111,0.999981613572162,0.00332876743672146,0.999985526545015,0.999983698155418,0.00382231292710493,0.999983012394583,0.0823563172020429,0.999980357452826,0.00300022648128839,0.298538597348753,0.00296342068067438,0.318114967225519,0.0206860953077509,0.00309018416838385,0.00318740303592749,0.185459273642154,0.999985039537281,0.00308731248586251,0.00342191782089368,0.296827960933055,0.00330699150399836,0.952028591247876,0.00297379193770288,0.00344695977805277,0.0709822437333455,0.00314295158092804,0.999983657802489,0.00308731223010939,0.00350017878407893,0.672992500711841,0.999980955206507,0.331776245532871,0.99998141818185,0.999981958114321,0.999983752791748,0.00324340830994808,0.00322219334710141,0.00868280743713153,0.999984800764017,0.00335080802098143,0.113637893635167,0.00371276548698194,0.999984726700488,0.00378108143214711,0.999980344285339
0.0147857248475663,0.00462678399657986,0.0750632247281099,0.00401260252539314,0.00402076002245905,0.00812807174323644,0.00401260245509072,0.0434144844813555,0.00408925633630206,0.0666248607872175,0.00401260252793103,0.00436666386400996,0.086954513690085,0.985880303804098,0.506102667827367,0.00401260252146095,0.00402259089582301,0.00425669207029355,0.00419845495302452,0.00415361351392086,0.999972760067366,0.265160577895759,0.00402512648110171,0.0040351631304092,0.00407298529460494,0.00401480963302187,0.00401260251867753,0.0168414755614606,0.103178001924205,0.0384769127727929,0.00401260251876569,0.00458990970066143,0.0201082779706872,0.00412224925772739,0.00401260251932918,0.00402848696847458,0.00403895866518523,0.00407211601620218,0.00401260252506034,0.999982315190935,0.0163345440946739,0.00412224913921832,0.00412224922754648,0.00413902877843237,0.999973180808009,0.00402597895300941,0.00405281431990166,0.0238413840178079,0.00402363706587198,0.0040351637268378,0.00405938130548653,0.00403516315909425,0.00909899672599671,0.0356389004629281,0.00401260243655191,0.00401260252010775,0.062679958317365,0.00529147002068573,0.169926877664806,0.0170170539945565,0.00404435164302589,0.0041202625621613,0.999978722350514,0.0146636154023496,0.00402342279441962,0.00508077224324116,0.18437444327651,0.0130565954090366,0.00451436663924715,0.0040126024462347,0.00403828519588504,0.219226366452964,0.00415625200439366,0.999972846512334,0.00791923419686202,0.15414588168113,0.00973619010333985,0.00433663805344732,0.055570937530175,0.00401260252015291,0.0047087604602837,0.00536423081631366,0.00401260300716588,0.717259549628425,0.00416067543250211,0.00414021720156922,0.999973007554948,0.00431401799602501,0.999978776913947,0.00401260251652099,0.0646230993239675,0.999976885313275,0.00412647451310284,0.0046571778417004,0.00439489299143558,0.0172701408688795,0.0040141990685503,0.00401260243435605,0.00463668931040745,0.00403516315381096,0.00401260249950925,0.00452347930764813,0.335444185078033,0.211717106406744,0.00401260252581446,0.0118065485291136,0.0122134314981841,0.00455282700398436,0.00402725834747098,0.00401260369108436,0.631978731589648,0.00413025090477371,0.508147225701534,0.999978240119747,0.0128655754640244,0.503416240146911,0.00439801583382337,0.00402532208912145,0.00413715892369917,0.00401260248443332,0.999974580206935,0.00401260301649781,0.415838865893667,0.00407586941770568,0.004014620987111,0.999982050817236,0.00404897535428482,0.999981528287748,0.00401260253053374,0.00403516321281746,0.00423649639857795,0.999973068399615,0.00418064726672421,0.00502030572379718,0.00418738785848792,0.343869346184678,0.00421433744432629,0.00431671034389828,0.00412224921739158,0.0109083675732281,0.00423583492239425,0.0311559557927233,0.00438159761564018,0.00402565535392365,0.999960171671964,0.00414850459353206,0.0145843051783899,0.0062563740779656,0.00412224896163845,0.999965684880291,0.00442003747223162,0.00790365232000104,0.330770017265828,0.105249699296597,0.00415515566113788,0.0040723041529806,0.0293424883022081,0.0915935012676645,0.00413277435036499,0.00401692178503872,0.207089763512591,0.00429324007441593,0.233537571636549,0.00434411409754391,0.341320615321521,0.00401260252543954
0.00498946252397337,0.162023613011295,0.954085509691969,0.00496406088278702,0.00497029135469818,0.043925077572844,0.0049640608124846,0.0156789487600239,0.00504071469369593,0.0153057711498846,0.00496406088532491,0.363206456460769,0.99997603320647,0.469371485982063,0.17273291953557,0.00496406087885483,0.00497190151144648,0.999976305585777,0.999976190402404,0.00510462784712357,0.245065479535262,0.0205926948851749,0.00497413139897873,0.00498662148780309,0.00502444365199882,0.00496626799041575,0.00496406087607141,0.165986239696087,0.00501221160168866,0.0135245677746255,0.00496406087615957,0.0175835738369841,0.999976344880935,0.999972116127936,0.00496406087672306,0.00497708678835796,0.054623352599883,0.0324538703762095,0.00496406088245422,0.0171920600873985,0.00559736780444302,0.999971878065479,0.999972055500159,0.00508816819632497,0.00495091187056631,0.00497488112398586,0.00517067476913368,0.999975192806928,0.0271375584573793,0.00498662208423168,0.0050107931656544,0.00498662151648813,0.143641516104068,0.10079261209196,0.00496406079394579,0.00496406087750163,0.00502592787493168,0.99998724969673,0.485880185954347,0.00497350909514206,0.00499581000041977,0.00507172091955518,0.00535868735198916,0.00499073671393791,0.00497263312280924,0.00505700018081795,0.0185628707250828,0.0464986191416775,0.127316703260361,0.00496406080362858,0.00526529781533987,0.158744796216328,0.00510771036178754,0.00533769311476325,0.124083418347024,0.0591459722618108,0.031661008139782,0.017254470256481,0.00498448878192776,0.00496406087754679,0.927904948395433,0.557607976376358,0.00496406136455976,0.00536864467232398,0.055105000654762,0.0050916755589631,0.00495091180575499,0.00526547635341889,0.00512743629192295,0.00496406087391487,0.0416132434031264,0.00495660459761946,0.999973866822512,0.726495121373712,0.00532107827499952,0.999947971506181,0.00496565742594418,0.00496406079174993,0.999972127218925,0.00498662151120484,0.00496406085690313,0.999972324469449,0.00511739919474114,0.00505305925608594,0.00496406088320834,0.999970846533524,0.999977845608018,0.941650087214264,0.00497600628394036,0.00496406204847824,0.00561751647144219,0.00508170926216759,0.00515270431363611,0.0151712123519996,0.00499188649708885,0.00521202250906246,0.999979873001747,0.0049743034507262,0.00508663667284999,0.0049640608418272,0.0049713273891793,0.00496406137389169,0.26149430197123,0.0358065292060497,0.00496607934450488,0.684256282211869,0.0050004337116787,0.0050247377845642,0.00496406088792762,0.00498662157021134,0.999973366569435,0.00495091182851605,0.0801947117840315,0.119327939006549,0.0694912832479378,0.0244917748136997,0.0626507185923858,0.236820747369609,0.999972035100862,0.985603348610616,0.999973368383817,0.0119988957163528,0.00533187536199859,0.00497459653809728,0.871423010656473,0.999974926445873,0.335581045579616,0.0338352206537969,0.99997152134092,0.99997014440244,0.00536286986285267,0.00496551614011093,0.0056504652982148,0.0054498046280579,0.0441555852489567,0.0429177093648379,0.429749096868779,0.242904809222962,0.999974951389707,0.0049683801424326,0.174497548291729,0.0124140007838774,0.237596473625156,0.0769686052749341,0.474476319102686,0.00496406088283342
0.00424116144272607,0.579945559141584,0.999989485890271,0.00421577162929794,0.999978692606909,0.00425528895389597,0.00421577155899552,0.999986809369338,0.0452023412599643,0.999976475694974,0.00421577163183582,0.0141635503676445,0.00466938422744481,0.99998607462257,0.00450960656326267,0.00421577162536575,0.999977545953813,0.00439972796284287,0.00439635009831293,0.0319638437014939,0.00433682421477353,0.00435980781016332,0.999975384039982,0.004238332234314,0.00427615439850974,0.0100327566126439,0.00421577162258233,0.00431213783961789,0.99997288086317,0.0681768685922723,0.00421577162267049,0.999987326406622,0.0446264146051608,0.00432541836163219,0.00421577162323398,0.999973664804205,0.00857527537972913,0.027323449216587,0.00421577162896514,0.0046256813359255,0.722544263985789,0.00432541824312311,0.00432541833145128,0.999977423193884,0.00420152655803485,0.999975305727325,0.0288208754233878,0.00433446947598236,0.00422680616977678,0.0042383328307426,0.0185295928527942,0.00423833226299905,0.103131438888841,0.999986366822201,0.00421577154045671,0.00421577162401255,0.00427757412669322,0.999988712707705,0.999973146095691,0.0163100998336308,0.00424752074693069,0.00773418381366598,0.00460930248211209,0.00462020512584713,0.999977032321476,0.999991111530394,0.0122126727273665,0.07749396723993,0.618232264399237,0.00421577155013949,0.012041836448269,0.999978711692057,0.00435942110829846,0.999981335135291,0.999988777543577,0.00431729133820511,0.999981878142639,0.156169098109558,0.00726319910648401,0.00421577162405771,0.999988982541171,0.0474676890323366,0.00421577211107068,0.999988246351767,0.219598464840625,0.00434338630547402,0.00420152649341412,0.0165249867845743,0.00442316971146994,0.00421577162042579,0.0246616641519592,0.00795866068294039,0.00432760092094209,0.0094865500988795,0.999986975160239,0.0311969237085756,0.0042173681724551,0.00421577153826085,0.00432565463898217,0.00423833225771576,0.00421577160341405,0.780987035469879,0.999980308294128,0.00430454152382687,0.00421577162971926,0.289475483381864,0.444862332916087,0.0346946404182826,0.999974501650844,0.00421577279498916,0.316647945729484,0.00433342000867851,0.00473777771407843,0.00867613627821505,0.00942298026592292,0.00474836607858236,0.333050453869802,0.999975803542588,0.99997916740304,0.00421577158833812,0.00422194209757489,0.00421577212040261,0.0955545873930902,0.120258195462665,0.0042177900910158,0.678576424919949,0.00425214445818962,0.0938341881747329,0.00421577163443854,0.00423833231672226,0.00443966550248275,0.00420152651610824,0.999979255831068,0.00429025626206868,0.147675689439123,0.999989242567797,0.0655799261253354,0.245950733350583,0.00432541832129638,0.00466002365632754,0.00443900402629905,0.999987193232715,0.999982318330945,0.999975562470939,0.0341227168916549,0.00435167369743685,0.999973258799496,0.00450584561327437,0.00432541806554325,0.00473828461951279,0.153547831022263,0.00421722260616229,0.999987049931973,0.569294768683884,0.233381454734208,0.0376156047103383,0.99998345088611,0.99998768981333,0.0260667200112379,0.010017532333288,0.999993719212542,0.999989266420627,0.999983642079688,0.767577465977302,0.770189653488344,0.00421577162934434
0.0147857358819,0.00461531623736324,0.075059738266982,0.00401254043722332,0.00402004629603432,0.00812848234459453,0.0040125403669209,0.0433947379822471,0.00408919424813224,0.0666243760512413,0.00401254043976121,0.00437013361438772,0.0869560641027873,0.985891416571349,0.506106984139011,0.00401254043329114,0.00402180253239113,0.00426033455405839,0.00419871777281545,0.0041534012755839,0.999982274455384,0.265162357262113,0.00402423474364508,0.00403510104223939,0.00407292320643513,0.00401474754485206,0.00401254043050771,0.01684331285327,0.103177737988638,0.0384743163986004,0.00401254043059587,0.00457415773653055,0.0201085681797016,0.00412218716955758,0.00401254043115937,0.00402745824404142,0.00403889657701541,0.00407183582459189,0.00401254043689052,0.99998904783102,0.0163192220087648,0.0041221870510485,0.00412218713937667,0.00413818252318194,0.999979894862851,0.00402505247090463,0.00405240776115204,0.0238417569072395,0.00402357497770217,0.00403510163866798,0.00405930349392507,0.00403510107092443,0.0090989685842415,0.0356265119652274,0.0040125403483821,0.00401254043193794,0.0626802949537423,0.00528685813581268,0.169927796985974,0.0170170803183579,0.00404428955485608,0.00412020047399148,0.999985433668743,0.0146636255972383,0.00402260051809465,0.00507801037907693,0.184375610766152,0.0130565987976325,0.00451300914479746,0.00401254035806488,0.00403822641083658,0.21922728381681,0.00415618991622385,0.999979139426373,0.00790607310785389,0.154147459807145,0.00971887491113392,0.00432669887210704,0.0555712260820065,0.00401254043198309,0.00470237759752977,0.00536419218439551,0.00401254091899607,0.71725768545482,0.00416018155244333,0.0041401551133994,0.999979721608611,0.0043139559078552,0.999985489805871,0.00401254042835117,0.0646237906166751,0.999983599354589,0.00412653826744741,0.00466043615762733,0.00438628462057387,0.0172767368833527,0.00401413698038048,0.00401254034618624,0.00463663860250751,0.00403510106564114,0.00401254041133944,0.00452008136388253,0.335444802958044,0.211718456838119,0.00401254043764464,0.0118066454169975,0.0122135431068994,0.00455439393699369,0.00402627970979118,0.00401254160291454,0.631972501986429,0.0041301888166039,0.50815059222793,0.999985005033945,0.0128655734180613,0.503419574082303,0.00439930114253516,0.00402442238593167,0.00413642707774441,0.0040125403962635,0.9999812941324,0.00401254092832799,0.415836418057356,0.00407581673230801,0.00401455889894119,0.99997922043643,0.00404891326611501,0.999988241897104,0.00401254044236393,0.00403510112464764,0.00423643431040814,0.999979782453692,0.00417990687084004,0.00502159307668495,0.00418547179748533,0.343855671629259,0.00421266266543046,0.00431561512136011,0.00412218712922176,0.010916028337495,0.00423577283422443,0.031129979665335,0.00438113629484333,0.00402474206442907,0.99997418201527,0.00414844250536224,0.0145832960409392,0.00625659724252847,0.00412218687346864,0.999979768458792,0.00441705844760098,0.0079036166948273,0.330757431738505,0.10524726359519,0.00415487011620967,0.00407226072309516,0.0293342523186456,0.0915810945836515,0.00413271575903141,0.0040168596968689,0.207066264527027,0.00428389659296732,0.23349790739821,0.0043437969347141,0.341289003054452,0.00401254043726972
0.0563368708606408,0.999986130806183,0.631771034405702,0.00415522299083875,0.00540662250217083,0.999989273724558,0.00415522292053633,0.291641066205746,0.153327609673758,0.00588066629883672,0.00415522299337663,0.999989432328661,0.0046911304987139,0.00606480485667749,0.0491181629394407,0.00415522298690656,0.0055508511896834,0.242821648219019,0.0252960895561402,0.99998514550783,0.00516091361022136,0.0996269343268605,0.00575061112416446,0.999985009613757,0.999986194848401,0.00415743009846748,0.00415522298412314,0.999989711223201,0.00596246790868345,0.999989869928826,0.0041552229842113,0.462146144992225,0.00430385386152133,0.004264869723173,0.00415522298477479,0.00601532515139871,0.00418157913063084,0.999989019825315,0.00415522299050595,0.0858448714093157,0.999986754571774,0.00426486960466392,0.00426486969299209,0.00577773921936515,0.00499489817685218,0.0058177519179047,0.999988376255458,0.00429413155456885,0.00416625753131759,0.999986464391797,0.999985756108799,0.999985079580848,0.00426783613128855,0.0548873146571065,0.00415522290199752,0.00415522298555336,0.999989221475554,0.999986894028633,0.00666965634894461,0.00417579845778878,0.999986273319418,0.999988699311802,0.999986597441971,0.999988273959252,0.00561638452837731,0.111870095377726,0.00438682604619069,0.00421480109972478,0.423894517260882,0.0041552229116803,0.999987334282733,0.00604710196966385,0.999986093816222,0.00618102604904564,0.38276005735308,0.999990105572758,0.216214442884966,0.999985390271806,0.00421978134553419,0.00415522298559851,0.124953504511674,0.00444809632495861,0.00415522347261149,0.0232887151308924,0.0775143927799447,0.999986113305037,0.00499489796374465,0.999986841795643,0.435678261254788,0.0041552229819666,0.999990447930945,0.00500058920144712,0.0123646917293441,0.638910237646273,0.27106539118572,0.536643758600162,0.00804932240287147,0.00415522289980166,0.00426563362182777,0.999985066694112,0.00415522296495486,0.0410278971550946,0.00759960513613688,0.0320628556327921,0.00415522299126007,0.00476680775705362,0.00451070198440157,0.127174141783121,0.00591853744427003,0.00415522415652996,0.999984150899779,0.99998612493879,0.00477538114376481,0.350513747483746,0.999988345334647,0.99998988538283,0.212853128064546,0.00576600432693962,0.00555759113722216,0.00415522294987892,0.00501529741249848,0.00415522348194342,0.999989417742332,0.0136330230978585,0.00907729104090426,0.530872978532044,0.0929057662901345,0.0273815180068516,0.00415522299597935,0.999985210619743,0.00437911686402356,0.00499489803858579,0.00561739164636191,0.999989662360011,0.999986117495323,0.0542154091894608,0.999985889162283,0.163996850459194,0.00426486968283718,0.999987430190003,0.00437845538783985,0.549386976068509,0.00528590260719962,0.00579225851460688,0.00555836078018025,0.00429112505897766,0.00629137981288901,0.681369947836626,0.00426486942708406,0.00561234857548577,0.999986107520675,0.00416000879820811,0.343358797762038,0.41977283004057,0.0778589622477863,0.0710669269084996,0.0524847509932623,0.123064500518647,0.00450035039783428,0.0093241700615162,0.316984881878089,0.0563427429931736,0.93934441848761,0.00497338422127788,0.999972576867908,0.00415522299088515
0.999984060693246,0.0033363999334743,0.00372305318146093,0.999980344165402,0.0029728650459729,0.0030171831184621,0.99998016244779,0.00318429448092369,0.999983383367286,0.00300230840526341,0.999980350725326,0.32442197996335,0.79773685037476,0.00359427102313044,0.999979133441849,0.999980334001491,0.00297321171454333,0.0291171017706307,0.171899817623175,0.272993754997355,0.00309871837933967,0.999985269873999,0.0029736916409888,0.00300022639888014,0.100801736525427,0.999981459435969,0.999980326806898,0.0151908974947753,0.00301087511841462,0.00305171630155214,0.999980327034774,0.0518436906099523,0.00310992773806606,0.00308731252619833,0.99998032849129,0.00297432805440739,0.9999839265076,0.00302191330603253,0.999980343305183,0.999758881007524,0.04228226335261,0.00308731240768925,0.00308731249601741,0.300383357904414,0.00296342072260098,0.00297385319326682,0.00301095508223988,0.0030963636405485,0.999982138654763,0.00300022699530873,0.0506637165779406,0.00300022642756518,0.999985455569677,0.00309829453489211,0.9999801145287,0.99998033050374,0.0480227358960336,0.297307891038672,0.438017617359699,0.999982634493287,0.0267590809920866,0.219705743939452,0.00337119664667822,0.00300432993303919,0.00297336923349363,0.00302478962992247,0.999985410631306,0.999983762219253,0.99998181548396,0.999980139556751,0.0030032948475553,0.00313206693754859,0.316117775929098,0.00334311786480899,0.00323315857673479,0.00734887422881817,0.00313845538955629,0.00310138252158976,0.999979902424723,0.999980330620457,0.00349512236687422,0.999981827336959,0.999981589451009,0.00326886052119118,0.999984555238098,0.274654023507029,0.00296342065798025,0.71229886591938,0.0031399453320625,0.99998032123268,0.00304536798981267,0.0140000449704863,0.00308949508550823,0.999979952042245,0.204379075053422,0.00325896052470421,0.999982053855855,0.999980108852846,0.0030875488035483,0.00300022642228189,0.999980277260763,0.00340758221664382,0.011588978887411,0.9999830678298,0.999980345254428,0.994308019289889,0.176763251127682,0.999984526364273,0.00297409544064267,0.99998335724266,0.161520975833034,0.248882577529634,0.999981423101384,0.00311202888335409,0.00300548169618027,0.103378582966876,0.00327583350567057,0.00297372884529201,0.302804803986794,0.999980238292499,0.0557518158234111,0.999981613572162,0.00332876743672146,0.999985526545015,0.999983698155418,0.00382231292710493,0.999983012394583,0.0823563172020429,0.999980357452826,0.00300022648128839,0.298538597348753,0.00296342068067438,0.318114967225519,0.0206860953077509,0.00309018416838385,0.00318740303592749,0.185459273642154,0.999985039537281,0.00308731248586251,0.00342191782089368,0.296827960933055,0.00330699150399836,0.952028591247876,0.00297379193770288,0.00344695977805277,0.0709822437333455,0.00314295158092804,0.999983657802489,0.00308731223010939,0.00350017878407893,0.672992500711841,0.999980955206507,0.331776245532871,0.99998141818185,0.999981958114321,0.999983752791748,0.00324340830994808,0.00322219334710141,0.00868280743713153,0.999984800764017,0.00335080802098143,0.113637893635167,0.00371276548698194,0.999984726700488,0.00378108143214711,0.999980344285339
0.00498933870898229,0.16200233615024,0.95408781044311,0.00496394889555415,0.00496888239617801,0.0439261635042417,0.00496394882525173,0.0156392267659541,0.00504060270646307,0.01530402614518,0.00496394889809204,0.363216371679413,0.999990505233228,0.469390358916148,0.172737243041152,0.00496394889162197,0.00497034400109632,0.999993732911248,0.999987905686463,0.00510421701240269,0.245076051177064,0.0205926431283713,0.00497236814082152,0.00498650950057022,0.00502433166476595,0.00496615600318289,0.00496394888883854,0.165991071576332,0.00501024666257149,0.01351898120831,0.0049639488889267,0.0175523701721314,0.999988282075215,0.999983283032582,0.00496394888949019,0.00497505088172752,0.0546238032877024,0.0324535445005679,0.00496394889522135,0.0171910235699897,0.00556671299910614,0.999983044967427,0.999983222404118,0.00508649546249637,0.00494970382429106,0.00497304871271999,0.00516987846978516,0.999987310964433,0.0271376977199446,0.00498651009699881,0.00501064988377708,0.00498650952925526,0.143642969811299,0.1007686169479,0.00496394880671292,0.00496394889026877,0.00502575139294944,0.999987772428307,0.485886093619693,0.00497338280703916,0.00499569801318691,0.00507160893232231,0.0053574797483683,0.00499061303472927,0.00497100811481253,0.00505150060262747,0.0185627233443433,0.0464989814371619,0.127315340115964,0.00496394881639571,0.00526519453530963,0.158745624735336,0.00510759837455468,0.00533565254798436,0.124058370983327,0.0591473640666919,0.0316267827175478,0.017234803198948,0.00498432007774789,0.00496394889031392,0.927902271206518,0.557614177624647,0.00496394937732689,0.00535450899299434,0.0551045841674613,0.00509156357173023,0.00494970375967033,0.00526536436618602,0.00512622843375258,0.004963948886682,0.0416140451832758,0.00495539655353223,0.999985246412729,0.726508794412328,0.00530395641583079,0.999970204028105,0.00496554543871131,0.00496394880451706,0.999983319044247,0.00498650952397197,0.00496394886967026,0.999976726041157,0.00511379014573222,0.00505271879008308,0.00496394889597547,0.999982355828355,0.999989390166537,0.941663333578973,0.00497407006617945,0.00496395006124537,0.00559594463911674,0.00508159727493472,0.00515203773893489,0.015170294603759,0.00499176479787035,0.0052113612060422,0.999992771430857,0.00497252433817877,0.00508519165059351,0.00496394885459433,0.0049701193638311,0.00496394938665882,0.261486370543673,0.0358067820478847,0.00496596735727201,0.684246607454664,0.00500032172444584,0.00502352981034731,0.00496394890069475,0.00498650958297847,0.999984532193068,0.00494970378236446,0.0801941007316764,0.119331392807583,0.069487999907858,0.0244598053016775,0.0626478693465394,0.23682113403273,0.99998320200459,0.985627404778824,0.999984534014969,0.0119469069774712,0.00533096877246865,0.00497279038440073,0.871455226961609,0.999986093084729,0.335582642672871,0.0338358949843082,0.999982688238826,1.00000405534481,0.00535695222684449,0.0049653998724185,0.00562065400317527,0.00544349333956652,0.0441554641425046,0.0429180523217756,0.429737449932254,0.242882130760091,0.999986124117934,0.00496826815519973,0.174449811000596,0.012395493964124,0.237516955384965,0.0769687981526464,0.4744148358756,0.00496394889560055
0.0563370050647495,0.999986055886583,0.631772842442194,0.00415516360898686,0.00540682953168203,0.999982879272499,0.00415516353868444,0.29164897019642,0.153326359056871,0.00588436362929378,0.00415516361152474,0.999993725760058,0.00467055699961628,0.00600773986861775,0.0491236538775324,0.00415516360505467,0.00555108873328224,0.242832592216758,0.0252969948673844,0.999977194513007,0.00515025400698807,0.0996400808083995,0.00575089093049823,0.999976993998461,0.999978179525825,0.00415737071661559,0.00415516360227125,0.999987501563685,0.00596839420300188,0.999985267192592,0.00415516360235941,0.462149094940966,0.00429886002184296,0.00426481034132111,0.0041551636029229,0.00601566096255857,0.00418151974877895,0.999982279636144,0.00415516360865406,0.0859007528728988,0.999985910339644,0.00426481022281204,0.0042648103111402,0.00577800043106231,0.00505138752467778,0.0058180459290047,0.999980514680476,0.00428797969961675,0.0041661981494657,0.999978448764883,0.999977747348958,0.999977063964994,0.00426805751734702,0.0548934144152733,0.00415516352014563,0.00415516360370147,0.999984534004815,1.00000134804857,0.00665930871953545,0.00417647689753418,0.99997825776744,0.999980684346948,1.00003511748969,0.999980861644938,0.00561663593669328,0.11187037881503,0.00439693072610123,0.00421514924676773,0.423892365296965,0.00415516352982841,0.999979330183293,0.00605190557822981,0.999978079159732,0.00623766444335729,0.382764802885624,0.999992613538578,0.21622020685803,0.999981988445801,0.00422264814847733,0.00415516360374663,0.124960902397897,0.00444770773969765,0.0041551640907596,0.0233318041864789,0.0775140861586779,0.999978098520277,0.00505138730173708,0.999978828393685,0.435731301262073,0.00415516360011471,0.999987165016152,0.00505707843638679,0.0123650061548879,0.638916681597107,0.271066826595888,0.536662386117892,0.00804923192096257,0.00415516351794977,0.00426541452035428,0.999977051078361,0.00415516358310297,0.0410305445318779,0.00761899803216438,0.0320743632620821,0.00415516360940818,0.00476451863076358,0.00450820593061257,0.12717888476972,0.00591885277830147,0.00415516477467808,1.00001618560213,0.999978110074309,0.004803934469457,0.350566065711337,0.99998083086345,1.00001021567127,0.212863173749702,0.00576628738992969,0.00555780557459909,0.00415516356802704,0.00507178568063956,0.00415516410009153,1.00000169704379,0.0136329212596765,0.00907719234917185,0.530870949641754,0.092904998105784,0.0274378253632818,0.00415516361412746,0.999977195002842,0.00437905748217167,0.00505138738003153,0.00561760957923397,0.999986363995427,0.999981637933673,0.0542410958690465,0.99998089409871,0.163996868696791,0.00426481030098529,1.00000506129977,0.00437839600598797,0.549394847555859,0.00528600644490637,0.00579254713212962,0.00543986162428502,0.00429106567712577,0.00629232541657011,0.681365454042914,0.00426481004523217,0.00549208361148249,0.999979331976141,0.00416017025715153,0.343380798822156,0.419776471764491,0.0778585019200757,0.071066479031073,0.0524831600279041,0.123061990415371,0.00450030140311788,0.0093240694156692,0.317001316471523,0.056346249730812,0.939364737494447,0.00497342912241943,0.99997465653142,0.00415516360903326
0.00499003323215697,0.162023502934594,0.954073389416397,0.0049640870407066,0.00497040530922518,0.043924343281434,0.00496408697040418,0.0156834410002207,0.00504074085161551,0.0153090106899922,0.00496408704324448,0.363199076012606,0.999968967145062,0.469376923961658,0.172749315171784,0.00496408703677441,0.00497202552197612,0.9999676113687,0.999974057453242,0.00510467423509437,0.245089629740624,0.0206055049645839,0.00497426933731049,0.00498664764572266,0.0050244698099184,0.00496629414833533,0.00496408703399099,0.165982813472267,0.00501737760973226,0.0135265126815177,0.00496408703407915,0.0175856906233062,0.999973392846188,0.999970613851732,0.00496408703464264,0.00497724318323629,0.0546233025081355,0.0324533370920692,0.0049640870403738,0.0172424637054395,0.00560005057202735,0.999970375789641,0.999970553224048,0.0050883000067424,0.00500140061234455,0.00497502374353793,0.00517074345510943,0.999971900529224,0.0271375505677373,0.00498664824215126,0.00501082144201996,0.00498664767440771,0.143641580878756,0.10079546586972,0.00496408695186537,0.00496408703542121,0.00502892337261605,0.999976872169214,0.485880222251733,0.00497419366545106,0.00499583615833935,0.00507174707747475,0.00540915571394881,0.00499130117069452,0.00497276170249506,0.00505743997800486,0.0185719826674851,0.0464989973351523,0.127316389634228,0.00496408696154815,0.00526531713717765,0.158752622240679,0.00510773651970712,0.00538821856522619,0.124084218649807,0.0591522723720657,0.0316634967167917,0.0172556133374539,0.00498712618940939,0.00496408703546636,0.927901757700846,0.557607057100426,0.00496408752247934,0.00540568333035821,0.0551049367279106,0.00509170171688268,0.00500140053875837,0.00526550251133847,0.00517791637334779,0.00496408703183445,0.0416154451490263,0.0050070932386613,0.999972120236564,0.726487593745512,0.00532225589175494,0.999931987921215,0.00496568358386375,0.00496408694966951,0.999970577944169,0.00498664766912442,0.00496408701482271,0.999970540678562,0.00513442190293851,0.00506360458190115,0.00496408704112792,0.99996868922061,0.999975626927406,0.941645464165363,0.00497615593052394,0.00496408820639781,0.00565073081776196,0.00508173542008717,0.00517826369152546,0.0152211288787957,0.0049923597950531,0.00523733917863725,0.999972485091029,0.00497444246229812,0.00508675306865979,0.00496408699974677,0.00502181516747576,0.00496408753181127,0.261505282845947,0.0358064898240001,0.00496610550242446,0.684275275722868,0.00500045986959828,0.00507522320877402,0.0049640870458472,0.00498664772813092,0.999971864466825,0.00500140056460107,0.0801947140121634,0.119325223868924,0.0694901897821407,0.0245109628133396,0.0626497942612511,0.23682013442658,0.999970532824783,0.985586885869749,0.999971866280188,0.0120036480485291,0.00533195530937875,0.00497473738018093,0.871404488082559,0.999973424205687,0.335581227145145,0.0338347510960799,0.99997001906563,0.999950740233308,0.0053632890258228,0.00496573937048848,0.00566899631494548,0.00545534720214592,0.0441555389842688,0.0429176038170774,0.429747245233066,0.242904416373912,0.999973442336479,0.00496840630035218,0.174506534326622,0.0124152456695981,0.237612122754191,0.0769685556892046,0.474481083173438,0.004964087040753
0.999984056834104,0.00333639992349871,0.00372305317148535,0.999980340306176,0.00297286503599731,0.00301718310848652,0.999980158588565,0.0031842944709481,0.999983379508344,0.00300230839528782,0.999980346866101,0.324421978713481,0.797736847298112,0.00359427101315485,0.999979129583762,0.999980330142266,0.00297321170456774,0.0291171016604457,0.171899816961718,0.272993753945428,0.00309871836936408,0.99998526601531,0.00297369163101321,0.00300022638890455,0.100801736138003,0.999981455576748,0.999980322947673,0.0151908974380186,0.00301087510843903,0.00305171629157655,0.999980323175548,0.0518436904123376,0.00310992772809047,0.00308731251622274,0.999980324632065,0.00297432804443181,0.999983922648462,0.00302191329605694,0.999980339445958,0.999758877150736,0.0422822631923289,0.00308731239771366,0.00308731248604183,0.300383356746635,0.0029634207126254,0.00297385318329124,0.00301095507226429,0.00309636363057291,0.999982134795573,0.00300022698533315,0.0506637163840371,0.0030002264175896,0.99998545171085,0.00309829452491652,0.999980110669475,0.999980326644515,0.0480227357123857,0.297307889896195,0.438017615671928,0.999982630634089,0.0267590808904177,0.219705743093144,0.00337119663670264,0.00300432992306361,0.00297336922351805,0.00302478961994688,0.999985406772358,0.999983758360214,0.999981811626542,0.999980135697526,0.00300329483757971,0.00313206692757301,0.316117774710698,0.00334311785483341,0.0032331585667592,0.00734887420235807,0.0031384553795807,0.00310138251161417,0.999979898565578,0.999980326761231,0.00349512235689863,0.999981823478854,0.999981585591779,0.00326886051121559,0.999984551379389,0.274654022448652,0.00296342064800466,0.712298863172005,0.00313994532208692,0.999980317373455,0.00304536797983709,0.0140000449179223,0.00308949507553264,0.999979948185301,0.204379074266691,0.00325896051472862,0.999982049996629,0.999980104993622,0.00308754879357271,0.0030002264123063,0.999980273401538,0.00340758220666823,0.0115889788446764,0.999983063970907,0.999980341395203,0.994308015454896,0.176763250448092,0.999984522507011,0.00297409543066709,0.999983353383423,0.161520975212789,0.248882576570717,0.99998141924288,0.0031120288733785,0.00300548168620469,0.103378582570226,0.00327583349569498,0.00297372883531642,0.302804802819668,0.999980234433274,0.0557518156097078,0.999981609712931,0.00332876742674587,0.999985522686013,0.999983694296188,0.00382231291712934,0.999983008535488,0.0823563168858305,0.9999803535936,0.0030002264713128,0.298538596198533,0.00296342067069879,0.318114965999451,0.0206860952296938,0.00309018415840826,0.0031874030259519,0.185459272928221,0.999985035679099,0.00308731247588692,0.00342191781091809,0.296827959789438,0.00330699149402277,0.952028587575177,0.00297379192772729,0.00344695976807718,0.070982243461341,0.00314295157095245,0.99998365394437,0.0030873122201338,0.00350017877410334,0.672992498116406,0.999980951347285,0.331776244255148,0.999981414324295,0.999981954255619,0.999983748932735,0.00324340829997249,0.00322219333712582,0.00868280740559315,0.999984796904791,0.00335080801100584,0.113637893198321,0.00371276547700635,0.999984722842506,0.00378108142217153,0.999980340426113
0.0147857120109266,0.00463217652480472,0.0750660704851694,0.00401263115786115,0.00402108115497159,0.00812801956798609,0.00401263108755873,0.0434233169393947,0.00408928496877007,0.0666250281366235,0.00401263116039904,0.00436619510273476,0.0869536380459437,0.985874016115187,0.506100230767935,0.00401263115392897,0.00402294553055515,0.00425619898273479,0.00419843782825176,0.00415370954410569,0.999967384889641,0.265159573793241,0.00402552751720241,0.00403519176287722,0.00407301392707296,0.00401483826548989,0.00401263115114554,0.0168411811426314,0.103178041420441,0.03847807822438,0.0040126311512337,0.00459698183458341,0.0201081091738387,0.00412227789019541,0.0040126311517972,0.00402894949374728,0.00403898729765325,0.00407233575721493,0.00401263115752836,0.999978499288421,0.0163414130959618,0.00412227777168633,0.0041222778600145,0.00413940939899234,0.999969366565976,0.00402639558489667,0.00405299819266937,0.0238411688863753,0.00402366569834,0.00403519235930582,0.00405941699569359,0.00403519179156226,0.00909900610759082,0.0356444425381883,0.00401263106901993,0.00401263115257577,0.0626797608258577,0.00529515893883117,0.169926241741596,0.0170170324869803,0.00404438027549391,0.00412029119462931,0.999974909660465,0.0146636030417745,0.00402379265158946,0.0050820119426181,0.184373774622096,0.0130565869501465,0.00451503251144418,0.00401263107870271,0.00403831336316987,0.219225747675843,0.00415628063686168,0.99996922161968,0.0079253051957389,0.154145241871388,0.00974396245746144,0.00434113352130326,0.0555707673082921,0.00401263115262092,0.00471207838538844,0.00536424630396588,0.0040126316396339,0.71725981368424,0.00416091006600733,0.00414024583403724,0.999969193313584,0.00431404662849303,0.999974963331425,0.00401263114898901,0.064622865358652,0.999973071078913,0.00412648542299423,0.00465673885703348,0.00439875778307475,0.0172693755463242,0.00401422770101831,0.00401263106682407,0.00463671156540504,0.00403519178627897,0.00401263113197727,0.0045251300311303,0.335443641979499,0.211716333973571,0.00401263115828247,0.0118064880714241,0.0122133627910803,0.00455263447352779,0.00402769839036565,0.00401263232355237,0.631981023969279,0.00413027953724173,0.508145309904041,0.999974397363636,0.0128655700454601,0.503414342832372,0.0043984122684137,0.00402572670079078,0.00413748818950238,0.00401263111690133,0.999970766038275,0.00401263164896582,0.415840321338735,0.00407589672596819,0.00401464961957902,0.99998304368236,0.00404900398675284,0.999977714298357,0.00401263116300176,0.00403519184528547,0.00423652503104597,0.999969254158016,0.00418098037032349,0.00502014143437055,0.0041884653058917,0.343875229502874,0.00421527400705289,0.00431727476444042,0.00412227784985959,0.0109072678262355,0.00423586355486226,0.0311675943490174,0.00438180545115575,0.00402606606406054,0.999952290410066,0.00414853322600007,0.0145847505522229,0.00625635560326814,0.00412227759410647,0.999957762799228,0.00442137542630287,0.0079036659448205,0.330775404984776,0.105250712321169,0.00415529184908771,0.00407233651165612,0.0293462463843942,0.091599083678988,0.00413280249036868,0.00401695041750673,0.207100414718038,0.00429743836657161,0.233555192060373,0.00434425722505398,0.341335044489589,0.00401263115790756
0.00424116179128095,0.579945642923864,0.99998969668099,0.00421577197785282,0.999978951112239,0.00425528930245085,0.0042157719075504,0.999986960403628,0.0452023523634365,0.999976733064541,0.0042157719803907,0.0141635532533889,0.00466938457599969,0.99998633543637,0.00450960691181755,0.00421577197392063,0.99997780404375,0.00439972831139775,0.00439635044686781,0.0319638504736563,0.00433682456332841,0.0043598081587182,0.99997564155444,0.00423833258286888,0.00427615474706462,0.0100327584898613,0.00421577197113721,0.00431213818817277,0.999973138108486,0.0681768698433568,0.00421577197122537,0.999987501212392,0.0446264255426072,0.00432541871018707,0.00421577197178886,0.999973921556363,0.0085752768674368,0.0273234527331709,0.00421577197752002,0.00462568168448038,0.722544367789637,0.00432541859167799,0.00432541868000616,0.999977680931588,0.00420152690658973,0.999975563048532,0.0288208803051927,0.00433446982453724,0.00422680651833166,0.00423833317929748,0.0185295968647064,0.00423833261155393,0.103131465213118,0.999986558893329,0.00421577188901159,0.00421577197256743,0.0042775744752481,0.999988920070912,0.999973402638176,0.016310103359216,0.00424752109548557,0.00773418505888263,0.00460930283066697,0.00462020557371481,0.999977290222673,0.999991358600601,0.0122126751580057,0.0774939868391626,0.618232417835315,0.00421577189869437,0.0120418388475013,0.999978969309338,0.00435942145685334,0.999981594840293,0.999988963650967,0.00431729168675999,0.999982043981689,0.156169082852557,0.00726320025082983,0.00421577197261259,0.999989201229565,0.0474677006747956,0.00421577245962556,0.999988471419423,0.219598519154637,0.0043433866540289,0.004201526841969,0.0165249902898918,0.00442317007188615,0.00421577196898067,0.0246616694670968,0.00795866201772175,0.00432760126949697,0.00948655167779854,0.999987189714503,0.0311969267980065,0.00421736852100997,0.00421577188681573,0.00432565498753704,0.00423833260627063,0.00421577195196893,0.780987219113275,0.999980561637611,0.00430454187238175,0.00421577197827414,0.289475558564266,0.444862449016062,0.0346946484956974,0.999974758681778,0.00421577314354403,0.31664797006646,0.00433342035723339,0.00473777815041771,0.00867613771328355,0.00942298197610223,0.00474836650210953,0.333050530523972,0.999976061012855,0.99997942577724,0.00421577193689299,0.00422194244612976,0.00421577246895749,0.0955545657002266,0.120258226301331,0.00421779043957068,0.678576517861155,0.0042521448067445,0.09383421206765,0.00421577198299342,0.00423833266527714,0.00443966585103763,0.00420152686466312,0.999979514146363,0.00429025661062356,0.147675713253924,0.999989415768301,0.0655799302780981,0.245950790132207,0.00432541866985125,0.00466002400488242,0.00443900437485392,0.999987310118866,0.999982578144484,0.999975819865583,0.0341227249791527,0.00435167404599173,0.999973515223038,0.00450584596182925,0.00432541841409813,0.00473828496806767,0.153547854318379,0.00421722295471717,0.999987229979966,0.56929490046463,0.233381513919269,0.037615613709354,0.999983662686979,0.999987874049401,0.0260667260726697,0.0100175342059478,0.999993836332756,0.999989476855013,0.999983674347157,0.767577665503961,0.77018964758065,0.00421577197789922
0.00424116179128095,0.579945642923864,0.99998969668099,0.00421577197785282,0.999978951112239,0.00425528930245085,0.0042157719075504,0.999986960403628,0.0452023523634365,0.999976733064541,0.0042157719803907,0.0141635532533889,0.00466938457599969,0.99998633543637,0.00450960691181755,0.00421577197392063,0.99997780404375,0.00439972831139775,0.00439635044686781,0.0319638504736563,0.00433682456332841,0.0043598081587182,0.99997564155444,0.00423833258286888,0.00427615474706462,0.0100327584898613,0.00421577197113721,0.00431213818817277,0.999973138108486,0.0681768698433568,0.00421577197122537,0.999987501212392,0.0446264255426072,0.00432541871018707,0.00421577197178886,0.999973921556363,0.0085752768674368,0.0273234527331709,0.00421577197752002,0.00462568168448038,0.722544367789637,0.00432541859167799,0.00432541868000616,0.999977680931588,0.00420152690658973,0.999975563048532,0.0288208803051927,0.00433446982453724,0.00422680651833166,0.00423833317929748,0.0185295968647064,0.00423833261155393,0.103131465213118,0.999986558893329,0.00421577188901159,0.00421577197256743,0.0042775744752481,0.999988920070912,0.999973402638176,0.016310103359216,0.00424752109548557,0.00773418505888263,0.00460930283066697,0.00462020557371481,0.999977290222673,0.999991358600601,0.0122126751580057,0.0774939868391626,0.618232417835315,0.00421577189869437,0.0120418388475013,0.999978969309338,0.00435942145685334,0.999981594840293,0.999988963650967,0.00431729168675999,0.999982043981689,0.156169082852557,0.00726320025082983,0.00421577197261259,0.999989201229565,0.0474677006747956,0.00421577245962556,0.999988471419423,0.219598519154637,0.0043433866540289,0.004201526841969,0.0165249902898918,0.00442317007188615,0.00421577196898067,0.0246616694670968,0.00795866201772175,0.00432760126949697,0.00948655167779854,0.999987189714503,0.0311969267980065,0.00421736852100997,0.00421577188681573,0.00432565498753704,0.00423833260627063,0.00421577195196893,0.780987219113275,0.999980561637611,0.00430454187238175,0.00421577197827414,0.289475558564266,0.444862449016062,0.0346946484956974,0.999974758681778,0.00421577314354403,0.31664797006646,0.00433342035723339,0.00473777815041771,0.00867613771328355,0.00942298197610223,0.00474836650210953,0.333050530523972,0.999976061012855,0.99997942577724,0.00421577193689299,0.00422194244612976,0.00421577246895749,0.0955545657002266,0.120258226301331,0.00421779043957068,0.678576517861155,0.0042521448067445,0.09383421206765,0.00421577198299342,0.00423833266527714,0.00443966585103763,0.00420152686466312,0.999979514146363,0.00429025661062356,0.147675713253924,0.999989415768301,0.0655799302780981,0.245950790132207,0.00432541866985125,0.00466002400488242,0.00443900437485392,0.999987310118866,0.999982578144484,0.999975819865583,0.0341227249791527,0.00435167404599173,0.999973515223038,0.00450584596182925,0.00432541841409813,0.00473828496806767,0.153547854318379,0.00421722295471717,0.999987229979966,0.56929490046463,0.233381513919269,0.037615613709354,0.999983662686979,0.999987874049401,0.0260667260726697,0.0100175342059478,0.999993836332756,0.999989476855013,0.999983674347157,0.767577665503961,0.77018964758065,0.00421577197789922
0.0147857658356182,0.00462661806711705,0.0750534854693574,0.00401260278733297,0.00402086292200091,0.00812693639386212,0.00401260271703055,0.0434177822398525,0.00408925659824188,0.0666252380698613,0.00401260278987085,0.0043573656125114,0.0869557547577589,0.985888210416334,0.506105353382386,0.00401260278340078,0.00402270555121773,0.00424693905176661,0.00419759980750487,0.00415363742556661,0.999979007203971,0.265161532779636,0.00402525741863138,0.00403516339234903,0.00407298555654477,0.0040148098949617,0.00401260278061736,0.0168369088270621,0.103178515763349,0.0384772635033032,0.00401260278070552,0.00459237474716165,0.0201085538879148,0.00412224951966722,0.00401260278126901,0.00402863948241521,0.00403895892712506,0.00407140164394592,0.00401260278700017,0.999986033621475,0.0163370045100369,0.00412224940115814,0.00412224948948631,0.00413915255219512,0.999976955092261,0.00402611536306521,0.00405286387058764,0.02384172462791,0.00402363732781181,0.00403516398877763,0.00405938404397098,0.00403516342103408,0.00909901592010324,0.0356409533358485,0.00401260269849174,0.00401260278204758,0.0626801806518518,0.0052791851306058,0.169928399210737,0.017017103498189,0.00404435190496572,0.00412026282410112,0.99998249511059,0.0146636559228665,0.00402354279133319,0.00508120244044123,0.184375129340317,0.0130566335399393,0.00451412277317451,0.00401260270817452,0.00403827676147084,0.219227590923176,0.00415625226633349,0.999976685241481,0.00791998559061666,0.154144839128638,0.00973890597315649,0.00433792630530034,0.055571133083623,0.00401260278209273,0.00470612344310881,0.00536424943830924,0.00401260326910571,0.717263298679666,0.00416064580587426,0.00414021746350905,0.999976781838544,0.00431401825796484,0.999982550550504,0.00401260277846082,0.0646222776135203,0.999980659589993,0.00412614346082899,0.00464843624817356,0.00439623935292559,0.0172514590905138,0.00401419933049012,0.00401260269629588,0.00463669848009573,0.00403516341575078,0.00401260276144908,0.00452300271363402,0.335445688522593,0.211717893381755,0.00401260278775429,0.0118066732127267,0.0122135677075907,0.0045484721012564,0.00402740297239617,0.00401260395302418,0.631982752422456,0.00413025116671354,0.508149135555383,0.999982062231966,0.0128656091669095,0.503418131848963,0.00438998840552127,0.00402545428131004,0.00413726467719428,0.00401260274637314,0.99997835441913,0.00401260327843764,0.415835828304973,0.00407584492432275,0.00401462124905083,0.999983621198479,0.00404897561622465,0.999985302323883,0.00401260279247357,0.00403516347475729,0.00423649666051778,0.999976842683441,0.00418075436689326,0.00501677498108966,0.00418593942889248,0.34387300032499,0.00421311281606541,0.00431629439691549,0.0041222494793314,0.010888361778028,0.00423583518433408,0.0311601749595947,0.00438166075952284,0.00402578968605067,0.999970389308023,0.00414850485547188,0.0145845051279816,0.00625567645015956,0.00412224922357828,0.999975967285097,0.0044204971721516,0.0079036673206997,0.330773574838741,0.105250563115928,0.00415513283914965,0.00407220423481079,0.0293433044509426,0.0915953029542768,0.00413276540594436,0.00401692204697855,0.207092355913673,0.00429467383646406,0.233544944784167,0.00434415453553424,0.341323354877468,0.00401260278737937
0.0563368388138017,0.999986885353697,0.631771132391993,0.0041552353819646,0.00540658448160215,0.999991283400819,0.00415523531166218,0.291639619340708,0.153327978444059,0.00587966353182241,0.00415523538450248,0.999988985257353,0.00469597198609114,0.00607679229579027,0.0491158796401793,0.00415523537803241,0.005550807395086,0.242819252729595,0.0252958908709346,0.999987525564503,0.00516158487036642,0.0996232765633809,0.00575055933240035,0.999987402253805,0.999988587400878,0.00415744248959333,0.00415523537524898,0.999990744402611,0.00596085324215115,0.999991430922282,0.00415523537533714,0.462145963063694,0.00430503531349118,0.00426488211429885,0.00415523537590064,0.00601526276212047,0.00418159152175669,0.999991126506249,0.0041552353816318,0.0858294006140702,0.999987705835528,0.00426488199578977,0.00426488208411794,0.00577769094617146,0.00497924187432271,0.00581769743824347,0.999990738864069,0.00429558736021295,0.00416626992244344,0.999988857035321,0.999988147404655,0.999987472221064,0.00426777066286224,0.0548860598775641,0.00415523529312337,0.00415523537667921,0.99999069192816,0.999984258466179,0.00667187327471408,0.00417560641106703,0.999988665940524,0.999991091757259,0.999973324793122,0.999990499433078,0.00561633811022858,0.111870128067249,0.00438401970444455,0.00421469707570843,0.423895265253085,0.00415523530280615,0.999989724265791,0.00604553534197613,0.999988486169427,0.00616534348043132,0.382759376973576,0.999989676933655,0.216213491402488,0.999986877243018,0.00421898294049549,0.00415523537672436,0.124951986214883,0.00444818672017007,0.00415523586373734,0.0232770117041241,0.0775145097607299,0.999988505696616,0.00497924166393978,0.999989233773533,0.435663636669579,0.00415523537309245,0.999991592246368,0.00498493293019643,0.012364622317581,0.638909096756776,0.271065340523774,0.536639769891364,0.00804934409813322,0.00415523529092751,0.00426568385819669,0.999987459334297,0.00415523535608071,0.0410273645329047,0.00759428416310747,0.0320596678786318,0.00415523538238592,0.00476734845993819,0.00451129172318704,0.127173113772121,0.00591847892977675,0.00415523654765581,0.999975817378173,0.999988517354219,0.00476746543903927,0.350499260521535,0.999990599114494,0.999984423739506,0.212850952121521,0.00576595191893467,0.00555755171489997,0.00415523534100477,0.00499964140913128,0.00415523587306927,0.999986364571178,0.0136330504342194,0.00907731519228092,0.530872228447661,0.0929059907321505,0.0273659160681846,0.0041552353871052,0.999987603260272,0.00437912925514941,0.00497924173782407,0.0056173515626046,0.999990964522708,0.999987735010009,0.0542088709758102,0.999987620060962,0.163996952389452,0.00426488207396303,0.999983905573041,0.0043784677789657,0.549385806353847,0.00528588411310183,0.00579220505554539,0.0055852539769301,0.00429113745010351,0.00629115026905646,0.681371349344406,0.00426488181820991,0.00563967122127443,0.999988260282705,0.0041599599980961,0.343353281797958,0.419771998999744,0.0778591113095492,0.0710670658263008,0.0524853170918648,0.123065311306561,0.00450036051587057,0.00932419479750104,0.316981227891376,0.0563421089504045,0.939340331423189,0.00497337687945259,0.999972750023948,0.004155235382011
0.00498961820576632,0.162023769790684,0.954082219854636,0.00496406907633917,0.00497033461141031,0.0439248665739333,0.00496406900603675,0.015680511573025,0.00504072288724808,0.0153066640612161,0.00496406907887705,0.363204352276809,0.99997407011189,0.469372836172458,0.172737333366491,0.00496406907240698,0.00497194878420478,0.999973825112377,0.99997558032962,0.00510464411991184,0.24507194667128,0.0205961634503363,0.00497418423405622,0.00498662968135523,0.00502445184555097,0.0049662761839679,0.00496406906962356,0.165985258941415,0.00501362706561414,0.0135251424471406,0.00496406906971172,0.0175844196307509,0.99997551593126,0.999971685838981,0.00496406907027521,0.00497714699439047,0.054623338918665,0.0324537270334333,0.00496406907600637,0.0172057118395351,0.00559836114356036,0.999971447776629,0.99997162521123,0.00508821858410925,0.00496458755858318,0.00497493582859317,0.00517070042132663,0.999974270295435,0.0271375568832483,0.00498663027778383,0.00501080220524619,0.00498662971004028,0.143641531340367,0.100793600420483,0.00496406898749794,0.00496406907105378,0.0050267402967198,0.999984440328432,0.485880181420929,0.00497369561582294,0.00499581819397192,0.00507172911310733,0.00537235752025186,0.00499089070256857,0.00497268222034254,0.00505716727022247,0.0185653393428029,0.0464987215539489,0.127316636990222,0.00496406899718072,0.00526530405938191,0.158746919204257,0.00510771855533969,0.0053513859919602,0.124083854972713,0.0591476612959713,0.0316619817961606,0.0172549505875848,0.00498520421708758,0.00496406907109894,0.927904156938974,0.557607714494138,0.00496406955811191,0.00537879266873101,0.0551049902872963,0.00509168375251525,0.00496458749139524,0.00526548454697104,0.00514110963433396,0.00496406906746702,0.0416138298051271,0.00497028025835247,0.999973366888925,0.726492974220581,0.00532154632442255,0.999943430092085,0.00496566561949633,0.00496406898530208,0.999971684006547,0.00498662970475699,0.00496406905045528,0.999971871539051,0.00512203805760937,0.00505591650448216,0.00496406907676049,0.999970236132921,0.999977218328451,0.941648767872714,0.00497606379491955,0.00496407024203039,0.00562669419082873,0.00508171745571974,0.00515962802985711,0.0151847314612812,0.00499201579589599,0.00521888048916192,0.99997779278808,0.00497435671442151,0.00508668090453247,0.00496406903537935,0.00498500281624279,0.00496406956744384,0.261497330786054,0.0358065186304271,0.00496608753805703,0.684261526524646,0.00500044190523085,0.00503841257403715,0.00496406908147977,0.00498662976376349,0.999972936330281,0.00496458751499094,0.0801947233924693,0.11932716483204,0.0694910114753028,0.024497247471427,0.0626504897090342,0.236820592242579,0.999971604811942,0.985598654834373,0.99997293814437,0.0120006355445938,0.00533190503734276,0.00497465053284049,0.871417793890203,0.999974496167251,0.335581105344996,0.0338350863803417,0.999971091052227,0.999964683883157,0.00536303501006582,0.00496557770958089,0.00565574069371051,0.00545135988139373,0.0441555764920744,0.0429176802253575,0.429748724284036,0.242904912923546,0.999974519168868,0.00496838833598475,0.174500396704668,0.0124144994866965,0.237601418907023,0.0769685956046134,0.474478153174398,0.00496406907638557
0.999984056834104,0.00333639992349871,0.00372305317148535,0.999980340306176,0.00297286503599731,0.00301718310848652,0.999980158588565,0.0031842944709481,0.999983379508344,0.00300230839528782,0.999980346866101,0.324421978713481,0.797736847298112,0.00359427101315485,0.999979129583762,0.999980330142266,0.00297321170456774,0.0291171016604457,0.171899816961718,0.272993753945428,0.00309871836936408,0.99998526601531,0.00297369163101321,0.00300022638890455,0.100801736138003,0.999981455576748,0.999980322947673,0.0151908974380186,0.00301087510843903,0.00305171629157655,0.999980323175548,0.0518436904123376,0.00310992772809047,0.00308731251622274,0.999980324632065,0.00297432804443181,0.999983922648462,0.00302191329605694,0.999980339445958,0.999758877150736,0.0422822631923289,0.00308731239771366,0.00308731248604183,0.300383356746635,0.0029634207126254,0.00297385318329124,0.00301095507226429,0.00309636363057291,0.999982134795573,0.00300022698533315,0.0506637163840371,0.0030002264175896,0.99998545171085,0.00309829452491652,0.999980110669475,0.999980326644515,0.0480227357123857,0.297307889896195,0.438017615671928,0.999982630634089,0.0267590808904177,0.219705743093144,0.00337119663670264,0.00300432992306361,0.00297336922351805,0.00302478961994688,0.999985406772358,0.999983758360214,0.999981811626542,0.999980135697526,0.00300329483757971,0.00313206692757301,0.316117774710698,0.00334311785483341,0.0032331585667592,0.00734887420235807,0.0031384553795807,0.00310138251161417,0.999979898565578,0.999980326761231,0.00349512235689863,0.999981823478854,0.999981585591779,0.00326886051121559,0.999984551379389,0.274654022448652,0.00296342064800466,0.712298863172005,0.00313994532208692,0.999980317373455,0.00304536797983709,0.0140000449179223,0.00308949507553264,0.999979948185301,0.204379074266691,0.00325896051472862,0.999982049996629,0.999980104993622,0.00308754879357271,0.0030002264123063,0.999980273401538,0.00340758220666823,0.0115889788446764,0.999983063970907,0.999980341395203,0.994308015454896,0.176763250448092,0.999984522507011,0.00297409543066709,0.999983353383423,0.161520975212789,0.248882576570717,0.99998141924288,0.0031120288733785,0.00300548168620469,0.103378582570226,0.00327583349569498,0.00297372883531642,0.302804802819668,0.999980234433274,0.0557518156097078,0.999981609712931,0.00332876742674587,0.999985522686013,0.999983694296188,0.00382231291712934,0.999983008535488,0.0823563168858305,0.9999803535936,0.0030002264713128,0.298538596198533,0.00296342067069879,0.318114965999451,0.0206860952296938,0.00309018415840826,0.0031874030259519,0.185459272928221,0.999985035679099,0.00308731247588692,0.00342191781091809,0.296827959789438,0.00330699149402277,0.952028587575177,0.00297379192772729,0.00344695976807718,0.070982243461341,0.00314295157095245,0.99998365394437,0.0030873122201338,0.00350017877410334,0.672992498116406,0.999980951347285,0.331776244255148,0.999981414324295,0.999981954255619,0.999983748932735,0.00324340829997249,0.00322219333712582,0.00868280740559315,0.999984796904791,0.00335080801100584,0.113637893198321,0.00371276547700635,0.999984722842506,0.00378108142217153,0.999980340426113
0.00498941115043893,0.162015662454948,0.954086433849156,0.00496402133701079,0.00496976863234024,0.0439254865455579,0.00496402126670837,0.015664129617385,0.0050406751479197,0.0153050787032275,0.00496402133954867,0.363210158275834,0.999981426165,0.469379534518742,0.172734499779505,0.0049640213330786,0.00497132344725782,0.999982582507273,0.99998021005387,0.00510447696803632,0.245069753149069,0.0205925085492563,0.00497347668504225,0.00498658194202685,0.00502440410622259,0.00496622844463952,0.00496402133029518,0.165988060438808,0.00501141331332097,0.0135224662644914,0.00496402133038334,0.0175719470611957,0.999980520068244,0.999975919031101,0.00496402133094683,0.00497633050134998,0.0546235047440513,0.0324537528120576,0.00496402133667799,0.0171909854336042,0.00558594172914855,0.999975680967725,0.99997585840309,0.00508754720652417,0.0049497762657477,0.00497420064759574,0.00517038030447543,0.999979455427275,0.0271376045064054,0.00498658253845545,0.00501074196130139,0.0049865819707119,0.143642006379944,0.100783630793321,0.00496402124816956,0.0049640213317254,0.00502582383440607,0.999987288517981,0.485882432418718,0.0049734552484958,0.00499577045464354,0.00507168137377895,0.00535755218982494,0.00499068547618591,0.0049720299128965,0.00505495286198578,0.0185626898082654,0.0464987367902914,0.127316160510006,0.00496402125785234,0.00526526154016289,0.158745029655986,0.00510767081601131,0.00533624762905786,0.12407406519637,0.0591463955263571,0.0316482501928433,0.0172471454245901,0.00498439251920452,0.00496402133177056,0.927903676165559,0.557610094926373,0.00496402181878353,0.00536288849708582,0.0551048311218662,0.00509163601318687,0.00494977620112697,0.00526543680764266,0.00512630087520922,0.00496402132813864,0.0416135072212427,0.00495546899498887,0.999977753774413,0.726500083912194,0.00531470183352037,0.999956216874984,0.00496561788016795,0.0049640212459737,0.999975942166961,0.00498658196542861,0.0049640213111269,0.999973622629358,0.00511582809771704,0.00505279123153972,0.00496402133743211,0.999974815714951,0.999981831407527,0.941654749364068,0.00497528713524661,0.00496402250270201,0.00560904908206189,0.00508166971639136,0.00515211018039152,0.0151702047572036,0.00499183723932699,0.00521143364749883,0.999984441837703,0.00497364283035976,0.00508610051522713,0.00496402129605096,0.00497019180528774,0.00496402182811546,0.261491315904481,0.0358066148149449,0.00496603979872865,0.684253010389354,0.00500039416590247,0.00502360225180394,0.00496402134215139,0.00498658202443511,0.99997716903619,0.00494977622382109,0.0801944591977553,0.119329237538449,0.0694900658877553,0.0244796298188818,0.0626496613862958,0.236820818886904,0.999975838003714,0.985612267254983,0.999977170853133,0.0119795142694022,0.00533153979330691,0.00497392584376071,0.871436900223861,0.99997872925849,0.33558151620799,0.0338354738766962,0.999975324241789,0.999984647986824,0.00536066746770781,0.00496547231387514,0.00563913638044054,0.00544738601707194,0.0441555290994796,0.0429178271181438,0.429744730895957,0.242896466533834,0.999978756598935,0.00496834059665637,0.174479716350126,0.0124071062248185,0.237566657808064,0.0769686534115232,0.474453627728816,0.00496402133705719
0.01478564578107,0.0046331419383205,0.075081328093625,0.00401263419351766,0.00402096597028994,0.00812974685463456,0.00401263412321524,0.0434194380830054,0.00408928800442657,0.066624464374235,0.00401263419605555,0.00438034241406165,0.0869516264774401,0.985861018733975,0.506095743700916,0.00401263418958547,0.00402281680521324,0.00427103805519725,0.00419974205242592,0.00415368533948986,0.999957018502715,0.26515794440062,0.00402538003772496,0.00403519479853372,0.00407301696272946,0.00401484130114639,0.00401263418680205,0.0168481195048861,0.10317724673854,0.0384776908874066,0.00401263418689021,0.00459414842083835,0.0201076655713815,0.00412228092585191,0.0040126341874537,0.00402877716206606,0.00403899033330975,0.00407345613466144,0.00401263419318486,0.999972168805536,0.016338558251545,0.00412228080734284,0.004122280895671,0.00413927017090552,0.999962950879623,0.00402624180203843,0.00405294640781908,0.0238406204633969,0.0040236687339965,0.00403519539496232,0.00405941717880934,0.00403519482721877,0.0090989769512076,0.0356420327569778,0.00401263410467643,0.00401263418823227,0.0626793861684782,0.00531441952481432,0.169923818612886,0.0170169517741291,0.00404438331115041,0.00412029423028582,0.999968496566377,0.0146635376070847,0.00402365777376393,0.00508151775708456,0.184372611544061,0.0130565259709596,0.00451549278258344,0.00401263411435922,0.00403832962713749,0.219223767276941,0.00415628367251818,0.999962732512033,0.00792495789239472,0.154146728670213,0.00974083754874977,0.00433975818451181,0.0555704381991444,0.00401263418827743,0.0047165461183927,0.00536421959256315,0.0040126346752904,0.717254016041988,0.00416098598366036,0.00414024886969374,0.999962777628347,0.00431404966414953,0.999968548746649,0.00401263418464551,0.064624081188764,0.999966655405374,0.00412699243163552,0.00467003941754816,0.00439721035047354,0.017297823374858,0.00401423073667482,0.00401263410248057,0.00463670016868049,0.00403519482193548,0.00401263416763377,0.0045260760249151,0.33544122453555,0.211714998995806,0.00401263419393898,0.0118062895155218,0.0122131455616757,0.00455926385263224,0.00402753514543291,0.00401263535920888,0.631975091215678,0.00413028257289823,0.508142065174157,0.99996790556702,0.0128655162059543,0.503411128974414,0.00441073177635914,0.00402557777616847,0.0041373697175721,0.00401263415255784,0.999964350474474,0.00401263468462233,0.415845103641971,0.00407593741776315,0.00401465265523552,0.999980667045756,0.00404900702240934,0.999971299033992,0.00401263419865826,0.00403519488094198,0.00423652806670247,0.999962838472387,0.00418086034726336,0.00502551493925851,0.00419082074446565,0.343870372994559,0.00421726882645909,0.00431798461059224,0.0041222808855161,0.0109376947945549,0.00423586659051877,0.0311626797284731,0.00438173605795189,0.00402591467460819,0.999935580694005,0.00414853626165657,0.014584501965731,0.00625741868743173,0.00412228062976297,0.999940949623991,0.00442084927078289,0.00790364391332375,0.330770632461319,0.105249511138421,0.00415534436629691,0.00407249313443307,0.0293454954872584,0.0915970619011382,0.00413281953012391,0.00401695345316324,0.207097833725949,0.00429580141373921,0.233546219711468,0.00434421398501637,0.341332731271939,0.00401263419356406
0.999984060693246,0.0033363999334743,0.00372305318146093,0.999980344165402,0.0029728650459729,0.0030171831184621,0.99998016244779,0.00318429448092369,0.999983383367286,0.00300230840526341,0.999980350725326,0.32442197996335,0.79773685037476,0.00359427102313044,0.999979133441849,0.999980334001491,0.00297321171454333,0.0291171017706307,0.171899817623175,0.272993754997355,0.00309871837933967,0.999985269873999,0.0029736916409888,0.00300022639888014,0.100801736525427,0.999981459435969,0.999980326806898,0.0151908974947753,0.00301087511841462,0.00305171630155214,0.999980327034774,0.0518436906099523,0.00310992773806606,0.00308731252619833,0.99998032849129,0.00297432805440739,0.9999839265076,0.00302191330603253,0.999980343305183,0.999758881007524,0.04228226335261,0.00308731240768925,0.00308731249601741,0.300383357904414,0.00296342072260098,0.00297385319326682,0.00301095508223988,0.0030963636405485,0.999982138654763,0.00300022699530873,0.0506637165779406,0.00300022642756518,0.999985455569677,0.00309829453489211,0.9999801145287,0.99998033050374,0.0480227358960336,0.297307891038672,0.438017617359699,0.999982634493287,0.0267590809920866,0.219705743939452,0.00337119664667822,0.00300432993303919,0.00297336923349363,0.00302478962992247,0.999985410631306,0.999983762219253,0.99998181548396,0.999980139556751,0.0030032948475553,0.00313206693754859,0.316117775929098,0.00334311786480899,0.00323315857673479,0.00734887422881817,0.00313845538955629,0.00310138252158976,0.999979902424723,0.999980330620457,0.00349512236687422,0.999981827336959,0.999981589451009,0.00326886052119118,0.999984555238098,0.274654023507029,0.00296342065798025,0.71229886591938,0.0031399453320625,0.99998032123268,0.00304536798981267,0.0140000449704863,0.00308949508550823,0.999979952042245,0.204379075053422,0.00325896052470421,0.999982053855855,0.999980108852846,0.0030875488035483,0.00300022642228189,0.999980277260763,0.00340758221664382,0.011588978887411,0.9999830678298,0.999980345254428,0.994308019289889,0.176763251127682,0.999984526364273,0.00297409544064267,0.99998335724266,0.161520975833034,0.248882577529634,0.999981423101384,0.00311202888335409,0.00300548169618027,0.103378582966876,0.00327583350567057,0.00297372884529201,0.302804803986794,0.999980238292499,0.0557518158234111,0.999981613572162,0.00332876743672146,0.999985526545015,0.999983698155418,0.00382231292710493,0.999983012394583,0.0823563172020429,0.999980357452826,0.00300022648128839,0.298538597348753,0.00296342068067438,0.318114967225519,0.0206860953077509,0.00309018416838385,0.00318740303592749,0.185459273642154,0.999985039537281,0.00308731248586251,0.00342191782089368,0.296827960933055,0.00330699150399836,0.952028591247876,0.00297379193770288,0.00344695977805277,0.0709822437333455,0.00314295158092804,0.999983657802489,0.00308731223010939,0.00350017878407893,0.672992500711841,0.999980955206507,0.331776245532871,0.99998141818185,0.999981958114321,0.999983752791748,0.00324340830994808,0.00322219334710141,0.00868280743713153,0.999984800764017,0.00335080802098143,0.113637893635167,0.00371276548698194,0.999984726700488,0.00378108143214711,0.999980344285339
0.0563368584519311,0.999986211071726,0.63177092818557,0.00415522763846001,0.00540660674779878,0.999989846778093,0.00415522756815759,0.291640461882909,0.153327719794732,0.00588034234455423,0.00415522764099789,0.999989116576463,0.00469284018225044,0.00606936434738787,0.0491175797795469,0.00415522763452782,0.00555083309851834,0.242820746796996,0.0252960147686205,0.999985849622365,0.00516156628817775,0.0996257680370202,0.00575058979648567,0.99998571871566,0.999986903924387,0.00415743474608874,0.0041552276317444,0.99998993411464,0.00596194763644348,0.999990292465292,0.00415522763183256,0.462145959971565,0.0043042695858548,0.00426487437079426,0.00415522763239605,0.00601529953482595,0.0041815837782521,0.999989624114713,0.00415522763812721,0.0858399310890863,0.999986903807689,0.00426487425228518,0.00426487434061335,0.00577771931567836,0.00498990371728579,0.00581772950241365,0.999989073449596,0.00429464375001656,0.00416626217893885,0.999987173494729,0.999986464680596,0.999985788682801,0.00426781594997575,0.0548868334138661,0.00415522754961878,0.00415522763317462,0.999989636357644,0.999985758250365,0.00667048879989952,0.00417573787937807,0.999986982415715,0.999989408356114,0.99998230859048,0.99998892972721,0.00561636537544123,0.111870082912845,0.00438593184482958,0.00421476927680803,0.423894717740149,0.00415522755930156,0.999988042425802,0.00604664755259277,0.999986802833231,0.00617602043606845,0.382759713141842,0.999989894775737,0.216214016101047,0.999985741679947,0.00421952730809701,0.00415522763321978,0.124952913980177,0.004448128398912,0.00415522812023275,0.023284937462034,0.0775144223511416,0.999986822333403,0.00498990350504754,0.999987550701575,0.435673572202561,0.00415522762958786,0.999990745617395,0.00499559475186024,0.0123646655957463,0.638909727593104,0.271065305272332,0.536642230840734,0.00804932980412842,0.00415522754742292,0.00426565157588289,0.999985775796056,0.00415522761257612,0.0410276878872557,0.00759789774108462,0.0320618377462232,0.00415522763888133,0.00476699816461355,0.00451090963195531,0.127173751829697,0.00591851339585199,0.00415522880415123,0.999981369828161,0.999986833974215,0.00477285632710354,0.350509116136164,0.999989010133633,0.999988088606135,0.212852304960757,0.00576598274986351,0.00555757481554988,0.00415522759750018,0.00501030304838001,0.00415522812956468,0.999988351526528,0.013633031677671,0.00907729916906865,0.53087297789811,0.092905833695964,0.027376539660506,0.00415522764360061,0.999985919721788,0.00437912151164482,0.0049899035795834,0.00561737505700185,0.999989978449985,0.999986538958272,0.0542132156529543,0.999986352624702,0.163996858734498,0.00426487433045844,0.999986003178675,0.00437846003546112,0.549386405109919,0.00528589475533773,0.00579223651216024,0.00556808265608798,0.00429112970659892,0.00629130053209314,0.681370349749431,0.00426487407470532,0.00562221896429717,0.999986721088496,0.00415999392272402,0.343356923783593,0.419772522733261,0.0778590040367603,0.0710669667778828,0.0524849083234029,0.123064737647386,0.00450035419012551,0.0093241783627002,0.316983542205951,0.0563424775436855,0.939342811017263,0.00497338088282486,0.999972473173339,0.00415522763850641
0.00424116144272607,0.579945559141584,0.99998948589027,0.00421577162929794,0.999978692606909,0.00425528895389597,0.00421577155899552,0.999986809369338,0.0452023412599643,0.999976475694974,0.00421577163183582,0.0141635503676445,0.00466938422744481,0.99998607462257,0.00450960656326267,0.00421577162536575,0.999977545953813,0.00439972796284287,0.00439635009831293,0.0319638437014939,0.00433682421477353,0.00435980781016332,0.999975384039982,0.004238332234314,0.00427615439850974,0.0100327566126439,0.00421577162258233,0.00431213783961789,0.99997288086317,0.0681768685922722,0.00421577162267049,0.999987326406621,0.0446264146051608,0.00432541836163219,0.00421577162323398,0.999973664804205,0.00857527537972913,0.027323449216587,0.00421577162896514,0.0046256813359255,0.722544263985789,0.00432541824312311,0.00432541833145128,0.999977423193883,0.00420152655803485,0.999975305727325,0.0288208754233878,0.00433446947598236,0.00422680616977678,0.0042383328307426,0.0185295928527942,0.00423833226299905,0.103131438888841,0.999986366822201,0.00421577154045671,0.00421577162401255,0.00427757412669322,0.999988712707705,0.999973146095691,0.0163100998336308,0.00424752074693069,0.00773418381366598,0.00460930248211209,0.00462020512584713,0.999977032321476,0.999991111530394,0.0122126727273665,0.0774939672399299,0.618232264399237,0.00421577155013949,0.012041836448269,0.999978711692056,0.00435942110829846,0.999981335135291,0.999988777543577,0.00431729133820511,0.999981878142639,0.156169098109558,0.00726319910648401,0.00421577162405771,0.999988982541171,0.0474676890323366,0.00421577211107068,0.999988246351767,0.219598464840625,0.00434338630547402,0.00420152649341412,0.0165249867845743,0.00442316971146994,0.00421577162042579,0.0246616641519592,0.00795866068294039,0.00432760092094209,0.0094865500988795,0.999986975160239,0.0311969237085756,0.0042173681724551,0.00421577153826085,0.00432565463898217,0.00423833225771576,0.00421577160341405,0.780987035469878,0.999980308294128,0.00430454152382687,0.00421577162971926,0.289475483381864,0.444862332916087,0.0346946404182826,0.999974501650844,0.00421577279498915,0.316647945729484,0.00433342000867851,0.00473777771407843,0.00867613627821505,0.00942298026592292,0.00474836607858236,0.333050453869802,0.999975803542588,0.999979167403039,0.00421577158833811,0.00422194209757489,0.00421577212040261,0.0955545873930902,0.120258195462664,0.0042177900910158,0.678576424919949,0.00425214445818962,0.0938341881747329,0.00421577163443854,0.00423833231672226,0.00443966550248275,0.00420152651610824,0.999979255831067,0.00429025626206868,0.147675689439123,0.999989242567796,0.0655799261253354,0.245950733350583,0.00432541832129637,0.00466002365632754,0.00443900402629905,0.999987193232714,0.999982318330945,0.999975562470939,0.0341227168916548,0.00435167369743685,0.999973258799496,0.00450584561327437,0.00432541806554325,0.00473828461951279,0.153547831022263,0.00421722260616229,0.999987049931972,0.569294768683884,0.233381454734208,0.0376156047103383,0.99998345088611,0.99998768981333,0.0260667200112379,0.010017532333288,0.999993719212542,0.999989266420627,0.999983642079688,0.767577465977302,0.770189653488344,0.00421577162934434
0.00424116144272607,0.579945559141584,0.999989485890271,0.00421577162929794,0.999978692606909,0.00425528895389597,0.00421577155899552,0.999986809369338,0.0452023412599643,0.999976475694974,0.00421577163183582,0.0141635503676445,0.00466938422744481,0.99998607462257,0.00450960656326267,0.00421577162536575,0.999977545953813,0.00439972796284287,0.00439635009831293,0.0319638437014939,0.00433682421477353,0.00435980781016332,0.999975384039982,0.004238332234314,0.00427615439850974,0.0100327566126439,0.00421577162258233,0.00431213783961789,0.99997288086317,0.0681768685922723,0.00421577162267049,0.999987326406622,0.0446264146051608,0.00432541836163219,0.00421577162323398,0.999973664804205,0.00857527537972913,0.027323449216587,0.00421577162896514,0.0046256813359255,0.722544263985789,0.00432541824312311,0.00432541833145128,0.999977423193884,0.00420152655803485,0.999975305727325,0.0288208754233878,0.00433446947598236,0.00422680616977678,0.0042383328307426,0.0185295928527942,0.00423833226299905,0.103131438888841,0.999986366822201,0.00421577154045671,0.00421577162401255,0.00427757412669322,0.999988712707705,0.999973146095691,0.0163100998336308,0.00424752074693069,0.00773418381366598,0.00460930248211209,0.00462020512584713,0.999977032321476,0.999991111530394,0.0122126727273665,0.07749396723993,0.618232264399237,0.00421577155013949,0.012041836448269,0.999978711692057,0.00435942110829846,0.999981335135291,0.999988777543577,0.00431729133820511,0.999981878142639,0.156169098109558,0.00726319910648401,0.00421577162405771,0.999988982541171,0.0474676890323366,0.00421577211107068,0.999988246351767,0.219598464840625,0.00434338630547402,0.00420152649341412,0.0165249867845743,0.00442316971146994,0.00421577162042579,0.0246616641519592,0.00795866068294039,0.00432760092094209,0.0094865500988795,0.999986975160239,0.0311969237085756,0.0042173681724551,0.00421577153826085,0.00432565463898217,0.00423833225771576,0.00421577160341405,0.780987035469879,0.999980308294128,0.00430454152382687,0.00421577162971926,0.289475483381864,0.444862332916087,0.0346946404182826,0.999974501650844,0.00421577279498916,0.316647945729484,0.00433342000867851,0.00473777771407843,0.00867613627821505,0.00942298026592292,0.00474836607858236,0.333050453869802,0.999975803542588,0.99997916740304,0.00421577158833812,0.00422194209757489,0.00421577212040261,0.0955545873930902,0.120258195462665,0.0042177900910158,0.678576424919949,0.00425214445818962,0.0938341881747329,0.00421577163443854,0.00423833231672226,0.00443966550248275,0.00420152651610824,0.999979255831068,0.00429025626206868,0.147675689439123,0.999989242567797,0.0655799261253354,0.245950733350583,0.00432541832129638,0.00466002365632754,0.00443900402629905,0.999987193232715,0.999982318330945,0.999975562470939,0.0341227168916549,0.00435167369743685,0.999973258799496,0.00450584561327437,0.00432541806554325,0.00473828461951279,0.153547831022263,0.00421722260616229,0.999987049931973,0.569294768683884,0.233381454734208,0.0376156047103383,0.99998345088611,0.99998768981333,0.0260667200112379,0.010017532333288,0.999993719212542,0.999989266420627,0.999983642079688,0.767577465977302,0.770189653488344,0.00421577162934434
0.00498983845816731,0.162018704463839,0.954077622750996,0.00496405385699302,0.00497004985459233,0.0439248185449872,0.0049640537866906,0.0156730452464325,0.00504070766790193,0.0153076675459578,0.00496405385953091,0.363203607962144,0.999974419802604,0.469379431642906,0.172745486858984,0.00496405385306083,0.00497163315524253,0.999974340965965,0.999977510479732,0.00510456679387361,0.245084863749311,0.0206017558245835,0.00497382584644211,0.00498661446200908,0.00502443662620482,0.00496626096462175,0.00496405385027741,0.165984968312957,0.0050154209349316,0.0135246700077346,0.00496405385036557,0.0175779377123227,0.999977115235254,0.999973752093368,0.00496405385092906,0.0049767319447817,0.0546234275387167,0.0324534272169005,0.00496405385666022,0.0172275223213281,0.00559225624986599,0.999973514030518,0.999973691465491,0.00508787900932386,0.00498639312158118,0.0049745630695321,0.0051705413987775,0.999975760056224,0.027137588031033,0.00498661505843768,0.00501078048222534,0.00498661449069413,0.143641914830143,0.100789157669965,0.00496405376815179,0.00496405385170763,0.00502800906467194,0.999980251705291,0.485881581615776,0.00497396510392424,0.00499580297462577,0.00507171389376118,0.00539415427070893,0.00499110825175825,0.00497235256397261,0.00505605381017319,0.0185692921982248,0.046498975727404,0.127316190238759,0.00496405377783457,0.00526528803438909,0.158750531120167,0.00510770333599354,0.00537300994272575,0.124078282299676,0.0591507702618757,0.0316549459822651,0.0172507850027385,0.00498631814143529,0.00496405385175279,0.927902235581452,0.557608823654432,0.00496405433876576,0.00539164328983039,0.0551048681519866,0.0050916685331691,0.00498639305059885,0.00526546932762489,0.00516291145246453,0.00496405384812087,0.0416149978475913,0.00499208577779052,0.999975380481028,0.726493077823315,0.00531799610170154,0.999941992784226,0.00496565040015018,0.00496405376595593,0.999973735112379,0.00498661448541084,0.00496405383110913,0.999972220247398,0.00512862971131958,0.00506044993198563,0.00496405385741434,0.999972090034517,0.999979053121424,0.941650007269491,0.00497566946272073,0.00496405502268424,0.00563610574728597,0.00508170223637359,0.00517065375992144,0.0152063526101376,0.00499219392664898,0.00522980126849047,0.999977788623635,0.00497399503193705,0.00508638865292382,0.0049640538160332,0.00500680796261673,0.00496405434809769,0.261500303811207,0.0358065638712318,0.00496607231871088,0.68426748457569,0.0050004266858847,0.00506021670246852,0.00496405386213362,0.00498661454441734,0.999975002348263,0.0049863930755271,0.0801945846505528,0.119326844931406,0.0694897789031441,0.0244980554737372,0.062649430575097,0.236820439526402,0.99997367106616,0.985597457443097,0.999975004163739,0.0119903704014471,0.00533172468319652,0.00497428323064567,0.871416937673928,0.999976562372588,0.335581587910979,0.0338350508260593,0.99997315730537,0.999963848936055,0.00536181325676743,0.00496564770733784,0.00565677084028339,0.00545228652178028,0.0441555309509222,0.0429177193155093,0.429745170044244,0.242899350295961,0.999976583943963,0.0049683731166386,0.174493016420695,0.0124106507149799,0.237589396117801,0.076968624830702,0.474465650867476,0.00496405385703942
0.0147857594784323,0.00462211504813974,0.0750550512642813,0.00401257828902729,0.00402054855334064,0.0081274443652691,0.00401257821872487,0.0434089466411942,0.00408923209993621,0.0666249397924126,0.00401257829156518,0.0043615629291135,0.0869559868279362,0.98589027517774,0.506106304369841,0.00401257828509511,0.00402235798153593,0.00425134284677332,0.00419796369084628,0.00415354613547598,0.999980976237858,0.265161984649903,0.00402486386474749,0.00403513889404336,0.0040729610582391,0.00401478539665603,0.00401257828231168,0.0168390242101028,0.103178268808175,0.0384761310410006,0.00401257828239984,0.00458537283567652,0.0201085835329308,0.00412222502136155,0.00401257828296334,0.00402818499217105,0.00403893442881938,0.00407150722684691,0.00401257828869449,0.999987714479541,0.016330176272604,0.00412222490285247,0.00412222499118064,0.00413877923030825,0.999978611701907,0.00402570635360699,0.00405268764660562,0.02384176698,0.00402361282950614,0.00403513949047195,0.00405935255137809,0.0040351389227284,0.00909899983297635,0.0356354156973327,0.00401257820018606,0.00401257828374191,0.06268025507398,0.00528107900918001,0.169928310657369,0.0170171009342002,0.00404432740666005,0.00412023832579545,0.999984151041304,0.0146636493574209,0.00402318013606937,0.00507997569737208,0.184375409480534,0.0130566246992764,0.00451365792309098,0.00401257820986885,0.00403825621158093,0.219227607569363,0.00415622776802782,0.999978155033524,0.00791453248316267,0.154145802315038,0.0097312078686081,0.00433358932372256,0.0555711955763524,0.00401257828378706,0.00470438877175051,0.00536422854211283,0.00401257877080004,0.717261518415747,0.00416045891615372,0.00414019296520337,0.999978438447897,0.00431399375965917,0.999984206871639,0.00401257828015514,0.0646228095779092,0.999982316196283,0.0041262693895024,0.00465238082470715,0.00439241318402167,0.0172597423060724,0.00401417483218445,0.00401257819799021,0.00463667572942545,0.00403513891744511,0.00401257826314341,0.00452179821686901,0.335445523075444,0.211718219318474,0.00401257828944861,0.0118066731340418,0.012213569888174,0.00455041497968357,0.00402697076240466,0.00401257945471851,0.631979144769808,0.00413022666840787,0.508149961669469,0.999983723468213,0.0128655995646046,0.503418949877476,0.00439293300685012,0.00402505718400328,0.0041369422483648,0.00401257824806747,0.999980010996679,0.00401257878013196,0.415835822066325,0.00407583166570516,0.00401459675074515,0.99998210406124,0.00404895111791898,0.999986958823008,0.0040125782941679,0.00403513897645161,0.00423647216221211,0.999978499292898,0.004180428134771,0.00501835706434319,0.00418561802228649,0.343866508598973,0.00421281935769894,0.00431598586533312,0.00412222498102573,0.0108974697868431,0.0042358106860284,0.0311485847614606,0.00438145866927518,0.00402538654510396,0.999972859808581,0.00414848035716621,0.0145840454372887,0.00625597703558103,0.00412222472527261,0.999978445915271,0.00441917512355655,0.00790364938765587,0.330767543099348,0.105249347908459,0.00415502661095023,0.00407221752093083,0.0293397845809891,0.0915898318971164,0.00413274508761327,0.00401689754867287,0.207082261488819,0.00429052927242834,0.233526988521281,0.00434401657154177,0.341309993589565,0.00401257828907369
0.999984060693246,0.0033363999334743,0.00372305318146093,0.999980344165402,0.0029728650459729,0.0030171831184621,0.99998016244779,0.00318429448092369,0.999983383367286,0.00300230840526341,0.999980350725326,0.32442197996335,0.79773685037476,0.00359427102313044,0.999979133441849,0.999980334001491,0.00297321171454333,0.0291171017706307,0.171899817623175,0.272993754997355,0.00309871837933967,0.999985269873999,0.0029736916409888,0.00300022639888014,0.100801736525427,0.999981459435969,0.999980326806898,0.0151908974947753,0.00301087511841462,0.00305171630155214,0.999980327034774,0.0518436906099523,0.00310992773806606,0.00308731252619833,0.99998032849129,0.00297432805440739,0.9999839265076,0.00302191330603253,0.999980343305183,0.999758881007524,0.04228226335261,0.00308731240768925,0.00308731249601741,0.300383357904414,0.00296342072260098,0.00297385319326682,0.00301095508223988,0.0030963636405485,0.999982138654763,0.00300022699530873,0.0506637165779406,0.00300022642756518,0.999985455569677,0.00309829453489211,0.9999801145287,0.99998033050374,0.0480227358960336,0.297307891038672,0.438017617359699,0.999982634493287,0.0267590809920866,0.219705743939452,0.00337119664667822,0.00300432993303919,0.00297336923349363,0.00302478962992247,0.999985410631306,0.999983762219253,0.99998181548396,0.999980139556751,0.0030032948475553,0.00313206693754859,0.316117775929098,0.00334311786480899,0.00323315857673479,0.00734887422881817,0.00313845538955629,0.00310138252158976,0.999979902424723,0.999980330620457,0.00349512236687422,0.999981827336959,0.999981589451009,0.00326886052119118,0.999984555238098,0.274654023507029,0.00296342065798025,0.71229886591938,0.0031399453320625,0.99998032123268,0.00304536798981267,0.0140000449704863,0.00308949508550823,0.999979952042245,0.204379075053422,0.00325896052470421,0.999982053855855,0.999980108852846,0.0030875488035483,0.00300022642228189,0.999980277260763,0.00340758221664382,0.011588978887411,0.9999830678298,0.999980345254428,0.994308019289889,0.176763251127682,0.999984526364273,0.00297409544064267,0.99998335724266,0.161520975833034,0.248882577529634,0.999981423101384,0.00311202888335409,0.00300548169618027,0.103378582966876,0.00327583350567057,0.00297372884529201,0.302804803986794,0.999980238292499,0.0557518158234111,0.999981613572162,0.00332876743672146,0.999985526545015,0.999983698155418,0.00382231292710493,0.999983012394583,0.0823563172020429,0.999980357452826,0.00300022648128839,0.298538597348753,0.00296342068067438,0.318114967225519,0.0206860953077509,0.00309018416838385,0.00318740303592749,0.185459273642154,0.999985039537281,0.00308731248586251,0.00342191782089368,0.296827960933055,0.00330699150399836,0.952028591247876,0.00297379193770288,0.00344695977805277,0.0709822437333455,0.00314295158092804,0.999983657802489,0.00308731223010939,0.00350017878407893,0.672992500711841,0.999980955206507,0.331776245532871,0.99998141818185,0.999981958114321,0.999983752791748,0.00324340830994808,0.00322219334710141,0.00868280743713153,0.999984800764017,0.00335080802098143,0.113637893635167,0.00371276548698194,0.999984726700488,0.00378108143214711,0.999980344285339
0.0563368680926353,0.999986065451427,0.63177093991928,0.00415522396938964,0.00540661891541651,0.999989315869079,0.00415522389908722,0.291640923954252,0.153327620848625,0.00588062084530977,0.00415522397192753,0.999989290519347,0.00469144449036914,0.0060657892750808,0.0491181562459029,0.00415522396545746,0.00555084708003051,0.242821444323298,0.0252960725693054,0.999985213507745,0.0051612206209359,0.0996267764959574,0.00575060629028464,0.999985078693289,0.999986263925429,0.00415743107701838,0.00415522396267403,0.999989681866856,0.00596239531099313,0.999989890810895,0.00415522396276219,0.462146065108572,0.00430392954506113,0.0042648707017239,0.00415522396332568,0.00601531935780335,0.00418158010918173,0.999989067120832,0.00415522396905684,0.0858441994738042,0.999986706217558,0.00426487058321482,0.00426487067154298,0.00577773470412861,0.0049942214926107,0.00581774684060773,0.999988442741599,0.00429422476988423,0.00416625850986849,0.999986533471429,0.999985825074519,0.999985148660386,0.00426783375019343,0.0548872158121719,0.00415522388054841,0.00415522396410426,0.999989250673947,0.999986579459418,0.00666983209007245,0.00417579059450987,0.999986342398409,0.999988768385767,0.999985989048757,0.999988335809282,0.00561638018113446,0.111870083744043,0.00438670541372094,0.00421479746923581,0.423894525563637,0.0041552238902312,0.999987403165,0.00604706344086788,0.999986162887548,0.00618034669708562,0.382759952784067,0.999990037888333,0.216214332937401,0.999985381614786,0.00421974725757571,0.00415522396414941,0.124953370496712,0.00444810228668773,0.00415522445116239,0.0232881848713333,0.0775143930401968,0.99998618237746,0.004994221279621,0.999986910856231,0.435677614128236,0.00415522396051749,0.999990453268791,0.00499991251855842,0.0123646857481762,0.638910083747287,0.271065349402121,0.536643398774107,0.00804932364762175,0.00415522387835255,0.0042656370180673,0.999985135773649,0.00415522394350576,0.0410278497494529,0.00759936968906927,0.0320627172395754,0.00415522396981096,0.00476684248912867,0.00451073984837388,0.12717405208678,0.0059185320015769,0.00415522513508086,0.999983718623553,0.999986194011896,0.00477503923632335,0.350513115052565,0.999988408408881,0.999989614791393,0.212852941859414,0.00576599943725276,0.00555758742352443,0.00415522392842982,0.00501462074119561,0.00415522446049431,0.999989222940007,0.0136330241588605,0.00907729235592611,0.530873095774704,0.0929057733356449,0.0273808428930866,0.00415522397453025,0.999985279699289,0.00437911784257445,0.00499422135442076,0.00561738787276433,0.999989650848845,0.999986126328698,0.05421506669324,0.999985906785336,0.163996839342041,0.00426487066138808,0.999987058506404,0.00437845636639075,0.549386814227334,0.00528590078877109,0.00579225352973587,0.00556024755900962,0.00429112603752856,0.0062913666061978,0.681369978806112,0.00426487040563496,0.00561426121574523,0.999986155757642,0.00416000713027003,0.343358494837868,0.419772769026969,0.0778589650885856,0.0710669299661997,0.0524847642552565,0.12306452777824,0.00450035118299269,0.0093241713932642,0.316984624251617,0.0563426805196356,0.939344071535872,0.00497338341280405,0.999972496106714,0.00415522396943604
0.0563369915974822,0.999985914057093,0.63177271619107,0.0041551676870537,0.00540681376926217,0.999983188333957,0.00415516761675128,0.291648355192219,0.153326423561791,0.00588412615944723,0.00415516768959159,0.999993383134351,0.00467193923194145,0.00601170485534458,0.0491233718160277,0.00415516768312152,0.00555107069838292,0.242831906075393,0.0252969384279859,0.999977597445052,0.0051511374114348,0.0996392413392264,0.00575086974816098,0.999977401666195,0.99997858717871,0.00415737479468244,0.00415516768033809,0.999987559517811,0.00596801490043361,0.999985447060578,0.00415516768042625,0.462148793922788,0.00429919492034427,0.00426481441938796,0.00415516768098975,0.00601563560936692,0.0041815238268458,0.999982606764563,0.00415516768672091,0.085897203159383,0.999985796939932,0.00426481430087888,0.00426481438920705,0.00577798063352576,0.0050478071945035,0.00581802368879412,0.999980911098997,0.00428839223490499,0.00416620222753255,0.999978856433206,0.999978154516289,0.999977471632756,0.00426804380439082,0.0548929705912301,0.00415516759821248,0.00415516768176832,0.999984730722788,1.00000033350257,0.00666002251882036,0.00417643420790476,0.999978665431961,0.999981091981687,1.00003194170113,0.99998123107273,0.00561661686924515,0.111870338533211,0.00439629076555656,0.00421512781139766,0.423892454735265,0.00415516760789526,0.999979737149122,0.00605162147734594,0.999978486778829,0.00623407276876226,0.382764409517433,0.999992359792013,0.216219745948693,0.999982061275768,0.0042224667468534,0.00415516768181347,0.124960400263938,0.00444773388761544,0.00415516816882645,0.0233290425520046,0.0775140967923247,0.99997850614588,0.00504780697218608,0.999979235949144,0.435727896026777,0.00415516767818155,0.999987276292603,0.00505349811336792,0.0123649867851187,0.63891623742083,0.271066671877025,0.536661219506062,0.00804923757661783,0.00415516759601662,0.00426542930605095,0.999977458746117,0.00415516766116982,0.0410303605545392,0.00761776197068076,0.0320736313555757,0.00415516768747502,0.0047646721932417,0.00450837336510319,0.127178585955483,0.00591882895010555,0.00415516885274492,1.00001400946822,0.999978517703957,0.00480212489714997,0.350562719184559,0.99998120676653,1.00000882666584,0.212862535107943,0.00576626596505907,0.00555778926049233,0.00415516764609388,0.00506820541890236,0.00415516817815837,1.00000084994921,0.0136329271562052,0.00907719842128044,0.530871199516311,0.0929050381387239,0.0274342543119094,0.00415516769219431,0.999977602670657,0.00437906156023852,0.00504780705026164,0.00561759300480676,0.999986484069191,0.999981816335057,0.0542393944837514,0.999981105789319,0.163996848199011,0.00426481437905214,1.00000391191189,0.00437840008405481,0.549394181471227,0.00528599836750265,0.00579252529359559,0.00544791365094283,0.00429106975519262,0.00629226118176994,0.681365673235375,0.00426481412329902,0.00550025301270561,0.999979648420626,0.00416016033696287,0.343379306390249,0.419776185987448,0.0778585230992653,0.0710665012153651,0.0524832440760963,0.123062124514213,0.00450030482963033,0.00932407558690263,0.317000159879928,0.0563459822843802,0.939363185016728,0.00497342543420588,0.99997438008236,0.00415516768710011
0.0147857135238361,0.00463193536429796,0.0750660132140216,0.0040126298702347,0.00402106582801062,0.00812803197405024,0.00401262979993228,0.0434228953994928,0.00408928368114361,0.066625024669764,0.00401262987277258,0.00436629600315258,0.0869536451749227,0.985874207498022,0.506100349032969,0.00401262986630251,0.00402292859556411,0.0042563048809142,0.0041984459413124,0.00415370502154266,0.999967608241909,0.265159640785375,0.00402550835505159,0.00403519047525076,0.0040730126394465,0.00401483697786343,0.00401262986351908,0.0168412337613517,0.103178047082183,0.0384780268205649,0.00401262986360724,0.0045966425330227,0.0201081090144551,0.00412227660256895,0.00401262986417074,0.00402892738025655,0.00403898601002679,0.00407233200636335,0.0040126298699019,0.999978758008548,0.0163410843638611,0.00412227648405987,0.00412227657238804,0.00413939121674087,0.999969624799441,0.00402637567418369,0.00405298949836514,0.0238411689918565,0.00402366441071354,0.00403519107167936,0.00405941536931177,0.00403519050393581,0.00909900611612285,0.035644178527425,0.00401262978139347,0.00401262986494931,0.0626797748090762,0.00529509843790157,0.169926251981014,0.0170170345854647,0.00404437898786745,0.00412028990700285,0.999975167789119,0.0146636045225339,0.00402377498595616,0.00508195259944937,0.184373820273901,0.0130565879521419,0.00451500465248841,0.00401262979107625,0.00403831217111389,0.219225781120504,0.00415627934923522,0.999969470735534,0.00792502600433507,0.154145297367119,0.00974358991153589,0.00434092023406811,0.0555707794499093,0.00401262986499446,0.00471195176285031,0.00536424509041787,0.00401263035200744,0.717259854826103,0.00416089976779503,0.00414024454641078,0.999969451547003,0.00431404534086657,0.999975221520351,0.00401262986136255,0.0646228899895341,0.99997332931186,0.00412648777641768,0.00465683363993694,0.00439857236856409,0.0172695678369057,0.00401422641339185,0.00401262977919761,0.00463671031371922,0.00403519049865251,0.00401262984435081,0.00452505986539644,0.335443693103525,0.211716386784362,0.00401262987065602,0.0118064872881453,0.0122133620537837,0.00455268051699155,0.00402767735597776,0.00401263103592591,0.631980961308553,0.00413027824961527,0.508145439929729,0.999974654685716,0.0128655710574042,0.503414471609848,0.00439846333935169,0.00402570736702082,0.00413747247216203,0.00401262982927487,0.999971024266784,0.00401263036133937,0.415840312220942,0.00407589571039576,0.00401464833195256,0.999983016756232,0.00404900269912638,0.999977972514761,0.0040126298753753,0.00403519055765901,0.00423652374341951,0.999969512391452,0.00418096446877769,0.00502017922539249,0.0041884292710662,0.343874973896488,0.00421524238907846,0.0043172529464028,0.00412227656223313,0.0109074881646992,0.0042358622672358,0.0311670373498071,0.00438179556219203,0.00402604643757806,0.99995245771098,0.00414853193837361,0.0145847300435128,0.00625636256595341,0.00412227630648001,0.999957929172675,0.00442131129422798,0.00790366567070654,0.330775171047667,0.105250671378457,0.00415528592112488,0.00407233591628375,0.0293460636781349,0.0915988099575579,0.00413280130391753,0.00401694912988028,0.207099928862705,0.00429723719907059,0.23355435991462,0.00434425044192684,0.341334371771491,0.0040126298702811
0.00498945637758694,0.162024237445875,0.954085566773003,0.0049640665641588,0.00497033652430059,0.0439250602765344,0.00496406649385638,0.0156801201888618,0.00504072037506772,0.0153057525358746,0.00496406656669669,0.363206249886942,0.999975455139278,0.469372031881646,0.172732625449042,0.00496406656022662,0.00497195120393152,0.99997549630387,0.999975256662752,0.00510464262735409,0.245065380598845,0.0205924166763366,0.00497418735576348,0.00498662716917487,0.00502444933337061,0.00496627367178754,0.00496406655744319,0.165986162183965,0.00501216130332891,0.0135247050854044,0.00496406655753135,0.0175845189939796,0.99997548776303,0.999971170359754,0.00496406655809485,0.00497715104633325,0.0546233108158714,0.0324538925148766,0.004964066563826,0.0171909598916249,0.00559829020416715,0.999970932297525,0.999971109732035,0.00508822139696115,0.00494982149289571,0.00497493918624043,0.00517070136024824,0.999974356477389,0.0271375429441594,0.00498662776560346,0.00501079979983844,0.00498662719785991,0.143641383823629,0.100793268110223,0.00496406647531757,0.00496406655887342,0.00502586906155409,0.999987092365709,0.485879974783152,0.00497350047564382,0.00499581568179156,0.00507172660092696,0.00535759741697295,0.00499073070333393,0.00497268487036108,0.0050571687986225,0.0185626663834026,0.0464985771293489,0.127316688543949,0.00496406648500036,0.00526530335477601,0.15874460660553,0.00510771604315933,0.0053366285248154,0.124084155011832,0.0591457861895251,0.0316620355776602,0.017255073537281,0.00498443774635254,0.00496406655891857,0.927904598075883,0.55760745974123,0.00496406704593155,0.00536826898791058,0.0551049885436506,0.00509168124033488,0.00494982142827498,0.00526548203479068,0.00512634610235724,0.00496406655528665,0.0416131693734083,0.00495551422213688,0.999972925688838,0.726494559871764,0.00532160184736272,0.999947382412946,0.00496566310731596,0.00496406647312172,0.999971184320013,0.00498662719257662,0.00496406653827492,0.999971620663652,0.00511713568647086,0.00505283645868774,0.00496406656458012,0.999969941291787,0.999976943831238,0.941649260205686,0.00497606750673893,0.00496406772985002,0.00561746419484016,0.00508171494353938,0.00515215540753954,0.0151701388408451,0.00499188246647501,0.00521147887464685,0.999979153391824,0.00497435989022157,0.00508668294046678,0.00496406652319898,0.00497023703243575,0.00496406705526347,0.261494476155196,0.0358065057985055,0.00496608502587667,0.684256842007458,0.00500043939305049,0.00502364747895196,0.00496406656929941,0.00498662725158312,0.999972420909316,0.00494982145096911,0.0801946867833437,0.119327884075888,0.0694914082286815,0.0244923615665562,0.0626508252177542,0.236820616995846,0.999971089332758,0.985602714205763,0.999972422723063,0.0120004537482791,0.00533190523622573,0.00497465380090088,0.871424273859142,0.999973980700113,0.335580785515581,0.0338352080998986,0.999970575573307,0.999971316832665,0.00536305230588446,0.00496551754102315,0.00565100550565319,0.00544988481505764,0.0441555694205661,0.0429176815031099,0.429749370855833,0.242905612988509,0.999974005757595,0.00496838582380438,0.174498910340098,0.012414563137271,0.237598561813274,0.0769685578697457,0.474478432011569,0.0049640665642052
0.00424116144272607,0.579945559141584,0.999989485890271,0.00421577162929794,0.999978692606909,0.00425528895389597,0.00421577155899552,0.999986809369338,0.0452023412599643,0.999976475694974,0.00421577163183582,0.0141635503676445,0.00466938422744481,0.99998607462257,0.00450960656326267,0.00421577162536575,0.999977545953813,0.00439972796284287,0.00439635009831293,0.0319638437014939,0.00433682421477353,0.00435980781016332,0.999975384039982,0.004238332234314,0.00427615439850974,0.0100327566126439,0.00421577162258233,0.00431213783961789,0.99997288086317,0.0681768685922723,0.00421577162267049,0.999987326406622,0.0446264146051608,0.00432541836163219,0.00421577162323398,0.999973664804205,0.00857527537972913,0.027323449216587,0.00421577162896514,0.0046256813359255,0.722544263985789,0.00432541824312311,0.00432541833145128,0.999977423193884,0.00420152655803485,0.999975305727325,0.0288208754233878,0.00433446947598236,0.00422680616977678,0.0042383328307426,0.0185295928527942,0.00423833226299905,0.103131438888841,0.999986366822201,0.00421577154045671,0.00421577162401255,0.00427757412669322,0.999988712707705,0.999973146095691,0.0163100998336308,0.00424752074693069,0.00773418381366598,0.00460930248211209,0.00462020512584713,0.999977032321476,0.999991111530394,0.0122126727273665,0.07749396723993,0.618232264399237,0.00421577155013949,0.012041836448269,0.999978711692057,0.00435942110829846,0.999981335135291,0.999988777543577,0.00431729133820511,0.999981878142639,0.156169098109558,0.00726319910648401,0.00421577162405771,0.999988982541171,0.0474676890323366,0.00421577211107068,0.999988246351767,0.219598464840625,0.00434338630547402,0.00420152649341412,0.0165249867845743,0.00442316971146994,0.00421577162042579,0.0246616641519592,0.00795866068294039,0.00432760092094209,0.0094865500988795,0.999986975160239,0.0311969237085756,0.0042173681724551,0.00421577153826085,0.00432565463898217,0.00423833225771576,0.00421577160341405,0.780987035469879,0.999980308294128,0.00430454152382687,0.00421577162971926,0.289475483381864,0.444862332916087,0.0346946404182826,0.999974501650844,0.00421577279498916,0.316647945729484,0.00433342000867851,0.00473777771407843,0.00867613627821505,0.00942298026592292,0.00474836607858236,0.333050453869802,0.999975803542588,0.99997916740304,0.00421577158833812,0.00422194209757489,0.00421577212040261,0.0955545873930902,0.120258195462665,0.0042177900910158,0.678576424919949,0.00425214445818962,0.0938341881747329,0.00421577163443854,0.00423833231672226,0.00443966550248275,0.00420152651610824,0.999979255831068,0.00429025626206868,0.147675689439123,0.999989242567797,0.0655799261253354,0.245950733350583,0.00432541832129638,0.00466002365632754,0.00443900402629905,0.999987193232715,0.999982318330945,0.999975562470939,0.0341227168916549,0.00435167369743685,0.999973258799496,0.00450584561327437,0.00432541806554325,0.00473828461951279,0.153547831022263,0.00421722260616229,0.999987049931973,0.569294768683884,0.233381454734208,0.0376156047103383,0.99998345088611,0.99998768981333,0.0260667200112379,0.010017532333288,0.999993719212542,0.999989266420627,0.999983642079688,0.767577465977302,0.770189653488344,0.00421577162934434
0.999984060693246,0.0033363999334743,0.00372305318146093,0.999980344165402,0.0029728650459729,0.0030171831184621,0.99998016244779,0.00318429448092369,0.999983383367286,0.00300230840526341,0.999980350725326,0.32442197996335,0.79773685037476,0.00359427102313044,0.999979133441849,0.999980334001491,0.00297321171454333,0.0291171017706307,0.171899817623175,0.272993754997355,0.00309871837933967,0.999985269873999,0.0029736916409888,0.00300022639888014,0.100801736525427,0.999981459435969,0.999980326806898,0.0151908974947753,0.00301087511841462,0.00305171630155214,0.999980327034774,0.0518436906099523,0.00310992773806606,0.00308731252619833,0.99998032849129,0.00297432805440739,0.9999839265076,0.00302191330603253,0.999980343305183,0.999758881007524,0.04228226335261,0.00308731240768925,0.00308731249601741,0.300383357904414,0.00296342072260098,0.00297385319326682,0.00301095508223988,0.0030963636405485,0.999982138654763,0.00300022699530873,0.0506637165779406,0.00300022642756518,0.999985455569677,0.00309829453489211,0.9999801145287,0.99998033050374,0.0480227358960336,0.297307891038672,0.438017617359699,0.999982634493287,0.0267590809920866,0.219705743939452,0.00337119664667822,0.00300432993303919,0.00297336923349363,0.00302478962992247,0.999985410631306,0.999983762219253,0.99998181548396,0.999980139556751,0.0030032948475553,0.00313206693754859,0.316117775929098,0.00334311786480899,0.00323315857673479,0.00734887422881817,0.00313845538955629,0.00310138252158976,0.999979902424723,0.999980330620457,0.00349512236687422,0.999981827336959,0.999981589451009,0.00326886052119118,0.999984555238098,0.274654023507029,0.00296342065798025,0.71229886591938,0.0031399453320625,0.99998032123268,0.00304536798981267,0.0140000449704863,0.00308949508550823,0.999979952042245,0.204379075053422,0.00325896052470421,0.999982053855855,0.999980108852846,0.0030875488035483,0.00300022642228189,0.999980277260763,0.00340758221664382,0.011588978887411,0.9999830678298,0.999980345254428,0.994308019289889,0.176763251127682,0.999984526364273,0.00297409544064267,0.99998335724266,0.161520975833034,0.248882577529634,0.999981423101384,0.00311202888335409,0.00300548169618027,0.103378582966876,0.00327583350567057,0.00297372884529201,0.302804803986794,0.999980238292499,0.0557518158234111,0.999981613572162,0.00332876743672146,0.999985526545015,0.999983698155418,0.00382231292710493,0.999983012394583,0.0823563172020429,0.999980357452826,0.00300022648128839,0.298538597348753,0.00296342068067438,0.318114967225519,0.0206860953077509,0.00309018416838385,0.00318740303592749,0.185459273642154,0.999985039537281,0.00308731248586251,0.00342191782089368,0.296827960933055,0.00330699150399836,0.952028591247876,0.00297379193770288,0.00344695977805277,0.0709822437333455,0.00314295158092804,0.999983657802489,0.00308731223010939,0.00350017878407893,0.672992500711841,0.999980955206507,0.331776245532871,0.99998141818185,0.999981958114321,0.999983752791748,0.00324340830994808,0.00322219334710141,0.00868280743713153,0.999984800764017,0.00335080802098143,0.113637893635167,0.00371276548698194,0.999984726700488,0.00378108143214711,0.999980344285339
0.00424116144272607,0.579945559141584,0.999989485890271,0.00421577162929794,0.999978692606909,0.00425528895389597,0.00421577155899552,0.999986809369338,0.0452023412599643,0.999976475694974,0.00421577163183582,0.0141635503676445,0.00466938422744481,0.99998607462257,0.00450960656326267,0.00421577162536575,0.999977545953813,0.00439972796284287,0.00439635009831293,0.0319638437014939,0.00433682421477353,0.00435980781016332,0.999975384039982,0.004238332234314,0.00427615439850974,0.0100327566126439,0.00421577162258233,0.00431213783961789,0.99997288086317,0.0681768685922723,0.00421577162267049,0.999987326406622,0.0446264146051608,0.00432541836163219,0.00421577162323398,0.999973664804205,0.00857527537972913,0.027323449216587,0.00421577162896514,0.0046256813359255,0.722544263985789,0.00432541824312311,0.00432541833145128,0.999977423193884,0.00420152655803485,0.999975305727325,0.0288208754233878,0.00433446947598236,0.00422680616977678,0.0042383328307426,0.0185295928527942,0.00423833226299905,0.103131438888841,0.999986366822201,0.00421577154045671,0.00421577162401255,0.00427757412669322,0.999988712707705,0.999973146095691,0.0163100998336308,0.00424752074693069,0.00773418381366598,0.00460930248211209,0.00462020512584713,0.999977032321476,0.999991111530394,0.0122126727273665,0.07749396723993,0.618232264399237,0.00421577155013949,0.012041836448269,0.999978711692057,0.00435942110829846,0.999981335135291,0.999988777543577,0.00431729133820511,0.999981878142639,0.156169098109558,0.00726319910648401,0.00421577162405771,0.999988982541171,0.0474676890323366,0.00421577211107068,0.999988246351767,0.219598464840625,0.00434338630547402,0.00420152649341412,0.0165249867845743,0.00442316971146994,0.00421577162042579,0.0246616641519592,0.00795866068294039,0.00432760092094209,0.0094865500988795,0.999986975160239,0.0311969237085756,0.0042173681724551,0.00421577153826085,0.00432565463898217,0.00423833225771576,0.00421577160341405,0.780987035469879,0.999980308294128,0.00430454152382687,0.00421577162971926,0.289475483381864,0.444862332916087,0.0346946404182826,0.999974501650844,0.00421577279498916,0.316647945729484,0.00433342000867851,0.00473777771407843,0.00867613627821505,0.00942298026592292,0.00474836607858236,0.333050453869802,0.999975803542588,0.99997916740304,0.00421577158833812,0.00422194209757489,0.00421577212040261,0.0955545873930902,0.120258195462665,0.0042177900910158,0.678576424919949,0.00425214445818962,0.0938341881747329,0.00421577163443854,0.00423833231672226,0.00443966550248275,0.00420152651610824,0.999979255831068,0.00429025626206868,0.147675689439123,0.999989242567797,0.0655799261253354,0.245950733350583,0.00432541832129638,0.00466002365632754,0.00443900402629905,0.999987193232715,0.999982318330945,0.999975562470939,0.0341227168916549,0.00435167369743685,0.999973258799496,0.00450584561327437,0.00432541806554325,0.00473828461951279,0.153547831022263,0.00421722260616229,0.999987049931973,0.569294768683884,0.233381454734208,0.0376156047103383,0.99998345088611,0.99998768981333,0.0260667200112379,0.010017532333288,0.999993719212542,0.999989266420627,0.999983642079688,0.767577465977302,0.770189653488344,0.00421577162934434
0.0147859379650919,0.0046382195095997,0.0750109337802512,0.00401266916291832,0.00402212151689141,0.00812108921295511,0.0040126690926159,0.0434547689303214,0.00408932297382724,0.0666275026341704,0.00401266916545621,0.00430940112648153,0.0869599854568454,0.985913320441053,0.506113109682519,0.00401266915898613,0.00402410069990957,0.00419662549646325,0.00419324763193331,0.00415397851173961,0.999997805773706,0.265163935607857,0.00402684169757611,0.00403522976793439,0.00407305193213012,0.00401487627054706,0.00401266915620271,0.0168131994052681,0.103181160423342,0.038481706777818,0.00401266915629087,0.00462111606777546,0.0201095544886872,0.00412231589525257,0.00401266915685436,0.00403047438893857,0.00403902530271041,0.00406830563664206,0.00401266916258552,0.999995614755722,0.0163652496510627,0.0041223157767435,0.00412231586507166,0.00414065361815494,0.999986821508013,0.00402776320985601,0.00405353685826203,0.0238429444787566,0.00402370370339717,0.00403523036436298,0.00405947918663825,0.00403522979661943,0.00909913152704186,0.0356640762342697,0.00401266907407709,0.00401266915763293,0.0626808236853634,0.00522575248835703,0.169934561810961,0.0170172977401532,0.00404441828055107,0.00412032919968648,0.999992357568497,0.0146638268382875,0.00402499998611507,0.00508622980822329,0.184376979237519,0.0130568021029312,0.00451442817889886,0.00401266908375988,0.00403829821660954,0.219232265134245,0.00415631864191884,0.999987313509472,0.007937776056232,0.154138050933323,0.00977052542539461,0.00435479052578674,0.0555717065745528,0.00401266915767809,0.00470048002217146,0.0053643780511723,0.00401266964469106,0.717282548935735,0.00416103666891776,0.0041402838390944,0.999986648252591,0.00431408463355019,0.999992415284379,0.00401266915404617,0.064617571828482,0.999990525986181,0.00412449845456248,0.00460334714240575,0.00441194177064874,0.0171554967668525,0.00401426570607548,0.00401266907188123,0.00463679505134179,0.00403522979133614,0.00401266913703443,0.00452440647204917,0.335451894014005,0.211720002622767,0.00401266916333964,0.0118071613267246,0.0122140948983415,0.00452606938420428,0.00402914624158267,0.00401267032860954,0.632008083079435,0.00413031754229889,0.508154160586712,0.999992105435976,0.0128657623789203,0.503423109745344,0.0043504272313565,0.00402705313413954,0.00413855642307513,0.0040126691219585,0.99998822064777,0.00401266965402299,0.415823733049618,0.0040757834279112,0.00401468762463618,0.999993531989315,0.00404904199181001,0.99999516809535,0.00401266916805892,0.00403522985034264,0.00423656303610313,0.999986709098088,0.00418206175548817,0.00499859253882829,0.00418112076164232,0.343904870827436,0.00420909758331959,0.00431549814246802,0.00412231585491676,0.0107849528028032,0.00423590155991943,0.031208284753492,0.00438245756006652,0.00402741339600718,1.00000353021079,0.00414857123105724,0.0145865358452794,0.00625211472971762,0.00412231559916364,1.00000934230794,0.0044259002939059,0.00790377196856237,0.330803819995952,0.105257217454333,0.00415533092505008,0.00407177409320636,0.0293560856623352,0.0916172448597293,0.00413278422667831,0.0040169884225639,0.207129927960983,0.0043115862242997,0.233622684188812,0.00434468758865365,0.341370359056733,0.00401266916296472
0.999984060693246,0.0033363999334743,0.00372305318146093,0.999980344165402,0.0029728650459729,0.0030171831184621,0.99998016244779,0.00318429448092369,0.999983383367286,0.00300230840526341,0.999980350725326,0.32442197996335,0.79773685037476,0.00359427102313044,0.999979133441849,0.999980334001491,0.00297321171454333,0.0291171017706307,0.171899817623175,0.272993754997355,0.00309871837933967,0.999985269873999,0.0029736916409888,0.00300022639888014,0.100801736525427,0.999981459435969,0.999980326806898,0.0151908974947753,0.00301087511841462,0.00305171630155214,0.999980327034774,0.0518436906099523,0.00310992773806606,0.00308731252619833,0.99998032849129,0.00297432805440739,0.9999839265076,0.00302191330603253,0.999980343305183,0.999758881007524,0.04228226335261,0.00308731240768925,0.00308731249601741,0.300383357904414,0.00296342072260098,0.00297385319326682,0.00301095508223988,0.0030963636405485,0.999982138654763,0.00300022699530873,0.0506637165779406,0.00300022642756518,0.999985455569677,0.00309829453489211,0.9999801145287,0.99998033050374,0.0480227358960336,0.297307891038672,0.438017617359699,0.999982634493287,0.0267590809920866,0.219705743939452,0.00337119664667822,0.00300432993303919,0.00297336923349363,0.00302478962992247,0.999985410631306,0.999983762219253,0.99998181548396,0.999980139556751,0.0030032948475553,0.00313206693754859,0.316117775929098,0.00334311786480899,0.00323315857673479,0.00734887422881817,0.00313845538955629,0.00310138252158976,0.999979902424723,0.999980330620457,0.00349512236687422,0.999981827336959,0.999981589451009,0.00326886052119118,0.999984555238098,0.274654023507029,0.00296342065798025,0.71229886591938,0.0031399453320625,0.99998032123268,0.00304536798981267,0.0140000449704863,0.00308949508550823,0.999979952042245,0.204379075053422,0.00325896052470421,0.999982053855855,0.999980108852846,0.0030875488035483,0.00300022642228189,0.999980277260763,0.00340758221664382,0.011588978887411,0.9999830678298,0.999980345254428,0.994308019289889,0.176763251127682,0.999984526364273,0.00297409544064267,0.99998335724266,0.161520975833034,0.248882577529634,0.999981423101384,0.00311202888335409,0.00300548169618027,0.103378582966876,0.00327583350567057,0.00297372884529201,0.302804803986794,0.999980238292499,0.0557518158234111,0.999981613572162,0.00332876743672146,0.999985526545015,0.999983698155418,0.00382231292710493,0.999983012394583,0.0823563172020429,0.999980357452826,0.00300022648128839,0.298538597348753,0.00296342068067438,0.318114967225519,0.0206860953077509,0.00309018416838385,0.00318740303592749,0.185459273642154,0.999985039537281,0.00308731248586251,0.00342191782089368,0.296827960933055,0.00330699150399836,0.952028591247876,0.00297379193770288,0.00344695977805277,0.0709822437333455,0.00314295158092804,0.999983657802489,0.00308731223010939,0.00350017878407893,0.672992500711841,0.999980955206507,0.331776245532871,0.99998141818185,0.999981958114321,0.999983752791748,0.00324340830994808,0.00322219334710141,0.00868280743713153,0.999984800764017,0.00335080802098143,0.113637893635167,0.00371276548698194,0.999984726700488,0.00378108143214711,0.999980344285339
0.0563368744169992,0.999985946002534,0.63177094980501,0.00415522089628819,0.00540662932904379,0.999988871228408,0.00415522082598577,0.291641312491523,0.153327538425767,0.00588084358219759,0.00415522089882608,0.99998941878786,0.00469031136195078,0.00606284685697408,0.0491185954127392,0.00415522089235601,0.00555085903839378,0.242822007837941,0.0252961191649828,0.999984683782339,0.00516088886739537,0.0996275768388979,0.0057506203881439,0.99998454564485,0.999985730896488,0.00415742800391693,0.00415522088957258,0.999989463279502,0.00596275297066238,0.999989551878826,0.00415522088966074,0.462146159802931,0.00430365361036653,0.00426486762862245,0.00415522089022423,0.00601533629083408,0.00418157703608028,0.999988602038403,0.00415522089595539,0.0858475979318002,0.9999865468142,0.00426486751011337,0.00426486759844153,0.00577774786065858,0.00499766109330784,0.00581776165756481,0.99998791759919,0.00429388480031642,0.00416625543676704,0.999986000422216,0.999985292379958,0.999984615611909,0.00426784777900821,0.0548875360701882,0.00415522080744696,0.00415522089100281,0.999988920246096,0.999987243187959,0.00666929326656573,0.00417583243981941,0.999985809354187,0.999988235380655,0.999988897934624,0.999987839490124,0.00561639284138101,0.11187008550233,0.00438732146605125,0.00421481969228424,0.423894365319504,0.00415522081712975,0.999986870735313,0.00604738925371916,0.999985629902976,0.00618379361692438,0.38276015558404,0.999990130851471,0.216214604095749,0.999985085773524,0.00421992232993891,0.00415522089104796,0.124953747346221,0.00444808100818498,0.00415522137806093,0.0232907805264773,0.0775143686411993,0.999985649384344,0.0049976608797195,0.999986377955225,0.435680824019376,0.00415522088741604,0.999990198646862,0.0050033521123831,0.0123647019236458,0.638910364759708,0.271065390038243,0.536644341362047,0.00804931850290396,0.0041552208052511,0.0042656251122511,0.999984602725179,0.00415522087040431,0.0410279843427088,0.00760054426697313,0.0320634170977049,0.00415522089670951,0.00476671611110929,0.00451060202630562,0.127174294372507,0.00591854789797964,0.00415522206197941,0.999985581040748,0.99998566101347,0.00477677809834813,0.35051629148434,0.999987905870414,0.999990807464796,0.212853458275992,0.00576601369997601,0.00555759821216528,0.00415522085532837,0.0050180602761618,0.00415522138739286,0.999989901677564,0.0136330178354337,0.00907728666434101,0.530873149503801,0.0929057230482622,0.027384270392402,0.00415522090142879,0.999984746650743,0.004379114769473,0.0049976609547295,0.00561739883836007,0.999989371571485,0.999985780526254,0.0542165622116534,0.999985533662815,0.163996822654385,0.00426486758828663,0.999987902767848,0.0043784532932893,0.549387163200482,0.00528590597844749,0.00579226807365011,0.00555385906569205,0.00429112296442711,0.00629142045273652,0.681369668410396,0.00426486733253351,0.00560777353574769,0.999985686246068,0.00416001750190596,0.343359758788461,0.419772959711034,0.0778589326361342,0.071066899115873,0.0524846556153124,0.123064366988835,0.00450034864475898,0.00932416557151291,0.316985512594238,0.0563428537348438,0.939345108820452,0.0049733856188935,0.999972523488913,0.00415522089633459
0.00498953278281964,0.162038603950061,0.954083441700909,0.0049641429693915,0.00497129710470373,0.0439242803176822,0.00496414289908908,0.0157071708956605,0.00504079678030042,0.0153068900399361,0.00496414297192939,0.363199138619136,0.999965240587214,0.469360261800803,0.17272961109109,0.00496414296545932,0.00497301305553541,0.999962762755987,0.999966486277134,0.00510492276379597,0.245058545301282,0.0205922619568078,0.00497538947038179,0.00498670357440757,0.00502452573860331,0.00496635007702024,0.00496414296267589,0.165982717765777,0.00501342654977838,0.0135284805861626,0.00496414296276405,0.0176057818133429,0.999966674355653,0.999962780411117,0.00496414296332755,0.00497853903168952,0.0546229648563756,0.0324540871077501,0.00496414296905871,0.0171909102926294,0.00561917961618027,0.999962542350913,0.999962719783914,0.00508936179906163,0.00494989789812842,0.00497618844412415,0.00517124410491248,0.999965443549061,0.0271374307519905,0.00498670417083617,0.00501089753935037,0.00498670360309262,0.143640280902247,0.10080954026017,0.00496414288055028,0.00496414296410612,0.00502594546678679,0.999985852157645,0.485875838682925,0.00497357688087652,0.00499589208702426,0.00507180300615966,0.00535767382220566,0.00499080710856663,0.00497379273666377,0.00506091732293971,0.0185626224995536,0.0464982930543767,0.127317518985235,0.00496414289023306,0.00526537354121809,0.158743909816806,0.00510779244839203,0.00533727276978599,0.12410112483537,0.0591446726928327,0.0316853465433132,0.0172684694981151,0.00498451415158524,0.00496414296415127,0.927905672666522,0.557602807518082,0.00496414345116425,0.00537737088626895,0.0551052326655408,0.00509175764556759,0.00494989783350768,0.00526555844002338,0.00512642250758994,0.00496414296051936,0.0416125434350545,0.00495559062736958,0.999964388173644,0.726484607543698,0.00533327427369881,0.99993135464688,0.00496573951254866,0.00496414287835442,0.99996278067193,0.00498670359780932,0.00496414294350762,0.999967834814644,0.00511934758803245,0.00505291286392044,0.00496414296981282,0.999961364240155,0.999968346794171,0.941639464649663,0.00497738753189895,0.00496414413508272,0.00563169966507799,0.00508179134877208,0.00515223181277224,0.015170037055367,0.00499195887170771,0.00521155527987955,0.999969518599567,0.00497557281314251,0.00508766810634881,0.00496414292843168,0.00497031343766845,0.00496414346049617,0.261499618497594,0.0358063092523638,0.00496616143110937,0.684263471343514,0.00500051579828319,0.00502372388418466,0.00496414297453211,0.00498670365681582,0.999964031922254,0.00494989785620181,0.0801950447678195,0.119325412424733,0.0694935819417833,0.0245138874373901,0.0626527105298948,0.23682016776669,0.99996269938481,0.985585413171444,0.999964033730357,0.0120358766880384,0.0053325233401285,0.0049758851583954,0.871404291603815,0.999965590950987,0.335579430869872,0.0338347205954783,0.999962185629729,0.999950113252189,0.00536708655547785,0.00496559394625585,0.00567108401709224,0.00545411184677679,0.0441556210526968,0.0429174173532613,0.429757102823467,0.242921086050488,0.999965611773321,0.00496846222903708,0.174531285052405,0.0124271738658303,0.237652472443869,0.0769683704457095,0.474520312092852,0.00496414296943791
0.00424116144272607,0.579945559141584,0.999989485890271,0.00421577162929794,0.999978692606909,0.00425528895389597,0.00421577155899552,0.999986809369338,0.0452023412599643,0.999976475694974,0.00421577163183582,0.0141635503676445,0.00466938422744481,0.99998607462257,0.00450960656326267,0.00421577162536575,0.999977545953813,0.00439972796284287,0.00439635009831293,0.0319638437014939,0.00433682421477353,0.00435980781016332,0.999975384039982,0.004238332234314,0.00427615439850974,0.0100327566126439,0.00421577162258233,0.00431213783961789,0.99997288086317,0.0681768685922723,0.00421577162267049,0.999987326406622,0.0446264146051608,0.00432541836163219,0.00421577162323398,0.999973664804205,0.00857527537972913,0.027323449216587,0.00421577162896514,0.0046256813359255,0.722544263985789,0.00432541824312311,0.00432541833145128,0.999977423193884,0.00420152655803485,0.999975305727325,0.0288208754233878,0.00433446947598236,0.00422680616977678,0.0042383328307426,0.0185295928527942,0.00423833226299905,0.103131438888841,0.999986366822201,0.00421577154045671,0.00421577162401255,0.00427757412669322,0.999988712707705,0.999973146095691,0.0163100998336308,0.00424752074693069,0.00773418381366598,0.00460930248211209,0.00462020512584713,0.999977032321476,0.999991111530394,0.0122126727273665,0.07749396723993,0.618232264399237,0.00421577155013949,0.012041836448269,0.999978711692057,0.00435942110829846,0.999981335135291,0.999988777543577,0.00431729133820511,0.999981878142639,0.156169098109558,0.00726319910648401,0.00421577162405771,0.999988982541171,0.0474676890323366,0.00421577211107068,0.999988246351767,0.219598464840625,0.00434338630547402,0.00420152649341412,0.0165249867845743,0.00442316971146994,0.00421577162042579,0.0246616641519592,0.00795866068294039,0.00432760092094209,0.0094865500988795,0.999986975160239,0.0311969237085756,0.0042173681724551,0.00421577153826085,0.00432565463898217,0.00423833225771576,0.00421577160341405,0.780987035469879,0.999980308294128,0.00430454152382687,0.00421577162971926,0.289475483381864,0.444862332916087,0.0346946404182826,0.999974501650844,0.00421577279498916,0.316647945729484,0.00433342000867851,0.00473777771407843,0.00867613627821505,0.00942298026592292,0.00474836607858236,0.333050453869802,0.999975803542588,0.99997916740304,0.00421577158833812,0.00422194209757489,0.00421577212040261,0.0955545873930902,0.120258195462665,0.0042177900910158,0.678576424919949,0.00425214445818962,0.0938341881747329,0.00421577163443854,0.00423833231672226,0.00443966550248275,0.00420152651610824,0.999979255831068,0.00429025626206868,0.147675689439123,0.999989242567797,0.0655799261253354,0.245950733350583,0.00432541832129638,0.00466002365632754,0.00443900402629905,0.999987193232715,0.999982318330945,0.999975562470939,0.0341227168916549,0.00435167369743685,0.999973258799496,0.00450584561327437,0.00432541806554325,0.00473828461951279,0.153547831022263,0.00421722260616229,0.999987049931973,0.569294768683884,0.233381454734208,0.0376156047103383,0.99998345088611,0.99998768981333,0.0260667200112379,0.010017532333288,0.999993719212542,0.999989266420627,0.999983642079688,0.767577465977302,0.770189653488344,0.00421577162934434
0.0147857157290529,0.00462044061078383,0.0750648081671542,0.00401256777145828,0.00402032425206588,0.00812871186305993,0.00401256770115586,0.043402263229615,0.00408922158236719,0.0666244509923332,0.00401256777399616,0.00437196684859173,0.086954938683871,0.985883659229787,0.506104095496712,0.00401256776752609,0.00402210919401307,0.00426225611031171,0.00419891123901492,0.00415348635797032,0.999975801362331,0.265161215273404,0.00402458116319039,0.00403512837647434,0.00407295054067008,0.00401477487908701,0.00401256776474267,0.0168441543987069,0.103177664380831,0.0384753346278839,0.00401256776483083,0.0045802217844045,0.0201083422555176,0.00412221450379253,0.00401256776539432,0.00402785734914028,0.00403892391125037,0.00407221813838872,0.00401256777112548,0.999984686648031,0.0163250974010221,0.00412221438528345,0.00412221447361162,0.00413851145015043,0.999975521646725,0.00402541225333353,0.0040525693777783,0.0238414715461419,0.00402360231193712,0.00403512897290294,0.00405933687541804,0.00403512840515939,0.00909897386521468,0.0356312388383726,0.00401256768261705,0.00401256776617289,0.0626800633490135,0.00529334133661033,0.169926842813805,0.0170170502362527,0.00404431688909103,0.00412022780822643,0.999981062229824,0.014663605989542,0.00402292022270498,0.00507907431166529,0.184374839288495,0.0130565831784533,0.00451369690885843,0.00401256769229983,0.00403825543402381,0.219226430056065,0.0041562172504588,0.999974928881803,0.00791161312303498,0.154147133970744,0.00972553837530128,0.00433062186454517,0.0555710257042552,0.00401256776621805,0.00470615082948829,0.00536420265440548,0.00401256825323102,0.71725712159614,0.00416041038953183,0.00414018244763436,0.999975348393251,0.00431398324209015,0.999981117344965,0.00401256776258613,0.0646237802728295,0.999979226147248,0.0041266299474869,0.004662161281151,0.00438959887773941,0.0172805868807678,0.00401416431461544,0.00401256768042119,0.00463665775472625,0.00403512839987609,0.00401256774557439,0.00452175445176966,0.335443971925088,0.211717566856503,0.0040125677718796,0.0118065584575132,0.0122134455626457,0.00455527823027923,0.0040266595513922,0.00401256893714949,0.631973771200978,0.00413021615083885,0.508148392957585,0.999980592722868,0.0128655617597966,0.503417395977148,0.00440163907793842,0.00402477186911902,0.00413671200259515,0.00401256773049845,0.999976921000294,0.00401256826256295,0.415838588294721,0.00407584887436917,0.00401458623317614,0.999979893197315,0.00404894060034996,0.999983868970285,0.00401256777659888,0.0040351284588826,0.00423646164464309,0.999975409238063,0.00418019508401625,0.00502230249857233,0.00418684222412944,0.343860373578259,0.00421384553384019,0.00431624934769718,0.00412221446345671,0.010919886714824,0.00423580016845938,0.0311399229504214,0.00438131717500272,0.00402509677294519,0.999964337456885,0.00414846983959719,0.0145836688880518,0.0062567511598393,0.00412221420770359,0.999969868953598,0.00441820764331487,0.0079036268435119,0.330761688222872,0.105248022321764,0.00415500448697099,0.00407231607786407,0.0293375966340771,0.091585924392672,0.00413274488126894,0.00401688703110386,0.207075698382289,0.00428750384940791,0.23351274657946,0.00434392237133803,0.341301972922986,0.00401256777150468
0.999984060693246,0.0033363999334743,0.00372305318146093,0.999980344165402,0.0029728650459729,0.0030171831184621,0.99998016244779,0.00318429448092369,0.999983383367286,0.00300230840526341,0.999980350725326,0.32442197996335,0.79773685037476,0.00359427102313044,0.999979133441849,0.999980334001491,0.00297321171454333,0.0291171017706307,0.171899817623175,0.272993754997355,0.00309871837933967,0.999985269873999,0.0029736916409888,0.00300022639888014,0.100801736525427,0.999981459435969,0.999980326806898,0.0151908974947753,0.00301087511841462,0.00305171630155214,0.999980327034774,0.0518436906099523,0.00310992773806606,0.00308731252619833,0.99998032849129,0.00297432805440739,0.9999839265076,0.00302191330603253,0.999980343305183,0.999758881007524,0.04228226335261,0.00308731240768925,0.00308731249601741,0.300383357904414,0.00296342072260098,0.00297385319326682,0.00301095508223988,0.0030963636405485,0.999982138654763,0.00300022699530873,0.0506637165779406,0.00300022642756518,0.999985455569677,0.00309829453489211,0.9999801145287,0.99998033050374,0.0480227358960336,0.297307891038672,0.438017617359699,0.999982634493287,0.0267590809920866,0.219705743939452,0.00337119664667822,0.00300432993303919,0.00297336923349363,0.00302478962992247,0.999985410631306,0.999983762219253,0.99998181548396,0.999980139556751,0.0030032948475553,0.00313206693754859,0.316117775929098,0.00334311786480899,0.00323315857673479,0.00734887422881817,0.00313845538955629,0.00310138252158976,0.999979902424723,0.999980330620457,0.00349512236687422,0.999981827336959,0.999981589451009,0.00326886052119118,0.999984555238098,0.274654023507029,0.00296342065798025,0.71229886591938,0.0031399453320625,0.99998032123268,0.00304536798981267,0.0140000449704863,0.00308949508550823,0.999979952042245,0.204379075053422,0.00325896052470421,0.999982053855855,0.999980108852846,0.0030875488035483,0.00300022642228189,0.999980277260763,0.00340758221664382,0.011588978887411,0.9999830678298,0.999980345254428,0.994308019289889,0.176763251127682,0.999984526364273,0.00297409544064267,0.99998335724266,0.161520975833034,0.248882577529634,0.999981423101384,0.00311202888335409,0.00300548169618027,0.103378582966876,0.00327583350567057,0.00297372884529201,0.302804803986794,0.999980238292499,0.0557518158234111,0.999981613572162,0.00332876743672146,0.999985526545015,0.999983698155418,0.00382231292710493,0.999983012394583,0.0823563172020429,0.999980357452826,0.00300022648128839,0.298538597348753,0.00296342068067438,0.318114967225519,0.0206860953077509,0.00309018416838385,0.00318740303592749,0.185459273642154,0.999985039537281,0.00308731248586251,0.00342191782089368,0.296827960933055,0.00330699150399836,0.952028591247876,0.00297379193770288,0.00344695977805277,0.0709822437333455,0.00314295158092804,0.999983657802489,0.00308731223010939,0.00350017878407893,0.672992500711841,0.999980955206507,0.331776245532871,0.99998141818185,0.999981958114321,0.999983752791748,0.00324340830994808,0.00322219334710141,0.00868280743713153,0.999984800764017,0.00335080802098143,0.113637893635167,0.00371276548698194,0.999984726700488,0.00378108143214711,0.999980344285339
0.0563369101829489,0.99998551950965,0.63177116795429,0.00415520352899933,0.00540668857497631,0.999986611691829,0.00415520345869691,0.291643541846362,0.153327112822946,0.00588202290898733,0.00415520353153721,0.99999031904081,0.00468410370234652,0.00604629687889521,0.0491207065618304,0.00415520352506714,0.00555092705941203,0.242825159158868,0.0252963795849482,0.999981958580122,0.00515852303102952,0.0996317953756428,0.00575070056286397,0.999981801681129,0.999982987033082,0.00415741063662806,0.00415520352228372,0.999988446237868,0.00596464533656086,0.999987858691161,0.00415520352237188,0.462146819648379,0.00430214377328196,0.00426485026133358,0.00415520352293537,0.00601543257113648,0.00418155966879142,0.999986234243106,0.00415520352866653,0.0858655251028513,0.999985900474386,0.00426485014282451,0.00426485023115267,0.00577782268802786,0.00501579892664129,0.00581784591721912,0.999985218290296,0.00429202471176008,0.00416623806947817,0.999983256454514,0.999982550411244,0.999981871647997,0.00426792058281506,0.0548893269912848,0.0041552034401581,0.00415520352371394,0.999987244811527,0.999991124835355,0.00666627486001229,0.00417605195316781,0.999983065412165,0.99998549163984,1.00000430518792,0.999985289220368,0.00561646484954391,0.111870123437856,0.00439056844370853,0.00421493478226695,0.423893568120842,0.00415520344984088,0.99998413018116,0.00604904274315582,0.999982886267837,0.00620197357408191,0.382761386681163,0.999990714198762,0.216216190024016,0.999983680336931,0.00422084442622977,0.0041552035237591,0.124955871491902,0.00444796406585195,0.00415520401077207,0.0233045241601165,0.0775142494937467,0.999982905705248,0.00501579870989597,0.999983634750014,0.435697779975839,0.00415520352012718,0.999988940204403,0.00502148990947406,0.0123647922047292,0.638912036362206,0.271065692330049,0.536649644086839,0.0080492904776442,0.00415520343796224,0.00426555943413696,0.999981858761303,0.00415520350311544,0.0410287444574844,0.00760675059084175,0.0320671085863676,0.00415520352942065,0.00476602431704568,0.00450984764007892,0.127175653023506,0.00591863828957385,0.00415520469469055,0.9999955562142,0.999982917307053,0.00478594695767785,0.350533052358995,0.999985322802694,0.999997164181296,0.212856349889192,0.00576609481122869,0.00555765958841405,0.00415520348803951,0.00503619776285812,0.004155204020104,0.999993587009036,0.0136329843900029,0.00907725582557965,0.530873071466316,0.0929054627747819,0.0274023459378639,0.00415520353413993,0.999982002686472,0.00437909740218414,0.00501579878601466,0.00561746121982551,0.99998802534476,0.999984076425762,0.054224585322762,0.999983677913775,0.163996765315072,0.00426485022099777,0.999992748725826,0.00437843592600044,0.549389253635535,0.00528593554900706,0.00579235078224697,0.00551856471606618,0.00429110559713824,0.00629171182245748,0.68136808801939,0.00426484996524464,0.00557193996415088,0.999983301515656,0.0041600710364564,0.343366568618769,0.419774017961646,0.0778587684711903,0.0710667417608565,0.0524841058540769,0.123063534549605,0.00450033426873846,0.00932413406307766,0.316990413198982,0.0563438471799499,0.939350960864632,0.00497339824077615,0.999972843501615,0.00415520352904573
0.00498937647227947,0.162009268572365,0.954087119039004,0.00496398665885134,0.00496934324873055,0.0439258143891895,0.00496398658854891,0.0156521737384457,0.00504064046976025,0.0153045733727439,0.00496398666138922,0.363213162869109,0.999985776870393,0.469384735761067,0.172735817160984,0.00496398665491915,0.00497085331322831,0.999987951987967,0.999983896837684,0.00510435226371862,0.245072779895422,0.0205925733651033,0.00497294457062013,0.0049865472638674,0.00502436942806314,0.00496619376648007,0.00496398665213572,0.165989517194803,0.00501085330176789,0.0135207937228621,0.00496398665222388,0.0175625481282751,0.999984236878656,0.999979444284983,0.00496398665278738,0.00497571625307837,0.0546236476617913,0.0324536547706902,0.00496398665851854,0.0171910038708343,0.00557671005535218,0.999979206220756,0.999979383656755,0.00508704236205698,0.00494974158758825,0.00497364770118087,0.0051701394857897,0.999983217252618,0.0271376491296717,0.004986547860296,0.00501069785580282,0.00498654729255245,0.143642467589306,0.100776421959157,0.00496398657001011,0.00496398665356595,0.00502578915624662,0.99998754800745,0.485884186911914,0.00497342057033635,0.00499573577648409,0.00507164669561949,0.00535751751166549,0.00499065079802646,0.00497153944557307,0.00505329552240336,0.0185627058757196,0.0464988539249579,0.127315766760814,0.00496398657969289,0.0052652294927784,0.158745314483112,0.00510763613785186,0.00533596202994081,0.124066533049449,0.0591468644450045,0.0316379435315939,0.0172412206287815,0.00498435784104507,0.0049639866536111,0.927903002611103,0.557612049441652,0.00496398714062408,0.00535886557149179,0.055104712421929,0.00509160133502742,0.00494974152296752,0.00526540212948321,0.00512626619704977,0.00496398664997919,0.0416137681183864,0.00495543431682941,0.999981341682764,0.726504282096689,0.0053095430252139,0.999962973464191,0.00496558320200849,0.00496398656781425,0.999979473617847,0.00498654728726915,0.00496398663296745,0.99997510524587,0.00511484977164421,0.00505275655338027,0.00496398665927265,0.999978425739338,0.999985450400783,0.941658872838926,0.00497470291769738,0.00496398782454255,0.00560275769815834,0.00508163503823191,0.00515207550223207,0.015170248017882,0.00499180256116754,0.00521139896933938,0.999988453146022,0.00497310593988998,0.0050856642676157,0.00496398661789151,0.00497015712712828,0.004963987149956,0.261488957733891,0.0358066949526217,0.0049660051205692,0.684249954463406,0.00500035948774302,0.00502356757364449,0.00496398666399194,0.00498654734627565,0.999980693885749,0.00494974154566164,0.0801942864190078,0.11933028076056,0.0694890784414803,0.0244701123316609,0.0626488047782225,0.23682096955118,0.999979363257307,0.985619579126307,0.999980695705065,0.0119638594721956,0.00533126574558602,0.00497338080729384,0.871445704218219,0.999982254428481,0.335582053698423,0.0338356777759183,0.999978849493544,0.999993969599193,0.00535888386986073,0.00496543763571568,0.00563026303300808,0.00544551723132346,0.0441554977768115,0.0429179352265185,0.429741234265007,0.242889586034394,0.999982283566552,0.00496830591849691,0.174465364450458,0.0124015312492932,0.237542793704808,0.0769687222593688,0.474435016605665,0.00496398665889774
0.0563367586188858,0.999993041016181,0.631775851966303,0.0041552630354796,0.00540651158101716,1.00000003787292,0.00415526296517718,0.291637063382016,0.153329446979098,0.00587610192989686,0.00415526303801749,0.999992474791485,0.00470941638912962,0.00610201546904639,0.0491040208474763,0.00415526303154742,0.00555072297728724,0.242815124753122,0.0252955544845656,0.999997149753552,0.00515318724398649,0.099609999328356,0.00575045896298742,0.999997053524346,0.999998238317355,0.00415747014310833,0.00415526302876399,0.99999736249251,0.00595510367797566,0.999998519857632,0.00415526302885215,0.462147695818035,0.00430835271330756,0.00426490976781385,0.00415526302941564,0.00601514125428905,0.00418161917527169,1.00000015987622,0.0041552630351468,0.0857735081738619,0.999994038090095,0.00426490964930478,0.00426490973763294,0.00577759759510387,0.00492257459647089,0.0058175917073945,1.00000032664376,0.00429967678926484,0.00416629757595845,0.999998508319916,0.999997795732184,0.999997123492281,0.00426751629129505,0.0548830387721136,0.00415526294663837,0.00415526303019421,0.999997006308499,0.999983044983916,0.00667676798712263,0.00417489433541291,0.999998317134479,1.00000074224105,0.99992629221028,0.999999545826406,0.00561624845934166,0.111870673133249,0.00437383658082258,0.00421428691176962,0.423898773705027,0.00415526295632116,0.999999369768872,0.0060387148514991,0.999998136280227,0.00610863373084524,0.382759591999843,0.999989812890392,0.216212375590249,0.999994612075112,0.00421607684382606,0.00415526303023937,0.124949269911813,0.00444843393295184,0.00415526351725234,0.0232354883779576,0.0775150945468141,0.999998155962566,0.00492257439594655,0.999998882366889,0.435611139599968,0.00415526302660745,0.99999718379286,0.00492826576552238,0.0123645087725865,0.638909462649446,0.271066467589064,0.536633828969588,0.00804940936932754,0.00415526294444251,0.00426581803528356,0.99999711060539,0.00415526300959571,0.041026391315085,0.00757521149549342,0.0320481443265251,0.00415526303590092,0.00476886304006411,0.0045129443522846,0.127171433146763,0.00591836515081694,0.00415526420117082,0.999947946922339,0.999998167716598,0.00473880640941069,0.350446950710385,0.999999747929585,0.999965654748982,0.212847174548095,0.0057658503203319,0.00555747601829584,0.00415526299451978,0.00494297521375539,0.00415526352658427,0.999977755180685,0.0136331526751662,0.00907739039382706,0.53086378241033,0.0929068757315244,0.0273094681520647,0.0041552630406202,0.999997254532755,0.00437915690866441,0.0049225744663686,0.00561727454666347,0.999998231683656,0.99999571680465,0.0541872734870036,0.999995845977109,0.163997895121865,0.00426490972747804,0.999980820329346,0.00437849543248071,0.549385293137534,0.00528585016115215,0.00579210136044407,0.00565437851745905,0.00429116510361852,0.00629043022721314,0.681377391933071,0.00426490947172491,0.00571006581430697,0.999997403950533,0.00415976623985165,0.343335472410881,0.419769774517746,0.0778597661433793,0.0710676674805138,0.0524877112201417,0.123068372065405,0.00450038424584617,0.00932427236268452,0.316971539015339,0.0563410129236804,0.939331182044157,0.00497336517247476,0.999976272233615,0.004155263035526
0.999984060693246,0.0033363999334743,0.00372305318146093,0.999980344165402,0.0029728650459729,0.0030171831184621,0.99998016244779,0.00318429448092369,0.999983383367286,0.00300230840526341,0.999980350725326,0.32442197996335,0.79773685037476,0.00359427102313044,0.999979133441849,0.999980334001491,0.00297321171454333,0.0291171017706307,0.171899817623175,0.272993754997355,0.00309871837933967,0.999985269873999,0.0029736916409888,0.00300022639888014,0.100801736525427,0.999981459435969,0.999980326806898,0.0151908974947753,0.00301087511841462,0.00305171630155214,0.999980327034774,0.0518436906099523,0.00310992773806606,0.00308731252619833,0.99998032849129,0.00297432805440739,0.9999839265076,0.00302191330603253,0.999980343305183,0.999758881007524,0.04228226335261,0.00308731240768925,0.00308731249601741,0.300383357904414,0.00296342072260098,0.00297385319326682,0.00301095508223988,0.0030963636405485,0.999982138654763,0.00300022699530873,0.0506637165779406,0.00300022642756518,0.999985455569677,0.00309829453489211,0.9999801145287,0.99998033050374,0.0480227358960336,0.297307891038672,0.438017617359699,0.999982634493287,0.0267590809920866,0.219705743939452,0.00337119664667822,0.00300432993303919,0.00297336923349363,0.00302478962992247,0.999985410631306,0.999983762219253,0.99998181548396,0.999980139556751,0.0030032948475553,0.00313206693754859,0.316117775929098,0.00334311786480899,0.00323315857673479,0.00734887422881817,0.00313845538955629,0.00310138252158976,0.999979902424723,0.999980330620457,0.00349512236687422,0.999981827336959,0.999981589451009,0.00326886052119118,0.999984555238098,0.274654023507029,0.00296342065798025,0.71229886591938,0.0031399453320625,0.99998032123268,0.00304536798981267,0.0140000449704863,0.00308949508550823,0.999979952042245,0.204379075053422,0.00325896052470421,0.999982053855855,0.999980108852846,0.0030875488035483,0.00300022642228189,0.999980277260763,0.00340758221664382,0.011588978887411,0.9999830678298,0.999980345254428,0.994308019289889,0.176763251127682,0.999984526364273,0.00297409544064267,0.99998335724266,0.161520975833034,0.248882577529634,0.999981423101384,0.00311202888335409,0.00300548169618027,0.103378582966876,0.00327583350567057,0.00297372884529201,0.302804803986794,0.999980238292499,0.0557518158234111,0.999981613572162,0.00332876743672146,0.999985526545015,0.999983698155418,0.00382231292710493,0.999983012394583,0.0823563172020429,0.999980357452826,0.00300022648128839,0.298538597348753,0.00296342068067438,0.318114967225519,0.0206860953077509,0.00309018416838385,0.00318740303592749,0.185459273642154,0.999985039537281,0.00308731248586251,0.00342191782089368,0.296827960933055,0.00330699150399836,0.952028591247876,0.00297379193770288,0.00344695977805277,0.0709822437333455,0.00314295158092804,0.999983657802489,0.00308731223010939,0.00350017878407893,0.672992500711841,0.999980955206507,0.331776245532871,0.99998141818185,0.999981958114321,0.999983752791748,0.00324340830994808,0.00322219334710141,0.00868280743713153,0.999984800764017,0.00335080802098143,0.113637893635167,0.00371276548698194,0.999984726700488,0.00378108143214711,0.999980344285339
0.00499000884257096,0.16202054413462,0.954073953023914,0.00496407099768521,0.00497020652725756,0.0439245140830583,0.00496407092738278,0.0156778218271723,0.00504072480859412,0.015308726485813,0.00496407100022309,0.363200636289297,0.99997106914941,0.469379349613662,0.172749691192219,0.00496407099375302,0.0049718058095491,0.999970259165533,0.999975755632397,0.0051046160854546,0.245090723001372,0.020605339861973,0.00497402063570089,0.00498663160270127,0.00502445376689701,0.00496627810531394,0.00496407099096959,0.165983570788072,0.00501703888882539,0.0135257081925457,0.00496407099105775,0.0175812943900357,0.999975117135421,0.999972220846834,0.00496407099162125,0.00497695606636247,0.0546233674343327,0.0324533048123793,0.00496407099735241,0.0172416999658505,0.00559572391070004,0.999971982784355,0.999972160219052,0.00508806405971,0.00500061110680766,0.00497476529848502,0.00517063108648047,0.999973652372441,0.0271375706796863,0.00498663219912987,0.00501080098968712,0.00498663163138632,0.143641787067606,0.100792071875119,0.00496407090884398,0.00496407099239982,0.00502886181720056,0.999977204464798,0.485881032145557,0.0049741675306495,0.00499582011531796,0.00507173103445336,0.00540836652078249,0.00499127687692692,0.00497253247987385,0.00505666424014903,0.0185718502754713,0.0464990442702637,0.127316209214852,0.00496407091852676,0.00526530247188806,0.158752634840002,0.00510772047668573,0.00538731200169035,0.124080714357284,0.0591524035426405,0.0316586730065357,0.0172528470928839,0.00498707012260205,0.00496407099244497,0.927901474522245,0.557607949967743,0.00496407147945795,0.00540324835223322,0.0551048811789969,0.00509168567386129,0.00500061103335597,0.00526548646831708,0.00517712700055199,0.00496407098881306,0.0416155393277165,0.00500630373466844,0.999973762590379,0.726489686788341,0.00531984321427953,0.999935465094566,0.00496566754084236,0.00496407090664812,0.999972188735265,0.00498663162610302,0.00496407097180132,0.999971211797369,0.00513370723776198,0.00506342730690471,0.00496407099810652,0.999970348410873,0.99997729146522,0.941647433097316,0.0049758828594807,0.00496407216337642,0.00564730127693641,0.00508171937706578,0.00517785628946067,0.0152203853159754,0.00499233689851694,0.00523693549667097,0.99997447133295,0.0049741915268576,0.00508654920543152,0.00496407095672538,0.00502102567670659,0.00496407148878987,0.261504071564786,0.0358065266352109,0.00496608945940307,0.684273658528724,0.00500044382657689,0.00507443375408698,0.00496407100282581,0.00498663168510952,0.999973471277589,0.00500061105915144,0.080194630208733,0.119325771132639,0.0694897592302179,0.0245062507399515,0.0626494201058884,0.236820206548687,0.999972139819753,0.985590635365543,0.999973473092034,0.0119963075884095,0.00533182730953313,0.00497448263473232,0.871408997469415,0.999975031162543,0.335581456705529,0.0338348573624633,0.999971626059762,0.999955498434547,0.00536245498617361,0.00496572030684968,0.00566459310101399,0.00545439508341032,0.0441555239950124,0.0429176548478969,0.429745643615498,0.242901240030582,0.999975050301676,0.00496839025733078,0.174499751421625,0.0124126385922026,0.237600795226475,0.0769685850413811,0.474472421480435,0.00496407099773161
0.00424116144272607,0.579945559141584,0.999989485890271,0.00421577162929794,0.999978692606909,0.00425528895389597,0.00421577155899552,0.999986809369338,0.0452023412599643,0.999976475694974,0.00421577163183582,0.0141635503676445,0.00466938422744481,0.99998607462257,0.00450960656326267,0.00421577162536575,0.999977545953813,0.00439972796284287,0.00439635009831293,0.0319638437014939,0.00433682421477353,0.00435980781016332,0.999975384039982,0.004238332234314,0.00427615439850974,0.0100327566126439,0.00421577162258233,0.00431213783961789,0.99997288086317,0.0681768685922723,0.00421577162267049,0.999987326406622,0.0446264146051608,0.00432541836163219,0.00421577162323398,0.999973664804205,0.00857527537972913,0.027323449216587,0.00421577162896514,0.0046256813359255,0.722544263985789,0.00432541824312311,0.00432541833145128,0.999977423193884,0.00420152655803485,0.999975305727325,0.0288208754233878,0.00433446947598236,0.00422680616977678,0.0042383328307426,0.0185295928527942,0.00423833226299905,0.103131438888841,0.999986366822201,0.00421577154045671,0.00421577162401255,0.00427757412669322,0.999988712707705,0.999973146095691,0.0163100998336308,0.00424752074693069,0.00773418381366598,0.00460930248211209,0.00462020512584713,0.999977032321476,0.999991111530394,0.0122126727273665,0.07749396723993,0.618232264399237,0.00421577155013949,0.012041836448269,0.999978711692057,0.00435942110829846,0.999981335135291,0.999988777543577,0.00431729133820511,0.999981878142639,0.156169098109558,0.00726319910648401,0.00421577162405771,0.999988982541171,0.0474676890323366,0.00421577211107068,0.999988246351767,0.219598464840625,0.00434338630547402,0.00420152649341412,0.0165249867845743,0.00442316971146994,0.00421577162042579,0.0246616641519592,0.00795866068294039,0.00432760092094209,0.0094865500988795,0.999986975160239,0.0311969237085756,0.0042173681724551,0.00421577153826085,0.00432565463898217,0.00423833225771576,0.00421577160341405,0.780987035469879,0.999980308294128,0.00430454152382687,0.00421577162971926,0.289475483381864,0.444862332916087,0.0346946404182826,0.999974501650844,0.00421577279498916,0.316647945729484,0.00433342000867851,0.00473777771407843,0.00867613627821505,0.00942298026592292,0.00474836607858236,0.333050453869802,0.999975803542588,0.99997916740304,0.00421577158833812,0.00422194209757489,0.00421577212040261,0.0955545873930902,0.120258195462665,0.0042177900910158,0.678576424919949,0.00425214445818962,0.0938341881747329,0.00421577163443854,0.00423833231672226,0.00443966550248275,0.00420152651610824,0.999979255831068,0.00429025626206868,0.147675689439123,0.999989242567797,0.0655799261253354,0.245950733350583,0.00432541832129638,0.00466002365632754,0.00443900402629905,0.999987193232715,0.999982318330945,0.999975562470939,0.0341227168916549,0.00435167369743685,0.999973258799496,0.00450584561327437,0.00432541806554325,0.00473828461951279,0.153547831022263,0.00421722260616229,0.999987049931973,0.569294768683884,0.233381454734208,0.0376156047103383,0.99998345088611,0.99998768981333,0.0260667200112379,0.010017532333288,0.999993719212542,0.999989266420627,0.999983642079688,0.767577465977302,0.770189653488344,0.00421577162934434
0.0147857640291208,0.00461930041114386,0.0750537044033531,0.00401256300865589,0.00402037897672561,0.00812748757818918,0.00401256293835347,0.0434042798781743,0.0040892168195648,0.0666248393799756,0.00401256301119378,0.00436194429603229,0.0869564230441314,0.985893361179523,0.506107486216361,0.0040125630047237,0.00402217073221713,0.0042517436127187,0.0041979848996463,0.00415349530223979,0.999983595915704,0.265162465133175,0.00402465213831491,0.00403512361367196,0.00407294577786769,0.00401477011628462,0.00401256300194028,0.0168392437197639,0.103178228945206,0.0384755128756026,0.00401256300202844,0.00458164214834655,0.0201086670838878,0.00412220974099014,0.00401256300259193,0.00402794082968098,0.00403891914844798,0.00407140263845926,0.00401256300832309,0.999989538651833,0.0163265504253324,0.00412220962248107,0.00412220971080923,0.00413857827324582,0.999980434133471,0.0040254864002653,0.00405259055196318,0.0238418737256022,0.00402359754913473,0.00403512421010055,0.00405933354798974,0.004035123642357,0.0090989937600362,0.0356324868916275,0.00401256291981466,0.0040125630033705,0.0626803479289974,0.00527933258565154,0.169928606639283,0.0170171096314418,0.00404431212628864,0.00412022304542405,0.999985972730689,0.0146636536804491,0.00402298485678613,0.00507932138500968,0.18437572770618,0.0130566272343964,0.00451331337652437,0.00401256292949745,0.00403824130217046,0.219227889907776,0.00415621248765641,0.999979877655558,0.00791134957376098,0.154146134394779,0.00972710718320503,0.00433122186177811,0.0555712753906852,0.00401256300341566,0.00470269415697672,0.00536421984229362,0.00401256349042863,0.717261243366825,0.00416033647207954,0.00414017768483197,0.999980260879142,0.00431397847928776,0.999986028987816,0.00401256299978374,0.0646229366683361,0.999984138624178,0.00412626824202287,0.00465273844623077,0.00439037429729134,0.0172604160745317,0.00401415955181305,0.0040125629176188,0.00463666364174062,0.00403512363707371,0.004012562982772,0.00452094266330562,0.335445746378898,0.211718587117979,0.00401256300907721,0.0118067024531245,0.0122136033372589,0.00455057931290744,0.00402673845955886,0.00401256417434711,0.631977816033044,0.00413021138803646,0.508150876240475,0.999985560491518,0.0128656005678741,0.503419855609696,0.00439284374197924,0.00402484357142806,0.00413676838137026,0.00401256296769607,0.999981833393155,0.00401256349976056,0.415835063218913,0.00407581744132316,0.00401458147037375,0.999981467203131,0.00404893583754757,0.999988781133755,0.00401256301379649,0.00403512369608021,0.0042364568818407,0.999980321724255,0.00418025224330661,0.00501849441703578,0.0041850762178893,0.343863342555598,0.00421234785021399,0.00431569684382796,0.00412220970065433,0.0108983379435831,0.004235795405657,0.0311424400815292,0.00438134885778283,0.0040251697155356,0.99997675948425,0.0041484650767948,0.0145838083465391,0.0062559964283189,0.0041222094449012,0.999982366444828,0.00441846916498229,0.00790364128413472,0.330764638844332,0.105248794191488,0.00415495548924922,0.0040722017684389,0.0293378084826451,0.0915868829728663,0.00413273019995818,0.00401688226830147,0.207076638144549,0.00428831489730428,0.233517650407421,0.00434394089406877,0.341302386274652,0.00401256300870229
0.0563368952774574,0.999985716639767,0.631770902519464,0.00415521247568437,0.00540665926430436,0.999987740589979,0.00415521240538195,0.291642439941044,0.153327328374684,0.00588144443482055,0.00415521247822226,0.999989736496188,0.00468724336554674,0.00605483641038703,0.0491197565437342,0.00415521247175219,0.00555089336683861,0.242823431149335,0.0252962362539623,0.999983338061408,0.00515993417512047,0.0996297324416753,0.0057506608012531,0.999983190538572,0.999984375839755,0.00415741958331311,0.00415521246896876,0.999988899994574,0.00596371649271887,0.999988724500073,0.00415521246905692,0.462146498195463,0.00430290665822828,0.00426485920801863,0.00415521246962041,0.00601538476708852,0.00418156861547646,0.99998742224835,0.00415521247535157,0.0858567331098414,0.999986243178173,0.00426485908950955,0.00426485917783771,0.00577778559665464,0.005006901199853,0.00581780411576728,0.999986584750414,0.00429296453034754,0.00416624701616322,0.999984645313971,0.999983938271479,0.999983260505536,0.00426788529986442,0.0548884379222031,0.00415521238684314,0.00415521247039899,0.999988109460717,0.999988979267885,0.00666782985677917,0.00417594468970833,0.999984454258626,0.999986880384471,0.999996789274259,0.999986583053988,0.00561642916596145,0.111870106812801,0.0043889762191823,0.00421487913108366,0.423893966388591,0.00415521239652593,0.999985517194184,0.00604825975017558,0.999984274958986,0.00619305475036525,0.382760756196963,0.999990439309089,0.21621540205855,0.999984395790905,0.00422039248594811,0.00415521247044414,0.124954749989512,0.00444802331285607,0.00415521295745711,0.0232977755324054,0.0775143089006929,0.999984294418643,0.00500690098465645,0.99998502322358,0.435689480340079,0.00415521246681222,0.999989579672497,0.0050125922004658,0.0123647421430104,0.638911071051447,0.271065546267488,0.536646702266278,0.00804930481825132,0.00415521238464728,0.00426559278502836,0.999983247618824,0.00415521244980049,0.0410283483178551,0.00760370466335827,0.0320652991967151,0.00415521247610569,0.0047663739528462,0.0045102288937369,0.127174906015237,0.00591859342609421,0.00415521364137559,0.999990693592386,0.999984306034275,0.00478144927716302,0.350524849967879,0.99998663272653,0.999994088351827,0.212854774437697,0.0057660545819536,0.00555762921395353,0.00415521243472455,0.0050273002061249,0.00415521296678904,0.999991741355337,0.0136330011353683,0.00907727159007961,0.530873235298978,0.0929055946545357,0.0273934797160079,0.00415521248082497,0.999983391544193,0.00437910634886918,0.00500690106023124,0.00561743034340289,0.999988658746477,0.999984915735474,0.0542206314134054,0.999984597502885,0.1639967870784,0.00426485916768281,0.999990022448759,0.00437844487268548,0.549388223609887,0.00528592105694365,0.0057923097553267,0.00553653168382573,0.00429111454382329,0.00629156826069567,0.681368878800945,0.00426485891192969,0.00559017803306136,0.999984510877676,0.00416004519974552,0.343363226205731,0.419773513446249,0.0778588510594658,0.0710668201570058,0.0524843771790832,0.123063960414728,0.0045003415757334,0.00932415016649473,0.316987969390821,0.0563433515082814,0.939348092370742,0.00497339221215511,0.999972697134042,0.00415521247573077
0.00498888777269345,0.161919671868578,0.954095836635642,0.00496349795926531,0.00496338865841129,0.0439302961432818,0.00496349788896289,0.0154849119268328,0.00504015177017423,0.0152975044414071,0.0049634979618032,0.363254402508994,1.00004700171273,0.469457368839069,0.172754245350442,0.00496349795533312,0.00496427267352859,1.0000625093838,1.00003582052618,0.00510260411627024,0.245115028055763,0.0205934735397543,0.00496549683768329,0.00498605856428137,0.00502388072847711,0.00496570506689404,0.0049634979525497,0.166009486473079,0.00500301529357511,0.0134973715467305,0.00496349795263786,0.0174310599948127,1.00003665067623,1.00002919541576,0.00496349795320135,0.00496711948409286,0.0546256652987745,0.0324522104913015,0.00496349795893251,0.0171912578088592,0.00544755723501879,1.00002895733952,1.00002913478447,0.00507997613030967,0.00494925288800222,0.00496590853285183,0.00516676645669589,1.00003625677775,0.0271382795779039,0.00498605916070997,0.00501007726963704,0.00498605859296642,0.143648977129647,0.100675600809506,0.00496349787042408,0.00496349795397992,0.00502530045666059,0.999990201813,0.485908880422199,0.00497293187075032,0.00499524707689806,0.00507115799603347,0.00535702881207946,0.00499016209844043,0.00496467434717763,0.0050301061155975,0.018562932826009,0.0465005069785144,0.127310259682591,0.00496349788010687,0.00526477683194711,0.158749340533418,0.00510714743826583,0.00533196299658267,0.123961064141107,0.0591532795946706,0.0314937591121914,0.017158306615142,0.00498386914145905,0.00496349795402508,0.927893587533083,0.557639630683576,0.00496349844103805,0.00530258209176769,0.055103059626315,0.00509111263544139,0.00494925282338149,0.00526491342989718,0.00512577749746374,0.00496349795039316,0.0416173212534635,0.00495494561724339,1.00003193556883,0.726562436050474,0.00523736877460794,1.00005598724024,0.00496509450242247,0.00496349786822822,1.00002931088827,0.00498605858768313,0.00496349793338142,0.999996171468333,0.00510115962738397,0.00505226785379424,0.00496349795968663,1.00002935482331,1.00003650435458,0.941716522846501,0.00496652627248288,0.00496349912495653,0.00551473894254971,0.00508114633864588,0.00515158680264605,0.0151708494098809,0.00499131386158151,0.00521091026975336,1.00004415673849,0.0049655913910063,0.00507955769209523,0.00496349791830549,0.00496966842754226,0.00496349845036998,0.261455374033637,0.0358078235029533,0.00496551642098317,0.684206559172804,0.00499987078815699,0.00502307887405847,0.00496349796440591,0.00498605864668963,1.00003043931048,0.00494925284607562,0.0801918986986702,0.119344561553925,0.069475100284,0.0243369534448478,0.0626366823839547,0.236823112727688,1.000029114384,0.985720247699346,1.00003044116329,0.0117448500194208,0.00532742831393885,0.00496575229754779,0.87156873313454,1.00003200437535,0.335589714692458,0.0338384669067427,1.0000286005943,1.00012429115908,0.00533392813530495,0.00496494893612966,0.00550612312649718,0.00541936973514626,0.0441550668581144,0.0429194501887882,0.429692376895056,0.242793261312716,1.00003205773046,0.00496781721891089,0.174264376377544,0.0123235349877558,0.237209019602584,0.076969713356796,0.474174187962691,0.00496349795931171
0.00424116179128095,0.579945642923864,0.99998969668099,0.00421577197785282,0.999978951112239,0.00425528930245085,0.0042157719075504,0.999986960403627,0.0452023523634365,0.999976733064541,0.0042157719803907,0.0141635532533889,0.00466938457599969,0.99998633543637,0.00450960691181754,0.00421577197392063,0.99997780404375,0.00439972831139774,0.00439635044686781,0.0319638504736563,0.00433682456332841,0.0043598081587182,0.99997564155444,0.00423833258286888,0.00427615474706462,0.0100327584898613,0.0042157719711372,0.00431213818817277,0.999973138108486,0.0681768698433568,0.00421577197122536,0.999987501212392,0.0446264255426071,0.00432541871018707,0.00421577197178886,0.999973921556363,0.0085752768674368,0.0273234527331709,0.00421577197752002,0.00462568168448038,0.722544367789637,0.00432541859167799,0.00432541868000616,0.999977680931588,0.00420152690658973,0.999975563048531,0.0288208803051927,0.00433446982453724,0.00422680651833166,0.00423833317929748,0.0185295968647064,0.00423833261155393,0.103131465213118,0.999986558893328,0.00421577188901159,0.00421577197256743,0.0042775744752481,0.999988920070912,0.999973402638176,0.016310103359216,0.00424752109548557,0.00773418505888263,0.00460930283066697,0.00462020557371481,0.999977290222673,0.999991358600601,0.0122126751580057,0.0774939868391626,0.618232417835315,0.00421577189869437,0.0120418388475013,0.999978969309338,0.00435942145685334,0.999981594840293,0.999988963650967,0.00431729168675999,0.999982043981689,0.156169082852557,0.00726320025082982,0.00421577197261258,0.999989201229565,0.0474677006747956,0.00421577245962556,0.999988471419423,0.219598519154637,0.0043433866540289,0.00420152684196899,0.0165249902898918,0.00442317007188615,0.00421577196898067,0.0246616694670968,0.00795866201772175,0.00432760126949697,0.00948655167779854,0.999987189714503,0.0311969267980065,0.00421736852100997,0.00421577188681573,0.00432565498753704,0.00423833260627063,0.00421577195196893,0.780987219113275,0.999980561637611,0.00430454187238175,0.00421577197827414,0.289475558564266,0.444862449016062,0.0346946484956974,0.999974758681777,0.00421577314354403,0.316647970066459,0.00433342035723339,0.00473777815041771,0.00867613771328355,0.00942298197610223,0.00474836650210953,0.333050530523972,0.999976061012855,0.99997942577724,0.00421577193689299,0.00422194244612976,0.00421577246895749,0.0955545657002265,0.120258226301331,0.00421779043957068,0.678576517861155,0.0042521448067445,0.09383421206765,0.00421577198299342,0.00423833266527713,0.00443966585103763,0.00420152686466312,0.999979514146363,0.00429025661062356,0.147675713253924,0.999989415768301,0.0655799302780981,0.245950790132207,0.00432541866985125,0.00466002400488242,0.00443900437485392,0.999987310118866,0.999982578144484,0.999975819865583,0.0341227249791527,0.00435167404599173,0.999973515223038,0.00450584596182925,0.00432541841409813,0.00473828496806767,0.153547854318379,0.00421722295471716,0.999987229979966,0.56929490046463,0.233381513919269,0.037615613709354,0.999983662686979,0.999987874049401,0.0260667260726697,0.0100175342059478,0.999993836332756,0.999989476855013,0.999983674347156,0.767577665503961,0.770189647580649,0.00421577197789922
0.999984056834104,0.00333639992349871,0.00372305317148535,0.999980340306176,0.00297286503599731,0.00301718310848652,0.999980158588565,0.0031842944709481,0.999983379508344,0.00300230839528782,0.999980346866101,0.324421978713481,0.797736847298112,0.00359427101315485,0.999979129583762,0.999980330142266,0.00297321170456774,0.0291171016604457,0.171899816961718,0.272993753945428,0.00309871836936408,0.99998526601531,0.00297369163101321,0.00300022638890455,0.100801736138003,0.999981455576748,0.999980322947673,0.0151908974380186,0.00301087510843903,0.00305171629157655,0.999980323175548,0.0518436904123376,0.00310992772809047,0.00308731251622274,0.999980324632065,0.00297432804443181,0.999983922648462,0.00302191329605694,0.999980339445958,0.999758877150736,0.0422822631923289,0.00308731239771366,0.00308731248604183,0.300383356746635,0.0029634207126254,0.00297385318329124,0.00301095507226429,0.00309636363057291,0.999982134795573,0.00300022698533315,0.0506637163840371,0.0030002264175896,0.99998545171085,0.00309829452491652,0.999980110669475,0.999980326644515,0.0480227357123857,0.297307889896195,0.438017615671928,0.999982630634089,0.0267590808904177,0.219705743093144,0.00337119663670264,0.00300432992306361,0.00297336922351805,0.00302478961994688,0.999985406772358,0.999983758360214,0.999981811626542,0.999980135697526,0.00300329483757971,0.00313206692757301,0.316117774710698,0.00334311785483341,0.0032331585667592,0.00734887420235807,0.0031384553795807,0.00310138251161417,0.999979898565578,0.999980326761231,0.00349512235689863,0.999981823478854,0.999981585591779,0.00326886051121559,0.999984551379389,0.274654022448652,0.00296342064800466,0.712298863172005,0.00313994532208692,0.999980317373455,0.00304536797983709,0.0140000449179223,0.00308949507553264,0.999979948185301,0.204379074266691,0.00325896051472862,0.999982049996629,0.999980104993622,0.00308754879357271,0.0030002264123063,0.999980273401538,0.00340758220666823,0.0115889788446764,0.999983063970907,0.999980341395203,0.994308015454896,0.176763250448092,0.999984522507011,0.00297409543066709,0.999983353383423,0.161520975212789,0.248882576570717,0.99998141924288,0.0031120288733785,0.00300548168620469,0.103378582570226,0.00327583349569498,0.00297372883531642,0.302804802819668,0.999980234433274,0.0557518156097078,0.999981609712931,0.00332876742674587,0.999985522686013,0.999983694296188,0.00382231291712934,0.999983008535488,0.0823563168858305,0.9999803535936,0.0030002264713128,0.298538596198533,0.00296342067069879,0.318114965999451,0.0206860952296938,0.00309018415840826,0.0031874030259519,0.185459272928221,0.999985035679099,0.00308731247588692,0.00342191781091809,0.296827959789438,0.00330699149402277,0.952028587575177,0.00297379192772729,0.00344695976807718,0.070982243461341,0.00314295157095245,0.99998365394437,0.0030873122201338,0.00350017877410334,0.672992498116406,0.999980951347285,0.331776244255148,0.999981414324295,0.999981954255619,0.999983748932735,0.00324340829997249,0.00322219333712582,0.00868280740559315,0.999984796904791,0.00335080801100584,0.113637893198321,0.00371276547700635,0.999984722842506,0.00378108142217153,0.999980340426113
0.014785756120483,0.00462766785392219,0.0750557773421068,0.00401260816970307,0.00402090514338844,0.00812713100560707,0.00401260809940065,0.0434188591929897,0.00408926198061199,0.0666252022535003,0.00401260817224096,0.00435895129081329,0.0869553653853481,0.985885600670424,0.506104411767748,0.00401260816577088,0.00402275199205368,0.0042486020183888,0.00419775056762134,0.00415365129636505,0.999976870608747,0.265161172828904,0.00402530970350345,0.00403516877471914,0.00407299093891487,0.00401481527733181,0.00401260816298746,0.0168376755369677,0.10317843145056,0.0384774210355706,0.00401260816307562,0.00459326844371825,0.0201084722011353,0.00412225490203732,0.00401260816363911,0.00402869951156192,0.00403896430949516,0.00407157185389277,0.00401260816937027,0.999984649682552,0.0163378607075106,0.00412225478352825,0.00412225487185641,0.00413920226582497,0.999975561413466,0.00402616961215391,0.00405288973835476,0.023841622507014,0.00402364271018192,0.00403516937114773,0.00405939031523042,0.00403516880340418,0.00909901428900913,0.0356416320769658,0.00401260808086184,0.00401260816441768,0.0626801037100991,0.00528209495394267,0.169928005465607,0.0170170906262579,0.00404435728733582,0.00412026820647123,0.999981101996819,0.0146636463810504,0.00402359114936423,0.00508135946238676,0.184374880676701,0.0130566251506381,0.00451429263703134,0.00401260809054463,0.004038283621799,0.219227254725541,0.00415625764870359,0.999975315767164,0.00792099853997398,0.154144906964709,0.00973988696986309,0.00433854457813128,0.055571066069822,0.00401260816446284,0.00470722582310877,0.00536424902233347,0.00401260865147581,0.717262678793657,0.00416069553139962,0.00414022284587915,0.999975388159992,0.00431402364033494,0.999981157111814,0.00401260816083092,0.064622381781817,0.99997926591399,0.00412620515053333,0.00464992732164062,0.00439672788166501,0.0172546783352658,0.00401420471286023,0.00401260807866598,0.0046367010492823,0.00403516879812089,0.00401260814381918,0.00452340075028327,0.335445317534454,0.211717607123108,0.00401260817012439,0.0118066392991232,0.0122135301544332,0.00454921988242717,0.00402746016999214,0.00401260933539429,0.631982466586621,0.00413025654908364,0.508148433036299,0.999980654496115,0.0128656021524457,0.503417436058899,0.00439150888402047,0.00402550701650831,0.00413730792293186,0.00401260812874325,0.999976960767047,0.00401260866080774,0.415836653045623,0.00407585451389609,0.00401462663142093,0.999983531015303,0.00404898099859476,0.999983908737067,0.00401260817484367,0.00403516885712739,0.00423650204288788,0.999975449004804,0.00418079809598337,0.00501737970455326,0.00418640403818372,0.343873457554067,0.00421351048015693,0.00431647605946093,0.00412225486170151,0.010891756207964,0.00423584056670418,0.0311616166293279,0.00438168871168161,0.00402584318932251,0.999967059897881,0.00414851023784199,0.0145845534479816,0.00625579860269413,0.00412225460594838,0.999972618428304,0.00442066745747559,0.00790366723929047,0.330773955629441,0.105250599919063,0.00415516272027457,0.00407222836119446,0.029343868178665,0.0915960344845432,0.00413277235294886,0.00401692742934865,0.207093904830415,0.00429520970238865,0.233546951272971,0.0043441743380213,0.341325591899488,0.00401260816974947
0.00499008867631485,0.162020346625259,0.954072270564808,0.00496407375342856,0.0049702104312227,0.0439244164259231,0.00496407368312614,0.0156781133610324,0.00504072756433748,0.0153091714392916,0.00496407375596645,0.363199657102502,0.999970282325426,0.469380275370645,0.172752058060018,0.00496407374949637,0.00497180984502867,0.99996922130043,0.999975651509532,0.00510461910577066,0.245094228734062,0.0206071557380402,0.00497402485333108,0.00498663435844463,0.00502445652264036,0.0049662808610573,0.00496407374671295,0.165983115118276,0.00501775399586336,0.0135259346557276,0.00496407374680111,0.0175813238654581,0.999974901074781,0.999972206489231,0.0049640737473646,0.0049769605253711,0.0546233693363349,0.0324532244135856,0.00496407375309576,0.0172488357091851,0.00559583719548282,0.999971968426755,0.999972145861449,0.00508806819719809,0.00500775655501241,0.00497476957733715,0.00517063389536308,0.999973388977564,0.0271375730542109,0.00498663495487322,0.00501080377313594,0.00498663438712967,0.143641823038841,0.100792276350721,0.00496407366458733,0.00496407374814317,0.00502928486614199,0.999975756171324,0.485881127600064,0.00497426348093128,0.00499582287106131,0.00507173379019672,0.00541550908433954,0.00499135582581678,0.00497253657510977,0.0050566787011734,0.0185731418233848,0.0464991052233703,0.127316162453193,0.00496407367427012,0.00526530431029575,0.158753763077149,0.00510772323242908,0.00539445540221177,0.124080613221651,0.0591533043374103,0.03165873003412,0.0172528373543793,0.0049874424859068,0.00496407374818833,0.927901069647951,0.557607929744594,0.0049640742352013,0.00540837488461114,0.0551048729780793,0.00509168842960464,0.00500775648031869,0.00526548922406043,0.00518427122293285,0.00496407374455641,0.0416158556196964,0.00501344916861452,0.999973713464687,0.726488759773293,0.00531986102903431,0.999933378838698,0.00496567029658572,0.00496407366239147,0.999972167838627,0.00498663438184638,0.00496407372754467,0.999971092166158,0.00513608851753253,0.00506491899118646,0.00496407375384988,0.999970242820589,0.999977177388327,0.941646962323422,0.00497588723023376,0.00496407491911978,0.00565182101380383,0.00508172213280913,0.00518147312763595,0.0152274524751389,0.00499240294439691,0.00524051798086126,0.999973587825354,0.00497419575852384,0.00508655314132424,0.00496407371246874,0.00502817098853596,0.00496407424453323,0.261505538516782,0.0358065262636933,0.00496609221514642,0.684276256943252,0.00500044658232024,0.00508157873270874,0.00496407375856916,0.00498663444085288,0.999973456921929,0.00500775650655035,0.0801946328684972,0.119325406769191,0.0694895710914226,0.0245086928802225,0.0626492606957708,0.236820142934626,0.999972125462151,0.985588489915591,0.999973458736362,0.0119965288732267,0.00533183076874592,0.00497448689033836,0.871406653184905,0.999975016805342,0.335581530012469,0.0338347953197195,0.999971611702169,0.999953056154306,0.00536246288171646,0.00496575095708143,0.00566695995972335,0.00545512570952541,0.0441555200092189,0.0429176461343227,0.429745313175341,0.242900996473276,0.999975034978088,0.00496839301307414,0.174500607791127,0.0124126544304618,0.237602342285307,0.0769685870137118,0.474472559099612,0.00496407375347496
