0.999971192825343,0.00548543998990254,0.999973231514157,0.00514957547598292,0.00497514992740299,0.00506107131969157,0.00532168008786281,0.00497368710530011,0.0053981850823911,0.00502545527691431,0.00538101111508235,0.00519609678075329,0.999999282493377,0.999968785021124,0.00501542275166487,0.00499845177246372,0.999973658136451,0.999952956975023,0.00496984277294315,0.00497664645517268,0.999960132566433,0.999982165537637,0.999977291203165,0.999958084010044,0.999971192992349,0.999954004946245,0.999971196239736,0.00513887072068533,0.99997137863618,0.00499622776891134,0.00498268834632786,0.00507705816578756,0.999964673099858,0.999972164386597,0.974602255539109,0.659081493901892,0.00497452762469737,0.00520798791120483,0.00498615693453774,0.00496525642237085,0.00501038301758902,0.00500990057212582,0.00535591575434813,0.0051042406684695,0.00515076491897803,0.830037063379584,0.00496901256566795,0.613916049318606,0.00524867292582006,0.00509268933056134,0.00501638135632532,0.841309939724755,0.00497915604756834,0.00501629054121189,0.00498568023599687,0.00521731337932525,0.00519453680853919,0.00498498721381431,0.999977512996598,0.00496407069796585,0.00517811642498497,0.00570898956342847,1.00000064710298,0.00595094041524771,0.999990783253286,0.00516335280801797,0.00523471871324815,0.00495559671618094,0.00498663155146593,0.553525795775222,0.999966732633172,0.999964862294087,0.999994254394133,0.00457820370099339,0.999990955410391,0.999972124351088,0.999971212285524,0.00498578457490846,0.999996820241833,0.00924586151373356,0.999993551432724,0.0049819319111279,0.00530315449612653,0.00586048389196786,0.00503047684730965,0.00497968739267854,0.00501207648467066,0.00536674732115013,0.00504944462676018,0.00503293925803168,0.00502266052792015,0.00518894957853161,0.00530084131357164,0.00517178433960138,0.999962546048604,0.00495559667774146,0.00536337035846222,0.00497845625411842,0.00496925222614665,0.00539222718861406,0.00498038789603487,0.00528228546707985,0.00503374284629419,0.0050309613616438,0.999971209191088,0.999974182620629,0.999983525480548,0.00522228662771538,0.999969366911618,0.00536337035855685,0.00515104215559653,0.00517103741404557,0.00503315790161589,0.00543061655374604,0.999971212915541,0.999960827423274,0.999989075555514,0.999951357591207,0.00507167639426817,0.999958427266608,0.999971192970084,0.999958089482654,0.999971131209066,0.999959079657285,0.00504945418662324,0.00499447636180537,0.999971195387357,0.99995070063157,0.999971192842541,0.999957591457714,0.999953239023768,0.999964961864759,0.999971202384513,0.99996141273452,0.00520434014111591,0.0049648784583441,0.00498663134869382,0.00513407521393984,0.00498347737072744,0.00510184125565127,0.999959200338094,0.00519903230452493,0.00527097872185177,0.999973795487432,0.00497247408336558,0.00497329933052912,0.999975297563872,0.99995605938798,0.496484310257162,0.00498663135006431,0.999973625726169,0.00498663131685606,0.999971192680508,0.999958017281699,0.999967015182959,0.999953156404419,0.999954408384314,0.999955993937217,0.999975119991382,0.999974338690354,0.999956265595017,0.999974855199274,0.999961370031115,0.999948339348073,0.999954307349953,0.99996284615144
0.0041222500507792,0.0100535287089384,0.00412869363591642,0.00421280693141833,0.00402623598627276,0.00572856301718875,0.00563111559081108,0.004024575613052,0.0202107389879274,0.00407398788711024,0.0106294006407089,0.00427245648594415,0.999986751280542,0.728157162447567,0.0187821534574587,0.00405240321116331,0.517713261136386,0.99998040321486,0.0040202120722495,0.00402793389860141,0.999974368235811,0.999984964708217,0.999985771002099,0.99998266635792,0.00412225005086233,0.999980480445966,0.00412225005247891,0.00420318521363114,0.00412225014327716,0.00404947877078978,0.00403479240793674,0.00413445790340712,0.999984867766252,0.5532681576559,0.988378937860516,0.999975403441451,0.00402552963591393,0.00425652052140076,0.00403745260758877,0.00401378903256677,0.00406178264081205,0.00406239866181968,0.00837809461128352,0.00417236390673929,0.00422392615866816,0.99997865374141,0.00401754517586388,0.00454026268689611,0.00459267303217361,0.0101770885056018,0.00407289064631094,0.960105756347586,0.00403078318915953,0.0824427541720121,0.00403799131027084,0.00426836977816865,0.00426942222705989,0.00403718551424323,0.999984485168105,0.00401260330816177,0.0042486683470556,0.99997699289592,0.99995134641937,0.0791450630979819,0.999985974304662,0.20965180114748,0.00430280039790101,0.999976013808621,0.00403516416166185,0.999977973606084,0.749467298861905,0.999975621555215,0.406447014987887,0.00362673631118932,0.999987023712288,0.517675989648723,0.00412225006046661,0.00403696458407981,0.999985963507721,0.322231067927328,0.999984807705223,0.00403046452132383,0.00435584840540376,0.0229573861905205,0.179395912708963,0.00403118892490135,0.00406726428825527,0.00518652166973238,0.0080572395487007,0.0151801799877729,0.00407580224224949,0.00425033605350796,0.00437192228925052,0.00424747482348974,0.999979995760894,0.999975912325187,0.999981493379199,0.00402921869779551,0.00401954177012183,0.00452525868642103,0.00403189656243504,0.00514575798581376,0.00409247601379437,0.00408141036837778,0.00412225005892618,0.999969685836437,0.380620789945308,0.00429324563889207,0.999979987825063,0.99998149349283,0.00422096816532147,0.00424453263074385,0.00409207595839298,0.0489800510006886,0.00412225006078024,0.999980202996074,0.00459093066183898,0.999980562750724,0.0041322411438072,0.999980151149773,0.00412225005085125,0.999980281381927,0.00412225002010617,0.999980173322088,0.00411026879997148,0.00404573169629234,0.00412225005205459,0.999980715091795,0.00412225005078776,0.999980214487676,0.999980500196785,0.999980100194593,0.00412225005553782,0.999980276096239,0.00525176755054609,0.00401457736555625,0.00403516395888975,0.0106532500595253,0.00403563815794262,0.00416951085222044,0.999980101591054,0.999981685890199,0.755734704040737,0.745453297474575,0.00402319879945919,0.00402413545230178,0.450321724742527,0.999980284478075,0.507935505169103,0.00403516396026023,0.427419408029221,0.00403516392705199,0.0041222500507071,0.999980276583635,0.999979938381658,0.999980540960986,0.999980462882884,0.999981131452594,0.00444882506477674,0.00457946229850516,0.999980495099059,0.999981946949489,0.999980073568266,0.999980798946839,0.999980452382147,0.999980101585483
0.00426483906944502,0.999983423637253,0.00427128265458223,0.0172763589173352,0.00582991906025094,0.225256748118073,0.0978268451978353,0.00569974582875568,0.213205012273118,0.124201631239648,0.0973300990477065,0.104851984284425,0.999962719977111,0.005479353729341,0.0521893797239931,0.00772010080411701,0.510633821386929,0.999995336802974,0.00535762180300367,0.00596262359790624,0.00640780096764256,0.999979706577635,0.999989538014821,0.99998478956641,0.00426483906952815,0.99998940568258,0.00426483907114472,0.17495919550177,0.00426483916194298,0.00726152144823908,0.00650071644079515,0.0154159405027855,0.999999524308417,0.00538699164221351,0.00673314495430647,0.00573127232252075,0.00577453722001624,0.999976381206352,0.00597749592015586,0.0070465753027156,0.00606944862170346,0.00678464964430115,0.139587076781721,0.0241395127401634,0.0237636507557576,0.122910370813771,0.00674817439211585,0.00468285170556193,0.999983094942513,0.0276808367223249,0.00940454632430987,0.00579067834623504,0.00618645661296329,0.999982388397908,0.00663858321833422,0.00605275812576396,0.125650295043509,0.00656441469309902,0.999964391620576,0.00415519232682759,0.0340773101147641,0.00600039020013362,0.999977909830836,0.999985889721318,0.999968588401647,0.999990678675871,0.999981654397885,0.00502674571770139,0.999980817425318,0.00575995526315602,0.00582563326684666,0.0063052249429659,0.390104551519903,0.00376932532985514,0.999987802467601,0.0053126283203964,0.00426483907913243,0.005901765114237,0.999970354688936,0.99999654172259,0.999938713369671,0.0477363523147886,0.00720548583162911,0.999986215980351,0.00437650613587029,0.00610514973108266,0.00853925388900879,0.356693993332101,0.0120364422497478,0.13413482752722,0.00721675012934867,0.0224712024323832,0.421920410652946,0.0558320788239748,0.999953264665408,0.00502674558962649,1.00001384123997,0.00562238049586697,0.00530506829373057,0.0990435109617559,0.00611049836247169,0.0107316635769826,0.0141255869641831,0.00547067214361155,0.004264839077592,0.0055544538864916,0.00476066191032419,0.0384635090247909,0.999921608910013,1.00001384136601,0.0230647429408877,0.0935870888951941,0.0109907058383514,0.260377216981808,0.00426483907944606,0.999958673491983,0.999987438473013,1.00000158097314,0.0161546778080098,0.999971190754038,0.00426483906951707,0.999971319504511,0.00426483903877199,0.71735782067221,0.0166037101987294,0.00595953357716134,0.0042648390707204,1.00000331073188,0.00426483906945358,0.999974611732752,0.999992938422069,0.999937700589084,0.00426483907420364,0.999954341120367,0.0683258649342485,0.00491587716632059,0.999980322836372,0.0313246079028447,0.00653846387923853,0.0261866336719425,0.999967981644585,0.599018951894082,1.0000060675522,0.00522564077476358,0.00559181768610252,0.00566522703561474,0.436830793064378,0.999981415987698,0.999984577336116,0.999980326179175,0.00513545814218185,0.99998024517971,0.00426483906937291,0.999971692523143,0.999926272787561,0.999992901558937,0.999987609659032,0.865140044286538,0.70143516782522,0.999998307624585,0.999977977759424,0.999908656203974,0.999957894584063,1.00001498765361,0.999988253005824,0.999950017358224
0.00432541837381081,0.00428275561767396,0.0213104624059002,0.999987600363155,0.999975215447305,0.019534281925576,0.999988696695685,0.999976043252199,0.999988102666023,0.0364000358096428,0.999985729330785,0.999986491738326,0.999982407495794,0.00490577488964955,0.999991268909106,0.999979808532889,0.00468047441193375,0.00504040464205254,0.999978985020617,0.999988389829459,0.999985036676347,0.999987065249918,0.551541254195371,0.568599205928485,0.00432541837389395,0.00505139651749668,0.00432541837551052,0.999988315197192,0.00432541846630877,0.999980059115438,0.9999718324038,0.999985373786789,0.999989339221094,0.558153585244535,0.999986262658839,0.00491518227940916,0.999975703284451,0.00445968884443237,0.999975661745636,0.00421695735559839,0.999976922565528,0.999981647768398,0.999986694009331,0.99998642893906,0.999985795375941,0.00467940946975047,0.0144437255969233,0.596969564648307,0.177989057441873,0.999990140774548,0.999983866926545,0.00500842147572335,0.999971690998682,0.00426753732211771,0.999976099006882,0.999982595467382,0.999985884746705,0.99997584563462,0.999988445945718,0.00421577163119339,0.99998690258402,0.983493709959323,1.00002480879971,0.00433105565356469,0.999985184255681,0.00431496031516111,0.290466733268169,0.00420152659960126,0.00423833248469347,0.554717808876822,0.749709983499621,0.999983905495375,0.400357935448817,0.00382990463422094,0.999983932658087,0.520091141065466,0.00432541838349823,0.999977475819656,0.999983316703088,0.218390008142082,0.999985520427333,0.00423363284435544,0.816829495504134,0.855880959012328,0.00428116192597696,0.999975523852512,0.999980328208009,0.999990534033577,0.999984569517465,0.0321554412472064,0.999982277927887,0.999988482609852,0.999988321277473,0.999986760394462,0.00507879269997287,0.0042015265617496,0.0046093025729314,0.999980004680084,0.999979381666096,0.99998711239894,0.999972256800615,0.999990368276855,0.999988702032507,0.999978437535615,0.00432541838195779,0.00474626622723223,0.00449693471406032,0.9999879953149,0.00511033159396383,0.00460930257302538,0.99998842051556,0.999984327486228,0.999978684608152,0.999982903019357,0.00432541838381185,0.00508366561022734,0.00463058571030393,0.00503605472273417,0.999988652602355,0.00506429963542884,0.00432541837388286,0.00506921745063283,0.00432541834313779,0.0049522181741174,0.999988693002578,0.999975215413279,0.0043254183750862,0.00503807593578558,0.00432541837381937,0.00506235574994863,0.00504694733102639,0.00511300078030102,0.00432541837856943,0.00509383007950137,0.99998676002723,0.999981240291287,0.00423833228192136,0.99998936950647,0.999977141911426,0.999983678511496,0.0050662375011051,0.00444496356563981,0.00451832566218996,0.00463988417376305,0.999976252321202,0.999976609955981,0.363920501519902,0.00505588937743013,0.49849059587113,0.00423833228329185,0.429539776988041,0.0042383322500836,0.00432541837373871,0.00506861404183173,0.00513147625463245,0.00504826459290507,0.00505343796420934,0.00505035274995976,0.00454175232625765,0.00465002976538758,0.00506788382475513,0.0109664175280672,0.0050778481480628,0.00502256212700741,0.00505211721667742,0.00509080924886672
0.00308731253837694,0.111658385156782,0.00309375612351416,0.217848082340967,0.00297388207932639,0.999984812587074,0.497953358496025,0.00297356914975973,0.309166923106372,0.99998393058676,0.26540564446663,0.00304771775669662,0.00440971767763848,0.734641543244647,0.0484644473583448,0.008351793574824,0.00344236857649989,0.00380229880661867,0.00297274699172751,0.00297420640111856,0.00386609332024137,0.00430029571508592,0.0041383454045797,0.00404627792255649,0.00308731253846008,0.00381329068206282,0.00308731254007665,0.00306060367476545,0.00308731263087491,0.0160138845968964,0.00297549497495327,0.139880015576615,0.00425813402825635,0.537075932833733,0.961165350281026,0.941585610910742,0.00297374899566521,0.575401161525224,0.0274211018340224,0.999982341594546,0.0880725697893964,0.065785188417672,0.0212440565169489,0.00300380392861227,0.0307560530781745,0.00738513451875945,0.99998349980235,0.999983549880679,0.124925849145109,0.0532080377820738,0.00572780955545862,0.999982886527382,0.00297473870082273,0.00302943148668385,0.00674345729092871,0.629715963883163,0.00418619677457138,0.00711128280769399,0.0042986203814477,0.999980349064755,0.13874499880881,0.984710956263787,0.00438209301982971,0.169635574477878,0.0043607322327086,0.00307685447972725,0.00313452384594757,0.00296342076416739,0.0030002266492596,0.628439819618152,0.751321935951331,0.999984675600163,0.00358857104876587,0.00259179879878707,0.00437043842020941,0.501250055079429,0.00308731254806436,0.0286714052359614,0.0043609289387231,0.00324424151764133,0.00435363803170156,0.999982087713171,0.999982401203568,0.103464546756707,0.999981617240334,0.00675029586112427,0.0199058332341163,0.553338718241005,0.011074855700236,0.999985111862011,0.086453818534908,0.348253355877407,0.0354332518969829,0.00445686417306518,0.003840686864539,0.00296342072631573,0.00337119673749753,0.0177157345260951,0.00297262067950996,0.546523420094405,0.00842823093630268,0.692400598066188,0.0045803726935668,0.159486121586679,0.00308731254652393,0.00350816039179836,0.00325882887862645,0.24084236872454,0.00387222575852997,0.00337119673759151,0.0919310519077798,0.00303933181595097,0.00298630207593682,0.00487129438732925,0.00308731254837799,0.00384555977479348,0.00339247987487006,0.00379794888730031,0.0667485728109381,0.00382619379999497,0.003087312538449,0.00383111161519896,0.00308731250770392,0.00371411233868354,0.00417510555750487,0.0497062153142471,0.00308731253965233,0.00379997010035171,0.0030873125383855,0.00382424991451476,0.00380884149559253,0.00387489494486716,0.00308731254313557,0.0038557242440675,0.00865570926780284,0.00297168485127819,0.0030002264464875,0.0117593515936426,0.00392425456015809,0.00300404504352805,0.00382813166567123,0.00320685773020594,0.0032802198267561,0.00340177833832919,0.00297330951552241,0.00297348629984651,0.00354915597035841,0.00381778354199626,0.00369169393385951,0.00300022644785798,0.430243463899713,0.00300022641464973,0.00308731253830484,0.00383050820639786,0.00389337041919858,0.0038101587574712,0.00381533212877547,0.0038122469145259,0.00330364649082379,0.00341192392995372,0.00382977798932127,0.0038951382619067,0.00383974231262893,0.00378445629157355,0.00381401138124355,0.00385270341343285
0.999971893055848,0.00548558638404201,0.999973931741557,0.00514867594548884,0.00497499301817894,0.00506111145092419,0.00532055184212432,0.00497354227519273,0.00539659406746066,0.00502545449641665,0.00537874265957879,0.00519439453315944,0.999995342385087,0.99996670159886,0.00501565378471587,0.00499811966171399,0.999968884055086,0.999960649859742,0.0049697296894513,0.00497647723243906,0.999963947415305,0.999982567014125,0.999982932710619,0.999965023118236,0.999971893222853,0.999961152968825,0.999971896470243,0.00513790496866551,0.999972078866815,0.00499593848585183,0.00498246919208094,0.00507651521135648,0.999975209497083,0.999971325175788,0.974610949754777,0.659087791963293,0.00497437585450478,0.00520798713070717,0.00498598720860996,0.00496525564187318,0.00501020693570503,0.00500965732532373,0.00535313822759531,0.00510304203354013,0.00514925823918632,0.830041452099896,0.00496901178517028,0.6139164772377,0.0052474030572037,0.00509194007935298,0.00501589284765476,0.841319241602562,0.00497896605424238,0.0050182704017318,0.00498544842411399,0.00521715828364153,0.00519292470511096,0.0049847622974046,0.999977776445607,0.00496406991746818,0.0051767692899849,0.00573411762778757,0.99999642779504,0.00595282807361712,0.999989004767709,0.00516854524932735,0.00523352261908388,0.00498076453532694,0.00498663077096826,0.553539080329858,0.999968920505584,0.999965408205216,0.999982090830379,0.00457820292049573,0.999993684011507,0.999971775569773,0.999971912516042,0.00498562192116287,0.999992107858406,0.00925189812472899,0.999984005257264,0.00498193113063023,0.00530289927608117,0.00585660786925275,0.00503490639362889,0.0049795050796443,0.00501166877730651,0.0053663114424167,0.00504881230200881,0.00503321185540276,0.00502237792716682,0.00518816285800008,0.00529946182998087,0.00517012301104801,0.999960195222575,0.00498076449432391,0.00538852801147945,0.00497831913210544,0.0049691440192354,0.00539062585240126,0.00498020514678664,0.00528182074295758,0.00503311836028148,0.00503084340450037,0.999971909421604,0.999962427739943,0.99997011290318,0.00522091460155368,0.999960194504204,0.00538852801157695,0.00514973329154287,0.00516951031347726,0.0050325221106854,0.00542872408641279,0.999971913146059,0.999961431516151,0.999981193467318,0.999960929463563,0.00507093991752939,0.999960581148617,0.999971893200588,0.999961182794215,0.999971831439527,0.999962613147146,0.00504870243214706,0.00499430910234919,0.999971895617863,0.999961284126456,0.999971893073046,0.999960752621867,0.999961072334663,0.999962425474509,0.999971902615025,0.999962054854063,0.0052024852213033,0.00496480636547991,0.00498663056819615,0.005132859007978,0.00498325474803537,0.00510067035830742,0.999960429040528,0.00522419411529398,0.00528996649760364,0.999964331283147,0.00497233926817773,0.0049731577035236,0.999980792204751,0.999960776463786,0.496483737187264,0.00498663056956664,0.999972829099923,0.00498663053635839,0.999971892911013,0.999961153753142,0.999963174113968,0.999961198530627,0.999961173332637,0.999964186193961,0.999970033987813,0.99996807903943,0.999961678832412,0.9999634584332,0.999960670857474,0.999961158245796,0.999961108102043,0.999961316385358
0.00412224837868938,0.010053529215121,0.0041286919638266,0.00421274776165764,0.00402622432582338,0.00572856228997682,0.00563104050596751,0.00402456472536598,0.0202106193289941,0.00407398621502042,0.0106292475299739,0.0042723459622321,0.999986631800687,0.728158149038861,0.0187821514134927,0.00405238034216906,0.517712292350916,0.999979197266288,0.00402020321555815,0.00402792145039334,0.999975535156866,0.999984082978735,0.999985190235884,0.999982127431159,0.00412224837877251,0.999979555887879,0.00412224838038909,0.00420312180733803,0.00412224847118734,0.00404945864170368,0.00403477676535233,0.00413442154565554,0.999984235437195,0.553268889911581,0.988379958209978,0.999976501563935,0.00402551830423488,0.00425651884931094,0.00403744012718877,0.00401378736047695,0.00406176975378876,0.00406238147791031,0.00837791124005757,0.00417228560172581,0.00422382814643668,0.999979534464786,0.00401754350377405,0.00454026101480629,0.00459258988630165,0.0101770327298807,0.00407285777173537,0.96010672674443,0.00403076941214958,0.0824427982438661,0.0040379748579122,0.00426835823374079,0.00426931747033486,0.00403716950302356,0.999984400008078,0.00401260163607195,0.00424858054172699,0.999977570740157,0.999949943255868,0.0791451026996675,0.99998563822185,0.209651919149831,0.00430272225543337,0.99997659341855,0.00403516248957203,0.999978881968675,0.749468196925272,0.999976879956592,0.406446915112624,0.0036267346390995,0.999986270258905,0.517676663841056,0.00412224838837679,0.00403695255612376,0.999985067742605,0.322231121808603,0.999984877529518,0.00403046284923401,0.00435583045550428,0.0229571180275902,0.179396013357596,0.00403117563923926,0.00406723658295584,0.00518649137311553,0.00805719339573104,0.0151801843397375,0.00407578254066496,0.00425028410078218,0.00437183241441579,0.00424736691757967,0.999979712809348,0.999976491935057,0.999982072754335,0.00402920830323603,0.00401953322541048,0.00452515455830578,0.00403188324886608,0.00514572579917232,0.00409243444004717,0.00408140119989381,0.00412224838683636,0.999971275717211,0.380621642663317,0.00429315624114752,0.999980473690844,0.999982072867967,0.00422088280838261,0.00424443331209001,0.00409203366141191,0.0489798823871759,0.00412224838869042,0.999980068246558,0.00458819488749663,0.999979257653604,0.00413219240543588,0.999979524957489,0.00412224837876143,0.999979789769313,0.00412224834801635,0.999979652950201,0.00411021908420453,0.00404571937368524,0.00412224837996476,0.999979469896301,0.00412224837869794,0.999979545215953,0.999979465150978,0.999980704055847,0.004122248383448,0.999980405534762,0.00525164625944193,0.00401457113124669,0.00403516228679993,0.0106531639692301,0.00403562229346389,0.00416943432172332,0.999979518924357,0.999982265361361,0.75573514091932,0.745454504572461,0.00402318855247921,0.0040241247695347,0.45032048195663,0.999979458731773,0.507935080204911,0.00403516228817041,0.427419980417601,0.00403516225496217,0.00412224837861728,0.999979769620999,0.999981012366266,0.999979541648655,0.999979588516854,0.999981621442908,0.00444698005406193,0.00457724341010403,0.999979985882918,0.999982952904289,0.999979778211834,0.999979167362077,0.999979543987357,0.99998013665441
0.00426487003130959,0.999988077277689,0.00427131361644681,0.0172753553483343,0.00582976747787417,0.225257797802223,0.0978258734608158,0.00569960836916873,0.213203118519214,0.124202243714347,0.0973274217313364,0.104850424945131,0.99998001112477,0.00552006444706083,0.0521889960681681,0.00771974437776098,0.510647837015276,0.999987143560299,0.0053575214612616,0.00596245761868966,0.00644246935033668,0.999982985257402,0.999984142114282,0.999988611007073,0.00426487003139273,0.999987103704167,0.0042648700330093,0.174958875355984,0.00426487012380755,0.00726121509561644,0.00650049208212191,0.0154153635886523,0.999986106484725,0.00541612723023837,0.00675238700766427,0.00575785597756549,0.00577439164614681,0.999981237277183,0.0059773293526094,0.00704662027204807,0.00606927462283265,0.00678439711683855,0.139584124079973,0.0241381774967366,0.0237619373937248,0.12293938861367,0.00674821789703089,0.0046828826674265,0.999986384146365,0.0276796867321273,0.00940400703897286,0.0058067346045794,0.00618626634896512,0.9999847092875,0.00663834406047184,0.00605260866376152,0.12564894656272,0.00656418359735913,0.999984551672217,0.00415522328869217,0.0340758413834031,0.00596819805662696,0.999972955977761,0.999988299870501,0.999981581694413,0.999988882541451,0.999985051085733,0.0049945534601335,0.999985674590462,0.00576505671066914,0.00585427136357831,0.00635001203790754,0.390142421746073,0.00376935629171972,0.999979143036326,0.00533868914071622,0.00426487004099701,0.00590160681541956,0.999979634785716,0.99998868024414,0.999981450908795,0.0477365944080937,0.00720521930516287,0.99998520157145,0.00437086497472446,0.00610496844680947,0.00853880907580078,0.35669515147515,0.0120354904801737,0.134135120327859,0.00721645158961569,0.0224703615717745,0.421920781533167,0.0558303319807239,0.999985992453468,0.0049945533353407,0.999986482272122,0.00562225204851165,0.00530497365364078,0.0990420420319327,0.0061103165681812,0.0107311074611795,0.0141249044697369,0.00547056610364181,0.00426487003945658,0.00563669798585271,0.00482038386499988,0.0384620309492982,0.999984382406548,0.999986482398158,0.023063267690307,0.0935856889069003,0.0109899943519785,0.260373368308812,0.00426487004131064,0.999986024108751,0.999971349355748,0.999986899147437,0.0161538682417629,0.999986687662601,0.00426487003138164,0.999986495056348,0.00426487000063657,0.71737002228052,0.0166028842648648,0.00595936989339032,0.00426487003258498,0.999986933472969,0.00426487003131815,0.99998679011456,0.999987090313341,0.999984988653003,0.00426487003606821,0.999985785281667,0.068323880945327,0.00491582475043562,0.99998517999912,0.0313228783099931,0.00653823546529179,0.0261853422245801,0.999986589401187,0.598989644959514,0.999986609299874,0.00528958842910515,0.00559169193586549,0.00566509332106443,0.436806995882325,0.999987041033959,0.999985940997073,0.999985183341939,0.00515886725626297,0.999985102342082,0.00426487003123749,0.999986511554263,0.999984435039317,0.999987074379162,0.999987106321942,0.865156809874963,0.701424455828942,0.999986178037075,0.999986805573557,0.999985497994518,0.999986105177996,0.999986630626999,0.999987115933457,0.999985644861332
0.00308731253837694,0.111658385156782,0.00309375612351416,0.217848082340967,0.00297388207932639,0.999984812587074,0.497953358496025,0.00297356914975973,0.309166923106372,0.99998393058676,0.26540564446663,0.00304771775669662,0.00440971767763848,0.734641543244647,0.0484644473583448,0.008351793574824,0.00344236857649989,0.00380229880661867,0.00297274699172751,0.00297420640111856,0.00386609332024137,0.00430029571508592,0.0041383454045797,0.00404627792255649,0.00308731253846008,0.00381329068206282,0.00308731254007665,0.00306060367476545,0.00308731263087491,0.0160138845968964,0.00297549497495327,0.139880015576615,0.00425813402825635,0.537075932833733,0.961165350281026,0.941585610910742,0.00297374899566521,0.575401161525224,0.0274211018340224,0.999982341594546,0.0880725697893964,0.065785188417672,0.0212440565169489,0.00300380392861227,0.0307560530781745,0.00738513451875945,0.99998349980235,0.999983549880679,0.124925849145109,0.0532080377820738,0.00572780955545862,0.999982886527382,0.00297473870082273,0.00302943148668385,0.00674345729092871,0.629715963883163,0.00418619677457138,0.00711128280769399,0.0042986203814477,0.999980349064755,0.13874499880881,0.984710956263787,0.00438209301982971,0.169635574477878,0.0043607322327086,0.00307685447972725,0.00313452384594757,0.00296342076416739,0.0030002266492596,0.628439819618152,0.751321935951331,0.999984675600163,0.00358857104876587,0.00259179879878707,0.00437043842020941,0.501250055079429,0.00308731254806436,0.0286714052359614,0.0043609289387231,0.00324424151764133,0.00435363803170156,0.999982087713171,0.999982401203568,0.103464546756707,0.999981617240334,0.00675029586112427,0.0199058332341163,0.553338718241005,0.011074855700236,0.999985111862011,0.086453818534908,0.348253355877407,0.0354332518969829,0.00445686417306518,0.003840686864539,0.00296342072631573,0.00337119673749753,0.0177157345260951,0.00297262067950996,0.546523420094405,0.00842823093630268,0.692400598066188,0.0045803726935668,0.159486121586679,0.00308731254652393,0.00350816039179836,0.00325882887862645,0.24084236872454,0.00387222575852997,0.00337119673759151,0.0919310519077798,0.00303933181595097,0.00298630207593682,0.00487129438732925,0.00308731254837799,0.00384555977479348,0.00339247987487006,0.00379794888730031,0.0667485728109381,0.00382619379999497,0.003087312538449,0.00383111161519896,0.00308731250770392,0.00371411233868354,0.00417510555750487,0.0497062153142471,0.00308731253965233,0.00379997010035171,0.0030873125383855,0.00382424991451476,0.00380884149559253,0.00387489494486716,0.00308731254313557,0.0038557242440675,0.00865570926780284,0.00297168485127819,0.0030002264464875,0.0117593515936426,0.00392425456015809,0.00300404504352805,0.00382813166567123,0.00320685773020594,0.0032802198267561,0.00340177833832919,0.00297330951552241,0.00297348629984651,0.00354915597035841,0.00381778354199626,0.00369169393385951,0.00300022644785798,0.430243463899713,0.00300022641464973,0.00308731253830484,0.00383050820639786,0.00389337041919858,0.0038101587574712,0.00381533212877547,0.0038122469145259,0.00330364649082379,0.00341192392995372,0.00382977798932127,0.0038951382619067,0.00383974231262893,0.00378445629157355,0.00381401138124355,0.00385270341343285
0.00432541837381081,0.00428275561767396,0.0213104624059002,0.999987600363155,0.999975215447305,0.019534281925576,0.999988696695685,0.999976043252199,0.999988102666023,0.0364000358096428,0.999985729330785,0.999986491738326,0.999982407495794,0.00490577488964955,0.999991268909106,0.999979808532889,0.00468047441193375,0.00504040464205254,0.999978985020617,0.999988389829459,0.999985036676347,0.999987065249918,0.551541254195371,0.568599205928485,0.00432541837389395,0.00505139651749668,0.00432541837551052,0.999988315197192,0.00432541846630877,0.999980059115438,0.9999718324038,0.999985373786789,0.999989339221094,0.558153585244535,0.999986262658839,0.00491518227940916,0.999975703284451,0.00445968884443237,0.999975661745636,0.00421695735559839,0.999976922565528,0.999981647768398,0.999986694009331,0.99998642893906,0.999985795375941,0.00467940946975047,0.0144437255969233,0.596969564648307,0.177989057441873,0.999990140774548,0.999983866926545,0.00500842147572335,0.999971690998682,0.00426753732211771,0.999976099006882,0.999982595467382,0.999985884746705,0.99997584563462,0.999988445945718,0.00421577163119339,0.99998690258402,0.983493709959323,1.00002480879971,0.00433105565356469,0.999985184255681,0.00431496031516111,0.290466733268169,0.00420152659960126,0.00423833248469347,0.554717808876822,0.749709983499621,0.999983905495375,0.400357935448817,0.00382990463422094,0.999983932658087,0.520091141065466,0.00432541838349823,0.999977475819656,0.999983316703088,0.218390008142082,0.999985520427333,0.00423363284435544,0.816829495504134,0.855880959012328,0.00428116192597696,0.999975523852512,0.999980328208009,0.999990534033577,0.999984569517465,0.0321554412472064,0.999982277927887,0.999988482609852,0.999988321277473,0.999986760394462,0.00507879269997287,0.0042015265617496,0.0046093025729314,0.999980004680084,0.999979381666096,0.99998711239894,0.999972256800615,0.999990368276855,0.999988702032507,0.999978437535615,0.00432541838195779,0.00474626622723223,0.00449693471406032,0.9999879953149,0.00511033159396383,0.00460930257302538,0.99998842051556,0.999984327486228,0.999978684608152,0.999982903019357,0.00432541838381185,0.00508366561022734,0.00463058571030393,0.00503605472273417,0.999988652602355,0.00506429963542884,0.00432541837388286,0.00506921745063283,0.00432541834313779,0.0049522181741174,0.999988693002578,0.999975215413279,0.0043254183750862,0.00503807593578558,0.00432541837381937,0.00506235574994863,0.00504694733102639,0.00511300078030102,0.00432541837856943,0.00509383007950137,0.99998676002723,0.999981240291287,0.00423833228192136,0.99998936950647,0.999977141911426,0.999983678511496,0.0050662375011051,0.00444496356563981,0.00451832566218996,0.00463988417376305,0.999976252321202,0.999976609955981,0.363920501519902,0.00505588937743013,0.49849059587113,0.00423833228329185,0.429539776988041,0.0042383322500836,0.00432541837373871,0.00506861404183173,0.00513147625463245,0.00504826459290507,0.00505343796420934,0.00505035274995976,0.00454175232625765,0.00465002976538758,0.00506788382475513,0.0109664175280672,0.0050778481480628,0.00502256212700741,0.00505211721667742,0.00509080924886672
0.00412209554417778,0.0100534714323277,0.004128539129315,0.00419889313854087,0.00402369124896123,0.00572842442431263,0.00561323204443598,0.00402221579927295,0.0201803075412072,0.00407383338050882,0.0105922068088118,0.00424625360887363,0.999901914867401,0.728168884219157,0.0187799993246558,0.00404717625081142,0.517769003374472,1.00005434328703,0.00401833827880217,0.00402520064935217,0.999988271775439,0.999976233143968,0.999965748735498,1.00003622193958,0.00412209554426092,1.00004747734814,0.00412209554587749,0.00418825761164756,0.00412209563667574,0.00404490747491924,0.00403129473922896,0.00412600306146098,0.999997223839524,0.553276878233686,0.988391565855969,0.999989400430418,0.00402306357387944,0.00425636601479934,0.00403471165475959,0.00401363452596536,0.00405894438236793,0.00405853215153737,0.00833394939516126,0.00415387101670679,0.00420071729927398,1.00000032514374,0.00401739066926246,0.00454010818029469,0.00457298606442159,0.010163205159303,0.00406526933405435,0.960118481630251,0.00402773195545718,0.0824433700893658,0.00403429986127112,0.00426585280499689,0.00424459939937538,0.00403359963051706,0.999979416438856,0.00401244880156036,0.00422790201614082,0.999986303598218,0.999884253879436,0.0791457198112772,0.999935305734271,0.209653675388444,0.00428434640535344,0.99998564931036,0.00403500965506043,0.999990373024454,0.749478331841563,0.999990964985256,0.406443380758896,0.0036265818045879,0.999922606291207,0.517684046660137,0.0041220955538652,0.00403433190182607,0.999936961262743,0.322203790149552,0.999949627083625,0.00403031001472241,0.00435179859244276,0.0228911258802919,0.17939748149794,0.00402825527154156,0.00406087999219996,0.00517941809812698,0.00804592819826598,0.0151800260646703,0.00407133324820267,0.00423814930883709,0.00435066072215,0.00422189839069653,1.00003890560446,0.99998554782593,0.999991124926547,0.00402697689000033,0.00401774263399728,0.00450057871696697,0.00402895623091876,0.00513819651827641,0.00408277297560168,0.00407946196244918,0.00412209555232476,0.999987823400896,0.380629678122113,0.00427209824024994,1.00002492954769,0.99999112504018,0.00420078773806155,0.00422101114235127,0.00408219984915635,0.0489341757799249,0.00412209555417882,1.0000324152638,0.00467125709836908,1.00005536692331,0.0041208235993931,1.00004392843807,0.00412209554424983,1.00003961241366,0.00412209551350476,1.0000398590798,0.00409861736319204,0.00404302850356213,0.00412209554545317,1.00005298356913,0.00412209554418634,1.0000441881895,1.00004978122263,1.0000156917914,0.0041220955489364,1.00002545417,0.00522286231684972,0.0040133311123402,0.00403500945228833,0.0106320569517864,0.00403208738956317,0.00415144260684022,1.00004359363839,0.999991319054818,0.755741935647257,0.745466961880208,0.00402099230767783,0.00402182467595889,0.45034260579074,1.00004694391715,0.507899058814099,0.00403500945365882,0.427426164769345,0.00403500942045057,0.00412209554410568,1.00003997376576,1.0000042998091,1.0000486795222,1.00004648947074,1.0000096792766,0.00450293101274046,0.00464457369763045,1.00003811646364,1.00001516849029,1.00003776283904,1.00006120642816,1.000047346833,1.00002981671991
0.00426486047811553,0.999986421697032,0.00427130406325275,0.0172756602094412,0.00582981354875518,0.225257425443121,0.0978261509712679,0.0056996501366156,0.213203666900549,0.124202027553139,0.0973282278342483,0.104850879798768,0.999974550915856,0.00550727700523898,0.0521891177261922,0.00771985286779471,0.510643338805409,0.999989947281276,0.00535755191832269,0.00596250807651211,0.00643177168278379,0.99998203813554,0.999986037370499,0.999987585460782,0.00426486047819866,0.999988026602989,0.00426486047981524,0.174958933484869,0.00426486057061349,0.00726130832740327,0.00650056032907458,0.0154155379482589,0.999990624936717,0.0054069913622293,0.00674666837982218,0.005749772006029,0.00577443588614199,0.999979513391779,0.00597737998970514,0.00704660574208487,0.00606932752436872,0.00678447394726032,0.139585002445711,0.0241385825119943,0.023762458535772,0.122930476427697,0.0067482038873664,0.00468287311423244,0.999985141354619,0.0276800403063198,0.00940417124898773,0.00580203228340877,0.00618632420673897,0.999983844501776,0.00663841681696807,0.00605265408853142,0.125649331830344,0.006564253897201,0.999978234146113,0.0041552137354981,0.0340762850444514,0.0059791072847922,0.999974562010935,0.999987404305242,0.999977517261702,0.999989412864058,0.999983775024505,0.0050054635549844,0.999983950316256,0.00576391480034948,0.0058453958656814,0.00633604524868678,0.390130221243696,0.00376934673852565,0.999982036385979,0.00533052881722742,0.00426486048780294,0.00590165493290471,0.999976704576745,0.999991188036983,0.999967804256565,0.047736509841168,0.00720530040129921,0.999985297851457,0.00437277756301819,0.00610502356832118,0.00853894449868572,0.356694714164208,0.0120357847430539,0.134135011430114,0.00721654244069329,0.0224706152946748,0.42192056967832,0.055830855873169,0.999975628590213,0.00500546342907938,0.999995675341892,0.00562229106979109,0.00530500237331957,0.0990424706130142,0.00611037184510314,0.0107312774227849,0.014125111519959,0.00547059829704167,0.00426486048626251,0.00561062717194905,0.00480127630163488,0.0384624764583018,0.999964359548683,0.99999567546793,0.0230637159307778,0.093586097501543,0.0109902110343326,0.260374535259338,0.00426486048811657,0.999977417498745,0.999976138817317,0.999991795494009,0.0161541138171712,0.99998187290528,0.00426486047818758,0.999981797907309,0.0042648604474425,0.717366328766699,0.0166031347521281,0.00595941965175474,0.00426486047939092,0.999992385204248,0.00426486047812409,0.999983046375465,0.9999891512329,0.999969995494032,0.00426486048287415,0.999975878658206,0.0683244756849107,0.00491584060374118,0.999983455725765,0.0313234093349316,0.0065383049479495,0.0261857333196436,0.999980770966317,0.598999530042751,0.999993124989654,0.00526930079797444,0.00559173013529095,0.00566513394734027,0.436814682048747,0.999985405162359,0.999985459245036,0.999983459068578,0.00515151798765046,0.999983378068861,0.00426486047804343,0.999981928394752,0.999965965295502,0.999989132095106,0.999987451416858,0.865151716223681,0.701427637286637,0.999989736207882,0.999984163576167,0.999960968516691,0.999977203819488,0.999995925578859,0.999987662975828,0.999974373222412
0.00308731253837694,0.111658385156782,0.00309375612351416,0.217848082340967,0.00297388207932639,0.999984812587074,0.497953358496025,0.00297356914975973,0.309166923106372,0.99998393058676,0.26540564446663,0.00304771775669662,0.00440971767763848,0.734641543244647,0.0484644473583448,0.008351793574824,0.00344236857649989,0.00380229880661867,0.00297274699172751,0.00297420640111856,0.00386609332024137,0.00430029571508592,0.0041383454045797,0.00404627792255649,0.00308731253846008,0.00381329068206282,0.00308731254007665,0.00306060367476545,0.00308731263087491,0.0160138845968964,0.00297549497495327,0.139880015576615,0.00425813402825635,0.537075932833733,0.961165350281026,0.941585610910742,0.00297374899566521,0.575401161525224,0.0274211018340224,0.999982341594546,0.0880725697893964,0.065785188417672,0.0212440565169489,0.00300380392861227,0.0307560530781745,0.00738513451875945,0.99998349980235,0.999983549880679,0.124925849145109,0.0532080377820738,0.00572780955545862,0.999982886527382,0.00297473870082273,0.00302943148668385,0.00674345729092871,0.629715963883163,0.00418619677457138,0.00711128280769399,0.0042986203814477,0.999980349064755,0.13874499880881,0.984710956263787,0.00438209301982971,0.169635574477878,0.0043607322327086,0.00307685447972725,0.00313452384594757,0.00296342076416739,0.0030002266492596,0.628439819618152,0.751321935951331,0.999984675600163,0.00358857104876587,0.00259179879878707,0.00437043842020941,0.501250055079429,0.00308731254806436,0.0286714052359614,0.0043609289387231,0.00324424151764133,0.00435363803170156,0.999982087713171,0.999982401203568,0.103464546756707,0.999981617240334,0.00675029586112427,0.0199058332341163,0.553338718241005,0.011074855700236,0.999985111862011,0.086453818534908,0.348253355877407,0.0354332518969829,0.00445686417306518,0.003840686864539,0.00296342072631573,0.00337119673749753,0.0177157345260951,0.00297262067950996,0.546523420094405,0.00842823093630268,0.692400598066188,0.0045803726935668,0.159486121586679,0.00308731254652393,0.00350816039179836,0.00325882887862645,0.24084236872454,0.00387222575852997,0.00337119673759151,0.0919310519077798,0.00303933181595097,0.00298630207593682,0.00487129438732925,0.00308731254837799,0.00384555977479348,0.00339247987487006,0.00379794888730031,0.0667485728109381,0.00382619379999497,0.003087312538449,0.00383111161519896,0.00308731250770392,0.00371411233868354,0.00417510555750487,0.0497062153142471,0.00308731253965233,0.00379997010035171,0.0030873125383855,0.00382424991451476,0.00380884149559253,0.00387489494486716,0.00308731254313557,0.0038557242440675,0.00865570926780284,0.00297168485127819,0.0030002264464875,0.0117593515936426,0.00392425456015809,0.00300404504352805,0.00382813166567123,0.00320685773020594,0.0032802198267561,0.00340177833832919,0.00297330951552241,0.00297348629984651,0.00354915597035841,0.00381778354199626,0.00369169393385951,0.00300022644785798,0.430243463899713,0.00300022641464973,0.00308731253830484,0.00383050820639786,0.00389337041919858,0.0038101587574712,0.00381533212877547,0.0038122469145259,0.00330364649082379,0.00341192392995372,0.00382977798932127,0.0038951382619067,0.00383974231262893,0.00378445629157355,0.00381401138124355,0.00385270341343285
0.999968939911714,0.00548572713921234,0.999970978610638,0.00515088429415757,0.00497540257301714,0.00506117440412702,0.00532341443388242,0.00497392257172469,0.00540174711295866,0.00502548587276588,0.00538476407097537,0.00519854724112002,1.00000883187302,0.999957722230008,0.00501631145046458,0.00499895359360173,0.999956014395516,0.99995679202764,0.00497003308862191,0.00497691661333525,0.99995949707732,0.9999876760035,0.999993315526671,0.999961954297221,0.999968940078719,0.999957121826094,0.999968943326099,0.00514027372059331,0.999969125722124,0.00499666867955155,0.0049830295182041,0.00507785985351946,0.999983437617988,0.999964349762809,0.974611310242111,0.659086812564962,0.00497477296146618,0.0052080185070564,0.00498642780835427,0.00496528701822241,0.00501066293098847,0.00501027600897227,0.00536021243681734,0.00510597487965406,0.00515293723844757,0.830037662739573,0.00496904316151952,0.613914683446243,0.00525053061133224,0.00509427041379903,0.00501710561008029,0.841320650819723,0.00497945574613135,0.00501983049395309,0.00498603940984574,0.00521756344568184,0.00519685906385977,0.00498533658076721,0.99997898569127,0.00496410129381742,0.00518006183628759,0.0057536103919142,1.00001118797159,0.00595430892027829,0.999998418651519,0.0051725839865998,0.00523644931089981,0.00500022176290884,0.00498666214731749,0.553545168043877,0.999963938514428,0.999957682283485,0.999971105134016,0.00457823429684496,1.00001103085889,0.999965434307628,0.99996895937185,0.0049860453905095,1.00000098586533,0.00926289899330888,0.999982556213022,0.00498196250697947,0.00530354696158704,0.00586747700135843,0.00503835722401513,0.00497997616815908,0.00501268582100253,0.00536745837431003,0.005050692025155,0.00503347687180347,0.00502309193483523,0.00519009795585733,0.00530283273176263,0.00517417660399463,0.999947586623113,0.00500022171992719,0.00540797739254991,0.00497868075791894,0.00496943560624352,0.00539453883608547,0.00498067729190868,0.00528304103237125,0.0050346604900629,0.00503115860873871,0.999968956277422,0.999942935916519,0.999951916821535,0.00522426743978414,0.999941827408462,0.00540797739264963,0.00515293313710418,0.0051732387763998,0.00503409162349123,0.00543692545579532,0.999968960001866,0.999951944386473,0.999966173628125,0.999958804539461,0.0050727533137494,0.999951989524737,0.999968940056454,0.999953697515006,0.999968878295578,0.99995552545482,0.0050505528344439,0.0049947437277509,0.999968942473722,0.999960239785004,0.999968939928912,0.999953103094044,0.99995757635449,0.999950788504806,0.999968949470862,0.99995294964903,0.00520708588114387,0.00496501047623646,0.00498666194454539,0.00513635487288763,0.00498382347550386,0.00510353601782205,0.999950977266552,0.00524364670543724,0.00530465378942093,0.999948213077516,0.00497269530634787,0.00497353024143067,0.999983854321286,0.999954464975719,0.49649189520399,0.00498666194591588,0.999966478953588,0.00498666191270763,0.999968939766879,0.999953691244712,0.999950856768326,0.999957956050039,0.999956827959358,0.999963032519949,0.999958945503632,0.999955340691659,0.999956469690736,0.999943570305112,0.999949682902219,0.999961825746114,0.999956753870922,0.99994993585004
0.00432541837381081,0.00428275561767396,0.0213104624059002,0.999987600363155,0.999975215447305,0.019534281925576,0.999988696695685,0.999976043252199,0.999988102666023,0.0364000358096428,0.999985729330785,0.999986491738326,0.999982407495794,0.00490577488964955,0.999991268909106,0.999979808532889,0.00468047441193375,0.00504040464205254,0.999978985020617,0.999988389829459,0.999985036676347,0.999987065249918,0.551541254195371,0.568599205928485,0.00432541837389395,0.00505139651749668,0.00432541837551052,0.999988315197192,0.00432541846630877,0.999980059115438,0.9999718324038,0.999985373786789,0.999989339221094,0.558153585244535,0.999986262658839,0.00491518227940916,0.999975703284451,0.00445968884443237,0.999975661745636,0.00421695735559839,0.999976922565528,0.999981647768398,0.999986694009331,0.99998642893906,0.999985795375941,0.00467940946975047,0.0144437255969233,0.596969564648307,0.177989057441873,0.999990140774548,0.999983866926545,0.00500842147572335,0.999971690998682,0.00426753732211771,0.999976099006882,0.999982595467382,0.999985884746705,0.99997584563462,0.999988445945718,0.00421577163119339,0.99998690258402,0.983493709959323,1.00002480879971,0.00433105565356469,0.999985184255681,0.00431496031516111,0.290466733268169,0.00420152659960126,0.00423833248469347,0.554717808876822,0.749709983499621,0.999983905495375,0.400357935448817,0.00382990463422094,0.999983932658087,0.520091141065466,0.00432541838349823,0.999977475819656,0.999983316703088,0.218390008142082,0.999985520427333,0.00423363284435544,0.816829495504134,0.855880959012328,0.00428116192597696,0.999975523852512,0.999980328208009,0.999990534033577,0.999984569517465,0.0321554412472064,0.999982277927887,0.999988482609852,0.999988321277473,0.999986760394462,0.00507879269997287,0.0042015265617496,0.0046093025729314,0.999980004680084,0.999979381666096,0.99998711239894,0.999972256800615,0.999990368276855,0.999988702032507,0.999978437535615,0.00432541838195779,0.00474626622723223,0.00449693471406032,0.9999879953149,0.00511033159396383,0.00460930257302538,0.99998842051556,0.999984327486228,0.999978684608152,0.999982903019357,0.00432541838381185,0.00508366561022734,0.00463058571030393,0.00503605472273417,0.999988652602355,0.00506429963542884,0.00432541837388286,0.00506921745063283,0.00432541834313779,0.0049522181741174,0.999988693002578,0.999975215413279,0.0043254183750862,0.00503807593578558,0.00432541837381937,0.00506235574994863,0.00504694733102639,0.00511300078030102,0.00432541837856943,0.00509383007950137,0.99998676002723,0.999981240291287,0.00423833228192136,0.99998936950647,0.999977141911426,0.999983678511496,0.0050662375011051,0.00444496356563981,0.00451832566218996,0.00463988417376305,0.999976252321202,0.999976609955981,0.363920501519902,0.00505588937743013,0.49849059587113,0.00423833228329185,0.429539776988041,0.0042383322500836,0.00432541837373871,0.00506861404183173,0.00513147625463245,0.00504826459290507,0.00505343796420934,0.00505035274995976,0.00454175232625765,0.00465002976538758,0.00506788382475513,0.0109664175280672,0.0050778481480628,0.00502256212700741,0.00505211721667742,0.00509080924886672
0.00308731253837694,0.111658385156782,0.00309375612351416,0.217848082340967,0.00297388207932639,0.999984812587074,0.497953358496025,0.00297356914975973,0.309166923106372,0.99998393058676,0.26540564446663,0.00304771775669662,0.00440971767763848,0.734641543244647,0.0484644473583448,0.008351793574824,0.00344236857649989,0.00380229880661867,0.00297274699172751,0.00297420640111856,0.00386609332024137,0.00430029571508592,0.0041383454045797,0.00404627792255649,0.00308731253846008,0.00381329068206282,0.00308731254007665,0.00306060367476545,0.00308731263087491,0.0160138845968964,0.00297549497495327,0.139880015576615,0.00425813402825635,0.537075932833733,0.961165350281026,0.941585610910742,0.00297374899566521,0.575401161525224,0.0274211018340224,0.999982341594546,0.0880725697893964,0.065785188417672,0.0212440565169489,0.00300380392861227,0.0307560530781745,0.00738513451875945,0.99998349980235,0.999983549880679,0.124925849145109,0.0532080377820738,0.00572780955545862,0.999982886527382,0.00297473870082273,0.00302943148668385,0.00674345729092871,0.629715963883163,0.00418619677457138,0.00711128280769399,0.0042986203814477,0.999980349064755,0.13874499880881,0.984710956263787,0.00438209301982971,0.169635574477878,0.0043607322327086,0.00307685447972725,0.00313452384594757,0.00296342076416739,0.0030002266492596,0.628439819618152,0.751321935951331,0.999984675600163,0.00358857104876587,0.00259179879878707,0.00437043842020941,0.501250055079429,0.00308731254806436,0.0286714052359614,0.0043609289387231,0.00324424151764133,0.00435363803170156,0.999982087713171,0.999982401203568,0.103464546756707,0.999981617240334,0.00675029586112427,0.0199058332341163,0.553338718241005,0.011074855700236,0.999985111862011,0.086453818534908,0.348253355877407,0.0354332518969829,0.00445686417306518,0.003840686864539,0.00296342072631573,0.00337119673749753,0.0177157345260951,0.00297262067950996,0.546523420094405,0.00842823093630268,0.692400598066188,0.0045803726935668,0.159486121586679,0.00308731254652393,0.00350816039179836,0.00325882887862645,0.24084236872454,0.00387222575852997,0.00337119673759151,0.0919310519077798,0.00303933181595097,0.00298630207593682,0.00487129438732925,0.00308731254837799,0.00384555977479348,0.00339247987487006,0.00379794888730031,0.0667485728109381,0.00382619379999497,0.003087312538449,0.00383111161519896,0.00308731250770392,0.00371411233868354,0.00417510555750487,0.0497062153142471,0.00308731253965233,0.00379997010035171,0.0030873125383855,0.00382424991451476,0.00380884149559253,0.00387489494486716,0.00308731254313557,0.0038557242440675,0.00865570926780284,0.00297168485127819,0.0030002264464875,0.0117593515936426,0.00392425456015809,0.00300404504352805,0.00382813166567123,0.00320685773020594,0.0032802198267561,0.00340177833832919,0.00297330951552241,0.00297348629984651,0.00354915597035841,0.00381778354199626,0.00369169393385951,0.00300022644785798,0.430243463899713,0.00300022641464973,0.00308731253830484,0.00383050820639786,0.00389337041919858,0.0038101587574712,0.00381533212877547,0.0038122469145259,0.00330364649082379,0.00341192392995372,0.00382977798932127,0.0038951382619067,0.00383974231262893,0.00378445629157355,0.00381401138124355,0.00385270341343285
0.00426487406755242,0.999988700570974,0.00427131765268963,0.0172752262019771,0.00582974799842624,0.225257938258626,0.0978257499961713,0.00569959070904501,0.21320287388754,0.124202325791407,0.0973270764307145,0.104850226263114,0.999982343379226,0.00552556807794891,0.0521889426565085,0.00771969850992832,0.510649695698047,0.999985908430478,0.00535750858272812,0.00596243628461388,0.00644712031260061,0.999983365057852,0.999983334582126,0.999989023985429,0.00426487406763555,0.999986675662946,0.00426487406925212,0.174958838343776,0.00426487416005038,0.00726117567837582,0.00650046322749529,0.0154152894572375,0.999984181577397,0.00542006303849382,0.00675492736402421,0.0057613997602753,0.00577437294072603,0.999981888857943,0.00597730794274387,0.00704662618813632,0.00606925225565001,0.00678436463345577,0.139583745077272,0.0241380057205129,0.0237617168109327,0.122943263422607,0.0067482236165898,0.00468288670366933,0.999986833426955,0.0276795368483395,0.0094039376149041,0.00580884109276534,0.00618624188647833,0.999985006332443,0.00663831329938598,0.00605258945746417,0.125648775611408,0.00656415387485098,0.999987230793327,0.00415522732493499,0.0340756526269995,0.00596369612136182,0.999972249084222,0.999988609449894,0.999983308606395,0.99998860385124,0.999985514333307,0.00499005124171616,0.999986326318082,0.00576565976029784,0.00585812037490957,0.00635604777503879,0.390147580687315,0.00376936032796254,0.99997791641377,0.0053422074355238,0.00426487407723983,0.00590158647074718,0.999980860588794,0.999987579511583,0.999987239672547,0.0477366267788275,0.00720518501840225,0.999985089274222,0.00437007579318213,0.00610494514110766,0.00853875182180846,0.356695309502099,0.0120353665113644,0.134135157522394,0.00721641317884613,0.022470253551623,0.421920839861843,0.0558301078776474,0.999990360600379,0.00499005111738235,0.999982628769536,0.00562223554936047,0.00530496150960481,0.0990418548468718,0.00611029319677801,0.0107310356097674,0.0141248166820877,0.00547055249105197,0.0042648740756994,0.00564786120418873,0.00482852314344345,0.0384618410954903,0.999992864930536,0.999982628895573,0.023063077818216,0.093585510508312,0.0109899027446501,0.260372862541485,0.00426487407755346,0.999989656697144,0.999969126784281,0.999984775670556,0.0161537641052942,0.999988696525428,0.00426487406762447,0.999988460301506,0.00426487403687939,0.717371584047592,0.0166027780279337,0.00595934885501813,0.0042648740688278,0.999984578108757,0.00426487406756098,0.999988344661096,0.999986176621077,0.999991352041623,0.00426487407231104,0.999989978862101,0.0683236262117889,0.00491581804580072,0.999985831726419,0.0313226535696124,0.00653820608825724,0.0261851761514079,0.999989024157003,0.59898553000375,0.99998386066428,0.00529827132504378,0.00559167578416213,0.00566507614338334,0.436803701851911,0.999987698215131,0.999986103762991,0.99998583506924,0.00516203116912328,0.99998575406933,0.00426487406748031,0.999988427961528,0.999992288030861,0.999986163648495,0.999986924593066,0.865158997147239,0.701422975488228,0.999984498802965,0.999987901970413,0.99999590744301,0.999989855033089,0.999982634569215,0.999986847374205,0.999990410749837
0.00432541837381081,0.00428275561767396,0.0213104624059002,0.999987600363155,0.999975215447305,0.019534281925576,0.999988696695685,0.999976043252199,0.999988102666023,0.0364000358096428,0.999985729330785,0.999986491738326,0.999982407495794,0.00490577488964955,0.999991268909106,0.999979808532889,0.00468047441193375,0.00504040464205254,0.999978985020617,0.999988389829459,0.999985036676347,0.999987065249918,0.551541254195371,0.568599205928485,0.00432541837389395,0.00505139651749668,0.00432541837551052,0.999988315197192,0.00432541846630877,0.999980059115438,0.9999718324038,0.999985373786789,0.999989339221094,0.558153585244535,0.999986262658839,0.00491518227940916,0.999975703284451,0.00445968884443237,0.999975661745636,0.00421695735559839,0.999976922565528,0.999981647768398,0.999986694009331,0.99998642893906,0.999985795375941,0.00467940946975047,0.0144437255969233,0.596969564648307,0.177989057441873,0.999990140774548,0.999983866926545,0.00500842147572335,0.999971690998682,0.00426753732211771,0.999976099006882,0.999982595467382,0.999985884746705,0.99997584563462,0.999988445945718,0.00421577163119339,0.99998690258402,0.983493709959323,1.00002480879971,0.00433105565356469,0.999985184255681,0.00431496031516111,0.290466733268169,0.00420152659960126,0.00423833248469347,0.554717808876822,0.749709983499621,0.999983905495375,0.400357935448817,0.00382990463422094,0.999983932658087,0.520091141065466,0.00432541838349823,0.999977475819656,0.999983316703088,0.218390008142082,0.999985520427333,0.00423363284435544,0.816829495504134,0.855880959012328,0.00428116192597696,0.999975523852512,0.999980328208009,0.999990534033577,0.999984569517465,0.0321554412472064,0.999982277927887,0.999988482609852,0.999988321277473,0.999986760394462,0.00507879269997287,0.0042015265617496,0.0046093025729314,0.999980004680084,0.999979381666096,0.99998711239894,0.999972256800615,0.999990368276855,0.999988702032507,0.999978437535615,0.00432541838195779,0.00474626622723223,0.00449693471406032,0.9999879953149,0.00511033159396383,0.00460930257302538,0.99998842051556,0.999984327486228,0.999978684608152,0.999982903019357,0.00432541838381185,0.00508366561022734,0.00463058571030393,0.00503605472273417,0.999988652602355,0.00506429963542884,0.00432541837388286,0.00506921745063283,0.00432541834313779,0.0049522181741174,0.999988693002578,0.999975215413279,0.0043254183750862,0.00503807593578558,0.00432541837381937,0.00506235574994863,0.00504694733102639,0.00511300078030102,0.00432541837856943,0.00509383007950137,0.99998676002723,0.999981240291287,0.00423833228192136,0.99998936950647,0.999977141911426,0.999983678511496,0.0050662375011051,0.00444496356563981,0.00451832566218996,0.00463988417376305,0.999976252321202,0.999976609955981,0.363920501519902,0.00505588937743013,0.49849059587113,0.00423833228329185,0.429539776988041,0.0042383322500836,0.00432541837373871,0.00506861404183173,0.00513147625463245,0.00504826459290507,0.00505343796420934,0.00505035274995976,0.00454175232625765,0.00465002976538758,0.00506788382475513,0.0109664175280672,0.0050778481480628,0.00502256212700741,0.00505211721667742,0.00509080924886672
0.999973689078478,0.0054855763903449,0.999975727756163,0.00514717164273871,0.00497471818460034,0.00506109627084492,0.00531861782066613,0.00497328743956215,0.00539329816234339,0.00502543814648727,0.00537471871655778,0.00519156126776382,0.999986797643345,0.99997038300015,0.0050154161825407,0.00499755476793468,0.999973419205409,0.999965854262137,0.00496952741289312,0.00497618201285614,0.999967808959588,0.999980125696179,0.999980016111085,0.999969505321331,0.999973689245484,0.999966214741563,0.999973692492879,0.00513629103085954,0.999973874889784,0.00499544449675427,0.00498209130686648,0.00507560124892442,0.99997545660591,0.999974513306076,0.974614421250353,0.659090935283547,0.00497410952900559,0.00520797078077779,0.00498569115594869,0.0049652392919438,0.00500990036024764,0.00500923955294868,0.00534836331027306,0.00510104253936861,0.00514674875199819,0.830045220764985,0.0049689954352409,0.613917569234679,0.00524527433994703,0.00509043701957624,0.00501506902455317,0.841322436311044,0.00497863644727523,0.00501831068722468,0.00498504958316635,0.00521688645252463,0.00519024068062329,0.00498437487246672,0.999977260498414,0.0049640535675388,0.00517452394201648,0.00573478609302597,0.999987122201432,0.00595286984082168,0.999983448939303,0.00516867786447431,0.00523152733135311,0.00498146786870001,0.00498661442103888,0.553541574162913,0.999972368959837,0.999969557988074,0.999982545428716,0.00457818657056635,0.99998599151558,0.99997484819053,0.999973708538708,0.00498533757706736,0.999985588410387,0.00924884038779794,0.999980702152405,0.00498191478070086,0.00530246168104001,0.00584943660482782,0.00503501672664094,0.00497918818801709,0.00501097872725893,0.00536554334867924,0.00504758808820225,0.00503319179065592,0.00502189500116397,0.00518684532120561,0.00529716292632178,0.00516735749041115,0.99996561419541,0.00498146782762368,0.00538923105415724,0.00497807705784439,0.00496894981624818,0.00538795725700325,0.00497988753297213,0.00528100311686054,0.00503206941576615,0.00503063305922047,0.999973705444264,0.999967376991985,0.999973709810407,0.00521862804426754,0.999965664558025,0.00538923105425483,0.00514755130420075,0.00516696701805296,0.00503145444997048,0.00542374828887318,0.999973709168726,0.999966507421426,0.999985521713811,0.999966044688084,0.00506970556337018,0.999965856711381,0.999973689223219,0.999966290958337,0.999973627462045,0.99996770470003,0.00504744278446625,0.0049940171331298,0.999973691640498,0.999966275789329,0.999973689095676,0.999965973661284,0.999966151153019,0.999967268355564,0.999973698637672,0.999966951425315,0.00519935938886493,0.00496467195219883,0.00498661421826678,0.00513056531272355,0.00498287112053133,0.00509871678593704,0.999965752043187,0.00522489727686057,0.00529049311577992,0.999968532418049,0.00497210101305099,0.00497290817088549,0.999981548724631,0.999965973259522,0.496479335805664,0.00498661421963726,0.999975718259271,0.00498661418642902,0.999973688933642,0.999966268587165,0.999967811296017,0.999966236258844,0.999966233293307,0.999968218555086,0.99997353720805,0.999971928404177,0.999966606990527,0.999968762599683,0.999965961591251,0.999966222837901,0.999966187797763,0.999966455403563
0.0041222471369713,0.010053526009693,0.00412869072210852,0.00421239261010411,0.00402616160372468,0.00572855923020628,0.00563058153761172,0.00402450675978268,0.0202098176746346,0.00407398497330235,0.0106282851050102,0.00427167471668375,0.999983882486596,0.728156086846683,0.0187820784920667,0.00405224862920152,0.5177168179438,0.99998499434672,0.00402015775115929,0.00402785387947999,0.999973095524989,0.999986047337756,0.999985970044521,0.999985480932467,0.00412224713705444,0.999984382719547,0.00412224713867101,0.00420274057906753,0.00412224722946926,0.00404934379342694,0.00403468953240424,0.00413420680664864,0.999986321863334,0.553267359964451,0.988377840533868,0.999974238039708,0.00402545760578435,0.00425651760759287,0.00403737235812759,0.00401378611875888,0.00406169948187872,0.00406228475779419,0.00837677308791018,0.00417181266880715,0.00422323391159092,0.999978107263383,0.00401754226205598,0.00454025977308822,0.00459208586208747,0.0101766700775278,0.00407266447238379,0.960104738382957,0.00403069366219095,0.0824427089856001,0.00403788264063935,0.00426829622577812,0.00426868172176225,0.00403708000105061,0.999984466195847,0.00401260039435388,0.00424804913244027,0.999976443727064,0.999951115249262,0.0791450263134842,0.999984684522814,0.209651688125772,0.00430225032301737,0.99997547372415,0.00403516124785396,0.999977037004773,0.749466331761721,0.999974262801338,0.406447064096155,0.00362673339738143,0.999985875419073,0.517675256124194,0.00412224714665872,0.00403688757194698,0.999985605367498,0.322229994699865,0.999983460937172,0.00403046160751593,0.0043557290205636,0.0229553917100635,0.179395815239175,0.00403110291362644,0.00406707510154827,0.00518631033998691,0.00805689975223559,0.0151801678434899,0.00407567032374721,0.00424997337154346,0.00437128826689879,0.0042467117851339,0.999982618066555,0.999975372240771,0.999980953511702,0.00402915337294667,0.00401948968131187,0.00452452240405782,0.00403181035148089,0.00514553292881502,0.00409218759552845,0.0040813538163481,0.00412224714511829,0.999967927520785,0.380619818703894,0.00429261503021746,0.999980915802826,0.999980953625334,0.0042203664694318,0.00424383103594944,0.00409178236524188,0.0489786439820531,0.00412224714697235,0.999982348346072,0.0045981096735818,0.99998533720263,0.00413190146120133,0.999983478513783,0.00412224713704335,0.999983237034412,0.00412224710629828,0.99998318605375,0.00410992212390149,0.00404565257587142,0.00412224713824669,0.999985303197456,0.00412224713697986,0.99998361478228,0.999984656353412,0.999980497608285,0.00412224714172993,0.999981755349224,0.00525090417314075,0.00401454180814001,0.00403516104508185,0.0106526127112422,0.00403553369471123,0.00416897231131299,0.99998335201097,0.999981145933964,0.755734295856255,0.745451958883202,0.00402313453057161,0.00402406806526907,0.45032442306788,0.999984023713919,0.50793485361188,0.00403516104645234,0.427418782435609,0.00403516101324409,0.0041222471368992,0.999983269340617,0.999979198794957,0.999984599851415,0.999984252350018,0.999981437729865,0.00445366422326412,0.00458528355695085,0.999983413359711,0.999981643527017,0.999982668931403,0.999986280586768,0.999984326212807,0.999981894768008
0.00412226510450295,0.010053528451945,0.00412870868964017,0.00421375222813675,0.00402641263961216,0.00572857273647051,0.00563232600926559,0.00402473976401176,0.0202127596359224,0.004074002940834,0.0106319036590796,0.00427423262768258,0.999991294210235,0.728151853951706,0.018782264993658,0.00405276120524549,0.517715155583733,0.999982530638838,0.00402034336416411,0.0040281232969267,0.999968083475907,0.999989496408855,0.99998941733301,0.999982597176097,0.00412226510458609,0.999981601779278,0.00412226510620266,0.0042041990523364,0.00412226519700092,0.00404979243646143,0.0040350334874199,0.00413503412932054,0.999987216091357,0.553264216244218,0.988373416683848,0.999969443990549,0.00402570097014565,0.00425653557512452,0.00403764252674058,0.00401380408629053,0.00406197913863843,0.00406266467808256,0.00838107347678899,0.00417361878877811,0.00422549987973495,0.999973358610314,0.00401756022958763,0.00454027774061987,0.00459400792155862,0.0101780159057628,0.00407341051863603,0.960100470803064,0.00403099408589716,0.082442510971818,0.00403824549092476,0.00426854455441965,0.00427110506590108,0.0040374325578005,0.99998505533698,0.00401261836188553,0.00425007693273952,0.999973750178847,0.999961142297952,0.0791448393578251,0.999989915336663,0.20965113990633,0.00430405265014406,0.999972747152329,0.00403517921538561,0.999972999711492,0.749462446836612,0.999968829820836,0.406447619277248,0.00362675136491308,0.999993610561558,0.517672359176112,0.00412226511419037,0.00403714718323389,0.999992482162356,0.322232097546663,0.999986070931616,0.00403047957504759,0.00435612681446299,0.0229618232617261,0.179395350096543,0.00403139187222302,0.00406770052792439,0.0051870045293123,0.00805799851545398,0.0151801658080985,0.00407610899146102,0.00425116458730253,0.00437336435704851,0.00424920861234817,0.999978444382338,0.99997264566923,0.999978228048459,0.00402937487056238,0.00401966801457612,0.00452693171350093,0.00403209996125602,0.00514627168933723,0.00409313662822846,0.00408154670472105,0.00412226511264994,0.99996117231229,0.380616268309835,0.00429467998794603,0.999975442995929,0.99997822816209,0.00422233713901102,0.00424612748814939,0.00409274827387922,0.0489830402313118,0.004122265114504,0.999978270426066,0.00460008469410018,0.999983122049618,0.00413301767322189,0.999980003133809,0.00412226510457501,0.999979707226958,0.00412226507382993,0.999979719345456,0.00411106114246906,0.0040459190625452,0.00412226510577834,0.999983111936259,0.00412226510451151,0.999980262873456,0.99998203818973,0.999975448332228,0.00412226510926158,0.999977424148962,0.00525372384753175,0.0040146662304952,0.00403517901261351,0.0106546705376936,0.00403588282740833,0.00417073702472412,0.999979759383527,0.999978420017334,0.755732243194486,0.745446839107695,0.00402335258456773,0.00402429628792013,0.450326604027301,0.999980949794236,0.507939227924285,0.00403517901398399,0.427416330075194,0.00403517898077574,0.00412226510443085,0.99997975792785,0.99997358754068,0.999981963942704,0.99998139164569,0.999977368562674,0.00445500164084862,0.00458688859380306,0.999980088727344,0.999975488135468,0.999978641196217,0.999984645510955,0.999981501432267,0.999977479051821
0.00308731253837694,0.111658385156782,0.00309375612351416,0.217848082340967,0.00297388207932639,0.999984812587074,0.497953358496025,0.00297356914975973,0.309166923106372,0.99998393058676,0.26540564446663,0.00304771775669662,0.00440971767763848,0.734641543244647,0.0484644473583448,0.008351793574824,0.00344236857649989,0.00380229880661867,0.00297274699172751,0.00297420640111856,0.00386609332024137,0.00430029571508592,0.0041383454045797,0.00404627792255649,0.00308731253846008,0.00381329068206282,0.00308731254007665,0.00306060367476545,0.00308731263087491,0.0160138845968964,0.00297549497495327,0.139880015576615,0.00425813402825635,0.537075932833733,0.961165350281026,0.941585610910742,0.00297374899566521,0.575401161525224,0.0274211018340224,0.999982341594546,0.0880725697893964,0.065785188417672,0.0212440565169489,0.00300380392861227,0.0307560530781745,0.00738513451875945,0.99998349980235,0.999983549880679,0.124925849145109,0.0532080377820738,0.00572780955545862,0.999982886527382,0.00297473870082273,0.00302943148668385,0.00674345729092871,0.629715963883163,0.00418619677457138,0.00711128280769399,0.0042986203814477,0.999980349064755,0.13874499880881,0.984710956263787,0.00438209301982971,0.169635574477878,0.0043607322327086,0.00307685447972725,0.00313452384594757,0.00296342076416739,0.0030002266492596,0.628439819618152,0.751321935951331,0.999984675600163,0.00358857104876587,0.00259179879878707,0.00437043842020941,0.501250055079429,0.00308731254806436,0.0286714052359614,0.0043609289387231,0.00324424151764133,0.00435363803170156,0.999982087713171,0.999982401203568,0.103464546756707,0.999981617240334,0.00675029586112427,0.0199058332341163,0.553338718241005,0.011074855700236,0.999985111862011,0.086453818534908,0.348253355877407,0.0354332518969829,0.00445686417306518,0.003840686864539,0.00296342072631573,0.00337119673749753,0.0177157345260951,0.00297262067950996,0.546523420094405,0.00842823093630268,0.692400598066188,0.0045803726935668,0.159486121586679,0.00308731254652393,0.00350816039179836,0.00325882887862645,0.24084236872454,0.00387222575852997,0.00337119673759151,0.0919310519077798,0.00303933181595097,0.00298630207593682,0.00487129438732925,0.00308731254837799,0.00384555977479348,0.00339247987487006,0.00379794888730031,0.0667485728109381,0.00382619379999497,0.003087312538449,0.00383111161519896,0.00308731250770392,0.00371411233868354,0.00417510555750487,0.0497062153142471,0.00308731253965233,0.00379997010035171,0.0030873125383855,0.00382424991451476,0.00380884149559253,0.00387489494486716,0.00308731254313557,0.0038557242440675,0.00865570926780284,0.00297168485127819,0.0030002264464875,0.0117593515936426,0.00392425456015809,0.00300404504352805,0.00382813166567123,0.00320685773020594,0.0032802198267561,0.00340177833832919,0.00297330951552241,0.00297348629984651,0.00354915597035841,0.00381778354199626,0.00369169393385951,0.00300022644785798,0.430243463899713,0.00300022641464973,0.00308731253830484,0.00383050820639786,0.00389337041919858,0.0038101587574712,0.00381533212877547,0.0038122469145259,0.00330364649082379,0.00341192392995372,0.00382977798932127,0.0038951382619067,0.00383974231262893,0.00378445629157355,0.00381401138124355,0.00385270341343285
0.00426486745550353,0.999987578067472,0.00427131104064075,0.0172754365102112,0.00582977975149244,0.225257685748392,0.0978259430697791,0.00569961949394059,0.213203258050263,0.124202178892474,0.0973276346069016,0.104850541482402,0.999978505424692,0.00551655224807315,0.0521890297359291,0.00771977331482011,0.510646584401103,0.999987973176155,0.00535752956660854,0.0059624710634475,0.00643957535686695,0.999982748213376,0.999984711712148,0.999988374229771,0.00426486745558667,0.999987408999912,0.00426486745720324,0.174958881373722,0.0042648675480015,0.00726123995932815,0.00650051027587275,0.0154154097929313,0.999987421131032,0.0054136216106056,0.00675089135551652,0.00575569699219255,0.0057744034309911,0.999980718213969,0.0059773428452261,0.00704661619686017,0.00606928871996521,0.00678441760203558,0.139584353431961,0.0241382851759096,0.023762076293066,0.122936988250153,0.00674821397859658,0.00468288009162045,0.999985994395483,0.0276797819027724,0.00940405085105944,0.00580552170585364,0.00618628176921681,0.999984440662648,0.00663836345809215,0.00605262076489373,0.125649043237461,0.00656420233915006,0.999982822391161,0.00415522071288611,0.0340759588901139,0.00597137828899008,0.999973412435912,0.999988022166798,0.999980471145126,0.999989020602129,0.999984652327717,0.00499773412651835,0.999985155410111,0.00576484925971391,0.00585186126159656,0.00634619922195351,0.390139002083027,0.00376935371591366,0.999979979897651,0.00533645371170043,0.00426486746519095,0.00590161963540006,0.999978829706074,0.999989377696787,0.999977653246582,0.0477365692324393,0.00720524092913669,0.999985176025052,0.00437142273216867,0.00610498313658757,0.00853884520286416,0.356695014389037,0.0120355700738888,0.134135086547501,0.00721647581777235,0.0224704287061101,0.421920701153088,0.0558304698180051,0.999983131230633,0.00499773400140132,0.999989145682854,0.0056222624401656,0.00530498129517548,0.0990421518633715,0.00611033129944768,0.0107311529611731,0.0141249595261381,0.00547057467252242,0.00426486746365052,0.00562948259735716,0.00481505539711978,0.038462148708442,0.999978815553864,0.999989145808891,0.0230633870445776,0.0935857936487345,0.0109900521721008,0.260373678567944,0.00426486746550458,0.999983660646002,0.999972612284838,0.999988316232716,0.0161539335357189,0.99998538271671,0.00426486745557559,0.999985225815978,0.00426486742483051,0.717369044716548,0.0166029508518646,0.00595938315142057,0.00426486745677892,0.999988508127302,0.00426486745551209,0.999985785986073,0.999987714003928,0.999980840639605,0.00426486746026216,0.999983060749004,0.0683240373576462,0.00491582895715841,0.999984660819026,0.0313230210558654,0.00653825398892692,0.026185446049042,0.99998500261243,0.598992516839791,0.999988492208887,0.00528396979527913,0.00559170210811698,0.00566510414118883,0.436809159657195,0.999986627567775,0.999985797661103,0.999984664161843,0.00515684955173079,0.999984583162028,0.00426486745543143,0.999985274123647,0.999979316892728,0.999987697853063,0.999987249846711,0.865155452357836,0.701425293053854,0.999987104098096,0.999986114812876,0.999978671860041,0.999983655620211,0.999989280281161,0.999987315682272,0.999982534072132
0.00432541837381081,0.00428275561767396,0.0213104624059002,0.999987600363155,0.999975215447305,0.019534281925576,0.999988696695685,0.999976043252199,0.999988102666023,0.0364000358096428,0.999985729330785,0.999986491738326,0.999982407495794,0.00490577488964955,0.999991268909106,0.999979808532889,0.00468047441193375,0.00504040464205254,0.999978985020617,0.999988389829459,0.999985036676347,0.999987065249918,0.551541254195371,0.568599205928485,0.00432541837389395,0.00505139651749668,0.00432541837551052,0.999988315197192,0.00432541846630877,0.999980059115438,0.9999718324038,0.999985373786789,0.999989339221094,0.558153585244535,0.999986262658839,0.00491518227940916,0.999975703284451,0.00445968884443237,0.999975661745636,0.00421695735559839,0.999976922565528,0.999981647768398,0.999986694009331,0.99998642893906,0.999985795375941,0.00467940946975047,0.0144437255969233,0.596969564648307,0.177989057441873,0.999990140774548,0.999983866926545,0.00500842147572335,0.999971690998682,0.00426753732211771,0.999976099006882,0.999982595467382,0.999985884746705,0.99997584563462,0.999988445945718,0.00421577163119339,0.99998690258402,0.983493709959323,1.00002480879971,0.00433105565356469,0.999985184255681,0.00431496031516111,0.290466733268169,0.00420152659960126,0.00423833248469347,0.554717808876822,0.749709983499621,0.999983905495375,0.400357935448817,0.00382990463422094,0.999983932658087,0.520091141065466,0.00432541838349823,0.999977475819656,0.999983316703088,0.218390008142082,0.999985520427333,0.00423363284435544,0.816829495504134,0.855880959012328,0.00428116192597696,0.999975523852512,0.999980328208009,0.999990534033577,0.999984569517465,0.0321554412472064,0.999982277927887,0.999988482609852,0.999988321277473,0.999986760394462,0.00507879269997287,0.0042015265617496,0.0046093025729314,0.999980004680084,0.999979381666096,0.99998711239894,0.999972256800615,0.999990368276855,0.999988702032507,0.999978437535615,0.00432541838195779,0.00474626622723223,0.00449693471406032,0.9999879953149,0.00511033159396383,0.00460930257302538,0.99998842051556,0.999984327486228,0.999978684608152,0.999982903019357,0.00432541838381185,0.00508366561022734,0.00463058571030393,0.00503605472273417,0.999988652602355,0.00506429963542884,0.00432541837388286,0.00506921745063283,0.00432541834313779,0.0049522181741174,0.999988693002578,0.999975215413279,0.0043254183750862,0.00503807593578558,0.00432541837381937,0.00506235574994863,0.00504694733102639,0.00511300078030102,0.00432541837856943,0.00509383007950137,0.99998676002723,0.999981240291287,0.00423833228192136,0.99998936950647,0.999977141911426,0.999983678511496,0.0050662375011051,0.00444496356563981,0.00451832566218996,0.00463988417376305,0.999976252321202,0.999976609955981,0.363920501519902,0.00505588937743013,0.49849059587113,0.00423833228329185,0.429539776988041,0.0042383322500836,0.00432541837373871,0.00506861404183173,0.00513147625463245,0.00504826459290507,0.00505343796420934,0.00505035274995976,0.00454175232625765,0.00465002976538758,0.00506788382475513,0.0109664175280672,0.0050778481480628,0.00502256212700741,0.00505211721667742,0.00509080924886672
0.999965703186489,0.00548544601454963,0.99996774189981,0.00515362031872236,0.00497589028464439,0.00506110756088507,0.00532687511567315,0.00497437371338638,0.00540698467313955,0.00502550089898861,0.00539180434870098,0.00520371352093527,1.00002336693363,0.999960982959472,0.00501600635145853,0.00499997173422795,0.999963336019247,0.99993880371521,0.00497038811624902,0.00497744160456114,0.999951042133451,0.999989397605147,0.999984530896307,0.999946149749891,0.999965703353494,0.999940430638333,0.999965706600863,0.00514321023323877,0.999965888996292,0.00499755715778606,0.00498370567890475,0.00507951633106884,0.99996262443497,0.999964871754876,0.974592909177142,0.659073857381479,0.00497524511448857,0.00520803353327913,0.00498695432301879,0.00496530204444514,0.00501120868854188,0.00501102511076104,0.00536873601120231,0.00510961645378857,0.00515751142962028,0.83002811314245,0.00496905818774224,0.613912709880967,0.0052543949705344,0.00509670763759333,0.00501859725110706,0.841301175358066,0.0049800436210819,0.00501588201096447,0.00498675389200017,0.00521804566674971,0.00520175242893104,0.00498603018662555,0.999980098866658,0.00496411632004014,0.00518415299979377,0.00570336075174196,1.00002637083526,0.00595054180825365,1.00000665125778,0.00516220637342588,0.00524008319277545,0.00494987128844801,0.00498667717354022,0.553518117842022,0.999958491105835,0.999955868173161,0.999996173722671,0.00457824932306769,1.0000110410026,0.999964913766164,0.999965722646562,0.00498655049388492,1.00001570719693,0.00925285769684007,1.00000570604566,0.0049819775332022,0.00530433231280582,0.00587969076346631,0.00502950661482372,0.00498054079074678,0.00501393283313175,0.00536881048786439,0.0050527214590633,0.00503295210999154,0.00502396018214444,0.00519249244415254,0.00530702183180516,0.00517921899992478,0.999950586172454,0.00494987125059635,0.00535764726177815,0.00497910856304412,0.00496977586984528,0.00539940111514573,0.00498124323515011,0.0052844815971269,0.00503656380744462,0.00503152839152345,0.999965719552143,0.999966277351264,0.999977960223977,0.00522843396218856,0.999959178971225,0.00535764726187213,0.00515690843392648,0.00517787479221727,0.00503602916692321,0.0054438206107239,0.999965723276575,0.999949056893446,0.99997845707159,0.999936940193676,0.00507499568713244,0.999945624283534,0.999965703331229,0.999945520611547,0.999965641570555,0.999946436558782,0.00505284146173326,0.00499526277508284,0.999965705748488,0.999936366279919,0.999965703203687,0.999944666903829,0.99993942058711,0.999954771975971,0.999965712745606,0.999950166170613,0.00521273949390849,0.00496524140324566,0.00498667697076812,0.00514021689367796,0.00498451013704849,0.00510709361540635,0.999946516885957,0.00519330825448656,0.00526667035103672,0.99996658710913,0.00497311612747598,0.00497397168558481,0.999971859359284,0.999942768225398,0.496496251153623,0.0049866769721386,0.999966773963021,0.00498667693893036,0.999965703041655,0.999945416349407,0.999957806618818,0.999939401577197,0.999940947536931,0.999945194505515,0.999966172576409,0.999964690314266,0.999943579014315,0.999965788064048,0.999949326606472,0.99993315699118,0.999940777562066,0.999951489367574
0.00308731253837694,0.111658385156782,0.00309375612351416,0.217848082340967,0.00297388207932639,0.999984812587074,0.497953358496025,0.00297356914975973,0.309166923106372,0.99998393058676,0.26540564446663,0.00304771775669662,0.00440971767763848,0.734641543244647,0.0484644473583448,0.008351793574824,0.00344236857649989,0.00380229880661867,0.00297274699172751,0.00297420640111856,0.00386609332024137,0.00430029571508592,0.0041383454045797,0.00404627792255649,0.00308731253846008,0.00381329068206282,0.00308731254007665,0.00306060367476545,0.00308731263087491,0.0160138845968964,0.00297549497495327,0.139880015576615,0.00425813402825635,0.537075932833733,0.961165350281026,0.941585610910742,0.00297374899566521,0.575401161525224,0.0274211018340224,0.999982341594546,0.0880725697893964,0.065785188417672,0.0212440565169489,0.00300380392861227,0.0307560530781745,0.00738513451875945,0.99998349980235,0.999983549880679,0.124925849145109,0.0532080377820738,0.00572780955545862,0.999982886527382,0.00297473870082273,0.00302943148668385,0.00674345729092871,0.629715963883163,0.00418619677457138,0.00711128280769399,0.0042986203814477,0.999980349064755,0.13874499880881,0.984710956263787,0.00438209301982971,0.169635574477878,0.0043607322327086,0.00307685447972725,0.00313452384594757,0.00296342076416739,0.0030002266492596,0.628439819618152,0.751321935951331,0.999984675600163,0.00358857104876587,0.00259179879878707,0.00437043842020941,0.501250055079429,0.00308731254806436,0.0286714052359614,0.0043609289387231,0.00324424151764133,0.00435363803170156,0.999982087713171,0.999982401203568,0.103464546756707,0.999981617240334,0.00675029586112427,0.0199058332341163,0.553338718241005,0.011074855700236,0.999985111862011,0.086453818534908,0.348253355877407,0.0354332518969829,0.00445686417306518,0.003840686864539,0.00296342072631573,0.00337119673749753,0.0177157345260951,0.00297262067950996,0.546523420094405,0.00842823093630268,0.692400598066188,0.0045803726935668,0.159486121586679,0.00308731254652393,0.00350816039179836,0.00325882887862645,0.24084236872454,0.00387222575852997,0.00337119673759151,0.0919310519077798,0.00303933181595097,0.00298630207593682,0.00487129438732925,0.00308731254837799,0.00384555977479348,0.00339247987487006,0.00379794888730031,0.0667485728109381,0.00382619379999497,0.003087312538449,0.00383111161519896,0.00308731250770392,0.00371411233868354,0.00417510555750487,0.0497062153142471,0.00308731253965233,0.00379997010035171,0.0030873125383855,0.00382424991451476,0.00380884149559253,0.00387489494486716,0.00308731254313557,0.0038557242440675,0.00865570926780284,0.00297168485127819,0.0030002264464875,0.0117593515936426,0.00392425456015809,0.00300404504352805,0.00382813166567123,0.00320685773020594,0.0032802198267561,0.00340177833832919,0.00297330951552241,0.00297348629984651,0.00354915597035841,0.00381778354199626,0.00369169393385951,0.00300022644785798,0.430243463899713,0.00300022641464973,0.00308731253830484,0.00383050820639786,0.00389337041919858,0.0038101587574712,0.00381533212877547,0.0038122469145259,0.00330364649082379,0.00341192392995372,0.00382977798932127,0.0038951382619067,0.00383974231262893,0.00378445629157355,0.00381401138124355,0.00385270341343285
0.00432541837381081,0.00428275561767396,0.0213104624059002,0.999987600363155,0.999975215447305,0.019534281925576,0.999988696695685,0.999976043252199,0.999988102666023,0.0364000358096428,0.999985729330785,0.999986491738326,0.999982407495794,0.00490577488964955,0.999991268909106,0.999979808532889,0.00468047441193375,0.00504040464205254,0.999978985020617,0.999988389829459,0.999985036676347,0.999987065249918,0.551541254195371,0.568599205928485,0.00432541837389395,0.00505139651749668,0.00432541837551052,0.999988315197192,0.00432541846630877,0.999980059115438,0.9999718324038,0.999985373786789,0.999989339221094,0.558153585244535,0.999986262658839,0.00491518227940916,0.999975703284451,0.00445968884443237,0.999975661745636,0.00421695735559839,0.999976922565528,0.999981647768398,0.999986694009331,0.99998642893906,0.999985795375941,0.00467940946975047,0.0144437255969233,0.596969564648307,0.177989057441873,0.999990140774548,0.999983866926545,0.00500842147572335,0.999971690998682,0.00426753732211771,0.999976099006882,0.999982595467382,0.999985884746705,0.99997584563462,0.999988445945718,0.00421577163119339,0.99998690258402,0.983493709959323,1.00002480879971,0.00433105565356469,0.999985184255681,0.00431496031516111,0.290466733268169,0.00420152659960126,0.00423833248469347,0.554717808876822,0.749709983499621,0.999983905495375,0.400357935448817,0.00382990463422094,0.999983932658087,0.520091141065466,0.00432541838349823,0.999977475819656,0.999983316703088,0.218390008142082,0.999985520427333,0.00423363284435544,0.816829495504134,0.855880959012328,0.00428116192597696,0.999975523852512,0.999980328208009,0.999990534033577,0.999984569517465,0.0321554412472064,0.999982277927887,0.999988482609852,0.999988321277473,0.999986760394462,0.00507879269997287,0.0042015265617496,0.0046093025729314,0.999980004680084,0.999979381666096,0.99998711239894,0.999972256800615,0.999990368276855,0.999988702032507,0.999978437535615,0.00432541838195779,0.00474626622723223,0.00449693471406032,0.9999879953149,0.00511033159396383,0.00460930257302538,0.99998842051556,0.999984327486228,0.999978684608152,0.999982903019357,0.00432541838381185,0.00508366561022734,0.00463058571030393,0.00503605472273417,0.999988652602355,0.00506429963542884,0.00432541837388286,0.00506921745063283,0.00432541834313779,0.0049522181741174,0.999988693002578,0.999975215413279,0.0043254183750862,0.00503807593578558,0.00432541837381937,0.00506235574994863,0.00504694733102639,0.00511300078030102,0.00432541837856943,0.00509383007950137,0.99998676002723,0.999981240291287,0.00423833228192136,0.99998936950647,0.999977141911426,0.999983678511496,0.0050662375011051,0.00444496356563981,0.00451832566218996,0.00463988417376305,0.999976252321202,0.999976609955981,0.363920501519902,0.00505588937743013,0.49849059587113,0.00423833228329185,0.429539776988041,0.0042383322500836,0.00432541837373871,0.00506861404183173,0.00513147625463245,0.00504826459290507,0.00505343796420934,0.00505035274995976,0.00454175232625765,0.00465002976538758,0.00506788382475513,0.0109664175280672,0.0050778481480628,0.00502256212700741,0.00505211721667742,0.00509080924886672
0.00412231717839104,0.0100535433453554,0.00412876076352826,0.00421848893477923,0.00402727851683644,0.00572861780840695,0.0056384130853746,0.00402554268020594,0.0202231047286128,0.00407405501472208,0.0106445605086583,0.00428315340646203,1.00001938232766,0.72814629576538,0.0187829834852408,0.00405454030061622,0.517697326064085,0.999958742195826,0.00402098080471373,0.00402905335692764,0.999961479238893,0.999993008434079,0.999996391906913,0.99996482036803,0.00412231717847418,0.99995979120644,0.00412231718009075,0.00420928093119565,0.004122317270889,0.00405134829733848,0.00403622380978923,0.00413791222354487,0.999983422248982,0.553260082045268,0.988367470383118,0.999962916740487,0.00402654006074944,0.0042565876490126,0.00403857520958417,0.00401385616017862,0.00406294495118525,0.00406398058017213,0.00839609925357715,0.00417991454347639,0.00423340128345436,0.999964506548433,0.00401761230347572,0.00454032981450795,0.00460070995600642,0.0101827363558803,0.00407600482048864,0.96009457406441,0.00403203241026259,0.0824422240634013,0.00403950178979059,0.00426940097877,0.00427955597840791,0.00403865291479199,0.999986347212235,0.00401267043577362,0.00425714672726869,0.999969606023957,0.999984862504946,0.0791445452369518,1.00000681569533,0.209650300561484,0.00431033516139147,0.999968491676368,0.00403523128927369,0.999967304364383,0.749457255257767,0.999961600965228,0.406448646701883,0.00362680343880116,1.00001568462827,0.517668542308378,0.00412231718807846,0.00403804300312733,1.0000094928403,0.322241077641817,0.999997200142332,0.00403053164893567,0.00435750512572955,0.0229843648325891,0.179394643929851,0.0040323901639361,0.00406987366210173,0.00518942180846309,0.00806184530533195,0.0151802068257888,0.00407763002157253,0.00425531328476817,0.0043806027649498,0.00425791610525498,0.999958472854142,0.999968390193708,0.999973974312408,0.00403013760918586,0.00402028003650063,0.00453533392994534,0.00403310052668518,0.00514884482633063,0.00409643969660502,0.00408220954862857,0.00412231718653802,0.999952489022475,0.380611910176613,0.0043018795248413,0.999959150365171,0.999973974426039,0.00422920745055849,0.00425413533285828,0.00409611026786174,0.0489986153790666,0.00412231718839208,0.99996038926212,0.0045764293720217,0.999959182399524,0.00413690448059779,0.999958861160376,0.00412231717846309,0.999959899376736,0.00412231714771802,0.9999598317326,0.00411502758332403,0.00404683888918441,0.00412231717966643,0.999959958080927,0.0041223171783996,0.99995911694429,0.999959603476399,0.999962205569486,0.00412231718314966,0.999961577715546,0.00526356375220979,0.00401509001203205,0.00403523108650159,0.0106618793291452,0.00403709122865589,0.00417688820039359,0.999958651339083,0.999974165569694,0.755729045419207,0.745440283250383,0.00402410329912602,0.00402508250830793,0.450320944041582,0.999959109306338,0.507951727658572,0.00403523108787208,0.427413118753057,0.00403523105466383,0.00412231717831894,0.999959846530247,0.999963521672142,0.999959870324578,0.999959841392188,0.999966723564185,0.00443907012866467,0.00456771518883896,0.999960896550684,0.999962467150457,0.999959108971415,0.999959256835387,0.999959702261157,0.99996020764678
0.0042648492827131,0.99998489488467,0.00427129286785032,0.0172760269219086,0.00582986893139148,0.225257080288135,0.0978265187382806,0.00569970036834908,0.213204378144401,0.124201825375225,0.0973292112814533,0.104851463107155,0.999968386229025,0.00549270922105002,0.0521892542156444,0.00771998296169161,0.510638393300135,0.999992716083262,0.0053575886123335,0.0059625687100035,0.00641922888311362,0.999980807805053,0.999987826635916,0.99998609410469,0.00426484928279623,0.999988708788563,0.00426484928441281,0.174959078555543,0.00426484937521106,0.00726142015827014,0.00650064225488228,0.0154157494038857,0.99999521042368,0.00539655430938817,0.00673955018127916,0.00574006911744165,0.00577448907733894,0.99997791751695,0.00597744083777383,0.00704658994630007,0.0060693910828105,0.0067845661468665,0.139586094700293,0.0241390708483528,0.0237630841288222,0.122919948208494,0.00674818857253077,0.00468286191883001,0.999984114335227,0.027680457465746,0.00940436803571607,0.00579604289142577,0.00618639369744283,0.999983110907771,0.00663850414037681,0.00605270869781896,0.125649842062052,0.00656433828017021,0.999971010786907,0.00415520254009567,0.0340768235238367,0.00599005650613409,0.999976302049019,0.999986640734332,0.999972857652899,0.999990079599904,0.999982709175353,0.00501641221882002,0.999982354082028,0.00576176002098802,0.00583506238562254,0.00631994651402555,0.390116889138034,0.00376933554312322,0.999985013344171,0.00532118506076872,0.00426484929240051,0.00590171276517976,0.999973397260841,0.999993973865411,0.999952671972996,0.0477364293052279,0.00720539770666057,0.999985820534047,0.00437469558731726,0.00610508978391499,0.00853910682927883,0.356694352350124,0.0120361288305591,0.134134918742543,0.00721665142202151,0.0224709237821416,0.42192050535883,0.0558314990256396,0.999963978444594,0.00501641209179867,1.00000503648727,0.00562233801455862,0.00530503698780805,0.0990430200306447,0.00611043824671186,0.0107314798985964,0.0141253611109036,0.00547063706932579,0.00426484929086008,0.0055813670790281,0.00478015488793745,0.0384630190629179,0.999942115880183,1.00000503661331,0.0230642549269831,0.0935866210419484,0.0109904706266972,0.260375943011708,0.00426484929271414,0.999967642514055,0.999982087143238,0.999996847192235,0.0161544098944514,0.999976290945113,0.00426484928278515,0.999976318896326,0.00426484925204007,0.717361864308383,0.0166034368533172,0.0059594794480449,0.00426484928398848,0.999998027189356,0.00426484928272166,0.999978631428638,0.999991085145878,0.999953174394724,0.00426484928747172,0.999964648809333,0.0683252063425788,0.00491585981810133,0.999981859492325,0.0313240372869289,0.00653838835280772,0.0261862060951409,0.999974094798529,0.599009531008559,0.999999798936712,0.0052465619744312,0.00559177609635807,0.00566518281317366,0.436823047845428,0.999983299978942,0.99998501066003,0.999981862835132,0.00514313874137765,0.999981781835543,0.004264849282641,0.999976575537475,0.999945296259722,0.999991056076692,0.999987499134849,0.86514559378654,0.701431602883819,0.999994258353609,0.999980912150597,0.999933753053531,0.999967138865325,1.00000579718299,0.99998793542796,0.999961683014735
0.999978214370689,0.00548577453123252,0.999980253028188,0.0051428757157342,0.00497394361213859,0.00506112550866126,0.00531313725258659,0.00497257014374202,0.00538445514651616,0.00502540390374953,0.00536343502011659,0.00518345902437721,0.999963920624263,0.999974343412701,0.00501529481081041,0.00499594942652884,0.999974852693469,0.999987191917369,0.00496896065287547,0.00497534905231067,0.999980939631674,0.999975611954966,0.999982477915849,0.999988368269367,0.999978214537696,0.999986483924839,0.999978217785106,0.00513168109524802,0.999978400182846,0.00499404223528648,0.00498102158154163,0.00507299613093648,0.999991445235507,0.999979393844548,0.974634110018751,0.659106398589804,0.00497335932475479,0.00520793653804005,0.00498485580936192,0.00496520504920606,0.00500903487504758,0.00500805558577265,0.00533484576995584,0.00509532832177039,0.00513957385017347,0.830059008604907,0.00496896119250316,0.613920323351562,0.00523920021005033,0.00508636828438513,0.00501272207695958,0.841342503210858,0.00497770499693068,0.00502134969972089,0.00498391983798256,0.00521612047949132,0.00518256588199201,0.00498327782417261,0.999976380117065,0.00496401932480106,0.00516810556818188,0.00577367680177299,0.999962209223631,0.00595577349701428,0.999969633922263,0.00517670254276367,0.00522582516153092,0.00502048640226031,0.00498658017830114,0.553566250371279,0.999982278199465,0.999978349433831,0.999965022447236,0.00457815232782861,0.999974733562978,0.999980242211106,0.999978233831008,0.00498453576528745,0.99996542666298,0.00925187149509141,0.999959656565464,0.00498188053796312,0.00530122093925182,0.00582957749268458,0.00504185678619086,0.00497829315600747,0.00500901492253895,0.00536338438576779,0.00504424097843472,0.00503355912237348,0.00502052442579266,0.00518308431541884,0.00529059116224449,0.00515944927654519,0.999972374519194,0.00502048635720625,0.00542823381347669,0.00497739631219371,0.00496840617995449,0.00538032881448393,0.00497899043252713,0.00527870389184739,0.00502907769209249,0.00503004318936767,0.999978230736551,0.999959281545485,0.999960548917085,0.00521209164175719,0.999962353750982,0.00542823381357873,0.00514131440317931,0.00515969528518213,0.00502840912074417,0.00541116054558847,0.99997823446103,0.999977052628395,0.999981818296685,0.999990021227493,0.00506618280312657,0.999979070213855,0.999978214515431,0.999980602766245,0.999978152753974,0.999982642465524,0.00504384758039136,0.00499319348203482,0.999978216932721,0.999991537090875,0.999978214387887,0.999980589719049,0.99998747198655,0.999972715330676,0.999978223929927,0.999977230508888,0.00519045515556658,0.00496429956115328,0.00498657997552904,0.00512424795581182,0.00498178494856595,0.00509313409416052,0.999977672560864,0.0052639064875422,0.00531992240498019,0.999962436752905,0.00497143120588196,0.00497220606350363,0.999991019749339,0.999982863742474,0.496469705454572,0.00498657997689952,0.999980091323364,0.00498657994369128,0.999978214225853,0.999980656701342,0.999970944277061,0.999987794237222,0.999985928495473,0.999988190707181,0.999972514597914,0.999969780230766,0.999984051131873,0.999961838837786,0.999974951801019,0.999994945796485,0.99998597186227,0.999973935095324
0.00412190750717872,0.0100534435766226,0.00412835109231594,0.00418551767874831,0.0040212123240254,0.00572828487140874,0.00559607731510153,0.00401991411207739,0.0201514238492716,0.00407364534350976,0.0105566453236651,0.00422109982382879,0.999829158602656,0.728215256491261,0.0187781968379277,0.00404212658139437,0.517776693403254,1.00006763637251,0.00401650241196038,0.00402254104741215,1.00004319806735,0.999935576325094,0.999927517840387,1.00005841856737,0.00412190750726186,1.00006584732305,0.00412190750887843,0.0041739104786849,0.00412190759967668,0.00404048621925512,0.00402790248863341,0.00411785966767069,0.999983003234342,0.553311316003768,0.98844000839981,1.00004184100975,0.00402066005431864,0.00425617797780028,0.00403204466941584,0.0040134464889663,0.0040561841356254,0.00405478638916151,0.00829167959067792,0.00413610677620394,0.00417843309453707,1.00005065424326,0.0040172026322634,0.00453992014329563,0.00455408301103913,0.0101499824743276,0.00405792482679105,0.960165133729049,0.00402476758513451,0.0824455292908464,0.00403072188428049,0.00426340049026762,0.00422076830610133,0.00403012283129588,0.999971795165127,0.0040122607645613,0.00420795882350999,1.00001561587319,0.999777158872935,0.0791477424533788,0.999881711924471,0.209659638689866,0.00426661944567816,1.00001528833694,0.00403482161806138,1.0000344677089,0.74952086288812,1.00005045229376,0.406436371005177,0.00362639376758884,0.999842310444457,0.517715778642542,0.00412190751686614,0.0040317686871159,0.999863501387654,0.322183995881881,0.999923644423979,0.00403012197772335,0.00434787714581449,0.0228279485479684,0.179402543798327,0.00402540359468702,0.00405472108826822,0.00517258549162587,0.00803512804301433,0.015180066403628,0.00406701004249367,0.00422642911767027,0.00433024287634071,0.00419734501365074,1.00007492161282,1.00001518684947,1.00002075190535,0.00402478830422373,0.00401597832157048,0.00447688574111251,0.00402609815346529,0.00513092593384097,0.00407343326309963,0.0040775545841702,0.0041219075153257,1.00006189261299,0.38066867717352,0.00425178981782936,1.00007873736777,1.00002075201898,0.00418140609775675,0.00419842730210301,0.00407269425878941,0.0488910797146155,0.00412190751717976,1.00006872175764,0.00463194397246659,1.00006563089304,0.0041098406389805,1.00007092846075,0.00412190750725077,1.00006815830377,0.0041219074765057,1.00006760796805,0.00408741023144903,0.00404039770893204,0.00412190750845411,1.00006349928884,0.00412190750718728,1.00006973175122,1.0000658112322,1.00006658179385,0.00412190751193734,1.0000661231385,0.00519513836381218,0.0040120967039014,0.00403482141528927,0.0106118370777869,0.0040286442462246,0.00413408536190778,1.00007199717588,1.00002095096093,0.75576425076429,0.74552310736191,0.00401883757011081,0.00401956998810548,0.450312241291578,1.00006874320518,0.507853668349346,0.00403482141665976,0.427453033539375,0.00403482138345151,0.00412190750710662,1.00006823282944,1.00006396177316,1.0000651498537,1.00006597519808,1.00005079151651,0.00447636474225907,0.00461265722574281,1.00006466422839,1.00007923157373,1.00007235841931,1.00006365746471,1.00006624072784,1.00007051414376
0.00308731253837694,0.111658385156782,0.00309375612351416,0.217848082340967,0.00297388207932639,0.999984812587074,0.497953358496025,0.00297356914975973,0.309166923106372,0.99998393058676,0.26540564446663,0.00304771775669662,0.00440971767763848,0.734641543244647,0.0484644473583448,0.008351793574824,0.00344236857649989,0.00380229880661867,0.00297274699172751,0.00297420640111856,0.00386609332024137,0.00430029571508592,0.0041383454045797,0.00404627792255649,0.00308731253846008,0.00381329068206282,0.00308731254007665,0.00306060367476545,0.00308731263087491,0.0160138845968964,0.00297549497495327,0.139880015576615,0.00425813402825635,0.537075932833733,0.961165350281026,0.941585610910742,0.00297374899566521,0.575401161525224,0.0274211018340224,0.999982341594546,0.0880725697893964,0.065785188417672,0.0212440565169489,0.00300380392861227,0.0307560530781745,0.00738513451875945,0.99998349980235,0.999983549880679,0.124925849145109,0.0532080377820738,0.00572780955545862,0.999982886527382,0.00297473870082273,0.00302943148668385,0.00674345729092871,0.629715963883163,0.00418619677457138,0.00711128280769399,0.0042986203814477,0.999980349064755,0.13874499880881,0.984710956263787,0.00438209301982971,0.169635574477878,0.0043607322327086,0.00307685447972725,0.00313452384594757,0.00296342076416739,0.0030002266492596,0.628439819618152,0.751321935951331,0.999984675600163,0.00358857104876587,0.00259179879878707,0.00437043842020941,0.501250055079429,0.00308731254806436,0.0286714052359614,0.0043609289387231,0.00324424151764133,0.00435363803170156,0.999982087713171,0.999982401203568,0.103464546756707,0.999981617240334,0.00675029586112427,0.0199058332341163,0.553338718241005,0.011074855700236,0.999985111862011,0.086453818534908,0.348253355877407,0.0354332518969829,0.00445686417306518,0.003840686864539,0.00296342072631573,0.00337119673749753,0.0177157345260951,0.00297262067950996,0.546523420094405,0.00842823093630268,0.692400598066188,0.0045803726935668,0.159486121586679,0.00308731254652393,0.00350816039179836,0.00325882887862645,0.24084236872454,0.00387222575852997,0.00337119673759151,0.0919310519077798,0.00303933181595097,0.00298630207593682,0.00487129438732925,0.00308731254837799,0.00384555977479348,0.00339247987487006,0.00379794888730031,0.0667485728109381,0.00382619379999497,0.003087312538449,0.00383111161519896,0.00308731250770392,0.00371411233868354,0.00417510555750487,0.0497062153142471,0.00308731253965233,0.00379997010035171,0.0030873125383855,0.00382424991451476,0.00380884149559253,0.00387489494486716,0.00308731254313557,0.0038557242440675,0.00865570926780284,0.00297168485127819,0.0030002264464875,0.0117593515936426,0.00392425456015809,0.00300404504352805,0.00382813166567123,0.00320685773020594,0.0032802198267561,0.00340177833832919,0.00297330951552241,0.00297348629984651,0.00354915597035841,0.00381778354199626,0.00369169393385951,0.00300022644785798,0.430243463899713,0.00300022641464973,0.00308731253830484,0.00383050820639786,0.00389337041919858,0.0038101587574712,0.00381533212877547,0.0038122469145259,0.00330364649082379,0.00341192392995372,0.00382977798932127,0.0038951382619067,0.00383974231262893,0.00378445629157355,0.00381401138124355,0.00385270341343285
0.00426488060344256,0.999989975598036,0.00427132418857978,0.0172750314017716,0.00582971878280962,0.225258224209665,0.0978255877434077,0.00569956425939358,0.213202534060316,0.124202491869178,0.0973265620692956,0.104849952663286,0.999986337343719,0.00553486949700436,0.052188847586147,0.00771962917537475,0.510652996607139,0.999983432647818,0.00535748940265074,0.00596240424935906,0.00645467510562005,0.999983878678497,0.999981640509782,0.999989404336185,0.0042648806035257,0.999985604536934,0.00426488060514227,0.174958837123562,0.00426488069594052,0.00726111615082249,0.00650041975855445,0.0154151789832823,0.999980419148604,0.00542668960966569,0.00675870213623704,0.00576696460035757,0.00577434490188272,0.999983219194291,0.00597727579226394,0.00704663656706764,0.00606921864973637,0.00678431564762405,0.139583196815335,0.0241377473773744,0.0237613830032161,0.122949486795858,0.00674823359374854,0.00468289323955947,0.9999878509935,0.0276793017586244,0.00940383246720163,0.00581185731858226,0.00618620509502016,0.999985637347617,0.00663826693200635,0.00605256065712539,0.125648551587868,0.00656410908644763,0.999991706849068,0.00415523386082514,0.0340753712910582,0.00595481597344951,0.999971024194948,0.999989266106802,0.999986200299824,0.999988099317598,0.999986553993503,0.00498116912324733,0.999987656954663,0.00576594460882281,0.00586443426329515,0.00636608731676132,0.390156793608466,0.00376936686385268,0.999975582726426,0.00534811284718043,0.00426488061312998,0.00590155593970766,0.999982980796955,0.999985588316628,0.999997365439469,0.0477366912400204,0.00720513329084901,0.999985205538383,0.00436851769518997,0.0061049101083393,0.00853866517658481,0.356695666959136,0.012035170362027,0.134135236011156,0.00721635518145653,0.0224700930369616,0.421921066204674,0.0558297790790046,0.99999783652487,0.00498116899981887,0.999975072715359,0.00562221086476532,0.00530494344620281,0.0990415969214599,0.00611025806412216,0.0107309254943802,0.0141246847250805,0.00547053219496993,0.00426488061158954,0.0056671064126644,0.00484283485298169,0.0384615594806293,1.00000763054507,0.999975072841394,0.0230627911808785,0.0935852645511247,0.01098976387117,0.260372079271385,0.0042648806134436,0.999995774018097,0.999965790600614,0.99998071299169,0.0161536075646809,0.999991973441722,0.00426488060351461,0.999991632270974,0.00426488057276954,0.717373988608664,0.0166026183990662,0.00595931726932906,0.00426488060471795,0.999980084570562,0.00426488060345112,0.999990808532458,0.999984248863846,1.00000226342683,0.00426488060820118,0.999997059236189,0.0683232523190028,0.00491580825205946,0.999987162362342,0.0313223032925953,0.00653816182508627,0.0261849272780369,0.999993062642939,0.598977439504129,0.999978483990711,0.00531326696465939,0.0055916516278008,0.00566505042720178,0.436797818827879,0.999988569997509,0.999986433958985,0.999987165705168,0.00516737251553668,0.99998708470515,0.00426488060337046,0.999991514608434,1.00000580146218,0.999984234319208,0.999986289066018,0.865162359510265,0.70142076271454,0.999982044779999,0.999989506490515,1.00001405613504,0.99999621550202,0.999975249584827,0.999986061455563,0.999998544138837
0.00432541837381081,0.00428275561767396,0.0213104624059002,0.999987600363155,0.999975215447305,0.019534281925576,0.999988696695685,0.999976043252199,0.999988102666023,0.0364000358096428,0.999985729330785,0.999986491738326,0.999982407495794,0.00490577488964955,0.999991268909106,0.999979808532889,0.00468047441193375,0.00504040464205254,0.999978985020617,0.999988389829459,0.999985036676347,0.999987065249918,0.551541254195371,0.568599205928485,0.00432541837389395,0.00505139651749668,0.00432541837551052,0.999988315197192,0.00432541846630877,0.999980059115438,0.9999718324038,0.999985373786789,0.999989339221094,0.558153585244535,0.999986262658839,0.00491518227940916,0.999975703284451,0.00445968884443237,0.999975661745636,0.00421695735559839,0.999976922565528,0.999981647768398,0.999986694009331,0.99998642893906,0.999985795375941,0.00467940946975047,0.0144437255969233,0.596969564648307,0.177989057441873,0.999990140774548,0.999983866926545,0.00500842147572335,0.999971690998682,0.00426753732211771,0.999976099006882,0.999982595467382,0.999985884746705,0.99997584563462,0.999988445945718,0.00421577163119339,0.99998690258402,0.983493709959323,1.00002480879971,0.00433105565356469,0.999985184255681,0.00431496031516111,0.290466733268169,0.00420152659960126,0.00423833248469347,0.554717808876822,0.749709983499621,0.999983905495375,0.400357935448817,0.00382990463422094,0.999983932658087,0.520091141065466,0.00432541838349823,0.999977475819656,0.999983316703088,0.218390008142082,0.999985520427333,0.00423363284435544,0.816829495504134,0.855880959012328,0.00428116192597696,0.999975523852512,0.999980328208009,0.999990534033577,0.999984569517465,0.0321554412472064,0.999982277927887,0.999988482609852,0.999988321277473,0.999986760394462,0.00507879269997287,0.0042015265617496,0.0046093025729314,0.999980004680084,0.999979381666096,0.99998711239894,0.999972256800615,0.999990368276855,0.999988702032507,0.999978437535615,0.00432541838195779,0.00474626622723223,0.00449693471406032,0.9999879953149,0.00511033159396383,0.00460930257302538,0.99998842051556,0.999984327486228,0.999978684608152,0.999982903019357,0.00432541838381185,0.00508366561022734,0.00463058571030393,0.00503605472273417,0.999988652602355,0.00506429963542884,0.00432541837388286,0.00506921745063283,0.00432541834313779,0.0049522181741174,0.999988693002578,0.999975215413279,0.0043254183750862,0.00503807593578558,0.00432541837381937,0.00506235574994863,0.00504694733102639,0.00511300078030102,0.00432541837856943,0.00509383007950137,0.99998676002723,0.999981240291287,0.00423833228192136,0.99998936950647,0.999977141911426,0.999983678511496,0.0050662375011051,0.00444496356563981,0.00451832566218996,0.00463988417376305,0.999976252321202,0.999976609955981,0.363920501519902,0.00505588937743013,0.49849059587113,0.00423833228329185,0.429539776988041,0.0042383322500836,0.00432541837373871,0.00506861404183173,0.00513147625463245,0.00504826459290507,0.00505343796420934,0.00505035274995976,0.00454175232625765,0.00465002976538758,0.00506788382475513,0.0109664175280672,0.0050778481480628,0.00502256212700741,0.00505211721667742,0.00509080924886672
0.999988025393205,0.00548573339435984,0.999990064006846,0.00513438116056902,0.00497238967937587,0.0050610424783795,0.00530222075496648,0.00497112910377015,0.00536589617741262,0.00502530916772636,0.00534073595665058,0.00516746218438623,0.999914969900383,0.999993871711038,0.00501399743039258,0.00499275804048653,0.99999852182724,1.0000160815479,0.00496781632036385,0.00497368003609441,1.00000220085522,0.999961044215565,0.999966113104137,1.00001325196446,0.999988025560213,1.00001454832118,0.999988028807656,0.00512256762621151,0.999988211207211,0.00499125112168204,0.00497888589975336,0.00506783417599549,0.999993359506491,0.999996448472973,0.974653931241657,0.65912412415142,0.00497185342196141,0.00520784180201688,0.00498318209023615,0.00496511031318289,0.005007301752436,0.00500569473223811,0.00530790025370751,0.00508403830271527,0.00512540480898575,0.830079835102532,0.00496886645648,0.613926286430083,0.00522718156373117,0.00507789971994964,0.00500806897825584,0.841360924691096,0.00497584185640865,0.00502182166844011,0.0049816658564967,0.00521458349628165,0.00516741153957081,0.00498108828855899,0.999972608842448,0.00496392458877789,0.00515542765066618,0.00578058414260442,0.9999087765365,0.00595624111366773,0.999937552995921,0.0051780962021237,0.00521455888875391,0.00502759295342185,0.00498648544227797,0.553581418634533,1.00000112754324,1.00000073381562,0.999965166154633,0.00457805759180544,0.999931406057078,0.999996744086763,0.999988044853718,0.00498292814357647,0.999927462950129,0.00923560471277577,0.999938973496249,0.00498178580193995,0.00529874818243115,0.00578914835038404,0.0050430296636298,0.00497650179636073,0.00500511700198603,0.00535904829844146,0.00503734002540338,0.00503347838939857,0.00501779576577774,0.00517564409492582,0.00527761091114044,0.00514383487053562,1.00000110076959,0.0050275929076343,0.0054353374558863,0.00497602731294419,0.00496730742451689,0.00536526175635831,0.00497719499597513,0.00527408831967594,0.00502315373376597,0.00502885330715705,0.999988041759229,0.999984306126269,0.999978116987029,0.00519918108862898,0.99999046814738,0.00543533745598916,0.00512899417025835,0.00514533538910614,0.00502237950537711,0.00538320871934076,0.999988045483745,1.00000434555151,1.00000391948751,1.00001868193389,0.00505921216680464,1.00000762011011,0.999988025537948,1.00000838830336,0.999987963775877,1.00001039706495,0.00503673415660734,0.00499154281483164,0.999988027955262,1.00001967475227,0.999988025410403,1.00000898134834,1.00001571520691,0.999998369000995,0.999988034952538,1.00000357934345,0.00517280976153437,0.00496353833168505,0.00498648523950587,0.00511131742661243,0.00497961685029694,0.00508210331371757,1.00000635385711,0.0052710113195756,0.00532526071047351,0.999983763411602,0.00497008376648103,0.00497079496008419,0.999995270536176,1.00001132828852,0.496444657954734,0.00498648524087635,0.999995551962239,0.00498648520766811,0.999988025248368,1.00000848311591,0.999995340701117,1.0000158470193,1.00001393376352,1.00001094268682,0.999990611496482,0.99998955706661,1.00001118411937,0.99998878699527,1.00000321302293,1.0000237584695,1.0000140861951,1.00000128605127
0.00412225315905455,0.0100535398807646,0.00412869674419177,0.00421414777443132,0.00402647148266678,0.00572857353329146,0.00563284925934125,0.00402479313041511,0.0202137727620454,0.00407399099538559,0.0106330389397699,0.00427499212456564,0.999997174473759,0.72816566975317,0.0187824323764663,0.00405289948437839,0.517694964071014,0.999956938798731,0.00402038233670516,0.00402818772290594,0.999984412835536,0.999976592186782,0.999982196595424,0.999969119900818,0.00412225315913768,0.999960964368369,0.00412225316075426,0.00420462462335982,0.00412225325155251,0.00404991129759133,0.00403512055226363,0.00413526800462541,0.99997618789548,0.553274467593533,0.988387644435386,0.999984722217605,0.00402575748317201,0.00425652362967611,0.00403770718086721,0.00401379214084212,0.00406204667454495,0.00406276266645045,0.00838239639778708,0.00417414994852264,0.0042261707065041,0.999984583099387,0.00401754828413923,0.00454026579517146,0.00459457668603213,0.0101784596934747,0.00407361970832428,0.960113934274256,0.00403106792922818,0.0824431159120689,0.00403833829471943,0.00426860257521813,0.00427182369157044,0.00403752223519918,0.999983994378434,0.00401260641643712,0.00425067542216737,0.999981580660447,0.999945717038184,0.0791453725088295,0.999989284847285,0.209652740539267,0.00430458265790995,0.99998057415854,0.0040351672699372,0.999985551164113,0.749474984032712,0.999986411499703,0.406446289364372,0.00362673941946467,0.999987901035572,0.517681794515992,0.00412225316874196,0.00403720863084496,0.99998312126654,0.322235428652424,0.999990168654139,0.00403046762959918,0.00435623023147932,0.0229639158186623,0.179396718010056,0.00403146223332263,0.00406787308243564,0.00518720461975697,0.00805834920539302,0.0151802444294901,0.00407622482284448,0.00425150898574904,0.0043739775132732,0.00424994955660682,0.99996834612977,0.999980472674642,0.999986051888351,0.00402942474212864,0.00401970477608369,0.00452764658413032,0.00403217052013432,0.00514648569337681,0.00409340746981587,0.00408158788696756,0.00412225316720153,0.999983516857584,0.380628339498105,0.00429528976298487,0.999978391950235,0.999986052001984,0.00422291827645587,0.00424680757366444,0.00409302424109742,0.0489847451431649,0.00412225316905559,0.999971079020844,0.00455066002423296,0.999955939297214,0.00413333929121692,0.999964213806426,0.0041222531591266,0.999966397545845,0.00412225312838152,0.999965938014483,0.00411138968736464,0.00404598259837773,0.00412225316032994,0.999957087333259,0.00412225315906311,0.999963799818187,0.999959498675402,0.999981104684302,0.00412225316381317,0.99997493471736,0.00525457127874758,0.00401468661795433,0.0040351670671651,0.0106553342943245,0.00403597146483928,0.00417125560829384,0.999964659251958,0.99998624515219,0.755738145379209,0.745463814454099,0.00402340141022335,0.00402434820204246,0.450305544760992,0.999961846661112,0.507936023526122,0.00403516706853559,0.427424349043879,0.00403516703532734,0.00412225315898245,0.999966179212562,0.999987485148496,0.999960079094625,0.999961611732393,0.999981983903741,0.00442167551214213,0.0045468054701585,0.999966678839824,0.999987485301517,0.999968473875773,0.999951954231123,0.999961119615535,0.999973112010141
0.00308731253837694,0.111658385156782,0.00309375612351416,0.217848082340967,0.00297388207932639,0.999984812587074,0.497953358496025,0.00297356914975973,0.309166923106372,0.99998393058676,0.26540564446663,0.00304771775669662,0.00440971767763848,0.734641543244647,0.0484644473583448,0.008351793574824,0.00344236857649989,0.00380229880661867,0.00297274699172751,0.00297420640111856,0.00386609332024137,0.00430029571508592,0.0041383454045797,0.00404627792255649,0.00308731253846008,0.00381329068206282,0.00308731254007665,0.00306060367476545,0.00308731263087491,0.0160138845968964,0.00297549497495327,0.139880015576615,0.00425813402825635,0.537075932833733,0.961165350281026,0.941585610910742,0.00297374899566521,0.575401161525224,0.0274211018340224,0.999982341594546,0.0880725697893964,0.065785188417672,0.0212440565169489,0.00300380392861227,0.0307560530781745,0.00738513451875945,0.99998349980235,0.999983549880679,0.124925849145109,0.0532080377820738,0.00572780955545862,0.999982886527382,0.00297473870082273,0.00302943148668385,0.00674345729092871,0.629715963883163,0.00418619677457138,0.00711128280769399,0.0042986203814477,0.999980349064755,0.13874499880881,0.984710956263787,0.00438209301982971,0.169635574477878,0.0043607322327086,0.00307685447972725,0.00313452384594757,0.00296342076416739,0.0030002266492596,0.628439819618152,0.751321935951331,0.999984675600163,0.00358857104876587,0.00259179879878707,0.00437043842020941,0.501250055079429,0.00308731254806436,0.0286714052359614,0.0043609289387231,0.00324424151764133,0.00435363803170156,0.999982087713171,0.999982401203568,0.103464546756707,0.999981617240334,0.00675029586112427,0.0199058332341163,0.553338718241005,0.011074855700236,0.999985111862011,0.086453818534908,0.348253355877407,0.0354332518969829,0.00445686417306518,0.003840686864539,0.00296342072631573,0.00337119673749753,0.0177157345260951,0.00297262067950996,0.546523420094405,0.00842823093630268,0.692400598066188,0.0045803726935668,0.159486121586679,0.00308731254652393,0.00350816039179836,0.00325882887862645,0.24084236872454,0.00387222575852997,0.00337119673759151,0.0919310519077798,0.00303933181595097,0.00298630207593682,0.00487129438732925,0.00308731254837799,0.00384555977479348,0.00339247987487006,0.00379794888730031,0.0667485728109381,0.00382619379999497,0.003087312538449,0.00383111161519896,0.00308731250770392,0.00371411233868354,0.00417510555750487,0.0497062153142471,0.00308731253965233,0.00379997010035171,0.0030873125383855,0.00382424991451476,0.00380884149559253,0.00387489494486716,0.00308731254313557,0.0038557242440675,0.00865570926780284,0.00297168485127819,0.0030002264464875,0.0117593515936426,0.00392425456015809,0.00300404504352805,0.00382813166567123,0.00320685773020594,0.0032802198267561,0.00340177833832919,0.00297330951552241,0.00297348629984651,0.00354915597035841,0.00381778354199626,0.00369169393385951,0.00300022644785798,0.430243463899713,0.00300022641464973,0.00308731253830484,0.00383050820639786,0.00389337041919858,0.0038101587574712,0.00381533212877547,0.0038122469145259,0.00330364649082379,0.00341192392995372,0.00382977798932127,0.0038951382619067,0.00383974231262893,0.00378445629157355,0.00381401138124355,0.00385270341343285
0.00426493137124647,1.00001498503899,0.00427137495638369,0.0172739815557925,0.00582956322167741,0.225263776862186,0.0978260306092196,0.00569942466118727,0.213202586389391,0.124205654388613,0.0973242720186823,0.104849890195615,1.00002654190556,0.00562322938877892,0.0521878305348354,0.0077192420800128,0.510691790815887,0.999943976830051,0.0053573917585778,0.00596223241554347,0.00651277371315468,0.999983367913745,0.999951501757393,0.999980639185766,0.00426493137132961,0.999961492486436,0.00426493137294618,0.174961771165756,0.00426493146374443,0.0072607856535765,0.00650018193870121,0.0154146525343474,0.999923158004245,0.0054885160608986,0.00677137438433865,0.00580086530998874,0.00577419613213937,1.00000908975454,0.00597710329346172,0.00704676229067387,0.00606903775134163,0.0067840459887147,0.13958159707172,0.024136398766895,0.0237595312199891,0.122994235938255,0.00674835148106457,0.00468294400736338,1.00001164276567,0.0276776657263994,0.00940323868715477,0.00581620650036602,0.006186005812225,1.00000038993722,0.00663801238469609,0.00605240749264276,0.12564917259377,0.00656386365171821,1.00003315645983,0.00415528462862905,0.0340740412112674,0.00581362443265361,0.999956834165169,1.00000445945209,1.00001272257019,0.999984800744473,1.00001051403082,0.00483989817042453,1.00001353337073,0.00573583415593409,0.00591587124952803,0.00645425647677954,0.390266347336473,0.00376941763165659,0.999941519414136,0.00540239416918301,0.00426493138093389,0.00590139278701273,1.00000487463007,0.999963176701727,1.00010952206262,0.0477378717999205,0.00720484780892872,1.00000159004041,0.00434369217199765,0.00610472097528697,0.00853817817796106,0.356704015725814,0.0120336946063834,0.134137069553289,0.00721603351508463,0.022469357152126,0.421929739767381,0.0558285113191068,1.00007490311566,0.00483989806139043,0.999859652765706,0.00562208145304394,0.00530485224668182,0.0990415293441329,0.00611006835459957,0.0107302501255344,0.0141239956572499,0.00547042811021584,0.00426493137939345,0.00586685546786443,0.00500363367681105,0.0384603022360935,1.00016937375257,0.999859652891729,0.0230612373502279,0.0935851904477278,0.0109889754530658,0.260367636928683,0.00426493138124751,1.0000549313923,0.999953816033846,0.999922325923739,0.0161527911888926,1.00001953745342,0.00426493137131852,1.00001691405089,0.00426493134057345,0.717387298267204,0.0166017898330535,0.00595914803004527,0.00426493137252186,0.999915923702342,0.00426493137125503,1.00000861678953,0.999950333259958,1.0001154075872,0.00426493137600509,1.00006621633167,0.0683218219065377,0.00491576477836754,1.00001303876559,0.0313199367160951,0.00653791942157559,0.0261836761421315,1.00002974158931,0.59885160086753,0.999897715699558,0.00547006893199809,0.00559152526462011,0.00566491506199357,0.436727535186278,0.999987801150934,0.999993225192362,1.0000130421085,0.00521785336225845,1.00001296110638,0.00426493137117437,1.00001585164881,1.00014774235225,0.999950038403391,0.999967205878661,0.865181556978055,0.701413376146163,0.999977223882549,0.999995502644115,1.00021390657768,1.00005955682746,0.999878096304022,0.999965363943423,1.0000814325336
0.00432541837381081,0.00428275561767396,0.0213104624059002,0.999987600363155,0.999975215447305,0.019534281925576,0.999988696695685,0.999976043252199,0.999988102666023,0.0364000358096428,0.999985729330785,0.999986491738326,0.999982407495794,0.00490577488964955,0.999991268909106,0.999979808532889,0.00468047441193375,0.00504040464205254,0.999978985020617,0.999988389829459,0.999985036676347,0.999987065249918,0.551541254195371,0.568599205928485,0.00432541837389395,0.00505139651749668,0.00432541837551052,0.999988315197192,0.00432541846630877,0.999980059115438,0.9999718324038,0.999985373786789,0.999989339221094,0.558153585244535,0.999986262658839,0.00491518227940916,0.999975703284451,0.00445968884443237,0.999975661745636,0.00421695735559839,0.999976922565528,0.999981647768398,0.999986694009331,0.99998642893906,0.999985795375941,0.00467940946975047,0.0144437255969233,0.596969564648307,0.177989057441873,0.999990140774548,0.999983866926545,0.00500842147572335,0.999971690998682,0.00426753732211771,0.999976099006882,0.999982595467382,0.999985884746705,0.99997584563462,0.999988445945718,0.00421577163119339,0.99998690258402,0.983493709959323,1.00002480879971,0.00433105565356469,0.999985184255681,0.00431496031516111,0.290466733268169,0.00420152659960126,0.00423833248469347,0.554717808876822,0.749709983499621,0.999983905495375,0.400357935448817,0.00382990463422094,0.999983932658087,0.520091141065466,0.00432541838349823,0.999977475819656,0.999983316703088,0.218390008142082,0.999985520427333,0.00423363284435544,0.816829495504134,0.855880959012328,0.00428116192597696,0.999975523852512,0.999980328208009,0.999990534033577,0.999984569517465,0.0321554412472064,0.999982277927887,0.999988482609852,0.999988321277473,0.999986760394462,0.00507879269997287,0.0042015265617496,0.0046093025729314,0.999980004680084,0.999979381666096,0.99998711239894,0.999972256800615,0.999990368276855,0.999988702032507,0.999978437535615,0.00432541838195779,0.00474626622723223,0.00449693471406032,0.9999879953149,0.00511033159396383,0.00460930257302538,0.99998842051556,0.999984327486228,0.999978684608152,0.999982903019357,0.00432541838381185,0.00508366561022734,0.00463058571030393,0.00503605472273417,0.999988652602355,0.00506429963542884,0.00432541837388286,0.00506921745063283,0.00432541834313779,0.0049522181741174,0.999988693002578,0.999975215413279,0.0043254183750862,0.00503807593578558,0.00432541837381937,0.00506235574994863,0.00504694733102639,0.00511300078030102,0.00432541837856943,0.00509383007950137,0.99998676002723,0.999981240291287,0.00423833228192136,0.99998936950647,0.999977141911426,0.999983678511496,0.0050662375011051,0.00444496356563981,0.00451832566218996,0.00463988417376305,0.999976252321202,0.999976609955981,0.363920501519902,0.00505588937743013,0.49849059587113,0.00423833228329185,0.429539776988041,0.0042383322500836,0.00432541837373871,0.00506861404183173,0.00513147625463245,0.00504826459290507,0.00505343796420934,0.00505035274995976,0.00454175232625765,0.00465002976538758,0.00506788382475513,0.0109664175280672,0.0050778481480628,0.00502256212700741,0.00505211721667742,0.00509080924886672
0.99997357305623,0.00548566331912933,0.999975611734447,0.00514708542812076,0.00497470666488183,0.0050611236267764,0.00531852322023927,0.00497327713479457,0.0053933275720211,0.00502544233062749,0.00537456732370631,0.0051913943136418,0.999986964788486,0.999968113471122,0.00501561690415555,0.00499752562596258,0.999969369412529,0.999968778648069,0.00496952030128786,0.00497616925461081,0.999968876210359,0.999981045170307,0.999984083872856,0.999972199844383,0.999973573223236,0.999968865264422,0.999973576470631,0.00513619815549753,0.999973758867513,0.0049954196625096,0.00498207352637156,0.00507555089971222,0.999981433522999,0.999973103739902,0.97461840735684,0.659093638167897,0.00497409852618507,0.00520797496491801,0.0049856783470907,0.00496524347608402,0.00500988691209001,0.00500921934915799,0.00534813442175438,0.00510092624000004,0.00514660146862613,0.830046646761248,0.00496899961938113,0.613917499907235,0.00524515410799629,0.00509043679530126,0.00501502415164601,0.84132685227986,0.00497862159986632,0.0050194366767711,0.00498503052953143,0.00521687511521702,0.00519008279345055,0.00498435651239755,0.99997754523863,0.00496405775167902,0.00517439270610044,0.00574903253572348,0.999987352920828,0.00595394243337035,0.999984004167674,0.00517162327825383,0.00523141128754171,0.00499572717070161,0.0049866186051791,0.55354848247136,0.999972622833859,0.999968662233028,0.999975411674966,0.00457819075470657,0.999989752867651,0.999973754425306,0.999973592516457,0.00498532547954899,0.999984735042219,0.0092531842193064,0.999976142856369,0.00498191896484108,0.00530244027294742,0.0058492626203677,0.00503753018153256,0.00497917411311315,0.00501094198157045,0.00536551276024989,0.00504757521359192,0.00503335411348776,0.00502187083904412,0.00518677045332542,0.0052970284366951,0.00516719465203929,0.999962696394365,0.00499572712817332,0.00540348459821577,0.00497806752837825,0.00496894319514287,0.00538780113905382,0.00497987341419258,0.00528097013569039,0.00503201086588217,0.00503062545740987,0.999973589422014,0.999959176286262,0.999964953320982,0.00521849430472968,0.999958805231721,0.00540348459831499,0.00514742391768225,0.00516681768070276,0.00503139476300664,0.00542408544186276,0.999973593146475,0.999965386581896,0.999979757789961,0.999970075726494,0.00506963574914951,0.999965572361673,0.999973573200971,0.999966594184808,0.999973511439804,0.99996826597392,0.00504737143356853,0.00499400457235634,0.999973575618249,0.999970923727516,0.999973573073428,0.99996628443791,0.999969191445439,0.99996440456068,0.999973582615423,0.999965902546006,0.00519918847489134,0.00496466896354417,0.004986618402407,0.00513052314662442,0.00498285299117062,0.00509860327649146,0.999964921812165,0.00523915317580746,0.00530125213376815,0.999961867981964,0.00497209171561169,0.00497289818829475,0.999984488996705,0.999967186561192,0.496480261453696,0.00498661840377748,0.999974420943735,0.00498661837056924,0.999973572911394,0.999966594799131,0.999964253810951,0.999969408240533,0.999968663781749,0.99997175765179,0.999969613358578,0.999967232234894,0.99996829608083,0.999960669018677,0.999964030468523,0.999972137362672,0.999968633389071,0.999964088456163
0.00308731253837694,0.111658385156782,0.00309375612351416,0.217848082340967,0.00297388207932639,0.999984812587074,0.497953358496025,0.00297356914975973,0.309166923106372,0.99998393058676,0.26540564446663,0.00304771775669662,0.00440971767763848,0.734641543244647,0.0484644473583448,0.008351793574824,0.00344236857649989,0.00380229880661867,0.00297274699172751,0.00297420640111856,0.00386609332024137,0.00430029571508592,0.0041383454045797,0.00404627792255649,0.00308731253846008,0.00381329068206282,0.00308731254007665,0.00306060367476545,0.00308731263087491,0.0160138845968964,0.00297549497495327,0.139880015576615,0.00425813402825635,0.537075932833733,0.961165350281026,0.941585610910742,0.00297374899566521,0.575401161525224,0.0274211018340224,0.999982341594546,0.0880725697893964,0.065785188417672,0.0212440565169489,0.00300380392861227,0.0307560530781745,0.00738513451875945,0.99998349980235,0.999983549880679,0.124925849145109,0.0532080377820738,0.00572780955545862,0.999982886527382,0.00297473870082273,0.00302943148668385,0.00674345729092871,0.629715963883163,0.00418619677457138,0.00711128280769399,0.0042986203814477,0.999980349064755,0.13874499880881,0.984710956263787,0.00438209301982971,0.169635574477878,0.0043607322327086,0.00307685447972725,0.00313452384594757,0.00296342076416739,0.0030002266492596,0.628439819618152,0.751321935951331,0.999984675600163,0.00358857104876587,0.00259179879878707,0.00437043842020941,0.501250055079429,0.00308731254806436,0.0286714052359614,0.0043609289387231,0.00324424151764133,0.00435363803170156,0.999982087713171,0.999982401203568,0.103464546756707,0.999981617240334,0.00675029586112427,0.0199058332341163,0.553338718241005,0.011074855700236,0.999985111862011,0.086453818534908,0.348253355877407,0.0354332518969829,0.00445686417306518,0.003840686864539,0.00296342072631573,0.00337119673749753,0.0177157345260951,0.00297262067950996,0.546523420094405,0.00842823093630268,0.692400598066188,0.0045803726935668,0.159486121586679,0.00308731254652393,0.00350816039179836,0.00325882887862645,0.24084236872454,0.00387222575852997,0.00337119673759151,0.0919310519077798,0.00303933181595097,0.00298630207593682,0.00487129438732925,0.00308731254837799,0.00384555977479348,0.00339247987487006,0.00379794888730031,0.0667485728109381,0.00382619379999497,0.003087312538449,0.00383111161519896,0.00308731250770392,0.00371411233868354,0.00417510555750487,0.0497062153142471,0.00308731253965233,0.00379997010035171,0.0030873125383855,0.00382424991451476,0.00380884149559253,0.00387489494486716,0.00308731254313557,0.0038557242440675,0.00865570926780284,0.00297168485127819,0.0030002264464875,0.0117593515936426,0.00392425456015809,0.00300404504352805,0.00382813166567123,0.00320685773020594,0.0032802198267561,0.00340177833832919,0.00297330951552241,0.00297348629984651,0.00354915597035841,0.00381778354199626,0.00369169393385951,0.00300022644785798,0.430243463899713,0.00300022641464973,0.00308731253830484,0.00383050820639786,0.00389337041919858,0.0038101587574712,0.00381533212877547,0.0038122469145259,0.00330364649082379,0.00341192392995372,0.00382977798932127,0.0038951382619067,0.00383974231262893,0.00378445629157355,0.00381401138124355,0.00385270341343285
0.00426487012859346,0.999988006685357,0.00427131371373068,0.0172753499412633,0.00582976666131678,0.225257782296661,0.0978258612361957,0.00569960762331195,0.213203097669158,0.124202235100755,0.0973274044668384,0.104850409106048,0.999980020346266,0.00552011788596143,0.0521889959882408,0.00771974253572682,0.510647813589593,0.999987217976529,0.00535752090122179,0.00596245673005973,0.00644259036828677,0.999983017921769,0.999984210655509,0.999988680865588,0.0042648701286766,0.999987174500973,0.00426487013029317,0.174958858164038,0.00426487022109142,0.00726121350425819,0.0065004909012365,0.0154153601226221,0.999986204983631,0.00541617167796435,0.00675254033895491,0.0057579956030269,0.00577439085966882,0.999981165095878,0.00597732846103422,0.00704662015950455,0.00606927369405525,0.00678439579493636,0.139584100836848,0.0241381700688007,0.02376192843173,0.122939505738735,0.00674821780642387,0.00468288276471037,0.999986305560876,0.0276796821999388,0.00940400428152181,0.00580688990605085,0.00618626533876228,0.999984658490829,0.00663834280549968,0.00605260785781901,0.125648929671463,0.00656418238274705,0.999984581250752,0.00415522338597604,0.0340758324850386,0.00596846968654143,0.999972964413131,0.999988248105499,0.99998160259492,0.99998886645929,0.999984972834351,0.00499482541686814,0.999985602392765,0.00576524464546365,0.00585435613481345,0.00635011060795703,0.390142349482639,0.00376935638900359,0.999979196712098,0.00533873338700215,0.00426487013828088,0.00590160596523876,0.999979636944301,0.999988684669729,0.999981416847193,0.0477365913426961,0.00720521791317977,0.99998511235304,0.00437091292632809,0.00610496748156035,0.00853880679129004,0.356695123907863,0.0120354873745517,0.134135113987832,0.00721645003736982,0.0224703563634399,0.421920744322113,0.0558303199065541,0.999985998416416,0.00499482529204765,0.999986681912883,0.00562225134777132,0.00530497312214421,0.0990420271497975,0.00611031560037887,0.0107311048642435,0.0141249006800989,0.0054705655150759,0.00426487013674045,0.00563671246245867,0.00482032505437653,0.0384620216092685,0.999984341934577,0.99998668203892,0.0230632597838843,0.0935856747734902,0.0109899907324657,0.260373346659871,0.00426487013859451,0.999986050381837,0.999971217276806,0.999986986399928,0.016153863738707,0.99998672435631,0.00426487012866551,0.999986538242668,0.00426487009792044,0.717370088991965,0.0166028796499921,0.00595936901625171,0.00426487012986885,0.999987027682412,0.00426487012860202,0.999986833693572,0.999987165761434,0.999984993705115,0.00426487013335208,0.999985811922838,0.0683238671231796,0.00491582443031915,0.999985107801459,0.0313228712061256,0.00653823426410513,0.0261853347887437,0.99998661977242,0.598989873745365,0.999986742274699,0.00528959312345156,0.0055916912486273,0.00566509259395581,0.43680704428084,0.999987095211853,0.999985919813787,0.999985111144277,0.00515889941704444,0.999985030144426,0.00426487012852136,0.999986555030108,0.999984431341826,0.999987151272792,0.999987174513985,0.865156898193119,0.701424364936629,0.999986057284683,0.99998686465099,0.999985442493703,0.999986122454545,0.99998673999834,0.999987184357016,0.999985656580341
0.00412224802239734,0.0100535675038348,0.00412869160753456,0.00421680413973665,0.00402692869584359,0.00572859166639251,0.00563629371884497,0.00402521457325219,0.0202198802139364,0.00407398585872839,0.0106402986916587,0.00428002560602666,1.00001998082414,0.728191765532593,0.0187830535300976,0.00405387552838281,0.517646315118768,0.99989478381546,0.00402070976710287,0.00402868140053898,1.00001523291595,0.999951168817494,0.999969839761454,0.999934242115812,0.00412224802248048,0.999909776612732,0.00412224802409705,0.00420747709294494,0.00412224811489531,0.00405076051435566,0.00403576209395359,0.00413686842790543,0.999951813694949,0.553293825722167,0.988414414655037,1.0000134180167,0.00402619947794287,0.00425651849301891,0.00403820234862791,0.00401378700418492,0.0040625606644364,0.00406347555432471,0.00839096442647616,0.0041776920629737,0.00423062504572173,1.00000402148438,0.00401754314748202,0.00454026065851426,0.00459835424368072,0.0101812081613285,0.00407505889933832,0.960139159420511,0.00403162311559278,0.0824442373236498,0.00403901731993993,0.00426905441789017,0.00427659022574396,0.00403818084059724,0.999982083470507,0.00401260127977992,0.0042546572954292,0.999995941486424,0.999922964596322,0.0791463437881355,0.999994336424455,0.209655678110544,0.00430811724829832,0.999994884408333,0.00403516213328,1.00000898280474,0.749498600753787,1.00001955470408,0.406443814808715,0.00362673428280747,0.999984529941759,0.517699606497017,0.00412224803208476,0.00403768285548817,0.999970234974798,0.322245732513881,1.00000267663737,0.00403046249294198,0.00435697857616648,0.0229769903138386,0.179399232752986,0.00403199467575225,0.00406907299352038,0.00518855609331679,0.00806056641306213,0.0151804198057206,0.00407705425104572,0.00425383128269508,0.00437805518162599,0.00425486186298361,0.99993953618584,0.999994782922977,1.00000035635586,0.0040298233586976,0.00402001776528096,0.00453238643356874,0.00403270425434072,0.00514792644238929,0.00409524933561648,0.00408192974989189,0.00412224803054433,1.00002585441107,0.380651352348133,0.00429934534737415,0.999977848744818,1.00000035646949,0.00422678681653341,0.0042513223856912,0.00409489958457367,0.0489943073421731,0.00412224803239839,0.999949077491318,0.00443967369478387,0.999890457131269,0.00413551279934123,0.9999232487033,0.0041222480224694,0.999931059789178,0.00412224799172432,0.999929599817655,0.00411360843802383,0.00404647046208389,0.00412224802367273,0.999894298872652,0.00412224802240591,0.999921449849281,0.999904154725607,0.999987346039341,0.00412224802715597,0.999963404935655,0.0052601432421819,0.00401489266127399,0.0040351619305079,0.0106595036609575,0.00403662327776552,0.00417471558239599,0.999925122819877,1.00000055198454,0.755748940546291,0.745495995470782,0.00402379319550482,0.00402476015941423,0.450259903712952,0.999913797010375,0.507934179918534,0.00403516193187838,0.427439500705657,0.00403516189867014,0.00412224802232524,0.99993024746544,1.0000119240537,0.99990621637894,0.999912289191622,0.999987131995134,0.00434684657577837,0.00445680029393471,0.999931382797758,1.00000683444048,0.999939698691328,0.999874579737659,0.999910461220082,0.999957154448502
0.00432541837381081,0.00428275561767396,0.0213104624059002,0.999987600363155,0.999975215447305,0.019534281925576,0.999988696695685,0.999976043252199,0.999988102666023,0.0364000358096428,0.999985729330785,0.999986491738326,0.999982407495794,0.00490577488964955,0.999991268909106,0.999979808532889,0.00468047441193375,0.00504040464205254,0.999978985020617,0.999988389829459,0.999985036676347,0.999987065249918,0.551541254195371,0.568599205928485,0.00432541837389395,0.00505139651749668,0.00432541837551052,0.999988315197192,0.00432541846630877,0.999980059115438,0.9999718324038,0.999985373786789,0.999989339221094,0.558153585244535,0.999986262658839,0.00491518227940916,0.999975703284451,0.00445968884443237,0.999975661745636,0.00421695735559839,0.999976922565528,0.999981647768398,0.999986694009331,0.99998642893906,0.999985795375941,0.00467940946975047,0.0144437255969233,0.596969564648307,0.177989057441873,0.999990140774548,0.999983866926545,0.00500842147572335,0.999971690998682,0.00426753732211771,0.999976099006882,0.999982595467382,0.999985884746705,0.99997584563462,0.999988445945718,0.00421577163119339,0.99998690258402,0.983493709959323,1.00002480879971,0.00433105565356469,0.999985184255681,0.00431496031516111,0.290466733268169,0.00420152659960126,0.00423833248469347,0.554717808876822,0.749709983499621,0.999983905495375,0.400357935448817,0.00382990463422094,0.999983932658087,0.520091141065466,0.00432541838349823,0.999977475819656,0.999983316703088,0.218390008142082,0.999985520427333,0.00423363284435544,0.816829495504134,0.855880959012328,0.00428116192597696,0.999975523852512,0.999980328208009,0.999990534033577,0.999984569517465,0.0321554412472064,0.999982277927887,0.999988482609852,0.999988321277473,0.999986760394462,0.00507879269997287,0.0042015265617496,0.0046093025729314,0.999980004680084,0.999979381666096,0.99998711239894,0.999972256800615,0.999990368276855,0.999988702032507,0.999978437535615,0.00432541838195779,0.00474626622723223,0.00449693471406032,0.9999879953149,0.00511033159396383,0.00460930257302538,0.99998842051556,0.999984327486228,0.999978684608152,0.999982903019357,0.00432541838381185,0.00508366561022734,0.00463058571030393,0.00503605472273417,0.999988652602355,0.00506429963542884,0.00432541837388286,0.00506921745063283,0.00432541834313779,0.0049522181741174,0.999988693002578,0.999975215413279,0.0043254183750862,0.00503807593578558,0.00432541837381937,0.00506235574994863,0.00504694733102639,0.00511300078030102,0.00432541837856943,0.00509383007950137,0.99998676002723,0.999981240291287,0.00423833228192136,0.99998936950647,0.999977141911426,0.999983678511496,0.0050662375011051,0.00444496356563981,0.00451832566218996,0.00463988417376305,0.999976252321202,0.999976609955981,0.363920501519902,0.00505588937743013,0.49849059587113,0.00423833228329185,0.429539776988041,0.0042383322500836,0.00432541837373871,0.00506861404183173,0.00513147625463245,0.00504826459290507,0.00505343796420934,0.00505035274995976,0.00454175232625765,0.00465002976538758,0.00506788382475513,0.0109664175280672,0.0050778481480628,0.00502256212700741,0.00505211721667742,0.00509080924886672
0.999979778185898,0.00548575365817057,0.999981816836403,0.00514155061060954,0.00497370056374026,0.00506110793793032,0.00531143161689976,0.00497234469555252,0.00538152367629991,0.00502538834700187,0.00535988079678824,0.00518096429824626,0.999956193178715,0.999977812726588,0.00501505686456306,0.00499545109593354,0.99997928625444,0.999991291560667,0.00496878146196442,0.00497508806217488,0.999984127013401,0.999973189418371,0.999979239974774,0.999991868649301,0.999979778352905,0.999990496927538,0.99997978160032,0.0051302595002297,0.99997996399835,0.00499360630795397,0.00498068783732243,0.00507219058476196,0.999990770735871,0.999982325948271,0.974636580617775,0.65910875506476,0.00497312376432344,0.00520792098129239,0.00498459408603325,0.00496518949245841,0.00500876389059827,0.00500768673683394,0.00533063481268114,0.00509356739830986,0.00513736408148217,0.830062070253249,0.00496894563575551,0.613921273651429,0.00523732504102466,0.00508503295373931,0.00501199586247641,0.841344680907468,0.00497741374243261,0.00502123664091485,0.0049835676506071,0.00521588007356175,0.00518020250289443,0.00498293568403578,0.999975760639817,0.00496400376805341,0.00516612826861302,0.00577239298478668,0.999953775270688,0.00595566867514806,0.999964504724125,0.00517643175639452,0.005224067940162,0.00501923185760409,0.00498656462155349,0.553567498502666,0.999985217542268,0.999982043186787,0.999966252188266,0.00457813677108096,0.99996729469687,0.999983033593183,0.999979797646248,0.00498428434667616,0.999959611044022,0.00924858283198341,0.999957181807569,0.00498186498121546,0.00530083464437002,0.00582323109340777,0.00504162313541196,0.00497801309228948,0.00500840644181946,0.00536270578281096,0.00504315495904822,0.00503351943136512,0.00502009823509799,0.00518192358314976,0.00528856672827271,0.00515701417262648,0.999977422332657,0.00501923181267623,0.00542697976927384,0.00497718209529496,0.00496823409459921,0.00537797890494183,0.00497870973321157,0.00527798161419418,0.00502815334808674,0.00502985689716868,0.999979794551785,0.99996461691358,0.999964791447833,0.00521007807383736,0.999967960833189,0.00542697976937574,0.00513939286734449,0.0051574557618372,0.00502746830459734,0.00540669660836847,0.99997979827627,0.99998157092699,0.999986294656814,0.999993899597062,0.00506509527995625,0.999983650541401,0.999979778330639,0.999984962541985,0.999979716569085,0.9999869542381,0.00504273779637398,0.00499293535254636,0.999979780747933,0.999995228709662,0.999979778203096,0.999985045414711,0.99999144865522,0.999977261487935,0.999979787745151,0.999981585433334,0.00518770112084848,0.00496418009676256,0.00498656441878138,0.00512221598362826,0.00498144615055344,0.0050914135865111,0.999982364999381,0.00526265223866352,0.00531897208857457,0.999966927105395,0.00497122035020614,0.00497198528248171,0.999991215242155,0.999987180605332,0.496465613345877,0.00498656442015187,0.999982751162849,0.00498656438694362,0.999979778041061,0.999985019197715,0.999975404545311,0.99999171840827,0.999989968715277,0.999991203731904,0.999976042028529,0.999973705829633,0.999988075143785,0.999967464818651,0.999979760493852,0.99999853440212,0.999990027050348,0.999978670525923
0.999972669721567,0.00548559931851344,0.99997470840381,0.0051479893857516,0.00497486843382571,0.00506111016885697,0.00531967240567287,0.00497342683165797,0.00539513345984033,0.00502544806179127,0.00537692197406023,0.00519310052078303,0.999991574758718,0.999967886863425,0.00501558819326545,0.0049978624943758,0.999970093176579,0.999963550862892,0.0049696382700284,0.00497634332989154,0.999965879864118,0.999981665384683,0.999982448930048,0.999967556882026,0.999972669888573,0.999963935786972,0.999972673135965,0.00513716829607954,0.999972855532681,0.00499571372818008,0.00498229750408007,0.00507609848898859,0.999976514993115,0.999972462815828,0.974613292065503,0.659089731532271,0.00497425515909102,0.00520798069608179,0.00498585292527247,0.00496524920724781,0.0050100678425256,0.00500946740538756,0.00535096790982888,0.00510212912783535,0.00514811222188509,0.830043414788598,0.00496900535054491,0.613916949703973,0.00524643186845054,0.0050912712621389,0.00501551732687698,0.841321546578348,0.00497881643364035,0.0050185134155643,0.00498526715750272,0.00521703507167697,0.00519169890893589,0.00498458624891234,0.999977604670772,0.00496406348284281,0.00517574400750393,0.00573726292464367,0.999992334257467,0.00595306107320223,0.999986644591326,0.00516919304759467,0.00523261163609193,0.00498392791709538,0.00498662433634289,0.553541571434446,0.999970506514684,0.999967076529859,0.999980867942025,0.00457819648587036,0.999991013977848,0.999972924930166,0.999972689181777,0.00498549298966819,0.999989037330958,0.00925140594408152,0.999981625111253,0.00498192469600486,0.00530270029544575,0.00585338228860604,0.00503545792896502,0.00497936127106929,0.00501135440256243,0.00536596357350443,0.00504826502659383,0.00503323537982136,0.00502215822630092,0.00518756166670646,0.00529841206784597,0.00516885996397573,0.999962023981034,0.0049839278757695,0.00539169011289213,0.00497820952163727,0.00496905629014345,0.00538940727496154,0.00498006100810861,0.00528145035665284,0.00503263993924734,0.00503074829696304,0.999972686087337,0.999962991640121,0.999969963853695,0.00521987048279549,0.999961258181974,0.00539169011299,0.00514873697043248,0.00516834884284305,0.00503203513470438,0.00542657754007672,0.999972689811795,0.999963466828418,0.999981967703046,0.999964011986592,0.00507037674800522,0.99996287246785,0.999972669866308,0.999963517088468,0.999972608105199,0.999964991628882,0.00504812770126223,0.00499417668550326,0.999972672283585,0.9999644349859,0.999972669738765,0.999963138636526,0.999963940639681,0.999964008759226,0.999972679280752,0.999964024774447,0.0052010602416541,0.00496474596553442,0.00498662413357078,0.00513183001876137,0.00498308043530387,0.00509977844289863,0.999962632356076,0.00522735674034763,0.00529235154433786,0.999964869331759,0.00497223140338934,0.00497304468392211,0.999981717251048,0.999963332084075,0.496481964266157,0.00498662413494127,0.999973856123491,0.00498662410173302,0.999972669576732,0.999963495608601,0.999964527245974,0.999964074878244,0.999963911365821,0.999966688691432,0.999970809000493,0.999968853664898,0.999964210049389,0.999964201623641,0.999962639780307,0.999964594703156,0.999963857932798,0.999963130709708
0.00308731253837694,0.111658385156782,0.00309375612351416,0.217848082340967,0.00297388207932639,0.999984812587074,0.497953358496025,0.00297356914975973,0.309166923106372,0.99998393058676,0.26540564446663,0.00304771775669662,0.00440971767763848,0.734641543244647,0.0484644473583448,0.008351793574824,0.00344236857649989,0.00380229880661867,0.00297274699172751,0.00297420640111856,0.00386609332024137,0.00430029571508592,0.0041383454045797,0.00404627792255649,0.00308731253846008,0.00381329068206282,0.00308731254007665,0.00306060367476545,0.00308731263087491,0.0160138845968964,0.00297549497495327,0.139880015576615,0.00425813402825635,0.537075932833733,0.961165350281026,0.941585610910742,0.00297374899566521,0.575401161525224,0.0274211018340224,0.999982341594546,0.0880725697893964,0.065785188417672,0.0212440565169489,0.00300380392861227,0.0307560530781745,0.00738513451875945,0.99998349980235,0.999983549880679,0.124925849145109,0.0532080377820738,0.00572780955545862,0.999982886527382,0.00297473870082273,0.00302943148668385,0.00674345729092871,0.629715963883163,0.00418619677457138,0.00711128280769399,0.0042986203814477,0.999980349064755,0.13874499880881,0.984710956263787,0.00438209301982971,0.169635574477878,0.0043607322327086,0.00307685447972725,0.00313452384594757,0.00296342076416739,0.0030002266492596,0.628439819618152,0.751321935951331,0.999984675600163,0.00358857104876587,0.00259179879878707,0.00437043842020941,0.501250055079429,0.00308731254806436,0.0286714052359614,0.0043609289387231,0.00324424151764133,0.00435363803170156,0.999982087713171,0.999982401203568,0.103464546756707,0.999981617240334,0.00675029586112427,0.0199058332341163,0.553338718241005,0.011074855700236,0.999985111862011,0.086453818534908,0.348253355877407,0.0354332518969829,0.00445686417306518,0.003840686864539,0.00296342072631573,0.00337119673749753,0.0177157345260951,0.00297262067950996,0.546523420094405,0.00842823093630268,0.692400598066188,0.0045803726935668,0.159486121586679,0.00308731254652393,0.00350816039179836,0.00325882887862645,0.24084236872454,0.00387222575852997,0.00337119673759151,0.0919310519077798,0.00303933181595097,0.00298630207593682,0.00487129438732925,0.00308731254837799,0.00384555977479348,0.00339247987487006,0.00379794888730031,0.0667485728109381,0.00382619379999497,0.003087312538449,0.00383111161519896,0.00308731250770392,0.00371411233868354,0.00417510555750487,0.0497062153142471,0.00308731253965233,0.00379997010035171,0.0030873125383855,0.00382424991451476,0.00380884149559253,0.00387489494486716,0.00308731254313557,0.0038557242440675,0.00865570926780284,0.00297168485127819,0.0030002264464875,0.0117593515936426,0.00392425456015809,0.00300404504352805,0.00382813166567123,0.00320685773020594,0.0032802198267561,0.00340177833832919,0.00297330951552241,0.00297348629984651,0.00354915597035841,0.00381778354199626,0.00369169393385951,0.00300022644785798,0.430243463899713,0.00300022641464973,0.00308731253830484,0.00383050820639786,0.00389337041919858,0.0038101587574712,0.00381533212877547,0.0038122469145259,0.00330364649082379,0.00341192392995372,0.00382977798932127,0.0038951382619067,0.00383974231262893,0.00378445629157355,0.00381401138124355,0.00385270341343285
0.00432541837381081,0.00428275561767396,0.0213104624059002,0.999987600363155,0.999975215447305,0.019534281925576,0.999988696695685,0.999976043252199,0.999988102666023,0.0364000358096428,0.999985729330785,0.999986491738326,0.999982407495794,0.00490577488964955,0.999991268909106,0.999979808532889,0.00468047441193375,0.00504040464205254,0.999978985020617,0.999988389829459,0.999985036676347,0.999987065249918,0.551541254195371,0.568599205928485,0.00432541837389395,0.00505139651749668,0.00432541837551052,0.999988315197192,0.00432541846630877,0.999980059115438,0.9999718324038,0.999985373786789,0.999989339221094,0.558153585244535,0.999986262658839,0.00491518227940916,0.999975703284451,0.00445968884443237,0.999975661745636,0.00421695735559839,0.999976922565528,0.999981647768398,0.999986694009331,0.99998642893906,0.999985795375941,0.00467940946975047,0.0144437255969233,0.596969564648307,0.177989057441873,0.999990140774548,0.999983866926545,0.00500842147572335,0.999971690998682,0.00426753732211771,0.999976099006882,0.999982595467382,0.999985884746705,0.99997584563462,0.999988445945718,0.00421577163119339,0.99998690258402,0.983493709959323,1.00002480879971,0.00433105565356469,0.999985184255681,0.00431496031516111,0.290466733268169,0.00420152659960126,0.00423833248469347,0.554717808876822,0.749709983499621,0.999983905495375,0.400357935448817,0.00382990463422094,0.999983932658087,0.520091141065466,0.00432541838349823,0.999977475819656,0.999983316703088,0.218390008142082,0.999985520427333,0.00423363284435544,0.816829495504134,0.855880959012328,0.00428116192597696,0.999975523852512,0.999980328208009,0.999990534033577,0.999984569517465,0.0321554412472064,0.999982277927887,0.999988482609852,0.999988321277473,0.999986760394462,0.00507879269997287,0.0042015265617496,0.0046093025729314,0.999980004680084,0.999979381666096,0.99998711239894,0.999972256800615,0.999990368276855,0.999988702032507,0.999978437535615,0.00432541838195779,0.00474626622723223,0.00449693471406032,0.9999879953149,0.00511033159396383,0.00460930257302538,0.99998842051556,0.999984327486228,0.999978684608152,0.999982903019357,0.00432541838381185,0.00508366561022734,0.00463058571030393,0.00503605472273417,0.999988652602355,0.00506429963542884,0.00432541837388286,0.00506921745063283,0.00432541834313779,0.0049522181741174,0.999988693002578,0.999975215413279,0.0043254183750862,0.00503807593578558,0.00432541837381937,0.00506235574994863,0.00504694733102639,0.00511300078030102,0.00432541837856943,0.00509383007950137,0.99998676002723,0.999981240291287,0.00423833228192136,0.99998936950647,0.999977141911426,0.999983678511496,0.0050662375011051,0.00444496356563981,0.00451832566218996,0.00463988417376305,0.999976252321202,0.999976609955981,0.363920501519902,0.00505588937743013,0.49849059587113,0.00423833228329185,0.429539776988041,0.0042383322500836,0.00432541837373871,0.00506861404183173,0.00513147625463245,0.00504826459290507,0.00505343796420934,0.00505035274995976,0.00454175232625765,0.00465002976538758,0.00506788382475513,0.0109664175280672,0.0050778481480628,0.00502256212700741,0.00505211721667742,0.00509080924886672
0.00412225167734909,0.0100535201066534,0.00412869526248631,0.00421223980657217,0.00402613881069014,0.00572855830353927,0.00563037900455107,0.00402448608143571,0.0202094210920786,0.00407398951368013,0.010627844588446,0.00427138138169437,0.999981377276028,0.728150260288307,0.0187820088176374,0.00405219516368503,0.517725029703597,0.999995365292785,0.00402014263068339,0.00402782893072279,0.99996619585401,0.999991240833794,0.999988831277484,0.999990864040117,0.00412225167743222,0.999992712319296,0.0041222516790488,0.00420257618215166,0.00412225176984705,0.00404929782574216,0.00403465584215101,0.00413411642878801,0.999990733274996,0.553263035384336,0.98837181744324,0.999967775569945,0.0040254357124386,0.00425652214797065,0.00403734732127633,0.00401379065913666,0.00406167333229198,0.00406224684966408,0.00837626087273358,0.00417160750114564,0.00422297481460179,0.999973310475291,0.00401754680243377,0.004540264313466,0.00459186608143095,0.010176496612644,0.00407258362632718,0.960099035778362,0.00403066507713197,0.0824424488524211,0.00403784673441735,0.00426827375023958,0.00426840416828665,0.00403704530201716,0.999984763573359,0.00401260493473166,0.00424781796691305,0.999973083893491,0.99995739608596,0.0791447961861416,0.999984841632519,0.209651000702389,0.0043020456001669,0.999972114978234,0.00403516578823174,0.999971710370802,0.749461035780396,0.999966840889163,0.406447543397788,0.00362673793775921,0.999988147894461,0.517671274948767,0.0041222516870365,0.00403686377322066,0.999989364483136,0.322228602485224,0.999981642432479,0.00403046614789372,0.00435568901628116,0.0229545775704739,0.179395227753868,0.00403107567315397,0.00406700840135371,0.00518623274937932,0.00805676293555552,0.0151801336642788,0.0040756255259319,0.00424984031762002,0.00437105143811287,0.00424642561382945,0.999986590063062,0.999972013495198,0.999977596124289,0.00402913404405362,0.00401947541457757,0.00452424628081408,0.00403178303464056,0.00514544995118472,0.0040920829439567,0.00408133784264339,0.00412225168549607,0.999958521571416,0.380614753011495,0.00429237950700156,0.999979502204911,0.99997759623792,0.00422014200398843,0.00424356836390067,0.00409167573452135,0.0489779705798461,0.00412225168735013,0.999985128622989,0.00461844789154394,0.999996366751661,0.00413177720344459,0.999989802447558,0.00412225167742114,0.99998854150401,0.00412225164667606,0.999988685541764,0.00410979519147555,0.00404562797082465,0.00412225167862447,0.999995857638012,0.00412225167735765,0.999990218010575,0.999993770534811,0.99997798114318,0.00412225168210771,0.999982599310255,0.00525057655719946,0.0040145338638818,0.00403516558545964,0.0106523541660012,0.00403549939723829,0.0041687719996628,0.999989390429914,0.99997778799095,0.75573176295109,0.7454448144937,0.00402311560553378,0.00402404794768824,0.450333045123667,0.99999171702739,0.507936134701395,0.00403516558683012,0.427415400117091,0.00403516555362188,0.00412225167727699,0.999988684683649,0.999973286003875,0.999993444806458,0.999992228113016,0.999979369536618,0.00446737778028334,0.00460177766408395,0.999988763328179,0.999976499623687,0.999986672384292,0.999999584601675,0.999992549919347,0.999983508012332
0.00426486532797096,0.999987147569834,0.00427130891310818,0.0172755028186003,0.00582978977341826,0.225257589187462,0.0978259982859448,0.00569962857590661,0.213203369498585,0.124202123110039,0.0973278078491331,0.104850634939446,0.999977256775766,0.00551364991198526,0.0521890576710835,0.00771979697039104,0.510645532865809,0.999988669894374,0.00535753617815036,0.00596248204357284,0.0064372014664172,0.999982553325682,0.99998519601079,0.999988187539922,0.00426486532805409,0.999987670804682,0.00426486532967067,0.174958882633432,0.00426486542046892,0.00726126028217965,0.00650052514151524,0.0154154474541022,0.999988529698076,0.00541155251056724,0.00674968522740084,0.00575393727121499,0.00577441305301326,0.999980270884309,0.00597735386450847,0.00704661277688952,0.00606930023384859,0.00678443434248679,0.139584539081149,0.0241383730955764,0.0237621898405479,0.122935022047081,0.00674821069374449,0.00468287796408787,0.999985653203307,0.027679860035162,0.00940408667703665,0.00580455065453439,0.00618629436564592,0.999984206036781,0.00663837930871303,0.0060526306456954,0.125649119948944,0.00656421765318638,0.999981390709079,0.00415521858535353,0.0340760546622525,0.00597407935221365,0.999973787507347,0.999987779775652,0.999979551497462,0.999989131380978,0.999984303718936,0.00500043561979724,0.999984707979482,0.00576472000949142,0.00584988063263918,0.00634305772985162,0.390136145405472,0.00376935158838108,0.999980683288645,0.0053346087777451,0.00426486533765837,0.00590163010434692,0.999978157359731,0.999989957800596,0.999974491344819,0.047736547624276,0.00720525860130895,0.999985135332822,0.00437189651207446,0.00610499513535995,0.00853887474113165,0.356694894392241,0.0120356355685913,0.134135057043948,0.00721649562062728,0.022470483393015,0.421920626215884,0.0558305818057204,0.999980752023936,0.00500043549440483,0.99999140132806,0.00562227092231137,0.00530498752723676,0.0990422399520366,0.00611034333216489,0.0107311902235883,0.0141250044779929,0.00547058166331685,0.00426486533611794,0.00562349835007862,0.00481062023818338,0.0384622445944724,0.999974182749038,0.999991401454097,0.02306348456872,0.0935858776680317,0.0109900994591316,0.260373931739699,0.004264865337972,0.999981699993586,0.999973618812302,0.999989503197042,0.0161539868455761,0.99998430113025,0.00426486532804301,0.999984175946064,0.00426486529729793,0.717368242224169,0.0166030052126509,0.00595939397876969,0.00426486532924635,0.99998982776495,0.00426486532797952,0.99998495553822,0.999988240735749,0.999977396744491,0.00426486533272958,0.999980801557561,0.068324164409074,0.00491583237893537,0.999984213388617,0.0313231381895543,0.00653826912447317,0.0261855307615818,0.99998368577153,0.598994952175049,0.999990084949155,0.00527930834816254,0.0055917104107527,0.00566511297389929,0.436810960810736,0.999986289255008,0.999985672000431,0.999984216731433,0.00515518253245283,0.999984135731654,0.00426486532789886,0.999984250662821,0.999975067600817,0.999988224891536,0.999987376965391,0.865154343783537,0.701425959408461,0.999987835789139,0.999985548779944,0.999972992377186,0.999981620729391,0.999991494212497,0.99998748938508,0.999979950368787
0.00308731253837694,0.111658385156782,0.00309375612351416,0.217848082340967,0.00297388207932639,0.999984812587074,0.497953358496025,0.00297356914975973,0.309166923106372,0.99998393058676,0.26540564446663,0.00304771775669662,0.00440971767763848,0.734641543244647,0.0484644473583448,0.008351793574824,0.00344236857649989,0.00380229880661867,0.00297274699172751,0.00297420640111856,0.00386609332024137,0.00430029571508592,0.0041383454045797,0.00404627792255649,0.00308731253846008,0.00381329068206282,0.00308731254007665,0.00306060367476545,0.00308731263087491,0.0160138845968964,0.00297549497495327,0.139880015576615,0.00425813402825635,0.537075932833733,0.961165350281026,0.941585610910742,0.00297374899566521,0.575401161525224,0.0274211018340224,0.999982341594546,0.0880725697893964,0.065785188417672,0.0212440565169489,0.00300380392861227,0.0307560530781745,0.00738513451875945,0.99998349980235,0.999983549880679,0.124925849145109,0.0532080377820738,0.00572780955545862,0.999982886527382,0.00297473870082273,0.00302943148668385,0.00674345729092871,0.629715963883163,0.00418619677457138,0.00711128280769399,0.0042986203814477,0.999980349064755,0.13874499880881,0.984710956263787,0.00438209301982971,0.169635574477878,0.0043607322327086,0.00307685447972725,0.00313452384594757,0.00296342076416739,0.0030002266492596,0.628439819618152,0.751321935951331,0.999984675600163,0.00358857104876587,0.00259179879878707,0.00437043842020941,0.501250055079429,0.00308731254806436,0.0286714052359614,0.0043609289387231,0.00324424151764133,0.00435363803170156,0.999982087713171,0.999982401203568,0.103464546756707,0.999981617240334,0.00675029586112427,0.0199058332341163,0.553338718241005,0.011074855700236,0.999985111862011,0.086453818534908,0.348253355877407,0.0354332518969829,0.00445686417306518,0.003840686864539,0.00296342072631573,0.00337119673749753,0.0177157345260951,0.00297262067950996,0.546523420094405,0.00842823093630268,0.692400598066188,0.0045803726935668,0.159486121586679,0.00308731254652393,0.00350816039179836,0.00325882887862645,0.24084236872454,0.00387222575852997,0.00337119673759151,0.0919310519077798,0.00303933181595097,0.00298630207593682,0.00487129438732925,0.00308731254837799,0.00384555977479348,0.00339247987487006,0.00379794888730031,0.0667485728109381,0.00382619379999497,0.003087312538449,0.00383111161519896,0.00308731250770392,0.00371411233868354,0.00417510555750487,0.0497062153142471,0.00308731253965233,0.00379997010035171,0.0030873125383855,0.00382424991451476,0.00380884149559253,0.00387489494486716,0.00308731254313557,0.0038557242440675,0.00865570926780284,0.00297168485127819,0.0030002264464875,0.0117593515936426,0.00392425456015809,0.00300404504352805,0.00382813166567123,0.00320685773020594,0.0032802198267561,0.00340177833832919,0.00297330951552241,0.00297348629984651,0.00354915597035841,0.00381778354199626,0.00369169393385951,0.00300022644785798,0.430243463899713,0.00300022641464973,0.00308731253830484,0.00383050820639786,0.00389337041919858,0.0038101587574712,0.00381533212877547,0.0038122469145259,0.00330364649082379,0.00341192392995372,0.00382977798932127,0.0038951382619067,0.00383974231262893,0.00378445629157355,0.00381401138124355,0.00385270341343285
0.00412224851196013,0.0100535395605023,0.00412869209709735,0.0042138417002964,0.00402641447237891,0.00572857032324985,0.00563245705410127,0.00402474017127873,0.0202131154091532,0.00407398634829117,0.0106322270073595,0.00427441683135899,0.9999956097823,0.728167090499541,0.0187823938167402,0.00405278371417109,0.517694698841242,0.99995668433954,0.00402034002489941,0.00402812658285477,0.999986093626444,0.999975356481503,0.999981144215396,0.999969350696782,0.00412224851204327,0.999960942364571,0.00412224851365984,0.00420429633953521,0.00412224860445809,0.00404980989113809,0.00403504266594449,0.0041350815206633,0.999975613035696,0.553275522405697,0.988389121741822,0.999986319051751,0.00402570219643691,0.00425651898258169,0.00403764587205239,0.00401378749374771,0.00406198323403937,0.00406267669985578,0.00838143067855129,0.00417374355932225,0.00422566100375537,0.999986039267784,0.00401754363704481,0.00454026114807704,0.00459414432257947,0.0101781583343557,0.0040734514846398,0.960115351173104,0.00403099982303714,0.0824431808363596,0.00403825616322225,0.00426854617316402,0.004271278631342,0.00403744241633853,0.999983806838806,0.00401260176934271,0.00425021922830828,0.999982452456302,0.999942859040501,0.0791454325785507,0.999988023454389,0.209652918124224,0.00430417712084342,0.999981453575909,0.00403516262284279,0.999986885422673,0.749476283180939,0.999988230068084,0.406446107288091,0.00362673477237026,0.999985891980885,0.517682766139044,0.00412224852164755,0.00403714969393218,0.999981194700879,0.322235039100088,0.999989670174638,0.00403046298250476,0.00435614024924148,0.0229624750667438,0.179396868981254,0.0040313967029843,0.00406773195827691,0.00518704825181605,0.00805810279718623,0.0151802472567751,0.00407612565753481,0.00425124074635491,0.00437351047019018,0.00424938798702222,0.999968984646567,0.999981352091921,0.999986930948628,0.00402937436816956,0.00401966409980869,0.00452710469271547,0.00403210484349647,0.00514631932328047,0.00409319364140485,0.00408154394061341,0.00412224852010712,0.999985794158456,0.380629547211773,0.00429482522100983,0.99997974986927,0.99998693106226,0.00422247491808847,0.00424629102209871,0.00409280662118941,0.0489837687694144,0.00412224852196117,0.999971788729175,0.0045486161090743,0.999955576269108,0.00413308790282453,0.999964508081743,0.00412224851203218,0.99996678403073,0.00412224848128711,0.999966294761095,0.00411113317505215,0.00404592211677987,0.00412224851323552,0.999956755967959,0.00412224851196869,0.999964043904235,0.999959377948632,0.999982451586394,0.00412224851671875,0.999975853984186,0.00525393743545387,0.00401465805377988,0.00403516242007068,0.0106548730860573,0.00403589241525654,0.00417085852185656,0.999965002773841,0.999987124358511,0.755738807718281,0.745465541724871,0.00402335180993822,0.00402429631717759,0.450304355329789,0.999961941681957,0.507934888539468,0.00403516242144117,0.427425172581322,0.00403516238823292,0.00412224851188803,0.999966552804488,0.999989226650063,0.999959983493278,0.999961635710398,0.999983070704302,0.00442029598538254,0.004545147081544,0.999967014655263,0.999989291617146,0.999969076420474,0.999951280166084,0.999961115958055,0.999973990532975
0.999974749015372,0.00548575638694034,0.999976787688352,0.00514589010073034,0.00497449305929413,0.00506114406709353,0.00531700525922769,0.0049730794974166,0.00539096125050278,0.005025435122272,0.00537146173295952,0.00518913781966477,0.999980908367143,0.999968165930729,0.00501567585576942,0.00499708040950596,0.999967933895824,0.999975880813289,0.00496936463193032,0.00497593937095338,0.999972918369557,0.999980275915992,0.999986623510933,0.999978529586048,0.999974749182378,0.999975554524553,0.999974752429778,0.00513491528534707,0.999974934826877,0.00499503106290324,0.00498177763483471,0.00507482695458554,0.999988482798983,0.999973793116464,0.974625542389897,0.659099048771158,0.00497389171423422,0.00520796775656252,0.00498544779822653,0.00496523626772854,0.005009647960853,0.00500889160802613,0.00534439232671979,0.00509933550601776,0.00514460350909055,0.830051027947183,0.00496899241102564,0.613918216258741,0.00524346472152795,0.00508934181561518,0.00501437218209063,0.841334282936687,0.00497836425814356,0.00502076801104588,0.00498471790500067,0.0052166639070722,0.0051879454672059,0.00498405300346396,0.999977463233456,0.00496405054332354,0.00517260565972719,0.00576599432699372,0.999980780704387,0.00595521301631642,0.999980564121371,0.0051751258929901,0.00522982391237044,0.00501272922513948,0.00498661139682362,0.553558285204436,0.999975424896418,0.999970643244825,0.999967466856908,0.00457818354635109,0.999988460517363,0.99997472529029,0.999974768475623,0.00498510427988572,0.99997894734179,0.00925598060737858,0.99996842909945,0.00498191175648559,0.00530209670356711,0.00584383891606942,0.00504051704492346,0.00497892692449283,0.00501039682878345,0.0053649178938528,0.0050466686698041,0.0050335270775183,0.00502149107323492,0.00518572425713318,0.0052951986265093,0.005164992251738,0.999963214943161,0.00501272918087871,0.00542047978225329,0.00497788008085699,0.00496879397247046,0.00538567709480084,0.00497962564891118,0.0052803364310674,0.00503117913858641,0.00503046334523927,0.999974765381176,0.999953288209435,0.999957441740142,0.00521667435302897,0.999954818052763,0.00542047978235444,0.00514568746428824,0.00516479272554718,0.00503054809096755,0.00542085165103605,0.999974769105642,0.999967740905132,0.999976156882496,0.999978391840869,0.00506865597366023,0.999969026683116,0.999974749160114,0.999970611057357,0.999974687398874,0.999972568791222,0.00504637146139421,0.00499377728408952,0.999974751577395,0.999979866114358,0.99997474903257,0.999970387102198,0.999976341360221,0.999964591852688,0.999974758574577,0.999968217281611,0.00519671434420208,0.00496456748249836,0.00498661119405151,0.00512880389584383,0.00498255251445912,0.00509704921071888,0.999967779682755,0.00525615116970705,0.00531407763553113,0.999957214226011,0.00497190731764021,0.00497270478531602,0.999988396165125,0.999972312371065,0.496478103999287,0.004986611195422,0.999975023342535,0.00498661116221375,0.999974748870537,0.999970642706399,0.999963501482782,0.999976681796024,0.999975098325754,0.999978767464441,0.999967568719962,0.999964534295655,0.999973786516765,0.99995514656176,0.999965598078024,0.999982588661335,0.99997509881057,0.999965050375984
0.00426481695882549,0.999980486714594,0.00427126054396271,0.0172770823353589,0.00583002824821376,0.225256083769619,0.0978275762326605,0.00569984485862056,0.213206424303851,0.124201241649485,0.0973320416673253,0.104853140878723,0.999950587349479,0.00545068510276863,0.0521896478399943,0.00772035733019295,0.510624124132561,1.0000007154751,0.00535769413511913,0.00596274314108292,0.00638305392162215,0.999977254833822,0.999992989546631,0.999981801784497,0.00426481695890863,0.999990687778592,0.0042648169605252,0.174959493801093,0.00426481705132345,0.00726174195778468,0.0065008779745591,0.0154163578922453,1.00000844831913,0.00536644685950087,0.0067190290984106,0.00571208961822086,0.00577464208624045,0.999973309930292,0.00597761588650054,0.00704654434025722,0.00606957393317622,0.00678483143902805,0.13958923753304,0.0241404762967317,0.023764884713567,0.122889585633303,0.00674814435507719,0.0046828295949424,0.99998114438095,0.0276816585534911,0.00940493437535091,0.00577877883672723,0.00618659362345295,0.999980993296657,0.0066387553967098,0.00605286578860531,0.125651309183988,0.00656458107263238,0.999950170313673,0.00415517021620807,0.0340783731904615,0.00602167407807997,0.999981306589667,0.999984436535842,0.999959406070278,0.99999200566503,0.999979627412019,0.00504802826243006,0.99997774545772,0.00575556259097884,0.00580525790294162,0.0062735100937878,0.390078413690219,0.00376930321923561,0.999993594762814,0.00529423186535031,0.00426481696851291,0.00590187913313359,0.999963843062165,1.0000020113189,0.999909002399042,0.0477361967823756,0.00720567769541828,0.9999873135585,0.0043802341975786,0.00610528028272622,0.00853957398908891,0.356693306034167,0.0120371195669299,0.134134651167476,0.00721696501931773,0.0224718115100565,0.421920314512879,0.0558333497307925,0.999930370792806,0.00504802813218516,1.0000320690692,0.00562247304350471,0.00530513652481905,0.0990446003245678,0.00611062928095536,0.0107320626805502,0.0141260793988449,0.0054707485742908,0.00426481696697247,0.0054969500867452,0.00471921128921473,0.0384645805469959,0.99987794018731,1.00003206919524,0.0230658062285255,0.0935881269056457,0.0109912177484181,0.26037999643898,0.00426481696882653,0.999939447060116,0.999999238313466,1.00001143428872,0.016155261979286,0.999960193748772,0.00426481695889754,0.999960519435964,0.00426481692815247,0.717348993180247,0.0166043062733007,0.00595965146929308,0.00426481696010088,1.00001431806862,0.00426481695883405,0.999965901893598,0.999996675953317,0.999904648165394,0.00426481696358411,0.999932256035833,0.0683273088830887,0.00491591502680853,0.999977250870289,0.0313258451919412,0.00653862832983875,0.0261875667199035,0.999954840051855,0.599038410871333,1.00001907179876,0.00518095852304295,0.0055919082937842,0.00566532337178741,0.436847186635394,0.999977235412919,0.999983708868602,0.999977254213081,0.00511896701385819,0.999977173213864,0.00426481695875339,0.99996114006946,0.999885667556011,0.999996618392309,0.999987647362474,0.8651279423961,0.701443036960107,1.000007296178,0.999971541159966,0.999855231793704,0.999938105833446,1.00003429242424,0.99998873205128,0.999925075368816
0.00432541837381081,0.00428275561767396,0.0213104624059002,0.999987600363155,0.999975215447305,0.019534281925576,0.999988696695685,0.999976043252199,0.999988102666023,0.0364000358096428,0.999985729330785,0.999986491738326,0.999982407495794,0.00490577488964955,0.999991268909106,0.999979808532889,0.00468047441193375,0.00504040464205254,0.999978985020617,0.999988389829459,0.999985036676347,0.999987065249918,0.551541254195371,0.568599205928485,0.00432541837389395,0.00505139651749668,0.00432541837551052,0.999988315197192,0.00432541846630877,0.999980059115438,0.9999718324038,0.999985373786789,0.999989339221094,0.558153585244535,0.999986262658839,0.00491518227940916,0.999975703284451,0.00445968884443237,0.999975661745636,0.00421695735559839,0.999976922565528,0.999981647768398,0.999986694009331,0.99998642893906,0.999985795375941,0.00467940946975047,0.0144437255969233,0.596969564648307,0.177989057441873,0.999990140774548,0.999983866926545,0.00500842147572335,0.999971690998682,0.00426753732211771,0.999976099006882,0.999982595467382,0.999985884746705,0.99997584563462,0.999988445945718,0.00421577163119339,0.99998690258402,0.983493709959323,1.00002480879971,0.00433105565356469,0.999985184255681,0.00431496031516111,0.290466733268169,0.00420152659960126,0.00423833248469347,0.554717808876822,0.749709983499621,0.999983905495375,0.400357935448817,0.00382990463422094,0.999983932658087,0.520091141065466,0.00432541838349823,0.999977475819656,0.999983316703088,0.218390008142082,0.999985520427333,0.00423363284435544,0.816829495504134,0.855880959012328,0.00428116192597696,0.999975523852512,0.999980328208009,0.999990534033577,0.999984569517465,0.0321554412472064,0.999982277927887,0.999988482609852,0.999988321277473,0.999986760394462,0.00507879269997287,0.0042015265617496,0.0046093025729314,0.999980004680084,0.999979381666096,0.99998711239894,0.999972256800615,0.999990368276855,0.999988702032507,0.999978437535615,0.00432541838195779,0.00474626622723223,0.00449693471406032,0.9999879953149,0.00511033159396383,0.00460930257302538,0.99998842051556,0.999984327486228,0.999978684608152,0.999982903019357,0.00432541838381185,0.00508366561022734,0.00463058571030393,0.00503605472273417,0.999988652602355,0.00506429963542884,0.00432541837388286,0.00506921745063283,0.00432541834313779,0.0049522181741174,0.999988693002578,0.999975215413279,0.0043254183750862,0.00503807593578558,0.00432541837381937,0.00506235574994863,0.00504694733102639,0.00511300078030102,0.00432541837856943,0.00509383007950137,0.99998676002723,0.999981240291287,0.00423833228192136,0.99998936950647,0.999977141911426,0.999983678511496,0.0050662375011051,0.00444496356563981,0.00451832566218996,0.00463988417376305,0.999976252321202,0.999976609955981,0.363920501519902,0.00505588937743013,0.49849059587113,0.00423833228329185,0.429539776988041,0.0042383322500836,0.00432541837373871,0.00506861404183173,0.00513147625463245,0.00504826459290507,0.00505343796420934,0.00505035274995976,0.00454175232625765,0.00465002976538758,0.00506788382475513,0.0109664175280672,0.0050778481480628,0.00502256212700741,0.00505211721667742,0.00509080924886672
0.00412224395834037,0.0100535157454837,0.00412868754347759,0.00421142127409537,0.00402599023908103,0.00572855035096255,0.00562932564206989,0.00402434840708446,0.0202076178178318,0.00407398179467141,0.0106256497422545,0.00426983867248526,0.999976073947486,0.728149715997598,0.0187818726165861,0.00405188853281892,0.517729915779439,1.0000017369575,0.0040200335967589,0.00402766925039662,0.999965552481939,0.999991854217427,0.999988314927892,0.999995037317912,0.00412224395842351,0.999998263512468,0.00412224396004008,0.0042016979074716,0.00412224405083833,0.00404902983217027,0.00403445111576797,0.00413361958384993,0.999992371179283,0.553262632569673,0.988371283485915,0.999967228032433,0.00402529177704193,0.00425651442896193,0.00403718718699011,0.00401378294012795,0.00406150746393631,0.00406202038801729,0.00837365800826663,0.00417051912955288,0.00422160853822553,0.999973547066345,0.00401753908342505,0.00454025659445728,0.00459070714600854,0.0101756755179613,0.00407213590000505,0.960098573723253,0.0040304866584736,0.0824424298257907,0.00403763058886129,0.0042681268147283,0.00426694278325428,0.00403683537725946,0.999984557616341,0.00401259721572295,0.00424659562496388,0.999972913889839,0.999954938580433,0.0791447857350846,0.999982028077346,0.209650964248734,0.00430095952074278,0.999971963569884,0.00403515806922303,0.999971307718851,0.749460562402285,0.999966170795726,0.406447451032926,0.00362673021875049,0.99998499840269,0.517670905755621,0.00412224396802779,0.00403671001915207,0.999987401605231,0.322226771186006,0.999979293817411,0.004030458428885,0.0043554517528909,0.0229506613316451,0.179395194741805,0.00403090418332341,0.00406663357048386,0.00518581498008616,0.00805609490506087,0.0151801179496703,0.00407536356084832,0.00424912355742398,0.00436979991266092,0.00424491982001311,0.999990774130325,0.999971862086863,0.999977444773978,0.00402900332361257,0.00401937078009369,0.00452279327201689,0.00403161115127656,0.00514500516753022,0.00409151254474355,0.00408122441192073,0.00412224396648735,0.999957598597587,0.380614206328646,0.00429113470932035,0.999981769886811,0.99997744488761,0.00421895418843582,0.00424218366478087,0.00409109513649915,0.0489752364484968,0.00412224396834141,0.999988682807609,0.00462725885890758,1.00000292460241,0.00413110577103047,0.999994753078431,0.00412224395841242,0.99999302652831,0.00412224392766735,0.999993231338641,0.00410910997614595,0.00404547006168269,0.00412224395961576,1.00000217204371,0.00412224395834893,0.999995237894588,0.999999615132664,0.999979486033804,0.00412224396309899,0.999985349656742,0.00524887390180748,0.00401446180993295,0.00403515786645092,0.0106511020094648,0.00403529154177368,0.00416770865172288,0.999994265445754,0.999977636616902,0.755731646825052,0.745444107126209,0.00402298696621083,0.0040239131630373,0.450336040094189,0.999997116726355,0.507934351591747,0.00403515786782141,0.42741508148638,0.00403515783461316,0.00412224395826827,0.999993213645474,0.999973444176367,0.999999168254826,0.999997650396754,0.999980565618628,0.00447331564183833,0.0046089214461762,0.999993160241863,0.999977323227241,0.999990793333949,1.00000693490947,0.99999807325865,0.999986677153575
0.00432541837381081,0.00428275561767396,0.0213104624059002,0.999987600363155,0.999975215447305,0.019534281925576,0.999988696695685,0.999976043252199,0.999988102666023,0.0364000358096428,0.999985729330785,0.999986491738326,0.999982407495794,0.00490577488964955,0.999991268909106,0.999979808532889,0.00468047441193375,0.00504040464205254,0.999978985020617,0.999988389829459,0.999985036676347,0.999987065249918,0.551541254195371,0.568599205928485,0.00432541837389395,0.00505139651749668,0.00432541837551052,0.999988315197192,0.00432541846630877,0.999980059115438,0.9999718324038,0.999985373786789,0.999989339221094,0.558153585244535,0.999986262658839,0.00491518227940916,0.999975703284451,0.00445968884443237,0.999975661745636,0.00421695735559839,0.999976922565528,0.999981647768398,0.999986694009331,0.99998642893906,0.999985795375941,0.00467940946975047,0.0144437255969233,0.596969564648307,0.177989057441873,0.999990140774548,0.999983866926545,0.00500842147572335,0.999971690998682,0.00426753732211771,0.999976099006882,0.999982595467382,0.999985884746705,0.99997584563462,0.999988445945718,0.00421577163119339,0.99998690258402,0.983493709959323,1.00002480879971,0.00433105565356469,0.999985184255681,0.00431496031516111,0.290466733268169,0.00420152659960126,0.00423833248469347,0.554717808876822,0.749709983499621,0.999983905495375,0.400357935448817,0.00382990463422094,0.999983932658087,0.520091141065466,0.00432541838349823,0.999977475819656,0.999983316703088,0.218390008142082,0.999985520427333,0.00423363284435544,0.816829495504134,0.855880959012328,0.00428116192597696,0.999975523852512,0.999980328208009,0.999990534033577,0.999984569517465,0.0321554412472064,0.999982277927887,0.999988482609852,0.999988321277473,0.999986760394462,0.00507879269997287,0.0042015265617496,0.0046093025729314,0.999980004680084,0.999979381666096,0.99998711239894,0.999972256800615,0.999990368276855,0.999988702032507,0.999978437535615,0.00432541838195779,0.00474626622723223,0.00449693471406032,0.9999879953149,0.00511033159396383,0.00460930257302538,0.99998842051556,0.999984327486228,0.999978684608152,0.999982903019357,0.00432541838381185,0.00508366561022734,0.00463058571030393,0.00503605472273417,0.999988652602355,0.00506429963542884,0.00432541837388286,0.00506921745063283,0.00432541834313779,0.0049522181741174,0.999988693002578,0.999975215413279,0.0043254183750862,0.00503807593578558,0.00432541837381937,0.00506235574994863,0.00504694733102639,0.00511300078030102,0.00432541837856943,0.00509383007950137,0.99998676002723,0.999981240291287,0.00423833228192136,0.99998936950647,0.999977141911426,0.999983678511496,0.0050662375011051,0.00444496356563981,0.00451832566218996,0.00463988417376305,0.999976252321202,0.999976609955981,0.363920501519902,0.00505588937743013,0.49849059587113,0.00423833228329185,0.429539776988041,0.0042383322500836,0.00432541837373871,0.00506861404183173,0.00513147625463245,0.00504826459290507,0.00505343796420934,0.00505035274995976,0.00454175232625765,0.00465002976538758,0.00506788382475513,0.0109664175280672,0.0050778481480628,0.00502256212700741,0.00505211721667742,0.00509080924886672
0.00308731253837694,0.111658385156782,0.00309375612351416,0.217848082340967,0.00297388207932639,0.999984812587074,0.497953358496025,0.00297356914975973,0.309166923106372,0.99998393058676,0.26540564446663,0.00304771775669662,0.00440971767763848,0.734641543244647,0.0484644473583448,0.008351793574824,0.00344236857649989,0.00380229880661867,0.00297274699172751,0.00297420640111856,0.00386609332024137,0.00430029571508592,0.0041383454045797,0.00404627792255649,0.00308731253846008,0.00381329068206282,0.00308731254007665,0.00306060367476545,0.00308731263087491,0.0160138845968964,0.00297549497495327,0.139880015576615,0.00425813402825635,0.537075932833733,0.961165350281026,0.941585610910742,0.00297374899566521,0.575401161525224,0.0274211018340224,0.999982341594546,0.0880725697893964,0.065785188417672,0.0212440565169489,0.00300380392861227,0.0307560530781745,0.00738513451875945,0.99998349980235,0.999983549880679,0.124925849145109,0.0532080377820738,0.00572780955545862,0.999982886527382,0.00297473870082273,0.00302943148668385,0.00674345729092871,0.629715963883163,0.00418619677457138,0.00711128280769399,0.0042986203814477,0.999980349064755,0.13874499880881,0.984710956263787,0.00438209301982971,0.169635574477878,0.0043607322327086,0.00307685447972725,0.00313452384594757,0.00296342076416739,0.0030002266492596,0.628439819618152,0.751321935951331,0.999984675600163,0.00358857104876587,0.00259179879878707,0.00437043842020941,0.501250055079429,0.00308731254806436,0.0286714052359614,0.0043609289387231,0.00324424151764133,0.00435363803170156,0.999982087713171,0.999982401203568,0.103464546756707,0.999981617240334,0.00675029586112427,0.0199058332341163,0.553338718241005,0.011074855700236,0.999985111862011,0.086453818534908,0.348253355877407,0.0354332518969829,0.00445686417306518,0.003840686864539,0.00296342072631573,0.00337119673749753,0.0177157345260951,0.00297262067950996,0.546523420094405,0.00842823093630268,0.692400598066188,0.0045803726935668,0.159486121586679,0.00308731254652393,0.00350816039179836,0.00325882887862645,0.24084236872454,0.00387222575852997,0.00337119673759151,0.0919310519077798,0.00303933181595097,0.00298630207593682,0.00487129438732925,0.00308731254837799,0.00384555977479348,0.00339247987487006,0.00379794888730031,0.0667485728109381,0.00382619379999497,0.003087312538449,0.00383111161519896,0.00308731250770392,0.00371411233868354,0.00417510555750487,0.0497062153142471,0.00308731253965233,0.00379997010035171,0.0030873125383855,0.00382424991451476,0.00380884149559253,0.00387489494486716,0.00308731254313557,0.0038557242440675,0.00865570926780284,0.00297168485127819,0.0030002264464875,0.0117593515936426,0.00392425456015809,0.00300404504352805,0.00382813166567123,0.00320685773020594,0.0032802198267561,0.00340177833832919,0.00297330951552241,0.00297348629984651,0.00354915597035841,0.00381778354199626,0.00369169393385951,0.00300022644785798,0.430243463899713,0.00300022641464973,0.00308731253830484,0.00383050820639786,0.00389337041919858,0.0038101587574712,0.00381533212877547,0.0038122469145259,0.00330364649082379,0.00341192392995372,0.00382977798932127,0.0038951382619067,0.00383974231262893,0.00378445629157355,0.00381401138124355,0.00385270341343285
0.999971689660118,0.00548579997249358,0.99997372834677,0.0051483888975918,0.00497495096082397,0.00506117803875387,0.00532022281985967,0.00497350420273485,0.00539650296675159,0.00502546394588333,0.00537817006225953,0.00519384266912349,0.999995319642355,0.99996128425396,0.00501613639989346,0.0049980198054264,0.999959121292956,0.999968099433852,0.00496970209019271,0.00497643111286085,0.999966758563944,0.999984698976987,0.999992797743613,0.999971871572891,0.999971689827123,0.999967921182651,0.999971693074512,0.00513759607430628,0.999971875471046,0.00499585275840685,0.00498240660011094,0.00507634579779943,0.999989934609182,0.9999680024623,0.974620932550676,0.659094599235733,0.0049743354925148,0.00520799658017385,0.00498594092302814,0.00496526509133986,0.0050101585532951,0.00500958678522675,0.00535233747725036,0.00510265631117645,0.00514877089291169,0.830045143156003,0.00496902123463696,0.613916356522806,0.00524700123709931,0.00509186491779143,0.00501574139573835,0.841330270627677,0.00497891308245177,0.00502104606481618,0.00498538165639356,0.00521711682457299,0.00519240257960915,0.00498469780449876,0.99997844117011,0.00496407936693486,0.00517633457749087,0.00576924477688349,0.999996522162678,0.00595547226355712,0.999990085864004,0.00517580737776814,0.00523313773491787,0.00501592509115515,0.00498664022043494,0.553556216419162,0.999969708110014,0.999963397663623,0.999964529972367,0.00457821236996241,1.0000025573482,0.999969225228974,0.999971709120308,0.00498557796869191,0.999989670178331,0.00926244675582245,0.999972598269615,0.00498194058009692,0.0053028247860147,0.00585582349093875,0.00504110335020213,0.00497945464157971,0.0050115439817177,0.00536619794280784,0.00504871981096311,0.00503361067220252,0.00502229440421272,0.00518791302607703,0.00529901644569612,0.00516958464619167,0.999953263801979,0.0050159250465718,0.00542367436903367,0.00497828360254568,0.00496911802875934,0.00539010885051739,0.00498015456481517,0.00528169889201797,0.00503292204947925,0.00503081419742553,0.999971706025871,0.999942460632592,0.99994871136312,0.00522047167747263,0.999943556281572,0.00542367436913518,0.00514931120462297,0.00516901623039434,0.00503232207039406,0.00542930773170241,0.999971709750325,0.999958910344334,0.999967197334972,0.999971100851691,0.00507070666101903,0.999960129962663,0.999971689804859,0.999962171072341,0.999971628043811,0.99996423629133,0.00504846413551556,0.00499426363045564,0.999971692222133,0.999972969286287,0.999971689677316,0.999961764839639,0.99996880148038,0.999955599827578,0.999971699219293,0.999959702456907,0.00520190908931304,0.00496479228901751,0.00498664001766284,0.00513264130761978,0.00498319101182632,0.00510029378656516,0.999958635421667,0.00525934627967014,0.00531649584765397,0.999948112528629,0.00497230449963891,0.00497312068776811,0.999988063059442,0.999964010738035,0.496485793449958,0.00498664001903332,0.99996976846958,0.00498663998582508,0.999971689515283,0.999962198967405,0.999954629955818,0.999969250124149,0.999967399446587,0.999973094533726,0.999960531498322,0.9999566904626,0.999966072412172,0.999943771996287,0.999956163868357,0.999975966858637,0.999967372352972,0.999955728643544
0.00426487035695777,0.999988035847319,0.00427131394209499,0.0172753423784859,0.00582976551845148,0.22525778889915,0.0978258534789901,0.00569960658653374,0.213203082682273,0.124202238983311,0.0973273840931758,0.104850396898493,0.999980147113155,0.00552041917362758,0.0521889931604577,0.0077197398541215,0.510647912523144,0.999987159403485,0.00535752014326414,0.00596245547904874,0.00644285153301374,0.999983042018205,0.999984173889568,0.999988710732164,0.0042648703570409,0.999987159131252,0.00426487035865748,0.174958854800786,0.00426487044945573,0.00726121119879503,0.0065004892116927,0.0154153557528055,0.999986110922972,0.00541638767738973,0.00675269053083825,0.00575819870410205,0.00577438976193802,0.999981195644937,0.00597732720560383,0.00704662047589094,0.00606927238280249,0.00678439389379521,0.139584078120798,0.024138159992418,0.023761915537055,0.122939724921465,0.00674821811360795,0.00468288299307468,0.999986324427361,0.0276796736122202,0.00940400022632263,0.00580701688850819,0.00618626390532969,0.999984671779334,0.00663834100478783,0.00605260673088147,0.125648918918338,0.00656418064259598,0.999984729291535,0.00415522361434034,0.0340758213566446,0.00596825051388103,0.999972927077214,0.99998826198567,0.999981698026476,0.999988851716486,0.999984992496788,0.00499460626048375,0.9999856329487,0.00576529341077217,0.00585457094316941,0.00635044448171788,0.39014262155806,0.00376935661736789,0.999979135564213,0.00533892686373656,0.00426487036664518,0.00590160477192113,0.999979703562796,0.999988627041563,0.999981726660771,0.0477365928977977,0.00720521590688138,0.999985099492051,0.00437087453728224,0.00610496611558136,0.00853880344574338,0.356695130554088,0.012035480310709,0.134135115663121,0.00721644779059526,0.0224703499850581,0.421920744707289,0.0558303065794772,0.999986235984915,0.0049946061356856,0.999986493135425,0.00562225037869089,0.00530497240701604,0.0990420156521307,0.00611031423056875,0.01073110069446,0.0141248955297783,0.0054705647143145,0.00426487036510475,0.00563731544908523,0.00482075870181863,0.0384620103864237,0.999984797289967,0.999986493261462,0.0230632486694643,0.0935856638187217,0.0109899853837327,0.260373317426537,0.00426487036695881,0.999986250068441,0.999971087586782,0.99998688105044,0.0161538576291051,0.999986837400531,0.00426487035702982,0.999986649504484,0.00426487032628474,0.717370180065895,0.016602873415605,0.00595936778248357,0.00426487035823316,0.999986910439141,0.00426487035696633,0.999986922843626,0.999987124611882,0.999985338783665,0.00426487036171639,0.99998604189226,0.0683238519764342,0.00491582403236932,0.999985138357379,0.0313228582831437,0.00653823254409906,0.0261853250273918,0.999986755227507,0.59898967272421,0.999986607286773,0.00529006156684779,0.00559169029980698,0.00566509158530944,0.436806871281237,0.999987136902881,0.999985927677744,0.999985141700198,0.00515907274607884,0.999985060700344,0.00426487035688567,0.999986663683826,0.999984855977028,0.999987110409757,0.999987172197713,0.865157025150714,0.701424278360688,0.999985957886905,0.999986930455806,0.999986000436403,0.999986327675279,0.999986535613671,0.999987177378878,0.999985916101352
0.999979673772289,0.00548582093316991,0.999981712423273,0.00514150928537367,0.00497369625092335,0.00506112929471657,0.00531139105071327,0.00497234098476163,0.00538160189348102,0.00502539181567746,0.00535983155050792,0.00518088296540111,0.999956464300484,0.999976017854972,0.00501521595062303,0.00499543805103134,0.999976048046713,0.999993416648921,0.00496877933343233,0.00497508313564975,0.99998490810673,0.999973910622512,0.999982413800253,0.999993848166931,0.999979673939296,0.999992420849523,0.999979677186711,0.00513021487449739,0.999979859584721,0.00499359539759394,0.00498068042219892,0.00507216703136103,0.999995362949219,0.999981202482131,0.974639622272002,0.659110806286122,0.00497311970763707,0.00520792444996798,0.00498458913442881,0.00496519296113399,0.00500875862221148,0.00500767812093181,0.00533053832785342,0.0050935111656385,0.00513729249578234,0.830063119243022,0.00496894910443109,0.613921211145261,0.00523726794627446,0.00508505806334778,0.00501197502266501,0.841348056996257,0.00497740778069627,0.00502210611856818,0.00498355960462404,0.00521587585113212,0.00518012566285572,0.00498292798172473,0.999975979139737,0.00496400723672899,0.00516606463466317,0.0057833917387803,0.999954072255067,0.00595649679591828,0.999965015982099,0.00517870577394753,0.00522401183412297,0.0050302399621806,0.00498656809022907,0.553572807208029,0.999985375751988,0.999981303230786,0.999960729836021,0.00457814023975654,0.99997031251991,0.999982155764128,0.999979693232637,0.00498427974755095,0.999959033882626,0.00925199130552572,0.999953707820058,0.00498186844989105,0.00530082543171863,0.00582321741332427,0.00504356370564394,0.00497800751334069,0.00500838962916419,0.00536269504353017,0.00504316559415899,0.00503364517671163,0.00502008765778566,0.00518188788038898,0.00528850148206148,0.00515693487919594,0.999975050899068,0.00503023991613185,0.00543798342884557,0.00497717876867731,0.00496823220911704,0.00537790317226211,0.00497870413252177,0.0052779698602495,0.00502812573113258,0.00502985452573265,0.999979690138175,0.999958221305489,0.999957985379438,0.00521001319930616,0.999962561649089,0.00543798342894873,0.00513933114082762,0.00515738315836105,0.00502744012420342,0.00540704096093957,0.999979693862659,0.999980600000119,0.999981696808556,0.999996879492674,0.00506506208135793,0.999983308921379,0.999979673917031,0.999985082341947,0.999979612155483,0.99998727312171,0.00504270383632963,0.00499293052387145,0.999979676334325,0.999998689765886,0.999979673789487,0.999985163899383,0.999993670593743,0.999974967778388,0.999979683331542,0.999980681019698,0.0051876216568463,0.004964180011213,0.00498656788745697,0.00512222199991773,0.00498143856256182,0.00509135873628753,0.999981601509,0.00527365771615701,0.0053272780512613,0.999961729055091,0.0049712171385612,0.00497198173133418,0.99999344618507,0.999987993170391,0.496466391821784,0.00498656788882745,0.999981718629586,0.0049865678556192,0.999979673627453,0.999985156215548,0.999972591486825,0.999994043986553,0.999991723907751,0.999993874346055,0.999972908131991,0.999969957481217,0.999989269724586,0.999961128851192,0.999978154265402,1.00000296278179,0.999991792589105,0.999976739422043
0.00432541837381081,0.00428275561767396,0.0213104624059002,0.999987600363155,0.999975215447305,0.019534281925576,0.999988696695685,0.999976043252199,0.999988102666023,0.0364000358096428,0.999985729330785,0.999986491738326,0.999982407495794,0.00490577488964955,0.999991268909106,0.999979808532889,0.00468047441193375,0.00504040464205254,0.999978985020617,0.999988389829459,0.999985036676347,0.999987065249918,0.551541254195371,0.568599205928485,0.00432541837389395,0.00505139651749668,0.00432541837551052,0.999988315197192,0.00432541846630877,0.999980059115438,0.9999718324038,0.999985373786789,0.999989339221094,0.558153585244535,0.999986262658839,0.00491518227940916,0.999975703284451,0.00445968884443237,0.999975661745636,0.00421695735559839,0.999976922565528,0.999981647768398,0.999986694009331,0.99998642893906,0.999985795375941,0.00467940946975047,0.0144437255969233,0.596969564648307,0.177989057441873,0.999990140774548,0.999983866926545,0.00500842147572335,0.999971690998682,0.00426753732211771,0.999976099006882,0.999982595467382,0.999985884746705,0.99997584563462,0.999988445945718,0.00421577163119339,0.99998690258402,0.983493709959323,1.00002480879971,0.00433105565356469,0.999985184255681,0.00431496031516111,0.290466733268169,0.00420152659960126,0.00423833248469347,0.554717808876822,0.749709983499621,0.999983905495375,0.400357935448817,0.00382990463422094,0.999983932658087,0.520091141065466,0.00432541838349823,0.999977475819656,0.999983316703088,0.218390008142082,0.999985520427333,0.00423363284435544,0.816829495504134,0.855880959012328,0.00428116192597696,0.999975523852512,0.999980328208009,0.999990534033577,0.999984569517465,0.0321554412472064,0.999982277927887,0.999988482609852,0.999988321277473,0.999986760394462,0.00507879269997287,0.0042015265617496,0.0046093025729314,0.999980004680084,0.999979381666096,0.99998711239894,0.999972256800615,0.999990368276855,0.999988702032507,0.999978437535615,0.00432541838195779,0.00474626622723223,0.00449693471406032,0.9999879953149,0.00511033159396383,0.00460930257302538,0.99998842051556,0.999984327486228,0.999978684608152,0.999982903019357,0.00432541838381185,0.00508366561022734,0.00463058571030393,0.00503605472273417,0.999988652602355,0.00506429963542884,0.00432541837388286,0.00506921745063283,0.00432541834313779,0.0049522181741174,0.999988693002578,0.999975215413279,0.0043254183750862,0.00503807593578558,0.00432541837381937,0.00506235574994863,0.00504694733102639,0.00511300078030102,0.00432541837856943,0.00509383007950137,0.99998676002723,0.999981240291287,0.00423833228192136,0.99998936950647,0.999977141911426,0.999983678511496,0.0050662375011051,0.00444496356563981,0.00451832566218996,0.00463988417376305,0.999976252321202,0.999976609955981,0.363920501519902,0.00505588937743013,0.49849059587113,0.00423833228329185,0.429539776988041,0.0042383322500836,0.00432541837373871,0.00506861404183173,0.00513147625463245,0.00504826459290507,0.00505343796420934,0.00505035274995976,0.00454175232625765,0.00465002976538758,0.00506788382475513,0.0109664175280672,0.0050778481480628,0.00502256212700741,0.00505211721667742,0.00509080924886672
0.0041222835143685,0.0100535222467588,0.00412872709950572,0.00421445550060526,0.00402655002219133,0.00572858070106598,0.00563321946929462,0.00402486794210101,0.0202141912671838,0.00407402135069954,0.010633728954737,0.00427554758407275,0.999992888095946,0.728141096367655,0.0187822951893065,0.00405303209433192,0.517725294715854,0.99999508643081,0.00402044735079875,0.00402827006260713,0.999955341407197,0.99999894890627,0.99999567393803,0.999988057811534,0.00412228351445164,0.999991156825742,0.00412228351606821,0.00420495278672055,0.00412228360686646,0.0040500306901281,0.00403521830175268,0.00413546568483591,0.99999387350356,0.553256230203126,0.988362258106127,0.999957441080972,0.00402583443669648,0.00425655398499006,0.00403778967586341,0.00401382249615608,0.00406213113110672,0.00406286785134732,0.00838325809272508,0.0041745499838535,0.0042266658101729,0.999963665104488,0.00401757863945318,0.00454029615048541,0.00459499691402853,0.0101786817612617,0.0040738005855668,0.960089852391077,0.00403115667911806,0.0824420236995674,0.00403843995058889,0.00426868055505062,0.00427235133092195,0.00403762176299817,0.999985903157083,0.00401263677175108,0.00425112128736469,0.999967363389449,0.999976492612205,0.0791444004756922,0.999993683013577,0.209649835243737,0.00430498190911374,0.99996633970783,0.00403519762525116,0.999963044616351,0.74945264161032,0.999955097335786,0.406448684576154,0.00362676977477863,1.00000193863401,0.517665005188112,0.00412228352405592,0.00403728894323503,1.00000227813094,0.322231609152347,0.999985396172981,0.00403049798491313,0.00435633911154036,0.0229650248671333,0.17939423738925,0.00403154861293254,0.0040680290229016,0.00518736427164496,0.00805854871636007,0.0151801180126897,0.00407634215309806,0.00425178189668354,0.00437443336184349,0.00425049238774175,0.999981127484017,0.999966238225385,0.999971823199498,0.00402949717495414,0.00401976828517437,0.00452817052020744,0.00403225703436792,0.0051466539656101,0.00409363031217937,0.00408165440516011,0.00412228352251548,0.999943862523999,0.38060700872057,0.00429574331005472,0.999969908150927,0.999971823313128,0.00422335233053179,0.00424730897956233,0.00409325057236749,0.0489850693240913,0.00412228352436954,0.999979384826609,0.00462920934313497,0.999996741261616,0.00413359669598835,0.999986360438741,0.00412228351444055,0.999984633715276,0.00412228348369548,0.999984953875163,0.00411165180712819,0.00404606433217522,0.00412228351564389,0.999996096435734,0.00412228351437706,0.999987082918169,0.999992773180792,0.999968680009402,0.00412228351912712,0.999975723238232,0.00525516753977599,0.00401473898158261,0.00403519742247905,0.0106556976876527,0.00403607028475461,0.00417164708329315,0.999985649490976,0.999972014106848,0.755727413591399,0.745433699210959,0.00402347313111998,0.00402442202519193,0.450339858540473,0.999989443013462,0.507943932561612,0.00403519742384954,0.427410088554396,0.00403519739064129,0.0041222835142964,0.999984848157258,0.999961804400701,0.999992318877686,0.999990410410663,0.999971852541934,0.00447464355047142,0.00461051066669447,0.999985211205972,0.999964402799494,0.999981462469648,1.00000175584034,0.999990882970814,0.999976775982382
0.00308731253837694,0.111658385156782,0.00309375612351416,0.217848082340967,0.00297388207932639,0.999984812587074,0.497953358496025,0.00297356914975973,0.309166923106372,0.99998393058676,0.26540564446663,0.00304771775669662,0.00440971767763848,0.734641543244647,0.0484644473583448,0.008351793574824,0.00344236857649989,0.00380229880661867,0.00297274699172751,0.00297420640111856,0.00386609332024137,0.00430029571508592,0.0041383454045797,0.00404627792255649,0.00308731253846008,0.00381329068206282,0.00308731254007665,0.00306060367476545,0.00308731263087491,0.0160138845968964,0.00297549497495327,0.139880015576615,0.00425813402825635,0.537075932833733,0.961165350281026,0.941585610910742,0.00297374899566521,0.575401161525224,0.0274211018340224,0.999982341594546,0.0880725697893964,0.065785188417672,0.0212440565169489,0.00300380392861227,0.0307560530781745,0.00738513451875945,0.99998349980235,0.999983549880679,0.124925849145109,0.0532080377820738,0.00572780955545862,0.999982886527382,0.00297473870082273,0.00302943148668385,0.00674345729092871,0.629715963883163,0.00418619677457138,0.00711128280769399,0.0042986203814477,0.999980349064755,0.13874499880881,0.984710956263787,0.00438209301982971,0.169635574477878,0.0043607322327086,0.00307685447972725,0.00313452384594757,0.00296342076416739,0.0030002266492596,0.628439819618152,0.751321935951331,0.999984675600163,0.00358857104876587,0.00259179879878707,0.00437043842020941,0.501250055079429,0.00308731254806436,0.0286714052359614,0.0043609289387231,0.00324424151764133,0.00435363803170156,0.999982087713171,0.999982401203568,0.103464546756707,0.999981617240334,0.00675029586112427,0.0199058332341163,0.553338718241005,0.011074855700236,0.999985111862011,0.086453818534908,0.348253355877407,0.0354332518969829,0.00445686417306518,0.003840686864539,0.00296342072631573,0.00337119673749753,0.0177157345260951,0.00297262067950996,0.546523420094405,0.00842823093630268,0.692400598066188,0.0045803726935668,0.159486121586679,0.00308731254652393,0.00350816039179836,0.00325882887862645,0.24084236872454,0.00387222575852997,0.00337119673759151,0.0919310519077798,0.00303933181595097,0.00298630207593682,0.00487129438732925,0.00308731254837799,0.00384555977479348,0.00339247987487006,0.00379794888730031,0.0667485728109381,0.00382619379999497,0.003087312538449,0.00383111161519896,0.00308731250770392,0.00371411233868354,0.00417510555750487,0.0497062153142471,0.00308731253965233,0.00379997010035171,0.0030873125383855,0.00382424991451476,0.00380884149559253,0.00387489494486716,0.00308731254313557,0.0038557242440675,0.00865570926780284,0.00297168485127819,0.0030002264464875,0.0117593515936426,0.00392425456015809,0.00300404504352805,0.00382813166567123,0.00320685773020594,0.0032802198267561,0.00340177833832919,0.00297330951552241,0.00297348629984651,0.00354915597035841,0.00381778354199626,0.00369169393385951,0.00300022644785798,0.430243463899713,0.00300022641464973,0.00308731253830484,0.00383050820639786,0.00389337041919858,0.0038101587574712,0.00381533212877547,0.0038122469145259,0.00330364649082379,0.00341192392995372,0.00382977798932127,0.0038951382619067,0.00383974231262893,0.00378445629157355,0.00381401138124355,0.00385270341343285
0.00426489007266968,0.999992143980185,0.0042713336578069,0.0172747593429165,0.00582967802790166,0.225258709313373,0.0978253892753109,0.00569952739014588,0.213202099373761,0.124202772303136,0.0973258538644635,0.104849600735438,0.999992323023578,0.00554869642575655,0.0521887037017532,0.00771953206091466,0.510658061354759,0.999979407091021,0.00535746274578576,0.00596235953339036,0.00646561246299284,0.999984525142794,0.999978819433457,0.999989700885491,0.00426489007275282,0.999983709932091,0.00426489007436939,0.174958898291339,0.00426489016516764,0.0072610328133511,0.00650035898040984,0.0154150261722104,0.999974362216167,0.00543651617571748,0.0067638162155981,0.00577483025132741,0.00577430580011968,0.999985476996271,0.00597723091442566,0.00704665256328702,0.00606917172728779,0.00678424711928654,0.139582459975426,0.0241373875053615,0.0237609156714447,0.122958429479262,0.00674824890760039,0.0046829027087866,0.999989663555008,0.0276789654073956,0.00940368504201087,0.00581581981041032,0.00618615369748133,0.999986759611227,0.006638202082101,0.00605252048560459,0.125648277799958,0.00656404645470663,0.999998335593471,0.00415524333005226,0.0340749823513508,0.00594039636909946,0.999969149026359,0.999990430717006,0.999990477814141,0.999987377753894,0.999988398469793,0.00496674527953197,0.999989915266555,0.00576566422839881,0.00587363689726675,0.00638085701962298,0.390170961162782,0.00376937633307981,0.999971858256573,0.00535685248801175,0.0042648900823571,0.00590151333687823,0.999986169821724,0.999982550622385,1.00001275896177,0.0477367990891466,0.00720506091090903,0.999985704397683,0.00436598652670617,0.00610486118142851,0.00853854374389282,0.35669630348637,0.0120348873824641,0.134135375550455,0.00721627399357706,0.0224698716246213,0.421921541677455,0.0558293306510693,1.00000907604015,0.00496674515757362,0.999962900781428,0.00562217647508934,0.00530491835805646,0.0990412649688781,0.00611020899688824,0.0107307699414627,0.0141245009084205,0.00547050397032853,0.00426489008081667,0.00569607821771498,0.0048646425910967,0.0384611717405475,1.00003003730032,0.999962900907463,0.0230623906645059,0.0935849477968453,0.0109895690676121,0.2603709796226,0.00426489008267073,1.00000488659597,0.999961250765241,0.9999742457467,0.0161533895241304,0.999996764797341,0.00426489007274173,0.999996240040216,0.00426489004199666,0.717377356201202,0.0166023961405135,0.00595927318491558,0.00426489007394507,0.999972940780366,0.00426489007267824,0.999994347682023,0.999981045121584,1.00001868364022,0.00426489007742831,1.00000762166249,0.068322742607299,0.00491579478122928,0.999989420673118,0.0313218037093619,0.00653809993119786,0.0261845816247111,0.999999026428115,0.598964359981617,0.999969850944209,0.00533586632837662,0.00559161798019388,0.00566501458834115,0.436788763982374,0.999989668398466,0.999987001449038,0.999989424015951,0.00517530706370294,0.999989343015751,0.00426489007259758,0.999995992665074,1.00002617715283,0.999981022545006,0.999985061099124,0.865167081420217,0.701417763388536,0.999978789960083,0.999991689909902,1.00004161995724,1.00000572974016,0.999963689080455,0.999984605946357,1.00001075188278
0.00308731253837694,0.111658385156782,0.00309375612351416,0.217848082340967,0.00297388207932639,0.999984812587074,0.497953358496025,0.00297356914975973,0.309166923106372,0.999983930586761,0.26540564446663,0.00304771775669662,0.00440971767763848,0.734641543244647,0.0484644473583448,0.008351793574824,0.00344236857649989,0.00380229880661867,0.00297274699172751,0.00297420640111856,0.00386609332024137,0.00430029571508592,0.0041383454045797,0.00404627792255649,0.00308731253846008,0.00381329068206282,0.00308731254007665,0.00306060367476545,0.00308731263087491,0.0160138845968964,0.00297549497495327,0.139880015576615,0.00425813402825635,0.537075932833733,0.961165350281026,0.941585610910743,0.00297374899566521,0.575401161525224,0.0274211018340224,0.999982341594546,0.0880725697893964,0.065785188417672,0.0212440565169489,0.00300380392861227,0.0307560530781745,0.00738513451875945,0.999983499802351,0.999983549880679,0.124925849145109,0.0532080377820738,0.00572780955545862,0.999982886527382,0.00297473870082273,0.00302943148668385,0.00674345729092871,0.629715963883163,0.00418619677457138,0.00711128280769399,0.0042986203814477,0.999980349064755,0.13874499880881,0.984710956263788,0.00438209301982971,0.169635574477878,0.0043607322327086,0.00307685447972725,0.00313452384594757,0.00296342076416739,0.0030002266492596,0.628439819618152,0.751321935951331,0.999984675600163,0.00358857104876587,0.00259179879878707,0.00437043842020941,0.501250055079429,0.00308731254806436,0.0286714052359614,0.0043609289387231,0.00324424151764133,0.00435363803170156,0.999982087713172,0.999982401203568,0.103464546756707,0.999981617240334,0.00675029586112427,0.0199058332341163,0.553338718241005,0.011074855700236,0.999985111862011,0.086453818534908,0.348253355877407,0.0354332518969829,0.00445686417306518,0.003840686864539,0.00296342072631573,0.00337119673749753,0.0177157345260951,0.00297262067950996,0.546523420094405,0.00842823093630268,0.692400598066188,0.0045803726935668,0.159486121586679,0.00308731254652393,0.00350816039179836,0.00325882887862645,0.24084236872454,0.00387222575852997,0.00337119673759151,0.0919310519077799,0.00303933181595097,0.00298630207593682,0.00487129438732925,0.00308731254837799,0.00384555977479348,0.00339247987487006,0.00379794888730031,0.0667485728109381,0.00382619379999497,0.003087312538449,0.00383111161519896,0.00308731250770392,0.00371411233868354,0.00417510555750487,0.0497062153142471,0.00308731253965233,0.00379997010035171,0.00308731253838551,0.00382424991451476,0.00380884149559253,0.00387489494486716,0.00308731254313557,0.0038557242440675,0.00865570926780285,0.00297168485127819,0.0030002264464875,0.0117593515936426,0.00392425456015809,0.00300404504352805,0.00382813166567123,0.00320685773020594,0.0032802198267561,0.00340177833832919,0.00297330951552241,0.00297348629984651,0.00354915597035841,0.00381778354199626,0.00369169393385951,0.00300022644785798,0.430243463899713,0.00300022641464973,0.00308731253830484,0.00383050820639786,0.00389337041919858,0.0038101587574712,0.00381533212877547,0.0038122469145259,0.00330364649082379,0.00341192392995372,0.00382977798932127,0.0038951382619067,0.00383974231262893,0.00378445629157355,0.00381401138124355,0.00385270341343285
0.0041222470550549,0.0100535314040082,0.00412869064019212,0.00421288544033382,0.00402624714934196,0.00572856307745949,0.00563122003165292,0.00402458568070639,0.0202109459522362,0.00407398489138594,0.0106296290383961,0.0042726077905963,0.99998806232685,0.728160471144971,0.0187821909417803,0.00405243026267456,0.517708520990174,0.99997439885357,0.0040202192609092,0.00402794617834173,0.999978278739933,0.99998188864952,0.999984034528004,0.999979523707471,0.00412224705513803,0.999975648055578,0.00412224705675461,0.00420326972795594,0.00412224714755286,0.00404950193840064,0.00403480921579947,0.00413450407562865,0.999982260676002,0.553270612732221,0.988382345497423,0.999979063259873,0.0040255403329415,0.00425651752567646,0.00403746493296208,0.00401378603684248,0.00406179554258584,0.00406241765455589,0.00837835983996641,0.00417246954043847,0.00422405972792857,0.999981357366973,0.00401754218013958,0.00454025969117181,0.00459278627345196,0.010177178550431,0.00407293188102804,0.960108981785356,0.00403079735251559,0.0824428991247876,0.00403800926601236,0.00426838077677392,0.0042695653568383,0.00403720284465729,0.999984233533374,0.00401260031243748,0.00424878744773094,0.999978870385406,0.999947604295276,0.0791451909962572,0.999985773535219,0.209652184917012,0.00430290580118668,0.999977890838871,0.00403516116593755,0.999980981011859,0.749470301675856,0.999979832498725,0.406446699187482,0.00362673331546502,0.999985596988433,0.517678249325899,0.00412224706474231,0.0040369762681005,0.999983686204384,0.322231831128418,0.999985751917294,0.00403046152559953,0.00435586848395347,0.0229578097615171,0.179396240646608,0.00403120239175737,0.00406729819537136,0.00518656132382076,0.00805731032264601,0.0151801985848576,0.00407582480386429,0.00425040433206417,0.00437204432351167,0.00424762241733057,0.999977665527985,0.999977789355246,0.999983369650066,0.00402922806642852,0.0040195485165407,0.00452540108340274,0.00403191006884985,0.00514580043637649,0.00409252957984313,0.00408141799901269,0.00412224706320188,0.999975036354533,0.380623679667333,0.00429336699686385,0.999980749800174,0.999983369763698,0.00422108379533231,0.00424466805189638,0.00409213054964704,0.0489804053330346,0.00412224706505594,0.999978556798089,0.0045792544070968,0.999974180195857,0.00413230486592141,0.999976470451504,0.00412224705512695,0.99997718591907,0.00412224702438187,0.999976965872224,0.00411033390757274,0.00404574379798957,0.00412224705633029,0.999974605252042,0.00412224705506346,0.999976373398703,0.999975217343036,0.999981495024122,0.00412224705981352,0.99997974154382,0.00525193674682474,0.00401458083691264,0.00403516096316545,0.0106533842353345,0.00403565528034707,0.00416961397049051,0.999976584850805,0.99998356247164,0.755736119438545,0.745457362208646,0.00402320795889393,0.00402414522947754,0.450316735902664,0.999975817494644,0.507934704114974,0.00403516096453594,0.427421328418862,0.00403516093132769,0.0041222470549828,0.999977117465867,0.999983283116867,0.999975412661609,0.999975833649394,0.999982268429136,0.00444095192842136,0.00456999289007568,0.999977373407975,0.999984850595853,0.999977725199847,0.99997311046134,0.999975680801544,0.999979125484488
0.00432541837381081,0.00428275561767396,0.0213104624059002,0.999987600363155,0.999975215447305,0.019534281925576,0.999988696695685,0.999976043252199,0.999988102666023,0.0364000358096428,0.999985729330785,0.999986491738326,0.999982407495794,0.00490577488964955,0.999991268909106,0.999979808532889,0.00468047441193375,0.00504040464205254,0.999978985020617,0.999988389829459,0.999985036676347,0.999987065249918,0.551541254195371,0.568599205928485,0.00432541837389395,0.00505139651749668,0.00432541837551052,0.999988315197192,0.00432541846630877,0.999980059115438,0.9999718324038,0.999985373786789,0.999989339221094,0.558153585244535,0.999986262658839,0.00491518227940916,0.999975703284451,0.00445968884443237,0.999975661745636,0.00421695735559839,0.999976922565528,0.999981647768398,0.999986694009331,0.99998642893906,0.999985795375941,0.00467940946975047,0.0144437255969233,0.596969564648307,0.177989057441873,0.999990140774548,0.999983866926545,0.00500842147572335,0.999971690998682,0.00426753732211771,0.999976099006882,0.999982595467382,0.999985884746705,0.99997584563462,0.999988445945718,0.00421577163119339,0.99998690258402,0.983493709959323,1.00002480879971,0.00433105565356469,0.999985184255681,0.00431496031516111,0.290466733268169,0.00420152659960126,0.00423833248469347,0.554717808876822,0.749709983499621,0.999983905495375,0.400357935448817,0.00382990463422094,0.999983932658087,0.520091141065466,0.00432541838349823,0.999977475819656,0.999983316703088,0.218390008142082,0.999985520427333,0.00423363284435544,0.816829495504134,0.855880959012328,0.00428116192597696,0.999975523852512,0.999980328208009,0.999990534033577,0.999984569517465,0.0321554412472064,0.999982277927887,0.999988482609852,0.999988321277473,0.999986760394462,0.00507879269997287,0.0042015265617496,0.0046093025729314,0.999980004680084,0.999979381666096,0.99998711239894,0.999972256800615,0.999990368276855,0.999988702032507,0.999978437535615,0.00432541838195779,0.00474626622723223,0.00449693471406032,0.9999879953149,0.00511033159396383,0.00460930257302538,0.99998842051556,0.999984327486228,0.999978684608152,0.999982903019357,0.00432541838381185,0.00508366561022734,0.00463058571030393,0.00503605472273417,0.999988652602355,0.00506429963542884,0.00432541837388286,0.00506921745063283,0.00432541834313779,0.0049522181741174,0.999988693002578,0.999975215413279,0.0043254183750862,0.00503807593578558,0.00432541837381937,0.00506235574994863,0.00504694733102639,0.00511300078030102,0.00432541837856943,0.00509383007950137,0.99998676002723,0.999981240291287,0.00423833228192136,0.99998936950647,0.999977141911426,0.999983678511496,0.0050662375011051,0.00444496356563981,0.00451832566218996,0.00463988417376305,0.999976252321202,0.999976609955981,0.363920501519902,0.00505588937743013,0.49849059587113,0.00423833228329185,0.429539776988041,0.0042383322500836,0.00432541837373871,0.00506861404183173,0.00513147625463245,0.00504826459290507,0.00505343796420934,0.00505035274995976,0.00454175232625765,0.00465002976538758,0.00506788382475513,0.0109664175280672,0.0050778481480628,0.00502256212700741,0.00505211721667742,0.00509080924886672
0.00426488641477837,0.999991276359615,0.00427132999991559,0.0172748635827576,0.00582969364086131,0.225258515306805,0.0978254626443695,0.00569954151218927,0.213202262082199,0.124202660256247,0.0973261242261648,0.104849732711055,0.999989992584624,0.00554332257679871,0.0521887598390723,0.00771956929886652,0.510656078758642,0.999981002178416,0.00535747294936833,0.00596237666619722,0.00646138783149711,0.99998428439242,0.999979942882795,0.999989609316057,0.00426488641486151,0.999984472968561,0.00426488641647808,0.174958868889172,0.00426488650727633,0.00726106476511345,0.00650038227622573,0.0154150845829173,0.999976757521596,0.00543269922342602,0.00676187303630639,0.00577180957970365,0.00577432077877256,0.999984573979518,0.00597724810934139,0.00704664629452402,0.0060691897067144,0.00678427338882834,0.139582739539445,0.0241375253017431,0.023761094836312,0.122954981424853,0.00674824291179222,0.00468289905089528,0.999988931927662,0.0276790950224539,0.00940374158404016,0.00581432633466875,0.00618617339398673,0.999986306493111,0.00663822694023935,0.00605253587472033,0.12564837899179,0.00656407046174193,0.999995761433464,0.00415523967216095,0.0340751309958007,0.00594610941967764,0.999969883087602,0.999989960763449,0.999988817359588,0.999987655153952,0.999987654514931,0.00497246009312735,0.999989012045831,0.00576583605369371,0.00587007664701524,0.00637513055600887,0.390165412816794,0.00376937267518849,0.99997332881415,0.00535345930028379,0.00426488642446579,0.00590152965887985,0.999984927325344,0.999983737833617,1.00000674580982,0.0477367560781684,0.00720508865829923,0.999985481263194,0.00436698946822594,0.0061048799299613,0.00853859031267779,0.356696046571162,0.0120349966514827,0.134135319212743,0.00721630512054739,0.0224699561973137,0.421921344377237,0.055829501442574,1.00000469617576,0.00497245997058655,0.999967714827531,0.00562218964572845,0.00530492795972637,0.0990413894728004,0.0061102277992626,0.0107308297078905,0.0141245712938323,0.00547051477546225,0.00426488642292536,0.0056847858765919,0.00485611940969333,0.0384613197745022,1.00002128767676,0.999967714953566,0.0230625441406041,0.0935850666218203,0.0109896437885797,0.260371401346057,0.00426488642477941,1.00000134293031,0.999962977497435,0.999976797189139,0.0161534730117525,0.999994909449539,0.00426488641485042,0.999994458491092,0.00426488638410535,0.717376065666831,0.0166024812352058,0.00595929007539658,0.00426488641605376,0.9999757583744,0.00426488641478693,0.999992982898998,0.999982320154468,1.00001228362199,0.00426488641953699,1.00000351285829,0.0683229367151443,0.0049157999253696,0.999988517452841,0.0313219960882586,0.00653812365512132,0.0261847138790245,0.999996711811311,0.598969537064463,0.999973262882268,0.00532705558031814,0.0055916308661033,0.00566502831502809,0.436792310862722,0.999989258838342,0.999986773959607,0.999988520795671,0.00517222379208286,0.999988439795543,0.00426488641470627,0.999994261787188,1.00001823198476,0.999982301204155,0.999985563336313,0.865165270552991,0.701418903020375,0.999980019569522,0.999990859001612,1.00003085456072,1.00000202639647,0.999968233845454,0.999985196976614,1.0000059964972
0.999975648094443,0.00548565808638312,0.999977686763391,0.00514533666899335,0.00497438744148732,0.00506110801236301,0.00531627612251932,0.00497298116353354,0.00538951221955273,0.00502542365288431,0.00536989539384539,0.00518810033513565,0.999977071345354,0.999972211681318,0.00501535645154,0.00499686914204036,0.999974302226792,0.999974994091713,0.00496928544182518,0.00497582632787969,0.999973428997804,0.999978264034434,0.999980990503476,0.999977570562185,0.99997564826145,0.999974898785732,0.999975651508852,0.00513432192084368,0.999975833906118,0.00499484562130212,0.00498163448216397,0.00507448854460274,0.999982144186956,0.999976694503363,0.974622723920128,0.659097478724556,0.00497378919535544,0.00520795628717483,0.00498533445171775,0.00496522479834084,0.00500953078158876,0.00500873392711298,0.00534258696485251,0.00509860170894773,0.00514368395544978,0.830051114307386,0.00496898094163794,0.613918761630475,0.00524267961477953,0.00508869581553484,0.00501406660387684,0.841330879608442,0.00497823869003058,0.00501956630262172,0.00498456711954868,0.0052165593828627,0.0051869623412236,0.00498390637610581,0.999976956034632,0.00496403907393584,0.00517178231445408,0.00575085706227334,0.999976567055128,0.00595406980514992,0.99997759715131,0.00517199397900046,0.00522909164742729,0.00499759303121902,0.00498659992743592,0.553551881048295,0.999976637590655,0.999973403865786,0.999975403839557,0.00457817207696339,0.999981105387869,0.999977234801077,0.999975667554712,0.0049849951980295,0.999977100541944,0.00924996277452876,0.999971968560273,0.0049819002870979,0.00530193180257377,0.00584094364979793,0.00503784323143857,0.00497880598773335,0.00501013997520501,0.00536462081397356,0.00504615627364068,0.00503334279194127,0.00502130966118414,0.00518523885182465,0.00529435577445646,0.00516397944212336,0.999968737397233,0.00499759298849878,0.00540534969752839,0.00497778639509296,0.00496871772303079,0.00538469868795858,0.00497950444910686,0.00528002064230789,0.00503079156359922,0.00503038121623492,0.999975664460262,0.999964304294637,0.999968475195025,0.00521583599793947,0.999964621943259,0.00540534969762782,0.00514488719708146,0.00516386085781227,0.00503015369891241,0.00541834704783874,0.999975668184732,0.999971165960347,0.999984309574322,0.999976268987321,0.00506820086625887,0.99997163886809,0.999975648239185,0.999972512307599,0.999975586477889,0.999974183694002,0.00504590714124348,0.0049936654249073,0.999975650656469,0.999977020588314,0.999975648111642,0.999972331543507,0.999975272290753,0.999969793893085,0.999975657653657,0.999971483014705,0.00519555533958456,0.00496451301047606,0.00498659972466382,0.00512786332361298,0.00498240727025381,0.00509633213990984,0.999971003187564,0.00524101858643825,0.00530265525387118,0.999966243490289,0.00497181502293305,0.00497260838296077,0.999985564824766,0.999973270747107,0.496475223230349,0.0049865997260343,0.999977673975026,0.00498659969282605,0.999975647949608,0.999972522158611,0.99996935937251,0.999975451764759,0.999974679475257,0.999976683468682,0.99997335818589,0.999971315600625,0.999974108672597,0.999966208474324,0.999969996244144,0.99997840796336,0.999974672621419,0.999969850365687
0.00412227748013748,0.0100535159539449,0.0041287210652747,0.00421358788608247,0.00402639431626722,0.00572857254005972,0.00563210088042656,0.00402472381573618,0.0202122589997405,0.00407401531646852,0.0106313917043489,0.00427391045051152,0.999986757745493,0.728138542930699,0.0187821355526682,0.00405270843271132,0.51773303003354,1.00000505436983,0.0040203336581011,0.00402810255242464,0.999952317833001,1.00000138600449,0.999996171703483,0.999994101848987,0.00412227748022061,0.999999597900224,0.00412227748183719,0.00420402168940309,0.00412227757263544,0.00404974808496812,0.00403500292508011,0.00413493989941979,0.999997052850378,0.553254336097446,0.988359645412626,0.999954663481764,0.00402568365726832,0.00425654795075904,0.00403762168329743,0.00401381646192505,0.00406195704544852,0.00406262937851808,0.00838048986894145,0.00417339563499117,0.00422521615629422,0.999962248964864,0.00401757260522216,0.00454029011625439,0.00459376726454492,0.0101778044373926,0.00407332699419175,0.96008742185352,0.00403096925735495,0.0824419147027326,0.00403821243976363,0.00426852658766404,0.00427080061342394,0.00403740086246922,0.999985821081551,0.00401263073752006,0.00424982457996578,0.999966030092393,0.999976252858715,0.0791443104454299,0.999990956827964,0.209649560851671,0.0043038299959378,0.999965025296901,0.00403519159102013,0.999960802405026,0.749450341334005,0.999951867327702,0.406448774569436,0.0036267637405476,0.999999611316339,0.517663263066274,0.00412227748982489,0.0040371277303662,1.00000165384894,0.322229304054647,0.99998245006263,0.00403049195068211,0.00435608916064662,0.0229608447314879,0.17939400104676,0.00403136855382647,0.00406763289112426,0.00518692162667635,0.00805783644677102,0.0151800906038216,0.00407606595388337,0.00425102242662899,0.00437310564369817,0.00424889448092764,0.999986696655184,0.999964923814589,0.99997050931705,0.00402936043789919,0.00401965926737604,0.00452662863575219,0.00403207655708841,0.0051461825647136,0.00409302636709241,0.00408153604037104,0.00412227748828446,0.999939697514192,0.38060471740055,0.00429442274092075,0.999971699318847,0.99997050943068,0.00422209231130345,0.00424583974945141,0.0040926357899015,0.0489821145907559,0.00412227749013852,0.999983910496605,0.00464506359263519,1.00000712264996,0.00413288539178836,0.999993508584116,0.00412227748020953,0.999990963019658,0.00412227744946445,0.99999141129172,0.00411092585703391,0.00404589870407469,0.00412227748141287,1.00000606954245,0.00412227748014604,0.99999439661323,1.00000177897949,0.99996932413681,0.0041222774848961,0.999978774813155,0.0052533593220167,0.00401466458425863,0.00403519138824803,0.0106543618167623,0.00403585158308176,0.00417051932486989,0.999992623540732,0.999970700008261,0.755726420446845,0.745430529476973,0.00402333860548653,0.00402428096945792,0.450345846372084,0.999997513263089,0.507942613081203,0.00403519138961852,0.427408603641906,0.00403519135641027,0.00412227748006538,0.999991259761,0.999959926686123,1.00000111025737,0.999998600241791,0.999972338986928,0.004485330559479,0.00462336650687153,0.999991467275143,0.999963459512897,0.999986978789583,1.0000137157538,0.999999259667999,0.999980513452226
0.00432541837381081,0.00428275561767396,0.0213104624059002,0.999987600363155,0.999975215447305,0.019534281925576,0.999988696695685,0.999976043252199,0.999988102666023,0.0364000358096428,0.999985729330785,0.999986491738326,0.999982407495794,0.00490577488964955,0.999991268909106,0.999979808532889,0.00468047441193375,0.00504040464205254,0.999978985020617,0.999988389829459,0.999985036676347,0.999987065249918,0.551541254195371,0.568599205928485,0.00432541837389395,0.00505139651749668,0.00432541837551052,0.999988315197192,0.00432541846630877,0.999980059115438,0.9999718324038,0.999985373786789,0.999989339221094,0.558153585244535,0.999986262658839,0.00491518227940916,0.999975703284451,0.00445968884443237,0.999975661745636,0.00421695735559839,0.999976922565528,0.999981647768398,0.999986694009331,0.99998642893906,0.999985795375941,0.00467940946975047,0.0144437255969233,0.596969564648307,0.177989057441873,0.999990140774548,0.999983866926545,0.00500842147572335,0.999971690998682,0.00426753732211771,0.999976099006882,0.999982595467382,0.999985884746705,0.99997584563462,0.999988445945718,0.00421577163119339,0.99998690258402,0.983493709959323,1.00002480879971,0.00433105565356469,0.999985184255681,0.00431496031516111,0.290466733268169,0.00420152659960126,0.00423833248469347,0.554717808876822,0.749709983499621,0.999983905495375,0.400357935448817,0.00382990463422094,0.999983932658087,0.520091141065466,0.00432541838349823,0.999977475819656,0.999983316703088,0.218390008142082,0.999985520427333,0.00423363284435544,0.816829495504134,0.855880959012328,0.00428116192597696,0.999975523852512,0.999980328208009,0.999990534033577,0.999984569517465,0.0321554412472064,0.999982277927887,0.999988482609852,0.999988321277473,0.999986760394462,0.00507879269997287,0.0042015265617496,0.0046093025729314,0.999980004680084,0.999979381666096,0.99998711239894,0.999972256800615,0.999990368276855,0.999988702032507,0.999978437535615,0.00432541838195779,0.00474626622723223,0.00449693471406032,0.9999879953149,0.00511033159396383,0.00460930257302538,0.99998842051556,0.999984327486228,0.999978684608152,0.999982903019357,0.00432541838381185,0.00508366561022734,0.00463058571030393,0.00503605472273417,0.999988652602355,0.00506429963542884,0.00432541837388286,0.00506921745063283,0.00432541834313779,0.0049522181741174,0.999988693002578,0.999975215413279,0.0043254183750862,0.00503807593578558,0.00432541837381937,0.00506235574994863,0.00504694733102639,0.00511300078030102,0.00432541837856943,0.00509383007950137,0.99998676002723,0.999981240291287,0.00423833228192136,0.99998936950647,0.999977141911426,0.999983678511496,0.0050662375011051,0.00444496356563981,0.00451832566218996,0.00463988417376305,0.999976252321202,0.999976609955981,0.363920501519902,0.00505588937743013,0.49849059587113,0.00423833228329185,0.429539776988041,0.0042383322500836,0.00432541837373871,0.00506861404183173,0.00513147625463245,0.00504826459290507,0.00505343796420934,0.00505035274995976,0.00454175232625765,0.00465002976538758,0.00506788382475513,0.0109664175280672,0.0050778481480628,0.00502256212700741,0.00505211721667742,0.00509080924886672
0.00308731253837694,0.111658385156782,0.00309375612351416,0.217848082340967,0.00297388207932639,0.999984812587074,0.497953358496025,0.00297356914975973,0.309166923106372,0.99998393058676,0.26540564446663,0.00304771775669662,0.00440971767763848,0.734641543244647,0.0484644473583448,0.008351793574824,0.00344236857649989,0.00380229880661867,0.00297274699172751,0.00297420640111856,0.00386609332024137,0.00430029571508592,0.0041383454045797,0.00404627792255649,0.00308731253846008,0.00381329068206282,0.00308731254007665,0.00306060367476545,0.00308731263087491,0.0160138845968964,0.00297549497495327,0.139880015576615,0.00425813402825635,0.537075932833733,0.961165350281026,0.941585610910742,0.00297374899566521,0.575401161525224,0.0274211018340224,0.999982341594546,0.0880725697893964,0.065785188417672,0.0212440565169489,0.00300380392861227,0.0307560530781745,0.00738513451875945,0.99998349980235,0.999983549880679,0.124925849145109,0.0532080377820738,0.00572780955545862,0.999982886527382,0.00297473870082273,0.00302943148668385,0.00674345729092871,0.629715963883163,0.00418619677457138,0.00711128280769399,0.0042986203814477,0.999980349064755,0.13874499880881,0.984710956263787,0.00438209301982971,0.169635574477878,0.0043607322327086,0.00307685447972725,0.00313452384594757,0.00296342076416739,0.0030002266492596,0.628439819618152,0.751321935951331,0.999984675600163,0.00358857104876587,0.00259179879878707,0.00437043842020941,0.501250055079429,0.00308731254806436,0.0286714052359614,0.0043609289387231,0.00324424151764133,0.00435363803170156,0.999982087713171,0.999982401203568,0.103464546756707,0.999981617240334,0.00675029586112427,0.0199058332341163,0.553338718241005,0.011074855700236,0.999985111862011,0.086453818534908,0.348253355877407,0.0354332518969829,0.00445686417306518,0.003840686864539,0.00296342072631573,0.00337119673749753,0.0177157345260951,0.00297262067950996,0.546523420094405,0.00842823093630268,0.692400598066188,0.0045803726935668,0.159486121586679,0.00308731254652393,0.00350816039179836,0.00325882887862645,0.24084236872454,0.00387222575852997,0.00337119673759151,0.0919310519077798,0.00303933181595097,0.00298630207593682,0.00487129438732925,0.00308731254837799,0.00384555977479348,0.00339247987487006,0.00379794888730031,0.0667485728109381,0.00382619379999497,0.003087312538449,0.00383111161519896,0.00308731250770392,0.00371411233868354,0.00417510555750487,0.0497062153142471,0.00308731253965233,0.00379997010035171,0.0030873125383855,0.00382424991451476,0.00380884149559253,0.00387489494486716,0.00308731254313557,0.0038557242440675,0.00865570926780284,0.00297168485127819,0.0030002264464875,0.0117593515936426,0.00392425456015809,0.00300404504352805,0.00382813166567123,0.00320685773020594,0.0032802198267561,0.00340177833832919,0.00297330951552241,0.00297348629984651,0.00354915597035841,0.00381778354199626,0.00369169393385951,0.00300022644785798,0.430243463899713,0.00300022641464973,0.00308731253830484,0.00383050820639786,0.00389337041919858,0.0038101587574712,0.00381533212877547,0.0038122469145259,0.00330364649082379,0.00341192392995372,0.00382977798932127,0.0038951382619067,0.00383974231262893,0.00378445629157355,0.00381401138124355,0.00385270341343285
0.999970629454016,0.00548558407924475,0.99997266814537,0.00514975380561868,0.0049751894817599,0.00506111927278579,0.0053219358476818,0.00497372440240578,0.00539893203759788,0.00502546565515089,0.00538161732368569,0.00519642511590848,1.00000139321342,0.999964331428803,0.00501580084928007,0.00499852406711715,0.999966100058577,0.999956636278974,0.00496987413748858,0.00497668831058236,0.999961088421164,0.999984201128052,0.99998456400053,0.999961547362834,0.999970629621021,0.999957270303404,0.999970632868407,0.00513906142528404,0.999970815264746,0.0049962920602596,0.00498273953254983,0.00507716986126595,0.999974387106683,0.999969212449248,0.974608052230047,0.659085266418459,0.00497456621871211,0.00520799828944141,0.00498619888398042,0.00496526680060742,0.00501042615478329,0.00500995626057686,0.0053565547058213,0.00510447489241248,0.00515105670794559,0.830038620365975,0.00496902294390452,0.613915708823314,0.00524892813133237,0.0050930077571859,0.00501648287740405,0.841316494265925,0.00497920178442454,0.00501812001396657,0.00498573378757926,0.00521735259478187,0.00519484829825483,0.00498503947682439,0.99997811153202,0.00496408107620242,0.00517837839946453,0.00573210212494386,1.00000301224287,0.00595268240760805,0.999992890551604,0.00516813251696857,0.00523495246239273,0.00497872287422501,0.0049866419297025,0.553536561456024,0.999966442952138,0.999962556720903,0.999982538793679,0.00457821407922997,0.999998740860706,0.99996971075536,0.999970648914186,0.00498582520275682,0.999996830449239,0.00925360033612731,0.999986843889646,0.00498194228936448,0.00530321242204401,0.00586172058739185,0.00503455620278869,0.00497973169430164,0.00501216290623059,0.00536686034159783,0.0050496832775466,0.00503320855101702,0.00502272357053108,0.00518910682712021,0.00530110933310387,0.005172105028125,0.999956660896793,0.00497872283343107,0.00538648717955479,0.00497849211079544,0.00496928267939467,0.0053925382945952,0.00498043227917423,0.00528240508481332,0.00503386977775952,0.00503099363693927,0.999970645819751,0.999959798229236,0.999968504251975,0.00522255325366135,0.999957050055097,0.00538648717965206,0.0051512969782997,0.00517133301908881,0.00503328694565621,0.00543222203993085,0.999970649544202,0.999957946572684,0.999978741959769,0.999956859571665,0.00507182425368812,0.999956863953543,0.999970629598756,0.999957520968256,0.999970567837774,0.999958935219418,0.00504960490102777,0.00499451785033305,0.999970632016028,0.999957235297198,0.999970629471214,0.999957009807892,0.999957135420388,0.999959294489053,0.999970639013181,0.999958689505445,0.00520472404902483,0.00496490216288029,0.0049866417269304,0.00513449282717268,0.00498352920510543,0.00510207029621031,0.999956737171129,0.00522215294425171,0.00528842889774658,0.999962067133545,0.00497250950896109,0.00497333602906406,0.999979936457503,0.999956953288278,0.496486763201347,0.00498664172830088,0.9999709166352,0.00498664169509264,0.999970629309181,0.999957484704574,0.999960264231712,0.999957276563107,0.999957315744399,0.999960938613834,0.999967969520939,0.999965852220541,0.999957995019285,0.999960565256349,0.999957120936077,0.99995692067386,0.999957234863711,0.999957921344035
0.00426485980390917,0.999986223479942,0.00427130338904639,0.0172756795692661,0.00582981647466593,0.225257381207546,0.0978261617944076,0.00569965278399826,0.213203691375674,0.124202002233882,0.0973282762658403,0.104850901446483,0.999974122156459,0.00550630257367851,0.0521891273956799,0.00771985983361551,0.510642957055977,0.9999902415334,0.00535755383367137,0.00596251128635573,0.00643102751713262,0.999981992902431,0.99998625311104,0.999987568667915,0.0042648598039923,0.999988166806193,0.00426485980560887,0.174958922126198,0.00426485989640713,0.0072613143056755,0.00650056469027131,0.0154155486727303,0.999991078727611,0.0054063010230407,0.006746353066336,0.00574925449412034,0.00577443869355363,0.999979308225003,0.00597738321115173,0.00704660447422909,0.00606933089237506,0.00678447886399876,0.139585051090964,0.0241386080043941,0.0237624918922378,0.122929871694925,0.00674820268157398,0.00468287244002608,0.999984968722026,0.027680064382651,0.0094041818211329,0.00580180020234473,0.00618632789552433,0.999983728043716,0.00663842147003275,0.00605265697262439,0.125649346929846,0.00656425839126541,0.999977755850761,0.00415521306129174,0.0340763122600208,0.00598023381996185,0.999974698631568,0.999987284481231,0.999977211260757,0.99998944045025,0.999983600040604,0.00500659046431689,0.999983745103101,0.00576399824903214,0.00584476390781307,0.00633501836366517,0.390129176923252,0.00376934606431929,0.999982318144793,0.00532991642343703,0.00426485981359658,0.00590165799127635,0.999976472037927,0.999991393030579,0.999966679663773,0.0477365002190164,0.00720530559412443,0.999985222482473,0.00437297537278238,0.00610502708000941,0.00853895320766212,0.356694653498153,0.0120358054004145,0.134134996818275,0.00721654826488058,0.0224706307474117,0.42192051807245,0.0558308865515317,0.999974804418578,0.00500659033829702,0.999996597508107,0.00562229353943553,0.0053050041762209,0.0990424910495459,0.00611037536684987,0.0107312886051532,0.0141251245590273,0.00547060032477017,0.00426485981205615,0.00560855259340802,0.00479969121424531,0.0384625034104492,0.999962718464308,0.999996597634145,0.0230637444365396,0.0935861170359385,0.0109902250026073,0.260374608506938,0.00426485981391021,0.999976752934096,0.999976400041439,0.999992269301856,0.0161541292747195,0.999981521805774,0.00426485980398122,0.999981462244283,0.00426485977323614,0.717366095360962,0.0166031504986021,0.00595942281632783,0.00426485980518455,0.999992909954496,0.00426485980391773,0.999982787465977,0.999989386925428,0.999968799566869,0.00426485980866779,0.999975110273815,0.0683245104053713,0.00491584157390147,0.999983250512713,0.0313234452165518,0.00653830938912387,0.0261857576907702,0.999980333593595,0.599000534726265,0.999993770676254,0.00526768029943048,0.00559173255174313,0.00566513652086374,0.436815342919069,0.999985324957583,0.999985401020024,0.999983253855525,0.00515095930486077,0.999983172855824,0.00426485980383707,0.999981602133036,0.999964482711005,0.999989368869791,0.99998754291232,0.865151390618428,0.701427807877165,0.999989909268105,0.999984007295718,0.999958952429867,0.999976507306289,0.999996772301301,0.999987770866303,0.999973481648489
0.999975316237963,0.00548568655069206,0.999977354908398,0.00514555717394052,0.0049744290177902,0.00506111893494907,0.00531656463890785,0.00497301982947005,0.0053900627885395,0.00502542761122164,0.00537050973737719,0.00518851424833573,0.99997852277755,0.999970904242672,0.00501545746015006,0.00499695293174694,0.999972299468664,0.999975033774769,0.00496931645866906,0.00497587087102403,0.999973122472692,0.999978942213113,0.999982720582203,0.999977659894885,0.999975316404969,0.999974878108029,0.99997531965237,0.00513455838133683,0.999975502049575,0.00499491909201992,0.00498169105590633,0.00507462313540482,0.99998394390575,0.999975733896321,0.974623383150405,0.659097795763771,0.00497382953344987,0.00520796024551216,0.00498537911610269,0.00496522875667818,0.00500957697739042,0.00500879630576346,0.00534330075692884,0.00509889428071182,0.00514405074815505,0.830050933195614,0.00496898489997528,0.613918560223026,0.00524299220291146,0.00508894267380209,0.0050141880764092,0.841331717244083,0.0049782882376827,0.00501990741796962,0.004984626743047,0.00521660052220757,0.00518735453490932,0.00498396433819513,0.999977123811948,0.00496404303227318,0.00517211066612026,0.00575514713310642,0.999978159505103,0.00595439417646587,0.999978676442894,0.00517288184072309,0.00522938360701438,0.00500188134484376,0.00498660388577326,0.553553603954001,0.999976147889578,0.999972443609532,0.999973121984379,0.00457817603530072,0.999983525531981,0.999976390752629,0.999975335698225,0.00498503815842882,0.999977901363376,0.00925180667895953,0.999971098151711,0.00498190424543523,0.00530199706608126,0.00584206811040967,0.0050386013475118,0.00497885368488073,0.00501024197931007,0.00536473754202286,0.00504635341148012,0.00503339620067712,0.00502138152185381,0.0051854321761153,0.00529469192025635,0.00516438349620853,0.999966939132789,0.00500188130168713,0.00540963628061158,0.00497782320382588,0.00496874756490165,0.0053850888931093,0.0049795522513565,0.00528014476937583,0.00503094579878257,0.00503041340734609,0.999975332603776,0.999960956178719,0.999965178096128,0.00521617034693158,0.999961599505489,0.00540963628071149,0.00514520632766977,0.00516423257074003,0.00503031065792511,0.00541926866195617,0.999975336328245,0.999969979828917,0.999981808121371,0.999976665021949,0.00506838208471027,0.999970676973467,0.999975316382704,0.999971759899708,0.999975254621429,0.999973513674869,0.00504609204074329,0.00499370949501567,0.999975318799987,0.999977627746724,0.999975316255161,0.999971562393974,0.999975368935874,0.999968109613434,0.999975325797173,0.999970349373527,0.00519601609759462,0.00496453415095667,0.00498660368300115,0.00512822712718718,0.00498246467969023,0.00509661802852496,0.999969864931462,0.00524530587727976,0.00530589156214136,0.999963493054134,0.00497185127585495,0.00497264627713555,0.999986342895532,0.999972784026933,0.496476229286038,0.00498660368437164,0.999976797266465,0.00498660365116339,0.999975316093128,0.999971775712445,0.999967495915325,0.99997559596418,0.999974591246375,0.999977110740028,0.999971563588323,0.99996922434286,0.999973814068663,0.999962833413463,0.999968523931257,0.999979393408398,0.999974585715973,0.999968269279083
0.00308731253837694,0.111658385156782,0.00309375612351416,0.217848082340967,0.00297388207932639,0.999984812587074,0.497953358496025,0.00297356914975973,0.309166923106372,0.99998393058676,0.26540564446663,0.00304771775669662,0.00440971767763848,0.734641543244647,0.0484644473583448,0.008351793574824,0.00344236857649989,0.00380229880661867,0.00297274699172751,0.00297420640111856,0.00386609332024137,0.00430029571508592,0.0041383454045797,0.00404627792255649,0.00308731253846008,0.00381329068206282,0.00308731254007665,0.00306060367476545,0.00308731263087491,0.0160138845968964,0.00297549497495327,0.139880015576615,0.00425813402825635,0.537075932833733,0.961165350281026,0.941585610910742,0.00297374899566521,0.575401161525224,0.0274211018340224,0.999982341594546,0.0880725697893964,0.065785188417672,0.0212440565169489,0.00300380392861227,0.0307560530781745,0.00738513451875945,0.99998349980235,0.999983549880679,0.124925849145109,0.0532080377820738,0.00572780955545862,0.999982886527382,0.00297473870082273,0.00302943148668385,0.00674345729092871,0.629715963883163,0.00418619677457138,0.00711128280769399,0.0042986203814477,0.999980349064755,0.13874499880881,0.984710956263787,0.00438209301982971,0.169635574477878,0.0043607322327086,0.00307685447972725,0.00313452384594757,0.00296342076416739,0.0030002266492596,0.628439819618152,0.751321935951331,0.999984675600163,0.00358857104876587,0.00259179879878707,0.00437043842020941,0.501250055079429,0.00308731254806436,0.0286714052359614,0.0043609289387231,0.00324424151764133,0.00435363803170156,0.999982087713171,0.999982401203568,0.103464546756707,0.999981617240334,0.00675029586112427,0.0199058332341163,0.553338718241005,0.011074855700236,0.999985111862011,0.086453818534908,0.348253355877407,0.0354332518969829,0.00445686417306518,0.003840686864539,0.00296342072631573,0.00337119673749753,0.0177157345260951,0.00297262067950996,0.546523420094405,0.00842823093630268,0.692400598066188,0.0045803726935668,0.159486121586679,0.00308731254652393,0.00350816039179836,0.00325882887862645,0.24084236872454,0.00387222575852997,0.00337119673759151,0.0919310519077798,0.00303933181595097,0.00298630207593682,0.00487129438732925,0.00308731254837799,0.00384555977479348,0.00339247987487006,0.00379794888730031,0.0667485728109381,0.00382619379999497,0.003087312538449,0.00383111161519896,0.00308731250770392,0.00371411233868354,0.00417510555750487,0.0497062153142471,0.00308731253965233,0.00379997010035171,0.0030873125383855,0.00382424991451476,0.00380884149559253,0.00387489494486716,0.00308731254313557,0.0038557242440675,0.00865570926780284,0.00297168485127819,0.0030002264464875,0.0117593515936426,0.00392425456015809,0.00300404504352805,0.00382813166567123,0.00320685773020594,0.0032802198267561,0.00340177833832919,0.00297330951552241,0.00297348629984651,0.00354915597035841,0.00381778354199626,0.00369169393385951,0.00300022644785798,0.430243463899713,0.00300022641464973,0.00308731253830484,0.00383050820639786,0.00389337041919858,0.0038101587574712,0.00381533212877547,0.0038122469145259,0.00330364649082379,0.00341192392995372,0.00382977798932127,0.0038951382619067,0.00383974231262893,0.00378445629157355,0.00381401138124355,0.00385270341343285
0.00412229011425329,0.010053523530258,0.00412873369939051,0.00421498051800419,0.00402664668034209,0.00572858590676803,0.00563389344810587,0.00402495763276842,0.0202153309098094,0.00407402795058434,0.0106351280857389,0.00427653562523255,0.999995846008376,0.728139808436874,0.0187823699077777,0.00405322981233223,0.517724220549065,0.999993591760066,0.00402051872936427,0.0040283738234439,0.99995381648061,0.999999982732852,0.999996833150831,0.999986674403082,0.00412229011433643,0.999989652499246,0.004122290115953,0.00420551600205984,0.00412229020675126,0.00405020370423434,0.00403535086411502,0.00413578502181546,0.999993977966432,0.553255273531623,0.988360908504293,0.999955974963887,0.00402592813054802,0.00425656058487486,0.00403789372695294,0.00401382909604087,0.00406223884844274,0.00406301431079184,0.00838492023178492,0.00417524753085291,0.00422754104379531,0.999962126023416,0.00401758523933797,0.00454030275037021,0.00459573931629137,0.0101792026763091,0.00407408851710998,0.960088544547499,0.0040312724208604,0.0824419628035159,0.00403857981413642,0.00426877616711395,0.00427328737506986,0.00403775764909472,0.999986116134013,0.00401264337163587,0.00425190449226431,0.999966524905353,0.999979967294865,0.079144342144577,0.999995667492798,0.209649664804402,0.00430567799054749,0.999965488616602,0.00403520422513595,0.999961803628104,0.749451456748739,0.9999534411664,0.406448872987426,0.00362677637466342,1.0000047593501,0.517664123400142,0.00412229012394071,0.00403738891494417,1.00000469278414,0.3222324847861,0.999986492911105,0.00403050458479793,0.00435649247739827,0.0229675133546167,0.179394093013237,0.00403165992452439,0.00406827034658656,0.00518763232105848,0.0080589737425042,0.0151801191433599,0.00407651131271243,0.00425224184297194,0.00437523522607668,0.00425145682595599,0.999979331541752,0.999965387134244,0.999970972454709,0.0040295824194339,0.00401983685082774,0.00452910115318064,0.00403236859757699,0.00514693924625743,0.00409399667825493,0.00408172859494827,0.00412229012240028,0.99994181297337,0.380605938192499,0.00429654087268918,0.999967911691351,0.99997097256834,0.00422411345996105,0.00424819599230939,0.00409362345935254,0.0489867767558437,0.00412229012425434,0.999977689656381,0.00462885655780418,0.99999530507879,0.00413402766062196,0.999984701665015,0.00412229011432535,0.99998300950777,0.00412229008358027,0.999983343009669,0.00411209158427549,0.00404616696055311,0.00412229011552868,0.999994695017253,0.00412229011426185,0.999985455789719,0.999991288036555,0.99996690364813,0.00412229011901192,0.999974036948043,0.00525625692418973,0.00401478671590961,0.00403520402236385,0.0106564938077475,0.00403620484778756,0.00417232863068178,0.99998396176576,0.999971163220372,0.755726773102603,0.745432146714651,0.00402355704497547,0.00402450986824419,0.450340220984082,0.999987862166165,0.507945527844683,0.00403520402373433,0.427409342758143,0.00403520399052608,0.00412229011418119,0.999983224915252,0.999959999030512,0.99999084158502,0.999988895026818,0.999970423115406,0.00447440785193869,0.00461022582365268,0.99998366224203,0.999962349733759,0.999979720100247,1.00000041624299,0.999989367772219,0.999975016045062
0.00432541837381081,0.00428275561767396,0.0213104624059002,0.999987600363155,0.999975215447305,0.019534281925576,0.999988696695685,0.999976043252199,0.999988102666023,0.0364000358096428,0.999985729330785,0.999986491738326,0.999982407495794,0.00490577488964955,0.999991268909106,0.999979808532889,0.00468047441193375,0.00504040464205254,0.999978985020617,0.999988389829459,0.999985036676347,0.999987065249918,0.551541254195371,0.568599205928485,0.00432541837389395,0.00505139651749668,0.00432541837551052,0.999988315197192,0.00432541846630877,0.999980059115438,0.9999718324038,0.999985373786789,0.999989339221094,0.558153585244535,0.999986262658839,0.00491518227940916,0.999975703284451,0.00445968884443237,0.999975661745636,0.00421695735559839,0.999976922565528,0.999981647768398,0.999986694009331,0.99998642893906,0.999985795375941,0.00467940946975047,0.0144437255969233,0.596969564648307,0.177989057441873,0.999990140774548,0.999983866926545,0.00500842147572335,0.999971690998682,0.00426753732211771,0.999976099006882,0.999982595467382,0.999985884746705,0.99997584563462,0.999988445945718,0.00421577163119339,0.99998690258402,0.983493709959323,1.00002480879971,0.00433105565356469,0.999985184255681,0.00431496031516111,0.290466733268169,0.00420152659960126,0.00423833248469347,0.554717808876822,0.749709983499621,0.999983905495375,0.400357935448817,0.00382990463422094,0.999983932658087,0.520091141065466,0.00432541838349823,0.999977475819656,0.999983316703088,0.218390008142082,0.999985520427333,0.00423363284435544,0.816829495504134,0.855880959012328,0.00428116192597696,0.999975523852512,0.999980328208009,0.999990534033577,0.999984569517465,0.0321554412472064,0.999982277927887,0.999988482609852,0.999988321277473,0.999986760394462,0.00507879269997287,0.0042015265617496,0.0046093025729314,0.999980004680084,0.999979381666096,0.99998711239894,0.999972256800615,0.999990368276855,0.999988702032507,0.999978437535615,0.00432541838195779,0.00474626622723223,0.00449693471406032,0.9999879953149,0.00511033159396383,0.00460930257302538,0.99998842051556,0.999984327486228,0.999978684608152,0.999982903019357,0.00432541838381185,0.00508366561022734,0.00463058571030393,0.00503605472273417,0.999988652602355,0.00506429963542884,0.00432541837388286,0.00506921745063283,0.00432541834313779,0.0049522181741174,0.999988693002578,0.999975215413279,0.0043254183750862,0.00503807593578558,0.00432541837381937,0.00506235574994863,0.00504694733102639,0.00511300078030102,0.00432541837856943,0.00509383007950137,0.99998676002723,0.999981240291287,0.00423833228192136,0.99998936950647,0.999977141911426,0.999983678511496,0.0050662375011051,0.00444496356563981,0.00451832566218996,0.00463988417376305,0.999976252321202,0.999976609955981,0.363920501519902,0.00505588937743013,0.49849059587113,0.00423833228329185,0.429539776988041,0.0042383322500836,0.00432541837373871,0.00506861404183173,0.00513147625463245,0.00504826459290507,0.00505343796420934,0.00505035274995976,0.00454175232625765,0.00465002976538758,0.00506788382475513,0.0109664175280672,0.0050778481480628,0.00502256212700741,0.00505211721667742,0.00509080924886672
0.00426487434569902,0.999988797407149,0.00427131793083624,0.0172752192298883,0.00582974695841183,0.225257959818996,0.0978257479112101,0.00569958977101197,0.213202867112025,0.12420233813319,0.0973270594090889,0.104850220454294,0.999982538256951,0.00552600625088423,0.0521889378984381,0.0077196959907254,0.510649872097534,0.999985747985261,0.00535750791272487,0.00596243514063918,0.00644743815064894,0.999983374685042,0.999983216176487,0.999989008077579,0.00426487434578215,0.999986586993339,0.00426487434739873,0.1749588465966,0.00426487443819698,0.00726117352075781,0.00650046166195964,0.0154152856978987,0.999983944998092,0.00542037207721894,0.00675504063667499,0.00576160911875222,0.00577437194409936,0.999981989234235,0.00597730679452081,0.00704662675687151,0.00606925105376499,0.0067843628645119,0.139583729294848,0.024137996597305,0.0237617047144783,0.122943516653038,0.00674822415494526,0.00468288698181593,0.999986921500412,0.0276795274209165,0.00940393377526741,0.00580891552315543,0.00618624056714202,0.999985061308076,0.00663831162698465,0.0060525884327611,0.125648772751509,0.00656415226066664,0.999987439256079,0.0041552276030816,0.0340756430826893,0.00596311957670924,0.999972184494631,0.999988666181932,0.999983442646308,0.999988585111228,0.999985603335074,0.00498947443594453,0.999986426717077,0.00576558182262168,0.00585839402953044,0.00635650066798796,0.390148076174823,0.00376936060610914,0.99997777374785,0.00534248056874411,0.00426487435538644,0.00590158538223302,0.999980965688685,0.999987476761786,0.99998776163889,0.047736631436951,0.00720518314837088,0.999985137975959,0.00436997448958026,0.00610494388661439,0.0085387486643597,0.356695340419151,0.0120353583282157,0.134135164362991,0.00721641107764538,0.0224702481711682,0.421920868992264,0.0558300975319816,0.999990730255191,0.0049894743116695,0.999982152194706,0.0056222346764052,0.00530496088077348,0.0990418493466156,0.00611029193860188,0.0107310314414165,0.0141248120216663,0.00547055177990155,0.004264874353846,0.0056488149324036,0.00482926650219936,0.0384618317509221,0.999993621017763,0.999982152320742,0.023063067533508,0.0935855052357788,0.0109898976615412,0.260372834088952,0.00426487435570006,0.99998994845453,0.999969024972063,0.999984529727349,0.0161537585795751,0.99998884157906,0.00426487434577107,0.999988596855391,0.004264874315026,0.717371671167957,0.0166027724042415,0.00595934772761896,0.00426487434697441,0.999984307201513,0.00426487434570758,0.999988445754286,0.999986042946826,0.999991893238791,0.00426487435045764,0.99999031839316,0.0683236144833236,0.00491581772187247,0.999985932125364,0.0313226397116354,0.00653820449343826,0.0261851674981634,0.999989210323882,0.598985013032939,0.999983525587071,0.00529901768816457,0.00559167493068289,0.00566507523239339,0.43680338473113,0.999987714679788,0.999986130089421,0.999985935468185,0.00516228206749953,0.999985854468267,0.00426487434562692,0.999988560120444,0.999992963219215,0.999986029167138,0.999986858929216,0.865159120734886,0.701422909534925,0.999984435210874,0.99998795245453,0.999996839582107,0.999990163434971,0.99998221202591,0.999986774104249,0.999990810243717
0.99997013643721,0.00548593726092072,0.999972175130822,0.00514941184664527,0.00497514410112351,0.00506123040652778,0.00532156224764096,0.00497368384576848,0.00539907013236296,0.00502548262715628,0.00538102478177279,0.00519576257831425,1.00000209375959,0.999955069056209,0.00501661778981934,0.0049984087167947,0.999949579414293,0.999968448830255,0.00496984625939797,0.00497663801233812,0.999965385140089,0.99998791429619,1.00000108074899,0.999972437013478,0.999970136604216,0.999967973467731,0.9999701398516,0.00513869301962674,0.999970322247845,0.00499619381389802,0.00498266929331308,0.00507697030696105,0.999998644419773,0.999963449575864,0.97462421517829,0.659096219020826,0.00497452289043466,0.0052080152614468,0.00498614838477709,0.00496528377261282,0.00501037311722159,0.0050098763995716,0.00535565148849835,0.00510401348103501,0.00515047227365364,0.830044374641307,0.00496903991590992,0.613915413914344,0.00524845147145274,0.00509301524928823,0.00501630506693247,0.84133440765763,0.00497914319109371,0.00502269559536051,0.00498565849330198,0.00521730793841342,0.00519422176125445,0.00498496693637068,0.999979241130756,0.00496409804820782,0.00517785768207767,0.00578999465274683,1.00000396236268,0.00595704093689261,0.99999514797644,0.00518010156956874,0.00523449206571269,0.00503666746340803,0.0049866589017079,0.553564611790783,0.999967438060454,0.99995887320942,0.999953518573289,0.00457823105123537,1.00001403960713,0.999965232387719,0.99997015589737,0.00498577752794881,0.99999336208386,0.00927127047230316,0.999968301688752,0.00498195926136987,0.00530312777932199,0.00586105409274964,0.00504476993899451,0.00497967616822493,0.00501201736512436,0.00536674026593635,0.00504963777749533,0.00503386820755849,0.00502262799286124,0.00518880992070919,0.00530057569676139,0.00517145883224015,0.999944733910587,0.00503666741671387,0.00544440837055024,0.00497845463251574,0.00496925674884883,0.00539191886003774,0.0049803765788881,0.00528227556628301,0.00503363766244154,0.00503096381247366,0.999970152802938,0.99992641933457,0.999932878999453,0.00522202259556902,0.99992910892351,0.00544440837065411,0.00515079154506117,0.00517074042941509,0.00503305031552852,0.00543362031147403,0.999970156527386,0.999953327735924,0.99995524639243,0.999973170065012,0.00507154741298367,0.999955638965479,0.999970136581951,0.999958686868656,0.999970074821001,0.999961149853987,0.00504932195890105,0.00499446833615679,0.999970138999221,0.999976054820612,0.999970136454408,0.999958203833798,0.99996942169276,0.999947599915036,0.99997014599637,0.999954367065329,0.0052040470789174,0.00496489065508862,0.00498665869893579,0.00513433435698035,0.00498345758068658,0.00510161996230573,0.999953293393712,0.00528008370465743,0.00533214960507108,0.99993493865284,0.00497247295195093,0.00497329675163955,0.999991851442109,0.999961814494456,0.496490533261474,0.00498665870030628,0.999965612701049,0.00498665866709803,0.999970136292376,0.999958743836163,0.999945756088688,0.999970098768942,0.999967125029336,0.999975274973143,0.999951968136223,0.999946705363641,0.999964795246904,0.999927613493378,0.999949205362064,0.999980884234403,0.999967105060637,0.999948238596751
0.00432541837381081,0.00428275561767396,0.0213104624059002,0.999987600363155,0.999975215447305,0.019534281925576,0.999988696695685,0.999976043252199,0.999988102666023,0.0364000358096428,0.999985729330785,0.999986491738326,0.999982407495794,0.00490577488964955,0.999991268909106,0.999979808532889,0.00468047441193375,0.00504040464205254,0.999978985020617,0.999988389829459,0.999985036676347,0.999987065249918,0.551541254195371,0.568599205928485,0.00432541837389395,0.00505139651749668,0.00432541837551052,0.999988315197192,0.00432541846630877,0.999980059115438,0.9999718324038,0.999985373786789,0.999989339221094,0.558153585244535,0.999986262658839,0.00491518227940916,0.999975703284451,0.00445968884443237,0.999975661745636,0.00421695735559839,0.999976922565528,0.999981647768398,0.999986694009331,0.99998642893906,0.999985795375941,0.00467940946975047,0.0144437255969233,0.596969564648307,0.177989057441873,0.999990140774548,0.999983866926545,0.00500842147572335,0.999971690998682,0.00426753732211771,0.999976099006882,0.999982595467382,0.999985884746705,0.99997584563462,0.999988445945718,0.00421577163119339,0.99998690258402,0.983493709959323,1.00002480879971,0.00433105565356469,0.999985184255681,0.00431496031516111,0.290466733268169,0.00420152659960126,0.00423833248469347,0.554717808876822,0.749709983499621,0.999983905495375,0.400357935448817,0.00382990463422094,0.999983932658087,0.520091141065466,0.00432541838349823,0.999977475819656,0.999983316703088,0.218390008142082,0.999985520427333,0.00423363284435544,0.816829495504134,0.855880959012328,0.00428116192597696,0.999975523852512,0.999980328208009,0.999990534033577,0.999984569517465,0.0321554412472064,0.999982277927887,0.999988482609852,0.999988321277473,0.999986760394462,0.00507879269997287,0.0042015265617496,0.0046093025729314,0.999980004680084,0.999979381666096,0.99998711239894,0.999972256800615,0.999990368276855,0.999988702032507,0.999978437535615,0.00432541838195779,0.00474626622723223,0.00449693471406032,0.9999879953149,0.00511033159396383,0.00460930257302538,0.99998842051556,0.999984327486228,0.999978684608152,0.999982903019357,0.00432541838381185,0.00508366561022734,0.00463058571030393,0.00503605472273417,0.999988652602355,0.00506429963542884,0.00432541837388286,0.00506921745063283,0.00432541834313779,0.0049522181741174,0.999988693002578,0.999975215413279,0.0043254183750862,0.00503807593578558,0.00432541837381937,0.00506235574994863,0.00504694733102639,0.00511300078030102,0.00432541837856943,0.00509383007950137,0.99998676002723,0.999981240291287,0.00423833228192136,0.99998936950647,0.999977141911426,0.999983678511496,0.0050662375011051,0.00444496356563981,0.00451832566218996,0.00463988417376305,0.999976252321202,0.999976609955981,0.363920501519902,0.00505588937743013,0.49849059587113,0.00423833228329185,0.429539776988041,0.0042383322500836,0.00432541837373871,0.00506861404183173,0.00513147625463245,0.00504826459290507,0.00505343796420934,0.00505035274995976,0.00454175232625765,0.00465002976538758,0.00506788382475513,0.0109664175280672,0.0050778481480628,0.00502256212700741,0.00505211721667742,0.00509080924886672
0.00308731253837694,0.111658385156782,0.00309375612351416,0.217848082340967,0.00297388207932639,0.999984812587074,0.497953358496025,0.00297356914975973,0.309166923106372,0.99998393058676,0.26540564446663,0.00304771775669662,0.00440971767763848,0.734641543244647,0.0484644473583448,0.008351793574824,0.00344236857649989,0.00380229880661867,0.00297274699172751,0.00297420640111856,0.00386609332024137,0.00430029571508592,0.0041383454045797,0.00404627792255649,0.00308731253846008,0.00381329068206282,0.00308731254007665,0.00306060367476545,0.00308731263087491,0.0160138845968964,0.00297549497495327,0.139880015576615,0.00425813402825635,0.537075932833733,0.961165350281026,0.941585610910742,0.00297374899566521,0.575401161525224,0.0274211018340224,0.999982341594546,0.0880725697893964,0.065785188417672,0.0212440565169489,0.00300380392861227,0.0307560530781745,0.00738513451875945,0.99998349980235,0.999983549880679,0.124925849145109,0.0532080377820738,0.00572780955545862,0.999982886527382,0.00297473870082273,0.00302943148668385,0.00674345729092871,0.629715963883163,0.00418619677457138,0.00711128280769399,0.0042986203814477,0.999980349064755,0.13874499880881,0.984710956263787,0.00438209301982971,0.169635574477878,0.0043607322327086,0.00307685447972725,0.00313452384594757,0.00296342076416739,0.0030002266492596,0.628439819618152,0.751321935951331,0.999984675600163,0.00358857104876587,0.00259179879878707,0.00437043842020941,0.501250055079429,0.00308731254806436,0.0286714052359614,0.0043609289387231,0.00324424151764133,0.00435363803170156,0.999982087713171,0.999982401203568,0.103464546756707,0.999981617240334,0.00675029586112427,0.0199058332341163,0.553338718241005,0.011074855700236,0.999985111862011,0.086453818534908,0.348253355877407,0.0354332518969829,0.00445686417306518,0.003840686864539,0.00296342072631573,0.00337119673749753,0.0177157345260951,0.00297262067950996,0.546523420094405,0.00842823093630268,0.692400598066188,0.0045803726935668,0.159486121586679,0.00308731254652393,0.00350816039179836,0.00325882887862645,0.24084236872454,0.00387222575852997,0.00337119673759151,0.0919310519077798,0.00303933181595097,0.00298630207593682,0.00487129438732925,0.00308731254837799,0.00384555977479348,0.00339247987487006,0.00379794888730031,0.0667485728109381,0.00382619379999497,0.003087312538449,0.00383111161519896,0.00308731250770392,0.00371411233868354,0.00417510555750487,0.0497062153142471,0.00308731253965233,0.00379997010035171,0.0030873125383855,0.00382424991451476,0.00380884149559253,0.00387489494486716,0.00308731254313557,0.0038557242440675,0.00865570926780284,0.00297168485127819,0.0030002264464875,0.0117593515936426,0.00392425456015809,0.00300404504352805,0.00382813166567123,0.00320685773020594,0.0032802198267561,0.00340177833832919,0.00297330951552241,0.00297348629984651,0.00354915597035841,0.00381778354199626,0.00369169393385951,0.00300022644785798,0.430243463899713,0.00300022641464973,0.00308731253830484,0.00383050820639786,0.00389337041919858,0.0038101587574712,0.00381533212877547,0.0038122469145259,0.00330364649082379,0.00341192392995372,0.00382977798932127,0.0038951382619067,0.00383974231262893,0.00378445629157355,0.00381401138124355,0.00385270341343285
0.00426487400237728,0.999988675096198,0.0042713175875145,0.0172752277496092,0.005829748228848,0.225257932592456,0.0978257501696123,0.00569959091659751,0.213202874971548,0.124202322554658,0.0973270801007151,0.104850227242952,0.999982296107037,0.00552546269496831,0.0521889438167722,0.00771969907205732,0.510649652029568,0.999985949586408,0.00535750873017508,0.00596243653834869,0.00644704611680132,0.999983363590827,0.999983365326529,0.999989029790887,0.00426487400246042,0.999986699226029,0.00426487400407699,0.17495883586711,0.00426487409487524,0.0072611761594196,0.00650046357576491,0.0154152902765941,0.999984241964417,0.00541998889753694,0.00675490393104144,0.00576135252408059,0.00577437316141813,0.999981862476595,0.00597730819743137,0.00704662604656438,0.00606925252237117,0.00678436502733958,0.139583748281795,0.0241380077360697,0.0237617195076367,0.122943204874474,0.0067482234830048,0.00468288663849419,0.999986809862651,0.0276795390192344,0.00940393847313966,0.00580882718496747,0.00618624217953789,0.999984991605392,0.00663831367162017,0.00605258968445239,0.125648775845383,0.00656415423403004,0.999987180786024,0.00415522725975986,0.0340756547048028,0.00596384412126607,0.999972265018496,0.999988594268045,0.999983276489398,0.999988608046685,0.999985490552275,0.00499019931433007,0.999986299930766,0.00576568389646473,0.00585805596301524,0.00635594003524354,0.390147457887085,0.00376936026278741,0.999977952650114,0.00534214204411722,0.0042648740120647,0.00590158671204499,0.999980834995472,0.999987604739211,0.999987111473643,0.0477366255621402,0.00720518543495488,0.999985075000748,0.00437010180410295,0.0061049454196262,0.00853875252706375,0.356695301230804,0.0120353684178504,0.134135155689722,0.00721641364723837,0.0224702547176242,0.42192083176136,0.0558301100635931,0.999990270647822,0.00499019918998116,0.999982750492511,0.00562223574231932,0.00530496164781899,0.0990418557778295,0.00611029347612243,0.0107310365526291,0.0141248177117345,0.00547055264772617,0.00426487401052427,0.00564762904632709,0.00482834027986245,0.0384618431126574,0.999992679500204,0.999982750618548,0.0230630801031623,0.0935855114043176,0.0109899038817336,0.260372868886003,0.00426487401237833,0.999989586299779,0.999969147985077,0.999984838023141,0.0161537653258828,0.99998866217169,0.00426487400244933,0.999988428202086,0.00426487397170426,0.717371564625303,0.0166027792692939,0.00595934910503589,0.00426487400365267,0.99998464674089,0.00426487400238584,0.99998832121407,0.999986211282352,0.999991220260679,0.0042648740071359,0.999989896833272,0.0683236286866351,0.00491581811564056,0.999985805339116,0.0313226567478702,0.00653820644309364,0.0261851780524616,0.999988979606245,0.598985662346386,0.999983946064543,0.00529808946310114,0.00559167597275349,0.00566507634487144,0.436803780474404,0.999987695689808,0.999986096784969,0.999985808681937,0.00516197086933591,0.999985727682029,0.00426487400230518,0.999988396941268,0.999992123351291,0.999986198547203,0.999986942476505,0.865158969464403,0.701422989077565,0.999984511009314,0.999987891293103,0.999995678687373,0.999989780326044,0.99998274058058,0.999986867117682,0.999990313688147
0.00412218767007072,0.0100535100281957,0.00412863125520794,0.00420751744335817,0.00402526556482246,0.00572850999116441,0.00562432054504147,0.00402367544344012,0.020199206652622,0.00407392550640177,0.0106152797341621,0.00426249841544138,0.999955427593486,0.728165117491265,0.0187813615043219,0.0040504138220506,0.51772999924584,1.00000290857102,0.00401949654015427,0.00402689186208942,0.999983795805501,0.999978546972317,0.999976354549761,1.00000021712919,0.00412218767015386,1.00000149922432,0.00412218767177043,0.00419751058284442,0.00412218776256869,0.00404773846644514,0.00403345997100053,0.00413124225275197,0.999987058544671,0.553274069834752,0.988387356271445,0.999984609720269,0.00402458910294119,0.00425645814069229,0.00403640764451224,0.0040137266518583,0.00406070071165422,0.00406092610318914,0.00836132833140867,0.00416533483481387,0.00421510550557884,0.999989850586708,0.0040174827951554,0.00454020030618764,0.00458519089534389,0.010171822891152,0.00406999165082821,0.960114023965774,0.00402962035140544,0.0824431446753777,0.00403658525684259,0.00426740990422323,0.00425998843275478,0.00403581956471328,0.99998235619629,0.0040125409274533,0.0042407756024577,0.999982560520173,0.999921728309168,0.0791454517838408,0.999966298143483,0.209652928411654,0.00429578610300147,0.999981706361716,0.00403510178095338,0.999985893449547,0.749474674980073,0.999985913323103,0.406445335066774,0.00362667393048085,0.99996078925774,0.51768144345289,0.00412218767975814,0.00403596075263682,0.999964819275435,0.322221337998027,0.999972281324444,0.00403040214061536,0.0043543062106918,0.0229322471793307,0.17939686334598,0.00403007075553054,0.00406483523113636,0.00518382092341988,0.00805294678810621,0.0151801405139829,0.00407410080202934,0.0042457026653498,0.0043638414060635,0.00423775473709615,1.00000044766377,0.999981604877696,0.999987183607754,0.00402836335826663,0.00401885460009662,0.00451587928264504,0.00403077585605466,0.00514288337466828,0.00408878617751318,0.00408066649124768,0.00412218767821771,0.999982226070734,0.380627205086194,0.00428520812792481,0.999998201294796,0.999987183721387,0.00421329800358435,0.00423559321093197,0.00408832037299458,0.0489627103298372,0.00412218768007177,0.999998763620906,0.00461005752984847,1.00000301515706,0.0041278999722827,1.00000110354224,0.00412218767014278,1.00000011253377,0.0041221876393977,1.00000002705588,0.00410583877351091,0.00404470107815253,0.00412218767134611,1.00000246553488,0.00412218767007929,1.00000107861794,1.00000194153505,0.999995343469697,0.00412218767482935,0.999997253133429,0.00524078484261533,0.00401410023391949,0.00403510157818128,0.0106452083635795,0.00403428554861675,0.00416264310139404,1.00000111152445,0.999987377069447,0.755738983494131,0.745462779338377,0.00402235687636716,0.00402325391184971,0.450324740029121,1.00000154691114,0.507920665254684,0.00403510157955176,0.427424007454671,0.00403510154634352,0.00412218766999863,1.00000018423525,0.999992832830232,1.00000169847608,1.00000131423616,0.999993384801973,0.00446170012388553,0.00459496141159959,0.9999996377721,0.999997818395687,1.00000003455316,1.00000408222354,1.00000149379443,0.999998382166474
0.999974823531585,0.00548581394399749,0.999976862204241,0.00514570812795352,0.0049744625695701,0.00506116112232971,0.00531678227192385,0.00497305147164229,0.00539070966369037,0.00502543648035123,0.0053710284950345,0.00518879210523161,0.999980294924896,0.999966937532815,0.00501579132614151,0.00499701418142776,0.999965535570319,0.999978220837355,0.00496934308196599,0.00497590636946717,0.999973950993079,0.999980648760366,0.999989089372421,0.999980671258434,0.999974823698591,0.999977704665174,0.99997482694599,0.0051347198044211,0.999975009343103,0.00499497357099989,0.00498173444810554,0.0050747177177143,0.99999249313467,0.999973105310987,0.974628509983759,0.65910112285883,0.00497386227279174,0.00520796911464175,0.00498541469409663,0.00496523762580776,0.00500961356020806,0.00500884350679483,0.00534384510327499,0.00509909252064302,0.00514429768741146,0.830052287284167,0.00496899376910486,0.613918262356292,0.00524320845257267,0.00508921783985707,0.00501427405129775,0.84133751703505,0.00497832701978337,0.00502152930845555,0.00498467213631296,0.00521663378728186,0.00518761814076396,0.00498400864134425,0.999977582767072,0.00496405190140276,0.0051723323826749,0.00577564093448757,0.999980118490749,0.00595593842054172,0.999980450580742,0.00517711974606069,0.0052295814452718,0.00502238736028814,0.00498661275490284,0.553563139447078,0.999975877712458,0.999970376671412,0.999962679631927,0.00457818490443031,0.999990327261255,0.999974241137638,0.999974842991837,0.0049850726183697,0.999977791835415,0.00925865332480986,0.999965056526702,0.00498191311456482,0.0053020461599826,0.00584313142309615,0.00504221824641953,0.00497889125279129,0.00501031518018554,0.00536483396725474,0.00504655912777238,0.00503363459987331,0.00502143494441687,0.00518556529581349,0.00529491875085357,0.00516465488414517,0.999961651146802,0.00502238731504377,0.00543013401682581,0.00497785362741264,0.00496877341725184,0.00538535222943712,0.00497958988822885,0.00528024681667705,0.00503105327055554,0.00503044080112672,0.99997483989739,0.999948164442434,0.999951837919048,0.00521639599857141,0.999950616257078,0.00543013401692806,0.00514542199390677,0.00516448273835101,0.00503041991691136,0.00542066899259571,0.999974843621856,0.999967365367088,0.999972562204947,0.999981469155206,0.0050685072612836,0.999969220485729,0.999974823676326,0.99997119091048,0.999974761915082,0.999973320770318,0.00504621963259956,0.00499374468308101,0.999974826093608,0.99998335109879,0.999974823548783,0.999970977102551,0.999978753363695,0.99996303825697,0.99997483309079,0.999967881861138,0.00519634188357025,0.00496455429397702,0.00498661255213074,0.00512858660753017,0.00498250862022172,0.00509681188337509,0.999967609955905,0.00526580699954045,0.00532136458983614,0.999953066602572,0.00497188133475188,0.00497267741292408,0.999990404014266,0.999973505851124,0.49647834629377,0.00498661255350122,0.999974387758419,0.00498661252029298,0.99997482338675,0.999971238257525,0.999961473930912,0.999979180161175,0.999977100990598,0.99998146642373,0.999965169455122,0.999961633277927,0.99997528659947,0.999950110397912,0.999964689443757,0.99998692538035,0.999977112482212,0.999963842955653
0.00412224292737959,0.0100535414100409,0.00412868651251681,0.00421371409632324,0.00402638769087771,0.00572856819983967,0.00563229679266724,0.00402471502970686,0.0202128735852294,0.00407398076371063,0.0106319055854899,0.00427418024596348,0.99999569429819,0.728170757662762,0.0187824006775043,0.00405273314631792,0.517690506898292,0.999951423030812,0.00402031919342797,0.00402809812960173,0.999990428135209,0.999971945077514,0.999978983373467,0.999966812944223,0.00412224292746272,0.999956817600555,0.0041222429290793,0.00420415974495245,0.00412224301987755,0.00404976513781484,0.00403500743370625,0.00413500232747712,0.99997302114416,0.553278243754876,0.988392906239543,0.999990390381812,0.00402567611263974,0.00425651339800115,0.00403761735048286,0.00401378190916716,0.00406195384954921,0.00406263819667572,0.00838104303024106,0.00417357534723597,0.00422545096975293,0.999989212762709,0.00401753805246427,0.0045402555634965,0.0045939660843614,0.0101780433481029,0.00407337968331861,0.960118944921471,0.00403096854985078,0.0824433428158476,0.00403821921251163,0.00426851963787933,0.00427105428442925,0.00403740640179642,0.999983443299691,0.00401259618476216,0.00425003085501087,0.999984571734552,0.999937857796805,0.079145577138303,0.999987023587264,0.209653350798937,0.00430400925370581,0.99998357727822,0.00403515703826224,0.999990243995398,0.749479617014372,0.999992903454235,0.406445704754855,0.00362672918778971,0.999983386997063,0.51768527132596,0.004122242937067,0.00403712213252218,0.999978018800058,0.322235431067829,0.999990114706637,0.00403045739792422,0.00435610012050606,0.0229619201131781,0.179397238206434,0.00403136647251787,0.00406767112699897,0.00518698260826278,0.0080580063669028,0.0151802644375653,0.00407608181143932,0.00425112845810155,0.00437331770506479,0.00424915695702753,0.99996738514241,0.999983475794015,0.999989053790875,0.00402935027309227,0.00401964393040947,0.00452688173224422,0.00403207455380715,0.00514624970764712,0.00409310337902913,0.00408152244746741,0.00412224293552657,0.999991712576726,0.380632730377838,0.00429463346834727,0.999981212877228,0.999989053904508,0.00422229174067163,0.00424607821565592,0.00409271482399398,0.0489834488848901,0.00412224293738063,0.999970813814085,0.00453745610345404,0.999949928024371,0.0041329824359532,0.999961553011307,0.00412224292745164,0.999964382154562,0.00412224289670656,0.999963779758052,0.00411102563398861,0.0040458939300725,0.00412224292865498,0.999951358709952,0.00412224292738815,0.999960922243083,0.999954810701076,0.999984446227906,0.00412224293213821,0.999975950539672,0.00525367887061363,0.00401464278742834,0.00403515683549014,0.0106546941513388,0.00403585671212253,0.00417069407558207,0.999962216761436,0.999989247552508,0.755740408583184,0.745470036181157,0.00402332802804858,0.00402427161047699,0.450299378000994,0.999958198062384,0.507933478184114,0.00403515683686062,0.427427300276288,0.00403515680365238,0.00412224292730749,0.999964089036868,0.999993116971751,0.999955562803636,0.999957711381116,0.99998468965783,0.00441277006204258,0.00453609583517461,0.999964560007942,0.999992845731955,0.999967439864535,0.999944334196087,0.999957053944312,0.999973687045228
0.00308731253837694,0.111658385156782,0.00309375612351416,0.217848082340967,0.00297388207932639,0.999984812587074,0.497953358496025,0.00297356914975973,0.309166923106372,0.99998393058676,0.26540564446663,0.00304771775669662,0.00440971767763848,0.734641543244647,0.0484644473583448,0.008351793574824,0.00344236857649989,0.00380229880661867,0.00297274699172751,0.00297420640111856,0.00386609332024137,0.00430029571508592,0.0041383454045797,0.00404627792255649,0.00308731253846008,0.00381329068206282,0.00308731254007665,0.00306060367476545,0.00308731263087491,0.0160138845968964,0.00297549497495327,0.139880015576615,0.00425813402825635,0.537075932833733,0.961165350281026,0.941585610910742,0.00297374899566521,0.575401161525224,0.0274211018340224,0.999982341594546,0.0880725697893964,0.065785188417672,0.0212440565169489,0.00300380392861227,0.0307560530781745,0.00738513451875945,0.99998349980235,0.999983549880679,0.124925849145109,0.0532080377820738,0.00572780955545862,0.999982886527382,0.00297473870082273,0.00302943148668385,0.00674345729092871,0.629715963883163,0.00418619677457138,0.00711128280769399,0.0042986203814477,0.999980349064755,0.13874499880881,0.984710956263787,0.00438209301982971,0.169635574477878,0.0043607322327086,0.00307685447972725,0.00313452384594757,0.00296342076416739,0.0030002266492596,0.628439819618152,0.751321935951331,0.999984675600163,0.00358857104876587,0.00259179879878707,0.00437043842020941,0.501250055079429,0.00308731254806436,0.0286714052359614,0.0043609289387231,0.00324424151764133,0.00435363803170156,0.999982087713171,0.999982401203568,0.103464546756707,0.999981617240334,0.00675029586112427,0.0199058332341163,0.553338718241005,0.011074855700236,0.999985111862011,0.086453818534908,0.348253355877407,0.0354332518969829,0.00445686417306518,0.003840686864539,0.00296342072631573,0.00337119673749753,0.0177157345260951,0.00297262067950996,0.546523420094405,0.00842823093630268,0.692400598066188,0.0045803726935668,0.159486121586679,0.00308731254652393,0.00350816039179836,0.00325882887862645,0.24084236872454,0.00387222575852997,0.00337119673759151,0.0919310519077798,0.00303933181595097,0.00298630207593682,0.00487129438732925,0.00308731254837799,0.00384555977479348,0.00339247987487006,0.00379794888730031,0.0667485728109381,0.00382619379999497,0.003087312538449,0.00383111161519896,0.00308731250770392,0.00371411233868354,0.00417510555750487,0.0497062153142471,0.00308731253965233,0.00379997010035171,0.0030873125383855,0.00382424991451476,0.00380884149559253,0.00387489494486716,0.00308731254313557,0.0038557242440675,0.00865570926780284,0.00297168485127819,0.0030002264464875,0.0117593515936426,0.00392425456015809,0.00300404504352805,0.00382813166567123,0.00320685773020594,0.0032802198267561,0.00340177833832919,0.00297330951552241,0.00297348629984651,0.00354915597035841,0.00381778354199626,0.00369169393385951,0.00300022644785798,0.430243463899713,0.00300022641464973,0.00308731253830484,0.00383050820639786,0.00389337041919858,0.0038101587574712,0.00381533212877547,0.0038122469145259,0.00330364649082379,0.00341192392995372,0.00382977798932127,0.0038951382619067,0.00383974231262893,0.00378445629157355,0.00381401138124355,0.00385270341343285
0.00426487487888265,0.999988832198685,0.00427131846401987,0.0172752011103205,0.00582974422970897,0.225257967878694,0.0978257267322633,0.00569958729466951,0.213202826779477,0.12420234310271,0.0973270093339352,0.104850188484181,0.999982822610909,0.00552669418108604,0.0521889313621234,0.00771968960166161,0.510650082048837,0.999985637642888,0.00535750609964188,0.00596243215467892,0.00644805954098816,0.999983436894995,0.999983154751095,0.999989092620029,0.00426487487896578,0.999986571357565,0.00426487488058236,0.174958832897996,0.00426487497138061,0.00726116802646251,0.00650045763281577,0.0154152751023995,0.999983764932444,0.0054208673242706,0.00675542607443054,0.00576210759621217,0.00577436932276263,0.999982026577971,0.00597730379804767,0.00704662739691752,0.00606924792450138,0.0067843583320194,0.139583672038072,0.0241379723663542,0.0237616739107839,0.12294404275714,0.00674822478381929,0.00468288751499956,0.999986931571641,0.0276795072496224,0.00940392411869305,0.00580924998058226,0.00618623714723654,0.999985067436662,0.00663830733339379,0.00605258574194725,0.125648743469285,0.006564148111138,0.99998777474999,0.00415522813626522,0.0340756160554352,0.00596272325596085,0.999972104975254,0.999988673303575,0.999983660277826,0.999988540543791,0.999985615234247,0.00498907824850366,0.999986464069161,0.00576575327921771,0.00585890015076075,0.00635727619788578,0.390148656385985,0.00376936113929277,0.999977655042343,0.00534292566115569,0.00426487488857006,0.00590158253351396,0.999981113883921,0.999987345032863,0.999988436826555,0.0477366335808475,0.00720517836572992,0.999985075974625,0.00436990518963664,0.00610494062716778,0.00853874069590959,0.356695343995492,0.0120353420106814,0.13413516512742,0.00721640572295876,0.0224702326435225,0.421920855612033,0.0558300646213152,0.999991255148594,0.00498907812426903,0.999981792941176,0.00562223236110248,0.00530495916957342,0.0990418192479319,0.00611028867004177,0.0107310215747763,0.0141247996445556,0.00547054986499682,0.00426487488702963,0.00565016073135228,0.00483021114192126,0.0384618043543706,0.999994614320823,0.999981793067213,0.0230630409147212,0.09358547657831,0.0109898849279033,0.2603727621928,0.00426487488888369,0.999990395780083,0.999968687636076,0.999984319694029,0.0161537438922207,0.999989099984631,0.0042648748789547,0.999988853379836,0.00426487484820962,0.717371892506895,0.0166027574091053,0.00595934478267606,0.00426487488015804,0.999984072999517,0.00426487487889121,0.999988653340972,0.999985971594552,0.999992656392399,0.00426487488364127,0.999990833030007,0.0683235770060944,0.00491581676517752,0.99998596947743,0.0313226093340588,0.00653820039183063,0.0261851439334215,0.999989516436854,0.598984638893527,0.999983263597477,0.00530006100297505,0.00559167266357502,0.00566507282297106,0.436803015452385,0.999987820346316,0.999986137240813,0.999985972820251,0.00516267830200459,0.99998589182033,0.00426487487881055,0.999988810950328,0.999993900104209,0.999985958912328,0.999986871425399,0.865159427501142,0.701422683231313,0.99998416870719,0.999988113191448,0.999998055713884,0.999990620166472,0.999981789311096,0.999986776330291,0.999991385685497
0.00432541837381081,0.00428275561767396,0.0213104624059002,0.999987600363155,0.999975215447305,0.019534281925576,0.999988696695685,0.999976043252199,0.999988102666023,0.0364000358096428,0.999985729330785,0.999986491738326,0.999982407495794,0.00490577488964955,0.999991268909106,0.999979808532889,0.00468047441193375,0.00504040464205254,0.999978985020617,0.999988389829459,0.999985036676347,0.999987065249918,0.551541254195371,0.568599205928485,0.00432541837389395,0.00505139651749668,0.00432541837551052,0.999988315197192,0.00432541846630877,0.999980059115438,0.9999718324038,0.999985373786789,0.999989339221094,0.558153585244535,0.999986262658839,0.00491518227940916,0.999975703284451,0.00445968884443237,0.999975661745636,0.00421695735559839,0.999976922565528,0.999981647768398,0.999986694009331,0.99998642893906,0.999985795375941,0.00467940946975047,0.0144437255969233,0.596969564648307,0.177989057441873,0.999990140774548,0.999983866926545,0.00500842147572335,0.999971690998682,0.00426753732211771,0.999976099006882,0.999982595467382,0.999985884746705,0.99997584563462,0.999988445945718,0.00421577163119339,0.99998690258402,0.983493709959323,1.00002480879971,0.00433105565356469,0.999985184255681,0.00431496031516111,0.290466733268169,0.00420152659960126,0.00423833248469347,0.554717808876822,0.749709983499621,0.999983905495375,0.400357935448817,0.00382990463422094,0.999983932658087,0.520091141065466,0.00432541838349823,0.999977475819656,0.999983316703088,0.218390008142082,0.999985520427333,0.00423363284435544,0.816829495504134,0.855880959012328,0.00428116192597696,0.999975523852512,0.999980328208009,0.999990534033577,0.999984569517465,0.0321554412472064,0.999982277927887,0.999988482609852,0.999988321277473,0.999986760394462,0.00507879269997287,0.0042015265617496,0.0046093025729314,0.999980004680084,0.999979381666096,0.99998711239894,0.999972256800615,0.999990368276855,0.999988702032507,0.999978437535615,0.00432541838195779,0.00474626622723223,0.00449693471406032,0.9999879953149,0.00511033159396383,0.00460930257302538,0.99998842051556,0.999984327486228,0.999978684608152,0.999982903019357,0.00432541838381185,0.00508366561022734,0.00463058571030393,0.00503605472273417,0.999988652602355,0.00506429963542884,0.00432541837388286,0.00506921745063283,0.00432541834313779,0.0049522181741174,0.999988693002578,0.999975215413279,0.0043254183750862,0.00503807593578558,0.00432541837381937,0.00506235574994863,0.00504694733102639,0.00511300078030102,0.00432541837856943,0.00509383007950137,0.99998676002723,0.999981240291287,0.00423833228192136,0.99998936950647,0.999977141911426,0.999983678511496,0.0050662375011051,0.00444496356563981,0.00451832566218996,0.00463988417376305,0.999976252321202,0.999976609955981,0.363920501519902,0.00505588937743013,0.49849059587113,0.00423833228329185,0.429539776988041,0.0042383322500836,0.00432541837373871,0.00506861404183173,0.00513147625463245,0.00504826459290507,0.00505343796420934,0.00505035274995976,0.00454175232625765,0.00465002976538758,0.00506788382475513,0.0109664175280672,0.0050778481480628,0.00502256212700741,0.00505211721667742,0.00509080924886672
0.00412226854864881,0.0100535231407037,0.00412871213378603,0.00421355675010482,0.00402638152746718,0.00572857143230987,0.00563206932024674,0.00402471132536241,0.0202122769820104,0.00407400638497985,0.0106313526714777,0.00427385948263061,0.99998874324669,0.728146787614798,0.0187821942764872,0.00405269131538793,0.517722675277084,0.999992039502098,0.00402032195205821,0.00402808945940742,0.999962081724883,0.999994075421249,0.999991881533994,0.99998761260888,0.00412226854873194,0.999989278094107,0.00412226855034852,0.00420398891735852,0.00412226864114677,0.00404973202574428,0.0040349885984565,0.00413491757299908,0.999991187229833,0.553260455844859,0.988368177654739,0.999963825783434,0.00402567099543302,0.00425653901927037,0.00403760857784831,0.00401380753043638,0.00406194378296935,0.00406261445666457,0.00838042885938234,0.00417335710934881,0.00422517002010524,0.999969247249407,0.00401756367373348,0.00454028118476572,0.00459372813458229,0.0101778023526241,0.00407330601290627,0.96009551353781,0.00403095565118013,0.0824422845383584,0.00403819780042087,0.00426851384366927,0.00427075187264193,0.0040373863934858,0.9999853277901,0.00401262180603138,0.00424978238548537,0.999970830118318,0.999966427711254,0.0791446395894953,0.999989864093139,0.209650542425992,0.0043037915330675,0.999969829472774,0.00403518265953146,0.999968369785346,0.749457842041985,0.999962376807978,0.406448052990419,0.00362675480905893,0.999995361337758,0.51766889738312,0.00412226855833622,0.00403711479964219,0.999995621741007,0.322230751329332,0.999984352229261,0.00403048301919344,0.00435607394298253,0.0229608157123515,0.179394839347097,0.00403135513740069,0.0040676139061133,0.00518690515996386,0.00805782852358077,0.0151801351319823,0.00407605005975238,0.00425099407773071,0.00437306265001451,0.00424884452399125,0.999982247503277,0.999969727989972,0.999975311548807,0.00402934813796136,0.00401964768181379,0.00452658040631722,0.00403206312988555,0.00514616556717998,0.00409300202635502,0.00408152421391986,0.00412226855679579,0.99995299300939,0.380611862168557,0.00429437993148009,0.999974436377748,0.999975311662438,0.00422205106234383,0.00424579310874736,0.00409261116986517,0.0489822459864599,0.00412226855864985,0.99998098852844,0.00461840704302873,0.999993214244805,0.00413285828421164,0.999985899628741,0.00412226854872086,0.999984682909038,0.00412226851797578,0.999984868322759,0.00411089837200589,0.00404588565956213,0.00412226854992419,0.999992772334552,0.00412226854865737,0.999986405765683,0.999990416626745,0.999973419482021,0.00412226855340743,0.999978401414714,0.00525330865651914,0.00401465389092889,0.00403518245675936,0.0106543499921859,0.00403583717076686,0.00417048148451144,0.999985403508267,0.999975503035125,0.755730042784524,0.745440626229551,0.00402332636254104,0.00402426855821988,0.450334318470107,0.999988065401021,0.507940214735894,0.00403518245812984,0.42741338886789,0.0040351824249216,0.00412226854857671,0.999984833079766,0.999968511603839,0.999990099388128,0.999988751655568,0.999975692898545,0.00446735573673845,0.00460174772758231,0.99998509454176,0.999971138356529,0.999982464928039,0.999996767275068,0.999989084165934,0.999979157950233
0.00308731253837694,0.111658385156782,0.00309375612351416,0.217848082340967,0.00297388207932639,0.999984812587074,0.497953358496025,0.00297356914975973,0.309166923106372,0.99998393058676,0.26540564446663,0.00304771775669662,0.00440971767763848,0.734641543244647,0.0484644473583448,0.008351793574824,0.00344236857649989,0.00380229880661867,0.00297274699172751,0.00297420640111856,0.00386609332024137,0.00430029571508592,0.0041383454045797,0.00404627792255649,0.00308731253846008,0.00381329068206282,0.00308731254007665,0.00306060367476545,0.00308731263087491,0.0160138845968964,0.00297549497495327,0.139880015576615,0.00425813402825635,0.537075932833733,0.961165350281026,0.941585610910742,0.00297374899566521,0.575401161525224,0.0274211018340224,0.999982341594546,0.0880725697893964,0.065785188417672,0.0212440565169489,0.00300380392861227,0.0307560530781745,0.00738513451875945,0.99998349980235,0.999983549880679,0.124925849145109,0.0532080377820738,0.00572780955545862,0.999982886527382,0.00297473870082273,0.00302943148668385,0.00674345729092871,0.629715963883163,0.00418619677457138,0.00711128280769399,0.0042986203814477,0.999980349064755,0.13874499880881,0.984710956263787,0.00438209301982971,0.169635574477878,0.0043607322327086,0.00307685447972725,0.00313452384594757,0.00296342076416739,0.0030002266492596,0.628439819618152,0.751321935951331,0.999984675600163,0.00358857104876587,0.00259179879878707,0.00437043842020941,0.501250055079429,0.00308731254806436,0.0286714052359614,0.0043609289387231,0.00324424151764133,0.00435363803170156,0.999982087713171,0.999982401203568,0.103464546756707,0.999981617240334,0.00675029586112427,0.0199058332341163,0.553338718241005,0.011074855700236,0.999985111862011,0.086453818534908,0.348253355877407,0.0354332518969829,0.00445686417306518,0.003840686864539,0.00296342072631573,0.00337119673749753,0.0177157345260951,0.00297262067950996,0.546523420094405,0.00842823093630268,0.692400598066188,0.0045803726935668,0.159486121586679,0.00308731254652393,0.00350816039179836,0.00325882887862645,0.24084236872454,0.00387222575852997,0.00337119673759151,0.0919310519077798,0.00303933181595097,0.00298630207593682,0.00487129438732925,0.00308731254837799,0.00384555977479348,0.00339247987487006,0.00379794888730031,0.0667485728109381,0.00382619379999497,0.003087312538449,0.00383111161519896,0.00308731250770392,0.00371411233868354,0.00417510555750487,0.0497062153142471,0.00308731253965233,0.00379997010035171,0.0030873125383855,0.00382424991451476,0.00380884149559253,0.00387489494486716,0.00308731254313557,0.0038557242440675,0.00865570926780284,0.00297168485127819,0.0030002264464875,0.0117593515936426,0.00392425456015809,0.00300404504352805,0.00382813166567123,0.00320685773020594,0.0032802198267561,0.00340177833832919,0.00297330951552241,0.00297348629984651,0.00354915597035841,0.00381778354199626,0.00369169393385951,0.00300022644785798,0.430243463899713,0.00300022641464973,0.00308731253830484,0.00383050820639786,0.00389337041919858,0.0038101587574712,0.00381533212877547,0.0038122469145259,0.00330364649082379,0.00341192392995372,0.00382977798932127,0.0038951382619067,0.00383974231262893,0.00378445629157355,0.00381401138124355,0.00385270341343285
0.00432541837381081,0.00428275561767396,0.0213104624059002,0.999987600363155,0.999975215447305,0.019534281925576,0.999988696695685,0.999976043252199,0.999988102666023,0.0364000358096428,0.999985729330785,0.999986491738326,0.999982407495794,0.00490577488964955,0.999991268909106,0.999979808532889,0.00468047441193375,0.00504040464205254,0.999978985020617,0.999988389829459,0.999985036676347,0.999987065249918,0.551541254195371,0.568599205928485,0.00432541837389395,0.00505139651749668,0.00432541837551052,0.999988315197192,0.00432541846630877,0.999980059115438,0.9999718324038,0.999985373786789,0.999989339221094,0.558153585244535,0.999986262658839,0.00491518227940916,0.999975703284451,0.00445968884443237,0.999975661745636,0.00421695735559839,0.999976922565528,0.999981647768398,0.999986694009331,0.99998642893906,0.999985795375941,0.00467940946975047,0.0144437255969233,0.596969564648307,0.177989057441873,0.999990140774548,0.999983866926545,0.00500842147572335,0.999971690998682,0.00426753732211771,0.999976099006882,0.999982595467382,0.999985884746705,0.99997584563462,0.999988445945718,0.00421577163119339,0.99998690258402,0.983493709959323,1.00002480879971,0.00433105565356469,0.999985184255681,0.00431496031516111,0.290466733268169,0.00420152659960126,0.00423833248469347,0.554717808876822,0.749709983499621,0.999983905495375,0.400357935448817,0.00382990463422094,0.999983932658087,0.520091141065466,0.00432541838349823,0.999977475819656,0.999983316703088,0.218390008142082,0.999985520427333,0.00423363284435544,0.816829495504134,0.855880959012328,0.00428116192597696,0.999975523852512,0.999980328208009,0.999990534033577,0.999984569517465,0.0321554412472064,0.999982277927887,0.999988482609852,0.999988321277473,0.999986760394462,0.00507879269997287,0.0042015265617496,0.0046093025729314,0.999980004680084,0.999979381666096,0.99998711239894,0.999972256800615,0.999990368276855,0.999988702032507,0.999978437535615,0.00432541838195779,0.00474626622723223,0.00449693471406032,0.9999879953149,0.00511033159396383,0.00460930257302538,0.99998842051556,0.999984327486228,0.999978684608152,0.999982903019357,0.00432541838381185,0.00508366561022734,0.00463058571030393,0.00503605472273417,0.999988652602355,0.00506429963542884,0.00432541837388286,0.00506921745063283,0.00432541834313779,0.0049522181741174,0.999988693002578,0.999975215413279,0.0043254183750862,0.00503807593578558,0.00432541837381937,0.00506235574994863,0.00504694733102639,0.00511300078030102,0.00432541837856943,0.00509383007950137,0.99998676002723,0.999981240291287,0.00423833228192136,0.99998936950647,0.999977141911426,0.999983678511496,0.0050662375011051,0.00444496356563981,0.00451832566218996,0.00463988417376305,0.999976252321202,0.999976609955981,0.363920501519902,0.00505588937743013,0.49849059587113,0.00423833228329185,0.429539776988041,0.0042383322500836,0.00432541837373871,0.00506861404183173,0.00513147625463245,0.00504826459290507,0.00505343796420934,0.00505035274995976,0.00454175232625765,0.00465002976538758,0.00506788382475513,0.0109664175280672,0.0050778481480628,0.00502256212700741,0.00505211721667742,0.00509080924886672
0.0042648797644779,0.999989862524027,0.00427132334961512,0.0172750580350032,0.00582972278535552,0.225258198662906,0.0978256143758826,0.00569956788736926,0.213202586910253,0.124202476820177,0.0973266340291451,0.104849994835339,0.999985854755867,0.00553372670038634,0.0521888589115361,0.00771963861087368,0.51065261610056,0.999983683924966,0.00535749204617226,0.00596240863374364,0.00645370119510931,0.999983798024017,0.999981802163289,0.999989316621086,0.00426487976456103,0.999985689929442,0.00426487976617761,0.174958847217958,0.00426487985697586,0.00726112425824605,0.00650042569130207,0.0154151943209429,0.999980809899142,0.00542587169559264,0.00675816082204472,0.00576621747620618,0.00577434874506861,0.999983100447399,0.00597728019225244,0.00704663538581195,0.00606922324682139,0.00678432232747543,0.13958327635189,0.02413778284503,0.0237614284620266,0.122948674166229,0.00674823244827783,0.00468289240059481,0.999987773678881,0.0276793326663194,0.00940384675255877,0.00581140546472317,0.00618621012349532,0.999985589557646,0.00663827325726391,0.00605256460343388,0.125648588387452,0.00656411519787839,0.999991153796885,0.00415523302186047,0.0340754103828621,0.00595571695995451,0.999971166682778,0.999989215825666,0.999985842366706,0.999988166753276,0.999986473823954,0.0049820701484717,0.99998753818103,0.00576579987286276,0.00586362995633668,0.00636482974622527,0.390155735556769,0.00376936602488802,0.999975830205493,0.00534738121469481,0.00426487977416531,0.00590156012038966,0.999982726680242,0.999985821750795,0.999996175253536,0.0477366852417794,0.0072051403419875,0.999985242870057,0.00436867560773148,0.00610491489865064,0.00853867695631478,0.356695639772064,0.0120351957746283,0.134135230066441,0.00721636308166355,0.022470115419053,0.421921060422031,0.0558298257331636,0.999996938644115,0.00498207002495139,0.99997585558652,0.00562221425371503,0.00530494593850286,0.0990416366484062,0.00611026286796038,0.0107309402754762,0.0141247028415926,0.0054705349896221,0.00426487977262488,0.00566479849928023,0.0048411595552278,0.0384615988614794,1.00000588863824,0.999975855712556,0.0230628303386448,0.0935853024020395,0.0109897827237111,0.260372185697989,0.00426487977447894,0.999995026334768,0.999966266803506,0.999981146342165,0.0161536290595078,0.999991559308389,0.00426487976454995,0.999991226737856,0.00426487973380487,0.717373661576749,0.0166026403311201,0.00595932159283292,0.00426487976575329,0.999980565239193,0.00426487976448646,0.999990487496056,0.999984433931193,1.00000095498935,0.00426487976923652,0.999996196082543,0.0683233054112279,0.00491580962447245,0.999987043588768,0.0313223495779363,0.00653816786538945,0.0261849616078253,0.999992561229431,0.598978269995344,0.999979045741639,0.00531147254482761,0.00559165494521647,0.00566505395585012,0.436798493669176,0.999988433019946,0.999986406106434,0.999987046931593,0.00516671539552191,0.999986965931585,0.0042648797644058,0.99999111910911,1.0000041869796,0.999984418693349,0.999986323919705,0.865161904158974,0.701421080437995,0.999982408511377,0.999989278841059,1.00001191854777,0.999995444206947,0.999976067020748,0.999986114165041,0.999997564071713
0.999965353958379,0.00548544880340178,0.99996739267326,0.00515391095719661,0.00497594342754942,0.00506111077271184,0.005327248935919,0.0049744229933039,0.00540762358984951,0.00502550411081538,0.00539258256391805,0.00520426087405294,1.00002502553195,0.999960249295105,0.00501605435649237,0.00500008090782822,0.999962417852898,0.999937823658089,0.00497042724337287,0.00497749868541419,0.999950306290515,0.999989880086059,0.999985136140244,0.999945307966537,0.999965354125383,0.999939475803775,0.999965357372751,0.00514352204982842,0.999965539768116,0.00499765263478609,0.00498377872821123,0.00507969293397951,0.999962634993934,0.999964241557091,0.974592276986432,0.659073276488977,0.00497529661389475,0.0052080367451059,0.00498701156479691,0.00496530525627191,0.00501126796300005,0.0050111058650382,0.00536965897974585,0.00511000274799069,0.0051579962387625,0.830027398543111,0.00496906139956901,0.613912497560004,0.00525480626498499,0.00509699887641118,0.00501875644187589,0.841300600890234,0.00498010734451825,0.00501588522279124,0.00498683098930875,0.00521809822967162,0.00520227095330277,0.00498610507871272,0.999980202749699,0.00496411953186691,0.00518458678537575,0.00570337059394678,1.00002817644899,0.00595054420908842,1.00000773421569,0.00516220949318009,0.0052404686744228,0.00494987450027478,0.00498668038536699,0.553517703292239,0.999957826916795,0.999955057582879,0.999996017085036,0.00457825253489446,1.00001256865451,0.999964308910781,0.999965373418445,0.00498660547392883,1.00001696282964,0.00925349266841862,1.00000630337345,0.00498198074502897,0.00530441689621142,0.00588107859372126,0.00502950982665049,0.00498060205797116,0.00501406618306752,0.00536895902005169,0.00505295854395788,0.00503295758858029,0.00502405352209539,0.00519274700519762,0.00530746596269674,0.00517975326684199,0.999949508843644,0.00494987446242313,0.00535765047360493,0.00497915537785817,0.00496981343740393,0.00539991666723006,0.00498130464187883,0.00528463970347137,0.00503676648473555,0.00503156907727577,0.999965370324027,0.999965241532535,0.999977179710259,0.00522887570814124,0.999958054289599,0.00535765047369891,0.00515732998018732,0.00517836613206923,0.00503623545960733,0.00544478803973165,0.999965374048458,0.999948063527162,0.999977560347617,0.999935988028719,0.00507523417985488,0.999944599908278,0.999965354103118,0.999944534461742,0.999965292342466,0.999945456097753,0.00505308484038489,0.00499531922806578,0.999965356520377,0.999935444068013,0.999965353975577,0.999943658808913,0.999938466125094,0.999953807528232,0.999965363517492,0.999949208466688,0.00521334349710615,0.00496526742127495,0.00498668018259489,0.00514066091851061,0.00498458429558843,0.00510747103893115,0.999945478079152,0.00519331146631333,0.00526667356286349,0.999965710470318,0.00497316220455093,0.00497401994112754,0.999971740664254,0.999941773420646,0.496497113302175,0.00498668018396537,0.999966202495324,0.00498668015075713,0.999965353813545,0.999944429116654,0.999956875713066,0.999938456379165,0.999939990968577,0.999944448890801,0.99996545423184,0.999963897126518,0.999942641121624,0.999964684027707,0.999948283650776,0.999932232569,0.999939817287587,0.999950471870315
0.0042648609238833,0.999986147888144,0.00427130450902052,0.0172756369724688,0.00582981004469011,0.225257365352073,0.0978261005966704,0.00569964693813485,0.213203580648724,0.124201994218969,0.0973281545343012,0.104850814019828,0.999974615382679,0.00550755209748794,0.0521891168433975,0.00771984493138233,0.510643271715021,0.999990238427609,0.00535754952298579,0.00596250426093291,0.00643230716266712,0.999982177932366,0.999986305960349,0.999987874897636,0.00426486092396644,0.999988311561108,0.00426486092558301,0.174958864375067,0.00426486101638127,0.00726130147447003,0.00650055525029971,0.0154155231658044,0.999991001456278,0.00540721298591962,0.00674730930538848,0.00575036942824642,0.00577443251208705,0.999979233548153,0.00597737616139585,0.00704660537416228,0.00606932353526286,0.00678446825897836,0.139584904826136,0.0241385506604209,0.0237624199341327,0.12293098859939,0.00674820360451145,0.00468287356000022,0.999984833352443,0.0276800203438011,0.00940415935593228,0.0058026762315694,0.00618631986569358,0.999983646109885,0.00663841141797317,0.00605265063034633,0.125649262205614,0.00656424867265168,0.999978385776064,0.00415521418126588,0.0340762471044934,0.00598014191460416,0.999974592555705,0.999987202193435,0.999977622917513,0.999989346694135,0.999983468533049,0.00500649949191846,0.999983670409061,0.00576467226992365,0.00584577758918912,0.00633650657483598,0.390129992480469,0.00376934718429343,0.999982240166003,0.00533074496179696,0.00426486093357072,0.00590165128351149,0.999976731143616,0.999991194105573,0.99996773581038,0.0477364980223623,0.00720529441011137,0.999984940341216,0.00437296028210858,0.00610501942157615,0.00853893464978742,0.356694606133297,0.0120357707920568,0.134134986685198,0.0072165357568128,0.0224705931217686,0.421920421860352,0.0558308048006197,0.999975707156963,0.00500649936590796,0.999996430852033,0.00562228806631408,0.00530500010135316,0.0990424088025392,0.00611036768732252,0.0107312661458143,0.0141250952705453,0.00547059577840838,0.00426486093203029,0.00561080999381578,0.00480113252159257,0.0384624367408735,0.99996429701285,0.999996430978071,0.0230636819370057,0.0935860387925457,0.0109901954152472,0.260374442697237,0.00426486093388435,0.999977568305052,0.999975596052983,0.999992128108748,0.0161540945099368,0.999982048450202,0.00426486092395536,0.99998199843936,0.00426486089321028,0.717366618467492,0.0166031149715464,0.00595941588584365,0.00426486092515869,0.999992742762095,0.00426486092389186,0.999983244383254,0.999989449597855,0.999970090227016,0.00426486092864193,0.999976036453551,0.0683244172485404,0.00491583924540837,0.99998317581871,0.0313233781491787,0.00653829978142794,0.0261857015095699,0.999980925970729,0.599000398571638,0.999993626573008,0.0052694167749721,0.00559172719017331,0.00566513082989341,0.436814843009957,0.999985635790054,0.999985378693161,0.999983179161522,0.00515168188900116,0.999983098161827,0.0042648609238112,0.999982129577304,0.999966040505479,0.999989436148608,0.999987728613291,0.865152096147024,0.701427264223637,0.999989243160006,0.999984417729166,0.999960866198251,0.999977320564186,0.999996326269549,0.999987940219927,0.999974478257577
0.00308731253837694,0.111658385156782,0.00309375612351416,0.217848082340967,0.00297388207932639,0.999984812587074,0.497953358496025,0.00297356914975973,0.309166923106372,0.99998393058676,0.26540564446663,0.00304771775669662,0.00440971767763848,0.734641543244647,0.0484644473583448,0.008351793574824,0.00344236857649989,0.00380229880661867,0.00297274699172751,0.00297420640111856,0.00386609332024137,0.00430029571508592,0.0041383454045797,0.00404627792255649,0.00308731253846008,0.00381329068206282,0.00308731254007665,0.00306060367476545,0.00308731263087491,0.0160138845968964,0.00297549497495327,0.139880015576615,0.00425813402825635,0.537075932833733,0.961165350281026,0.941585610910742,0.00297374899566521,0.575401161525224,0.0274211018340224,0.999982341594546,0.0880725697893964,0.065785188417672,0.0212440565169489,0.00300380392861227,0.0307560530781745,0.00738513451875945,0.99998349980235,0.999983549880679,0.124925849145109,0.0532080377820738,0.00572780955545862,0.999982886527382,0.00297473870082273,0.00302943148668385,0.00674345729092871,0.629715963883163,0.00418619677457138,0.00711128280769399,0.0042986203814477,0.999980349064755,0.13874499880881,0.984710956263787,0.00438209301982971,0.169635574477878,0.0043607322327086,0.00307685447972725,0.00313452384594757,0.00296342076416739,0.0030002266492596,0.628439819618152,0.751321935951331,0.999984675600163,0.00358857104876587,0.00259179879878707,0.00437043842020941,0.501250055079429,0.00308731254806436,0.0286714052359614,0.0043609289387231,0.00324424151764133,0.00435363803170156,0.999982087713171,0.999982401203568,0.103464546756707,0.999981617240334,0.00675029586112427,0.0199058332341163,0.553338718241005,0.011074855700236,0.999985111862011,0.086453818534908,0.348253355877407,0.0354332518969829,0.00445686417306518,0.003840686864539,0.00296342072631573,0.00337119673749753,0.0177157345260951,0.00297262067950996,0.546523420094405,0.00842823093630268,0.692400598066188,0.0045803726935668,0.159486121586679,0.00308731254652393,0.00350816039179836,0.00325882887862645,0.24084236872454,0.00387222575852997,0.00337119673759151,0.0919310519077798,0.00303933181595097,0.00298630207593682,0.00487129438732925,0.00308731254837799,0.00384555977479348,0.00339247987487006,0.00379794888730031,0.0667485728109381,0.00382619379999497,0.003087312538449,0.00383111161519896,0.00308731250770392,0.00371411233868354,0.00417510555750487,0.0497062153142471,0.00308731253965233,0.00379997010035171,0.0030873125383855,0.00382424991451476,0.00380884149559253,0.00387489494486716,0.00308731254313557,0.0038557242440675,0.00865570926780284,0.00297168485127819,0.0030002264464875,0.0117593515936426,0.00392425456015809,0.00300404504352805,0.00382813166567123,0.00320685773020594,0.0032802198267561,0.00340177833832919,0.00297330951552241,0.00297348629984651,0.00354915597035841,0.00381778354199626,0.00369169393385951,0.00300022644785798,0.430243463899713,0.00300022641464973,0.00308731253830484,0.00383050820639786,0.00389337041919858,0.0038101587574712,0.00381533212877547,0.0038122469145259,0.00330364649082379,0.00341192392995372,0.00382977798932127,0.0038951382619067,0.00383974231262893,0.00378445629157355,0.00381401138124355,0.00385270341343285
0.00432541837381081,0.00428275561767396,0.0213104624059002,0.999987600363155,0.999975215447305,0.019534281925576,0.999988696695685,0.999976043252199,0.999988102666023,0.0364000358096428,0.999985729330785,0.999986491738326,0.999982407495794,0.00490577488964955,0.999991268909106,0.999979808532889,0.00468047441193375,0.00504040464205254,0.999978985020617,0.999988389829459,0.999985036676347,0.999987065249918,0.551541254195371,0.568599205928485,0.00432541837389395,0.00505139651749668,0.00432541837551052,0.999988315197192,0.00432541846630877,0.999980059115438,0.9999718324038,0.999985373786789,0.999989339221094,0.558153585244535,0.999986262658839,0.00491518227940916,0.999975703284451,0.00445968884443237,0.999975661745636,0.00421695735559839,0.999976922565528,0.999981647768398,0.999986694009331,0.99998642893906,0.999985795375941,0.00467940946975047,0.0144437255969233,0.596969564648307,0.177989057441873,0.999990140774548,0.999983866926545,0.00500842147572335,0.999971690998682,0.00426753732211771,0.999976099006882,0.999982595467382,0.999985884746705,0.99997584563462,0.999988445945718,0.00421577163119339,0.99998690258402,0.983493709959323,1.00002480879971,0.00433105565356469,0.999985184255681,0.00431496031516111,0.290466733268169,0.00420152659960126,0.00423833248469347,0.554717808876822,0.749709983499621,0.999983905495375,0.400357935448817,0.00382990463422094,0.999983932658087,0.520091141065466,0.00432541838349823,0.999977475819656,0.999983316703088,0.218390008142082,0.999985520427333,0.00423363284435544,0.816829495504134,0.855880959012328,0.00428116192597696,0.999975523852512,0.999980328208009,0.999990534033577,0.999984569517465,0.0321554412472064,0.999982277927887,0.999988482609852,0.999988321277473,0.999986760394462,0.00507879269997287,0.0042015265617496,0.0046093025729314,0.999980004680084,0.999979381666096,0.99998711239894,0.999972256800615,0.999990368276855,0.999988702032507,0.999978437535615,0.00432541838195779,0.00474626622723223,0.00449693471406032,0.9999879953149,0.00511033159396383,0.00460930257302538,0.99998842051556,0.999984327486228,0.999978684608152,0.999982903019357,0.00432541838381185,0.00508366561022734,0.00463058571030393,0.00503605472273417,0.999988652602355,0.00506429963542884,0.00432541837388286,0.00506921745063283,0.00432541834313779,0.0049522181741174,0.999988693002578,0.999975215413279,0.0043254183750862,0.00503807593578558,0.00432541837381937,0.00506235574994863,0.00504694733102639,0.00511300078030102,0.00432541837856943,0.00509383007950137,0.99998676002723,0.999981240291287,0.00423833228192136,0.99998936950647,0.999977141911426,0.999983678511496,0.0050662375011051,0.00444496356563981,0.00451832566218996,0.00463988417376305,0.999976252321202,0.999976609955981,0.363920501519902,0.00505588937743013,0.49849059587113,0.00423833228329185,0.429539776988041,0.0042383322500836,0.00432541837373871,0.00506861404183173,0.00513147625463245,0.00504826459290507,0.00505343796420934,0.00505035274995976,0.00454175232625765,0.00465002976538758,0.00506788382475513,0.0109664175280672,0.0050778481480628,0.00502256212700741,0.00505211721667742,0.00509080924886672
0.999968842697324,0.00548565408214831,0.99997088139667,0.00515112388865265,0.00497544274300139,0.00506115274719766,0.00532370861014552,0.00497395949796676,0.005402085787576,0.00502548411573276,0.0053853373624549,0.00519900239834058,1.00000963388425,0.999959253596244,0.00501616642142703,0.00499904081243842,0.999958971385822,0.99995372483886,0.00497006148958531,0.00497696009000585,0.999958161499429,0.999987162951467,0.999990168721436,0.999959162623372,0.999968842864329,0.999954303907343,0.999968846111709,0.00514053109830564,0.999969028507717,0.00499674439738292,0.00498308640355018,0.00507800369260084,0.999978312852314,0.99996520203209,0.974607527404613,0.659084160099708,0.00497481175140804,0.00520801675002328,0.0049864714201533,0.00496528526118929,0.00501070824962451,0.0050103393641654,0.00536093473244207,0.00510629479605494,0.00515333987762852,0.830036031124246,0.00496904140448639,0.613914623312765,0.0052508681450832,0.00509443650188257,0.00501723482822419,0.841316531542009,0.00497950480056465,0.00501886533228143,0.00498609969429034,0.00521760312865553,0.00519729001364532,0.00498539501349221,0.999978801360846,0.00496409953678429,0.00518042163109642,0.0057413811832874,1.00001202027449,0.00595338915748545,0.999998559819103,0.00517005625434829,0.00523676854500023,0.00498797773409244,0.00498666039028437,0.553538999124903,0.999963342691369,0.99995798966138,0.999977143262197,0.00457823253981184,1.00000867258522,0.999966029926064,0.999968862157458,0.00498608710313525,1.0000024354111,0.00925953021231695,0.999986812236569,0.00498196074994635,0.00530361353209096,0.00586841692908936,0.00503620050938607,0.00498002316011655,0.00501279334065534,0.00536756925387673,0.00505083813143854,0.00503334059666175,0.00502316585819115,0.00519030725621392,0.00530320121350536,0.00517462077276123,0.999949479805419,0.00498797769235773,0.00539573830864555,0.00497871561421901,0.00496946269764344,0.00539496657346033,0.00498072440100764,0.0052831594202266,0.00503482622374445,0.00503118831847903,0.99996885906303,0.999949387391018,0.999958992266989,0.00522463391889886,0.999947077457925,0.00539573830874387,0.00515328265458179,0.00517364689940345,0.00503426039301054,0.00543718696042985,0.999968862787474,0.999952342222686,0.999970616889489,0.999954803057704,0.00507294912157057,0.999951651867051,0.999968842842064,0.999952876959842,0.999968781081194,0.999954486583827,0.00505075274496914,0.00499478667720035,0.999968845259331,0.999955725583019,0.999968842714522,0.999952263720102,0.999954424058716,0.999952698788935,0.999968852256471,0.999953305762478,0.00520757670676788,0.00496502786952179,0.00498666018751227,0.00513664400692588,0.00498388129227085,0.00510384848553455,0.999951100091544,0.00523140559915863,0.00529541579876058,0.999953436649897,0.00497272954317003,0.00497356630750747,0.999981264627622,0.999952858326864,0.496491592153143,0.00498666018888275,0.999967268561139,0.00498666015567451,0.999968842552489,0.999952850349477,0.999953381388175,0.999954695917622,0.999954197948081,0.999959569453833,0.999961909491227,0.999958925578078,0.999954486610838,0.999949891475702,0.999950748423511,0.999956223036697,0.999954108811435,0.999951389805243
0.00412225114978735,0.0100535257349134,0.00412869473492457,0.00421263076600546,0.00402620629132442,0.00572856169190594,0.00563088626502304,0.00402454830052105,0.0202103244721747,0.00407398898611839,0.0106289145479032,0.00427212199710151,0.999984969777999,0.728154535729129,0.0187821048950259,0.00405233896044625,0.517717568050172,0.999985871959368,0.00402019102124338,0.00402790177500533,0.99997125838279,0.999987377835116,0.999986997782249,0.999985634328176,0.00412225114987049,0.999984936432752,0.00412225115148706,0.00420299598705502,0.00412225124228531,0.00404942296716673,0.00403475043612833,0.00413435206706196,0.999987065139769,0.553266208290588,0.988376227240464,0.999972498239042,0.0040255009545594,0.00425652162040891,0.00403742038474549,0.00401379013157493,0.00406174916435553,0.00406235193813049,0.00837752258956478,0.00417212874764101,0.00422363024252466,0.999976591745117,0.00401754627487203,0.00454026378590426,0.00459242204349676,0.0101769029536597,0.00407279554854298,0.960103195861201,0.00403074696888803,0.082442637904923,0.00403794684194113,0.00426834044091285,0.00426910551774814,0.00403714240593807,0.999984621728107,0.00401260440716993,0.00424840389863419,0.999975499626771,0.999953834029306,0.0791449612064156,0.999985702150243,0.209651495525483,0.00430256573992902,0.999974523501419,0.00403516526067,0.999975586185431,0.749464914521754,0.999972278956665,0.406447235797458,0.00362673741019747,0.999987640369176,0.517674195336714,0.00412225115947477,0.00403693375611418,0.999987401130473,0.322230213970463,0.999983727817913,0.00403046562033198,0.00435579932017905,0.0229565064345583,0.179395651281767,0.00403115421944762,0.00406718512728492,0.00518643200166506,0.00805709050050639,0.0151801630693482,0.00407574775660713,0.00425018213810096,0.00437165146057407,0.00424714840528971,0.999982346239484,0.999974422018137,0.999980003674407,0.00402919290556597,0.00401952168094519,0.0045249437229081,0.0040318617709449,0.00514566234838152,0.0040923540966162,0.00408138835611989,0.00412225115793433,0.999965438824659,0.380618495512935,0.0042929762810772,0.999979702816255,0.999980003788039,0.00422071126524741,0.00424423268692062,0.00409195181149608,0.0489793908752506,0.00412225115978839,0.999981940091862,0.00460111455904003,0.999986346719759,0.00413209713820478,0.999983642247235,0.0041222511498594,0.999983258503514,0.00412225111911433,0.999983244612381,0.00411012178107361,0.00404569995992212,0.00412225115106274,0.999986255646638,0.00412225114979591,0.999983837838881,0.99998534221256,0.999979221140027,0.00412225115454597,0.999981048788301,0.00525139667416647,0.0040145643993122,0.0040351650578979,0.0106529696406291,0.0040355955020375,0.00416928116392835,0.999983456782031,0.999980195939034,0.755733579942034,0.745450070745686,0.00402317346221494,0.00402410877153272,0.450325952503041,0.999984440086798,0.507935851259461,0.00403516505926839,0.427417882930101,0.00403516502606014,0.00412225114971525,0.999983308620235,0.999977377027223,0.999985247508581,0.999984745276081,0.999980403039159,0.00445569143197377,0.00458772112314416,0.999983479180074,0.99997981937631,0.999982428535394,0.999987693468627,0.999984857991211,0.999981272019638
0.00308731253837694,0.111658385156782,0.00309375612351416,0.217848082340967,0.00297388207932639,0.999984812587074,0.497953358496025,0.00297356914975973,0.309166923106372,0.99998393058676,0.26540564446663,0.00304771775669662,0.00440971767763848,0.734641543244647,0.0484644473583448,0.008351793574824,0.00344236857649989,0.00380229880661867,0.00297274699172751,0.00297420640111856,0.00386609332024137,0.00430029571508592,0.0041383454045797,0.00404627792255649,0.00308731253846008,0.00381329068206282,0.00308731254007665,0.00306060367476545,0.00308731263087491,0.0160138845968964,0.00297549497495327,0.139880015576615,0.00425813402825635,0.537075932833733,0.961165350281026,0.941585610910742,0.00297374899566521,0.575401161525224,0.0274211018340224,0.999982341594546,0.0880725697893964,0.065785188417672,0.0212440565169489,0.00300380392861227,0.0307560530781745,0.00738513451875945,0.99998349980235,0.999983549880679,0.124925849145109,0.0532080377820738,0.00572780955545862,0.999982886527382,0.00297473870082273,0.00302943148668385,0.00674345729092871,0.629715963883163,0.00418619677457138,0.00711128280769399,0.0042986203814477,0.999980349064755,0.13874499880881,0.984710956263787,0.00438209301982971,0.169635574477878,0.0043607322327086,0.00307685447972725,0.00313452384594757,0.00296342076416739,0.0030002266492596,0.628439819618152,0.751321935951331,0.999984675600163,0.00358857104876587,0.00259179879878707,0.00437043842020941,0.501250055079429,0.00308731254806436,0.0286714052359614,0.0043609289387231,0.00324424151764133,0.00435363803170156,0.999982087713171,0.999982401203568,0.103464546756707,0.999981617240334,0.00675029586112427,0.0199058332341163,0.553338718241005,0.011074855700236,0.999985111862011,0.086453818534908,0.348253355877407,0.0354332518969829,0.00445686417306518,0.003840686864539,0.00296342072631573,0.00337119673749753,0.0177157345260951,0.00297262067950996,0.546523420094405,0.00842823093630268,0.692400598066188,0.0045803726935668,0.159486121586679,0.00308731254652393,0.00350816039179836,0.00325882887862645,0.24084236872454,0.00387222575852997,0.00337119673759151,0.0919310519077798,0.00303933181595097,0.00298630207593682,0.00487129438732925,0.00308731254837799,0.00384555977479348,0.00339247987487006,0.00379794888730031,0.0667485728109381,0.00382619379999497,0.003087312538449,0.00383111161519896,0.00308731250770392,0.00371411233868354,0.00417510555750487,0.0497062153142471,0.00308731253965233,0.00379997010035171,0.0030873125383855,0.00382424991451476,0.00380884149559253,0.00387489494486716,0.00308731254313557,0.0038557242440675,0.00865570926780284,0.00297168485127819,0.0030002264464875,0.0117593515936426,0.00392425456015809,0.00300404504352805,0.00382813166567123,0.00320685773020594,0.0032802198267561,0.00340177833832919,0.00297330951552241,0.00297348629984651,0.00354915597035841,0.00381778354199626,0.00369169393385951,0.00300022644785798,0.430243463899713,0.00300022641464973,0.00308731253830484,0.00383050820639786,0.00389337041919858,0.0038101587574712,0.00381533212877547,0.0038122469145259,0.00330364649082379,0.00341192392995372,0.00382977798932127,0.0038951382619067,0.00383974231262893,0.00378445629157355,0.00381401138124355,0.00385270341343285
0.999971025829319,0.00548580737729594,0.999973064518938,0.00514893673856872,0.00497505123678505,0.00506118478478914,0.00532092785282062,0.0049735971988209,0.0053977126462542,0.00502547012575706,0.00537963890535832,0.0051948742938351,0.999998460667266,0.999959836835982,0.00501623213969425,0.00499822567232163,0.999957287092476,0.999966320135646,0.00496977595314178,0.00497653880996152,0.999965388397483,0.999985636000635,0.99999404352133,0.999970346174965,0.999971025996325,0.9999661820119,0.999971029243711,0.00513818382585326,0.999971211640122,0.00499603281379273,0.00498254439007246,0.00507667873654055,0.999990102564079,0.999966772787486,0.974619830710349,0.659093562743353,0.00497443267127036,0.00520800276004758,0.00498604892339524,0.00496527127121359,0.00501027038428725,0.00500973909535524,0.00535407832969559,0.00510338441723157,0.00514968465228602,0.830043822923351,0.00496902741451069,0.613915952961177,0.00524777655263757,0.00509241599576209,0.00501604152095977,0.841329288766951,0.00497903329762978,0.00502107965401148,0.00498552707489369,0.00521721600754463,0.00519337987598876,0.00498483906721629,0.999978644003223,0.00496408554680859,0.0051771521819743,0.00576961148706299,0.99999994672539,0.00595550302036391,0.999992148176275,0.00517588524791719,0.00523386430969774,0.00501627956950137,0.00498664640030867,0.553555598639008,0.999968454437263,0.999961837542387,0.999964057907937,0.00457821854983614,1.00000554098547,0.999968051456449,0.999971045289497,0.00498568170677693,0.999992026172839,0.0092637543932389,0.999973614914435,0.00498194675997064,0.00530298431221015,0.00585844529803123,0.0050411708396475,0.00497957022797852,0.00501179540938703,0.00536647824883508,0.00504916810957809,0.00503362500509011,0.00502247043228805,0.00518839287843753,0.00529985354611658,0.00517059160970418,0.999951154017712,0.00501627952488255,0.00542402870669479,0.00497837195309634,0.00496918895267748,0.00539108056595088,0.00498027041411262,0.0052819972558408,0.00503330412589673,0.00503089099764025,0.999971042195061,0.999940293780134,0.999947016369603,0.00522130428342936,0.999941257655215,0.00542402870679634,0.00515010574386787,0.00516994229701811,0.00503271096009027,0.00543114654263177,0.999971045919513,0.999957003140036,0.999965367160457,0.999969401834684,0.00507115623231325,0.999958186157314,0.99997102597406,0.999960313622675,0.999970964213053,0.999962396036571,0.0050489229144383,0.0049943701443229,0.999971028391332,0.999971341922973,0.999971025846517,0.999959866599043,0.999967072934615,0.999953702228479,0.999971035388488,0.999957863686484,0.00520304781077752,0.00496484144762312,0.00498664619753657,0.00513348046311645,0.00498333089215984,0.00510100517565648,0.999956650758749,0.00525970067486877,0.0053167648027806,0.999946285877697,0.0049723914599059,0.00497321175339997,0.99998791397782,0.999962160308812,0.496487447912731,0.00498664619890705,0.999968653207419,0.0049866461656988,0.999971025684484,0.999960340080843,0.999952777326042,0.999967542233938,0.99996565143261,0.999971768723224,0.999959081328259,0.999955080846628,0.999964340388783,0.999941480496429,0.999954143412391,0.999974367633424,0.999965617802414,0.999953744629617
0.00412226283692056,0.0100535318371622,0.00412870642205778,0.00421392129601962,0.00402644013602207,0.00572857370254509,0.00563254714256151,0.00402476495768889,0.0202131677346126,0.0040740006732516,0.0106323756764397,0.00427455472355801,0.99999323721302,0.728155372522542,0.0187823188204567,0.00405282210163875,0.517709693144117,0.999975596336211,0.00402036250574537,0.00402815314075347,0.999972243870721,0.999986230961923,0.999987670601356,0.999978883624923,0.0041222628370037,0.999975977972987,0.00412226283862027,0.00420438074452633,0.00412226292941852,0.00404984516829029,0.00403507285006625,0.00413513522042911,0.999984331648471,0.553266827098925,0.988377040766952,0.999973332712072,0.00402572748686337,0.00425653330754212,0.00403767246649503,0.00401380181870814,0.00406201029007657,0.00406270863367374,0.00838162732048136,0.00417384487718703,0.00422578469305071,0.999976165755533,0.00401755796200524,0.00454027547303747,0.00459424946112796,0.0101781973579374,0.00407350123034016,0.960103896825834,0.00403102788937802,0.082442665253802,0.00403828726659136,0.00426857170510074,0.00427140997691684,0.00403747301893123,0.999984824944853,0.00401261609430314,0.00425033133083278,0.999975739682427,0.99995750834269,0.079144974886655,0.99999001552578,0.209651546808526,0.00430427825418784,0.999974734207055,0.00403517694780322,0.999976192521232,0.749465639088443,0.999973306422922,0.406447302922646,0.00362674909733069,0.999992467272053,0.517674762176477,0.00412226284660798,0.00403717577476511,0.999990324340016,0.322233092763543,0.99998731615441,0.00403047730746519,0.0043561730526035,0.0229626822751157,0.179395698001322,0.00403142421155216,0.00406777583586831,0.0051870904130295,0.00805814354418069,0.0151801870597086,0.00407616044939163,0.00425131214937456,0.00437362492199669,0.00424952290751944,0.999975577030304,0.999974632723753,0.999980214299656,0.00402939859478756,0.00401968622649818,0.00452723496917433,0.0040321323837439,0.00514636336652758,0.00409325326231509,0.00408156677540314,0.00412226284506754,0.999966864457983,0.380619345565499,0.00429493913122848,0.999976006570874,0.999980214413287,0.00422258424122619,0.00424641619443124,0.00409286706310728,0.0489837015212545,0.0041222628469216,0.99997618423818,0.00458695971748911,0.999975773321683,0.00413315565694216,0.999975644973839,0.00412226283699261,0.99997600950163,0.00412226280624754,0.99997589829804,0.00411120203869921,0.00404594853209763,0.00412226283819595,0.999976073819614,0.00412226283692912,0.999975730003445,0.999975913042485,0.99997675403017,0.00412226284167918,0.999976583761089,0.00525408164639973,0.0040146775577251,0.00403517674503111,0.0106549439186466,0.00403592285127043,0.00417095782530868,0.999975580339129,0.999980406597159,0.755733741779517,0.745451163840739,0.0040233758690255,0.00402432087096588,0.450321083295059,0.999975723340668,0.507938586900886,0.0040351767464016,0.427418372619346,0.00403517671319335,0.00412226283684846,0.999975989091152,0.999977071640591,0.999976013013796,0.999975993573775,0.999978438676253,0.00444615200978717,0.00457624448410228,0.999976373150598,0.999978440565947,0.999975761737263,0.999975849621897,0.999975944036932,0.99997613310262
0.00426488178355519,0.999990291622984,0.00427132536869241,0.0172749990289099,0.00582971394235521,0.225258294764852,0.0978255683382166,0.00569955988472874,0.213202488346725,0.124202532493613,0.0973264793302171,0.104849915299147,0.999987110810753,0.00553663917752001,0.0521888288455111,0.00771961757887644,0.510653667133691,0.99998287014208,0.00535748625218488,0.00596239893407654,0.00645603422935118,0.999983945823983,0.999981238028901,0.999989405583551,0.00426488178363833,0.99998532071085,0.0042648817852549,0.174958853805871,0.00426488187605315,0.00726110620582666,0.00650041251783495,0.0154151610218618,0.999979580123879,0.00542794394496716,0.00675928759133182,0.00576791480507089,0.00577434025959738,0.999983547664092,0.00597727045757746,0.00704663869731421,0.00606921306995432,0.00678430747785806,0.139583113460263,0.0241377046939486,0.023761327223173,0.12295058855642,0.00674823562466291,0.0046828944196721,0.999988125220526,0.0276792605517137,0.00940381483975573,0.00581229205270799,0.00618619897879122,0.999985807149015,0.00663825920318868,0.00605255588660393,0.125648524853426,0.00656410162353015,0.999992552392706,0.00415523504093777,0.034075325603749,0.00595280109476227,0.999970777346503,0.999989441915715,0.999986745481831,0.999988011487199,0.999986832175949,0.00497915351975527,0.999987985498692,0.00576581094175925,0.0058655866362581,0.00636795619912553,0.390158672750523,0.00376936804396531,0.999975071220836,0.00534922600018701,0.00426488179324261,0.00590155087773556,0.999983394803175,0.999985189309715,0.999999383657439,0.0477367067412901,0.0072051246593761,0.999985315268071,0.00436816386904026,0.00610490428827438,0.00853865066496323,0.356695763240745,0.0120351353492471,0.134135257123246,0.00721634549414085,0.0224700671042249,0.421921146617241,0.0558297273291165,0.999999293232849,0.00497915339653223,0.999973384888224,0.00562220678733661,0.0053049404837855,0.0990415616480978,0.00611025222723615,0.0107309067240376,0.014124662924117,0.00547052885656847,0.00426488179170217,0.00567086489076004,0.00484570000546328,0.0384615141736996,1.00001056245818,0.999973385014259,0.0230627434920077,0.0935852308594376,0.0109897405642906,0.260371947680379,0.00426488179355623,0.999996943582835,0.999965268555937,0.999979826491644,0.0161535817074611,0.999992576231096,0.00426488178362724,0.999992207724225,0.00426488175288217,0.717374391365391,0.0166025920541176,0.00595931202975357,0.00426488178483058,0.999979106467445,0.00426488178356375,0.99999124500044,0.999983792525721,1.00000439340476,0.00426488178831381,0.999998416884063,0.0683231935324189,0.00491580668225609,0.999987490906208,0.031322242309164,0.00653815445061812,0.0261848864351463,0.999993821090732,0.598975619573291,0.999977290660392,0.00531620216662122,0.00559164763932687,0.00566504617605354,0.436796617246447,0.999988683797621,0.999986517857152,0.999987494249035,0.00516838726866466,0.999987413248991,0.00426488178348309,0.999992073060995,1.00000844981928,0.999983776159873,0.999986093213555,0.865162925977549,0.701420419630264,0.999981683513548,0.999989758556574,1.00001766584945,0.999997442070465,0.999973689753191,0.999985835929203,1.00000012348504
0.00432541837381081,0.00428275561767396,0.0213104624059002,0.999987600363155,0.999975215447305,0.019534281925576,0.999988696695685,0.999976043252199,0.999988102666023,0.0364000358096428,0.999985729330785,0.999986491738326,0.999982407495794,0.00490577488964955,0.999991268909106,0.999979808532889,0.00468047441193375,0.00504040464205254,0.999978985020617,0.999988389829459,0.999985036676347,0.999987065249918,0.551541254195371,0.568599205928485,0.00432541837389395,0.00505139651749668,0.00432541837551052,0.999988315197192,0.00432541846630877,0.999980059115438,0.9999718324038,0.999985373786789,0.999989339221094,0.558153585244535,0.999986262658839,0.00491518227940916,0.999975703284451,0.00445968884443237,0.999975661745636,0.00421695735559839,0.999976922565528,0.999981647768398,0.999986694009331,0.99998642893906,0.999985795375941,0.00467940946975047,0.0144437255969233,0.596969564648307,0.177989057441873,0.999990140774548,0.999983866926545,0.00500842147572335,0.999971690998682,0.00426753732211771,0.999976099006882,0.999982595467382,0.999985884746705,0.99997584563462,0.999988445945718,0.00421577163119339,0.99998690258402,0.983493709959323,1.00002480879971,0.00433105565356469,0.999985184255681,0.00431496031516111,0.290466733268169,0.00420152659960126,0.00423833248469347,0.554717808876822,0.749709983499621,0.999983905495375,0.400357935448817,0.00382990463422094,0.999983932658087,0.520091141065466,0.00432541838349823,0.999977475819656,0.999983316703088,0.218390008142082,0.999985520427333,0.00423363284435544,0.816829495504134,0.855880959012328,0.00428116192597696,0.999975523852512,0.999980328208009,0.999990534033577,0.999984569517465,0.0321554412472064,0.999982277927887,0.999988482609852,0.999988321277473,0.999986760394462,0.00507879269997287,0.0042015265617496,0.0046093025729314,0.999980004680084,0.999979381666096,0.99998711239894,0.999972256800615,0.999990368276855,0.999988702032507,0.999978437535615,0.00432541838195779,0.00474626622723223,0.00449693471406032,0.9999879953149,0.00511033159396383,0.00460930257302538,0.99998842051556,0.999984327486228,0.999978684608152,0.999982903019357,0.00432541838381185,0.00508366561022734,0.00463058571030393,0.00503605472273417,0.999988652602355,0.00506429963542884,0.00432541837388286,0.00506921745063283,0.00432541834313779,0.0049522181741174,0.999988693002578,0.999975215413279,0.0043254183750862,0.00503807593578558,0.00432541837381937,0.00506235574994863,0.00504694733102639,0.00511300078030102,0.00432541837856943,0.00509383007950137,0.99998676002723,0.999981240291287,0.00423833228192136,0.99998936950647,0.999977141911426,0.999983678511496,0.0050662375011051,0.00444496356563981,0.00451832566218996,0.00463988417376305,0.999976252321202,0.999976609955981,0.363920501519902,0.00505588937743013,0.49849059587113,0.00423833228329185,0.429539776988041,0.0042383322500836,0.00432541837373871,0.00506861404183173,0.00513147625463245,0.00504826459290507,0.00505343796420934,0.00505035274995976,0.00454175232625765,0.00465002976538758,0.00506788382475513,0.0109664175280672,0.0050778481480628,0.00502256212700741,0.00505211721667742,0.00509080924886672
0.00426487951734683,0.999989189520998,0.00427132310248405,0.0172750451995459,0.00582972075731238,0.22525805004847,0.0978255487072173,0.00569956599710887,0.213202485780654,0.124202393108135,0.097326580008752,0.104849917905891,0.999985329178749,0.00553273537885385,0.0521888735345778,0.00771963458436095,0.510651955278779,0.999984605246379,0.00535749051803569,0.00596240646524411,0.00645346200121413,0.99998396196051,0.99998255971711,0.999989785936165,0.00426487951742997,0.9999863786572,0.00426487951904654,0.174958724422015,0.00426487960984479,0.00726112072025553,0.00650042295324921,0.015415184153489,0.999982098234375,0.00542521196502753,0.00675871858779857,0.00576640959975985,0.00577434677564482,0.999982407649281,0.00597727801801312,0.00704663312818003,0.00606922100008165,0.00678431931460625,0.139583183702811,0.0241377640091093,0.0237614086894899,0.122948605651685,0.00674823040083468,0.00468289215346374,0.999987076718246,0.0276793325162787,0.00940384094206335,0.00581209035245677,0.00618620771807206,0.999985156575777,0.00663827037482932,0.00605256259607724,0.125648497349108,0.00656411239409832,0.999990717005375,0.00415523277472941,0.0340753840921642,0.00595901667863644,0.999971396729405,0.999988771947643,0.999985568039322,0.999988155573764,0.99998577626626,0.00498537259981252,0.999986845225844,0.00576712834482215,0.00586331075582618,0.00636405800201242,0.390153839399844,0.00376936577775695,0.999976565607469,0.00534682709509776,0.00426487952703425,0.00590155802682054,0.99998242253466,0.999986174808166,0.999994430028464,0.0477366546908172,0.00720513719254325,0.999984592850926,0.00436925672125676,0.0061049125808341,0.00853867206749486,0.356695395287614,0.0120352002753261,0.134135176231863,0.00721635961989603,0.0224700994479117,0.421920764293144,0.0558297830498448,0.999995888830602,0.0049853724759558,0.999978464846799,0.00562221245137848,0.00530494446599193,0.099041564486472,0.00611026054516808,0.0107309364169312,0.0141246932159471,0.0054705334058933,0.00426487952549381,0.00566204650788416,0.00483860556627751,0.0384615694509227,1.00000342295084,0.999978464972835,0.0230628118426261,0.0935852339909293,0.0109897752332125,0.260372142928633,0.00426487952734787,0.999994328414652,0.999965803632391,0.999982396483262,0.016153617601428,0.999991355144225,0.00426487951741888,0.999991086934565,0.00426487948667381,0.717373798304114,0.016602628484198,0.00595931944672789,0.00426487951862222,0.999981930873264,0.00426487951735539,0.999990454133009,0.999985282960593,0.999999396270998,0.00426487952210545,0.999995360209901,0.0683232563996394,0.00491580856390328,0.999986350633926,0.0313223464297918,0.00653816508777312,0.0261849414569955,0.999992198036108,0.598981158630094,0.999980845163348,0.00530928019435034,0.00559165316919317,0.00566505210212652,0.436799715192901,0.99998871234126,0.999986214983587,0.999986353976749,0.0051661568813478,0.999986272976797,0.00426487951727473,0.99999099396026,1.00000218195456,0.999985278867541,0.999986929324719,0.865162070998489,0.701420750110599,0.999981901955935,0.999989488082506,1.00000884500511,0.999994642823645,0.999977969670252,0.999986743295076,0.999996461645572
0.00412224419615287,0.0100535233987087,0.00412868778129009,0.00421200671617302,0.00402609213719611,0.00572855556206373,0.0056300842584326,0.00402444244010846,0.0202089606844837,0.00407398203248391,0.0106272468203283,0.004270946788802,0.999981212488219,0.728155177814554,0.0187820092598019,0.00405210451013346,0.517719959864598,0.999989053270654,0.00402010695856745,0.00402777916622337,0.999972019720586,0.999986921864183,0.999986068688233,0.999987979285058,0.004122244196236,0.999987838647743,0.00412224419785258,0.00420232646845826,0.00412224428865083,0.00404921792303464,0.00403459354356652,0.00413397284808753,0.999987567419785,0.55326668580457,0.988376913974433,0.999973255253484,0.00402539032897272,0.00425651466677443,0.00403729743046233,0.00401378317794044,0.00406162184597064,0.00406217850323293,0.00837554294448365,0.00417129932789418,0.0042225893142225,0.999977668272278,0.00401753932123754,0.00454025683226978,0.00459153908870995,0.0101762806787075,0.00407245371290312,0.960103880727087,0.00403061009868341,0.0824426708331692,0.00403778125844296,0.0042682275319905,0.0042679922038821,0.00403698155698265,0.99998441140851,0.00401259745353544,0.00424747251635119,0.99997598484591,0.999950732140387,0.0791449954492897,0.999983439962511,0.209651593501787,0.00430173806471237,0.999975023338808,0.00403515830703552,0.999976249018517,0.749465515200419,0.999973115389788,0.406447079766903,0.00362673045656299,0.99998472150429,0.517674636242484,0.00412224420584028,0.00403681565770501,0.999985156278075,0.322229011801998,0.99998220000869,0.0040304586666975,0.00435561766426015,0.0229535358953335,0.179395733536507,0.00403102262265478,0.0040668987711212,0.00518611343833057,0.00805658343711519,0.0151801568964606,0.0040755473006539,0.0042496355454026,0.00437069786722858,0.00424600129266129,0.999984960328038,0.999974921855474,0.999980503307092,0.00402909233765494,0.0040194409666079,0.0045238368201164,0.00403172987464052,0.00514532325161147,0.00409191889674693,0.00408130094711642,0.00412224420429985,0.999966439930556,0.380618995072256,0.00429202780812242,0.999981779291729,0.999980503420724,0.00421980616041155,0.00424317773738492,0.0040915088494885,0.0489773363956761,0.00412224420615391,0.999984270447606,0.00460440483310071,0.99998955521551,0.00413158504370236,0.999986434807762,0.00412224419622492,0.999985866966231,0.00412224416547984,0.999985865640539,0.00410959919663105,0.00404557869915801,0.00412224419742825,0.999989357167939,0.00412224419616143,0.999986634160028,0.99998833413356,0.999980891044821,0.00412224420091149,0.999983093929247,0.00525010033252708,0.00401450848146028,0.00403515810426342,0.0106520195560442,0.00403543622798548,0.00416847078925371,0.999986241640015,0.999980695655439,0.755733955339027,0.745450826116128,0.00402307447820712,0.00402400511042137,0.450326759739878,0.999987338759846,0.50793419959121,0.0040351581056339,0.427418253549745,0.00403515807242566,0.00412224419608077,0.999985931741051,0.999978597275062,0.999988192261465,0.999987609766562,0.999981742788634,0.00445790747755604,0.0045903880515933,0.999986008688868,0.999981430057315,0.999984986275984,0.999991115499537,0.999987757502043,0.999983510075748
0.00308731253837694,0.111658385156782,0.00309375612351416,0.217848082340967,0.00297388207932639,0.999984812587074,0.497953358496025,0.00297356914975973,0.309166923106372,0.99998393058676,0.26540564446663,0.00304771775669662,0.00440971767763848,0.734641543244647,0.0484644473583448,0.008351793574824,0.00344236857649989,0.00380229880661867,0.00297274699172751,0.00297420640111856,0.00386609332024137,0.00430029571508592,0.0041383454045797,0.00404627792255649,0.00308731253846008,0.00381329068206282,0.00308731254007665,0.00306060367476545,0.00308731263087491,0.0160138845968964,0.00297549497495327,0.139880015576615,0.00425813402825635,0.537075932833733,0.961165350281026,0.941585610910742,0.00297374899566521,0.575401161525224,0.0274211018340224,0.999982341594546,0.0880725697893964,0.065785188417672,0.0212440565169489,0.00300380392861227,0.0307560530781745,0.00738513451875945,0.99998349980235,0.999983549880679,0.124925849145109,0.0532080377820738,0.00572780955545862,0.999982886527382,0.00297473870082273,0.00302943148668385,0.00674345729092871,0.629715963883163,0.00418619677457138,0.00711128280769399,0.0042986203814477,0.999980349064755,0.13874499880881,0.984710956263787,0.00438209301982971,0.169635574477878,0.0043607322327086,0.00307685447972725,0.00313452384594757,0.00296342076416739,0.0030002266492596,0.628439819618152,0.751321935951331,0.999984675600163,0.00358857104876587,0.00259179879878707,0.00437043842020941,0.501250055079429,0.00308731254806436,0.0286714052359614,0.0043609289387231,0.00324424151764133,0.00435363803170156,0.999982087713171,0.999982401203568,0.103464546756707,0.999981617240334,0.00675029586112427,0.0199058332341163,0.553338718241005,0.011074855700236,0.999985111862011,0.086453818534908,0.348253355877407,0.0354332518969829,0.00445686417306518,0.003840686864539,0.00296342072631573,0.00337119673749753,0.0177157345260951,0.00297262067950996,0.546523420094405,0.00842823093630268,0.692400598066188,0.0045803726935668,0.159486121586679,0.00308731254652393,0.00350816039179836,0.00325882887862645,0.24084236872454,0.00387222575852997,0.00337119673759151,0.0919310519077798,0.00303933181595097,0.00298630207593682,0.00487129438732925,0.00308731254837799,0.00384555977479348,0.00339247987487006,0.00379794888730031,0.0667485728109381,0.00382619379999497,0.003087312538449,0.00383111161519896,0.00308731250770392,0.00371411233868354,0.00417510555750487,0.0497062153142471,0.00308731253965233,0.00379997010035171,0.0030873125383855,0.00382424991451476,0.00380884149559253,0.00387489494486716,0.00308731254313557,0.0038557242440675,0.00865570926780284,0.00297168485127819,0.0030002264464875,0.0117593515936426,0.00392425456015809,0.00300404504352805,0.00382813166567123,0.00320685773020594,0.0032802198267561,0.00340177833832919,0.00297330951552241,0.00297348629984651,0.00354915597035841,0.00381778354199626,0.00369169393385951,0.00300022644785798,0.430243463899713,0.00300022641464973,0.00308731253830484,0.00383050820639786,0.00389337041919858,0.0038101587574712,0.00381533212877547,0.0038122469145259,0.00330364649082379,0.00341192392995372,0.00382977798932127,0.0038951382619067,0.00383974231262893,0.00378445629157355,0.00381401138124355,0.00385270341343285
0.00432541837381081,0.00428275561767396,0.0213104624059002,0.999987600363155,0.999975215447305,0.019534281925576,0.999988696695685,0.999976043252199,0.999988102666023,0.0364000358096428,0.999985729330785,0.999986491738326,0.999982407495794,0.00490577488964955,0.999991268909106,0.999979808532889,0.00468047441193375,0.00504040464205254,0.999978985020617,0.999988389829459,0.999985036676347,0.999987065249918,0.551541254195371,0.568599205928485,0.00432541837389395,0.00505139651749668,0.00432541837551052,0.999988315197192,0.00432541846630877,0.999980059115438,0.9999718324038,0.999985373786789,0.999989339221094,0.558153585244535,0.999986262658839,0.00491518227940916,0.999975703284451,0.00445968884443237,0.999975661745636,0.00421695735559839,0.999976922565528,0.999981647768398,0.999986694009331,0.99998642893906,0.999985795375941,0.00467940946975047,0.0144437255969233,0.596969564648307,0.177989057441873,0.999990140774548,0.999983866926545,0.00500842147572335,0.999971690998682,0.00426753732211771,0.999976099006882,0.999982595467382,0.999985884746705,0.99997584563462,0.999988445945718,0.00421577163119339,0.99998690258402,0.983493709959323,1.00002480879971,0.00433105565356469,0.999985184255681,0.00431496031516111,0.290466733268169,0.00420152659960126,0.00423833248469347,0.554717808876822,0.749709983499621,0.999983905495375,0.400357935448817,0.00382990463422094,0.999983932658087,0.520091141065466,0.00432541838349823,0.999977475819656,0.999983316703088,0.218390008142082,0.999985520427333,0.00423363284435544,0.816829495504134,0.855880959012328,0.00428116192597696,0.999975523852512,0.999980328208009,0.999990534033577,0.999984569517465,0.0321554412472064,0.999982277927887,0.999988482609852,0.999988321277473,0.999986760394462,0.00507879269997287,0.0042015265617496,0.0046093025729314,0.999980004680084,0.999979381666096,0.99998711239894,0.999972256800615,0.999990368276855,0.999988702032507,0.999978437535615,0.00432541838195779,0.00474626622723223,0.00449693471406032,0.9999879953149,0.00511033159396383,0.00460930257302538,0.99998842051556,0.999984327486228,0.999978684608152,0.999982903019357,0.00432541838381185,0.00508366561022734,0.00463058571030393,0.00503605472273417,0.999988652602355,0.00506429963542884,0.00432541837388286,0.00506921745063283,0.00432541834313779,0.0049522181741174,0.999988693002578,0.999975215413279,0.0043254183750862,0.00503807593578558,0.00432541837381937,0.00506235574994863,0.00504694733102639,0.00511300078030102,0.00432541837856943,0.00509383007950137,0.99998676002723,0.999981240291287,0.00423833228192136,0.99998936950647,0.999977141911426,0.999983678511496,0.0050662375011051,0.00444496356563981,0.00451832566218996,0.00463988417376305,0.999976252321202,0.999976609955981,0.363920501519902,0.00505588937743013,0.49849059587113,0.00423833228329185,0.429539776988041,0.0042383322500836,0.00432541837373871,0.00506861404183173,0.00513147625463245,0.00504826459290507,0.00505343796420934,0.00505035274995976,0.00454175232625765,0.00465002976538758,0.00506788382475513,0.0109664175280672,0.0050778481480628,0.00502256212700741,0.00505211721667742,0.00509080924886672
0.999971773085008,0.00548544070643017,0.999973811771229,0.00514908159835249,0.00497505987989968,0.00506106761659193,0.00532104587759348,0.00497360362630139,0.00539711302628984,0.00502545013067355,0.00537969366825205,0.00519516639347586,0.999996502981372,0.999969875458974,0.00501535455820776,0.00499826645209759,0.99997494632625,0.999954783071473,0.00496977655744105,0.00497654971170424,0.99996143439983,0.999981408841632,0.999976525119127,0.999959663978701,0.999971773252013,0.999955771803996,0.999971776499402,0.00513834083244191,0.999971958895954,0.00499606573782103,0.00498256445059462,0.00507675819070566,0.999965025612086,0.99997313497695,0.974603565386529,0.659082637222814,0.00497444037174871,0.00520798276496407,0.00498605991743726,0.00496525127613009,0.00501028254418221,0.00500976357509854,0.00535435018239026,0.00510358414079524,0.00514994087954382,0.83003835155327,0.00496900741942719,0.613916402174268,0.00524797413327297,0.00509219979937042,0.00501611098831135,0.841311179375069,0.0049790480092565,0.00501635526110659,0.00498554945716595,0.00521722431800729,0.00519365544077053,0.00498486018467374,0.999977353625012,0.00496406555172509,0.00517737914443593,0.0057098602820379,0.999997623333693,0.00595100316979151,0.999988995173323,0.00516353099623427,0.00523406356721691,0.00495647937988466,0.00498662640522517,0.553526921991184,0.999967863785309,0.999966167214189,0.999994071308541,0.00457819855475263,0.999988619886201,0.999973072136776,0.9999717925452,0.00498569140359096,0.999994653483971,0.0092450647886342,0.999992260379049,0.00498192676488714,0.00530301098816758,0.00585814040854646,0.00503062797866324,0.00497958353083364,0.00501185005561071,0.00536649575751966,0.00504904532860933,0.00503294015075074,0.00502250213060208,0.00518851704584692,0.00530008644217781,0.00517087620369485,0.99996417153592,0.00495647934135476,0.00536425266356076,0.00497837696670546,0.00496918866248102,0.00539135092679799,0.0049802837969811,0.00528201766236452,0.0050333985351418,0.00503089249589801,0.999971789450762,0.999975410063507,0.999984290428577,0.00522153581159798,0.99997082647841,0.0053642526636555,0.00515032568641093,0.00517020226999432,0.00503280744296064,0.00542901150658224,0.999971793175217,0.999962424184009,0.999990220648875,0.999953205847563,0.00507127118366276,0.999960127942834,0.999971773229748,0.999959762742468,0.999971711468694,0.999960759448676,0.00504904066813482,0.00499438068594785,0.999971775647023,0.999952537137591,0.999971773102206,0.999959301907872,0.999955029501126,0.999966401827349,0.999971782644184,0.999962954297256,0.00520331429082092,0.0049648345331413,0.00498662620245306,0.00513332627072498,0.00498335158888792,0.00510119981140262,0.999960891209759,0.00519991475628612,0.00527164338757148,0.99997485183026,0.00497239605038139,0.00497321759334562,0.999975678784763,0.99995780373519,0.49648291753666,0.00498662620382355,0.999974504878498,0.0049866261706153,0.999971772940173,0.999959693783267,0.999968355873454,0.999954939571203,0.999956164457468,0.999957465975527,0.999976081052333,0.999975376949027,0.999957944304536,0.999976203447968,0.999962999371585,0.999950258332008,0.999956070563938,0.999964405784797
0.00426487589061047,0.999989089260784,0.00427131947574769,0.0172751728516296,0.0058297400005788,0.225258025309277,0.0978257084341275,0.00569958347100563,0.213202785029699,0.124202376206817,0.0973269366554315,0.104850154403853,0.999983476147957,0.00552819395248065,0.0521889156266551,0.0077196794914464,0.510650643663861,0.999985176361417,0.00535750334163393,0.00596242751221446,0.00644922400614193,0.999983499090573,0.999982827047742,0.999989105932207,0.0042648758906936,0.999986344456807,0.00426487589231018,0.174958844405938,0.00426487598310843,0.0072611593538677,0.00650045131427301,0.0154152593511434,0.999983074375077,0.00542193138910875,0.00675594366956936,0.005762930409297,0.00577436526613712,0.999982293876562,0.00597729913869222,0.00704662918168584,0.00606924305179208,0.00678435120474872,0.139583597900847,0.0241379350628098,0.0237616252760094,0.12294498984642,0.00674822648776973,0.00468288852672738,0.999987151934489,0.0276794717043099,0.00940390875858365,0.00580964087977839,0.0061862318075543,0.999985204403895,0.00663830058996527,0.00605258157369317,0.125648718235128,0.00656414159917358,0.999988492917684,0.00415522914799305,0.0340755759821759,0.00596106822756435,0.99997189792144,0.999988815179158,0.999984123440581,0.999988465888359,0.999985838996644,0.00498742266399294,0.999986731428144,0.00576567033935292,0.00585988466323412,0.00635886669986707,0.390150228613789,0.00376936215102059,0.999977232637101,0.00534387071868599,0.00426487590029789,0.0059015781115543,0.999981463169868,0.999987011054878,0.999990132859542,0.0477366462444425,0.00720517083654686,0.999985155523529,0.00436961459742764,0.00610493554529407,0.00853872804810165,0.35669542137422,0.0120353119091284,0.134135182165362,0.00721639727467256,0.0224702098720321,0.42192091806421,0.0558300189263183,0.999992484919033,0.00498742253992704,0.999980404045836,0.00562222879618039,0.0053049565752603,0.099041787085872,0.00611028357352543,0.0107310052794949,0.0141247805905699,0.00547054694339235,0.00426487589875745,0.00565333032123647,0.00483261633694153,0.0384617645359965,0.999997080155285,0.999980404171873,0.0230629992969103,0.0935854458700992,0.0109898646238901,0.26037264786581,0.00426487590061151,0.999991386873717,0.999968227542196,0.999983587388983,0.0161537212923761,0.999989614918297,0.00426487589068252,0.999989346367373,0.00426487585993745,0.717372243133552,0.0166027343789285,0.00595934020611401,0.00426487589188586,0.999983264634242,0.00426487589061903,0.999989029195951,0.999985600014599,0.999994453743025,0.00426487589536909,0.999991982787487,0.0683235250923932,0.00491581538312429,0.999986236836281,0.0313225566437109,0.00653819395686069,0.0261851081881983,0.999990161553446,0.598983142514414,0.99998228088355,0.00530253526538151,0.00559166917608739,0.00566506910682744,0.436802010459677,0.999987925915432,0.999986205529261,0.999986240179103,0.00516353852720011,0.999986159179161,0.00426487589053837,0.999989289651303,0.999996133089108,0.999985586042675,0.999986718265098,0.865159920240558,0.70142238027618,0.999983846117521,0.999988336187314,1.00000109054651,0.99999165779726,0.99998049298358,0.999986598186867,0.999992719850387
0.999973265361481,0.00548557545029773,0.99997530404106,0.00514753342377249,0.0049747841191845,0.00506109884264935,0.00531908232766341,0.00497334856205174,0.0053940824802166,0.00502544188230169,0.00537568343916514,0.00519224283630383,0.999988827388138,0.999969592229126,0.00501546513637614,0.00499769049953576,0.999972493016419,0.999964502159638,0.00496957588812378,0.00497625285291263,0.999966847784054,0.999980672216405,0.999980555621351,0.999968334096798,0.999973265528487,0.999964907087012,0.999973268775881,0.00513667919331286,0.999973451172708,0.00499556316660313,0.00498218203870567,0.0050758209767118,0.999975169247264,0.999973807238782,0.974613441527703,0.659090082832471,0.00497417341629557,0.00520797451659221,0.00498576219646834,0.00496524302775822,0.00500997393286158,0.00500933988281206,0.00534950995695185,0.00510152347802529,0.00514735240997698,0.830044268046764,0.00496899917105532,0.613917311563975,0.00524578622379319,0.00509079521933634,0.00501526706216604,0.841321506147503,0.00497871556194793,0.00501825807035214,0.00498514535757139,0.00521695166462818,0.00519088633741067,0.00498446789984399,0.999977372424319,0.00496405730335322,0.00517506404032891,0.00573408253897167,0.999989330852118,0.00595281891065888,0.999984751579667,0.00516853373774926,0.0052320072578164,0.00498075551401423,0.0049866181568533,0.553540715854041,0.999971537305256,0.99996860311153,0.999982709469158,0.00457819030638077,0.999987680867925,0.999974157587144,0.999973284821703,0.00498540580016166,0.999987174507107,0.00924940312513841,0.999981663327602,0.00498191851651528,0.00530256678081997,0.00585115222380844,0.00503489441194038,0.00497926424300496,0.00501114457513983,0.00536572755980772,0.00504788031988583,0.00503319037041898,0.0050220110089068,0.00518716216085642,0.00529771591170881,0.00516802275756937,0.999964434126745,0.00498075547301084,0.00538851898871554,0.00497813510957308,0.00496899634874017,0.00538859916931896,0.00497996376173951,0.00528119922337844,0.00503232162421349,0.00503068347602293,0.999973281727261,0.999966510650872,0.99997318699163,0.00521917805875405,0.999964622878033,0.00538851898881304,0.00514807615608262,0.0051675788112879,0.00503171116208602,0.00542492118269739,0.999973285451721,0.999965340459901,0.999984710342958,0.999964671562966,0.00507000238683199,0.999964610221393,0.999973265506222,0.999965061912678,0.999973203745075,0.99996646975554,0.0050477456942934,0.00499408719105321,0.9999732679235,0.999964908542641,0.999973265378679,0.999964717430521,0.999964824548084,0.999966223499037,0.999973274920672,0.999965824447953,0.00520011082988297,0.0049647040975287,0.00498661795408119,0.00513111352989638,0.00498296323413431,0.00509918667445749,0.999964515100777,0.00522418509312359,0.00528995659409351,0.99996778567911,0.00497215814578362,0.0049729680173191,0.999981255987094,0.99996468833055,0.496480349259232,0.00498661795545168,0.999975079154374,0.00498661792224343,0.999973265216646,0.999965037074144,0.999966841952826,0.999964914414807,0.999964934475546,0.999967122253527,0.99997285214189,0.99997119035786,0.999965367899926,0.999967807595277,0.999964774390573,0.999964789831349,0.999964883700492,0.999965321002587
0.00432541837381081,0.00428275561767396,0.0213104624059002,0.999987600363155,0.999975215447305,0.019534281925576,0.999988696695685,0.999976043252199,0.999988102666023,0.0364000358096428,0.999985729330785,0.999986491738326,0.999982407495794,0.00490577488964955,0.999991268909106,0.999979808532889,0.00468047441193375,0.00504040464205254,0.999978985020617,0.999988389829459,0.999985036676347,0.999987065249918,0.551541254195371,0.568599205928485,0.00432541837389395,0.00505139651749668,0.00432541837551052,0.999988315197192,0.00432541846630877,0.999980059115438,0.9999718324038,0.999985373786789,0.999989339221094,0.558153585244535,0.999986262658839,0.00491518227940916,0.999975703284451,0.00445968884443237,0.999975661745636,0.00421695735559839,0.999976922565528,0.999981647768398,0.999986694009331,0.99998642893906,0.999985795375941,0.00467940946975047,0.0144437255969233,0.596969564648307,0.177989057441873,0.999990140774548,0.999983866926545,0.00500842147572335,0.999971690998682,0.00426753732211771,0.999976099006882,0.999982595467382,0.999985884746705,0.99997584563462,0.999988445945718,0.00421577163119339,0.99998690258402,0.983493709959323,1.00002480879971,0.00433105565356469,0.999985184255681,0.00431496031516111,0.290466733268169,0.00420152659960126,0.00423833248469347,0.554717808876822,0.749709983499621,0.999983905495375,0.400357935448817,0.00382990463422094,0.999983932658087,0.520091141065466,0.00432541838349823,0.999977475819656,0.999983316703088,0.218390008142082,0.999985520427333,0.00423363284435544,0.816829495504134,0.855880959012328,0.00428116192597696,0.999975523852512,0.999980328208009,0.999990534033577,0.999984569517465,0.0321554412472064,0.999982277927887,0.999988482609852,0.999988321277473,0.999986760394462,0.00507879269997287,0.0042015265617496,0.0046093025729314,0.999980004680084,0.999979381666096,0.99998711239894,0.999972256800615,0.999990368276855,0.999988702032507,0.999978437535615,0.00432541838195779,0.00474626622723223,0.00449693471406032,0.9999879953149,0.00511033159396383,0.00460930257302538,0.99998842051556,0.999984327486228,0.999978684608152,0.999982903019357,0.00432541838381185,0.00508366561022734,0.00463058571030393,0.00503605472273417,0.999988652602355,0.00506429963542884,0.00432541837388286,0.00506921745063283,0.00432541834313779,0.0049522181741174,0.999988693002578,0.999975215413279,0.0043254183750862,0.00503807593578558,0.00432541837381937,0.00506235574994863,0.00504694733102639,0.00511300078030102,0.00432541837856943,0.00509383007950137,0.99998676002723,0.999981240291287,0.00423833228192136,0.99998936950647,0.999977141911426,0.999983678511496,0.0050662375011051,0.00444496356563981,0.00451832566218996,0.00463988417376305,0.999976252321202,0.999976609955981,0.363920501519902,0.00505588937743013,0.49849059587113,0.00423833228329185,0.429539776988041,0.0042383322500836,0.00432541837373871,0.00506861404183173,0.00513147625463245,0.00504826459290507,0.00505343796420934,0.00505035274995976,0.00454175232625765,0.00465002976538758,0.00506788382475513,0.0109664175280672,0.0050778481480628,0.00502256212700741,0.00505211721667742,0.00509080924886672
0.00412225066785655,0.0100535286214136,0.00412869425299377,0.00421283817705319,0.00402624192407077,0.0057285633583231,0.00563115548871991,0.00402458113920504,0.0202108046651913,0.00407398850418759,0.0106294827931783,0.00427251508742542,0.999986874547108,0.728156880062185,0.0187821563395099,0.00405241511966511,0.517713462708261,0.999980648936564,0.00402021651650763,0.00402794025603229,0.999974034131845,0.999985212302633,0.999985949222078,0.999982752927087,0.00412225066793969,0.999980657213332,0.00412225066955626,0.00420321871603353,0.00412225076035451,0.00404948921976404,0.00403480046698679,0.00413447699726396,0.999985024800671,0.553267948037927,0.988378645159123,0.999975088017468,0.00402553539857857,0.00425652113847811,0.00403745898216803,0.00401378964964413,0.00406178923199635,0.00406240754192144,0.00837819256956331,0.00417240534557296,0.00422397809538203,0.999978389002184,0.00401754579294123,0.00454026330397346,0.00459271708826245,0.0101771187889391,0.0040729078847073,0.960105477189816,0.00403079025443273,0.082442741429986,0.00403799980068126,0.0042683756541629,0.00426947775651248,0.00403719376966239,0.999984512151585,0.00401260392523913,0.0042487148466325,0.999976824589706,0.999951799380396,0.0791450515301707,0.999986119236805,0.209651766799822,0.00430284175014779,0.999975844667562,0.0040351647787392,0.999977711718867,0.749467041382023,0.999975260915362,0.406447045075294,0.00362673692826667,0.999987297268216,0.517675796617723,0.00412225067754397,0.00403697071764573,0.999986258734411,0.322231082666862,0.999984825143947,0.00403046513840118,0.00435585769354242,0.0229575312901589,0.179395883444202,0.00403119572843741,0.00406727877301883,0.00518653764214902,0.00805726441479967,0.015180178954703,0.00407581246349702,0.00425036345468503,0.00437196989123708,0.00424753203048845,0.999980006626233,0.999975743184146,0.999981324306709,0.00402922396126391,0.00401954604819066,0.0045253138892062,0.00403190338083685,0.00514577497110037,0.0040924978861711,0.00408141497872539,0.00412225067600353,0.999969231672589,0.380620547337606,0.00429329298673643,0.999979804688119,0.999981324420341,0.00422101336066038,0.00424458526337864,0.00409209821603071,0.0489801467894646,0.00412225067785759,0.999980180951818,0.00459158668003716,0.999980834541613,0.00413226683272291,0.999980250161551,0.0041222506679286,0.999980348676323,0.00412225063718353,0.999980248061521,0.00411029500953815,0.00404573798681656,0.00412225066913194,0.99998097338895,0.00412225066786511,0.999980325026957,0.999980704534379,0.999979895357374,0.00412225067261517,0.99998018989067,0.00525183202371401,0.00401458041289222,0.0040351645759671,0.0106532965511656,0.00403564633519403,0.0041695513457832,0.999980189053194,0.999981516789667,0.755734576583072,0.745452952776445,0.00402320398431315,0.00402414086929611,0.450322039266803,0.999980434678006,0.507935659623738,0.00403516457733759,0.427419244241592,0.00403516454412934,0.00412225066778445,0.999980347653654,0.999979617926927,0.999980736834317,0.999980627050303,0.999980965559858,0.0044492675549405,0.00457999441218407,0.999980569109502,0.999981635117815,0.999980089183987,0.999981153491151,0.999980624856645,0.999980036030437
0.00308731253837694,0.111658385156782,0.00309375612351416,0.217848082340967,0.00297388207932639,0.999984812587074,0.497953358496025,0.00297356914975973,0.309166923106372,0.99998393058676,0.26540564446663,0.00304771775669662,0.00440971767763848,0.734641543244647,0.0484644473583448,0.008351793574824,0.00344236857649989,0.00380229880661867,0.00297274699172751,0.00297420640111856,0.00386609332024137,0.00430029571508592,0.0041383454045797,0.00404627792255649,0.00308731253846008,0.00381329068206282,0.00308731254007665,0.00306060367476545,0.00308731263087491,0.0160138845968964,0.00297549497495327,0.139880015576615,0.00425813402825635,0.537075932833733,0.961165350281026,0.941585610910742,0.00297374899566521,0.575401161525224,0.0274211018340224,0.999982341594546,0.0880725697893964,0.065785188417672,0.0212440565169489,0.00300380392861227,0.0307560530781745,0.00738513451875945,0.99998349980235,0.999983549880679,0.124925849145109,0.0532080377820738,0.00572780955545862,0.999982886527382,0.00297473870082273,0.00302943148668385,0.00674345729092871,0.629715963883163,0.00418619677457138,0.00711128280769399,0.0042986203814477,0.999980349064755,0.13874499880881,0.984710956263787,0.00438209301982971,0.169635574477878,0.0043607322327086,0.00307685447972725,0.00313452384594757,0.00296342076416739,0.0030002266492596,0.628439819618152,0.751321935951331,0.999984675600163,0.00358857104876587,0.00259179879878707,0.00437043842020941,0.501250055079429,0.00308731254806436,0.0286714052359614,0.0043609289387231,0.00324424151764133,0.00435363803170156,0.999982087713171,0.999982401203568,0.103464546756707,0.999981617240334,0.00675029586112427,0.0199058332341163,0.553338718241005,0.011074855700236,0.999985111862011,0.086453818534908,0.348253355877407,0.0354332518969829,0.00445686417306518,0.003840686864539,0.00296342072631573,0.00337119673749753,0.0177157345260951,0.00297262067950996,0.546523420094405,0.00842823093630268,0.692400598066188,0.0045803726935668,0.159486121586679,0.00308731254652393,0.00350816039179836,0.00325882887862645,0.24084236872454,0.00387222575852997,0.00337119673759151,0.0919310519077798,0.00303933181595097,0.00298630207593682,0.00487129438732925,0.00308731254837799,0.00384555977479348,0.00339247987487006,0.00379794888730031,0.0667485728109381,0.00382619379999497,0.003087312538449,0.00383111161519896,0.00308731250770392,0.00371411233868354,0.00417510555750487,0.0497062153142471,0.00308731253965233,0.00379997010035171,0.0030873125383855,0.00382424991451476,0.00380884149559253,0.00387489494486716,0.00308731254313557,0.0038557242440675,0.00865570926780284,0.00297168485127819,0.0030002264464875,0.0117593515936426,0.00392425456015809,0.00300404504352805,0.00382813166567123,0.00320685773020594,0.0032802198267561,0.00340177833832919,0.00297330951552241,0.00297348629984651,0.00354915597035841,0.00381778354199626,0.00369169393385951,0.00300022644785798,0.430243463899713,0.00300022641464973,0.00308731253830484,0.00383050820639786,0.00389337041919858,0.0038101587574712,0.00381533212877547,0.0038122469145259,0.00330364649082379,0.00341192392995372,0.00382977798932127,0.0038951382619067,0.00383974231262893,0.00378445629157355,0.00381401138124355,0.00385270341343285
0.00308731253837694,0.111658385156782,0.00309375612351416,0.217848082340967,0.00297388207932639,0.999984812587074,0.497953358496025,0.00297356914975973,0.309166923106372,0.99998393058676,0.26540564446663,0.00304771775669662,0.00440971767763848,0.734641543244647,0.0484644473583448,0.008351793574824,0.00344236857649989,0.00380229880661867,0.00297274699172751,0.00297420640111856,0.00386609332024137,0.00430029571508592,0.0041383454045797,0.00404627792255649,0.00308731253846008,0.00381329068206282,0.00308731254007665,0.00306060367476545,0.00308731263087491,0.0160138845968964,0.00297549497495327,0.139880015576615,0.00425813402825635,0.537075932833733,0.961165350281026,0.941585610910742,0.00297374899566521,0.575401161525224,0.0274211018340224,0.999982341594546,0.0880725697893964,0.065785188417672,0.0212440565169489,0.00300380392861227,0.0307560530781745,0.00738513451875945,0.99998349980235,0.999983549880679,0.124925849145109,0.0532080377820738,0.00572780955545862,0.999982886527382,0.00297473870082273,0.00302943148668385,0.00674345729092871,0.629715963883163,0.00418619677457138,0.00711128280769399,0.0042986203814477,0.999980349064755,0.13874499880881,0.984710956263787,0.00438209301982971,0.169635574477878,0.0043607322327086,0.00307685447972725,0.00313452384594757,0.00296342076416739,0.0030002266492596,0.628439819618152,0.751321935951331,0.999984675600163,0.00358857104876587,0.00259179879878707,0.00437043842020941,0.501250055079429,0.00308731254806436,0.0286714052359614,0.0043609289387231,0.00324424151764133,0.00435363803170156,0.999982087713171,0.999982401203568,0.103464546756707,0.999981617240334,0.00675029586112427,0.0199058332341163,0.553338718241005,0.011074855700236,0.999985111862011,0.086453818534908,0.348253355877407,0.0354332518969829,0.00445686417306518,0.003840686864539,0.00296342072631573,0.00337119673749753,0.0177157345260951,0.00297262067950996,0.546523420094405,0.00842823093630268,0.692400598066188,0.0045803726935668,0.159486121586679,0.00308731254652393,0.00350816039179836,0.00325882887862645,0.24084236872454,0.00387222575852997,0.00337119673759151,0.0919310519077798,0.00303933181595097,0.00298630207593682,0.00487129438732925,0.00308731254837799,0.00384555977479348,0.00339247987487006,0.00379794888730031,0.0667485728109381,0.00382619379999497,0.003087312538449,0.00383111161519896,0.00308731250770392,0.00371411233868354,0.00417510555750487,0.0497062153142471,0.00308731253965233,0.00379997010035171,0.0030873125383855,0.00382424991451476,0.00380884149559253,0.00387489494486716,0.00308731254313557,0.0038557242440675,0.00865570926780284,0.00297168485127819,0.0030002264464875,0.0117593515936426,0.00392425456015809,0.00300404504352805,0.00382813166567123,0.00320685773020594,0.0032802198267561,0.00340177833832919,0.00297330951552241,0.00297348629984651,0.00354915597035841,0.00381778354199626,0.00369169393385951,0.00300022644785798,0.430243463899713,0.00300022641464973,0.00308731253830484,0.00383050820639786,0.00389337041919858,0.0038101587574712,0.00381533212877547,0.0038122469145259,0.00330364649082379,0.00341192392995372,0.00382977798932127,0.0038951382619067,0.00383974231262893,0.00378445629157355,0.00381401138124355,0.00385270341343285
1.00001260181475,0.0054856770503188,1.00001464031854,0.0051130144408135,0.00496848289376809,0.00506084849992051,0.00527477101290877,0.00496750631296571,0.00531933353363269,0.00502507315939244,0.00528368404005004,0.00512722260403974,0.999792047775606,1.00004149511544,0.00501085040544399,0.00498473205277066,1.00005557522312,1.0000900439287,0.00496493993131083,0.00496948374481931,1.00005598808048,0.999924827005909,0.99992714766643,1.00007703475633,1.00001260198177,1.0000862874465,1.00001260522929,0.00509964395740877,1.00001278763339,0.0049842320653336,0.00497351565754366,0.00505485099550794,1.00000133433556,1.00003837752712,0.974705738383865,0.65916994587879,0.00496806746126721,0.00520760579368296,0.00497897396825114,0.00496487430484897,0.00500294419414828,0.00499975804459545,0.00524014853669492,0.00505563927193626,0.00508976326681075,0.830132727516745,0.00496863044814607,0.613941224332763,0.00519695172145346,0.00505664517983235,0.00499636588417523,0.841409461905119,0.0049711572231091,0.00502362043335276,0.00497599801778773,0.00521071934922459,0.00512929135878751,0.0049755825708559,0.999963133678172,0.00496368858044397,0.0051235372016367,0.00580569762140361,0.999774638096444,0.00595799973832288,0.999857183199637,0.00518320154650227,0.0051862195944694,0.00505321341920628,0.00498624943394405,0.553623171823219,1.00004845402206,1.00005624220029,0.999961480023173,0.00457782158347152,0.999824603911918,1.00003746918061,1.00001262127575,0.00497888629724263,0.999831540323815,0.00919715042777826,0.999884348351025,0.00498154979360603,0.00529252998919812,0.00568758622639318,0.00504734506587489,0.00497199773611108,0.00499531364542441,0.00534814861937173,0.00502001287403912,0.00503336386687508,0.0050109338186188,0.00515692967533563,0.00524495990718707,0.00510455734686706,1.00007138872448,0.00505321337078511,0.00546094747769493,0.00497258574886483,0.00496454568983704,0.00532736160236165,0.00497268067980125,0.00526248590014641,0.00500825364609631,0.00502586233259584,1.00001261818119,1.0000423557923,1.00001725889725,0.0051667054179523,1.00005701868566,0.00546094747780074,0.00509800351797729,0.00510921372950247,0.00500721362526649,0.00531324047855978,1.00001262190579,1.00007204191712,1.00005617161128,1.00009268841191,0.00504167904022088,1.00007893720363,1.0000126019595,1.00007811622025,1.00001254019589,1.00008019154783,0.00501884183173547,0.00498739268260994,1.00001260437687,1.00009271381194,1.00001260183195,1.0000802339569,1.00008812073876,1.00006097910821,1.00001261137432,1.00006894753272,0.00512843057857009,0.00496162568241231,0.00498624923117195,0.00507884161919781,0.00497416506070053,0.00505435642749198,1.00007769555348,0.00529662561277016,0.00534453222819039,1.00003343936269,0.00496669643868121,0.00496724747812147,1.00000751349222,1.00008326814266,0.496382229306383,0.00498624923254243,1.00003356703049,0.00498624919933418,1.00001260166991,1.00007832642407,1.00005440919047,1.00008784839509,1.00008540160342,1.00006985134081,1.00003384647934,1.00003657485232,1.00008004942653,1.0000517221442,1.00007288573157,1.00009919865397,1.00008583607963,1.00006843168686
0.00412224371469537,0.0100535214660031,0.00412868729983259,0.00421183187390346,0.00402606136619022,0.00572855396906182,0.00562985810314307,0.00402441401249572,0.0202085637662394,0.00407398155102641,0.0106267719712776,0.00427061621645629,0.99997978260092,0.728153941208961,0.0187819715019253,0.00405203974938579,0.517722430862549,0.999992209420012,0.00402008468991513,0.00402774600635123,0.999970555521673,0.999988045587318,0.999986536217991,0.999989770528646,0.0041222437147785,0.999990450220747,0.00412224371639508,0.00420213877896861,0.00412224380719333,0.00404916147101674,0.00403455069679675,0.00413386718288852,0.999988719674164,0.553265768175044,0.988375640658894,0.999971893563782,0.00402536055495787,0.00425651418531693,0.00403726417296866,0.00401378269648295,0.00406158735539804,0.00406213098241865,0.00837498181768646,0.00417106645826169,0.00422229668275126,0.999976771221771,0.00401753883978005,0.00454025635081228,0.00459129086471395,0.0101761013382629,0.00407235861038233,0.960102682856842,0.00403057290923979,0.0824426165390171,0.00403773595604516,0.0042681971128181,0.0042676791198368,0.00403693759233205,0.999984432369285,0.00401259697207795,0.00424721083715761,0.999975297045055,0.999951524721288,0.0791449485444536,0.999982971722792,0.209651452478471,0.00430150568799767,0.999974339043295,0.00403515782557802,0.999975135213008,0.749464394953043,0.999971544281839,0.406447156755017,0.00362672997510549,0.999984607578967,0.517673791766321,0.00412224372438279,0.00403678377224076,0.999985543196796,0.322228415020461,0.999981427605561,0.00403045818524,0.00435556782059254,0.0229526831236975,0.179395612686027,0.00403098692321607,0.00406681934435169,0.00518602427717836,0.00805643837176435,0.0151801474198559,0.00407549214502802,0.00424948258868159,0.00437042991228916,0.00424567865876027,0.999986477391338,0.999974237560032,0.999979819287787,0.00402906540544092,0.0040194196440302,0.0045235254991151,0.00403169409057468,0.00514522825284933,0.00409179741412056,0.00408127773295774,0.00412224372284235,0.999964435862664,0.38061790702532,0.00429176129995174,0.999981903532938,0.999979819401419,0.00421955190592264,0.00424288114420775,0.00409138517366641,0.0489767204743246,0.00412224372469641,0.999985442899272,0.00460994310998634,0.999992873172122,0.00413144183446234,0.999988547686481,0.00412224371476742,0.999987697998658,0.00412224368402235,0.999987745583436,0.00410945302345366,0.00404554592016893,0.00412224371597076,0.999992539093942,0.00412224371470393,0.999988813940149,0.999991151130914,0.999980664550068,0.00412224371945399,0.999983745298745,0.00524973472997772,0.00401449416514083,0.00403515762280592,0.0106517472383091,0.00403539270832457,0.00416824330081505,0.999988285274798,0.99998001152317,0.755733438951169,0.74544930279145,0.00402304799352568,0.0040239773042222,0.45032897625605,0.999989799029146,0.507934134042684,0.00403515762417641,0.427417535224953,0.00403515759096816,0.00412224371462327,0.999987792240891,0.999977467978804,0.999990935147431,0.999990129299335,0.99998154938365,0.00446164124092384,0.00459487921829249,0.999987833038188,0.999980568922935,0.999986498329487,0.999995018692686,0.999990343427219,0.999984386056658
0.0042648594971438,0.999986317884226,0.00427130308228102,0.0172756931378286,0.00582981852179218,0.225257401813074,0.0978261864255401,0.00569965464901241,0.213203734460186,0.124202013544603,0.097328317125338,0.104850934764071,0.999974026959195,0.00550602760280971,0.0521891292811902,0.0077198645221865,0.51064292904802,0.999990153905684,0.00535755522005424,0.00596251351912794,0.00643066915379571,0.99998192220197,0.999986163734131,0.999987434088076,0.00426485949722694,0.999988058360093,0.00426485949884351,0.174958951893425,0.00426485958964176,0.00726131834855019,0.00650056767584138,0.0154155570601108,0.999990976663298,0.00540609402922865,0.00674601243461728,0.00574890266911351,0.00577444066320072,0.99997940431446,0.0059773854515104,0.00704660444730549,0.00606933322856,0.00678448221280284,0.139585103072493,0.0241386264427544,0.023762514616155,0.122929545353289,0.00674820262539419,0.00468287213326071,0.999985082647358,0.0276800771816839,0.00940418886765405,0.00580147096517542,0.00618633044144662,0.999983800606792,0.00663842464643704,0.0060526589924086,0.125649380995307,0.00656426146370934,0.999977613293817,0.00415521275452638,0.0340763337391161,0.00597993493702226,0.99997470566618,0.999987358223939,0.999977116115724,0.999989474828997,0.999983712916025,0.00500629104273245,0.99998384121442,0.00576366567067904,0.00584449287231013,0.00633465042595586,0.390129120965717,0.00376934575755393,0.999982268458817,0.00532972388947877,0.00426485950683122,0.0059016601250105,0.999976424230475,0.999991421701364,0.999966538279918,0.0477365041302435,0.00720530912344441,0.999985373916982,0.00437292241404499,0.00610502951013895,0.00853895903597364,0.356694693439314,0.0120358149336123,0.134135005855468,0.00721655220700876,0.0224706432307469,0.42192057754669,0.0558309145504457,0.999974642088214,0.00500629091674304,0.999996394506972,0.00562229528823776,0.00530500548908147,0.0990425223716311,0.00611037780355604,0.0107312954643648,0.0141251339707656,0.00547060178463117,0.00426485950529079,0.00560815086618784,0.00479951352562644,0.0384625256595525,0.999962495109742,0.99999639463301,0.0230637643144595,0.0935861468053163,0.0109902342696454,0.260374661955117,0.00426485950714484,0.999976582158242,0.999976687583542,0.999992190320362,0.0161541404521473,0.999981387853673,0.00426485949721585,0.999981319267882,0.00426485946647078,0.717365927426024,0.0166031619362329,0.00595942501950048,0.00426485949841919,0.999992827417425,0.00426485949715236,0.999982657418947,0.999989287019895,0.99996857281666,0.00426485950190242,0.999974920379315,0.0683245423825784,0.00491584234228471,0.999983346623984,0.0313234649459827,0.00653831242698633,0.026185775938003,0.99998019576788,0.599000292865505,0.999993641029762,0.00526737873484962,0.00559173426576626,0.00566513833758597,0.436815370933937,0.999985207460747,0.999985428798649,0.999983349966796,0.00515079883482198,0.999983268967087,0.0042648594970717,0.999981460302734,0.999964220872792,0.999989266536571,0.999987430530673,0.865151167393343,0.701428004140878,0.999990160612056,0.999983867397889,0.999958689667657,0.999976347158436,0.999996719506412,0.99998766097886,0.999973296906186
0.00432541837381081,0.00428275561767396,0.0213104624059002,0.999987600363155,0.999975215447305,0.019534281925576,0.999988696695685,0.999976043252199,0.999988102666023,0.0364000358096428,0.999985729330785,0.999986491738326,0.999982407495794,0.00490577488964955,0.999991268909106,0.999979808532889,0.00468047441193375,0.00504040464205254,0.999978985020617,0.999988389829459,0.999985036676347,0.999987065249918,0.551541254195371,0.568599205928485,0.00432541837389395,0.00505139651749668,0.00432541837551052,0.999988315197192,0.00432541846630877,0.999980059115438,0.9999718324038,0.999985373786789,0.999989339221094,0.558153585244535,0.999986262658839,0.00491518227940916,0.999975703284451,0.00445968884443237,0.999975661745636,0.00421695735559839,0.999976922565528,0.999981647768398,0.999986694009331,0.99998642893906,0.999985795375941,0.00467940946975047,0.0144437255969233,0.596969564648307,0.177989057441873,0.999990140774548,0.999983866926545,0.00500842147572335,0.999971690998682,0.00426753732211771,0.999976099006882,0.999982595467382,0.999985884746705,0.99997584563462,0.999988445945718,0.00421577163119339,0.99998690258402,0.983493709959323,1.00002480879971,0.00433105565356469,0.999985184255681,0.00431496031516111,0.290466733268169,0.00420152659960126,0.00423833248469347,0.554717808876822,0.749709983499621,0.999983905495375,0.400357935448817,0.00382990463422094,0.999983932658087,0.520091141065466,0.00432541838349823,0.999977475819656,0.999983316703088,0.218390008142082,0.999985520427333,0.00423363284435544,0.816829495504134,0.855880959012328,0.00428116192597696,0.999975523852512,0.999980328208009,0.999990534033577,0.999984569517465,0.0321554412472064,0.999982277927887,0.999988482609852,0.999988321277473,0.999986760394462,0.00507879269997287,0.0042015265617496,0.0046093025729314,0.999980004680084,0.999979381666096,0.99998711239894,0.999972256800615,0.999990368276855,0.999988702032507,0.999978437535615,0.00432541838195779,0.00474626622723223,0.00449693471406032,0.9999879953149,0.00511033159396383,0.00460930257302538,0.99998842051556,0.999984327486228,0.999978684608152,0.999982903019357,0.00432541838381185,0.00508366561022734,0.00463058571030393,0.00503605472273417,0.999988652602355,0.00506429963542884,0.00432541837388286,0.00506921745063283,0.00432541834313779,0.0049522181741174,0.999988693002578,0.999975215413279,0.0043254183750862,0.00503807593578558,0.00432541837381937,0.00506235574994863,0.00504694733102639,0.00511300078030102,0.00432541837856943,0.00509383007950137,0.99998676002723,0.999981240291287,0.00423833228192136,0.99998936950647,0.999977141911426,0.999983678511496,0.0050662375011051,0.00444496356563981,0.00451832566218996,0.00463988417376305,0.999976252321202,0.999976609955981,0.363920501519902,0.00505588937743013,0.49849059587113,0.00423833228329185,0.429539776988041,0.0042383322500836,0.00432541837373871,0.00506861404183173,0.00513147625463245,0.00504826459290507,0.00505343796420934,0.00505035274995976,0.00454175232625765,0.00465002976538758,0.00506788382475513,0.0109664175280672,0.0050778481480628,0.00502256212700741,0.00505211721667742,0.00509080924886672
0.00426488690548079,0.999990896704884,0.00427133049061801,0.0172748335586008,0.00582968905888884,0.22525843192931,0.0978253957998931,0.00569953732267136,0.213202149911597,0.124202613803207,0.097326029682794,0.104849645707392,0.999990005715328,0.00554352929320937,0.0521887612148228,0.00771955902453748,0.510655916891729,0.999981449606545,0.00535746979130866,0.00596237168415467,0.00646198732331622,0.99998446327862,0.999980346060345,0.999990007783474,0.00426488690556393,0.999984888463931,0.0042648869071805,0.174958775292471,0.00426488699797875,0.00726105588227049,0.00650037567189151,0.0154150653569911,0.999977351584322,0.00543288196331945,0.00676268904596189,0.00577253203184873,0.00577431636376895,0.99998418495401,0.0059772431109499,0.00704664565444663,0.00606918450181575,0.00678426600171889,0.139582612048496,0.0241374841036181,0.0237610450791934,0.122955573406105,0.00674824238993275,0.0046828995415977,0.999988507217452,0.0276790705185054,0.00940372622829002,0.00581516078078576,0.00618616773710065,0.999986043218351,0.00663821992465427,0.00605253135167039,0.125648286403254,0.00656406367019309,0.99999589261947,0.00415524016286337,0.0340750817327254,0.0059477066196653,0.999969931932768,0.999989691832756,0.999988908121551,0.999987596006984,0.999987231644904,0.00497405917492938,0.999988622931982,0.00576687858916934,0.00587048670277696,0.00637558110850999,0.390164920591374,0.00376937316589092,0.999973648587506,0.0053536479383152,0.00426488691516821,0.00590152489026594,0.999984915282351,0.99998380235956,1.00000646375042,0.0477367395248788,0.00720508088217507,0.999984998731799,0.00436727135245514,0.00610487452261048,0.0085385775821893,0.356695897646802,0.0120349797178356,0.134135286493266,0.00721629645481481,0.022469927351029,0.421921142503731,0.0558294347671524,1.00000467058864,0.00497405905222575,0.999968924137723,0.00562218570664913,0.00530492496010844,0.0990413077282341,0.00611022237773904,0.0107308153285679,0.01412455024672,0.00547051145905599,0.00426488691362778,0.00568467910842619,0.00485565303185043,0.0384612681076714,1.00002093697485,0.999968924263758,0.0230625002594508,0.0935849889761072,0.0109896236475793,0.260371287747184,0.00426488691548184,1.00000144512571,0.999962279954813,0.999977331116004,0.0161534480138765,0.999995094096655,0.00426488690555284,0.99999468139147,0.00426488687480777,0.717376419561038,0.0166024556202667,0.00595928515714158,0.00426488690675618,0.999976335799417,0.00426488690548935,0.999993213642903,0.999982769212233,1.0000122257127,0.00426488691023941,1.00000360958656,0.0683228605429316,0.00491579809910922,0.999988128339185,0.0313219573299663,0.00653811693809615,0.0261846726645979,0.99999685401164,0.598970903462378,0.999974080193358,0.00532693576129035,0.00559162700197351,0.00566502422958005,0.436792633664316,0.99998956322468,0.999986663379801,0.999988131682014,0.00517235070012196,0.999988050681918,0.00426488690540869,0.999994487028867,1.00001810313456,0.999982758607018,0.999985960384123,0.865165747026041,0.701418422785027,0.999979380367679,0.999991185857025,1.00003039056542,1.00000207481583,0.999968921455159,0.999985596544084,1.00000599890969
0.999980393196939,0.00548573557470602,0.999982431844693,0.00514104769765113,0.00497360780950174,0.00506109797383617,0.00531078240748309,0.0049722586127564,0.00538038583853396,0.00502538182454951,0.00535852273521985,0.00518001803491349,0.999953176250238,0.999979405709861,0.00501494169990359,0.00499526157577086,0.999981465187287,0.999992542235557,0.00496871291320849,0.00497498850703592,0.999985227224387,0.999972143290639,0.999977516434266,0.999992910853687,0.999980393363947,0.999991744239791,0.999980396611364,0.00512972001232074,0.999980579009507,0.00499344044204321,0.00498056070440405,0.00507188461308095,0.999989821231604,0.999983614078754,0.974637069870683,0.659109347863303,0.00497303384843423,0.00520791445884003,0.00498449425297406,0.00496518297000605,0.0050086605470675,0.0050075462973056,0.00532903150805396,0.00509289928634996,0.00513652583261466,0.8300630825334,0.00496893911330315,0.613921647224517,0.00523661316947692,0.00508451620402686,0.00501171996184823,0.841345008329454,0.00497730271544399,0.00502106349982171,0.00498343352672311,0.00521578832096352,0.00517930602727588,0.00498280536860512,0.999975481894886,0.00496399724560105,0.00516537813826588,0.00577025933873513,0.999950482915959,0.00595550486236838,0.999962450157104,0.00517598853992269,0.00522340123149743,0.00501710806209434,0.00498655809910113,0.553567181882773,0.999986316733554,0.999983563816823,0.9999675405961,0.00457813024862859,0.999963980609939,0.999984231434877,0.999980412657302,0.00498418841966883,0.999957454359313,0.00924681106907354,0.999956738793769,0.0049818584587631,0.00530068759187444,0.00582079509500727,0.00504124391794527,0.00497790630721897,0.00500817516873123,0.00536244666599164,0.00504273614267724,0.00503348540038913,0.00501993605990584,0.00518148297649969,0.0052877987314072,0.00515609050937525,0.999979705145111,0.00501710801738213,0.00542485682897538,0.00497710026977272,0.00496816823923779,0.00537708743857991,0.0049786027072148,0.00527770587079504,0.00502780234552592,0.00502978565663597,0.999980409562837,0.999967608097434,0.999967428123059,0.00520931419580024,0.999970908244866,0.00542485682907704,0.00513866387450447,0.0051566062343275,0.00502711105819354,0.0054049303703224,0.999980413287324,0.999983442372042,0.99998869535535,0.999994938312134,0.00506468242356132,0.999985452279736,0.999980393341681,0.999986611055604,0.999980331580088,0.999988554741127,0.00504231650189968,0.00499283688174931,0.999980395758977,0.999996124240768,0.999980393214138,0.999986730941844,0.999992637735223,0.999979340193938,0.999980402756199,0.999983384284614,0.00518665496373184,0.00496413418762664,0.00498655789632902,0.00512143446232554,0.00498131710197081,0.00509076079435555,0.999984272461188,0.00526052894860003,0.00531736818052607,0.999969417610652,0.00497113979877136,0.00497190096879755,0.999990954436497,0.999988709701192,0.496463921566052,0.00498655789769951,0.999983922080819,0.00498655786449126,0.999980393052103,0.999986666197022,0.999977527459626,0.999992871936466,0.999991251548065,0.999991956250929,0.999977860942882,0.99997576888611,0.999989435063106,0.999970558691239,0.999981837811139,0.99999924664667,0.999991314091107,0.999980767999126
0.00432541837381081,0.00428275561767396,0.0213104624059002,0.999987600363155,0.999975215447305,0.019534281925576,0.999988696695685,0.999976043252199,0.999988102666023,0.0364000358096428,0.999985729330785,0.999986491738326,0.999982407495794,0.00490577488964955,0.999991268909106,0.999979808532889,0.00468047441193375,0.00504040464205254,0.999978985020617,0.999988389829459,0.999985036676347,0.999987065249918,0.551541254195371,0.568599205928485,0.00432541837389395,0.00505139651749668,0.00432541837551052,0.999988315197192,0.00432541846630877,0.999980059115438,0.9999718324038,0.999985373786789,0.999989339221094,0.558153585244535,0.999986262658839,0.00491518227940916,0.999975703284451,0.00445968884443237,0.999975661745636,0.00421695735559839,0.999976922565528,0.999981647768398,0.999986694009331,0.99998642893906,0.999985795375941,0.00467940946975047,0.0144437255969233,0.596969564648307,0.177989057441873,0.999990140774548,0.999983866926545,0.00500842147572335,0.999971690998682,0.00426753732211771,0.999976099006882,0.999982595467382,0.999985884746705,0.99997584563462,0.999988445945718,0.00421577163119339,0.99998690258402,0.983493709959323,1.00002480879971,0.00433105565356469,0.999985184255681,0.00431496031516111,0.290466733268169,0.00420152659960126,0.00423833248469347,0.554717808876822,0.749709983499621,0.999983905495375,0.400357935448817,0.00382990463422094,0.999983932658087,0.520091141065466,0.00432541838349823,0.999977475819656,0.999983316703088,0.218390008142082,0.999985520427333,0.00423363284435544,0.816829495504134,0.855880959012328,0.00428116192597696,0.999975523852512,0.999980328208009,0.999990534033577,0.999984569517465,0.0321554412472064,0.999982277927887,0.999988482609852,0.999988321277473,0.999986760394462,0.00507879269997287,0.0042015265617496,0.0046093025729314,0.999980004680084,0.999979381666096,0.99998711239894,0.999972256800615,0.999990368276855,0.999988702032507,0.999978437535615,0.00432541838195779,0.00474626622723223,0.00449693471406032,0.9999879953149,0.00511033159396383,0.00460930257302538,0.99998842051556,0.999984327486228,0.999978684608152,0.999982903019357,0.00432541838381185,0.00508366561022734,0.00463058571030393,0.00503605472273417,0.999988652602355,0.00506429963542884,0.00432541837388286,0.00506921745063283,0.00432541834313779,0.0049522181741174,0.999988693002578,0.999975215413279,0.0043254183750862,0.00503807593578558,0.00432541837381937,0.00506235574994863,0.00504694733102639,0.00511300078030102,0.00432541837856943,0.00509383007950137,0.99998676002723,0.999981240291287,0.00423833228192136,0.99998936950647,0.999977141911426,0.999983678511496,0.0050662375011051,0.00444496356563981,0.00451832566218996,0.00463988417376305,0.999976252321202,0.999976609955981,0.363920501519902,0.00505588937743013,0.49849059587113,0.00423833228329185,0.429539776988041,0.0042383322500836,0.00432541837373871,0.00506861404183173,0.00513147625463245,0.00504826459290507,0.00505343796420934,0.00505035274995976,0.00454175232625765,0.00465002976538758,0.00506788382475513,0.0109664175280672,0.0050778481480628,0.00502256212700741,0.00505211721667742,0.00509080924886672
0.00412222791964335,0.0100535224732236,0.00412867150478057,0.00421091994901691,0.00402588989758015,0.00572854433319118,0.00562869156160964,0.00402425458778758,0.0202066258394285,0.00407396575597439,0.0106243633308394,0.00426890391466331,0.999975649289726,0.728160115193452,0.0187818720373299,0.00405169359002207,0.517719184836515,0.999988375617477,0.00401995691927035,0.00402756226012965,0.999977867594837,0.999982669729387,0.999982424663736,0.999988925683678,0.00412222791972648,0.999987945396138,0.00412222792134306,0.00420116082561458,0.00412222801214131,0.00404885801448595,0.00403431716462923,0.00413331079452448,0.99998564546406,0.553270352103835,0.988382060211489,0.999978815552266,0.00402519421039723,0.00425649839026491,0.00403707992501991,0.00401376690143092,0.00406139677002285,0.00406187342793394,0.00837211337226607,0.00416985630093099,0.00422077937861375,0.9999827607153,0.00401752304472803,0.00454024055576026,0.00459000380707282,0.0101752104485075,0.0040718565090509,0.960108818785301,0.00403036845297922,0.0824428989256159,0.00403748980314299,0.00426802745246128,0.00426605669940852,0.00403669831480039,0.999983778113121,0.00401258117702592,0.00424585261268442,0.999979046797936,0.99994075488909,0.0791452067835687,0.999979001448922,0.209652217347277,0.00430029806402489,0.999978112331941,0.004035142030526,0.999980904798736,0.74947003484916,0.999979439481292,0.406446447605153,0.00362671418005347,0.999977678217985,0.517678013836538,0.00412222792933076,0.00403660657585638,0.999978428884405,0.322227618046147,0.999980421142836,0.00403044239018798,0.00435529832777063,0.0229484188024889,0.179396263868055,0.00403079012485655,0.00406639780876338,0.00518555831268551,0.00805570843170685,0.0151801667811403,0.00407519535132222,0.00424868314487818,0.00436903943353241,0.00424400715671483,0.999987318734872,0.999978010848291,0.999983591045941,0.00402891366635548,0.00401929673574913,0.00452191256738145,0.0040314968572729,0.00514473260273094,0.00409115973186718,0.00408114510286973,0.00412222792779033,0.999974344302634,0.380623177737408,0.00429037825688312,0.999986579979831,0.999983591159574,0.00421823184082304,0.00424134347882715,0.00409073621945292,0.0489738675850332,0.00412222792964439,0.999986860137493,0.00459754552189461,0.999988506549722,0.00413069248797394,0.999987621002282,0.0041222279197154,0.999987361002549,0.00412222788897032,0.999987258289218,0.00410868844376766,0.00404536413150117,0.00412222792091874,0.999988412233729,0.00412222791965191,0.999987648445326,0.999988106448606,0.999985635612556,0.00412222792440197,0.999986389240276,0.00524784948964916,0.00401440726562208,0.0040351418277539,0.010650381621422,0.00403515571782359,0.00416706080020537,0.999987596333718,0.999983783907266,0.755736281846308,0.745456820461973,0.00402289855454018,0.0040238210732778,0.45032272441167,0.999987846579097,0.507930217993356,0.00403514182912438,0.427421115602035,0.00403514179591614,0.00412222791957125,0.999987382234057,0.999984674474534,0.999988048592942,0.999987872465745,0.999985580675906,0.00445327760981866,0.00458482242588366,0.999987325436904,0.999987747081204,0.999987218806026,0.999989010048886,0.999987927030591,0.999986674397767
0.00308731253837694,0.111658385156782,0.00309375612351416,0.217848082340967,0.00297388207932639,0.999984812587074,0.497953358496025,0.00297356914975973,0.309166923106372,0.99998393058676,0.26540564446663,0.00304771775669662,0.00440971767763848,0.734641543244647,0.0484644473583448,0.008351793574824,0.00344236857649989,0.00380229880661867,0.00297274699172751,0.00297420640111856,0.00386609332024137,0.00430029571508592,0.0041383454045797,0.00404627792255649,0.00308731253846008,0.00381329068206282,0.00308731254007665,0.00306060367476545,0.00308731263087491,0.0160138845968964,0.00297549497495327,0.139880015576615,0.00425813402825635,0.537075932833733,0.961165350281026,0.941585610910742,0.00297374899566521,0.575401161525224,0.0274211018340224,0.999982341594546,0.0880725697893964,0.065785188417672,0.0212440565169489,0.00300380392861227,0.0307560530781745,0.00738513451875945,0.99998349980235,0.999983549880679,0.124925849145109,0.0532080377820738,0.00572780955545862,0.999982886527382,0.00297473870082273,0.00302943148668385,0.00674345729092871,0.629715963883163,0.00418619677457138,0.00711128280769399,0.0042986203814477,0.999980349064755,0.13874499880881,0.984710956263787,0.00438209301982971,0.169635574477878,0.0043607322327086,0.00307685447972725,0.00313452384594757,0.00296342076416739,0.0030002266492596,0.628439819618152,0.751321935951331,0.999984675600163,0.00358857104876587,0.00259179879878707,0.00437043842020941,0.501250055079429,0.00308731254806436,0.0286714052359614,0.0043609289387231,0.00324424151764133,0.00435363803170156,0.999982087713171,0.999982401203568,0.103464546756707,0.999981617240334,0.00675029586112427,0.0199058332341163,0.553338718241005,0.011074855700236,0.999985111862011,0.086453818534908,0.348253355877407,0.0354332518969829,0.00445686417306518,0.003840686864539,0.00296342072631573,0.00337119673749753,0.0177157345260951,0.00297262067950996,0.546523420094405,0.00842823093630268,0.692400598066188,0.0045803726935668,0.159486121586679,0.00308731254652393,0.00350816039179836,0.00325882887862645,0.24084236872454,0.00387222575852997,0.00337119673759151,0.0919310519077798,0.00303933181595097,0.00298630207593682,0.00487129438732925,0.00308731254837799,0.00384555977479348,0.00339247987487006,0.00379794888730031,0.0667485728109381,0.00382619379999497,0.003087312538449,0.00383111161519896,0.00308731250770392,0.00371411233868354,0.00417510555750487,0.0497062153142471,0.00308731253965233,0.00379997010035171,0.0030873125383855,0.00382424991451476,0.00380884149559253,0.00387489494486716,0.00308731254313557,0.0038557242440675,0.00865570926780284,0.00297168485127819,0.0030002264464875,0.0117593515936426,0.00392425456015809,0.00300404504352805,0.00382813166567123,0.00320685773020594,0.0032802198267561,0.00340177833832919,0.00297330951552241,0.00297348629984651,0.00354915597035841,0.00381778354199626,0.00369169393385951,0.00300022644785798,0.430243463899713,0.00300022641464973,0.00308731253830484,0.00383050820639786,0.00389337041919858,0.0038101587574712,0.00381533212877547,0.0038122469145259,0.00330364649082379,0.00341192392995372,0.00382977798932127,0.0038951382619067,0.00383974231262893,0.00378445629157355,0.00381401138124355,0.00385270341343285
0.00426488760536407,0.999991559438027,0.00427133119050129,0.0172748296870904,0.00582968856436849,0.225258578603188,0.0978254388560044,0.00569953692055771,0.213202209270393,0.12420269681025,0.0973260363364201,0.104849689870598,0.999990751515541,0.00554507226968322,0.052188741556092,0.00771955718970428,0.510656724633703,0.999980482081909,0.00535746963206045,0.00596237109543448,0.00646276270619608,0.999984362557325,0.999979576462881,0.999989638547542,0.00426488760544721,0.999984223874322,0.00426488760706378,0.174958878604679,0.00426488769786203,0.00726105437507429,0.0065003747011892,0.0154150655932695,0.999975976628764,0.00543394194754058,0.00676250463813589,0.00577279220402995,0.0057743159085628,0.999984868598429,0.00597724251838021,0.00704664833694289,0.00606918386062223,0.00678426484670563,0.139582648703563,0.0241374804966864,0.0237610365742729,0.122956103417661,0.00674824486515578,0.00468290024148098,0.999989170794666,0.0276790528550663,0.00940372319699381,0.00581481146308426,0.00618616698948291,0.999986454418147,0.00663821885711952,0.00605253087102384,0.125648346183248,0.00656406265540955,0.999996599528929,0.00415524086274665,0.0340750826707233,0.00594424662311575,0.999969644026897,0.999990114179262,0.999989357986934,0.999987564886448,0.999987897393139,0.0049705967195421,0.999989306731291,0.00576577857142112,0.00587123544300852,0.00637699472072423,0.390167220372172,0.00376937386577419,0.999972849500358,0.00535456401669116,0.00426488761505149,0.0059015243517993,0.999985332005761,0.999983351118359,1.00000870443256,0.0477367701082455,0.00720507963556505,0.99998555464518,0.00436666244712067,0.0061048738337479,0.00853857516903286,0.356696130450455,0.0120349610978226,0.134135337604774,0.00721629499873906,0.0224699287036561,0.421921408925622,0.0558294459325728,1.00000612251193,0.00497059659719121,0.999966145341386,0.00562218536350333,0.00530492483816667,0.099041349057224,0.00611022168553938,0.0107308102693436,0.0141245484078738,0.00547051126252376,0.00426488761351105,0.00568846338763249,0.00485889566984944,0.0384612716518444,1.00002413749797,0.99996614546742,0.0230624942341572,0.0935850280491653,0.010989619489556,0.260371264194232,0.00426488761536511,1.00000249676903,0.999962416213853,0.999975965528971,0.0161534458655801,0.99999551336986,0.00426488760543612,0.999995038321508,0.00426488757469105,0.717376485411705,0.0166024535666912,0.0059592845834407,0.00426488760663946,0.999974839977444,0.00426488760537263,0.999993426999336,0.999981904280009,1.0000143678621,0.00426488761012269,1.00000485074041,0.0683228736273551,0.00491579825344427,0.999988812138154,0.0313219335059269,0.00653811594085982,0.0261846708785373,0.999997465354767,0.598967849132728,0.999972150567369,0.00532992497890336,0.0055916266764752,0.00566502385197051,0.436791155362648,0.999989391763074,0.999986848218832,0.999988815480986,0.00517322767465122,0.999988734480834,0.00426488760529197,0.999994825113183,1.00002081950381,0.999981884136239,0.999985399198147,0.865165859552814,0.701418532605641,0.999979620084096,0.999991129102867,1.0000343609813,1.00000323231477,0.999966752835937,0.999985003919534,1.00000754507818
0.00432541837381081,0.00428275561767396,0.0213104624059002,0.999987600363155,0.999975215447305,0.019534281925576,0.999988696695685,0.999976043252199,0.999988102666023,0.0364000358096428,0.999985729330785,0.999986491738326,0.999982407495794,0.00490577488964955,0.999991268909106,0.999979808532889,0.00468047441193375,0.00504040464205254,0.999978985020617,0.999988389829459,0.999985036676347,0.999987065249918,0.551541254195371,0.568599205928485,0.00432541837389395,0.00505139651749668,0.00432541837551052,0.999988315197192,0.00432541846630877,0.999980059115438,0.9999718324038,0.999985373786789,0.999989339221094,0.558153585244535,0.999986262658839,0.00491518227940916,0.999975703284451,0.00445968884443237,0.999975661745636,0.00421695735559839,0.999976922565528,0.999981647768398,0.999986694009331,0.99998642893906,0.999985795375941,0.00467940946975047,0.0144437255969233,0.596969564648307,0.177989057441873,0.999990140774548,0.999983866926545,0.00500842147572335,0.999971690998682,0.00426753732211771,0.999976099006882,0.999982595467382,0.999985884746705,0.99997584563462,0.999988445945718,0.00421577163119339,0.99998690258402,0.983493709959323,1.00002480879971,0.00433105565356469,0.999985184255681,0.00431496031516111,0.290466733268169,0.00420152659960126,0.00423833248469347,0.554717808876822,0.749709983499621,0.999983905495375,0.400357935448817,0.00382990463422094,0.999983932658087,0.520091141065466,0.00432541838349823,0.999977475819656,0.999983316703088,0.218390008142082,0.999985520427333,0.00423363284435544,0.816829495504134,0.855880959012328,0.00428116192597696,0.999975523852512,0.999980328208009,0.999990534033577,0.999984569517465,0.0321554412472064,0.999982277927887,0.999988482609852,0.999988321277473,0.999986760394462,0.00507879269997287,0.0042015265617496,0.0046093025729314,0.999980004680084,0.999979381666096,0.99998711239894,0.999972256800615,0.999990368276855,0.999988702032507,0.999978437535615,0.00432541838195779,0.00474626622723223,0.00449693471406032,0.9999879953149,0.00511033159396383,0.00460930257302538,0.99998842051556,0.999984327486228,0.999978684608152,0.999982903019357,0.00432541838381185,0.00508366561022734,0.00463058571030393,0.00503605472273417,0.999988652602355,0.00506429963542884,0.00432541837388286,0.00506921745063283,0.00432541834313779,0.0049522181741174,0.999988693002578,0.999975215413279,0.0043254183750862,0.00503807593578558,0.00432541837381937,0.00506235574994863,0.00504694733102639,0.00511300078030102,0.00432541837856943,0.00509383007950137,0.99998676002723,0.999981240291287,0.00423833228192136,0.99998936950647,0.999977141911426,0.999983678511496,0.0050662375011051,0.00444496356563981,0.00451832566218996,0.00463988417376305,0.999976252321202,0.999976609955981,0.363920501519902,0.00505588937743013,0.49849059587113,0.00423833228329185,0.429539776988041,0.0042383322500836,0.00432541837373871,0.00506861404183173,0.00513147625463245,0.00504826459290507,0.00505343796420934,0.00505035274995976,0.00454175232625765,0.00465002976538758,0.00506788382475513,0.0109664175280672,0.0050778481480628,0.00502256212700741,0.00505211721667742,0.00509080924886672
0.999970943210711,0.00548542759895403,0.999972981900637,0.00514981337879556,0.00497519270805123,0.00506106920627523,0.00532198336135461,0.00497372671218605,0.00539867150417171,0.00502545703507068,0.00538163487079818,0.00519654559578219,1.00000052554803,0.999968594307572,0.00501542611956296,0.00499854058694142,0.999973626715132,0.999951713666806,0.00496987403847317,0.00497669247116946,0.999959382434184,0.999982380323264,0.999977074907413,0.999956984145832,0.999970943377716,0.999952826190588,0.999970946625103,0.00513912602306348,0.999971129021501,0.00499630533050423,0.0049827474817239,0.00507720237899556,0.999963681389535,0.999971910974742,0.974601098742874,0.659080590459518,0.00497456905507599,0.0052079896693612,0.00498620308274771,0.00496525818052721,0.00501043083581302,0.00500996603778967,0.0053566637782944,0.00510455716033844,0.00515116234898151,0.830036270350555,0.00496901432382432,0.613915897351055,0.005249009300778,0.0050929133276811,0.00501651126402517,0.841308755893313,0.00497920752099423,0.00501610486667687,0.00498574269715993,0.00521735568346961,0.00519496193837968,0.00498504786320642,0.999977541135175,0.00496407245612222,0.00517847193493267,0.00570661680567345,1.00000199486426,0.00595076304108469,0.999991519440673,0.00516286307120696,0.00523503453753644,0.00495321671089411,0.00498663330962229,0.553524319417858,0.999966174670914,0.999964381834324,0.999995321520578,0.00457820545914976,0.999991499648268,0.999971838011072,0.999970962670887,0.00498582886491756,0.999997925034844,0.00924562404365494,0.999994766312676,0.00498193366928427,0.00530322310773466,0.0058615802366937,0.00503005935327864,0.00497973684812406,0.00501218516199854,0.00536686664537497,0.00504962909133412,0.00503291633738773,0.00502273633375126,0.00518915784076574,0.00530120532304297,0.00517222240323915,0.999962200404748,0.00495321667269724,0.00536099131521994,0.0049784938357189,0.00496928221036545,0.00539264973706191,0.00498043746609468,0.00528241255393433,0.00503390848175242,0.00503099390771543,0.999970959576452,0.999974746393343,0.999984381948521,0.00522264867776303,0.999969640679795,0.0053609913153143,0.00515138760993419,0.00517144020956482,0.00503332650741731,0.00543130419433402,0.999970963300903,0.999960246452068,0.999989351586861,0.999949951386683,0.00507187145505227,0.999957683859218,0.999970943355451,0.99995727725476,0.999970881594449,0.999958228828396,0.00504965326160045,0.00499452186195517,0.999970945772724,0.999949214490383,0.999970943227909,0.999956761415706,0.999951995763425,0.999964692421109,0.999970952769879,0.999960846712211,0.00520483318357014,0.00496489895367359,0.00498663310685019,0.00513442371631447,0.0049835374174501,0.00510215045952841,0.999958536775074,0.00519665286782487,0.00526918354852389,0.999974227172457,0.00497251105885265,0.00497333809580684,0.999974716044166,0.99995508936058,0.496484817257391,0.00498663310822068,0.999973399529345,0.00498663307501243,0.999970943065876,0.999957200416096,0.999966886351305,0.9999518982456,0.999953264893545,0.999954825357103,0.999975224773323,0.999974515369935,0.999955259428342,0.999975349705853,0.999960886322875,0.999946641012577,0.999953158552313,0.999962454094295
0.00412223225626455,0.0100535587664745,0.00412867584140177,0.00421495222650331,0.00402659395857378,0.00572857485954945,0.00563390962308893,0.00402490451362925,0.0202157933071153,0.00407397009259559,0.010635328066825,0.00427653374099229,1.00000798904689,0.728189881754803,0.0187827421549434,0.00405318285422879,0.517658581959518,0.999910770803347,0.00402046456584577,0.00402832150675735,1.00001302037618,0.999953530136572,0.999969319779373,0.999944585876558,0.00412223225634768,0.999923632145005,0.00412223225796426,0.00420548988907128,0.00412223234876251,0.00405015533721364,0.00403530019004264,0.00413574499990915,0.999956329509342,0.553292431719243,0.98841255834746,1.000011476266,0.00402587523971922,0.00425650272688611,0.00403784142682014,0.00401377123805213,0.00406218675740402,0.00406296442930054,0.00838507052014365,0.00417522907909355,0.00422753272589377,1.00000408224336,0.00401752738134923,0.00454024489238146,0.00459573137598162,0.010179348542415,0.00407404670408275,0.960137502127514,0.00403122078747117,0.0824441711740834,0.00403852955646664,0.00426872338568498,0.00427328252532597,0.00403770716458219,0.999981901550447,0.00401258551364713,0.00425189092576287,0.999995243610403,0.999918618406396,0.0791463006388732,0.999988300030048,0.209655532584494,0.00430565945520371,0.999994228404792,0.0040351463671472,1.00000751136995,0.74949694630667,1.0000172152262,0.406443806654826,0.00362671851667467,0.999978035608126,0.517698327836278,0.00412223226595196,0.00403733638215536,0.99996663273802,0.322241489802973,0.99999741587598,0.00403044672680918,0.00435644298979487,0.022968117732346,0.179399104288452,0.00403160803847396,0.00406822587541095,0.0051876114965179,0.00805905407490102,0.0151803824245219,0.0040764627258616,0.00425220984032291,0.00437522272375796,0.00425145359558798,0.999949724307072,0.999994126919502,0.999999700610923,0.00402952904671889,0.00401978252688268,0.00452909768332627,0.00403231672587684,0.00514692065591113,0.00409395933852111,0.00408167459175996,0.00412223226441153,1.00002269393096,0.380649521382633,0.00429652812504085,0.999982983581672,0.999999700724557,0.00422409863444712,0.00424818834619717,0.00409358649152049,0.0489881033616921,0.00412223226626559,0.999957674758606,0.00446237277045385,0.999906951468723,0.00413399400508559,0.999935482109949,0.0041222322563366,0.999942100458966,0.00412223222559152,0.999940803684211,0.00411205843133611,0.00404611457927994,0.00412223225753994,0.999910176597951,0.00412223225627311,0.999933876125953,0.999918779089678,0.999990595569867,0.00412223226102317,0.99996992166861,0.00525628886112616,0.00401473120390832,0.0040351461643751,0.0106566677356072,0.00403615428781782,0.00417230926642953,0.999937147993273,0.999999896133841,0.755748441750343,0.745493579265954,0.00402350359637205,0.00402445664373147,0.450267952068751,0.999927227564167,0.507930494010352,0.00403514616574559,0.427438401908906,0.00403514613253734,0.00412223225619245,0.999941402466507,1.00001166949042,0.999920529916028,0.999925805826719,0.999989726676817,0.00436214521320045,0.00447520509627455,0.999942226639012,1.00000820122341,0.999949745677719,0.999893169438047,0.99992423995949,0.99996472611028
0.00308731253837694,0.111658385156782,0.00309375612351416,0.217848082340967,0.00297388207932639,0.999984812587074,0.497953358496025,0.00297356914975973,0.309166923106372,0.99998393058676,0.26540564446663,0.00304771775669662,0.00440971767763848,0.734641543244647,0.0484644473583448,0.008351793574824,0.00344236857649989,0.00380229880661867,0.00297274699172751,0.00297420640111856,0.00386609332024137,0.00430029571508592,0.0041383454045797,0.00404627792255649,0.00308731253846008,0.00381329068206282,0.00308731254007665,0.00306060367476545,0.00308731263087491,0.0160138845968964,0.00297549497495327,0.139880015576615,0.00425813402825635,0.537075932833733,0.961165350281026,0.941585610910742,0.00297374899566521,0.575401161525224,0.0274211018340224,0.999982341594546,0.0880725697893964,0.065785188417672,0.0212440565169489,0.00300380392861227,0.0307560530781745,0.00738513451875945,0.99998349980235,0.999983549880679,0.124925849145109,0.0532080377820738,0.00572780955545862,0.999982886527382,0.00297473870082273,0.00302943148668385,0.00674345729092871,0.629715963883163,0.00418619677457138,0.00711128280769399,0.0042986203814477,0.999980349064755,0.13874499880881,0.984710956263787,0.00438209301982971,0.169635574477878,0.0043607322327086,0.00307685447972725,0.00313452384594757,0.00296342076416739,0.0030002266492596,0.628439819618152,0.751321935951331,0.999984675600163,0.00358857104876587,0.00259179879878707,0.00437043842020941,0.501250055079429,0.00308731254806436,0.0286714052359614,0.0043609289387231,0.00324424151764133,0.00435363803170156,0.999982087713171,0.999982401203568,0.103464546756707,0.999981617240334,0.00675029586112427,0.0199058332341163,0.553338718241005,0.011074855700236,0.999985111862011,0.086453818534908,0.348253355877407,0.0354332518969829,0.00445686417306518,0.003840686864539,0.00296342072631573,0.00337119673749753,0.0177157345260951,0.00297262067950996,0.546523420094405,0.00842823093630268,0.692400598066188,0.0045803726935668,0.159486121586679,0.00308731254652393,0.00350816039179836,0.00325882887862645,0.24084236872454,0.00387222575852997,0.00337119673759151,0.0919310519077798,0.00303933181595097,0.00298630207593682,0.00487129438732925,0.00308731254837799,0.00384555977479348,0.00339247987487006,0.00379794888730031,0.0667485728109381,0.00382619379999497,0.003087312538449,0.00383111161519896,0.00308731250770392,0.00371411233868354,0.00417510555750487,0.0497062153142471,0.00308731253965233,0.00379997010035171,0.0030873125383855,0.00382424991451476,0.00380884149559253,0.00387489494486716,0.00308731254313557,0.0038557242440675,0.00865570926780284,0.00297168485127819,0.0030002264464875,0.0117593515936426,0.00392425456015809,0.00300404504352805,0.00382813166567123,0.00320685773020594,0.0032802198267561,0.00340177833832919,0.00297330951552241,0.00297348629984651,0.00354915597035841,0.00381778354199626,0.00369169393385951,0.00300022644785798,0.430243463899713,0.00300022641464973,0.00308731253830484,0.00383050820639786,0.00389337041919858,0.0038101587574712,0.00381533212877547,0.0038122469145259,0.00330364649082379,0.00341192392995372,0.00382977798932127,0.0038951382619067,0.00383974231262893,0.00378445629157355,0.00381401138124355,0.00385270341343285
0.00412224915029107,0.0100535288232399,0.00412869273542829,0.00421276007292566,0.00402622710206864,0.00572856250956888,0.00563105573337253,0.00402456734651921,0.020210640259104,0.00407398698662211,0.0106292773161515,0.00427236858013435,0.999986560749649,0.728157563499224,0.018782148965841,0.00405238536794662,0.517712987960456,0.999980071447553,0.00402020542909484,0.00402792438474018,0.999974842759574,0.99998461386666,0.999985515788428,0.999982555125032,0.00412224915037421,0.99998024460433,0.00412224915199078,0.00420313496886954,0.00412224924278903,0.00404946311758722,0.00403478034080405,0.00413442927859944,0.999984648875439,0.553268455366466,0.98837935367981,0.999975851611607,0.00402552101449661,0.00425651962091263,0.00403744306799646,0.00401378813207865,0.00406177277620493,0.00406238536270283,0.00837794759940828,0.00417230175340037,0.00422384825331007,0.999979031924064,0.00401754427537575,0.00454026178640798,0.00459260694806288,0.0101770430122498,0.00407286480561288,0.96010615306279,0.00403077261318427,0.0824427722912764,0.00403797859588397,0.00426836098670077,0.00426933893081447,0.00403717315245963,0.999984446374998,0.00401260240767365,0.0042485986000956,0.999977232442302,0.999950694169782,0.0791450795677738,0.999985759994772,0.209651850029856,0.00430273837448532,0.999976254597833,0.00403516326117372,0.999978345878468,0.749467664618384,0.999976133826197,0.406446971980115,0.00362673541070119,0.999986625135708,0.517676263807663,0.00412224915997849,0.00403695540612687,0.999985537451873,0.3222310417637,0.999984776427253,0.0040304636208357,0.00435583449402947,0.0229571682594148,0.179395954352135,0.00403117874166143,0.00406724257937008,0.00518649771863693,0.00805720221102361,0.0151801814181057,0.0040757869307498,0.00425029496360587,0.0043718508881301,0.00424738901009435,0.999979992464907,0.999976153114375,0.999981734070787,0.00402921082541975,0.00401953537633342,0.00452517587957571,0.00403188635688911,0.00514573251434639,0.00409244321983085,0.00408140347600666,0.00412224915843805,0.999970330694834,0.380621134246916,0.00429317461911079,0.999980255546163,0.999981734184419,0.00422090037536435,0.00424445368115972,0.00409204258634716,0.0489799067139032,0.00412224916029211,0.999980244794505,0.00459002094574102,0.999980194359472,0.00413220262314513,0.999980024414484,0.00412224915036312,0.999980198515648,0.00412224911961805,0.999980080018408,0.00411022949807511,0.00404572228282422,0.00412224915156646,0.999980365233126,0.00412224915029963,0.99998007151995,0.999980225900905,0.999980396647841,0.00412224915504969,0.999980407035957,0.00525167082163061,0.00401457281847666,0.00403516305840162,0.0106531802401052,0.00403562591344935,0.00416945011725604,0.999979991101393,0.999981926621714,0.755734885484064,0.745453786883594,0.00402319104504402,0.00402412734956111,0.450321285166016,0.999980086070747,0.507935280102847,0.00403516305977211,0.427419640637519,0.00403516302656386,0.00412224915021897,0.999980188462056,0.999980395759599,0.999980278381174,0.99998024463028,0.999981371499887,0.00444821143851545,0.00457872439529805,0.99998040240488,0.99998239395578,0.999980063318532,0.999980314878675,0.999980222579551,0.999980204296749
0.999974320304165,0.00548583791201084,0.999976358979072,0.00514608212533,0.00497453194239327,0.00506117182988614,0.00531726708909643,0.00497311588959052,0.00539158264955421,0.00502544180889578,0.00537204835190912,0.00518949537857663,0.999982581829956,0.999965412218872,0.00501590300264264,0.00499715542222543,0.999963354891567,0.99997757751802,0.0049693944773966,0.00497598079331366,0.999973197269437,0.999981520191439,0.999990856365644,0.999980159029425,0.999974320471171,0.999977030744146,0.999974323718569,0.00513512096598411,0.999974506115588,0.00499509724380358,0.00498182935394676,0.00507494544696152,0.99999389770949,0.999971920164597,0.974628574674196,0.659100959994389,0.00497392953757515,0.00520797444318629,0.00498548932435425,0.00496524295435231,0.00500969079769012,0.00500894829544463,0.00534504320732069,0.00509958921118582,0.0051449207384995,0.830051647375568,0.00496899909764941,0.613917956680111,0.00524373812213137,0.00508961261256977,0.00501447944679809,0.841337760212572,0.00497840996376343,0.00502179504865984,0.00498477223433874,0.0052167024161876,0.00518828443681343,0.00498410591083479,0.999977790536095,0.00496405722994731,0.00517288998820832,0.00577896139556914,0.999982624898084,0.00595619067523918,0.999982048623414,0.00517780771675467,0.00523007709358827,0.00502570181792199,0.00498661808344739,0.553564178962597,0.999975032538152,0.999969065772644,0.999960810819651,0.00457819023297486,0.999993273549486,0.999973163722652,0.999974339764408,0.00498514434760573,0.999979299381779,0.00926052249973911,0.999964808073598,0.00498191844310936,0.00530215586007788,0.0058449724681621,0.005042806067576,0.00497897104630216,0.00501048743084763,0.00536502822925557,0.00504687754941666,0.00503367971110023,0.00502155587612679,0.00518589301834458,0.00529548962583589,0.0051653413724277,0.999959516366218,0.00502570177234057,0.00543344713783256,0.00497791488348697,0.00496882281230049,0.00538601490676747,0.00497966986067547,0.00528045350256625,0.00503131444420119,0.00503049419573779,0.999974336669962,0.999944851870229,0.99994874311026,0.00521696381450319,0.999947499359026,0.00543344713793519,0.00514596390063055,0.00516511416607759,0.0050306857278542,0.00542205876877822,0.999974340394426,0.999965760673884,0.999970018546412,0.999981120850952,0.00506881437372239,0.999967770024442,0.999974320448906,0.99996992799692,0.999974258687694,0.999972125568235,0.00504653301199315,0.00499381830158764,0.999974322866187,0.999983186264133,0.999974320321363,0.999969686982594,0.999978170872914,0.999961065081844,0.999974329863366,0.999966341032193,0.00519712103610497,0.00496458887497995,0.00498661788067528,0.00512917877036647,0.00498260494882524,0.00509729719591144,0.999966013083252,0.00526912066720207,0.00532386650479148,0.999950326868464,0.00497194164456248,0.00497274051695429,0.99999092939954,0.999972443845665,0.496479731280213,0.00498661788204577,0.999973308442419,0.00498661784883752,0.99997432015933,0.999969979277279,0.999959383184577,0.9999786406239,0.999976373443939,0.999981275991213,0.999963290573474,0.999959475411047,0.999974410726869,0.999946732802408,0.999962830241643,0.999987053139778,0.9999763835671,0.999961915675384
0.00308731253837694,0.111658385156782,0.00309375612351416,0.217848082340967,0.00297388207932639,0.999984812587074,0.497953358496025,0.00297356914975973,0.309166923106372,0.99998393058676,0.26540564446663,0.00304771775669662,0.00440971767763848,0.734641543244647,0.0484644473583448,0.008351793574824,0.00344236857649989,0.00380229880661867,0.00297274699172751,0.00297420640111856,0.00386609332024137,0.00430029571508592,0.0041383454045797,0.00404627792255649,0.00308731253846008,0.00381329068206282,0.00308731254007665,0.00306060367476545,0.00308731263087491,0.0160138845968964,0.00297549497495327,0.139880015576615,0.00425813402825635,0.537075932833733,0.961165350281026,0.941585610910742,0.00297374899566521,0.575401161525224,0.0274211018340224,0.999982341594546,0.0880725697893964,0.065785188417672,0.0212440565169489,0.00300380392861227,0.0307560530781745,0.00738513451875945,0.99998349980235,0.999983549880679,0.124925849145109,0.0532080377820738,0.00572780955545862,0.999982886527382,0.00297473870082273,0.00302943148668385,0.00674345729092871,0.629715963883163,0.00418619677457138,0.00711128280769399,0.0042986203814477,0.999980349064755,0.13874499880881,0.984710956263787,0.00438209301982971,0.169635574477878,0.0043607322327086,0.00307685447972725,0.00313452384594757,0.00296342076416739,0.0030002266492596,0.628439819618152,0.751321935951331,0.999984675600163,0.00358857104876587,0.00259179879878707,0.00437043842020941,0.501250055079429,0.00308731254806436,0.0286714052359614,0.0043609289387231,0.00324424151764133,0.00435363803170156,0.999982087713171,0.999982401203568,0.103464546756707,0.999981617240334,0.00675029586112427,0.0199058332341163,0.553338718241005,0.011074855700236,0.999985111862011,0.086453818534908,0.348253355877407,0.0354332518969829,0.00445686417306518,0.003840686864539,0.00296342072631573,0.00337119673749753,0.0177157345260951,0.00297262067950996,0.546523420094405,0.00842823093630268,0.692400598066188,0.0045803726935668,0.159486121586679,0.00308731254652393,0.00350816039179836,0.00325882887862645,0.24084236872454,0.00387222575852997,0.00337119673759151,0.0919310519077798,0.00303933181595097,0.00298630207593682,0.00487129438732925,0.00308731254837799,0.00384555977479348,0.00339247987487006,0.00379794888730031,0.0667485728109381,0.00382619379999497,0.003087312538449,0.00383111161519896,0.00308731250770392,0.00371411233868354,0.00417510555750487,0.0497062153142471,0.00308731253965233,0.00379997010035171,0.0030873125383855,0.00382424991451476,0.00380884149559253,0.00387489494486716,0.00308731254313557,0.0038557242440675,0.00865570926780284,0.00297168485127819,0.0030002264464875,0.0117593515936426,0.00392425456015809,0.00300404504352805,0.00382813166567123,0.00320685773020594,0.0032802198267561,0.00340177833832919,0.00297330951552241,0.00297348629984651,0.00354915597035841,0.00381778354199626,0.00369169393385951,0.00300022644785798,0.430243463899713,0.00300022641464973,0.00308731253830484,0.00383050820639786,0.00389337041919858,0.0038101587574712,0.00381533212877547,0.0038122469145259,0.00330364649082379,0.00341192392995372,0.00382977798932127,0.0038951382619067,0.00383974231262893,0.00378445629157355,0.00381401138124355,0.00385270341343285
0.00432541837381081,0.00428275561767396,0.0213104624059002,0.999987600363155,0.999975215447305,0.019534281925576,0.999988696695685,0.999976043252199,0.999988102666023,0.0364000358096428,0.999985729330785,0.999986491738326,0.999982407495794,0.00490577488964955,0.999991268909106,0.999979808532889,0.00468047441193375,0.00504040464205254,0.999978985020617,0.999988389829459,0.999985036676347,0.999987065249918,0.551541254195371,0.568599205928485,0.00432541837389395,0.00505139651749668,0.00432541837551052,0.999988315197192,0.00432541846630877,0.999980059115438,0.9999718324038,0.999985373786789,0.999989339221094,0.558153585244535,0.999986262658839,0.00491518227940916,0.999975703284451,0.00445968884443237,0.999975661745636,0.00421695735559839,0.999976922565528,0.999981647768398,0.999986694009331,0.99998642893906,0.999985795375941,0.00467940946975047,0.0144437255969233,0.596969564648307,0.177989057441873,0.999990140774548,0.999983866926545,0.00500842147572335,0.999971690998682,0.00426753732211771,0.999976099006882,0.999982595467382,0.999985884746705,0.99997584563462,0.999988445945718,0.00421577163119339,0.99998690258402,0.983493709959323,1.00002480879971,0.00433105565356469,0.999985184255681,0.00431496031516111,0.290466733268169,0.00420152659960126,0.00423833248469347,0.554717808876822,0.749709983499621,0.999983905495375,0.400357935448817,0.00382990463422094,0.999983932658087,0.520091141065466,0.00432541838349823,0.999977475819656,0.999983316703088,0.218390008142082,0.999985520427333,0.00423363284435544,0.816829495504134,0.855880959012328,0.00428116192597696,0.999975523852512,0.999980328208009,0.999990534033577,0.999984569517465,0.0321554412472064,0.999982277927887,0.999988482609852,0.999988321277473,0.999986760394462,0.00507879269997287,0.0042015265617496,0.0046093025729314,0.999980004680084,0.999979381666096,0.99998711239894,0.999972256800615,0.999990368276855,0.999988702032507,0.999978437535615,0.00432541838195779,0.00474626622723223,0.00449693471406032,0.9999879953149,0.00511033159396383,0.00460930257302538,0.99998842051556,0.999984327486228,0.999978684608152,0.999982903019357,0.00432541838381185,0.00508366561022734,0.00463058571030393,0.00503605472273417,0.999988652602355,0.00506429963542884,0.00432541837388286,0.00506921745063283,0.00432541834313779,0.0049522181741174,0.999988693002578,0.999975215413279,0.0043254183750862,0.00503807593578558,0.00432541837381937,0.00506235574994863,0.00504694733102639,0.00511300078030102,0.00432541837856943,0.00509383007950137,0.99998676002723,0.999981240291287,0.00423833228192136,0.99998936950647,0.999977141911426,0.999983678511496,0.0050662375011051,0.00444496356563981,0.00451832566218996,0.00463988417376305,0.999976252321202,0.999976609955981,0.363920501519902,0.00505588937743013,0.49849059587113,0.00423833228329185,0.429539776988041,0.0042383322500836,0.00432541837373871,0.00506861404183173,0.00513147625463245,0.00504826459290507,0.00505343796420934,0.00505035274995976,0.00454175232625765,0.00465002976538758,0.00506788382475513,0.0109664175280672,0.0050778481480628,0.00502256212700741,0.00505211721667742,0.00509080924886672
0.0042648703678553,0.999988055309641,0.00427131395299252,0.0172753424966953,0.00582976553627301,0.225257793201662,0.0978258550547711,0.00569960660381958,0.213203085120792,0.124202241403753,0.0973273849978962,0.104850398638294,0.999980162941679,0.00552044991781591,0.0521889927785543,0.00771973987971286,0.510647931553709,0.999987134911249,0.00535752015914209,0.00596245549741635,0.00644286188981659,0.99998303828028,0.999984153755793,0.999988699674398,0.00426487036793844,0.999987141505892,0.00426487036955501,0.174958858074571,0.00426487046035327,0.00726121122248707,0.00650048923227467,0.0154153558955992,0.999986076184352,0.00541640838003691,0.00675267822172683,0.00575819683048669,0.00577438977953165,0.999981215649062,0.00597732722399375,0.00704662054482955,0.00606927240147429,0.00678439391544563,0.139584080000116,0.0241381601986243,0.0237619156825227,0.122939730217108,0.00674821817647863,0.00468288300397222,0.999986344189474,0.0276796733949382,0.00940400025884992,0.00580700088317484,0.00618626392461844,0.999984684689727,0.00663834102593114,0.00605260674862257,0.125648921091135,0.00656418066343349,0.999984743657301,0.00415522362523788,0.0340758217357474,0.00596816041889895,0.999972919998716,0.999988275190582,0.999981706893901,0.999988853109737,0.999985012297711,0.00499451609642825,0.99998565295736,0.00576525927950371,0.00585458268246778,0.00635046996738476,0.390142675611323,0.00376935662826543,0.999979115253255,0.00533894444066169,0.00426487037754272,0.00590160478999742,0.999979712472728,0.999988617934191,0.999981777682142,0.0477365937835353,0.00720521592906279,0.999985117120812,0.00437085867504745,0.0061049661345295,0.0085388034746873,0.356695137490347,0.0120354799966506,0.13413511727663,0.00721644781399096,0.0224703502259368,0.421920752867122,0.055830307342288,0.999986268094277,0.00499451597163929,0.999986422980987,0.00562225039563489,0.00530497242267772,0.0990420172829363,0.00611031424953623,0.0107311006757923,0.0141248956336981,0.00547056473040858,0.00426487037600229,0.00563739715077219,0.0048208325581652,0.0384620108485007,0.999984870171763,0.999986423107024,0.0230632488344481,0.0935856653625155,0.0109899854227916,0.260373318036648,0.00426487037785635,0.999986272414059,0.999971098135751,0.999986847175794,0.0161538577540134,0.99998684528433,0.00426487036792736,0.999986655719587,0.00426487033718228,0.717370178319906,0.0166028735473854,0.00595936780076411,0.00426487036913069,0.999986873372259,0.00426487036786387,0.999986925863029,0.999987102344831,0.999985386212835,0.00426487037261393,0.99998606841665,0.0683238528648261,0.00491582404642942,0.999985158366029,0.0313228580184966,0.00653823256483485,0.0261853252794621,0.999986767644159,0.598989594505376,0.999986559244022,0.00529012646780206,0.00559169031664868,0.00566509160245323,0.436806836382308,0.999987130932522,0.999985933388938,0.999985161708848,0.00515909012378162,0.999985080708992,0.0042648703677832,0.999986669468877,0.99998491650648,0.999987087867293,0.99998715697716,0.865157023724167,0.701424285995321,0.999985970222606,0.999986926806884,0.999986091029063,0.999986352764124,0.999986482979275,0.999987161452087,0.999985950041108
0.00426487627322812,0.99998909548339,0.00427131985836534,0.0172751592457216,0.00582973794895683,0.225258026958771,0.0978256910852924,0.00569958160771201,0.213202752669436,0.124202377450189,0.0973268985230736,0.104850128849153,0.999983669032794,0.00552866859300776,0.0521889112632502,0.00771967470821633,0.510650778289076,0.999985121869274,0.00535750197330924,0.00596242526860968,0.00644967141759171,0.99998354919838,0.999982803680039,0.999989181032904,0.00426487627331126,0.999986352572874,0.00426487627492783,0.174958830893762,0.00426487636572608,0.0072611552383742,0.00650044829217428,0.0154152513191276,0.99998297938158,0.00542227462216073,0.00675624129160262,0.00576330025202488,0.00577436329463901,0.999982301401298,0.00597729688724202,0.00704662958503733,0.00606924070124468,0.00678434780701732,0.139583553419729,0.0241379168201907,0.0237616022040129,0.122945372457191,0.00674822688895359,0.00468288890934504,0.999987139412563,0.0276794569592063,0.00940390153691688,0.00580990485487127,0.00618622924011034,0.999985196506932,0.00663829737051837,0.00605257955034654,0.125648694241994,0.00656413848723562,0.999988725683668,0.0041552295306107,0.034075555483668,0.00596087245517757,0.999971846334126,0.999988807697922,0.999984274694034,0.999988432940693,0.999985827793438,0.00498722706672925,0.999986738954501,0.00576583348496753,0.00586024553835179,0.00635941162382203,0.390150598747218,0.00376936253363825,0.999977166785149,0.0053441802962651,0.00426487628291554,0.00590157597036815,0.999981562821365,0.999986924773951,0.999990576699248,0.0477366469395766,0.00720516725213781,0.999985091672185,0.00436958048249929,0.00610493309759534,0.00853872208622702,0.356695417013315,0.0120353001132471,0.134135181184921,0.00721639326336446,0.0224701980705786,0.421920899840322,0.0558299936612382,0.99999283866105,0.00498722694268331,0.999980215662695,0.00562222705306548,0.00530495528296753,0.0990417630345896,0.00611028111902558,0.0107309979597639,0.0141247712721976,0.00547054549908142,0.00426487628137511,0.00565423572847088,0.00483323414350999,0.038461743678651,0.999997735991386,0.999980215788731,0.0230629793192109,0.0935854229789138,0.010989855105911,0.260372594098064,0.00426487628322917,0.999991693933319,0.999967967710861,0.999983469385153,0.0161537102336536,0.999989797935548,0.00426487627330017,0.999989529842243,0.0042648762425551,0.717372408774892,0.01660272308422,0.00595933799311914,0.00426487627450351,0.999983132251629,0.00426487627323668,0.999989179927783,0.999985571966052,0.999994967164252,0.00426487627798675,0.999992335124037,0.0683234963097412,0.0049158146538941,0.999986244362634,0.0313225343552906,0.00653819088068462,0.0261850903948656,0.999990374916807,0.5989829512234,0.999982140545436,0.00530323549502092,0.00559166746893873,0.00566506729347413,0.436801775278621,0.99998801104653,0.999986205285178,0.999986247705456,0.00516381226583741,0.999986166705513,0.00426487627315602,0.999989469380686,0.999996760800823,0.999985559113746,0.999986744573229,0.865160149180891,0.701422205407275,0.999983636829955,0.999988459579869,1.00000189196353,0.999991968786492,0.999980238088115,0.999986617663008,0.999993109045618
0.00432541837381081,0.00428275561767396,0.0213104624059002,0.999987600363155,0.999975215447305,0.019534281925576,0.999988696695685,0.999976043252199,0.999988102666023,0.0364000358096428,0.999985729330785,0.999986491738326,0.999982407495794,0.00490577488964955,0.999991268909106,0.999979808532889,0.00468047441193375,0.00504040464205254,0.999978985020617,0.999988389829459,0.999985036676347,0.999987065249918,0.551541254195371,0.568599205928485,0.00432541837389395,0.00505139651749668,0.00432541837551052,0.999988315197192,0.00432541846630877,0.999980059115438,0.9999718324038,0.999985373786789,0.999989339221094,0.558153585244535,0.999986262658839,0.00491518227940916,0.999975703284451,0.00445968884443237,0.999975661745636,0.00421695735559839,0.999976922565528,0.999981647768398,0.999986694009331,0.99998642893906,0.999985795375941,0.00467940946975047,0.0144437255969233,0.596969564648307,0.177989057441873,0.999990140774548,0.999983866926545,0.00500842147572335,0.999971690998682,0.00426753732211771,0.999976099006882,0.999982595467382,0.999985884746705,0.99997584563462,0.999988445945718,0.00421577163119339,0.99998690258402,0.983493709959323,1.00002480879971,0.00433105565356469,0.999985184255681,0.00431496031516111,0.290466733268169,0.00420152659960126,0.00423833248469347,0.554717808876822,0.749709983499621,0.999983905495375,0.400357935448817,0.00382990463422094,0.999983932658087,0.520091141065466,0.00432541838349823,0.999977475819656,0.999983316703088,0.218390008142082,0.999985520427333,0.00423363284435544,0.816829495504134,0.855880959012328,0.00428116192597696,0.999975523852512,0.999980328208009,0.999990534033577,0.999984569517465,0.0321554412472064,0.999982277927887,0.999988482609852,0.999988321277473,0.999986760394462,0.00507879269997287,0.0042015265617496,0.0046093025729314,0.999980004680084,0.999979381666096,0.99998711239894,0.999972256800615,0.999990368276855,0.999988702032507,0.999978437535615,0.00432541838195779,0.00474626622723223,0.00449693471406032,0.9999879953149,0.00511033159396383,0.00460930257302538,0.99998842051556,0.999984327486228,0.999978684608152,0.999982903019357,0.00432541838381185,0.00508366561022734,0.00463058571030393,0.00503605472273417,0.999988652602355,0.00506429963542884,0.00432541837388286,0.00506921745063283,0.00432541834313779,0.0049522181741174,0.999988693002578,0.999975215413279,0.0043254183750862,0.00503807593578558,0.00432541837381937,0.00506235574994863,0.00504694733102639,0.00511300078030102,0.00432541837856943,0.00509383007950137,0.99998676002723,0.999981240291287,0.00423833228192136,0.99998936950647,0.999977141911426,0.999983678511496,0.0050662375011051,0.00444496356563981,0.00451832566218996,0.00463988417376305,0.999976252321202,0.999976609955981,0.363920501519902,0.00505588937743013,0.49849059587113,0.00423833228329185,0.429539776988041,0.0042383322500836,0.00432541837373871,0.00506861404183173,0.00513147625463245,0.00504826459290507,0.00505343796420934,0.00505035274995976,0.00454175232625765,0.00465002976538758,0.00506788382475513,0.0109664175280672,0.0050778481480628,0.00502256212700741,0.00505211721667742,0.00509080924886672
0.999979051339133,0.00548559452020157,0.999981089992861,0.00514250190385029,0.00497386655912349,0.00506106430643033,0.00531262380019121,0.00497249791766245,0.00538319391917946,0.00502538924133122,0.00536227487793907,0.00518276443873134,0.999960389116823,0.999980163119181,0.00501480114322655,0.00499580236123605,0.999984705908255,0.999983184810771,0.00496890111306021,0.00497526707869429,0.999980058759518,0.999972840336126,0.999973142923145,0.999984522289706,0.99997905150614,0.999982962176943,0.999979054753553,0.00513128082058171,0.999979237151449,0.004993912284366,0.00498091965479435,0.00507276481040498,0.99997940942049,0.999983309385951,0.97462718931412,0.659101967532595,0.00497328432534793,0.00520792187562174,0.00498477363466412,0.00496519038678775,0.00500895016044627,0.00500794403139994,0.00533356896264951,0.0050948349847699,0.00513895741537255,0.830057394083341,0.00496894653008485,0.613920829499519,0.00523866774057018,0.00508582063422893,0.00501251251349721,0.841334621849862,0.00497761472317836,0.00501908192649106,0.00498381285311767,0.00521604415118503,0.00518190731885411,0.00498317359480759,0.99997555192511,0.00496400466238275,0.00516755288907152,0.00574504453860542,0.999958345803396,0.00595361458322971,0.999966425518449,0.00517078069644406,0.00522533283984552,0.00499184078478004,0.00498656551588283,0.553553087571835,0.999982910732813,0.999981541518635,0.999979571025006,0.0045781376654103,0.999964278037777,0.999983480134086,0.999979070799469,0.00498445641670422,0.999964748656596,0.00924195226679914,0.999967600653213,0.00498186587554481,0.00530110460025165,0.00582731590553749,0.00503680233253266,0.00497820595137635,0.00500883764808479,0.00536316618350987,0.00504382061147776,0.00503322257909971,0.0050203971451884,0.0051827555835215,0.00529002555631453,0.00515877104255615,0.999980214859833,0.00499184074264219,0.00539959976064364,0.00497732716634557,0.0049683485888695,0.00537967228944084,0.00497890305358055,0.00527847248424586,0.00502881379072752,0.00502998170199262,0.999979067705008,0.999977530601888,0.999979477607599,0.00521152901589031,0.99997814420604,0.00539959976074242,0.00514077701752098,0.00515907069003515,0.00502814070182126,0.00540866322186997,0.99997907142949,0.999981121843218,0.999995174768748,0.999983747672107,0.0050658741491501,0.999981548735791,0.999979051483874,0.999981822872938,0.999978989722365,0.999983335943427,0.00504353282127859,0.00499311229296368,0.999979053901167,0.999983966248885,0.999979051356331,0.999981846398373,0.999983174199768,0.999980182906589,0.999979060898379,0.999981072776769,0.00518966195194065,0.00496425640160181,0.00498656531311072,0.00512349712050588,0.00498168163579338,0.00509265184137595,0.999981270642149,0.00523526770499009,0.00529830699765079,0.999977328019438,0.00497136298186416,0.00497213511741552,0.999985358445255,0.999982294262235,0.496466209894956,0.00498656531448121,0.999983680969338,0.00498656528127296,0.999979051194297,0.999981833640885,0.99997971259534,0.999983212772799,0.999982848421823,0.999982409930133,0.999981792231207,0.999980769797014,0.999982401628291,0.999980035658503,0.999980749058936,0.999984861197323,0.999982870464742,0.999980539262271
0.00308731253837694,0.111658385156782,0.00309375612351416,0.217848082340967,0.00297388207932639,0.999984812587074,0.497953358496025,0.00297356914975973,0.309166923106372,0.99998393058676,0.26540564446663,0.00304771775669662,0.00440971767763848,0.734641543244647,0.0484644473583448,0.008351793574824,0.00344236857649989,0.00380229880661867,0.00297274699172751,0.00297420640111856,0.00386609332024137,0.00430029571508592,0.0041383454045797,0.00404627792255649,0.00308731253846008,0.00381329068206282,0.00308731254007665,0.00306060367476545,0.00308731263087491,0.0160138845968964,0.00297549497495327,0.139880015576615,0.00425813402825635,0.537075932833733,0.961165350281026,0.941585610910742,0.00297374899566521,0.575401161525224,0.0274211018340224,0.999982341594546,0.0880725697893964,0.065785188417672,0.0212440565169489,0.00300380392861227,0.0307560530781745,0.00738513451875945,0.99998349980235,0.999983549880679,0.124925849145109,0.0532080377820738,0.00572780955545862,0.999982886527382,0.00297473870082273,0.00302943148668385,0.00674345729092871,0.629715963883163,0.00418619677457138,0.00711128280769399,0.0042986203814477,0.999980349064755,0.13874499880881,0.984710956263787,0.00438209301982971,0.169635574477878,0.0043607322327086,0.00307685447972725,0.00313452384594757,0.00296342076416739,0.0030002266492596,0.628439819618152,0.751321935951331,0.999984675600163,0.00358857104876587,0.00259179879878707,0.00437043842020941,0.501250055079429,0.00308731254806436,0.0286714052359614,0.0043609289387231,0.00324424151764133,0.00435363803170156,0.999982087713171,0.999982401203568,0.103464546756707,0.999981617240334,0.00675029586112427,0.0199058332341163,0.553338718241005,0.011074855700236,0.999985111862011,0.086453818534908,0.348253355877407,0.0354332518969829,0.00445686417306518,0.003840686864539,0.00296342072631573,0.00337119673749753,0.0177157345260951,0.00297262067950996,0.546523420094405,0.00842823093630268,0.692400598066188,0.0045803726935668,0.159486121586679,0.00308731254652393,0.00350816039179836,0.00325882887862645,0.24084236872454,0.00387222575852997,0.00337119673759151,0.0919310519077798,0.00303933181595097,0.00298630207593682,0.00487129438732925,0.00308731254837799,0.00384555977479348,0.00339247987487006,0.00379794888730031,0.0667485728109381,0.00382619379999497,0.003087312538449,0.00383111161519896,0.00308731250770392,0.00371411233868354,0.00417510555750487,0.0497062153142471,0.00308731253965233,0.00379997010035171,0.0030873125383855,0.00382424991451476,0.00380884149559253,0.00387489494486716,0.00308731254313557,0.0038557242440675,0.00865570926780284,0.00297168485127819,0.0030002264464875,0.0117593515936426,0.00392425456015809,0.00300404504352805,0.00382813166567123,0.00320685773020594,0.0032802198267561,0.00340177833832919,0.00297330951552241,0.00297348629984651,0.00354915597035841,0.00381778354199626,0.00369169393385951,0.00300022644785798,0.430243463899713,0.00300022641464973,0.00308731253830484,0.00383050820639786,0.00389337041919858,0.0038101587574712,0.00381533212877547,0.0038122469145259,0.00330364649082379,0.00341192392995372,0.00382977798932127,0.0038951382619067,0.00383974231262893,0.00378445629157355,0.00381401138124355,0.00385270341343285
0.00412223209273966,0.0100535317932806,0.00412867567787688,0.00421205638182895,0.00402609076415969,0.00572855385379263,0.00563015977457766,0.00402444023690147,0.0202091862065939,0.0040739699290707,0.0106274408221199,0.00427105162340171,0.99998429231719,0.728166295198589,0.0187821012716939,0.00405211517830448,0.517705164898201,0.999970379854869,0.00402010257348686,0.00402777863946681,0.99998516736913,0.999976667484697,0.999980068745061,0.999978444573051,0.0041222320928228,0.99997292885136,0.00412223209443937,0.00420238068537095,0.00412223218523762,0.00404922564775469,0.00403459644849075,0.00413399800707133,0.999979182993804,0.55327493596932,0.988388384786261,0.999985578265742,0.0040253886027422,0.00425650256336122,0.00403729693828917,0.00401377107452724,0.00406162179062808,0.00406218306398437,0.0083757537125474,0.00417136955032632,0.00422268070788632,0.99998694956634,0.00401752721782434,0.00454024472885657,0.00459161644695283,0.0101763691343781,0.00407247512995206,0.960114751147398,0.00403061099944302,0.08244316198505,0.00403778503329808,0.00426822603431351,0.00426809084307573,0.00403698485792738,0.999983534403132,0.00401258535012224,0.00424755294485973,0.999982364350062,0.999937399840682,0.0791454307759061,0.999982044462831,0.209652897250784,0.00430180811252343,0.999981406251402,0.00403514620362231,0.999986398209561,0.749475615410675,0.999987274657535,0.406445988469607,0.00362671835314978,0.999979075212586,0.517682230673889,0.00412223210242708,0.00403681467947665,0.99997693046021,0.322231133569781,0.999984812530057,0.00403044656328429,0.00435562304790571,0.0229539367833988,0.179396847121901,0.00403102299556519,0.00406691463487778,0.00518613746914344,0.0080566469390589,0.0151802165429123,0.00407555456611404,0.00424967745788312,0.00437078051898312,0.00424610331498724,0.999978182896136,0.999981304767418,0.999986883636605,0.00402908960468792,0.00401943624637088,0.00452393519487925,0.00403173027753093,0.00514534961738371,0.00409194965921326,0.00408129689699096,0.00412223210088664,0.999984396321793,0.380628670845803,0.00429210994734461,0.999984994727764,0.999986883750237,0.00421988395864388,0.00424327053452285,0.00409154038891644,0.0489778169245091,0.0041222321027407,0.999979651595619,0.00456706883105185,0.999969647457065,0.00413162350303982,0.99997527541422,0.00412223209281171,0.99997657286995,0.00412223206206664,0.99997620747322,0.00410963870597309,0.0040455780374698,0.00412223209401505,0.999970311942898,0.00412223209274822,0.999974948836164,0.999971972197831,0.999986058125112,0.00412223209749828,0.999982038511124,0.00525022355794997,0.0040145012791859,0.00403514600085021,0.0106521435874784,0.00403543937128815,0.00416853910534388,0.999975618657629,0.999987077041382,0.755738767982437,0.745464464897198,0.0040230715866972,0.00402400268707238,0.450310623137091,0.999973628738525,0.507931022569787,0.0040351460022207,0.427424705642833,0.00403514596901245,0.00412223209266756,0.999976433068067,0.999990030837512,0.999972323387921,0.999973355739937,0.999985958345885,0.00443273150767566,0.00456010818596305,0.999976603498947,0.999991537094372,0.999978131474896,0.999966983196823,0.999973046701335,0.999981064360352
0.00426487203774329,0.999988339432951,0.00427131562288051,0.0172752893980875,0.00582975751920107,0.225257857112694,0.0978258063552003,0.00569959933619281,0.213202988115001,0.124202278586894,0.0973272440543274,0.104850319110611,0.999981136150599,0.00552273687651124,0.0521889706865519,0.00771972099231489,0.510648716269134,0.999986604862979,0.00535751486122454,0.00596244671635641,0.00644477562329256,0.999983191125169,0.99998380172848,0.999988859861073,0.00426487203782643,0.999986949839113,0.004264872039443,0.17495884733265,0.00426487213024126,0.00726119499232028,0.00650047735322899,0.0154153255160515,0.999985250852074,0.00541804230189101,0.00675370177777395,0.00575964320784634,0.00577438208130937,0.999981511990546,0.00597731841171328,0.00704662307015997,0.00606926319484043,0.0067843805415846,0.139583926436777,0.0241380896436184,0.0237618249184187,0.122941321102242,0.00674822061237641,0.00468288467386021,0.999986556787761,0.0276796114734611,0.00940397166778994,0.00580784263684249,0.00618625385485333,0.99998482752872,0.00663832836154624,0.0060525988440712,0.12564885359708,0.00656416842687615,0.999985859513024,0.00415522529512587,0.0340757444182812,0.00596621119174533,0.999972621911854,0.999988423507531,0.999982425053951,0.999988746674798,0.999985230700119,0.00499256668098692,0.999985949365674,0.00576546454254644,0.00585617028622162,0.00635296808488999,0.390144850393028,0.00376935829815342,0.999978589997589,0.00534040391188205,0.00426487204743071,0.00590159641650837,0.99998022498722,0.999988161594132,0.999984207896888,0.0477366083473163,0.00720520181232548,0.999985095769864,0.00437051690327484,0.00610495654128579,0.00853877989692009,0.356695212262999,0.0120354285609427,0.134135135190687,0.00721643199842584,0.0224703060082947,0.421920788198299,0.0558302159807206,0.999988097373265,0.00499256655639669,0.999984768729957,0.00562224360625452,0.00530496742732615,0.0990419423470119,0.00611030462922775,0.0107310710387692,0.0141248595693098,0.00547055913010678,0.00426487204589028,0.00564205924860877,0.00482424903913738,0.0384619331933232,0.999988430967384,0.999984768855994,0.0230631707606991,0.0935855939273919,0.0109899476936481,0.260373111740582,0.00426487204774434,0.999987789340809,0.999970206398656,0.99998594261645,0.0161538149773357,0.999987680714032,0.00426487203781535,0.999987471396004,0.00426487200707027,0.717370817782594,0.0166028299141034,0.00595935914151513,0.00426487203901868,0.999985870213799,0.00426487203775186,0.999987569686546,0.999986706487234,0.999988050149485,0.00426487204250192,0.999987819874562,0.0683237490776434,0.00491582129176305,0.999985454774196,0.0313227651784998,0.00653822047059053,0.026185257139525,0.999987782661878,0.598987821293909,0.999985383374572,0.00529375434420274,0.00559168367039459,0.00566508453356195,0.436805448314098,0.999987396994255,0.999986009803045,0.999985458117016,0.00516040448911676,0.999985377117137,0.0042648720376712,0.99998746465301,0.999988205458658,0.999986692911741,0.999987068929025,0.865157920797029,0.701423692976423,0.999985303081984,0.999987375415733,0.999990461197008,0.999987920828454,0.999984790123582,0.999987037036041,0.999987944322596
0.00432541837381081,0.00428275561767396,0.0213104624059002,0.999987600363155,0.999975215447305,0.019534281925576,0.999988696695685,0.999976043252199,0.999988102666023,0.0364000358096428,0.999985729330785,0.999986491738326,0.999982407495794,0.00490577488964955,0.999991268909106,0.999979808532889,0.00468047441193375,0.00504040464205254,0.999978985020617,0.999988389829459,0.999985036676347,0.999987065249918,0.551541254195371,0.568599205928485,0.00432541837389395,0.00505139651749668,0.00432541837551052,0.999988315197192,0.00432541846630877,0.999980059115438,0.9999718324038,0.999985373786789,0.999989339221094,0.558153585244535,0.999986262658839,0.00491518227940916,0.999975703284451,0.00445968884443237,0.999975661745636,0.00421695735559839,0.999976922565528,0.999981647768398,0.999986694009331,0.99998642893906,0.999985795375941,0.00467940946975047,0.0144437255969233,0.596969564648307,0.177989057441873,0.999990140774548,0.999983866926545,0.00500842147572335,0.999971690998682,0.00426753732211771,0.999976099006882,0.999982595467382,0.999985884746705,0.99997584563462,0.999988445945718,0.00421577163119339,0.99998690258402,0.983493709959323,1.00002480879971,0.00433105565356469,0.999985184255681,0.00431496031516111,0.290466733268169,0.00420152659960126,0.00423833248469347,0.554717808876822,0.749709983499621,0.999983905495375,0.400357935448817,0.00382990463422094,0.999983932658087,0.520091141065466,0.00432541838349823,0.999977475819656,0.999983316703088,0.218390008142082,0.999985520427333,0.00423363284435544,0.816829495504134,0.855880959012328,0.00428116192597696,0.999975523852512,0.999980328208009,0.999990534033577,0.999984569517465,0.0321554412472064,0.999982277927887,0.999988482609852,0.999988321277473,0.999986760394462,0.00507879269997287,0.0042015265617496,0.0046093025729314,0.999980004680084,0.999979381666096,0.99998711239894,0.999972256800615,0.999990368276855,0.999988702032507,0.999978437535615,0.00432541838195779,0.00474626622723223,0.00449693471406032,0.9999879953149,0.00511033159396383,0.00460930257302538,0.99998842051556,0.999984327486228,0.999978684608152,0.999982903019357,0.00432541838381185,0.00508366561022734,0.00463058571030393,0.00503605472273417,0.999988652602355,0.00506429963542884,0.00432541837388286,0.00506921745063283,0.00432541834313779,0.0049522181741174,0.999988693002578,0.999975215413279,0.0043254183750862,0.00503807593578558,0.00432541837381937,0.00506235574994863,0.00504694733102639,0.00511300078030102,0.00432541837856943,0.00509383007950137,0.99998676002723,0.999981240291287,0.00423833228192136,0.99998936950647,0.999977141911426,0.999983678511496,0.0050662375011051,0.00444496356563981,0.00451832566218996,0.00463988417376305,0.999976252321202,0.999976609955981,0.363920501519902,0.00505588937743013,0.49849059587113,0.00423833228329185,0.429539776988041,0.0042383322500836,0.00432541837373871,0.00506861404183173,0.00513147625463245,0.00504826459290507,0.00505343796420934,0.00505035274995976,0.00454175232625765,0.00465002976538758,0.00506788382475513,0.0109664175280672,0.0050778481480628,0.00502256212700741,0.00505211721667742,0.00509080924886672
0.00308731253837694,0.111658385156782,0.00309375612351416,0.217848082340967,0.00297388207932639,0.999984812587074,0.497953358496025,0.00297356914975973,0.309166923106372,0.99998393058676,0.26540564446663,0.00304771775669662,0.00440971767763848,0.734641543244647,0.0484644473583448,0.008351793574824,0.00344236857649989,0.00380229880661867,0.00297274699172751,0.00297420640111856,0.00386609332024137,0.00430029571508592,0.0041383454045797,0.00404627792255649,0.00308731253846008,0.00381329068206282,0.00308731254007665,0.00306060367476545,0.00308731263087491,0.0160138845968964,0.00297549497495327,0.139880015576615,0.00425813402825635,0.537075932833733,0.961165350281026,0.941585610910742,0.00297374899566521,0.575401161525224,0.0274211018340224,0.999982341594546,0.0880725697893964,0.065785188417672,0.0212440565169489,0.00300380392861227,0.0307560530781745,0.00738513451875945,0.99998349980235,0.999983549880679,0.124925849145109,0.0532080377820738,0.00572780955545862,0.999982886527382,0.00297473870082273,0.00302943148668385,0.00674345729092871,0.629715963883163,0.00418619677457138,0.00711128280769399,0.0042986203814477,0.999980349064755,0.13874499880881,0.984710956263787,0.00438209301982971,0.169635574477878,0.0043607322327086,0.00307685447972725,0.00313452384594757,0.00296342076416739,0.0030002266492596,0.628439819618152,0.751321935951331,0.999984675600163,0.00358857104876587,0.00259179879878707,0.00437043842020941,0.501250055079429,0.00308731254806436,0.0286714052359614,0.0043609289387231,0.00324424151764133,0.00435363803170156,0.999982087713171,0.999982401203568,0.103464546756707,0.999981617240334,0.00675029586112427,0.0199058332341163,0.553338718241005,0.011074855700236,0.999985111862011,0.086453818534908,0.348253355877407,0.0354332518969829,0.00445686417306518,0.003840686864539,0.00296342072631573,0.00337119673749753,0.0177157345260951,0.00297262067950996,0.546523420094405,0.00842823093630268,0.692400598066188,0.0045803726935668,0.159486121586679,0.00308731254652393,0.00350816039179836,0.00325882887862645,0.24084236872454,0.00387222575852997,0.00337119673759151,0.0919310519077798,0.00303933181595097,0.00298630207593682,0.00487129438732925,0.00308731254837799,0.00384555977479348,0.00339247987487006,0.00379794888730031,0.0667485728109381,0.00382619379999497,0.003087312538449,0.00383111161519896,0.00308731250770392,0.00371411233868354,0.00417510555750487,0.0497062153142471,0.00308731253965233,0.00379997010035171,0.0030873125383855,0.00382424991451476,0.00380884149559253,0.00387489494486716,0.00308731254313557,0.0038557242440675,0.00865570926780284,0.00297168485127819,0.0030002264464875,0.0117593515936426,0.00392425456015809,0.00300404504352805,0.00382813166567123,0.00320685773020594,0.0032802198267561,0.00340177833832919,0.00297330951552241,0.00297348629984651,0.00354915597035841,0.00381778354199626,0.00369169393385951,0.00300022644785798,0.430243463899713,0.00300022641464973,0.00308731253830484,0.00383050820639786,0.00389337041919858,0.0038101587574712,0.00381533212877547,0.0038122469145259,0.00330364649082379,0.00341192392995372,0.00382977798932127,0.0038951382619067,0.00383974231262893,0.00378445629157355,0.00381401138124355,0.00385270341343285
0.00412224926990601,0.0100535217586408,0.00412869285504323,0.00421220918218638,0.00402613150146643,0.00572855781367392,0.00563034168516212,0.00402447915144509,0.0202093749100976,0.00407398710623706,0.0106277733946786,0.00427132555539201,0.999981718078655,0.72815227342869,0.0187820194430747,0.00405218235387558,0.517722622140486,0.999992345557881,0.00402013669740203,0.00402782123490703,0.999968579873162,0.999989462092027,0.999987763166087,0.999989387039785,0.00412224926998915,0.999990332199505,0.00412224927160572,0.00420254347869047,0.00412224936240397,0.00404928636054076,0.00403464657869726,0.00413409699938012,0.999989338132231,0.553264529696242,0.988373901441496,0.999970014231085,0.00402542856455871,0.00425651974052757,0.00403733960966241,0.00401378825169359,0.00406166542112796,0.00406223682980615,0.00837617282279128,0.00417156748614761,0.00422292512829997,0.999975039199891,0.00401754439499069,0.00454026190602292,0.00459182393738346,0.0101764730610637,0.00407256590628553,0.960101013397345,0.00403065672920761,0.0824425392797973,0.00403783707356744,0.00426826649795335,0.00426835117212923,0.0040370358576559,0.999984638032269,0.00401260252728859,0.00424777328964185,0.999974259623439,0.9999549129311,0.0791448768489056,0.999984495469737,0.209651241089006,0.00430200566493812,0.999973292250692,0.00403516338078867,0.999973560598736,0.749462867807367,0.999969407642823,0.406447364630668,0.00362673553031614,0.999987015758995,0.517672650770215,0.00412224927959343,0.00403685628364331,0.999987827895116,0.322228907032924,0.999982046114426,0.00403046374045064,0.00435567862051411,0.0229544605272855,0.179395433000707,0.00403106756635823,0.0040669932181308,0.00518621698039627,0.00805674224396074,0.0151801441800443,0.00407561427052661,0.00424981323498918,0.00437100574523296,0.00424637107221162,0.999985615441747,0.999973190767536,0.999978772920249,0.00402912735606452,0.00401946963440018,0.00452419364550011,0.00403177491414955,0.00514543329347611,0.00409206095480251,0.00408133175635001,0.004122249278053,0.999961766846991,0.380616495667961,0.00429233404825332,0.999980240972603,0.999978773033881,0.00422009852826283,0.00424351803647298,0.00409165339044063,0.048977926165034,0.00412224927990705,0.99998451164608,0.00461214179278751,0.999993132457034,0.004131751698256,0.999988072229,0.00412224926997806,0.999987124881532,0.00412224923923299,0.9999872059752,0.00410976920663073,0.00404562033664749,0.0041222492711814,0.999992766728422,0.00412224926991457,0.999988395790222,0.999991142291047,0.999979032107447,0.00412224927466463,0.99998258636804,0.00525051631625648,0.0040145292175325,0.00403516317801656,0.0106523161209909,0.00403549002489004,0.00416873285550745,0.999987753758905,0.999978964981788,0.755732650558129,0.745447278825536,0.00402310898996922,0.00402404111826146,0.450330295316124,0.999989547160791,0.5079354956685,0.00403516317938705,0.427416568470888,0.0040351631461788,0.00412224926983391,0.999987233255881,0.999975403055836,0.999990899568155,0.999989960250449,0.999980228983496,0.00446312540827981,0.00459666328718601,0.999987321339274,0.999978412976405,0.999985679995664,0.99999562493923,0.999990204514858,0.999983265475123
0.999972140592489,0.00548540413186334,0.999974179277063,0.00514884707386301,0.00497501528256435,0.00506105390717904,0.00532073789529633,0.00497356211822885,0.00539651211564583,0.00502544546363094,0.00537903481795336,0.00519472657218099,0.999994888412997,0.999971421900914,0.00501523187693001,0.00499817704655582,0.999977353409297,0.999954524103818,0.00496974316864086,0.00497650196515958,0.999961680032746,0.999980582964661,0.999974362901663,0.999959369098754,0.999972140759495,0.999955596973393,0.999972144006885,0.00513808937163989,0.999972326403505,0.00499598728556279,0.00498250393394681,0.00507661486139146,0.999962668802001,0.999974254709258,0.974602580332896,0.659082103628422,0.00497439708873289,0.00520797809792146,0.00498601204219951,0.00496524660908747,0.00501023304339355,0.00500969689672251,0.00535358804706702,0.00510327311963581,0.00514955107517898,0.830038437086384,0.00496900275238457,0.613916625108599,0.00524764158549589,0.00509193116493179,0.00501598158362976,0.841309974344452,0.00497899495058351,0.00501591282989867,0.00498548570329768,0.00521718018448922,0.00519323867406019,0.00498479819433911,0.999977125895674,0.00496406088468247,0.00517703014403061,0.00570429171639037,0.999995844542564,0.00595058230835244,0.999987759393354,0.00516237865096485,0.00523375319586419,0.00495091191225532,0.00498662173818255,0.553524599229046,0.999968364280812,0.999967245306283,0.999996981076659,0.00457819388771002,0.999985726399575,0.99997404631488,0.999972160052689,0.0049856453370806,0.999993804559845,0.00924278387124063,0.999993462047156,0.00498192209784452,0.00530294124760613,0.00585692804074268,0.00502964411432854,0.0049795324364135,0.0050117413160552,0.00536637061048528,0.00504883158449452,0.00503287168200612,0.00502242538735952,0.00518831137277338,0.00529972916854356,0.0051704468475418,0.999966276771976,0.00495091187429202,0.00535868744286402,0.00497833742999638,0.0049691565208779,0.00539093621143806,0.0049802325909982,0.00528188461746547,0.00503323435393189,0.00503085786064984,0.99997215695825,0.999979537151743,0.999988409555871,0.00522118044521894,0.999974510387145,0.00535868744295812,0.00514998647389108,0.00516980724296735,0.00503264037049115,0.00542798747172777,0.999972160682706,0.999963753798923,0.999993280097444,0.999952490558774,0.00507107836055859,0.999961159318338,0.99997214073723,0.999960530850438,0.999972078976153,0.999961421883182,0.00504884393771301,0.00499433344151606,0.999972143154505,0.999951554565444,0.999972140609687,0.999960086739092,0.999954702421188,0.999968384856439,0.999972150151669,0.999964223906552,0.00520282375847019,0.00496481162779152,0.00498662153541044,0.00513293306734558,0.00498329018517702,0.00510089588419659,0.999962148279165,0.00519434861663701,0.00526744184214304,0.999978239227665,0.00497235710364831,0.00497317690447399,0.999974631860299,0.9999582248909,0.496481751231441,0.00498662153678093,0.999975529085078,0.00498662150357268,0.999972140447654,0.999960453902953,0.999970579214824,0.999954552862566,0.999956076940588,0.999956757325956,0.999978263466274,0.99997792744918,0.999958129016817,0.999980349901672,0.999964689239434,0.99994878407938,0.999955980481829,0.999966242704018
0.00432541837381081,0.00428275561767396,0.0213104624059002,0.999987600363155,0.999975215447305,0.019534281925576,0.999988696695685,0.999976043252199,0.999988102666023,0.0364000358096428,0.999985729330785,0.999986491738326,0.999982407495794,0.00490577488964955,0.999991268909106,0.999979808532889,0.00468047441193375,0.00504040464205254,0.999978985020617,0.999988389829459,0.999985036676347,0.999987065249918,0.551541254195371,0.568599205928485,0.00432541837389395,0.00505139651749668,0.00432541837551052,0.999988315197192,0.00432541846630877,0.999980059115438,0.9999718324038,0.999985373786789,0.999989339221094,0.558153585244535,0.999986262658839,0.00491518227940916,0.999975703284451,0.00445968884443237,0.999975661745636,0.00421695735559839,0.999976922565528,0.999981647768398,0.999986694009331,0.99998642893906,0.999985795375941,0.00467940946975047,0.0144437255969233,0.596969564648307,0.177989057441873,0.999990140774548,0.999983866926545,0.00500842147572335,0.999971690998682,0.00426753732211771,0.999976099006882,0.999982595467382,0.999985884746705,0.99997584563462,0.999988445945718,0.00421577163119339,0.99998690258402,0.983493709959323,1.00002480879971,0.00433105565356469,0.999985184255681,0.00431496031516111,0.290466733268169,0.00420152659960126,0.00423833248469347,0.554717808876822,0.749709983499621,0.999983905495375,0.400357935448817,0.00382990463422094,0.999983932658087,0.520091141065466,0.00432541838349823,0.999977475819656,0.999983316703088,0.218390008142082,0.999985520427333,0.00423363284435544,0.816829495504134,0.855880959012328,0.00428116192597696,0.999975523852512,0.999980328208009,0.999990534033577,0.999984569517465,0.0321554412472064,0.999982277927887,0.999988482609852,0.999988321277473,0.999986760394462,0.00507879269997287,0.0042015265617496,0.0046093025729314,0.999980004680084,0.999979381666096,0.99998711239894,0.999972256800615,0.999990368276855,0.999988702032507,0.999978437535615,0.00432541838195779,0.00474626622723223,0.00449693471406032,0.9999879953149,0.00511033159396383,0.00460930257302538,0.99998842051556,0.999984327486228,0.999978684608152,0.999982903019357,0.00432541838381185,0.00508366561022734,0.00463058571030393,0.00503605472273417,0.999988652602355,0.00506429963542884,0.00432541837388286,0.00506921745063283,0.00432541834313779,0.0049522181741174,0.999988693002578,0.999975215413279,0.0043254183750862,0.00503807593578558,0.00432541837381937,0.00506235574994863,0.00504694733102639,0.00511300078030102,0.00432541837856943,0.00509383007950137,0.99998676002723,0.999981240291287,0.00423833228192136,0.99998936950647,0.999977141911426,0.999983678511496,0.0050662375011051,0.00444496356563981,0.00451832566218996,0.00463988417376305,0.999976252321202,0.999976609955981,0.363920501519902,0.00505588937743013,0.49849059587113,0.00423833228329185,0.429539776988041,0.0042383322500836,0.00432541837373871,0.00506861404183173,0.00513147625463245,0.00504826459290507,0.00505343796420934,0.00505035274995976,0.00454175232625765,0.00465002976538758,0.00506788382475513,0.0109664175280672,0.0050778481480628,0.00502256212700741,0.00505211721667742,0.00509080924886672
0.00412218718173619,0.0100535057590603,0.00412863076687341,0.00420713544048769,0.00402519880068395,0.00572850674017199,0.00562382601188638,0.00402361380682161,0.0201983355192253,0.00407392501806724,0.0106142400363222,0.00426177566348269,0.99995224056375,0.728162054792627,0.0187812764480895,0.00405027268580746,0.517735931881263,1.00001048068097,0.00401944837980318,0.00402681987093237,0.999980170504548,0.999981395784029,0.999977618593929,1.00000449042824,0.00412218718181933,1.00000775114917,0.0041221871834359,0.0041971004692927,0.00412218727423416,0.00404761551032597,0.00403336678418485,0.00413101161450097,0.999989896128167,0.553271797215359,0.988384202842223,0.99998123529581,0.00402452452029387,0.00425645765235776,0.00403633543975198,0.00401372616352377,0.00406062580882475,0.00406082268921346,0.00836010030738651,0.00416482586372055,0.00421446577109951,0.999987598225127,0.00401748230682087,0.00454019981785311,0.00458464827169141,0.010171429816704,0.00406978412450949,0.960111054842572,0.00402953954324374,0.0824430104397414,0.00403648669692857,0.00426734390992283,0.00425930394650919,0.0040357239318905,0.999982468499469,0.00401254043911877,0.00424020359388368,0.999980852948473,0.999923968224562,0.0791453355804752,0.999965364321761,0.20965257857953,0.00429527821044926,0.999980006306291,0.00403510129261885,0.999983131742803,0.749471899872347,0.999982021266258,0.406445564622972,0.00362667344214632,0.999960775702554,0.517679351985952,0.00412218719142361,0.00403589154997983,0.999965993875081,0.322219969356131,0.999970547357877,0.00403040165228083,0.0043541977141388,0.0229303781459805,0.179396563689723,0.00402999320761134,0.0040646620045373,0.00518362624132715,0.00805262913351395,0.0151801180777806,0.00407398068251318,0.00424536854970123,0.00436325566568683,0.00423704935504989,1.00000403169669,0.999979904822445,0.999985484238821,0.00402830499369271,0.00401880850982775,0.00451519864217025,0.00403069812296497,0.00514267591062598,0.00408852092954462,0.00408061626205773,0.00412218718988318,0.999977263821201,0.380624512842533,0.00428462555318665,0.999998399401033,0.999985484352453,0.00421274224082108,0.00423494480794289,0.00408805032614927,0.0489613541379236,0.00412218719173724,1.00000151793884,0.00462345990078038,1.00001098249689,0.00412758718485371,1.00000613873643,0.00412218718180825,1.00000446657679,0.00412218715106317,1.00000450033622,0.00410551950076463,0.00404462992039618,0.00412218718301158,1.00001010508863,0.00412218718174476,1.00000627762375,1.0000086922881,0.999994703391519,0.00412218718649482,0.999998745189379,0.00523998524428842,0.00401406947386922,0.00403510108984675,0.0106446117606798,0.00403419088946477,0.00416214590475648,1.00000597737419,0.999985677419752,0.755737700760231,0.745459007766181,0.00402229949102809,0.00402319363493071,0.450330156582102,1.00000742809642,0.507920653942102,0.00403510109121723,0.427422228651271,0.00403510105800899,0.00412218718166409,1.00000460973807,0.999990003448107,1.00000827005457,1.0000073425299,0.999992843435442,0.00447073587702597,0.00460582995281809,1.00000397963773,0.999995625646926,1.00000360930648,1.00001347292188,1.00000768298647,1.00000041458977
0.00426486973535162,0.99998802518585,0.00427131332048884,0.0172753647829693,0.00582976890391514,0.225257786089942,0.0978258819886961,0.00569960966198486,0.213203135441468,0.124202236915744,0.0973274466708032,0.104850438953095,0.999979839777511,0.00551966280491204,0.0521889998978881,0.00771974773616155,0.510647697635283,0.999987235190717,0.00535752240393307,0.00596245918054068,0.00644213386240279,0.999982957468619,0.999984203456565,0.999988581453034,0.00426486973543475,0.999987135882271,0.00426486973705133,0.174958877012968,0.00426486982784958,0.00726121798165527,0.00650049419468526,0.0154153689814622,0.999986250881287,0.00541584032467692,0.0067522082716248,0.00575760279206077,0.00577439301550759,0.999981183025456,0.00597733092001033,0.00704661981945452,0.00606927626033567,0.00678439949512722,0.139584151207356,0.02413819002862,0.023761953523927,0.122939109592586,0.00674821746081288,0.00468288237146853,0.999986344802298,0.0276796977084796,0.00940401212234142,0.00580658783842742,0.00618626813990236,0.999984682190346,0.00663834631264074,0.00605261006980032,0.125648958397137,0.00656418577347542,0.999984354467008,0.0041552229927342,0.0340758551043233,0.00596854287822621,0.999973007998839,0.999988271802099,0.999981454887748,0.999988899541227,0.999985010708984,0.00499489831393072,0.999985620326498,0.00576502209964479,0.00585399291873261,0.00634957362796534,0.390142038427674,0.00376935599576174,0.999979235251239,0.00533843290291114,0.00426486974503903,0.0059016083048189,0.999979544012196,0.999988759286102,0.999981022511262,0.0477365917512026,0.00720522181550867,0.999985203837762,0.00437092543408215,0.00610497015303805,0.00853881326798316,0.356695137633892,0.0120354996178379,0.134135116920296,0.007216454401953,0.0224703694176393,0.421920774616868,0.0558303481690854,0.999985668923415,0.00499489818910276,0.999986773084802,0.00562225325631248,0.00530497454252672,0.0990420552313614,0.00611031827922095,0.0107311127273854,0.0141249108764546,0.00547056710006651,0.0042648697434986,0.00563587847521266,0.00481978276383377,0.0384620447238079,0.99998375424506,0.999986773210839,0.0230632815623863,0.0935857014911085,0.0109900010597752,0.260373404553279,0.00426486974535266,0.999985755707431,0.999971502776859,0.999987056707914,0.0161538758404273,0.999986539043733,0.00426486973542367,0.99998635000047,0.0042648697046786,0.717369908833819,0.0166028920153156,0.00595937143358767,0.00426486973662701,0.999987108443765,0.00426486973536018,0.999986675231302,0.999987158403277,0.999984518594789,0.00426486974011024,0.999985475716456,0.0683238993248643,0.00491582524100696,0.999985125735183,0.0313228947841959,0.00653823761610985,0.0261853543234432,0.999986409164645,0.598989957552416,0.999986815485625,0.00528895066309035,0.00559169311822352,0.00566509457855241,0.436807239529482,0.999986992618467,0.999985926389027,0.999985129078002,0.005158636433763,0.999985048078149,0.00426486973527952,0.999986370099834,0.999983855137931,0.999987142332022,0.999987120272636,0.865156651352636,0.701424557768951,0.999986292199441,0.999986725186058,0.999984727536099,0.999985827667688,0.999986926889454,0.999987136271535,0.999985292451633
0.00308731253837694,0.111658385156782,0.00309375612351416,0.217848082340967,0.00297388207932639,0.999984812587074,0.497953358496025,0.00297356914975973,0.309166923106372,0.99998393058676,0.26540564446663,0.00304771775669662,0.00440971767763848,0.734641543244647,0.0484644473583448,0.008351793574824,0.00344236857649989,0.00380229880661867,0.00297274699172751,0.00297420640111856,0.00386609332024137,0.00430029571508592,0.0041383454045797,0.00404627792255649,0.00308731253846008,0.00381329068206282,0.00308731254007665,0.00306060367476545,0.00308731263087491,0.0160138845968964,0.00297549497495327,0.139880015576615,0.00425813402825635,0.537075932833733,0.961165350281026,0.941585610910742,0.00297374899566521,0.575401161525224,0.0274211018340224,0.999982341594546,0.0880725697893964,0.065785188417672,0.0212440565169489,0.00300380392861227,0.0307560530781745,0.00738513451875945,0.99998349980235,0.999983549880679,0.124925849145109,0.0532080377820738,0.00572780955545862,0.999982886527382,0.00297473870082273,0.00302943148668385,0.00674345729092871,0.629715963883163,0.00418619677457138,0.00711128280769399,0.0042986203814477,0.999980349064755,0.13874499880881,0.984710956263787,0.00438209301982971,0.169635574477878,0.0043607322327086,0.00307685447972725,0.00313452384594757,0.00296342076416739,0.0030002266492596,0.628439819618152,0.751321935951331,0.999984675600163,0.00358857104876587,0.00259179879878707,0.00437043842020941,0.501250055079429,0.00308731254806436,0.0286714052359614,0.0043609289387231,0.00324424151764133,0.00435363803170156,0.999982087713171,0.999982401203568,0.103464546756707,0.999981617240334,0.00675029586112427,0.0199058332341163,0.553338718241005,0.011074855700236,0.999985111862011,0.086453818534908,0.348253355877407,0.0354332518969829,0.00445686417306518,0.003840686864539,0.00296342072631573,0.00337119673749753,0.0177157345260951,0.00297262067950996,0.546523420094405,0.00842823093630268,0.692400598066188,0.0045803726935668,0.159486121586679,0.00308731254652393,0.00350816039179836,0.00325882887862645,0.24084236872454,0.00387222575852997,0.00337119673759151,0.0919310519077798,0.00303933181595097,0.00298630207593682,0.00487129438732925,0.00308731254837799,0.00384555977479348,0.00339247987487006,0.00379794888730031,0.0667485728109381,0.00382619379999497,0.003087312538449,0.00383111161519896,0.00308731250770392,0.00371411233868354,0.00417510555750487,0.0497062153142471,0.00308731253965233,0.00379997010035171,0.0030873125383855,0.00382424991451476,0.00380884149559253,0.00387489494486716,0.00308731254313557,0.0038557242440675,0.00865570926780284,0.00297168485127819,0.0030002264464875,0.0117593515936426,0.00392425456015809,0.00300404504352805,0.00382813166567123,0.00320685773020594,0.0032802198267561,0.00340177833832919,0.00297330951552241,0.00297348629984651,0.00354915597035841,0.00381778354199626,0.00369169393385951,0.00300022644785798,0.430243463899713,0.00300022641464973,0.00308731253830484,0.00383050820639786,0.00389337041919858,0.0038101587574712,0.00381533212877547,0.0038122469145259,0.00330364649082379,0.00341192392995372,0.00382977798932127,0.0038951382619067,0.00383974231262893,0.00378445629157355,0.00381401138124355,0.00385270341343285
0.999983307497412,0.00548529992471683,0.999985346132049,0.00513876027210713,0.00497317049411474,0.00506094013829452,0.00530776299811548,0.00497185139036206,0.00537432140188199,0.00502533347639807,0.0053520204412386,0.00517573078103247,0.999937737230882,0.999997701468811,0.00501354919770983,0.00499438777662657,1.00000946274265,0.999988075569862,0.0049683847819178,0.00497452051470757,0.999987848588184,0.999963865064269,0.999952876395571,0.999988373117874,0.99998330766442,0.999988412895024,0.999983310911847,0.00512726760750351,0.999983493310533,0.00499267334054934,0.0049799683165007,0.00507048553402325,0.999961437999419,0.999996445844837,0.974624556098085,0.659102894938929,0.00497260933603937,0.00520786611068859,0.00498402500702607,0.0049651346218546,0.00500817546637356,0.00500689388704248,0.00532155262905414,0.00508986669476228,0.00513272580148325,0.830063877630773,0.0049688907651517,0.613923410668552,0.00523336725327218,0.00508181690272146,0.00501045652481777,0.841329938926904,0.00497678297684147,0.00501571458837393,0.00498280960454814,0.00521535552369297,0.00517524335171375,0.00498219862528758,0.999973914845902,0.0049639488974496,0.00516197558489525,0.00570285439867027,0.99993318084059,0.00595041528810703,0.999950442713177,0.00516204359452167,0.00522037496977871,0.00494970386585747,0.00498650975094968,0.553538858418076,0.999991753779015,0.999996411326075,1.00000336126179,0.00457808190047715,0.9999322352458,0.999995227831235,0.999983326957832,0.00498373679281771,0.999950591260645,0.00922039465566292,0.99997410176239,0.00498181011061165,0.00530000535238358,0.00580874466338883,0.00502933919223318,0.00497740570271117,0.00500711303393077,0.00536121460504203,0.00504059895476756,0.00503266881546708,0.00501918560620141,0.00517947659711736,0.00528431558721775,0.00515190519807984,1.00000460744672,0.00494970382800581,0.00535747983918761,0.0049767122507386,0.00496785225708917,0.00537304397478496,0.00497810101595664,0.00527639630424868,0.00502620014488612,0.00502944538350037,0.999983323863359,1.00001801915313,1.00001700821046,0.00520584963048246,1.00001547667882,0.00535747983928159,0.00513535666645928,0.00515275532842624,0.00502548069334128,0.00539436450650783,0.999983327587857,0.999998873206271,1.00002367781669,0.999984831717428,0.00506280121774328,0.99999704227247,0.999983307642155,0.999995016732044,0.999983245880378,0.999995652134444,0.00504039723428854,0.00499237378058108,0.999983310059457,0.999982756928537,0.999983307514611,0.999995277559571,0.999987396581594,1.00000306332776,0.9999833170567,0.999998174019344,0.00518186092533638,0.00496390817726843,0.00498650954817757,0.00511751607059202,0.00498071607304699,0.00508779730607903,0.999998649932217,0.00519314083189602,0.00526650292844618,1.00001041444021,0.00497075752678592,0.00497150172636761,0.999977478056645,0.999992733357688,0.496451776185735,0.00498650954954806,0.999995428002134,0.00498650951633981,0.999983307352576,0.999994968204162,1.00000437231374,0.999986911456886,0.999989010685637,0.999982582181901,1.00000239562244,1.00000468855226,0.999990669813173,1.00002099723978,1.0000016345766,0.999979700989757,0.999989029384258,1.00000249050478
0.00426481035349973,0.999980368095658,0.00427125393863695,0.0172773274944761,0.00583006545741714,0.225256052864117,0.0978278881267367,0.00569987867805179,0.213207003448533,0.124201218880799,0.0973327269305664,0.104853600666056,0.999947395711231,0.00544272052336028,0.0521897240139219,0.00772044370634036,0.510621601390303,1.00000132579673,0.00535771904547229,0.00596278380583632,0.00637556578306296,0.999976264481334,0.999993304924176,0.999980332802941,0.00426481035358287,0.999990283473462,0.00426481035519944,0.174959736395942,0.00426481044599769,0.00726181631516319,0.00650093265163294,0.0154165027141468,1.0000099212474,0.00536068880355125,0.00671406734299808,0.00570590936425076,0.00577467785327333,0.999973169209314,0.00597765669246572,0.00704653734558881,0.00606961652281846,0.00678489287721488,0.139590037222145,0.0241408048924574,0.0237653002552464,0.12288314587431,0.0067481374011128,0.00468282298961664,0.99998136451684,0.0276819231827379,0.00940506464157171,0.0057743822986847,0.00618664011707427,0.999981117446351,0.00663881362590613,0.00605290248887341,0.125651740742714,0.00656463736674657,0.999946178255907,0.00415516361088231,0.0340787423442593,0.00602503675786717,0.999982067299094,0.999984553046706,0.999956837857246,0.999992560012825,0.999979823851554,0.00505138766808136,0.999977604706325,0.00575286955142534,0.00579921398929507,0.00626437598551876,0.390072106566206,0.00376929661390986,0.999994679727523,0.00528903948805344,0.00426481036318715,0.00590191795442663,0.999962074061598,1.00000350683871,0.999901494980887,0.0477361843085749,0.00720574249366593,0.999988454901302,0.00438082009755345,0.00610532462102114,0.00853968157997458,0.356693382744458,0.0120373315256575,0.134134666571336,0.00721703750143532,0.022472024154792,0.42192064056075,0.0558338045765126,0.999924195705876,0.00505138753749362,1.00003529313398,0.00562250469980724,0.0053051600666535,0.0990450330696731,0.00611067374166535,0.0107321945748797,0.0141262473860428,0.00547077485234069,0.00426481036164672,0.00548173425913835,0.00470881056074956,0.038464956136829,0.999866759841492,1.00003529326003,0.0230661660672533,0.0935885388040514,0.0109913893465771,0.260380956044001,0.00426481036350077,0.999934095091303,1.00000314534161,1.0000131085278,0.0161554612870543,0.999956864292809,0.00426481035357178,0.999957207210735,0.00426481032282671,0.717345983032061,0.0166045098269194,0.00595969158309036,0.00426481035477512,1.00001624848953,0.00426481035350829,0.99996311462923,0.999996867411727,0.999895916779025,0.00426481035825835,0.999926181597867,0.0683278268289109,0.00491592843392912,0.999977110118961,0.0313262455344508,0.00653868398026512,0.0261878872156991,0.999951001536707,0.59904168948865,1.0000214706729,0.00516918904934106,0.00559193930272056,0.0056653562923296,0.436850965443758,0.999975537005622,0.999983690141863,0.999977113461753,0.00511437388453421,0.999977032462547,0.00426481035342763,0.999957888819455,0.999875075881664,0.999996797416143,0.999986942365537,0.865124039589529,0.70144566545524,1.00001043797862,0.999969249575212,0.999841667249064,0.999932657026421,1.00003823883056,0.999988137155426,0.999918355239299
0.999970638316248,0.00548572169424165,0.999972677007589,0.00514954846251694,0.00497515873997209,0.00506116209238183,0.00532169762239204,0.00497369650059809,0.00539882875277062,0.00502547162155051,0.00538119375363941,0.00519603104206876,1.00000128342709,0.999960961624295,0.00501610887048868,0.00499845213284292,0.999959832309403,0.999961442162719,0.00496985369978273,0.00497665467370518,0.999963024113648,0.999985504129626,0.999990884436817,0.999965997489856,0.999970638483253,0.999961651031464,0.999970641730639,0.00513884051251595,0.999970824126978,0.00499623019541279,0.00498269415603068,0.00507704835450399,0.999983883155114,0.999967197853304,0.974614613777571,0.65908973454184,0.00497453668518709,0.00520800425584103,0.0049861651287948,0.00496527276700705,0.00501039090521777,0.00500990521953938,0.005355973871553,0.00510419922540606,0.00515070861500703,0.830041086172844,0.00496902891030415,0.613915716560645,0.00524864033553829,0.00509293903495675,0.00501637417165077,0.841323713897072,0.00497916326407194,0.0050199101374268,0.0049856854350615,0.00521732227938439,0.00519447541865017,0.004984992745535,0.999978534587389,0.00496408704260204,0.00517806781788118,0.00575475790059531,1.00000289129422,0.00595438770012155,0.99999351372723,0.00517281632455051,0.00523467739275801,0.00500140065967786,0.00498664789610212,0.553547681857986,0.999967077900806,0.999961381013733,0.999971247776669,0.00457822004562959,1.00000435788785,0.99996819536564,0.999970657776418,0.0049857931103465,0.99999513197008,0.00926035995631905,0.999979435088549,0.0049819482557641,0.00530315856591883,0.00586111784641857,0.00503855299781452,0.00497969497969994,0.0050120731980671,0.00536677685879204,0.0050496071602772,0.00503346549389411,0.00502266327679392,0.00518892800731976,0.00530079114588537,0.00517172057496075,0.999952219853951,0.00500140061657468,0.00540915580738127,0.00497846602127548,0.00496926338824551,0.00539216892721742,0.00498039546201214,0.00528231554688447,0.00503372910170918,0.00503097205336539,0.999970654681984,0.999947031800895,0.999954823090688,0.00522223681979542,0.999946375523855,0.00540915580748112,0.00515099539478549,0.00517098012492173,0.00503314361165143,0.00543253101030256,0.999970658406434,0.999956364814508,0.999969684767319,0.999963419690115,0.00507165724695119,0.999956593639544,0.999970638460988,0.999958188597899,0.999970576700006,0.999960011725805,0.00504943430226737,0.00499448467505161,0.99997064087826,0.999964777327586,0.999970638333446,0.999957683228972,0.999962131362952,0.999954970174737,0.999970647875413,0.999957231262014,0.00520431036630646,0.00496489136268112,0.00498664769333002,0.00513432149931911,0.0049834830131032,0.0051018011507231,0.999955601353439,0.00524482531737186,0.00530553971373921,0.99995172483071,0.00497248396181005,0.00497330888035329,0.999984641824874,0.999959054727919,0.49648802109637,0.00498664769470051,0.999969073494844,0.00498664766149226,0.999970638171413,0.999958188306326,0.99995485453766,0.99996248291474,0.999961348743752,0.999966780043094,0.999961866026216,0.999958508978438,0.999960863200739,0.99994794839296,0.999954246600539,0.999966460937221,0.9999612906633,0.999954366320741
0.00308731252840136,0.111658384727468,0.00309375611353857,0.217848081501801,0.0029738820693508,0.999984808728205,0.497953356575991,0.00297356913978415,0.309166921915199,0.999983926727758,0.265405643444186,0.00304771774672104,0.0044097176676629,0.734641540412512,0.0484644471728993,0.00835179354411082,0.0034423685665243,0.00380229879664308,0.00297274698175192,0.00297420639114297,0.00386609331026578,0.00430029570511033,0.00413834539460411,0.0040462779125809,0.00308731252848449,0.00381329067208723,0.00308731253010107,0.00306060366478986,0.00308731262089932,0.0160138845366084,0.00297549496497768,0.13988001503832,0.00425813401828076,0.537075930764598,0.961165346576424,0.941585607279669,0.00297374898568962,0.575401159306165,0.0274211017296982,0.999982337735318,0.0880725694509989,0.0657851881652956,0.0212440564369057,0.00300380391863668,0.0307560529611188,0.00738513449355743,0.999983495943132,0.999983546023478,0.124925848664943,0.0532080375783331,0.00572780953488792,0.999982882671207,0.00297473869084715,0.00302943147670826,0.00674345726641259,0.629715961454383,0.00418619676022744,0.00711128278175761,0.00429862037147211,0.999980345205529,0.138744998274993,0.98471095246636,0.00438209300985412,0.169635573824911,0.00436073222273301,0.00307685446975166,0.00313452383597199,0.0029634207541918,0.00300022663928401,0.628439817196178,0.751321933055922,0.999984671745849,0.00358857103879028,0.00259179878881148,0.00437043841023382,0.501250053148443,0.00308731253808877,0.0286714051268112,0.00436092892874751,0.00324424150766574,0.00435363802172597,0.999982083854008,0.99998239734555,0.103464546360639,0.999981613381356,0.0067502958365768,0.0199058331588199,0.553338716107571,0.0110748556590593,0.99998510800303,0.0864538182027684,0.348253354534962,0.0354332517624956,0.0044568641575703,0.00384068685456341,0.00296342071634015,0.00337119672752195,0.0177157344592238,0.00297262066953437,0.54652341798696,0.00842823090527955,0.692400595395523,0.0045803726774432,0.159486120972668,0.00308731253654834,0.00350816038182277,0.00325882886865086,0.240842367796704,0.00387222574855438,0.00337119672761592,0.0919310515546121,0.00303933180597538,0.00298630206596123,0.00487129437073483,0.0030873125384024,0.00384555976481789,0.00339247986489448,0.00379794887732472,0.0667485725548995,0.00382619379001938,0.00308731252847341,0.00383111160522338,0.00308731249772833,0.00371411232870795,0.00417510554295982,0.0497062151239171,0.00308731252967674,0.00379997009037613,0.00308731252840992,0.00382424990453917,0.00380884148561694,0.00387489493489157,0.00308731253315998,0.00385572423409192,0.0086557092361425,0.0029716848413026,0.00300022643651191,0.0117593515499121,0.00392425454652129,0.00300404503355246,0.00382813165569564,0.00320685772023035,0.00328021981678051,0.0034017783283536,0.00297330950554682,0.00297348628987092,0.00354915596038282,0.00381778353202068,0.00369169392388392,0.00300022643788239,0.430243462242493,0.00300022640467415,0.00308731252832926,0.00383050819642228,0.00389337040922299,0.00381015874749562,0.00381533211879989,0.00381224690455031,0.0033036464808482,0.00341192391997813,0.00382977797934568,0.00389513825193111,0.00383974230265335,0.00378445628159796,0.00381401137126797,0.00385270340345726
0.00412227790237403,0.0100535265747101,0.00412872148751125,0.00421448738927538,0.00402655092472373,0.00572858019952254,0.00563326613109655,0.00402486834062795,0.0202143182543733,0.00407401573870507,0.0106338439032635,0.00427561296640054,0.999994580195199,0.728146767419094,0.0187823418741391,0.00405304030721055,0.517717981017495,0.999985799385196,0.00402044642468682,0.00402827147892511,0.99996201989673,0.999993930824105,0.999992750748487,0.999983353479168,0.00412227790245716,0.999983758686442,0.00412227790407373,0.00420498743850748,0.00412227799487199,0.00405003711600606,0.00403522180148089,0.00413548269524245,0.999989721432138,0.55326043648949,0.988368061587162,0.999963687766398,0.00402583512480095,0.00425654837299559,0.00403779111317735,0.0040138168841616,0.0040621328336252,0.004062872356346,0.008383384876588,0.004174594352763,0.0042267230323643,0.999968402236147,0.0040175730274587,0.00454029053849094,0.00459504541153481,0.0101787327347465,0.00407381532420453,0.960095347107434,0.00403115896209642,0.0824422654975176,0.00403844397846147,0.00426868138191239,0.00427241295195224,0.00403762550315468,0.999985582499009,0.0040126311597566,0.00425117185249268,0.999970500178756,0.999969966349927,0.0791446145657036,0.999993117910117,0.209650476500121,0.00430502617200891,0.999969478008229,0.00403519201325668,0.999968153824223,0.749457776159139,0.999962304984689,0.406448273869309,0.00362676416278415,0.999999213770714,0.517668875575893,0.00412227791206144,0.00403729008545964,0.999998312359148,0.322232668016524,0.999986891721467,0.00403049237291866,0.00435634411612689,0.0229652566553009,0.179394785187441,0.00403155057544799,0.00406804039007596,0.00518738003071767,0.00805858607803736,0.0151801477305636,0.00407634830015441,0.00425180907831767,0.00437448527672798,0.00425055606270797,0.999977868175585,0.999969376525464,0.999974960230005,0.00402949725185809,0.00401976715558537,0.00452823193746759,0.00403225901508455,0.00514667111022007,0.00409365072452027,0.00408165368240303,0.00412227791052101,0.999953056920291,0.38061199596073,0.00429579491377532,0.999971701138473,0.999974960343636,0.00422340129879087,0.00424736705381793,0.00409327145641012,0.0489853298310066,0.00412227791237507,0.999977186373993,0.00461056773637502,0.999986823006487,0.00413362178118229,0.999980875230087,0.00412227790244608,0.999980076342212,0.004122277871701,0.9999802111252,0.00411167752979118,0.00404606566657475,0.00412227790364941,0.999986603246112,0.00412227790238259,0.999981327339433,0.999984642961716,0.999971404847508,0.00412227790713265,0.999975309406657,0.00525524336941562,0.0040147363451221,0.00403519181048458,0.0106557699429482,0.00403607392920493,0.00417169029484199,0.999980439336655,0.999975151656717,0.755729779917383,0.745440686050162,0.00402347311177082,0.00402442229006829,0.450331795023694,0.999982662570781,0.507942407259968,0.00403519181185506,0.427413379516753,0.00403519177864682,0.00412227790230193,0.999980188016817,0.999967677033431,0.999984434189563,0.999983343377297,0.999974026886282,0.00446207350386793,0.00459539222139858,0.999980582208921,0.999969663031422,0.999978153032137,0.999989699195835,0.999983586897977,0.999975680725772
0.00432541872236569,0.00428275596622884,0.0213104672180049,0.999987834600536,0.999975472733903,0.0195342862757568,0.999988922830145,0.999976300913613,0.999988303099872,0.0364000446030676,0.999985916274417,0.999986701094782,0.999982425871322,0.00490577523820443,0.999991526687073,0.999980060386776,0.00468047476048863,0.00504040499060742,0.999979243667335,0.999988646737651,0.999985297161916,0.999987187275583,0.551541261114559,0.568599348475848,0.00432541872244882,0.00505139686605156,0.0043254187240654,0.999988547386014,0.00432541881486365,0.999980312296789,0.999972087759158,0.999985619089477,0.999989525520463,0.55815373102192,0.999986523089535,0.00491518262796403,0.999975960730549,0.00445968919298725,0.999975918632392,0.00421695770415326,0.999977179249338,0.999981902372789,0.999986866937299,0.999986653921711,0.999986010802878,0.00467940981830535,0.0144437286330332,0.596969720688776,0.177989063867646,0.999990374969404,0.999984113931533,0.00500842182427823,0.999971947258345,0.00426753767067259,0.999976353970438,0.99998285274844,0.999986096896104,0.999976100811916,0.99998861052793,0.00421577197974827,0.9999871229468,0.983493966916264,1.00002479865286,0.00433105600211957,0.999985255258346,0.00431496066371599,0.290466771767699,0.00420152694815614,0.00423833283324834,0.554717953757733,0.749710179476649,0.999984167288498,0.400357974421277,0.00382990498277581,0.999983968110764,0.520091276847911,0.0043254187320531,0.999977732926085,0.999983360218203,0.218390003278649,0.999985624175589,0.00423363319291032,0.816829701511136,0.855881048891348,0.00428116227453184,0.999975780350981,0.999980577716446,0.999990781980726,0.99998480896821,0.0321554487032225,0.999982531309892,0.999988720331998,0.999988540606194,0.999986971025064,0.00507879304852774,0.00420152691030448,0.00460930292148628,0.999980262580085,0.999979640464151,0.999987324784621,0.999972513284527,0.999990615318699,0.999988944821585,0.999978696015134,0.00432541873051267,0.0047462665757871,0.00449693506261519,0.99998821489522,0.00511033194251871,0.00460930292158026,0.999988642071501,0.999984542274808,0.999978927044521,0.999983071619787,0.00432541873236673,0.00508366595878222,0.00463058605885881,0.00503605507128905,0.999988891911944,0.00506429998398371,0.00432541872243774,0.00506921779918771,0.00432541869169267,0.00495221852267228,0.99998893184471,0.999975472374142,0.00432541872364108,0.00503807628434046,0.00432541872237425,0.00506235609850351,0.00504694767958127,0.0051130011288559,0.00432541872712431,0.00509383042805625,0.999986963893797,0.999981500209804,0.00423833263047624,0.999989588889592,0.999977397160519,0.999983904353373,0.00506623784965998,0.00444496391419468,0.00451832601074484,0.00463988452231793,0.999976510293256,0.999976867716879,0.363920545871253,0.00505588972598501,0.498490599829091,0.00423833263184673,0.429539888990904,0.00423833259863848,0.00432541872229359,0.00506861439038661,0.00513147660318732,0.00504826494145995,0.00505343831276422,0.00505035309851464,0.00454175267481253,0.00465003011394246,0.00506788417331001,0.0109664193600094,0.00507784849661768,0.00502256247556229,0.0050521175652323,0.0050908095974216
0.00432541872236569,0.00428275596622884,0.0213104672180049,0.999987834600536,0.999975472733903,0.0195342862757568,0.999988922830145,0.999976300913613,0.999988303099872,0.0364000446030676,0.999985916274417,0.999986701094782,0.999982425871322,0.00490577523820443,0.999991526687073,0.999980060386776,0.00468047476048863,0.00504040499060742,0.999979243667335,0.999988646737651,0.999985297161916,0.999987187275583,0.551541261114559,0.568599348475848,0.00432541872244882,0.00505139686605156,0.0043254187240654,0.999988547386014,0.00432541881486365,0.999980312296789,0.999972087759158,0.999985619089477,0.999989525520463,0.55815373102192,0.999986523089535,0.00491518262796403,0.999975960730549,0.00445968919298725,0.999975918632392,0.00421695770415326,0.999977179249338,0.999981902372789,0.999986866937299,0.999986653921711,0.999986010802878,0.00467940981830535,0.0144437286330332,0.596969720688776,0.177989063867646,0.999990374969404,0.999984113931533,0.00500842182427823,0.999971947258345,0.00426753767067259,0.999976353970438,0.99998285274844,0.999986096896104,0.999976100811916,0.99998861052793,0.00421577197974827,0.9999871229468,0.983493966916264,1.00002479865286,0.00433105600211957,0.999985255258346,0.00431496066371599,0.290466771767699,0.00420152694815614,0.00423833283324834,0.554717953757733,0.749710179476649,0.999984167288498,0.400357974421277,0.00382990498277581,0.999983968110764,0.520091276847911,0.0043254187320531,0.999977732926085,0.999983360218203,0.218390003278649,0.999985624175589,0.00423363319291032,0.816829701511136,0.855881048891348,0.00428116227453184,0.999975780350981,0.999980577716446,0.999990781980726,0.99998480896821,0.0321554487032225,0.999982531309892,0.999988720331998,0.999988540606194,0.999986971025064,0.00507879304852774,0.00420152691030448,0.00460930292148628,0.999980262580085,0.999979640464151,0.999987324784621,0.999972513284527,0.999990615318699,0.999988944821585,0.999978696015134,0.00432541873051267,0.0047462665757871,0.00449693506261519,0.99998821489522,0.00511033194251871,0.00460930292158026,0.999988642071501,0.999984542274808,0.999978927044521,0.999983071619787,0.00432541873236673,0.00508366595878222,0.00463058605885881,0.00503605507128905,0.999988891911944,0.00506429998398371,0.00432541872243774,0.00506921779918771,0.00432541869169267,0.00495221852267228,0.99998893184471,0.999975472374142,0.00432541872364108,0.00503807628434046,0.00432541872237425,0.00506235609850351,0.00504694767958127,0.0051130011288559,0.00432541872712431,0.00509383042805625,0.999986963893797,0.999981500209804,0.00423833263047624,0.999989588889592,0.999977397160519,0.999983904353373,0.00506623784965998,0.00444496391419468,0.00451832601074484,0.00463988452231793,0.999976510293256,0.999976867716879,0.363920545871253,0.00505588972598501,0.498490599829091,0.00423833263184673,0.429539888990904,0.00423833259863848,0.00432541872229359,0.00506861439038661,0.00513147660318732,0.00504826494145995,0.00505343831276422,0.00505035309851464,0.00454175267481253,0.00465003011394246,0.00506788417331001,0.0109664193600094,0.00507784849661768,0.00502256247556229,0.0050521175652323,0.0050908095974216
0.00412224953184584,0.0100535303207751,0.00412869311698306,0.00421299881475717,0.00402626889100764,0.00572856421031342,0.00563136446907112,0.00402460593191817,0.0202111806435123,0.00407398736817688,0.0106299254204799,0.00427282021305994,0.9999885039755,0.728159360422234,0.0187821984850747,0.00405247362262617,0.517709510626143,0.999975535055748,0.00402023559487535,0.00402796943938328,0.999976925770494,0.999982945153936,0.999984747170684,0.99997996802784,0.00412224953192897,0.999976489141355,0.00412224953354555,0.00420339127351748,0.0041222496243438,0.00404954001380208,0.0040348386379388,0.00413457345178628,0.999982905285549,0.553269785110194,0.98838112880026,0.999977769564988,0.00402556144049712,0.0042565200024674,0.00403748825609325,0.00401378851363341,0.0040618196499846,0.00406245004949894,0.00837871392630619,0.00417261982164775,0.00422424801909171,0.999980301591772,0.00401754465693052,0.00454026216796275,0.00459294597253976,0.0101772871581934,0.00407299453907055,0.960107815819407,0.00403082317646065,0.0824428365381666,0.00403804024998965,0.0042684022946651,0.00426976665632605,0.00403723297779547,0.999984377886424,0.00401260278922841,0.00424895605250775,0.999978049264974,0.999949451100446,0.0791451338823345,0.999986347468624,0.209652017075615,0.00430305576888849,0.999977066535366,0.00403516364272849,0.999979859185771,0.749469265001122,0.999978393816309,0.406446922117003,0.00362673579225596,0.999986652978509,0.517677485010012,0.00412224954153325,0.00403699871858826,0.999984909296027,0.322231817712139,0.999985873812109,0.00403046400239047,0.0043559023562866,0.0229583315411089,0.179396097588607,0.0040312272680238,0.00406735088326242,0.00518661923541261,0.00805739975777651,0.0151801927230226,0.00407586205472949,0.004250503786757,0.00437221691981241,0.00424782979075418,0.999977867201624,0.999976965051825,0.999982545680515,0.00402924736653107,0.00401956424878084,0.00452560118770017,0.00403193499894114,0.00514586200609058,0.00409260901626157,0.00408143493434343,0.00412224953999282,0.999973297234501,0.380622794862944,0.00429353867298519,0.999980166786556,0.999982545794148,0.00422124767781998,0.00424485886279893,0.00409221138099023,0.0489807429327604,0.00412224954184688,0.999978589890342,0.00458218063222037,0.999975413539847,0.00413239812098399,0.99997701653205,0.00412224953191789,0.999977585987597,0.00412224950117281,0.999977394530746,0.00411042904777014,0.00404576681678042,0.00412224953312123,0.999975771198475,0.0041222495318544,0.999976960912524,0.999976172394044,0.999980760414578,0.00412224953660446,0.999979495331952,0.00525217022284928,0.00401459211300554,0.00403516343995639,0.0106535514379917,0.00403568513046121,0.00416976082913224,0.999977088693621,0.999982738365508,0.755735498147452,0.745456046481762,0.00402322697435509,0.00402416508545548,0.450318065027949,0.999976564033386,0.507935312296955,0.00403516344132688,0.427420683491083,0.00403516340811863,0.00412224953177374,0.999977533578668,0.999982057051604,0.999976329108406,0.999976623254459,0.999981610614233,0.00444292560370216,0.00457236637639536,0.999977782666531,0.999983727145324,0.999977933281221,0.999974675611945,0.999976506217297,0.99997898779661
0.00426488212647747,0.999990319356771,0.00427132571161469,0.0172749974939886,0.00582971394316785,0.225258301271342,0.0978255684573178,0.00569955991200917,0.2132024908318,0.124202536105014,0.0973264767315274,0.104849914156664,0.999987314769853,0.00553697551614227,0.0521888314500125,0.00771961719578707,0.510653572273057,0.999982713764964,0.00535748634902857,0.00596239890790778,0.00645640638299162,0.999983933826069,0.999981256376655,0.999989403875207,0.0042648821265606,0.999985230781956,0.00426488212817718,0.174958856402309,0.00426488221897543,0.00726110591658143,0.00650041238225614,0.0154151603230693,0.999979543493715,0.00542819165669866,0.00675959157912163,0.00576825256682855,0.00577434027167068,0.999983575127256,0.00597727043030611,0.00704663911896754,0.00606921302875578,0.00678430728948759,0.139583110692559,0.0241377026050012,0.0237613243583157,0.12295089518416,0.00674823603808526,0.00468289476259438,0.999988149540639,0.0276792598298559,0.00940381411396686,0.00581257611452867,0.00618619890710989,0.999985841552397,0.00663825903987443,0.0060525558913904,0.125648524501236,0.00656410147532527,0.999992712155614,0.00415523538386004,0.0340753234150036,0.0059528894726055,0.999970701754219,0.99998947551589,0.999986878045344,0.999988057083374,0.999986856672394,0.00497924200964868,0.999988012968006,0.00576605753215029,0.00586587649583731,0.00636837108235883,0.390158814616644,0.00376936838688759,0.999975085135449,0.00534945263615611,0.00426488213616488,0.00590155086596078,0.999983427300059,0.999985239359921,0.999999655333901,0.047736708270908,0.00720512444476983,0.999985333560747,0.00436817972811741,0.00610490423342213,0.00853865011622637,0.35669577211611,0.0120351344391059,0.134135261969439,0.00721634521953791,0.0224700659896768,0.421921154910006,0.0558297249534975,0.999999411995221,0.00497924188641667,0.999973500435579,0.00562220683150704,0.00530494059131476,0.0990415605939559,0.00611025217142806,0.0107309061069759,0.0141246619890362,0.005470528942733,0.00426488213462445,0.00567143890109636,0.00484603864113269,0.0384615120414675,1.00001089970423,0.999973500561614,0.0230627410989777,0.0935852298453952,0.0109897395157765,0.260371951441696,0.00426488213647851,0.999997074890124,0.999964746482246,0.999979635017912,0.0161535805487193,0.999992587345079,0.00426488212654952,0.999992242307371,0.00426488209580444,0.717374408814962,0.0166025908703019,0.00595931200788675,0.00426488212775286,0.999978921329701,0.00426488212648603,0.999991239543255,0.999983673241642,1.00000471097406,0.00426488213123609,0.999998606771193,0.0683231910408135,0.00491580686891854,0.99998751837551,0.0313222405377075,0.00653815430743924,0.0261848844708592,0.999993848306649,0.598975724216291,0.999977384607417,0.00531664108370494,0.00559164768855201,0.00566504621035261,0.436796387057059,0.999988632712951,0.999986544187615,0.999987521718336,0.00516858229310179,0.99998744071829,0.00426488212640537,0.999992103926289,1.00000888113582,0.999983663388632,0.999986017117054,0.865163140218657,0.701420068462518,0.999981265329529,0.999989773152085,1.00001813434876,0.999997546631257,0.999973403072673,0.999985752005438,1.00000030739453
0.999971710303523,0.00548549108904813,0.999973748990039,0.0051491249329974,0.00497507032178445,0.00506108431733909,0.00532111083911937,0.00497361353316851,0.00539733261168749,0.00502545365718308,0.00537985466016389,0.00519524528269223,0.999997159002247,0.999968444179074,0.00501548403882069,0.0049982846541449,0.999972320985228,0.999956066947222,0.00496978505816234,0.00497656069898858,0.999961898554271,0.999982052501464,0.999979034120622,0.99996090797995,0.999971710470529,0.99995692650028,0.999971713717918,0.00513838710022225,0.999971896114457,0.0049960820429109,0.00498257764948446,0.00507678573160565,0.999968427223735,0.999972231387834,0.974605724441679,0.659084044287375,0.0049744505860115,0.0052079862914736,0.00498607092700947,0.00496525480263962,0.00501029383527738,0.00500977784111462,0.00535451304643835,0.00510364072360693,0.00515001110651866,0.830038988195137,0.00496901094593672,0.613916365150473,0.00524803641311658,0.00509229221400846,0.00501613611765728,0.841313587363932,0.00497905991652811,0.00501699658599921,0.00498556321669768,0.00521723467956533,0.00519373033725125,0.00498487363878579,0.999977562511083,0.00496406907823462,0.0051774423047285,0.00571796329674432,0.999998276400068,0.00595161377544148,0.99998966728274,0.00516520670722019,0.00523412003749105,0.00496458760180091,0.0049866299317347,0.553530768133359,0.999967893111998,0.99996548808404,0.99999000339451,0.00457820208126217,0.999991248110472,0.999972357596976,0.999971729763714,0.00498570209991656,0.999994537454041,0.0092477362496146,0.999989868544666,0.00498193029139667,0.00530302578451188,0.00585848199445219,0.00503205814193094,0.00497959509792378,0.00501187160604219,0.00536652562615409,0.00504911336723741,0.00503303430570969,0.00502251813971404,0.00518855538382504,0.00530015103527938,0.00517095328049319,0.999962139212239,0.00496458756244551,0.00537235761181943,0.00497838653215966,0.00496919694720499,0.00539142588602074,0.00498029538339236,0.00528204920861303,0.00503342968730215,0.00503090121248686,0.999971726669277,0.999970493437411,0.999979153513536,0.00522160007438928,0.999966572947722,0.00537235761191509,0.00515038715157691,0.00517027340146211,0.00503283909584722,0.00542951029932455,0.999971730393731,0.999961459545187,0.999986551809812,0.999955126243442,0.00507130729620364,0.999959598478539,0.999971710448264,0.999959591895224,0.999971648687214,0.999960736367566,0.00504907745736916,0.00499439158627317,0.999971712865538,0.999954825066998,0.999971710320721,0.999959115875884,0.999956400045876,0.999964498947311,0.999971719862699,0.99996206090883,0.00520340890444721,0.00496484121827375,0.00498662972896259,0.0051334433203785,0.00498336494140484,0.00510125516563955,0.999960047173745,0.005208021043408,0.00527776153574431,0.999970868304952,0.00497240551365989,0.00497322735833846,0.999977312356404,0.999958128471172,0.496483712583555,0.00498662973033308,0.999973687134953,0.00498662969712483,0.999971710158688,0.999959534690303,0.999966099013241,0.999956391104926,0.999957195958047,0.999959296600182,0.999973587058995,0.999972389846205,0.999958582330513,0.999971285364788,0.999961542946684,0.99995324466007,0.999957107146052,0.999962730833228
0.00308731252840136,0.111658384727468,0.00309375611353857,0.217848081501801,0.0029738820693508,0.999984808728205,0.497953356575991,0.00297356913978415,0.309166921915199,0.999983926727758,0.265405643444186,0.00304771774672104,0.0044097176676629,0.734641540412512,0.0484644471728993,0.00835179354411082,0.0034423685665243,0.00380229879664308,0.00297274698175192,0.00297420639114297,0.00386609331026578,0.00430029570511033,0.00413834539460411,0.0040462779125809,0.00308731252848449,0.00381329067208723,0.00308731253010107,0.00306060366478986,0.00308731262089932,0.0160138845366084,0.00297549496497768,0.13988001503832,0.00425813401828076,0.537075930764598,0.961165346576424,0.941585607279669,0.00297374898568962,0.575401159306165,0.0274211017296982,0.999982337735318,0.0880725694509989,0.0657851881652956,0.0212440564369057,0.00300380391863668,0.0307560529611188,0.00738513449355743,0.999983495943132,0.999983546023478,0.124925848664943,0.0532080375783331,0.00572780953488792,0.999982882671207,0.00297473869084715,0.00302943147670826,0.00674345726641259,0.629715961454383,0.00418619676022744,0.00711128278175761,0.00429862037147211,0.999980345205529,0.138744998274993,0.98471095246636,0.00438209300985412,0.169635573824911,0.00436073222273301,0.00307685446975166,0.00313452383597199,0.0029634207541918,0.00300022663928401,0.628439817196178,0.751321933055922,0.999984671745849,0.00358857103879028,0.00259179878881148,0.00437043841023382,0.501250053148443,0.00308731253808877,0.0286714051268112,0.00436092892874751,0.00324424150766574,0.00435363802172597,0.999982083854008,0.99998239734555,0.103464546360639,0.999981613381356,0.0067502958365768,0.0199058331588199,0.553338716107571,0.0110748556590593,0.99998510800303,0.0864538182027684,0.348253354534962,0.0354332517624956,0.0044568641575703,0.00384068685456341,0.00296342071634015,0.00337119672752195,0.0177157344592238,0.00297262066953437,0.54652341798696,0.00842823090527955,0.692400595395523,0.0045803726774432,0.159486120972668,0.00308731253654834,0.00350816038182277,0.00325882886865086,0.240842367796704,0.00387222574855438,0.00337119672761592,0.0919310515546121,0.00303933180597538,0.00298630206596123,0.00487129437073483,0.0030873125384024,0.00384555976481789,0.00339247986489448,0.00379794887732472,0.0667485725548995,0.00382619379001938,0.00308731252847341,0.00383111160522338,0.00308731249772833,0.00371411232870795,0.00417510554295982,0.0497062151239171,0.00308731252967674,0.00379997009037613,0.00308731252840992,0.00382424990453917,0.00380884148561694,0.00387489493489157,0.00308731253315998,0.00385572423409192,0.0086557092361425,0.0029716848413026,0.00300022643651191,0.0117593515499121,0.00392425454652129,0.00300404503355246,0.00382813165569564,0.00320685772023035,0.00328021981678051,0.0034017783283536,0.00297330950554682,0.00297348628987092,0.00354915596038282,0.00381778353202068,0.00369169392388392,0.00300022643788239,0.430243462242493,0.00300022640467415,0.00308731252832926,0.00383050819642228,0.00389337040922299,0.00381015874749562,0.00381533211879989,0.00381224690455031,0.0033036464808482,0.00341192391997813,0.00382977797934568,0.00389513825193111,0.00383974230265335,0.00378445628159796,0.00381401137126797,0.00385270340345726
0.999975943495749,0.00548536340367442,0.99997798216331,0.00514509148839367,0.00497433019515055,0.00506101257975116,0.00531590551472148,0.00497292697404415,0.00538823644894617,0.0050254059178547,0.00536896874217062,0.00518765201189441,0.999974482609336,0.999982301106164,0.00501459702053577,0.00499676755766626,0.999990094900666,0.999967381928274,0.00496923928641323,0.00497576596537801,0.999972415362454,0.999975034077927,0.99996661423305,0.999970664632244,0.999975943662755,0.999968263252978,0.999975946910158,0.0051340599816429,0.999976129307482,0.00499475487527957,0.00498156148355485,0.00507433360227426,0.99996218544429,0.999983208390841,0.974611291116633,0.659090711787399,0.00497373324954712,0.00520793855214522,0.00498527396187333,0.00496520706331124,0.00500946868325022,0.00500865483143019,0.005341652963676,0.00509828083435186,0.00514328512431472,0.830048870483434,0.00496896320660834,0.613918935392324,0.00524232577845465,0.00508816119161423,0.00501392544007086,0.841317877464755,0.00497817307114031,0.00501578702983056,0.00498449091768701,0.00521650259547638,0.00518653683065688,0.00498383191927316,0.999976829160439,0.00496402133890624,0.00517142385912568,0.0057030712179835,0.999973180095067,0.00595047054528215,0.999974662448462,0.00516211408503343,0.00522877141581976,0.00494977630731411,0.00498658219240632,0.55353015987032,0.999977806659071,0.999979402915884,1.00000056270949,0.00457815434193379,0.999966058291884,0.999982520141445,0.999975962956024,0.00498493649793364,0.999978632555759,0.00923422509125625,0.999987881924815,0.00498188255206829,0.00530184967683684,0.00583896745813873,0.00502941163368981,0.00497874231248519,0.00501001925968751,0.0053644514274728,0.00504576403075566,0.00503279061613568,0.0050212206062447,0.00518502221990518,0.00529398913270949,0.005163541474214,0.999981921382511,0.00494977626946245,0.00535755228064425,0.00497773415628166,0.00496867280172917,0.00538427273155377,0.00497944066346655,0.00527984160593639,0.0050306159881724,0.00503033382745388,0.999975959861573,0.99999630242955,1.0000006284617,0.00521547124343502,0.999991837473047,0.00535755228073823,0.00514453842693498,0.00516345685881607,0.00502997526256377,0.00541543297695417,0.999975963586043,0.999977956607302,1.00000468275381,0.999964718090819,0.00506799694947501,0.999975449226951,0.99997594364049,0.999974232793937,0.999975881879175,0.999974986036836,0.00504569935814118,0.00499360555924985,0.999975946057775,0.999963274915937,0.999975943512947,0.999974023839561,0.999967248950002,0.999982792303302,0.999975953054965,0.999978019560679,0.00519501572343293,0.00496447722851247,0.00498658198963421,0.00512718730662857,0.00498233339388949,0.00509601828483106,0.999976756375423,0.00519321327335266,0.00526657536990281,0.999992025266676,0.00497176336790718,0.00497255500407648,0.999975290235078,0.999971750265287,0.496470858512988,0.0049865819910047,0.999983418254305,0.00498658195779645,0.999975943350913,0.999974160737315,0.999984829762492,0.999966960077272,0.999968827303208,0.999966896660192,0.999987190069927,0.999987893019583,0.999970897466697,0.999997818953648,0.999979669067149,0.999960152297035,0.999968766452748,0.999981076520686
0.00412228093803053,0.0100535129184368,0.00412872452316775,0.00421358120978006,0.00402639601367178,0.0057285728015015,0.00563208881918047,0.00402472564934338,0.0202122089836274,0.00407401877436157,0.0106313556742211,0.00427389472286891,0.999985821319317,0.728135165664128,0.018782108376334,0.00405270815456482,0.517737368965245,1.00001051389305,0.00402033584967928,0.00402810411098357,0.999948318532735,1.00000438200509,0.999997909115261,0.999996847187907,0.00412228093811367,1.00000393852519,0.00412228093973024,0.00420401426639483,0.00412228103052849,0.00404974828974143,0.00403500392061737,0.00413493724382563,0.999999484137779,0.553251829315424,0.988356151470338,0.999950912034477,0.00402568541261997,0.00425655140865209,0.0040376232361824,0.00401381991981811,0.0040619585266645,0.00406263010239063,0.0083804531450634,0.0041733855860236,0.00422520263385032,0.999959398755976,0.00401757606311521,0.00454029357414744,0.00459375579194594,0.0101777858518702,0.00407332495252135,0.960084109409821,0.00403097058170721,0.0824417634122816,0.00403821329257493,0.00426852830551786,0.00427078590223596,0.00403740179303304,0.999986016497351,0.00401263419541311,0.0042498128565295,0.9999640683691,0.999980201957392,0.0791441759559288,0.999991335123144,0.209649159650458,0.00430381997561959,0.999963062321159,0.00403519504891319,0.999957705473166,0.749447269493117,0.999947563027114,0.406449065623926,0.00362676719844066,1.00000127000282,0.517660955180637,0.00412228094771795,0.00403712936299623,1.00000406715603,0.3222286704384,0.99998161704876,0.00403049540857516,0.00435608974951033,0.022960763875333,0.179393658361292,0.00403136996478075,0.00406763176055954,0.00518691845275361,0.00805782386517974,0.0151800720688796,0.00407606623400556,0.00425101702235798,0.00437309355550313,0.00424887921468314,0.999988609407316,0.999962960839047,0.999968547135591,0.00402936235842193,0.00401966151394194,0.00452661391425926,0.00403207796312401,0.00514617896791128,0.00409302279215807,0.00408153817699451,0.00412228094617752,0.999934249909612,0.38060178846413,0.00429441073681477,0.99997063468668,0.999968547249222,0.0042220810194057,0.00424582599674531,0.00409263208749428,0.0489819962872893,0.00412228094803157,0.999985185513532,0.00465614608062502,1.00001295121413,0.00413288055406024,0.999996728796546,0.00412228093810258,0.999993630171083,0.00412228090735751,0.999994187141438,0.00411092084703588,0.00404590028477129,0.00412228093930592,1.00001164307119,0.00412228093803909,0.999997774319859,1.00000655189649,0.999967687755097,0.00412228094278915,0.999978991123,0.00525333968544129,0.00401466723804213,0.00403519484614108,0.0106543370012653,0.00403585253950926,0.00417050958866795,0.999995683245343,0.999968737501956,0.755724940320581,0.745426392322248,0.00402334055202074,0.00402428283918291,0.450350619942014,1.0000014944427,0.507943548904379,0.00403519484751157,0.427406643410224,0.00403519481430332,0.00412228093795843,0.999993987748239,0.999956426836141,1.00000573693303,1.00000274555853,0.999970998432905,0.00449280352736785,0.00463235448837607,0.999994170271369,0.999960344571661,0.999988916549197,1.00002080346896,1.00000354074346,0.999981140185725
0.00308731253837694,0.111658385156782,0.00309375612351416,0.217848082340967,0.00297388207932639,0.999984812587074,0.497953358496025,0.00297356914975973,0.309166923106372,0.99998393058676,0.26540564446663,0.00304771775669662,0.00440971767763848,0.734641543244647,0.0484644473583448,0.008351793574824,0.00344236857649989,0.00380229880661867,0.00297274699172751,0.00297420640111856,0.00386609332024137,0.00430029571508592,0.0041383454045797,0.00404627792255649,0.00308731253846008,0.00381329068206282,0.00308731254007665,0.00306060367476545,0.00308731263087491,0.0160138845968964,0.00297549497495327,0.139880015576615,0.00425813402825635,0.537075932833733,0.961165350281026,0.941585610910742,0.00297374899566521,0.575401161525224,0.0274211018340224,0.999982341594546,0.0880725697893964,0.065785188417672,0.0212440565169489,0.00300380392861227,0.0307560530781745,0.00738513451875945,0.99998349980235,0.999983549880679,0.124925849145109,0.0532080377820738,0.00572780955545862,0.999982886527382,0.00297473870082273,0.00302943148668385,0.00674345729092871,0.629715963883163,0.00418619677457138,0.00711128280769399,0.0042986203814477,0.999980349064755,0.13874499880881,0.984710956263787,0.00438209301982971,0.169635574477878,0.0043607322327086,0.00307685447972725,0.00313452384594757,0.00296342076416739,0.0030002266492596,0.628439819618152,0.751321935951331,0.999984675600163,0.00358857104876587,0.00259179879878707,0.00437043842020941,0.501250055079429,0.00308731254806436,0.0286714052359614,0.0043609289387231,0.00324424151764133,0.00435363803170156,0.999982087713171,0.999982401203568,0.103464546756707,0.999981617240334,0.00675029586112427,0.0199058332341163,0.553338718241005,0.011074855700236,0.999985111862011,0.086453818534908,0.348253355877407,0.0354332518969829,0.00445686417306518,0.003840686864539,0.00296342072631573,0.00337119673749753,0.0177157345260951,0.00297262067950996,0.546523420094405,0.00842823093630268,0.692400598066188,0.0045803726935668,0.159486121586679,0.00308731254652393,0.00350816039179836,0.00325882887862645,0.24084236872454,0.00387222575852997,0.00337119673759151,0.0919310519077798,0.00303933181595097,0.00298630207593682,0.00487129438732925,0.00308731254837799,0.00384555977479348,0.00339247987487006,0.00379794888730031,0.0667485728109381,0.00382619379999497,0.003087312538449,0.00383111161519896,0.00308731250770392,0.00371411233868354,0.00417510555750487,0.0497062153142471,0.00308731253965233,0.00379997010035171,0.0030873125383855,0.00382424991451476,0.00380884149559253,0.00387489494486716,0.00308731254313557,0.0038557242440675,0.00865570926780284,0.00297168485127819,0.0030002264464875,0.0117593515936426,0.00392425456015809,0.00300404504352805,0.00382813166567123,0.00320685773020594,0.0032802198267561,0.00340177833832919,0.00297330951552241,0.00297348629984651,0.00354915597035841,0.00381778354199626,0.00369169393385951,0.00300022644785798,0.430243463899713,0.00300022641464973,0.00308731253830484,0.00383050820639786,0.00389337041919858,0.0038101587574712,0.00381533212877547,0.0038122469145259,0.00330364649082379,0.00341192392995372,0.00382977798932127,0.0038951382619067,0.00383974231262893,0.00378445629157355,0.00381401138124355,0.00385270341343285
0.00426487438297288,0.999988702690428,0.0042713179681101,0.0172752148980604,0.00582974629372493,0.225257938954334,0.0978257353605355,0.00569958916063325,0.2132028466766,0.124202326443639,0.0973270446652047,0.104850204794677,0.999982500623739,0.00552595631978474,0.052188939107764,0.0077196945383257,0.510649804219749,0.999985867413835,0.00535750744508015,0.00596243442059027,0.00644748931038433,0.999983407252689,0.999983318567001,0.999989088143947,0.00426487438305602,0.999986685398595,0.00426487438467259,0.174958826623713,0.00426487447547084,0.00726117226091305,0.00650046071741672,0.0154152827726418,0.999984108627085,0.00542034404180008,0.00675517594712523,0.00576170648189295,0.00577437130251774,0.99998189196806,0.00597730607220952,0.00704662651166989,0.00606925030287708,0.00678436181164793,0.139583707891706,0.0241379905569835,0.0237616976512659,0.122943579573863,0.00674822393927518,0.00468288701908979,0.999986819947795,0.0276795246564903,0.00940393161969665,0.00580906240101919,0.00618623975370773,0.999984997819418,0.00663831062553252,0.00605258777622795,0.125648755370415,0.00656415129021682,0.999987421393143,0.00415522764035546,0.0340756355653014,0.0059635485768314,0.999972207502987,0.999988601233412,0.999983432520157,0.999988576456833,0.99998550194166,0.00498990385380516,0.999986329428833,0.00576580047899125,0.00585841745261464,0.00635649510237481,0.39014787857618,0.003769360643383,0.999977865184036,0.00534246106349253,0.0042648743926603,0.00590158469171853,0.999980941733592,0.999987509607327,0.999987599154886,0.047736627216535,0.00720518204167475,0.999985033567727,0.00437005010898245,0.00610494310771098,0.00853874687207472,0.356695304799736,0.0120353567793128,0.13413515646461,0.00721640984784453,0.0224702437251807,0.421920823468999,0.0558300868023427,0.999990648596615,0.0049899037294864,0.999982484233182,0.00562223410068237,0.00530496043505405,0.0990418346425208,0.00611029115773724,0.0107310295418307,0.0141248089366302,0.0054705512903447,0.00426487439111986,0.00564859805025777,0.00482902298687383,0.0384618237231739,0.999993396577177,0.999982484359219,0.0230630612220061,0.0935854912797589,0.0109898948437837,0.260372817881848,0.00426487439297392,0.999989907603094,0.999968909948984,0.999984683560571,0.0161537549130481,0.999988847017296,0.00426487438304493,0.999988611442707,0.00426487435229986,0.717371721671929,0.0166027686388776,0.00595934701639702,0.00426487438424827,0.999984474604429,0.00426487438298144,0.999988469195643,0.999986157149831,0.999991769834413,0.0042648743877315,0.999990266598534,0.0683236021999544,0.00491581743852319,0.999985834837169,0.0313226351288177,0.00653820353330109,0.026185161353353,0.999989199053368,0.598985384317819,0.999983752337038,0.00529884091303352,0.00559167436533163,0.00566507463641594,0.436803512722097,0.99998776986219,0.999986102703289,0.99998583817999,0.00516225513674058,0.99998575718008,0.00426487438290078,0.999988576069631,0.99999279837983,0.999986145149338,0.999986949009489,0.865159187173683,0.701422829472626,0.999984323548554,0.999988004937147,0.999996556819985,0.999990108750064,0.999982432096903,0.999986866245411,0.999990727818934
0.00432541837381081,0.00428275561767396,0.0213104624059002,0.999987600363155,0.999975215447305,0.019534281925576,0.999988696695684,0.999976043252199,0.999988102666023,0.0364000358096428,0.999985729330785,0.999986491738326,0.999982407495794,0.00490577488964955,0.999991268909105,0.999979808532889,0.00468047441193375,0.00504040464205254,0.999978985020617,0.999988389829459,0.999985036676346,0.999987065249918,0.551541254195371,0.568599205928485,0.00432541837389395,0.00505139651749668,0.00432541837551052,0.999988315197192,0.00432541846630877,0.999980059115438,0.9999718324038,0.999985373786789,0.999989339221094,0.558153585244535,0.999986262658839,0.00491518227940916,0.999975703284451,0.00445968884443237,0.999975661745636,0.00421695735559839,0.999976922565528,0.999981647768398,0.999986694009331,0.99998642893906,0.999985795375941,0.00467940946975047,0.0144437255969233,0.596969564648307,0.177989057441873,0.999990140774548,0.999983866926545,0.00500842147572335,0.999971690998682,0.00426753732211771,0.999976099006881,0.999982595467381,0.999985884746705,0.99997584563462,0.999988445945718,0.00421577163119339,0.99998690258402,0.983493709959323,1.00002480879971,0.00433105565356469,0.99998518425568,0.00431496031516111,0.290466733268169,0.00420152659960126,0.00423833248469346,0.554717808876822,0.749709983499621,0.999983905495375,0.400357935448817,0.00382990463422093,0.999983932658086,0.520091141065466,0.00432541838349823,0.999977475819656,0.999983316703088,0.218390008142082,0.999985520427332,0.00423363284435544,0.816829495504134,0.855880959012328,0.00428116192597696,0.999975523852512,0.999980328208009,0.999990534033577,0.999984569517465,0.0321554412472064,0.999982277927886,0.999988482609852,0.999988321277473,0.999986760394462,0.00507879269997286,0.0042015265617496,0.0046093025729314,0.999980004680084,0.999979381666095,0.999987112398939,0.999972256800615,0.999990368276855,0.999988702032507,0.999978437535615,0.00432541838195779,0.00474626622723223,0.00449693471406031,0.9999879953149,0.00511033159396383,0.00460930257302538,0.99998842051556,0.999984327486227,0.999978684608152,0.999982903019356,0.00432541838381185,0.00508366561022734,0.00463058571030393,0.00503605472273417,0.999988652602355,0.00506429963542883,0.00432541837388286,0.00506921745063283,0.00432541834313779,0.0049522181741174,0.999988693002578,0.999975215413278,0.0043254183750862,0.00503807593578558,0.00432541837381937,0.00506235574994863,0.00504694733102639,0.00511300078030102,0.00432541837856943,0.00509383007950137,0.99998676002723,0.999981240291287,0.00423833228192136,0.99998936950647,0.999977141911426,0.999983678511495,0.0050662375011051,0.0044449635656398,0.00451832566218996,0.00463988417376305,0.999976252321202,0.999976609955981,0.363920501519902,0.00505588937743013,0.49849059587113,0.00423833228329185,0.429539776988041,0.0042383322500836,0.00432541837373871,0.00506861404183173,0.00513147625463244,0.00504826459290507,0.00505343796420934,0.00505035274995976,0.00454175232625765,0.00465002976538758,0.00506788382475513,0.0109664175280672,0.0050778481480628,0.00502256212700741,0.00505211721667742,0.00509080924886672
0.00432541837381081,0.00428275561767396,0.0213104624059002,0.999987600363155,0.999975215447305,0.019534281925576,0.999988696695685,0.999976043252199,0.999988102666023,0.0364000358096428,0.999985729330785,0.999986491738326,0.999982407495794,0.00490577488964955,0.999991268909106,0.999979808532889,0.00468047441193375,0.00504040464205254,0.999978985020617,0.999988389829459,0.999985036676347,0.999987065249918,0.551541254195371,0.568599205928485,0.00432541837389395,0.00505139651749668,0.00432541837551052,0.999988315197192,0.00432541846630877,0.999980059115438,0.9999718324038,0.999985373786789,0.999989339221094,0.558153585244535,0.999986262658839,0.00491518227940916,0.999975703284451,0.00445968884443237,0.999975661745636,0.00421695735559839,0.999976922565528,0.999981647768398,0.999986694009331,0.99998642893906,0.999985795375941,0.00467940946975047,0.0144437255969233,0.596969564648307,0.177989057441873,0.999990140774548,0.999983866926545,0.00500842147572335,0.999971690998682,0.00426753732211771,0.999976099006882,0.999982595467382,0.999985884746705,0.99997584563462,0.999988445945718,0.00421577163119339,0.99998690258402,0.983493709959323,1.00002480879971,0.00433105565356469,0.999985184255681,0.00431496031516111,0.290466733268169,0.00420152659960126,0.00423833248469347,0.554717808876822,0.749709983499621,0.999983905495375,0.400357935448817,0.00382990463422094,0.999983932658087,0.520091141065466,0.00432541838349823,0.999977475819656,0.999983316703088,0.218390008142082,0.999985520427333,0.00423363284435544,0.816829495504134,0.855880959012328,0.00428116192597696,0.999975523852512,0.999980328208009,0.999990534033577,0.999984569517465,0.0321554412472064,0.999982277927887,0.999988482609852,0.999988321277473,0.999986760394462,0.00507879269997287,0.0042015265617496,0.0046093025729314,0.999980004680084,0.999979381666096,0.99998711239894,0.999972256800615,0.999990368276855,0.999988702032507,0.999978437535615,0.00432541838195779,0.00474626622723223,0.00449693471406032,0.9999879953149,0.00511033159396383,0.00460930257302538,0.99998842051556,0.999984327486228,0.999978684608152,0.999982903019357,0.00432541838381185,0.00508366561022734,0.00463058571030393,0.00503605472273417,0.999988652602355,0.00506429963542884,0.00432541837388286,0.00506921745063283,0.00432541834313779,0.0049522181741174,0.999988693002578,0.999975215413279,0.0043254183750862,0.00503807593578558,0.00432541837381937,0.00506235574994863,0.00504694733102639,0.00511300078030102,0.00432541837856943,0.00509383007950137,0.99998676002723,0.999981240291287,0.00423833228192136,0.99998936950647,0.999977141911426,0.999983678511496,0.0050662375011051,0.00444496356563981,0.00451832566218996,0.00463988417376305,0.999976252321202,0.999976609955981,0.363920501519902,0.00505588937743013,0.49849059587113,0.00423833228329185,0.429539776988041,0.0042383322500836,0.00432541837373871,0.00506861404183173,0.00513147625463245,0.00504826459290507,0.00505343796420934,0.00505035274995976,0.00454175232625765,0.00465002976538758,0.00506788382475513,0.0109664175280672,0.0050778481480628,0.00502256212700741,0.00505211721667742,0.00509080924886672
0.999973776557961,0.00548560542238559,0.999975815235261,0.00514703674078376,0.00497469499048848,0.00506110456782735,0.00531844993488535,0.00497326606243577,0.00539307723623751,0.00502543843783693,0.00537438494103179,0.0051913056181284,0.99998625744972,0.999969866495563,0.00501546817413748,0.00499750521936015,0.999972353575766,0.999967220321539,0.00496951081121029,0.00497615696650054,0.999968446111229,0.999980270415234,0.999981204055883,0.99997074223134,0.999973776724967,0.999967477188188,0.999973779972363,0.00513614616761731,0.999973962369284,0.00499540139047959,0.00498205874962764,0.00507551998446209,0.99997751906751,0.999974256222386,0.974616029073376,0.659092080935873,0.00497408710792589,0.00520797107212745,0.00498566603390076,0.00496523958329347,0.00500987428211323,0.00500920337161842,0.0053479504038694,0.00510086264501623,0.00514652252039621,0.830045973830827,0.00496899572659057,0.613917622845474,0.00524508404440667,0.00509033160932166,0.00501499595002388,0.841324171539905,0.00497860827653017,0.00501869855163723,0.00498501512191901,0.00521686353121222,0.00518999859080728,0.004984341448462,0.999977323186545,0.00496405385888847,0.00517432170973323,0.00573970455060993,0.999986550306037,0.00595323955083125,0.999983250891605,0.005169694355947,0.00523134781919203,0.00498639316723959,0.00498661471238855,0.553544112122075,0.9999726989628,0.999969544129602,0.999980139374456,0.00457818686191602,0.999986739971024,0.999974690982016,0.999973796018193,0.00498531351884328,0.999984841132452,0.00925011148425793,0.999978913187075,0.00498191507205052,0.00530242369865013,0.00584887452810102,0.00503588394709019,0.00497916117256997,0.00501091780716154,0.00536547906447918,0.00504749789469667,0.00503324589753316,0.00502185290006654,0.00518672738854322,0.00529695582804365,0.00516710799596941,0.999964997735874,0.00498639312566162,0.00539415436338244,0.00497805684019814,0.00496893394811866,0.00538771685350486,0.00497986045190808,0.0052809345430461,0.00503197588702121,0.00503061572442491,0.999973792923749,0.999964921383226,0.999970969188081,0.00521842206776352,0.999963704008338,0.00539415436348059,0.00514735482877506,0.00516673771468209,0.00503135922069793,0.00542351486318636,0.999973796648212,0.999966481374884,0.999983855193559,0.999967782890573,0.00506959518856527,0.999966130635957,0.999973776702702,0.999966754075987,0.999973714941524,0.99996825488621,0.00504733011152747,0.00499399238209767,0.999973779119982,0.99996821627689,0.99997377657516,0.999966447254652,0.999967548059437,0.999966630071074,0.999973786117157,0.999966937440808,0.00519908188096668,0.00496466151647809,0.00498661450961644,0.00513039014970439,0.00498283804155612,0.00509854106397504,0.999965842641132,0.00522982139967723,0.00529420909959476,0.999966549594017,0.00497208114240592,0.00497288727558157,0.999982608383635,0.999966753743286,0.49647934456487,0.00498661451098693,0.999975478564526,0.00498661447777868,0.999973776413126,0.999966740030353,0.999966921443075,0.999967675317924,0.999967420380355,0.99996971282319,0.999972442134854,0.999970593472328,0.999967531365239,0.999966368438904,0.999965673522116,0.999968601489623,0.999967381428913,0.999966007709268
0.00412222503354016,0.0100535224148889,0.00412866861867738,0.00421074496638713,0.00402585711527489,0.00572854244466049,0.0056284675392124,0.00402422411844369,0.0202062520188866,0.00407396286987121,0.0106239002077531,0.00426857522430027,0.999974794956891,0.728161106327142,0.0187818513989904,0.00405162725937283,0.517718785526546,0.999987920115111,0.00401993252890536,0.00402752711998045,0.999979041323874,0.999981787114068,0.999981718539587,0.999988897765822,0.0041222250336233,0.999987684605475,0.00412222503523987,0.00420097316260136,0.00412222512603813,0.0040487998846676,0.00403427246337845,0.00413320409061754,0.999985175681471,0.553271087992273,0.988383091517541,0.999979928544573,0.00402516241213588,0.00425649550416173,0.00403704468851693,0.00401376401532774,0.00406136031645395,0.00406182411333676,0.00837156220190449,0.00416962404449358,0.00422048813641716,0.999983742587612,0.00401752015862484,0.00454023766965708,0.00458975675095457,0.010175038816535,0.00407176023065307,0.960109806032666,0.00403032933558739,0.082442944334537,0.00403744267815348,0.00426799501742054,0.0042657452702392,0.00403665251018583,0.999983649912784,0.00401257829092274,0.00424559192081283,0.999979653177428,0.999938890279792,0.0791452484854204,0.999978248436859,0.209652340924641,0.00430006629410413,0.9999787231452,0.00403513914442282,0.999981833994245,0.749470940896082,0.999980707685473,0.406446318591724,0.00362671129395029,0.999976428454849,0.51767869167744,0.00412222504322758,0.00403657269356535,0.999977181719223,0.322227429455513,0.999980168573666,0.0040304395040848,0.00435524672048518,0.0229475979544011,0.179396369008969,0.00403075247812012,0.00406631700254829,0.00518546888675236,0.00805556794650385,0.015180169376561,0.00407513850106069,0.0042485297635867,0.00436877254741311,0.00424368630170619,0.999987566642385,0.999978621661488,0.999984201611315,0.00402888467299075,0.00401927327917283,0.00452160295378957,0.00403145912700833,0.00514463747090144,0.00409103741594126,0.00408111977927691,0.00412222504168715,0.999975933605282,0.380624021539485,0.00429011279874451,0.999987401689959,0.999984201724947,0.00421797847723736,0.00424104832637216,0.00409061173881257,0.0489733147647369,0.00412222504354121,0.999987185179042,0.00459575955354046,0.999987969214272,0.00413054872758065,0.99998760129397,0.00412222503361222,0.99998742501026,0.00412222500286714,0.999987299431332,0.0041085417579273,0.00404532936728881,0.00412222503481555,0.999987907507578,0.00412222503354873,0.999987591684593,0.999987765509226,0.999986485153711,0.00412222503829879,0.999986892781388,0.00524748747665469,0.00401439072431931,0.00403513894165072,0.0106501187720044,0.00403511035241998,0.00416683385508049,0.999987613336096,0.99998439457402,0.755736741968279,0.74545802606537,0.00402287000289629,0.00402379121727767,0.450321777092779,0.999987671720933,0.507929511837425,0.0040351389430212,0.427421690250373,0.00403513890981296,0.00412222503346806,0.999987435514778,0.999985852415208,0.999987730200239,0.999987648647438,0.999986269062841,0.00445207256517086,0.00458337355177926,0.999987359342796,0.999988937964672,0.999987445369256,0.999988226296037,0.999987679901532,0.99998713109871
0.00308731253837694,0.111658385156782,0.00309375612351416,0.217848082340967,0.00297388207932639,0.999984812587074,0.497953358496025,0.00297356914975973,0.309166923106372,0.99998393058676,0.26540564446663,0.00304771775669662,0.00440971767763848,0.734641543244647,0.0484644473583448,0.008351793574824,0.00344236857649989,0.00380229880661867,0.00297274699172751,0.00297420640111856,0.00386609332024137,0.00430029571508592,0.0041383454045797,0.00404627792255649,0.00308731253846008,0.00381329068206282,0.00308731254007665,0.00306060367476545,0.00308731263087491,0.0160138845968964,0.00297549497495327,0.139880015576615,0.00425813402825635,0.537075932833733,0.961165350281026,0.941585610910742,0.00297374899566521,0.575401161525224,0.0274211018340224,0.999982341594546,0.0880725697893964,0.065785188417672,0.0212440565169489,0.00300380392861227,0.0307560530781745,0.00738513451875945,0.99998349980235,0.999983549880679,0.124925849145109,0.0532080377820738,0.00572780955545862,0.999982886527382,0.00297473870082273,0.00302943148668385,0.00674345729092871,0.629715963883163,0.00418619677457138,0.00711128280769399,0.0042986203814477,0.999980349064755,0.13874499880881,0.984710956263787,0.00438209301982971,0.169635574477878,0.0043607322327086,0.00307685447972725,0.00313452384594757,0.00296342076416739,0.0030002266492596,0.628439819618152,0.751321935951331,0.999984675600163,0.00358857104876587,0.00259179879878707,0.00437043842020941,0.501250055079429,0.00308731254806436,0.0286714052359614,0.0043609289387231,0.00324424151764133,0.00435363803170156,0.999982087713171,0.999982401203568,0.103464546756707,0.999981617240334,0.00675029586112427,0.0199058332341163,0.553338718241005,0.011074855700236,0.999985111862011,0.086453818534908,0.348253355877407,0.0354332518969829,0.00445686417306518,0.003840686864539,0.00296342072631573,0.00337119673749753,0.0177157345260951,0.00297262067950996,0.546523420094405,0.00842823093630268,0.692400598066188,0.0045803726935668,0.159486121586679,0.00308731254652393,0.00350816039179836,0.00325882887862645,0.24084236872454,0.00387222575852997,0.00337119673759151,0.0919310519077798,0.00303933181595097,0.00298630207593682,0.00487129438732925,0.00308731254837799,0.00384555977479348,0.00339247987487006,0.00379794888730031,0.0667485728109381,0.00382619379999497,0.003087312538449,0.00383111161519896,0.00308731250770392,0.00371411233868354,0.00417510555750487,0.0497062153142471,0.00308731253965233,0.00379997010035171,0.0030873125383855,0.00382424991451476,0.00380884149559253,0.00387489494486716,0.00308731254313557,0.0038557242440675,0.00865570926780284,0.00297168485127819,0.0030002264464875,0.0117593515936426,0.00392425456015809,0.00300404504352805,0.00382813166567123,0.00320685773020594,0.0032802198267561,0.00340177833832919,0.00297330951552241,0.00297348629984651,0.00354915597035841,0.00381778354199626,0.00369169393385951,0.00300022644785798,0.430243463899713,0.00300022641464973,0.00308731253830484,0.00383050820639786,0.00389337041919858,0.0038101587574712,0.00381533212877547,0.0038122469145259,0.00330364649082379,0.00341192392995372,0.00382977798932127,0.0038951382619067,0.00383974231262893,0.00378445629157355,0.00381401138124355,0.00385270341343285
0.00426487071390251,0.999988089872468,0.00427131429903973,0.017275330880143,0.00582976378305081,0.225257801080919,0.0978258423869387,0.00569960501301029,0.213203060877982,0.124202246099838,0.097327353363298,0.104850379091849,0.999980350801473,0.00552089960847859,0.0521889885703892,0.00771973577077297,0.510648074560753,0.999987055588488,0.00535751899519017,0.00596245357862966,0.00644325954312071,0.999983076938627,0.999984106424181,0.999988750192649,0.00426487071398565,0.999987125458468,0.00426487071560222,0.174958851259189,0.00426487080640047,0.00726120768939803,0.00650048664212082,0.0154153491464147,0.999985947310783,0.005416731416806,0.00675291570069851,0.00575851085017858,0.00577438809540763,0.999981252089589,0.00597732529844123,0.00704662099566036,0.00606927039046111,0.00678439100134907,0.139584044298908,0.0241381446953023,0.0237618959029867,0.12294006548299,0.00674821861635479,0.00468288335001943,0.999986362897369,0.0276796603492144,0.0094039940470211,0.0058072043546726,0.00618626172655534,0.999984697934636,0.00663833826558576,0.0060526050197848,0.125648903545666,0.00656417799580299,0.999984964447358,0.00415522397128509,0.0340758045359756,0.00596786589613964,0.999972866120553,0.99998828920619,0.999981849609533,0.99998882868362,0.999985032203789,0.00499422162961343,0.999985689406073,0.00576535089033313,0.00585490819828014,0.00635097242708099,0.390143068986789,0.00376935697431264,0.999979030782037,0.00533923425918077,0.00426487072358993,0.00590160295953576,0.999979810911926,0.999988532699108,0.999982230471779,0.0477365957089623,0.00720521285397687,0.999985088329448,0.00437080712637874,0.00610496403973376,0.00853879834929346,0.356695144091615,0.0120354693414704,0.134135118948932,0.0072164443707506,0.0224703403566913,0.421920749276637,0.0558302865855115,0.99998661802033,0.0049942215048545,0.999986164691566,0.00562224890846679,0.00530497132429514,0.0990419988769733,0.00611031214887526,0.0107310943104328,0.0141248877115512,0.00547056350092672,0.0042648707220495,0.00563828743632164,0.00482146555223554,0.038461993461852,0.999985536174646,0.999986164817602,0.0230632317657659,0.0935856478312194,0.0109899772306409,0.26037327279208,0.00426487072390356,0.999986568616931,0.999970892367653,0.999986700259571,0.0161538483549912,0.999987014915731,0.00426487071397457,0.99998682339139,0.00426487068322949,0.717370318993435,0.0166028639541256,0.00595936590837517,0.0042648707151779,0.999986709648095,0.00426487071391107,0.999987061000284,0.999987048796078,0.999985894428239,0.00426487071866114,0.999986409269661,0.0683238292570291,0.00491582343362765,0.999985194814724,0.0313228383687843,0.00653822992804512,0.0261853102341135,0.999986969642275,0.598989321635206,0.999986373236463,0.00529081741748424,0.0055916888604976,0.00566509005471208,0.436806586375019,0.999987197241156,0.999985942320548,0.999985198157543,0.00515934897673642,0.999985117157685,0.00426487071383041,0.999986833328161,0.999985541026189,0.999987034888965,0.999987159892675,0.865157219306591,0.701424148315556,0.999985810242989,0.999987029142482,0.999986906620645,0.999986656196666,0.99998619243501,0.999987157523539,0.999986332898044
0.00426481443156658,0.999980753088663,0.00427125801670379,0.0172771803436346,0.00583004302786594,0.225256140686257,0.097827723799258,0.00569985829929942,0.213206689384686,0.124201271587716,0.0973323245277873,0.104853349237595,0.999949527218891,0.00544796232283782,0.0521896701876819,0.00772039153098112,0.510623492752569,1.00000060645664,0.00535770405667717,0.00596275928569093,0.00638016476472967,0.999976810757932,0.999992770764088,0.999981046218108,0.00426481443164971,0.999990271886582,0.00426481443326628,0.174959641627745,0.00426481452406454,0.00726177141111193,0.00650089965408871,0.0154164169182762,1.00000845954711,0.00536445136565716,0.00671677454295422,0.00570952040975621,0.00577465629622962,0.999973576785783,0.00597763208688775,0.00704654259502628,0.00606959083812287,0.00678485578922385,0.139589581193296,0.0241406084677341,0.0237650500289838,0.122887046150358,0.00674814252808877,0.00468282706768349,0.99998154893591,0.027681758273313,0.00940498591289044,0.00577669086813656,0.00618661207048668,0.999981243000117,0.00663877847934175,0.00605288036722605,0.125651513438275,0.00656460339089928,0.999948791290264,0.00415516768894915,0.0340785240635569,0.00602145561641562,0.999981513404216,0.999984688456835,0.999958500837829,0.999992227613173,0.999980023316228,0.00504780733750616,0.999978012374306,0.00575385209430507,0.00580298609821754,0.00627021413828144,0.390076797912697,0.0037693006919767,0.99999367438929,0.00529241304204703,0.00426481444125399,0.00590189454956751,0.999963288128112,1.00000242390938,0.999906818552265,0.0477362060424501,0.0072057033728513,0.999988043741685,0.00438019322666189,0.00610529787839755,0.00853961656978201,0.356693447680277,0.0120371972382522,0.134134682120297,0.00721699373190955,0.0224718987335343,0.421920573787723,0.0558335404145542,0.999928451301084,0.00504780720728351,1.00003211734531,0.00562248562973924,0.00530514590580682,0.0990447963098713,0.00611064692498113,0.0107321139619731,0.0141261468901796,0.00547075903609442,0.00426481443971356,0.00549215579765277,0.00471625362886004,0.0384647352823811,0.99987466301746,1.00003211747136,0.02306594999717,0.0935883133131362,0.0109912856122356,0.260380378876187,0.00426481444156762,0.999937681589354,1.00000113562161,1.00001159765175,0.0161553421006983,0.999959022469749,0.00426481443163863,0.999959318228612,0.00426481440089355,0.71734778407681,0.0166043881717174,0.00595966739627126,0.00426481443284196,1.00001452589434,0.00426481443157514,0.999964867547047,0.999996426447465,0.999901910672576,0.0042648144363252,0.999930255961327,0.0683275262690809,0.00491592040454452,0.999977517786741,0.0313259973734189,0.00653865039384643,0.0261876964507179,0.999953539431769,0.599038350654818,1.00001917369456,0.00517728036447795,0.00559192062430655,0.00566533645740157,0.436848167971482,0.999976493701935,0.999983785910089,0.999977521129534,0.00511739054790175,0.999977440130296,0.00426481443149448,0.999959956910572,0.9998823789678,0.999996356984847,0.999987148897829,0.865126315616775,0.701444322298722,1.00000888523625,0.999970581709698,0.999851269152677,0.999936358343561,1.000035066434,0.999988267767696,0.999922948954357
0.00412227661474757,0.0100535270012409,0.00412872019988479,0.00421437812720175,0.00402653088003136,0.00572857933374943,0.00563312594464602,0.00402484974710215,0.0202140822575687,0.00407401445107861,0.010633553083704,0.00427540726712477,0.999993924810419,0.728146893421124,0.0187823275940698,0.0040529992140754,0.517718270373567,0.999986276152092,0.00402043164515075,0.00402824995490658,0.999962208536682,0.999993793398827,0.999992587174352,0.999983726363556,0.0041222766148307,0.999984202001144,0.00412227661644728,0.00420487022068124,0.00412227670724553,0.00405000116812397,0.00403519427876687,0.00413541627167055,0.999989816698774,0.553260533369663,0.988368262361123,0.999963889688106,0.00402581569750395,0.00425654708536913,0.00403776952870584,0.00401381559653514,0.00406211048555886,0.00406284193918932,0.00838303909710417,0.00417444915674092,0.00422654082830456,0.99996863082476,0.00401757173983225,0.00454028925086448,0.00459489089549319,0.0101786248160804,0.00407375544166286,0.960095549907828,0.00403113494273075,0.0824422846328857,0.00403841493507847,0.00426866155509598,0.00427221808245838,0.00403759728818325,0.999985525812086,0.00401262987213014,0.00425100881589969,0.999970755725343,0.999969346453757,0.0791446331272888,0.999992705172854,0.209650528804185,0.00430488128123045,0.999969736241723,0.00403519072563022,0.999968376262273,0.749457918136248,0.999962489384438,0.406448153941095,0.00362676287515769,0.999998702629685,0.517668967229115,0.00412227662443498,0.00403726935062926,0.999997853786852,0.322232511801493,0.999986568161794,0.0040304910852922,0.00435631226052311,0.0229647399075328,0.179394829582268,0.0040315274787808,0.00406799021487941,0.00518732435119613,0.00805849796240681,0.0151801484833755,0.00407631315507434,0.00425171336906006,0.00437431835382488,0.00425035527938301,0.999978237720938,0.999969634758932,0.999975218358672,0.00402947958437094,0.00401975296191423,0.00452803819973143,0.00403223586601128,0.00514661184533778,0.00409357450586911,0.00408163831735393,0.00412227662289455,0.999953205707894,0.380612024079418,0.00429562888679632,0.999971980904156,0.999975218472304,0.00422324286001073,0.00424718239643738,0.00409319387960346,0.0489849779091671,0.00412227662474861,0.99997753731684,0.00461089571634496,0.999987311048325,0.00413353210813693,0.999981284414962,0.00412227661481962,0.999980469163796,0.00412227658407454,0.999980607288144,0.00411158602130187,0.00404604437842135,0.00412227661602296,0.999987083824508,0.00412227661475613,0.999981741365261,0.999985099268335,0.999971668502053,0.00412227661950619,0.999975628775547,0.00525501664129647,0.00401472649013722,0.00403519052285812,0.010655604740073,0.00403604598979722,0.00417154843117092,0.999980843602359,0.999975409828256,0.755729974426561,0.745440793887635,0.0040234557214221,0.00402440408135824,0.450331882870906,0.999983094818304,0.507942105620318,0.00403519052422861,0.427413452997012,0.00403519049102036,0.00412227661467547,0.99998058265916,0.999967884918496,0.999984886163747,0.999983780811847,0.999974300907383,0.00446229420928428,0.00459565795285849,0.99998097642947,0.999969881130291,0.999978523558179,0.999990225257495,0.999984028387057,0.999976012028157
0.999971194824284,0.00548540300509648,0.999973233513071,0.0051491564533815,0.0049750737216608,0.00506105780689918,0.00532113379883025,0.00497361647565034,0.0053971721773623,0.00502545114500272,0.00537985259712616,0.005195307199206,0.999997612947885,0.999971825311047,0.00501526869255599,0.00499829468829912,0.999977450614864,0.999953983527184,0.00496978679850926,0.00497656456513508,0.999961893760835,0.999981931016079,0.99997522316803,0.999959051927213,0.99997119499129,0.999955152800549,0.999971198238677,0.00513842112818727,0.999971380635122,0.00499609045532812,0.00498258340636527,0.00507680374968332,0.999962546940082,0.999974273886656,0.974602302144598,0.659082355443438,0.00497445379129044,0.00520798377929324,0.00498607481221021,0.00496525229045925,0.00501029796115627,0.00500978451029745,0.00535456123226516,0.00510368357004501,0.00515006561755387,0.830038690444299,0.00496900843375635,0.613916048935985,0.00524807814924837,0.00509223455256633,0.00501615207406167,0.841309700364818,0.00497906456918535,0.00501583225697858,0.00498556945287953,0.00521723801076915,0.0051937888403162,0.00498487961385984,0.999978266568092,0.00496406656605425,0.00517749077435239,0.00570320917272584,0.99999862944204,0.00595050498592317,0.999989815348505,0.0051621580875809,0.00523416278771911,0.00494982153446212,0.00498662741955433,0.553524233068472,0.999968364761245,0.999967780902409,0.999998318114143,0.0045781995690818,0.999987564591833,0.999973963176901,0.999971214284465,0.00498570571731813,0.999996282857891,0.00924310667293148,0.999996075142506,0.00498192777921631,0.00530303290708015,0.00585837694096141,0.00502945686083783,0.00497959945975485,0.00501188450277963,0.00536652899837611,0.00504908003473888,0.00503286754455071,0.00502252629909535,0.0051885826324847,0.00530020072983289,0.00517101364754395,0.999966859004748,0.00494982149661046,0.00535759750779227,0.00497838918276252,0.00496919850289262,0.00539148317298604,0.00498029976174135,0.00528205307396504,0.00503345079269979,0.00503090313738218,0.99997121119003,0.9999813255885,0.999989454958277,0.00522164948655567,0.999975876997054,0.00535759750788624,0.00515043417201198,0.00517032868576175,0.00503286062932313,0.0054289630369184,0.999971214914482,0.999964070099158,0.999992753671535,0.999951751207425,0.00507133264230406,0.999961248812315,0.999971194969025,0.999960549218934,0.999971133208007,0.999961392881029,0.00504910338198482,0.00499439537807713,0.999971197386298,0.99995072557786,0.999971194841482,0.999960071219845,0.999954174348547,0.999969121284949,0.999971204383455,0.999964577027532,0.00520346317712662,0.0049648414064469,0.00498662721678223,0.00513339742048972,0.0049833708296237,0.00510129696175088,0.999962334834076,0.00519325850050067,0.00526662059705083,0.999979419739852,0.00497240807691124,0.00497323017952986,0.999974004056774,0.999958033363013,0.496482972749462,0.00498662721815271,0.999975358703864,0.00498662718494447,0.99997119467945,0.999960465699848,0.99997151523296,0.999954009873145,0.999955677892207,0.999956428203161,0.999977600437602,0.999977321830637,0.99995791804642,0.999982014016557,0.999965108215646,0.999947677425285,0.999955572714504,0.999966793521075
0.00432541837381081,0.00428275561767396,0.0213104624059002,0.999987600363155,0.999975215447305,0.019534281925576,0.999988696695685,0.999976043252199,0.999988102666023,0.0364000358096428,0.999985729330785,0.999986491738326,0.999982407495794,0.00490577488964955,0.999991268909106,0.999979808532889,0.00468047441193375,0.00504040464205254,0.999978985020617,0.999988389829459,0.999985036676347,0.999987065249918,0.551541254195371,0.568599205928485,0.00432541837389395,0.00505139651749668,0.00432541837551052,0.999988315197192,0.00432541846630877,0.999980059115438,0.9999718324038,0.999985373786789,0.999989339221094,0.558153585244535,0.999986262658839,0.00491518227940916,0.999975703284451,0.00445968884443237,0.999975661745636,0.00421695735559839,0.999976922565528,0.999981647768398,0.999986694009331,0.99998642893906,0.999985795375941,0.00467940946975047,0.0144437255969233,0.596969564648307,0.177989057441873,0.999990140774548,0.999983866926545,0.00500842147572335,0.999971690998682,0.00426753732211771,0.999976099006882,0.999982595467382,0.999985884746705,0.99997584563462,0.999988445945718,0.00421577163119339,0.99998690258402,0.983493709959323,1.00002480879971,0.00433105565356469,0.999985184255681,0.00431496031516111,0.290466733268169,0.00420152659960126,0.00423833248469347,0.554717808876822,0.749709983499621,0.999983905495375,0.400357935448817,0.00382990463422094,0.999983932658087,0.520091141065466,0.00432541838349823,0.999977475819656,0.999983316703088,0.218390008142082,0.999985520427333,0.00423363284435544,0.816829495504134,0.855880959012328,0.00428116192597696,0.999975523852512,0.999980328208009,0.999990534033577,0.999984569517465,0.0321554412472064,0.999982277927887,0.999988482609852,0.999988321277473,0.999986760394462,0.00507879269997287,0.0042015265617496,0.0046093025729314,0.999980004680084,0.999979381666096,0.99998711239894,0.999972256800615,0.999990368276855,0.999988702032507,0.999978437535615,0.00432541838195779,0.00474626622723223,0.00449693471406032,0.9999879953149,0.00511033159396383,0.00460930257302538,0.99998842051556,0.999984327486228,0.999978684608152,0.999982903019357,0.00432541838381185,0.00508366561022734,0.00463058571030393,0.00503605472273417,0.999988652602355,0.00506429963542884,0.00432541837388286,0.00506921745063283,0.00432541834313779,0.0049522181741174,0.999988693002578,0.999975215413279,0.0043254183750862,0.00503807593578558,0.00432541837381937,0.00506235574994863,0.00504694733102639,0.00511300078030102,0.00432541837856943,0.00509383007950137,0.99998676002723,0.999981240291287,0.00423833228192136,0.99998936950647,0.999977141911426,0.999983678511496,0.0050662375011051,0.00444496356563981,0.00451832566218996,0.00463988417376305,0.999976252321202,0.999976609955981,0.363920501519902,0.00505588937743013,0.49849059587113,0.00423833228329185,0.429539776988041,0.0042383322500836,0.00432541837373871,0.00506861404183173,0.00513147625463245,0.00504826459290507,0.00505343796420934,0.00505035274995976,0.00454175232625765,0.00465002976538758,0.00506788382475513,0.0109664175280672,0.0050778481480628,0.00502256212700741,0.00505211721667742,0.00509080924886672
0.00308731253837694,0.111658385156782,0.00309375612351416,0.217848082340967,0.00297388207932639,0.999984812587074,0.497953358496025,0.00297356914975973,0.309166923106372,0.99998393058676,0.26540564446663,0.00304771775669662,0.00440971767763848,0.734641543244647,0.0484644473583448,0.008351793574824,0.00344236857649989,0.00380229880661867,0.00297274699172751,0.00297420640111856,0.00386609332024137,0.00430029571508592,0.0041383454045797,0.00404627792255649,0.00308731253846008,0.00381329068206282,0.00308731254007665,0.00306060367476545,0.00308731263087491,0.0160138845968964,0.00297549497495327,0.139880015576615,0.00425813402825635,0.537075932833733,0.961165350281026,0.941585610910742,0.00297374899566521,0.575401161525224,0.0274211018340224,0.999982341594546,0.0880725697893964,0.065785188417672,0.0212440565169489,0.00300380392861227,0.0307560530781745,0.00738513451875945,0.99998349980235,0.999983549880679,0.124925849145109,0.0532080377820738,0.00572780955545862,0.999982886527382,0.00297473870082273,0.00302943148668385,0.00674345729092871,0.629715963883163,0.00418619677457138,0.00711128280769399,0.0042986203814477,0.999980349064755,0.13874499880881,0.984710956263787,0.00438209301982971,0.169635574477878,0.0043607322327086,0.00307685447972725,0.00313452384594757,0.00296342076416739,0.0030002266492596,0.628439819618152,0.751321935951331,0.999984675600163,0.00358857104876587,0.00259179879878707,0.00437043842020941,0.501250055079429,0.00308731254806436,0.0286714052359614,0.0043609289387231,0.00324424151764133,0.00435363803170156,0.999982087713171,0.999982401203568,0.103464546756707,0.999981617240334,0.00675029586112427,0.0199058332341163,0.553338718241005,0.011074855700236,0.999985111862011,0.086453818534908,0.348253355877407,0.0354332518969829,0.00445686417306518,0.003840686864539,0.00296342072631573,0.00337119673749753,0.0177157345260951,0.00297262067950996,0.546523420094405,0.00842823093630268,0.692400598066188,0.0045803726935668,0.159486121586679,0.00308731254652393,0.00350816039179836,0.00325882887862645,0.24084236872454,0.00387222575852997,0.00337119673759151,0.0919310519077798,0.00303933181595097,0.00298630207593682,0.00487129438732925,0.00308731254837799,0.00384555977479348,0.00339247987487006,0.00379794888730031,0.0667485728109381,0.00382619379999497,0.003087312538449,0.00383111161519896,0.00308731250770392,0.00371411233868354,0.00417510555750487,0.0497062153142471,0.00308731253965233,0.00379997010035171,0.0030873125383855,0.00382424991451476,0.00380884149559253,0.00387489494486716,0.00308731254313557,0.0038557242440675,0.00865570926780284,0.00297168485127819,0.0030002264464875,0.0117593515936426,0.00392425456015809,0.00300404504352805,0.00382813166567123,0.00320685773020594,0.0032802198267561,0.00340177833832919,0.00297330951552241,0.00297348629984651,0.00354915597035841,0.00381778354199626,0.00369169393385951,0.00300022644785798,0.430243463899713,0.00300022641464973,0.00308731253830484,0.00383050820639786,0.00389337041919858,0.0038101587574712,0.00381533212877547,0.0038122469145259,0.00330364649082379,0.00341192392995372,0.00382977798932127,0.0038951382619067,0.00383974231262893,0.00378445629157355,0.00381401138124355,0.00385270341343285
0.00432541837381081,0.00428275561767396,0.0213104624059002,0.999987600363155,0.999975215447305,0.019534281925576,0.999988696695685,0.999976043252199,0.999988102666023,0.0364000358096428,0.999985729330785,0.999986491738326,0.999982407495794,0.00490577488964955,0.999991268909106,0.999979808532889,0.00468047441193375,0.00504040464205254,0.999978985020617,0.999988389829459,0.999985036676347,0.999987065249918,0.551541254195371,0.568599205928485,0.00432541837389395,0.00505139651749668,0.00432541837551052,0.999988315197192,0.00432541846630877,0.999980059115438,0.9999718324038,0.999985373786789,0.999989339221094,0.558153585244535,0.999986262658839,0.00491518227940916,0.999975703284451,0.00445968884443237,0.999975661745636,0.00421695735559839,0.999976922565528,0.999981647768398,0.999986694009331,0.99998642893906,0.999985795375941,0.00467940946975047,0.0144437255969233,0.596969564648307,0.177989057441873,0.999990140774548,0.999983866926545,0.00500842147572335,0.999971690998682,0.00426753732211771,0.999976099006882,0.999982595467382,0.999985884746705,0.99997584563462,0.999988445945718,0.00421577163119339,0.99998690258402,0.983493709959323,1.00002480879971,0.00433105565356469,0.999985184255681,0.00431496031516111,0.290466733268169,0.00420152659960126,0.00423833248469347,0.554717808876822,0.749709983499621,0.999983905495375,0.400357935448817,0.00382990463422094,0.999983932658087,0.520091141065466,0.00432541838349823,0.999977475819656,0.999983316703088,0.218390008142082,0.999985520427333,0.00423363284435544,0.816829495504134,0.855880959012328,0.00428116192597696,0.999975523852512,0.999980328208009,0.999990534033577,0.999984569517465,0.0321554412472064,0.999982277927887,0.999988482609852,0.999988321277473,0.999986760394462,0.00507879269997287,0.0042015265617496,0.0046093025729314,0.999980004680084,0.999979381666096,0.99998711239894,0.999972256800615,0.999990368276855,0.999988702032507,0.999978437535615,0.00432541838195779,0.00474626622723223,0.00449693471406032,0.9999879953149,0.00511033159396383,0.00460930257302538,0.99998842051556,0.999984327486228,0.999978684608152,0.999982903019357,0.00432541838381185,0.00508366561022734,0.00463058571030393,0.00503605472273417,0.999988652602355,0.00506429963542884,0.00432541837388286,0.00506921745063283,0.00432541834313779,0.0049522181741174,0.999988693002578,0.999975215413279,0.0043254183750862,0.00503807593578558,0.00432541837381937,0.00506235574994863,0.00504694733102639,0.00511300078030102,0.00432541837856943,0.00509383007950137,0.99998676002723,0.999981240291287,0.00423833228192136,0.99998936950647,0.999977141911426,0.999983678511496,0.0050662375011051,0.00444496356563981,0.00451832566218996,0.00463988417376305,0.999976252321202,0.999976609955981,0.363920501519902,0.00505588937743013,0.49849059587113,0.00423833228329185,0.429539776988041,0.0042383322500836,0.00432541837373871,0.00506861404183173,0.00513147625463245,0.00504826459290507,0.00505343796420934,0.00505035274995976,0.00454175232625765,0.00465002976538758,0.00506788382475513,0.0109664175280672,0.0050778481480628,0.00502256212700741,0.00505211721667742,0.00509080924886672
0.00412231590743119,0.0100535814234105,0.00412875949256841,0.0042222343728494,0.00402792811531893,0.00572864651593265,0.00564326582491367,0.00402614192326628,0.020231681400445,0.00407405374376224,0.0106547757534519,0.0042902452116179,1.0000521292653,0.728182240260448,0.0187838386061952,0.00405592027922775,0.517632579115062,0.999875372892791,0.00402144770248165,0.00402975428796947,1.00000362744877,0.999960115500223,0.999980745254167,0.999918269968177,0.00412231590751433,0.999891232980512,0.0041223159091309,0.0042133024335657,0.00412231599992915,0.00405254973587289,0.00403713289532618,0.00414017116730578,0.999951037411279,0.553286722494087,0.988403828276168,1.00000201778917,0.00402716823563734,0.00425658637805276,0.00403927823834182,0.00401385488921877,0.00406367447665347,0.00406499010275431,0.00840816004957204,0.00418490688813139,0.00423967780554693,0.999991270689351,0.00401761103251587,0.00454032854354811,0.0046060332726067,0.0101866011138565,0.00407803679076038,0.960128775970039,0.00403281992975079,0.0824436741272471,0.00404046364248094,0.00427004301696549,0.00428627199056168,0.00403958602163349,0.999984984245593,0.00401266916481377,0.00426275813902587,0.999988119790323,0.999956355317141,0.079145796410175,1.00001530865288,0.209654089766671,0.00431531691410477,0.999986932952214,0.00403523001831385,0.999998845908171,0.749489594822972,1.00000708990063,0.406446741081159,0.00362680216784132,1.00001266161608,0.51769303791164,0.00412231591711861,0.00403871654937154,0.999994114442495,0.322255051827884,1.00001613348059,0.00403053037797582,0.00435856456236887,0.0230027454504232,0.179397889025826,0.0040331456658238,0.00407156878788324,0.00519132898389297,0.00806496574609067,0.0151804406170219,0.0040788036029086,0.00425858844066083,0.00438634903151353,0.00426483732711289,0.999920690992244,0.999986831467675,0.99999240813892,0.00403070471874184,0.00402072660477908,0.00454201227678448,0.00403385784706177,0.00515087760441809,0.00409903852922749,0.00408269676367543,0.00412231591557818,1.0000111798598,0.380644164578115,0.00430759470287432,0.999959901087952,0.999992408252553,0.00423465931839235,0.00426049698508535,0.00409875622842603,0.0490120061396956,0.00412231591743224,0.99993158396111,0.00442748324392431,0.999871206291181,0.00413997018016473,0.999904405592112,0.00412231590750324,0.999912962723373,0.00412231587675817,0.999911518240312,0.0041181569727234,0.00404753163571514,0.00412231590870658,0.999875543920303,0.00412231590743975,0.999902728981457,0.999885400661911,0.999971656923909,0.00412231591218982,0.999946877380033,0.00527141193914339,0.00401538602806933,0.00403522981554174,0.0106677436135243,0.00403801477344715,0.00418176491260071,0.999906181742099,0.99999260244284,0.755742958205539,0.745484929110193,0.00402466079198931,0.00402566839827704,0.45025969708764,0.999894939716474,0.507950186265455,0.00403522981691223,0.427433985477216,0.00403522978370398,0.00412231590735909,0.999912106797637,0.999997575077608,0.999887649191461,0.999893821344351,0.999973991587472,0.00433864985987803,0.00444692729900797,0.999913862450206,0.999990164233609,0.999921264551084,0.999855044400526,0.999891880185646,0.999939686069676
0.00308731253837694,0.111658385156782,0.00309375612351416,0.217848082340967,0.00297388207932639,0.999984812587074,0.497953358496025,0.00297356914975973,0.309166923106372,0.99998393058676,0.26540564446663,0.00304771775669662,0.00440971767763848,0.734641543244647,0.0484644473583448,0.008351793574824,0.00344236857649989,0.00380229880661867,0.00297274699172751,0.00297420640111856,0.00386609332024137,0.00430029571508592,0.0041383454045797,0.00404627792255649,0.00308731253846008,0.00381329068206282,0.00308731254007665,0.00306060367476545,0.00308731263087491,0.0160138845968964,0.00297549497495327,0.139880015576615,0.00425813402825635,0.537075932833733,0.961165350281026,0.941585610910742,0.00297374899566521,0.575401161525224,0.0274211018340224,0.999982341594546,0.0880725697893964,0.065785188417672,0.0212440565169489,0.00300380392861227,0.0307560530781745,0.00738513451875945,0.99998349980235,0.999983549880679,0.124925849145109,0.0532080377820738,0.00572780955545862,0.999982886527382,0.00297473870082273,0.00302943148668385,0.00674345729092871,0.629715963883163,0.00418619677457138,0.00711128280769399,0.0042986203814477,0.999980349064755,0.13874499880881,0.984710956263787,0.00438209301982971,0.169635574477878,0.0043607322327086,0.00307685447972725,0.00313452384594757,0.00296342076416739,0.0030002266492596,0.628439819618152,0.751321935951331,0.999984675600163,0.00358857104876587,0.00259179879878707,0.00437043842020941,0.501250055079429,0.00308731254806436,0.0286714052359614,0.0043609289387231,0.00324424151764133,0.00435363803170156,0.999982087713171,0.999982401203568,0.103464546756707,0.999981617240334,0.00675029586112427,0.0199058332341163,0.553338718241005,0.011074855700236,0.999985111862011,0.086453818534908,0.348253355877407,0.0354332518969829,0.00445686417306518,0.003840686864539,0.00296342072631573,0.00337119673749753,0.0177157345260951,0.00297262067950996,0.546523420094405,0.00842823093630268,0.692400598066188,0.0045803726935668,0.159486121586679,0.00308731254652393,0.00350816039179836,0.00325882887862645,0.24084236872454,0.00387222575852997,0.00337119673759151,0.0919310519077798,0.00303933181595097,0.00298630207593682,0.00487129438732925,0.00308731254837799,0.00384555977479348,0.00339247987487006,0.00379794888730031,0.0667485728109381,0.00382619379999497,0.003087312538449,0.00383111161519896,0.00308731250770392,0.00371411233868354,0.00417510555750487,0.0497062153142471,0.00308731253965233,0.00379997010035171,0.0030873125383855,0.00382424991451476,0.00380884149559253,0.00387489494486716,0.00308731254313557,0.0038557242440675,0.00865570926780284,0.00297168485127819,0.0030002264464875,0.0117593515936426,0.00392425456015809,0.00300404504352805,0.00382813166567123,0.00320685773020594,0.0032802198267561,0.00340177833832919,0.00297330951552241,0.00297348629984651,0.00354915597035841,0.00381778354199626,0.00369169393385951,0.00300022644785798,0.430243463899713,0.00300022641464973,0.00308731253830484,0.00383050820639786,0.00389337041919858,0.0038101587574712,0.00381533212877547,0.0038122469145259,0.00330364649082379,0.00341192392995372,0.00382977798932127,0.0038951382619067,0.00383974231262893,0.00378445629157355,0.00381401138124355,0.00385270341343285
0.00426486764080106,0.999987578517305,0.00427131122593828,0.0172754297438263,0.00582977872871368,0.225257685983987,0.0978259342590683,0.00569961856462633,0.213203241843831,0.124202179169573,0.0973276156402798,0.104850528565263,0.999978594357363,0.00551677224976737,0.0521890277932163,0.00771977093638557,0.510646646871515,0.999987956523084,0.00535752888293988,0.00596246994539056,0.00643978699349208,0.99998277508565,0.999984706864222,0.999988415885596,0.0042648676408842,0.999987420501934,0.00426486764250077,0.174958874215049,0.00426486773329903,0.00726123791228117,0.00650050877146105,0.015415405787162,0.99998738602663,0.00541378105522738,0.00675103653553606,0.00575587433917923,0.00577440244797659,0.999980719160994,0.00597734172327561,0.00704661638436902,0.00606928754883427,0.00678441591120307,0.139584331155607,0.0241382760979933,0.0237620648287584,0.122937170513132,0.00674821416587424,0.00468288027691798,0.99998598543842,0.0276797746880359,0.00940404726246567,0.00580565164998466,0.00618628049044339,0.999984435858659,0.00663836185573954,0.00605261975614758,0.125649031034479,0.00656420079015251,0.999982932337069,0.00415522089818364,0.0340759486694859,0.0059713052879807,0.999973390402625,0.999988017496305,0.999980542509275,0.999989006454538,0.99998464401601,0.00499766123069564,0.999985156357309,0.00576493512631392,0.00585203119847892,0.00634645404853318,0.39013916751087,0.00376935390121119,0.99997995392214,0.00533659777366791,0.00426486765048848,0.00590161856817195,0.99997887657875,0.999989339870511,0.999977855131311,0.0477365694510676,0.00720523914565889,0.999985142116469,0.00437141005329214,0.0061049819172419,0.00853884223948616,0.356695011267998,0.0120355643110162,0.134135085962908,0.00721647382243101,0.0224704228174784,0.421920690978543,0.0558304571803317,0.999983296345736,0.00499766110558606,0.999989073577514,0.00562226157049422,0.0053049806492403,0.0990421397075934,0.00611033007672672,0.0107311493404395,0.0141249548878835,0.00547057395114293,0.00426486764894805,0.00562989697688283,0.00481533400186525,0.038462138298333,0.999979115348652,0.999989073703551,0.0230633771119854,0.0935857820796579,0.010990047443882,0.260373652333486,0.00426486765080211,0.999983805480899,0.999972489950462,0.999988271389291,0.0161539280315248,0.999985471900968,0.00426486764087312,0.999985315469958,0.00426486761012804,0.717369127131587,0.016602945229692,0.00595938204855488,0.00426486764207645,0.999988457065702,0.00426486764080962,0.999985860854677,0.999987709346286,0.999981077899765,0.00426486764555969,0.999983226065949,0.0683240229694267,0.00491582859066267,0.999984661766223,0.031323010112022,0.00653825245767745,0.026185437187545,0.999985105258476,0.598992444415699,0.999988438019018,0.00528428987906151,0.00559170125629511,0.00566510323665919,0.436809056782505,0.999986673211103,0.999985797571545,0.99998466510904,0.00515697651593356,0.999984584109225,0.00426486764072896,0.999985362096226,0.999979605462914,0.999987693760061,0.99998726946688,0.865155564329432,0.70142521065585,0.999987005070215,0.999986177950406,0.999979036854526,0.999983801867239,0.999989174452275,0.999987332223458,0.999982715446665
0.999962804875439,0.0054854691583573,0.99996484360171,0.00515603291919946,0.00497633141735548,0.00506113421213188,0.00532997821400653,0.00497478277916091,0.00541228835624835,0.00502552755023542,0.00539826435871527,0.00520825712809273,1.00003712993441,0.99995488517692,0.00501640483433223,0.00500087798176186,0.999955713915842,0.999930669766728,0.00497071290295463,0.00497791542646145,0.999944925906562,0.999993401308584,0.999989554147839,0.999939161059724,0.999962805042443,0.999932504909916,0.999962808289803,0.00514579863477181,0.999962990684697,0.00499834970885831,0.00498431205608315,0.00508098231414795,0.999962712655534,0.999959635071383,0.974587655390461,0.659069028226199,0.00497567260439777,0.00520806018452594,0.00498742948076968,0.00496532869569195,0.00501170071971574,0.005011695447454,0.005376397628969,0.00511282309932827,0.00516153585474846,0.830022174356237,0.00496908483898905,0.613910947786903,0.00525780914493104,0.0050991252215657,0.00501991869474704,0.841296401176007,0.00498057258354298,0.00501590866221128,0.00498739387193449,0.00521848198497938,0.00520605672659931,0.00498665186085868,0.999980956852862,0.00496414297128695,0.00518775387468624,0.0057034424422329,1.0000413587337,0.00595056173449872,1.00001563710997,0.005162232261178,0.00524328309323969,0.00494989793969483,0.00498670382478703,0.553514672200413,0.999952971506786,0.99994913017062,0.999994868623113,0.0045782759743145,1.00002372118111,0.999959887994907,0.999962824335455,0.00498700687681778,1.00002612760367,0.00925812864088054,1.00001065683871,0.00498200418444901,0.0053050344353688,0.00589121123166418,0.00502953326607053,0.004981049364016,0.00501503977016186,0.00537004345385407,0.00505468950743186,0.00503299757779223,0.00502473499341881,0.0051946055633007,0.00531070858385524,0.00518365397759294,0.999941638532523,0.00494989790184317,0.00535767391302497,0.00497949716581783,0.00497008771048826,0.00540368073964294,0.00498175296645485,0.00528579403888238,0.00503824623582576,0.00503186611651588,0.999962821241045,0.999957664893601,0.999971472541717,0.00523210091668956,0.999949833518587,0.00535767391311895,0.00516040770933578,0.00518195342923574,0.00503774160694273,0.00545185129799508,0.999962824965466,0.999940806585022,0.999971021061517,0.999929038686551,0.00507697542198117,0.99993711876049,0.999962805020179,0.999937332204202,0.999962743259686,0.999938295605686,0.00505486175503086,0.00499573138498835,0.999962807437431,0.999928713503582,0.999962804892637,0.999936296975473,0.999931498544055,0.999946758186041,0.999962814434528,0.999942210977134,0.00521775335744582,0.00496545737041647,0.00498670362201493,0.00514390276532525,0.00498512572205339,0.0051102266248169,0.99993789113792,0.00519333490573337,0.00526669700228353,0.999959299425521,0.00497349860622448,0.00497437224795076,0.999970878215659,0.999934509632699,0.496503407008933,0.00498670362338541,0.999962026061248,0.00498670359017717,0.999962804730606,0.999937219019379,0.999950069218086,0.999931556370917,0.999933007125574,0.999939000844258,0.999960214992281,0.999958112422849,0.999935791942168,0.999956611495512,0.999940664833324,0.999925487892751,0.999932806516557,0.999943037514835
0.00432541837381081,0.00428275561767396,0.0213104624059002,0.999987600363155,0.999975215447305,0.019534281925576,0.999988696695685,0.999976043252199,0.999988102666023,0.0364000358096428,0.999985729330785,0.999986491738326,0.999982407495794,0.00490577488964955,0.999991268909106,0.999979808532889,0.00468047441193375,0.00504040464205254,0.999978985020617,0.999988389829459,0.999985036676347,0.999987065249918,0.551541254195371,0.568599205928485,0.00432541837389395,0.00505139651749668,0.00432541837551052,0.999988315197192,0.00432541846630877,0.999980059115438,0.9999718324038,0.999985373786789,0.999989339221094,0.558153585244535,0.999986262658839,0.00491518227940916,0.999975703284451,0.00445968884443237,0.999975661745636,0.00421695735559839,0.999976922565528,0.999981647768398,0.999986694009331,0.99998642893906,0.999985795375941,0.00467940946975047,0.0144437255969233,0.596969564648307,0.177989057441873,0.999990140774548,0.999983866926545,0.00500842147572335,0.999971690998682,0.00426753732211771,0.999976099006882,0.999982595467382,0.999985884746705,0.99997584563462,0.999988445945718,0.00421577163119339,0.99998690258402,0.983493709959323,1.00002480879971,0.00433105565356469,0.999985184255681,0.00431496031516111,0.290466733268169,0.00420152659960126,0.00423833248469347,0.554717808876822,0.749709983499621,0.999983905495375,0.400357935448817,0.00382990463422094,0.999983932658087,0.520091141065466,0.00432541838349823,0.999977475819656,0.999983316703088,0.218390008142082,0.999985520427333,0.00423363284435544,0.816829495504134,0.855880959012328,0.00428116192597696,0.999975523852512,0.999980328208009,0.999990534033577,0.999984569517465,0.0321554412472064,0.999982277927887,0.999988482609852,0.999988321277473,0.999986760394462,0.00507879269997287,0.0042015265617496,0.0046093025729314,0.999980004680084,0.999979381666096,0.99998711239894,0.999972256800615,0.999990368276855,0.999988702032507,0.999978437535615,0.00432541838195779,0.00474626622723223,0.00449693471406032,0.9999879953149,0.00511033159396383,0.00460930257302538,0.99998842051556,0.999984327486228,0.999978684608152,0.999982903019357,0.00432541838381185,0.00508366561022734,0.00463058571030393,0.00503605472273417,0.999988652602355,0.00506429963542884,0.00432541837388286,0.00506921745063283,0.00432541834313779,0.0049522181741174,0.999988693002578,0.999975215413279,0.0043254183750862,0.00503807593578558,0.00432541837381937,0.00506235574994863,0.00504694733102639,0.00511300078030102,0.00432541837856943,0.00509383007950137,0.99998676002723,0.999981240291287,0.00423833228192136,0.99998936950647,0.999977141911426,0.999983678511496,0.0050662375011051,0.00444496356563981,0.00451832566218996,0.00463988417376305,0.999976252321202,0.999976609955981,0.363920501519902,0.00505588937743013,0.49849059587113,0.00423833228329185,0.429539776988041,0.0042383322500836,0.00432541837373871,0.00506861404183173,0.00513147625463245,0.00504826459290507,0.00505343796420934,0.00505035274995976,0.00454175232625765,0.00465002976538758,0.00506788382475513,0.0109664175280672,0.0050778481480628,0.00502256212700741,0.00505211721667742,0.00509080924886672
0.00412221451597115,0.0100535094831571,0.00412865810110837,0.00420909026992706,0.00402556097483275,0.00572852692128153,0.00562633317442105,0.00402395007561348,0.0202025564098822,0.00407395235230219,0.010619437357921,0.00426545203213373,0.999962812147848,0.728155195421018,0.0187815391474509,0.00405101060415866,0.517734813584776,1.00000854521874,0.00401971656353309,0.00402720845312651,0.999972047434529,0.999987316943288,0.999983180032302,1.00000122505793,0.00412221451605428,1.00000506138586,0.00412221451767086,0.00419919732006596,0.00412221460846911,0.00404826157869904,0.00403386245150033,0.00413220171664779,0.99999195941498,0.553266703288025,0.988377040673954,0.999973482082037,0.00402487567307017,0.00425648498659271,0.00403672510111644,0.00401375349775872,0.00406102910142723,0.0040613700263868,0.00836627821977133,0.00416742216450006,0.00421772271721676,0.999980159776045,0.00401750964105583,0.00454022715208806,0.00458741101191892,0.0101733620685913,0.00407085746009974,0.960104158845857,0.00402997267088131,0.0824426914729647,0.0040370095103166,0.00426770219468047,0.00426278698837568,0.00403623195697088,0.999983530066814,0.00401256777335373,0.00424311837385682,0.999976527521374,0.999939609827708,0.0791450368037926,0.999973149016842,0.209651698377804,0.00429786906220226,0.999975633089674,0.0040351286268538,0.999976615680088,0.749465610247403,0.999973223470351,0.406446552383266,0.00362670077638127,0.999972484933807,0.517674658405942,0.00412221452565857,0.00403626604405939,0.999976700058626,0.322222849405969,0.999974270592894,0.00403042898651578,0.00435477072960875,0.0229396113585857,0.179395816412787,0.00403040986378797,0.00406556205041266,0.00518462472524137,0.0080542073898359,0.015180111575569,0.00407461241974504,0.004247081442381,0.00436623982174198,0.00424063796708942,0.999998723672538,0.999975531606275,0.999981112799678,0.00402862473139689,0.00401906623504776,0.00451866149417099,0.00403111571466357,0.00514373840833098,0.00408988588758376,0.00408089489801582,0.00412221452411813,0.999966304496133,0.380618739169396,0.004287593715741,0.999990450215395,0.99998111291331,0.0042155749433912,0.00423824554927473,0.00408943952916743,0.0489676511505622,0.00412221452597219,0.999996165378925,0.00462930615782883,1.00000949637043,0.00412919232268512,1.00000216863551,0.0041222145160432,1.00000026628832,0.00412221448529813,1.00000041830431,0.00410715740384298,0.00404501429206696,0.00412221451724654,1.00000858107944,0.00412221451597971,1.00000252352482,1.000006349986,0.999987184806709,0.00412221452072977,0.999992744239473,0.00524403723304659,0.00401424974745887,0.0040351284240817,0.0106475667155497,0.00403469399534651,0.00416468271840021,1.00000179910256,0.999981305253656,0.755734408080298,0.745450700033162,0.0040226142814228,0.00402352303422215,0.45033462688999,1.00000422977252,0.507927273239573,0.00403512842545219,0.427418254080318,0.00403512839224394,0.00412221451589905,1.00000045205926,0.99998118173271,1.00000586221338,1.00000448711458,0.999986773125798,0.00447468634367779,0.00461057613418628,1.00000007525087,0.999986153239946,0.99999851163183,1.00001314649494,1.00000491551571,0.999994410412048
0.00308731253837694,0.111658385156782,0.00309375612351416,0.217848082340967,0.00297388207932639,0.999984812587074,0.497953358496025,0.00297356914975973,0.309166923106372,0.99998393058676,0.26540564446663,0.00304771775669662,0.00440971767763848,0.734641543244647,0.0484644473583448,0.008351793574824,0.00344236857649989,0.00380229880661867,0.00297274699172751,0.00297420640111856,0.00386609332024137,0.00430029571508592,0.0041383454045797,0.00404627792255649,0.00308731253846008,0.00381329068206282,0.00308731254007665,0.00306060367476545,0.00308731263087491,0.0160138845968964,0.00297549497495327,0.139880015576615,0.00425813402825635,0.537075932833733,0.961165350281026,0.941585610910742,0.00297374899566521,0.575401161525224,0.0274211018340224,0.999982341594546,0.0880725697893964,0.065785188417672,0.0212440565169489,0.00300380392861227,0.0307560530781745,0.00738513451875945,0.99998349980235,0.999983549880679,0.124925849145109,0.0532080377820738,0.00572780955545862,0.999982886527382,0.00297473870082273,0.00302943148668385,0.00674345729092871,0.629715963883163,0.00418619677457138,0.00711128280769399,0.0042986203814477,0.999980349064755,0.13874499880881,0.984710956263787,0.00438209301982971,0.169635574477878,0.0043607322327086,0.00307685447972725,0.00313452384594757,0.00296342076416739,0.0030002266492596,0.628439819618152,0.751321935951331,0.999984675600163,0.00358857104876587,0.00259179879878707,0.00437043842020941,0.501250055079429,0.00308731254806436,0.0286714052359614,0.0043609289387231,0.00324424151764133,0.00435363803170156,0.999982087713171,0.999982401203568,0.103464546756707,0.999981617240334,0.00675029586112427,0.0199058332341163,0.553338718241005,0.011074855700236,0.999985111862011,0.086453818534908,0.348253355877407,0.0354332518969829,0.00445686417306518,0.003840686864539,0.00296342072631573,0.00337119673749753,0.0177157345260951,0.00297262067950996,0.546523420094405,0.00842823093630268,0.692400598066188,0.0045803726935668,0.159486121586679,0.00308731254652393,0.00350816039179836,0.00325882887862645,0.24084236872454,0.00387222575852997,0.00337119673759151,0.0919310519077798,0.00303933181595097,0.00298630207593682,0.00487129438732925,0.00308731254837799,0.00384555977479348,0.00339247987487006,0.00379794888730031,0.0667485728109381,0.00382619379999497,0.003087312538449,0.00383111161519896,0.00308731250770392,0.00371411233868354,0.00417510555750487,0.0497062153142471,0.00308731253965233,0.00379997010035171,0.0030873125383855,0.00382424991451476,0.00380884149559253,0.00387489494486716,0.00308731254313557,0.0038557242440675,0.00865570926780284,0.00297168485127819,0.0030002264464875,0.0117593515936426,0.00392425456015809,0.00300404504352805,0.00382813166567123,0.00320685773020594,0.0032802198267561,0.00340177833832919,0.00297330951552241,0.00297348629984651,0.00354915597035841,0.00381778354199626,0.00369169393385951,0.00300022644785798,0.430243463899713,0.00300022641464973,0.00308731253830484,0.00383050820639786,0.00389337041919858,0.0038101587574712,0.00381533212877547,0.0038122469145259,0.00330364649082379,0.00341192392995372,0.00382977798932127,0.0038951382619067,0.00383974231262893,0.00378445629157355,0.00381401138124355,0.00385270341343285
0.0042648502735122,0.999984949193172,0.00427129385864942,0.0172759924004551,0.00582986371949899,0.225257093001727,0.0978264775847847,0.00569969563633648,0.213204301252305,0.124201833272444,0.0973291160513924,0.104851401241199,0.999968888023749,0.00549392441589291,0.0521892432430412,0.0077199707893822,0.510638767088078,0.999992568098243,0.00535758514155238,0.00596256300891916,0.00642034728854449,0.999980938659103,0.999987750487338,0.999986281649792,0.00426485027359534,0.999988723851948,0.00426485027521191,0.174959050439566,0.00426485036601016,0.00726140968742183,0.00650063457011572,0.0154157291642988,0.999994939828657,0.00539743085864506,0.00674026629487499,0.00574097854054734,0.00577448406961021,0.999977975813842,0.00597743511669855,0.00704659110346086,0.00606938510922541,0.00678455750494943,0.13958598502183,0.0241390246582632,0.023763025487457,0.122920902126396,0.0067481897122992,0.00468286290962911,0.999984120984089,0.0276804197576221,0.00940434965002049,0.00579667072196476,0.00618638717118312,0.999983120882077,0.00663849595274692,0.00605270355797491,0.125649785029893,0.00656433036648409,0.999971617075696,0.00415520353089478,0.0340767719108194,0.00598944299388271,0.999976172318811,0.999986652173992,0.999973250696213,0.99999001108599,0.999982719250377,0.00501579906605977,0.999982412391917,0.00576211288973452,0.00583596943660445,0.0063213274140556,0.390117885225835,0.00376933653392233,0.999984827909693,0.00532197407410888,0.00426485028319962,0.00590170732506857,0.999973664569756,0.999993755713344,0.999953848786309,0.0477364328035596,0.00720538858906976,0.999985693047757,0.00437458847290912,0.00610508356277838,0.0085390916536625,0.356694354807953,0.0120360983344458,0.134134920080896,0.00721664121664826,0.0224708941083527,0.421920474758269,0.0558314359901963,0.999964916133938,0.00501579893910098,1.00000448083125,0.00562233358877366,0.00530503371076403,0.0990429617945841,0.00611043200824532,0.0107314612131065,0.0141253375104379,0.00547063340492394,0.00426485028165919,0.00558371855857396,0.00478178570272565,0.0384629666956863,0.999943854851187,1.00000448095729,0.0230642042255372,0.0935865655946973,0.010990446389763,0.260375809682457,0.00426485028351324,0.999968449785934,0.999981487015832,0.999996529203646,0.0161543818907347,0.999976773545861,0.00426485027358425,0.999976799415103,0.00426485024283918,0.717362286348471,0.0166034082604008,0.00595947382495776,0.00426485027478759,0.999997668678405,0.00426485027352076,0.999979027429218,0.999991004741136,0.999954523752845,0.00426485027827082,0.999965572495113,0.0683251346306241,0.00491585797579837,0.999981917802185,0.0313239802499876,0.00653838053024656,0.0261861611419962,0.999974658722631,0.599008952178998,0.999999393850269,0.00524838307029402,0.0055917717622188,0.00566517820841409,0.436822427055759,0.999983521719733,0.999985026650901,0.999981921144993,0.00514383907935722,0.999981840145399,0.0042648502734401,0.999977046265353,0.999946944336484,0.99999097782931,0.99998756235512,0.865146168372586,0.701431200086638,0.999993782700025,0.999981229963164,0.999935874472548,0.999967960774785,1.00000511555876,0.999987980937993,0.999962709113841
0.999979468749718,0.00548533306247253,0.999981507401518,0.00514205195234928,0.00497377352017731,0.00506097790159171,0.0053119963675799,0.00497241068408242,0.00538155589140324,0.00502537123969525,0.00536083190970975,0.00518192869190983,0.99995686113831,0.999989694193799,0.00501409405865018,0.004995625118367,0.999999437418555,0.999977374117164,0.00496882913727863,0.00497516812172994,0.999979824646769,0.999969716146606,0.999960049395507,0.999979206618641,0.999979468916725,0.999977987576569,0.99997947216414,0.00513079904223316,0.999979654562115,0.00499375562499078,0.00498079670015488,0.00507248623357201,0.999961858628412,0.999989560492669,0.974617657331424,0.659096563026224,0.00497319375628097,0.00520790387398577,0.00498467443585872,0.00496517238515178,0.00500884790689323,0.00500780949759386,0.00533200282972341,0.00509424128014402,0.00513821566074695,0.830056083755922,0.00496892852844889,0.613921077771937,0.00523802486297632,0.00508511537936963,0.0050122601039399,0.841323666628857,0.00497750578362198,0.00501575235167111,0.00498368381506884,0.00521595198384775,0.00518111489638344,0.00498304787080462,0.999975457653313,0.00496398666074678,0.00516688781355745,0.00570296722355168,0.999954027531099,0.00595044418260472,0.999963062506985,0.00516208035093713,0.00522474035634136,0.00494974162915466,0.00498654751424686,0.553534336036092,0.999984500347027,0.999987569952558,1.00000192530124,0.00457811966377433,0.999949850198552,0.999988617272076,0.999979488210063,0.00498436061687313,0.99996521330349,0.0092275852113131,0.999981295425846,0.00498184787390884,0.00530096431196341,0.0058244574985881,0.00502937695553036,0.0049781007030589,0.00500862407258984,0.0053628975198508,0.00504328436241157,0.00503273224046014,0.00502024369740847,0.00518235984982109,0.00528934493368564,0.00515795496190886,0.999992857707457,0.004949741591303,0.0053575176024848,0.00497724363736677,0.00496827895683016,0.00537888187060397,0.00497879759561351,0.00527818760675396,0.0050284960288533,0.00502990738387651,0.999979485115601,1.00000673551711,1.00000849291015,0.00521085197738993,1.00000321926983,0.00535751760257878,0.00514013033547585,0.00515831912094308,0.00502781750667001,0.00540531803788477,0.999979488840084,0.999988036149258,1.00001387310313,0.999974432226636,0.00506550256321001,0.999985864526937,0.99997946889446,0.999984255057411,0.999979407132924,0.999984951969545,0.00504315389267743,0.00499301427957367,0.999979471311753,0.999972683089081,0.999979468766916,0.999984276188311,0.99997697439206,0.999992546314046,0.999979478308969,0.999987726283212,0.00518870016385957,0.00496420412640009,0.00498654731147476,0.00512254421638157,0.00498155701417821,0.00509207146776132,0.999987315885644,0.0051931785951932,0.00526654069174336,1.0000008568347,0.00497128056157277,0.00497204942328409,0.999976372295363,0.999981874961574,0.496461714908852,0.00498654731284524,0.999989179470337,0.004986547279637,0.999979468604882,0.999984194646445,0.999994223309088,0.99997659012845,0.999978566961745,0.999974439762331,0.999994534678471,0.999996012057882,0.999980431847508,1.00000896849506,0.999990257871678,0.999969599956041,0.999978545146658,0.999991392900798
0.00426490977999247,0.99999962062594,0.00427135336512969,0.0172742842620775,0.00582960725271663,0.225260372581463,0.0978253107167228,0.00569946361526626,0.213201723830231,0.124203723316037,0.097324715330568,0.104849273446605,1.00000657499754,0.00558061137468858,0.0521883500575183,0.00771935974981254,0.510671176655556,0.999967074366709,0.00535741736927174,0.00596228162206036,0.0064882443351599,0.999984991200212,0.999969626868558,0.999988024564502,0.00426490978007561,0.9999766781888,0.00426490978169218,0.174959603348687,0.00426490987249043,0.00726088532251687,0.00650025213187752,0.0154147733547089,0.99995627245693,0.00545898280732279,0.00677118724509749,0.00578935990435217,0.00577423800319794,0.999993224221596,0.00597715271147559,0.00704669470387735,0.00606908984082046,0.00678412630820637,0.139581448996973,0.0241367679667035,0.0237600888530881,0.122976323896982,0.00674828870289404,0.00468292241610939,0.99999655328827,0.0276783030898568,0.00940342209239255,0.00582031919330597,0.0061860637488067,0.999991030284337,0.00663808789798944,0.00605245076143484,0.125648171654062,0.00656393626678282,1.00001343590045,0.00415526303737505,0.0340743410314942,0.00589624719867509,0.999964335539384,0.999994836830877,1.00000017368891,0.999986003741781,0.999995353937945,0.00492257472545545,0.999997664244447,0.00575874277035279,0.00589324489637037,0.00641357095576882,0.390207876810754,0.0037693960404026,0.999960990906895,0.00537667754518187,0.00426490978967989,0.00590143923252548,0.999993869329703,0.999974875800288,1.00005134659207,0.0477371569281092,0.0072049331608811,0.999989781647206,0.0043582276010142,0.00610477568377371,0.00853832762169063,0.356698721601347,0.0120343081393652,0.134135906401897,0.00721613037539225,0.0224695112675899,0.421923888360959,0.0558286501643956,1.00003618108098,0.00492257460799812,0.999926467851559,0.00562211716734225,0.00530487580770553,0.0990409543386435,0.00611012324643092,0.0107304816622705,0.014124184417709,0.00547045576934891,0.00426490978813946,0.00576618649525445,0.00491972848137237,0.0384605476388015,1.00008586782423,0.999926467977589,0.0230616894216859,0.0935846492563892,0.0109892207623482,0.260369015221493,0.00426490978999352,1.00002612573126,0.999954548048256,0.99995553987844,0.0161530143231664,1.00000714832698,0.00426490978006453,1.00000595406813,0.00426490974931945,0.717383310875024,0.0166020144797486,0.00595919641137917,0.00426490978126786,0.99995235196118,0.00426490978000103,1.00000145237217,0.999970673164273,1.0000584046354,0.0042649097847511,1.00003236999576,0.0683219714720076,0.00491577316033586,0.999997169647173,0.0313208340223792,0.00653799107257026,0.0261839963631957,1.00001247563112,0.598924808565337,0.999944253228366,0.00539077304845463,0.00559156000933928,0.00566495266978033,0.436765113299963,0.999990479261907,0.999989014524484,0.999997172990031,0.00519357169491186,0.999997091989203,0.00426490977992037,1.00000538163548,1.00007580777636,0.999970581305942,0.99997973839095,0.865175548926714,0.701413451394762,0.999974818724255,0.999994967729509,1.00011049513247,1.00002825431965,0.999931849447114,0.999978722536831,1.00004001069133
0.00308731253837694,0.111658385156782,0.00309375612351416,0.217848082340967,0.00297388207932639,0.999984812587074,0.497953358496025,0.00297356914975973,0.309166923106372,0.99998393058676,0.26540564446663,0.00304771775669662,0.00440971767763848,0.734641543244647,0.0484644473583448,0.008351793574824,0.00344236857649989,0.00380229880661867,0.00297274699172751,0.00297420640111856,0.00386609332024137,0.00430029571508592,0.0041383454045797,0.00404627792255649,0.00308731253846008,0.00381329068206282,0.00308731254007665,0.00306060367476545,0.00308731263087491,0.0160138845968964,0.00297549497495327,0.139880015576615,0.00425813402825635,0.537075932833733,0.961165350281026,0.941585610910742,0.00297374899566521,0.575401161525224,0.0274211018340224,0.999982341594546,0.0880725697893964,0.065785188417672,0.0212440565169489,0.00300380392861227,0.0307560530781745,0.00738513451875945,0.99998349980235,0.999983549880679,0.124925849145109,0.0532080377820738,0.00572780955545862,0.999982886527382,0.00297473870082273,0.00302943148668385,0.00674345729092871,0.629715963883163,0.00418619677457138,0.00711128280769399,0.0042986203814477,0.999980349064755,0.13874499880881,0.984710956263787,0.00438209301982971,0.169635574477878,0.0043607322327086,0.00307685447972725,0.00313452384594757,0.00296342076416739,0.0030002266492596,0.628439819618152,0.751321935951331,0.999984675600163,0.00358857104876587,0.00259179879878707,0.00437043842020941,0.501250055079429,0.00308731254806436,0.0286714052359614,0.0043609289387231,0.00324424151764133,0.00435363803170156,0.999982087713171,0.999982401203568,0.103464546756707,0.999981617240334,0.00675029586112427,0.0199058332341163,0.553338718241005,0.011074855700236,0.999985111862011,0.086453818534908,0.348253355877407,0.0354332518969829,0.00445686417306518,0.003840686864539,0.00296342072631573,0.00337119673749753,0.0177157345260951,0.00297262067950996,0.546523420094405,0.00842823093630268,0.692400598066188,0.0045803726935668,0.159486121586679,0.00308731254652393,0.00350816039179836,0.00325882887862645,0.24084236872454,0.00387222575852997,0.00337119673759151,0.0919310519077798,0.00303933181595097,0.00298630207593682,0.00487129438732925,0.00308731254837799,0.00384555977479348,0.00339247987487006,0.00379794888730031,0.0667485728109381,0.00382619379999497,0.003087312538449,0.00383111161519896,0.00308731250770392,0.00371411233868354,0.00417510555750487,0.0497062153142471,0.00308731253965233,0.00379997010035171,0.0030873125383855,0.00382424991451476,0.00380884149559253,0.00387489494486716,0.00308731254313557,0.0038557242440675,0.00865570926780284,0.00297168485127819,0.0030002264464875,0.0117593515936426,0.00392425456015809,0.00300404504352805,0.00382813166567123,0.00320685773020594,0.0032802198267561,0.00340177833832919,0.00297330951552241,0.00297348629984651,0.00354915597035841,0.00381778354199626,0.00369169393385951,0.00300022644785798,0.430243463899713,0.00300022641464973,0.00308731253830484,0.00383050820639786,0.00389337041919858,0.0038101587574712,0.00381533212877547,0.0038122469145259,0.00330364649082379,0.00341192392995372,0.00382977798932127,0.0038951382619067,0.00383974231262893,0.00378445629157355,0.00381401138124355,0.00385270341343285
0.99997224531139,0.0054857032832563,0.999974283995545,0.00514812700126263,0.00497489855101511,0.00506114479209171,0.00531986846617009,0.00497345520033192,0.00539569211283296,0.00502545557852912,0.0053773834245064,0.00519335433380204,0.999993127570798,0.999964625635162,0.00501586237573035,0.00499791797290445,0.999964599878419,0.999966165714158,0.00496966204321334,0.00497637522952601,0.999966520137766,0.999983134184968,0.999987701485221,0.999970015632844,0.999972245478396,0.999966250667068,0.999972248725787,0.00513731549750355,0.999972431122423,0.00499576300717607,0.00498233663156282,0.00507618448824534,0.999983513314546,0.999970293064491,0.97461743247935,0.659092413325487,0.00497428453237869,0.00520798821281964,0.00498588489774693,0.00496525672398565,0.00501010073505804,0.00500951002039397,0.00535145748264859,0.00510231004028127,0.00514833772543959,0.83004449283198,0.00496901286728276,0.613916693078077,0.00524662869447825,0.00509150996226749,0.00501559544482449,0.841326237635582,0.00497885133992694,0.00501983322682529,0.00498530811724462,0.00521706492634691,0.0051919396731144,0.00498462621049837,0.999978019527907,0.00496407099958065,0.00517594641611352,0.0057539365592665,0.999994083245754,0.00595431775470768,0.999988179377947,0.00517264115639127,0.00523279218074879,0.00500061115405446,0.00498663185308073,0.553549310206812,0.999970254575032,0.999965358791891,0.999972390706975,0.0045782040026082,0.999996664963174,0.999971145543313,0.999972264771592,0.0049855239384072,0.99998906632047,0.00925700838949214,0.999976777405129,0.00498193221274271,0.00530274464364188,0.00585431753052242,0.00503840080529908,0.00497939506559339,0.00501142082409728,0.00536604965562471,0.00504844449231582,0.0050334297481155,0.00502220653799806,0.00518768295238406,0.00529861915908363,0.00516910785374914,0.999957723151224,0.00500061111103006,0.00540836661417574,0.00497823677452415,0.00496907935741778,0.00538964766987912,0.00498009486577697,0.00528154149580005,0.00503273774062792,0.00503077277563459,0.999972261677153,0.999952542437226,0.999959075432778,0.0052200764945312,0.999952306433407,0.00540836661427551,0.00514893383912195,0.00516857730241201,0.00503213457253107,0.00542776575357048,0.999972265401609,0.999961337088158,0.999974488923521,0.999967944532816,0.00507049076063045,0.999961696386739,0.999972245456131,0.999963059674328,0.999972183695048,0.999964840808798,0.00504824392542003,0.00499420830094302,0.999972247873406,0.999969113788224,0.999972245328588,0.999962672215679,0.999966711935628,0.999959862903527,0.999972254870571,0.999962008237383,0.00520135590660588,0.00496476380511114,0.00498663165030863,0.00513214502357477,0.00498312006486224,0.00509995534018365,0.999960805744927,0.00524403599639341,0.00530494012859259,0.999956348785512,0.00497225832235119,0.00497307258893028,0.999985058174176,0.999963932614012,0.496483753136695,0.00498663165167911,0.999971866208238,0.00498663161847087,0.999972245166555,0.999963064211892,0.99995959689637,0.999967007810412,0.999965967349409,0.999970213492168,0.99996562852486,0.999962708562406,0.999965413623919,0.999953822324733,0.999959521519466,0.999970753883103,0.999965928576756,0.999959523140086
0.00432541837381081,0.00428275561767396,0.0213104624059002,0.999987600363155,0.999975215447305,0.019534281925576,0.999988696695685,0.999976043252199,0.999988102666023,0.0364000358096428,0.999985729330785,0.999986491738326,0.999982407495794,0.00490577488964955,0.999991268909106,0.999979808532889,0.00468047441193375,0.00504040464205254,0.999978985020617,0.999988389829459,0.999985036676347,0.999987065249918,0.551541254195371,0.568599205928485,0.00432541837389395,0.00505139651749668,0.00432541837551052,0.999988315197192,0.00432541846630877,0.999980059115438,0.9999718324038,0.999985373786789,0.999989339221094,0.558153585244535,0.999986262658839,0.00491518227940916,0.999975703284451,0.00445968884443237,0.999975661745636,0.00421695735559839,0.999976922565528,0.999981647768398,0.999986694009331,0.99998642893906,0.999985795375941,0.00467940946975047,0.0144437255969233,0.596969564648307,0.177989057441873,0.999990140774548,0.999983866926545,0.00500842147572335,0.999971690998682,0.00426753732211771,0.999976099006882,0.999982595467382,0.999985884746705,0.99997584563462,0.999988445945718,0.00421577163119339,0.99998690258402,0.983493709959323,1.00002480879971,0.00433105565356469,0.999985184255681,0.00431496031516111,0.290466733268169,0.00420152659960126,0.00423833248469347,0.554717808876822,0.749709983499621,0.999983905495375,0.400357935448817,0.00382990463422094,0.999983932658087,0.520091141065466,0.00432541838349823,0.999977475819656,0.999983316703088,0.218390008142082,0.999985520427333,0.00423363284435544,0.816829495504134,0.855880959012328,0.00428116192597696,0.999975523852512,0.999980328208009,0.999990534033577,0.999984569517465,0.0321554412472064,0.999982277927887,0.999988482609852,0.999988321277473,0.999986760394462,0.00507879269997287,0.0042015265617496,0.0046093025729314,0.999980004680084,0.999979381666096,0.99998711239894,0.999972256800615,0.999990368276855,0.999988702032507,0.999978437535615,0.00432541838195779,0.00474626622723223,0.00449693471406032,0.9999879953149,0.00511033159396383,0.00460930257302538,0.99998842051556,0.999984327486228,0.999978684608152,0.999982903019357,0.00432541838381185,0.00508366561022734,0.00463058571030393,0.00503605472273417,0.999988652602355,0.00506429963542884,0.00432541837388286,0.00506921745063283,0.00432541834313779,0.0049522181741174,0.999988693002578,0.999975215413279,0.0043254183750862,0.00503807593578558,0.00432541837381937,0.00506235574994863,0.00504694733102639,0.00511300078030102,0.00432541837856943,0.00509383007950137,0.99998676002723,0.999981240291287,0.00423833228192136,0.99998936950647,0.999977141911426,0.999983678511496,0.0050662375011051,0.00444496356563981,0.00451832566218996,0.00463988417376305,0.999976252321202,0.999976609955981,0.363920501519902,0.00505588937743013,0.49849059587113,0.00423833228329185,0.429539776988041,0.0042383322500836,0.00432541837373871,0.00506861404183173,0.00513147625463245,0.00504826459290507,0.00505343796420934,0.00505035274995976,0.00454175232625765,0.00465002976538758,0.00506788382475513,0.0109664175280672,0.0050778481480628,0.00502256212700741,0.00505211721667742,0.00509080924886672
0.00412220975316876,0.0100535187686417,0.00412865333830598,0.00420954301640563,0.00402563568946193,0.0057285301515027,0.00562692445655984,0.00402401864136033,0.0202036411943515,0.00407394758949981,0.0106206966150137,0.0042663134022836,0.99996789245037,0.728163827009432,0.0187816783383685,0.00405117450524054,0.517721363990429,0.999991490228127,0.00401976896864427,0.00402728943595591,0.99998226431221,0.999979458864809,0.999979061798015,0.999992095153133,0.0041222097532519,0.999991227337927,0.00412220975486847,0.00419968377665607,0.00412220984566672,0.00404840367831685,0.00403396885199964,0.00413247294784531,0.999984969357786,0.55327310905763,0.988385948259068,0.999983034153792,0.00402494777167199,0.00425648022379032,0.00403680634009715,0.00401374873495634,0.00406111357591166,0.00406148869121728,0.00836775685926556,0.00416802717028952,0.00421848453344742,0.999987048946196,0.00401750487825344,0.00454022238928567,0.00458805716740241,0.0101738454978435,0.00407110097564681,0.960112579480587,0.00403006422699449,0.0824430736727815,0.00403712235419388,0.00426777598612575,0.00426360247057835,0.00403634129070298,0.999983075705018,0.00401256301055134,0.00424379897370562,0.999981446846082,0.999931017104091,0.0791453727940581,0.999973631003859,0.209652705026198,0.00429847277461356,0.99998054557697,0.00403512386405142,0.999984469885465,0.749473447177347,0.999984209798717,0.406445832372367,0.00362669601357889,0.99996996648118,0.517680554782926,0.00412220976285618,0.00403634368294108,0.999971662541114,0.322225385390988,0.999977508760163,0.00403042422371339,0.00435489548942665,0.0229418993098116,0.179396677213635,0.00403049751024356,0.00406576443400118,0.00518485504610422,0.00805459438116593,0.0151801652161439,0.00407475111773046,0.00424747676287341,0.00436693688866232,0.00424147850737464,0.999991648970463,0.999980444093071,0.999986023300793,0.00402868937333317,0.00401911615773236,0.00451947253308238,0.00403120358317418,0.00514398418211561,0.00409019862248691,0.00408094978406257,0.00412220976131575,0.999980256519076,0.380626271827713,0.00428828698645212,0.9999917980612,0.999986023414426,0.00421623606138939,0.00423901776071525,0.00408975801884647,0.048969400637084,0.00412220976316981,0.999991016702132,0.00459702233951014,0.999991425966218,0.00412956206654156,0.999991437018806,0.00412220975324081,0.999991160139823,0.00412220972249574,0.999991009772457,0.00410753492484176,0.00404509427548867,0.00412220975444415,0.999991276210586,0.00412220975317732,0.999991364237006,0.999991284624024,0.999990369513206,0.00412220975792738,0.999990658524737,0.00524499355554187,0.00401428128626389,0.00403512366127931,0.010648295448804,0.00403480216146011,0.00416527360435339,0.999991506140423,0.999986216567081,0.755738113157591,0.745461299596482,0.00402267774906823,0.00402358996942787,0.450321123008878,0.999991368141216,0.507925857828016,0.0040351236626498,0.427423265255144,0.00403512362944155,0.00412220975309666,0.999991171158171,0.99998971978425,0.99999122556702,0.99999120734151,0.999989398509341,0.00445291896034565,0.00458439471747923,0.999990929512097,0.999993370210554,0.999991410224455,0.999991524154571,0.999991244100558,0.999991077712911
0.00426485922019724,0.999986281525089,0.00427130280533446,0.0172757117700198,0.00582982155295169,0.22525739372064,0.0978262082372363,0.00569965742423568,0.213203778475385,0.124202008485708,0.0973283693040377,0.104850967256954,0.999973896660313,0.00550557299835966,0.0521891391410816,0.00771987126557274,0.510642581312715,0.999990136230438,0.00535755732261993,0.00596251681119008,0.00643034281670433,0.999981839721297,0.999986263353265,0.999987342285632,0.00426485922028038,0.999987995645479,0.00426485922189695,0.174958965672059,0.0042648593126952,0.00726132418448944,0.00650057202586861,0.0154155680568799,0.999991165624977,0.00540577363801575,0.00674590030425804,0.00574868941019316,0.00577444358547277,0.999979364359243,0.00597738875423438,0.00704660405517146,0.00606933666595604,0.00678448707331095,0.139585161979309,0.0241386512641547,0.0237625461121626,0.122929263054218,0.00674820224530249,0.00468287185631416,0.999985070440622,0.0276800991289356,0.00940419892485013,0.00580139880824942,0.00618633417360281,0.999983808695412,0.00663842926465837,0.00605266198514224,0.125649410710935,0.00656426593582715,0.999977382042663,0.00415521247757982,0.0340763613769263,0.00598054521038146,0.999974721423177,0.999987364141051,0.999976994426023,0.999989560865779,0.999983698795976,0.00500690133827526,0.999983801250205,0.00576375337008146,0.00584421077655396,0.00633418204782997,0.390128568277467,0.00376934548060737,0.999982428285436,0.00532944089547259,0.00426485922988466,0.0059016632778868,0.999976280125044,0.99999161912211,0.999966009347921,0.0477365021171019,0.00720531423764547,0.9999854385834,0.00437302961370466,0.00610503307956263,0.00853896738112545,0.356694689417367,0.0120358325714243,0.134135007358471,0.00721655790136114,0.0224706592193076,0.421920590431234,0.0558309481116422,0.999974142922229,0.00500690121222367,0.99999696491738,0.00562229790013943,0.00530500748832059,0.0990425529904091,0.00611038138222236,0.0107313059007446,0.0141251467793768,0.00547060399046136,0.00426485922834423,0.00560715784017037,0.00479873711528467,0.0384625536622858,0.999961657312461,0.999996965043418,0.0230637915629415,0.0935861759607054,0.0109902474475057,0.260374743900513,0.00426485923019829,0.999976190319233,0.999976524316181,0.999992256709345,0.0161541556018573,0.999981098856214,0.0042648592202693,0.999981057238499,0.00426485918952422,0.717365696756139,0.0166031773973591,0.00595942826996407,0.00426485922147263,0.999992929800463,0.0042648592202058,0.999982412662645,0.999989261043481,0.999967993619636,0.00426485922495587,0.999974508470275,0.068324580753574,0.00491584357632769,0.999983306659788,0.0313234973369098,0.0065383168505041,0.0261858000782283,0.999979865811642,0.599000879351699,0.999994061751326,0.00526660139089261,0.00559173682879017,0.00566514104494088,0.436815580438573,0.999985038397368,0.999985436160819,0.9999833100026,0.00515053858578032,0.999983229002894,0.00426485922012514,0.999981201273459,0.999963550486161,0.999989246078644,0.999987348225809,0.865151036548082,0.7014278929455,0.999990020658578,0.999983700587613,0.999957719509507,0.999975915772498,0.999996943853841,0.999987582904427,0.999972804920279
1.00002921988173,0.00548490377448642,1.0000312583111,0.00509952589480428,0.00496598219006599,0.00506048920200568,0.00525730462554083,0.00496518433216648,0.0052880926747874,0.00502488254010923,0.00524699569964259,0.00510185703637035,0.999709642459738,1.00009320868061,0.00500705416384106,0.00497963906304892,1.00012853622842,1.00011506468177,0.00496308767420432,0.0049668008501311,1.00008355049316,0.999893704942758,0.999867104816625,1.00009725247355,1.00002922004875,1.00011218383571,1.00002922329633,0.00508517559609977,1.00002940570351,0.00497977275515417,0.00497009397497478,0.00504663835756758,0.999956131962458,1.00007860498826,0.974706865080865,0.659178386432156,0.00496564279479903,0.00520741517439974,0.00497628362829002,0.00496468368556576,0.00500015981130503,0.00499597988799635,0.00519699583589752,0.00503772516945433,0.00506729132508078,0.83015673602207,0.00496843982886286,0.613951312977172,0.0051778523606353,0.005042501519045,0.00498895882702687,0.841404765570141,0.00496816700623335,0.00501526365208509,0.00497238905253053,0.00520824547870911,0.00510525956637691,0.00497207563118667,0.999955287416039,0.00496349796116076,0.00510342588851012,0.00570150880324489,0.999684213697596,0.00595006939607505,0.999799784010832,0.00516160458398916,0.00516834308520952,0.00494925292956863,0.00498605881466084,0.55359279530935,1.00007829183947,1.00010184206386,1.00002033100571,0.00457763096418831,0.999722009077013,1.00007411764092,1.00002923934306,0.0049763005974605,0.999775901356841,0.00913468916342693,0.999888108090525,0.00498135917432281,0.00528857467620145,0.00562146252126834,0.00502888825594434,0.00496912115701773,0.00498910212636383,0.00534115510538549,0.00500859074148369,0.00503191201738619,0.00500657338000353,0.00514511026826594,0.00522436996352849,0.00507979721831206,1.00014423289353,0.00494925289171697,0.00535702890289877,0.00497037781721724,0.00496276558673532,0.00530346125015061,0.00496979764647518,0.00525504493147261,0.00499883466489851,0.00502393796482247,1.00002923624844,1.0001525068445,1.00011855974688,0.00514622581459508,1.00016128946926,0.00535702890299275,0.00507845846270118,0.00508643964146712,0.00499762737623121,0.00526380851388124,1.00002923997311,1.00012769731181,1.00013982394996,1.00010821599749,0.00503060304152623,1.00012980651592,1.00002922002648,1.00012287100099,1.00002915826183,1.00012277032273,0.00500753978326807,0.00498473883662236,1.0000292224439,1.00010228869368,1.00002921989893,1.00012593936346,1.00011110712454,1.0001282443676,1.00002922944147,1.00012243293021,0.0051003431954886,0.00496037992362597,0.00498605861188873,0.0050575847577898,0.00497069205893319,0.00503685273099748,1.00013327846179,0.00519268989560718,0.00526605199215734,1.00012436674422,0.00496452263887408,0.00496497289049511,0.999990363635766,1.00012166526022,0.496333151887318,0.00498605861325922,1.00007001062283,0.00498605858005097,1.00002921973689,1.00012296028073,1.00012528446241,1.00010943241161,1.00011301064564,1.00007955542065,1.00009565890488,1.00010755277099,1.00011230452224,1.0001642052576,1.00013682990133,1.00009947417504,1.00011350303372,1.00013444277013
0.00432541872236569,0.00428275596622884,0.0213104672180049,0.999987834600536,0.999975472733903,0.0195342862757568,0.999988922830145,0.999976300913613,0.999988303099872,0.0364000446030676,0.999985916274416,0.999986701094782,0.999982425871321,0.00490577523820443,0.999991526687073,0.999980060386776,0.00468047476048863,0.00504040499060742,0.999979243667335,0.999988646737651,0.999985297161916,0.999987187275582,0.551541261114559,0.568599348475848,0.00432541872244882,0.00505139686605156,0.0043254187240654,0.999988547386014,0.00432541881486365,0.999980312296789,0.999972087759158,0.999985619089477,0.999989525520463,0.55815373102192,0.999986523089535,0.00491518262796403,0.999975960730549,0.00445968919298725,0.999975918632392,0.00421695770415326,0.999977179249338,0.999981902372789,0.999986866937299,0.999986653921711,0.999986010802878,0.00467940981830534,0.0144437286330332,0.596969720688777,0.177989063867645,0.999990374969404,0.999984113931533,0.00500842182427823,0.999971947258345,0.00426753767067259,0.999976353970438,0.99998285274844,0.999986096896104,0.999976100811916,0.999988610527929,0.00421577197974826,0.9999871229468,0.983493966916264,1.00002479865286,0.00433105600211957,0.999985255258346,0.00431496066371599,0.290466771767699,0.00420152694815613,0.00423833283324834,0.554717953757733,0.749710179476649,0.999984167288498,0.400357974421277,0.00382990498277581,0.999983968110763,0.520091276847911,0.0043254187320531,0.999977732926085,0.999983360218202,0.218390003278649,0.999985624175588,0.00423363319291032,0.816829701511136,0.855881048891348,0.00428116227453184,0.999975780350981,0.999980577716446,0.999990781980726,0.999984808968209,0.0321554487032225,0.999982531309891,0.999988720331998,0.999988540606194,0.999986971025064,0.00507879304852774,0.00420152691030448,0.00460930292148628,0.999980262580085,0.99997964046415,0.999987324784621,0.999972513284527,0.999990615318699,0.999988944821585,0.999978696015134,0.00432541873051267,0.0047462665757871,0.00449693506261519,0.99998821489522,0.00511033194251871,0.00460930292158026,0.999988642071501,0.999984542274808,0.999978927044521,0.999983071619787,0.00432541873236673,0.00508366595878222,0.00463058605885881,0.00503605507128905,0.999988891911944,0.00506429998398371,0.00432541872243774,0.00506921779918771,0.00432541869169266,0.00495221852267228,0.99998893184471,0.999975472374143,0.00432541872364108,0.00503807628434046,0.00432541872237425,0.0050623560985035,0.00504694767958127,0.0051130011288559,0.00432541872712431,0.00509383042805625,0.999986963893797,0.999981500209804,0.00423833263047624,0.999989588889592,0.999977397160519,0.999983904353373,0.00506623784965997,0.00444496391419468,0.00451832601074484,0.00463988452231793,0.999976510293256,0.999976867716879,0.363920545871253,0.00505588972598501,0.498490599829091,0.00423833263184672,0.429539888990904,0.00423833259863848,0.00432541872229359,0.00506861439038661,0.00513147660318732,0.00504826494145995,0.00505343831276422,0.00505035309851464,0.00454175267481253,0.00465003011394246,0.00506788417331001,0.0109664193600094,0.00507784849661768,0.00502256247556229,0.0050521175652323,0.00509080959742159
0.00308731252840136,0.111658384727468,0.00309375611353858,0.217848081501801,0.0029738820693508,0.999984808728205,0.497953356575991,0.00297356913978415,0.309166921915199,0.999983926727758,0.265405643444186,0.00304771774672104,0.0044097176676629,0.734641540412512,0.0484644471728993,0.00835179354411082,0.0034423685665243,0.00380229879664308,0.00297274698175192,0.00297420639114297,0.00386609331026578,0.00430029570511033,0.00413834539460411,0.0040462779125809,0.00308731252848449,0.00381329067208723,0.00308731253010107,0.00306060366478986,0.00308731262089932,0.0160138845366084,0.00297549496497768,0.13988001503832,0.00425813401828076,0.537075930764598,0.961165346576424,0.941585607279669,0.00297374898568962,0.575401159306165,0.0274211017296982,0.999982337735318,0.0880725694509989,0.0657851881652956,0.0212440564369057,0.00300380391863668,0.0307560529611188,0.00738513449355743,0.999983495943132,0.999983546023478,0.124925848664943,0.0532080375783331,0.00572780953488792,0.999982882671207,0.00297473869084715,0.00302943147670826,0.00674345726641259,0.629715961454383,0.00418619676022744,0.00711128278175761,0.00429862037147211,0.999980345205529,0.138744998274993,0.98471095246636,0.00438209300985412,0.169635573824911,0.00436073222273301,0.00307685446975166,0.00313452383597199,0.0029634207541918,0.00300022663928401,0.628439817196178,0.751321933055922,0.999984671745849,0.00358857103879028,0.00259179878881148,0.00437043841023382,0.501250053148443,0.00308731253808877,0.0286714051268112,0.00436092892874751,0.00324424150766574,0.00435363802172597,0.999982083854008,0.99998239734555,0.103464546360639,0.999981613381356,0.0067502958365768,0.0199058331588199,0.553338716107571,0.0110748556590593,0.99998510800303,0.0864538182027684,0.348253354534962,0.0354332517624956,0.0044568641575703,0.00384068685456341,0.00296342071634015,0.00337119672752195,0.0177157344592238,0.00297262066953437,0.54652341798696,0.00842823090527955,0.692400595395523,0.0045803726774432,0.159486120972668,0.00308731253654834,0.00350816038182277,0.00325882886865086,0.240842367796704,0.00387222574855438,0.00337119672761592,0.0919310515546121,0.00303933180597538,0.00298630206596123,0.00487129437073483,0.0030873125384024,0.00384555976481789,0.00339247986489448,0.00379794887732472,0.0667485725548995,0.00382619379001938,0.00308731252847341,0.00383111160522338,0.00308731249772833,0.00371411232870795,0.00417510554295982,0.0497062151239171,0.00308731252967674,0.00379997009037613,0.00308731252840992,0.00382424990453917,0.00380884148561694,0.00387489493489157,0.00308731253315998,0.00385572423409192,0.0086557092361425,0.0029716848413026,0.00300022643651191,0.0117593515499121,0.00392425454652129,0.00300404503355246,0.00382813165569564,0.00320685772023035,0.00328021981678051,0.0034017783283536,0.00297330950554682,0.00297348628987092,0.00354915596038282,0.00381778353202068,0.00369169392388392,0.00300022643788239,0.430243462242493,0.00300022640467415,0.00308731252832926,0.00383050819642228,0.00389337040922299,0.00381015874749562,0.00381533211879989,0.00381224690455031,0.0033036464808482,0.00341192391997813,0.00382977797934568,0.00389513825193111,0.00383974230265335,0.00378445628159796,0.00381401137126797,0.00385270340345726
0.00412225491421594,0.0100535297480747,0.00412869849935316,0.00421328752056672,0.00402632349165639,0.00572856731849981,0.00563173342458485,0.00402465672472615,0.020211790557288,0.00407399275054699,0.01063068608916,0.00427336196873933,0.999989718050282,0.728157044021683,0.0187822273494739,0.00405258345409444,0.517710994921916,0.99997732901936,0.00402027637982759,0.00402802792176321,0.999974185156675,0.999984967955273,0.999986238477696,0.999980527467751,0.00412225491429908,0.999977743326263,0.00412225491591565,0.00420370085511064,0.0041222550067139,0.00404963634419826,0.00403491286081179,0.00413474974996635,0.999984141691396,0.553268065576352,0.988378726754926,0.99997517999632,0.00402561442110907,0.00425652538483751,0.00403754689710094,0.00401379389600352,0.00406188029465446,0.00406253186734898,0.00837962041946255,0.00417300281763554,0.00422472812365281,0.999978101948932,0.00401755003930062,0.00454026755033286,0.00459335322614699,0.0101775679977665,0.00407315367367877,0.960105523186998,0.00403088820659655,0.0824427318215133,0.00403811846307679,0.00426845632361039,0.00427027999480916,0.00403730901714222,0.999984606797268,0.00401260817159852,0.00424938586190412,0.999976663179154,0.999953285878573,0.0791450385590237,0.999987648404781,0.209651734263954,0.00430343796392128,0.999975672856414,0.0040351690250986,0.999977707293188,0.74946715208786,0.999975434603629,0.406447172971232,0.00362674117462607,0.999989030226158,0.517675901480104,0.00412225492390336,0.00403705513014951,0.999987421345119,0.322232007260392,0.999986102837978,0.00403046938476057,0.00435598794860171,0.0229596765221171,0.17939585669987,0.0040312898770118,0.00406748454593281,0.00518676679065857,0.00805763012966654,0.0151801847493841,0.00407595627858439,0.00425075693016686,0.00437265692683217,0.00424835864704739,0.99997779977383,0.999975571373016,0.999981152566674,0.00402929572942658,0.00401960349643173,0.00452611151443482,0.00403199774544196,0.00514601893812028,0.00409281101659265,0.00408147725567368,0.00412225492236293,0.99996957343251,0.380620807574701,0.00429397632911263,0.999978565892007,0.999981152680306,0.00422166542261973,0.00424534540483951,0.00409241694510234,0.0489816363254378,0.00412225492421699,0.999978273844397,0.00458727800207989,0.999977416258054,0.0041326354254573,0.999977649780719,0.004122254914288,0.99997797428218,0.00412225488354292,0.999977842156104,0.00411067116842272,0.00404582468025351,0.00412225491549133,0.999977671417383,0.0041222549142245,0.999977686964019,0.999977643708907,0.999979008706224,0.00412225491897457,0.999978678553134,0.0052527664598824,0.00401461997600434,0.00403516882232649,0.0106539822826946,0.0040357604467326,0.00417013508107758,0.999977629196527,0.999981345020548,0.755734448002102,0.745453220461306,0.00402327461004322,0.00402421486851231,0.450320554165446,0.999977604029207,0.507936654718611,0.00403516882369698,0.427419340050913,0.00403516879048873,0.00412225491414384,0.999977951466362,0.999979399187611,0.999977734936306,0.999977778012548,0.999980192930273,0.00444636401686272,0.00457650109873732,0.999978229880676,0.999981115524676,0.99997790755834,0.999977333388219,0.999977725920174,0.999978326134439
0.999972230953786,0.00548574736852492,0.999974269638017,0.00514813858781003,0.00497490284082489,0.00506115915833165,0.00531989151511409,0.00497345937145651,0.00539582721958281,0.00502545833427248,0.00537745416974939,0.00519337380756773,0.999993534507586,0.9999634140073,0.0050159720440109,0.00499792398418331,0.999962352844431,0.999967368967123,0.00496966590240675,0.00497637964032404,0.999966978009983,0.999983637158687,0.999989844397596,0.999971171625175,0.999972231120792,0.999967337574795,0.999972234368182,0.00513732773472057,0.999972416764816,0.00499576859764499,0.00498234153297048,0.0050761925712007,0.999986500653793,0.999969544118824,0.974619380863444,0.659093688246205,0.00497428877169413,0.005207990968563,0.00498588931348917,0.00496525947972901,0.00501010521325169,0.00500951515852667,0.0053515166567073,0.00510232456572455,0.00514835527762426,0.830045099522008,0.00496901562302611,0.613916685368243,0.00524664595732564,0.0050915647483328,0.00501560299281479,0.84132840061311,0.00497885595480956,0.00502039807626666,0.0049853131430218,0.00521706919833747,0.00519195826115496,0.00498463116852303,0.999978173237474,0.00496407375532401,0.0051759624006667,0.00576107681355169,0.999994472759321,0.00595485559846727,0.999988653075479,0.00517411762115129,0.00523280668122739,0.00500775660305813,0.00498663460882409,0.553552727353467,0.999970328512666,0.999964811779299,0.999968801522114,0.00457820675835156,0.999998828691496,0.999970562628004,0.999972250413987,0.00498552828466064,0.999988826087284,0.00925930471523851,0.999974584352457,0.00498193496848606,0.0053027498994195,0.00585449175437697,0.00503966086045297,0.00497939960501215,0.00501142757816212,0.00536606235387057,0.00504848274189832,0.00503351216795748,0.00502221206280897,0.00518769343050011,0.00529863546148279,0.00516912692545861,0.999956001353417,0.00500775655930621,0.0054155091780948,0.00497824086991169,0.00496908316869562,0.00538966658468949,0.00498009940948181,0.00528155479807289,0.00503274662468416,0.00503077668271481,0.999972247319548,0.99994826609375,0.999954599105152,0.00522009272365625,0.999948623947789,0.00541550917819538,0.00514894944763817,0.00516859505524411,0.00503214356766549,0.0054281169218173,0.999972251044004,0.999960552681048,0.999971330420802,0.999969708464113,0.00507050074506851,0.999961299450051,0.999972231098527,0.999962976760985,0.999972169337445,0.99996488811874,0.00504825405997182,0.00499421269245056,0.999972233515802,0.999971200314374,0.999972230970984,0.999962577689146,0.999967989725781,0.999958246247564,0.999972240512966,0.999961283896321,0.00520138406418489,0.00496476726154494,0.00498663440605198,0.00513220756578319,0.00498312500034964,0.00509996959308709,0.999960131771538,0.00525117974025678,0.00531033171941882,0.999952891141855,0.00497226239507267,0.00497307672858231,0.999986508934414,0.999964288750022,0.496484366280381,0.00498663440742247,0.999971191577238,0.00498663437421422,0.999972230808951,0.99996299178464,0.999957664374858,0.999968356466353,0.999966945436796,0.999971880916548,0.999963494377023,0.99996014446634,0.999966042144946,0.999949550342521,0.999958306245006,0.999973458310732,0.999966911465575,0.999958112475197
